Timestamp,Phase,Bus_V_mV,Bus_I_mA,Bus_P_mW,Bat_V_mV,Bat_I_mA,Bat_Pct,Temp_C,CPU_%,Throttled,CPU_MHz,Cap_MHz,UV,Fan_RPM,Fan_PWM
14:16:24.799,active,15283,612,9374,16795,13,95,51.2,,No,2400,2400,0,3166,75
14:16:25.790,active,15311,516,7928,16790,0,95,52.4,10.4,No,2400,2400,0,3147,75
14:16:26.789,active,15314,688,10532,16787,-18,95,54.0,56.9,No,2400,2400,0,3112,75
14:16:27.790,active,15314,392,11902,16787,-18,95,54.0,56.8,No,2400,2400,0,3108,75
14:16:28.790,active,15271,686,10494,16788,-15,95,54.5,57.5,No,2400,2400,0,3113,75
14:16:29.789,active,15299,632,9972,16788,-15,95,55.1,57.2,No,2400,2400,0,3107,75
14:16:30.791,active,15271,664,10166,16787,-13,95,56.8,57.4,No,2400,2400,0,3095,75
14:16:31.789,active,15266,624,10204,16786,-16,95,57.3,57.3,No,2400,2400,0,3105,75
14:16:32.789,active,15260,680,10398,16787,-15,95,57.3,57.3,No,2400,2400,0,3103,75
14:16:33.789,active,15363,470,7252,16786,-15,95,56.8,53.2,No,2400,2400,0,3104,75
14:16:34.793,active,15303,752,7022,16788,-16,95,57.9,52.5,No,2400,2400,0,3093,75
14:16:35.789,active,15357,474,7310,16787,-17,95,57.3,51.5,No,2400,2400,0,3088,75
14:16:36.789,active,15365,492,7542,16788,-14,95,57.9,53.5,No,2400,2400,0,3086,75
14:16:37.789,active,15346,528,8140,16787,-17,95,58.4,52.4,No,2400,2400,0,3089,75
14:16:38.789,active,15352,458,7022,16787,-11,95,59.5,52.2,No,2400,2400,0,3091,75
14:16:39.789,active,15320,518,7620,16789,-10,95,58.4,51.9,No,2400,2400,0,3084,75
14:16:40.792,active,15314,486,7484,16788,-10,95,58.4,51.4,No,2400,2400,0,3093,75
14:16:41.793,active,15309,456,7040,16787,-12,95,59.0,51.8,No,2400,2400,0,3083,75
14:16:42.789,active,15305,762,9394,16788,-8,95,58.4,51.5,No,2400,2400,0,3088,75
14:16:43.789,active,15266,722,11072,16788,-9,95,59.0,57.8,No,2400,2400,0,3091,75
14:16:44.789,active,15283,660,10996,16787,-10,95,60.0,57.7,No,2400,2400,0,3088,75
14:16:45.789,active,15307,726,11130,16786,-13,95,60.0,58.1,No,2400,2400,0,4366,125
14:16:46.789,active,15271,718,11014,16786,-14,95,60.6,58.2,No,2400,2400,0,5129,125
14:16:47.790,active,15314,744,11420,16786,-12,95,59.5,57.4,No,2400,2400,0,5189,125
14:16:48.790,active,15307,706,10842,16785,-16,95,59.5,58.8,No,2400,2400,0,5192,125
14:16:49.789,active,15307,736,8980,16786,-13,95,59.5,59.1,No,2400,2400,0,5195,125
14:16:50.789,active,15303,708,10880,16788,-12,95,60.0,59.8,No,2400,2400,0,5199,125
14:16:51.789,active,15268,728,11150,16787,-8,95,61.1,59.7,No,2400,2400,0,5215,125
14:16:52.789,active,15264,764,11690,16786,-8,95,60.6,58.9,No,2400,2400,0,5232,125
14:16:53.789,active,15281,654,10030,16786,-8,95,61.1,59.8,No,2400,2400,0,5229,125
14:16:54.790,active,15266,702,14276,16787,-9,95,61.7,58.3,No,2400,2400,0,5247,125
14:16:55.790,active,15258,778,11922,16788,-8,95,60.0,59.9,No,2400,2400,0,5253,125
14:16:56.789,active,15271,684,11130,16787,-12,95,60.6,59.4,No,2400,2400,0,5264,125
14:16:57.789,active,15277,854,13078,16787,-8,95,61.1,59.9,No,2400,2400,0,5275,125
14:16:58.789,active,15279,1006,13002,16787,-8,95,61.1,59.0,No,2400,2400,0,5291,125
14:16:59.789,active,15303,938,14352,16786,-12,95,61.1,57.9,No,2400,2400,0,5291,125
14:17:00.792,active,15335,578,8874,16787,-8,95,61.7,58.5,No,2400,2400,0,5299,125
14:17:01.790,active,15348,522,7272,16788,-7,95,61.1,59.2,No,2400,2400,0,5305,125
14:17:02.796,active,15350,522,8024,16787,-5,95,60.6,58.6,No,2400,2400,0,5321,125
14:17:03.789,active,15320,484,8218,16788,0,95,60.6,54.8,No,2400,2400,0,5331,125
14:17:04.789,active,15314,470,7214,16787,-3,95,60.6,56.7,No,2400,2400,0,5334,125
14:17:05.792,active,15320,470,7214,16789,0,95,61.1,54.7,No,2400,2400,0,5347,125
14:17:06.793,active,15311,428,6578,16788,-5,95,61.7,56.3,No,2400,2400,0,5360,125
14:17:07.789,active,15314,650,9972,16789,-4,95,61.1,57.2,No,2400,2400,0,5356,125
14:17:08.789,active,15305,728,11002,16788,0,95,61.1,52.2,No,2400,2400,0,5375,125
14:17:09.791,active,15296,626,9606,16788,-4,95,60.6,51.2,No,2400,2400,0,5388,125
14:17:10.789,active,15301,792,12152,16788,0,95,59.5,51.8,No,2400,2400,0,5380,125
14:17:11.793,active,15301,756,11612,16788,-4,95,62.2,55.9,No,2400,2400,0,5375,125
14:17:12.793,active,15305,708,10860,16789,0,95,61.1,52.8,No,2400,2400,0,5388,125
14:17:13.789,active,15301,784,11554,16789,-4,95,61.7,52.9,No,2400,2400,0,5396,125
14:17:14.789,active,15303,696,10668,16788,0,95,61.7,52.1,No,2400,2400,0,5398,125
14:17:15.790,active,15294,710,8198,16788,0,95,60.6,54.0,No,2400,2400,0,5390,125
14:17:16.790,active,15303,554,8488,16788,0,95,60.6,54.8,No,2400,2400,0,5398,125
14:17:17.789,active,15249,928,14198,16788,0,95,61.1,56.0,No,2400,2400,0,5403,125
14:17:18.789,active,15283,770,13060,16788,-3,95,61.7,55.7,No,2400,2400,0,5408,125
14:17:19.793,active,15277,730,11188,16788,-5,95,61.1,54.1,No,2400,2400,0,5426,125
14:17:20.789,active,15271,950,10282,16789,0,95,61.1,51.3,No,2400,2400,0,5420,125
14:17:21.789,active,15303,714,10956,16787,-4,95,61.1,54.4,No,2400,2400,0,5431,125
14:17:22.793,active,15277,968,11844,16787,-6,95,61.1,52.9,No,2400,2400,0,5430,125
14:17:23.795,active,15303,672,10320,16789,0,95,61.1,54.8,No,2400,2400,0,5428,125
14:17:24.789,active,15294,642,9858,16789,0,95,61.7,51.7,No,2400,2400,0,5431,125
14:17:25.789,sleep,15296,532,8178,16790,6,95,57.9,3.5,No,2400,2400,0,5471,125
14:17:26.789,sleep,15290,534,8198,16791,9,95,56.8,0.2,No,2400,2400,0,5496,125
14:17:27.789,sleep,15294,394,7138,16791,8,95,56.8,0.0,No,2400,2400,0,5487,125
14:17:28.789,sleep,15296,460,7040,16790,5,95,56.2,0.0,No,2400,2400,0,5484,125
14:17:29.789,sleep,15299,138,2604,16790,8,95,55.1,-0.0,No,1500,2400,0,5497,125
14:17:30.789,sleep,15307,270,4146,16790,9,95,54.5,0.3,No,1500,2400,0,4407,75
14:17:31.789,sleep,15294,294,4514,16792,15,95,52.9,0.3,No,1500,2400,0,3494,75
14:17:32.789,sleep,15299,228,3490,16792,17,95,52.9,0.0,No,1500,2400,0,3366,75
14:17:33.789,sleep,15299,282,4320,16791,16,95,53.5,0.0,No,1500,2400,0,3344,75
14:17:34.789,sleep,15301,296,7368,16791,15,95,52.9,0.5,No,1500,2400,0,3330,75
14:17:35.789,sleep,15296,340,5228,16792,15,95,50.7,-0.0,No,1500,2400,0,3335,75
14:17:36.789,sleep,15296,420,6424,16791,14,95,51.2,0.3,No,1500,2400,0,3319,75
14:17:37.789,sleep,15299,294,4514,16790,12,95,51.8,-0.0,No,1500,2400,0,3320,75
14:17:38.789,sleep,15299,444,6790,16792,12,95,51.2,0.0,No,1500,2400,0,3312,75
14:17:39.789,sleep,15292,294,4494,16791,8,95,51.2,0.3,No,1500,2400,0,3300,75
14:17:40.793,active,15305,402,6192,16787,-11,95,56.2,57.9,No,2400,2400,0,3271,75
14:17:41.789,active,15309,628,6964,16788,-13,95,57.9,56.2,No,2400,2400,0,3252,75
14:17:42.790,active,15303,438,6752,16786,-13,95,57.9,58.0,No,2400,2400,0,3241,75
14:17:43.794,active,15305,630,6810,16787,-9,95,58.4,57.2,No,2400,2400,0,3246,75
14:17:44.789,active,15268,972,14892,16786,-10,95,59.5,59.8,No,2400,2400,0,3238,75
14:17:45.789,active,15288,812,12424,16788,-9,95,59.5,59.5,No,2400,2400,0,3226,75
14:17:46.793,active,15314,658,10620,16787,-9,95,60.6,58.2,No,2400,2400,0,3233,75
14:17:47.789,active,15266,706,10842,16787,-9,95,61.7,58.7,No,2400,2400,0,3253,125
14:17:48.789,active,15281,876,12210,16787,-9,95,62.2,58.6,No,2400,2400,0,5155,125
14:17:49.794,active,15292,884,13542,16787,-10,95,61.1,58.5,No,2400,2400,0,5337,125
14:17:50.789,active,15281,754,11034,16788,-6,95,60.0,58.7,No,2400,2400,0,5343,125
14:17:51.789,active,15305,700,10726,16789,-5,95,60.6,59.5,No,2400,2400,0,5339,125
14:17:52.789,active,15301,732,11440,16788,-6,95,60.6,52.2,No,2400,2400,0,5342,125
14:17:53.789,active,15307,446,12152,16788,-4,95,61.1,52.3,No,2400,2400,0,5342,125
14:17:54.789,active,15271,796,12192,16786,-5,95,61.7,51.7,No,2400,2400,0,5360,125
14:17:55.789,active,15288,740,13850,16788,-7,95,61.1,51.1,No,2400,2400,0,5362,125
14:17:56.793,active,15245,880,13446,16789,-6,95,61.1,51.9,No,2400,2400,0,5374,125
14:17:57.792,active,15279,962,14352,16789,0,95,60.0,51.4,No,2400,2400,0,5373,125
14:17:58.789,active,15273,728,11130,16789,0,95,61.7,53.7,No,2400,2400,0,5382,125
14:17:59.793,active,15266,720,11034,16787,-5,95,62.2,59.3,No,2400,2400,0,5380,125
14:18:00.793,active,15279,740,11324,16786,-6,95,62.2,58.8,No,2400,2400,0,5394,125
14:18:01.789,active,15262,872,13368,16787,-9,95,62.2,59.1,No,2400,2400,0,5391,125
14:18:02.789,active,15299,720,8120,16788,-7,95,62.2,57.9,No,2400,2400,0,5397,125
14:18:03.790,active,15299,630,9664,16788,-9,95,62.8,60.0,No,2400,2400,0,5408,125
14:18:04.793,active,15301,492,7562,16787,-10,95,61.1,58.0,No,2400,2400,0,5401,125
14:18:05.789,active,15357,450,6924,16787,-8,95,61.7,60.2,No,2400,2400,0,5406,125
14:18:06.789,active,15301,458,7040,16787,-7,95,62.2,59.2,No,2400,2400,0,5427,125
14:18:07.793,active,15341,506,7792,16788,-7,95,62.8,58.7,No,2400,2400,0,5426,125
14:18:08.789,active,15361,492,7562,16788,-7,95,62.8,58.1,No,2400,2400,0,5423,125
14:18:09.793,active,15331,520,9778,16788,-4,95,62.8,57.9,No,2400,2400,0,5438,125
14:18:10.793,active,15296,536,8256,16789,-3,95,62.8,59.6,No,2400,2400,0,5434,125
14:18:11.796,active,15307,680,10436,16788,0,95,63.4,59.3,No,2400,2400,0,5427,125
14:18:12.789,active,15309,698,10706,16789,0,95,61.7,58.2,No,2400,2400,0,5436,125
14:18:13.789,active,15277,658,10088,16788,-4,95,63.4,59.4,No,2400,2400,0,5439,125
14:18:14.793,active,15303,714,10938,16789,0,95,62.8,59.5,No,2400,2400,0,5436,125
14:18:15.789,active,15299,764,11710,16788,0,95,62.8,54.8,No,2400,2400,0,5431,125
14:18:16.789,active,15296,738,11324,16787,-3,95,61.7,54.6,No,2400,2400,0,5450,125
14:18:17.794,active,15303,670,10262,16787,-5,95,62.8,54.9,No,2400,2400,0,5447,125
14:18:18.789,active,15296,756,9548,16788,0,95,61.1,57.8,No,2400,2400,0,5452,125
14:18:19.789,active,15307,750,11498,16789,0,95,61.7,57.0,No,2400,2400,0,5458,125
14:18:20.789,active,15309,902,13812,16788,-3,95,62.2,52.0,No,2400,2400,0,5468,125
14:18:21.789,active,15258,830,12694,16787,0,95,62.8,51.9,No,2400,2400,0,5470,125
14:18:22.789,active,15241,890,13620,16787,0,95,62.8,51.5,No,2400,2400,0,5467,125
14:18:23.790,active,15256,904,13832,16787,-3,95,62.2,51.4,No,2400,2400,0,5477,125
14:18:24.793,active,15260,736,11266,16788,0,95,61.7,51.4,No,2400,2400,0,5473,125
14:18:25.789,active,15256,906,12590,16789,3,95,61.1,51.4,No,2400,2400,0,5476,125
14:18:26.789,active,15260,678,10398,16789,0,95,61.7,51.8,No,2400,2400,0,5477,125
14:18:27.789,active,15258,936,10262,16789,4,95,62.2,52.2,No,2400,2400,0,5483,125
14:18:28.789,active,15251,752,11554,16788,3,95,62.8,53.4,No,2400,2400,0,5489,125
14:18:29.789,active,15344,546,8392,16788,0,95,62.8,54.5,No,2400,2400,0,5483,125
14:18:30.789,active,15337,524,8064,16788,0,95,62.2,52.2,No,2400,2400,0,5476,125
14:18:31.793,active,15329,548,8410,16788,0,95,63.9,52.0,No,2400,2400,0,5472,125
14:18:32.789,active,15316,572,7752,16788,0,95,61.1,51.2,No,2400,2400,0,5475,125
14:18:33.789,active,15316,518,7948,16788,0,95,61.7,52.2,No,2400,2400,0,5490,125
14:18:34.789,active,15311,536,11112,16788,0,95,62.2,52.2,No,2400,2400,0,5493,125
14:18:35.793,active,15303,476,7310,16789,0,95,61.7,51.9,No,2400,2400,0,5493,125
14:18:36.789,active,15324,528,11150,16790,4,95,62.8,54.1,No,2400,2400,0,5496,125
14:18:37.789,active,15303,786,12056,16790,3,95,62.8,54.0,No,2400,2400,0,5493,125
14:18:38.794,active,15301,706,10822,16788,0,95,62.2,52.8,No,2400,2400,0,5490,125
14:18:39.789,active,15299,744,8334,16788,0,95,63.9,54.8,No,2400,2400,0,5495,125
14:18:40.789,sleep,15299,498,7658,16790,8,95,59.5,6.8,No,2400,2400,0,5537,125
14:18:41.789,sleep,15301,550,8082,16792,15,95,57.9,0.5,No,2400,2400,0,5524,125
14:18:42.789,sleep,15299,538,8236,16792,17,95,57.3,0.0,No,2400,2400,0,5542,125
14:18:43.789,sleep,15296,510,6076,16791,11,95,56.8,-0.0,No,2400,2400,0,5536,125
14:18:44.789,sleep,15301,532,8160,16790,9,95,56.2,0.0,No,2400,2400,0,5533,125
14:18:45.789,sleep,15301,396,6790,16790,12,95,55.1,0.3,No,1500,2400,0,5542,125
14:18:46.789,sleep,15299,556,8526,16792,17,95,54.5,0.0,No,1500,2400,0,5547,125
14:18:47.789,sleep,15299,438,6712,16793,17,95,55.1,0.3,No,1500,2400,0,4110,75
14:18:48.789,sleep,15296,480,5014,16792,19,95,53.5,-0.0,No,1500,2400,0,3493,75
14:18:49.789,sleep,15296,532,8178,16792,16,95,53.5,0.0,No,1500,2400,0,3401,75
14:18:50.789,sleep,15283,422,5420,16792,15,95,52.4,0.3,No,1500,2400,0,3367,75
14:18:51.789,sleep,15299,496,7620,16791,16,95,52.9,0.0,No,1500,2400,0,3358,75
14:18:52.789,sleep,15299,424,9144,16794,16,95,52.9,0.3,No,1500,2400,0,3371,75
14:18:53.789,sleep,15294,524,8044,16793,14,95,52.9,0.0,No,1500,2400,0,3352,75
14:18:54.789,sleep,15299,702,8468,16794,16,95,53.5,-0.0,No,1500,2400,0,3345,75
14:18:55.789,active,15301,654,10012,16788,0,95,56.8,53.8,No,2400,2400,0,3320,75
14:18:56.789,active,15303,374,5728,16787,-6,95,57.9,51.7,No,2400,2400,0,3315,75
14:18:57.791,active,15350,460,10088,16787,-6,95,59.5,57.0,No,2400,2400,0,3305,75
14:18:58.792,active,15309,480,7350,16788,-3,95,59.0,58.1,No,2400,2400,0,3297,75
14:18:59.790,active,15311,598,11112,16789,0,95,59.5,59.4,No,2400,2400,0,3276,75
14:19:00.789,active,15314,604,9298,16789,-4,95,59.5,58.2,No,2400,2400,0,4125,125
14:19:01.789,active,15307,498,13156,16789,0,95,60.0,56.8,No,2400,2400,0,5313,125
14:19:02.789,active,15249,602,9202,16789,0,95,61.1,52.3,No,2400,2400,0,5406,125
14:19:03.789,active,15309,926,14160,16789,0,95,61.7,51.5,No,2400,2400,0,5415,125
14:19:04.789,active,15256,850,13002,16788,0,95,60.6,51.4,No,2400,2400,0,5419,125
14:19:05.793,active,15301,582,8950,16789,3,95,59.5,51.5,No,2400,2400,0,5400,125
14:19:06.794,active,15296,736,8468,16788,0,95,60.6,51.4,No,2400,2400,0,5408,125
14:19:07.789,active,15352,544,8372,16789,0,95,60.0,52.0,No,2400,2400,0,5424,125
14:19:08.789,active,15335,506,7504,16789,0,95,60.6,52.6,No,2400,2400,0,5417,125
14:19:09.792,active,15350,586,9028,16788,0,95,61.7,52.6,No,2400,2400,0,5422,125
14:19:10.793,active,15350,560,7716,16789,0,95,61.1,52.4,No,2400,2400,0,5414,125
14:19:11.789,active,15322,502,7696,16789,0,95,60.6,53.2,No,2400,2400,0,5417,125
14:19:12.793,active,15339,514,7870,16789,0,95,62.2,54.7,No,2400,2400,0,5428,125
14:19:13.792,active,15357,516,7948,16790,3,95,61.1,55.6,No,2400,2400,0,5432,125
14:19:14.789,active,15264,708,10860,16790,4,95,61.1,54.7,No,2400,2400,0,5437,125
14:19:15.793,active,15273,926,10320,16788,0,95,63.4,56.9,No,2400,2400,0,5449,125
14:19:16.793,active,15299,686,10514,16788,0,95,62.8,59.9,No,2400,2400,0,5446,125
14:19:17.789,active,15275,798,11690,16788,-3,95,62.8,59.6,No,2400,2400,0,5455,125
14:19:18.790,active,15311,720,11054,16791,0,95,61.1,58.6,No,2400,2400,0,5446,125
14:19:19.793,active,15288,972,10784,16790,0,95,62.2,59.4,No,2400,2400,0,5447,125
14:19:20.790,active,15307,774,11882,16789,-4,95,61.1,58.3,No,2400,2400,0,5459,125
14:19:21.789,active,15314,712,11054,16789,0,95,62.8,59.6,No,2400,2400,0,5450,125
14:19:22.793,active,15273,972,14874,16788,0,95,62.8,59.2,No,2400,2400,0,5458,125
14:19:23.789,active,15311,782,11980,16788,-3,95,63.4,57.3,No,2400,2400,0,5464,125
14:19:24.789,active,15307,516,13350,16789,0,95,62.8,58.8,No,2400,2400,0,5468,125
14:19:25.789,active,15307,746,11420,16790,0,95,62.8,57.9,No,2400,2400,0,5467,125
14:19:26.790,active,15307,488,12346,16789,0,95,62.2,54.9,No,2400,2400,0,5477,125
14:19:27.789,active,15256,940,14390,16788,0,95,61.7,54.8,No,2400,2400,0,5470,125
14:19:28.789,active,15264,756,14642,16788,0,95,61.7,56.0,No,2400,2400,0,5477,125
14:19:29.789,active,15251,812,12424,16789,0,95,62.8,55.7,No,2400,2400,0,5475,125
14:19:30.793,active,15256,798,14506,16790,4,95,63.4,59.8,No,2400,2400,0,5477,125
14:19:31.789,active,15260,888,13580,16790,0,95,62.2,53.1,No,2400,2400,0,5480,125
14:19:32.789,active,15301,518,7966,16789,3,95,62.8,52.3,No,2400,2400,0,5483,125
14:19:33.790,active,15324,472,7484,16788,0,95,62.8,53.1,No,2400,2400,0,5493,125
14:19:34.789,active,15296,492,7562,16788,0,95,61.7,55.0,No,2400,2400,0,5477,125
14:19:35.789,active,15301,714,8198,16789,0,95,62.2,54.9,No,2400,2400,0,5475,125
14:19:36.789,active,15331,490,7542,16789,0,95,62.8,54.7,No,2400,2400,0,5488,125
14:19:37.793,active,15344,542,8044,16790,0,95,63.4,53.0,No,2400,2400,0,5491,125
14:19:38.789,active,15320,436,6712,16789,0,95,62.2,54.8,No,2400,2400,0,5491,125
14:19:39.793,active,15350,576,7908,16789,0,95,63.4,53.5,No,2400,2400,0,5492,125
14:19:40.790,active,15307,546,8392,16790,0,95,62.8,52.7,No,2400,2400,0,5496,125
14:19:41.789,active,15275,762,11710,16789,3,95,63.4,53.0,No,2400,2400,0,5495,125
14:19:42.789,active,15307,702,11276,16789,0,95,61.7,52.6,No,2400,2400,0,5500,125
14:19:43.789,active,15299,752,11554,16789,0,95,62.8,52.0,No,2400,2400,0,5503,125
14:19:44.793,active,15301,804,10648,16789,3,95,62.8,51.7,No,2400,2400,0,5499,125
14:19:45.789,active,15296,806,12366,16789,0,95,62.8,51.3,No,2400,2400,0,5501,125
14:19:46.789,active,15296,706,11440,16788,0,95,62.8,51.4,No,2400,2400,0,5504,125
14:19:47.790,active,15301,768,11786,16789,0,95,61.1,51.7,No,2400,2400,0,5509,125
14:19:48.789,active,15296,674,9684,16790,0,95,62.8,54.1,No,2400,2400,0,5505,125
14:19:49.789,active,15299,752,11536,16788,0,95,62.8,54.4,No,2400,2400,0,5505,125
14:19:50.789,active,15309,690,10552,16787,0,95,63.4,53.7,No,2400,2400,0,5500,125
14:19:51.793,active,15251,796,12152,16788,-3,95,63.4,52.1,No,2400,2400,0,5504,125
14:19:52.789,active,15320,826,12636,16790,0,95,62.2,53.1,No,2400,2400,0,5502,125
14:19:53.790,active,15266,658,10070,16788,-3,95,62.8,54.6,No,2400,2400,0,5505,125
14:19:54.790,active,15249,998,15278,16788,-6,95,63.4,53.6,No,2400,2400,0,5507,125
14:19:55.789,sleep,15294,540,8020,16791,9,95,59.5,7.3,No,2400,2400,0,5536,125
14:19:56.789,sleep,15294,458,7022,16790,14,95,57.9,0.0,No,2400,2400,0,5543,125
14:19:57.789,sleep,15288,516,7652,16791,12,95,57.3,-0.0,No,2400,2400,0,5555,125
14:19:58.789,sleep,15296,472,7252,16792,15,95,56.8,0.0,No,2400,2400,0,5552,125
14:19:59.789,sleep,15299,736,8334,16791,10,95,56.8,0.2,No,2400,2400,0,5555,125
14:20:00.789,sleep,15296,542,8314,16791,14,95,55.6,0.3,No,1500,2400,0,5555,125
14:20:01.789,sleep,15294,470,7214,16791,14,95,54.0,0.3,No,1500,2400,0,5551,125
14:20:02.789,sleep,15292,472,7252,16792,17,95,54.0,0.0,No,1500,2400,0,5541,125
14:20:03.789,sleep,15296,492,7542,16793,16,95,53.5,0.3,No,1500,2400,0,3865,75
14:20:04.789,sleep,15299,330,5054,16793,17,95,54.5,-0.0,No,1500,2400,0,3458,75
14:20:05.789,sleep,15294,400,6134,16793,16,95,54.0,0.0,No,1500,2400,0,3388,75
14:20:06.789,sleep,15299,390,5998,16793,20,95,52.9,0.3,No,1500,2400,0,3372,75
14:20:07.789,sleep,15292,382,5864,16792,19,95,51.8,-0.0,No,1500,2400,0,3370,75
14:20:08.789,sleep,15296,240,8546,16792,17,95,51.8,0.0,No,1500,2400,0,3377,75
14:20:09.789,sleep,15296,376,5768,16792,14,95,52.4,0.3,No,1500,2400,0,3369,75
14:20:10.793,active,15268,878,10012,16790,3,95,57.3,57.5,No,2400,2400,0,3322,75
14:20:11.793,active,15305,700,10726,16789,-3,95,57.9,58.4,No,2400,2400,0,3317,75
14:20:12.789,active,15305,770,11266,16788,0,95,59.5,59.3,No,2400,2400,0,3314,75
14:20:13.792,active,15303,732,11226,16788,0,95,60.0,58.8,No,2400,2400,0,3292,75
14:20:14.792,active,15305,656,10552,16788,-6,95,59.5,56.9,No,2400,2400,0,4803,125
14:20:15.790,active,15301,708,10860,16789,0,95,59.5,58.5,No,2400,2400,0,5390,125
14:20:16.789,active,15307,520,10262,16789,-3,95,61.1,58.2,No,2400,2400,0,5423,125
14:20:17.789,active,15264,692,10976,16788,-8,95,60.6,59.1,No,2400,2400,0,5429,125
14:20:18.789,active,15281,692,10610,16788,-5,95,61.7,58.8,No,2400,2400,0,5418,125
14:20:19.789,active,15268,822,12694,16788,0,95,61.1,57.9,No,2400,2400,0,5422,125
14:20:20.792,active,15279,830,12694,16788,0,95,61.7,57.6,No,2400,2400,0,5417,125
14:20:21.795,active,15256,730,10938,16789,0,95,61.1,58.0,No,2400,2400,0,5435,125
14:20:22.789,active,15279,800,12268,16789,0,95,61.1,57.9,No,2400,2400,0,5430,125
14:20:23.789,active,15275,718,14236,16790,0,95,62.2,60.0,No,2400,2400,0,5437,125
14:20:24.791,active,15266,988,15124,16790,5,95,62.2,59.1,No,2400,2400,0,5443,125
14:20:25.793,active,15281,766,11440,16789,3,95,62.8,59.6,No,2400,2400,0,5441,125
14:20:26.789,active,15344,522,7788,16788,0,95,62.2,58.2,No,2400,2400,0,5444,125
14:20:27.789,active,15299,544,8352,16788,0,95,62.2,59.3,No,2400,2400,0,5444,125
14:20:28.793,active,15348,518,8734,16788,0,95,62.2,58.3,No,2400,2400,0,5447,125
14:20:29.789,active,15348,474,7292,16789,0,95,62.2,58.4,No,2400,2400,0,5449,125
14:20:30.789,active,15324,492,7234,16788,0,95,62.8,58.9,No,2400,2400,0,5455,125
14:20:31.792,active,15337,426,6538,16788,0,95,62.8,58.1,No,2400,2400,0,5470,125
14:20:32.789,active,15320,458,10398,16788,0,95,63.4,59.1,No,2400,2400,0,5454,125
14:20:33.789,active,15316,464,7118,16789,0,95,63.9,59.9,No,2400,2400,0,5463,125
14:20:34.793,active,15331,490,10668,16788,0,95,63.4,58.5,No,2400,2400,0,5459,125
14:20:35.793,active,15303,700,10744,16788,0,95,62.2,58.5,No,2400,2400,0,5458,125
14:20:36.790,active,15279,684,10514,16788,-6,95,62.2,59.1,No,2400,2400,0,5455,125
14:20:37.789,active,15301,678,10398,16789,-6,95,62.2,57.1,No,2400,2400,0,5468,125
14:20:38.789,active,15301,662,10146,16787,0,95,62.8,55.1,No,2400,2400,0,5471,125
14:20:39.793,active,15296,768,11786,16787,0,95,62.8,55.1,No,2400,2400,0,5466,125
14:20:40.789,active,15299,522,8006,16787,-4,95,62.2,54.6,No,2400,2400,0,5494,125
14:20:41.793,active,15299,734,7426,16788,-5,95,62.8,61.1,No,2400,2400,0,5484,125
14:20:42.790,active,15299,538,8276,16788,-5,95,62.8,53.4,No,2400,2400,0,5479,125
14:20:43.789,active,15290,698,8276,16788,-4,95,61.7,51.4,No,2400,2400,0,5486,125
14:20:44.789,active,15258,954,14584,16788,0,95,62.2,52.2,No,2400,2400,0,5492,125
14:20:45.792,active,15245,852,13022,16788,-3,95,61.7,53.1,No,2400,2400,0,5483,125
14:20:46.793,active,15279,840,12848,16788,-3,95,62.8,53.0,No,2400,2400,0,5483,125
14:20:47.789,active,15258,836,12808,16789,0,95,62.8,52.1,No,2400,2400,0,5478,125
14:20:48.790,active,15277,908,13908,16790,0,95,63.4,53.2,No,2400,2400,0,5488,125
14:20:49.793,active,15260,682,10474,16789,0,95,62.8,54.1,No,2400,2400,0,5498,125
14:20:50.789,active,15264,924,14140,16789,0,95,62.8,54.8,No,2400,2400,0,5497,125
14:20:51.789,active,15273,740,11342,16789,0,95,62.2,52.8,No,2400,2400,0,5498,125
14:20:52.792,active,15307,766,11768,16789,5,95,62.8,52.2,No,2400,2400,0,5499,125
14:20:53.789,active,15311,542,8334,16788,0,95,63.4,53.4,No,2400,2400,0,5501,125
14:20:54.789,active,15316,588,8892,16789,4,95,63.4,50.9,No,2400,2400,0,5506,125
14:20:55.790,active,15318,516,7908,16788,0,95,63.4,56.1,No,2400,2400,0,5497,125
14:20:56.794,active,15322,530,6538,16788,0,95,62.8,54.6,No,2400,2400,0,5495,125
14:20:57.789,active,15307,536,8236,16788,0,95,62.2,53.7,No,2400,2400,0,5503,125
14:20:58.789,active,15316,758,9934,16788,0,95,63.9,54.7,No,2400,2400,0,5510,125
14:20:59.789,active,15303,424,6520,16789,-3,95,62.8,52.2,No,2400,2400,0,5507,125
14:21:00.789,active,15299,764,11690,16788,-3,95,63.4,51.5,No,2400,2400,0,5506,125
14:21:01.789,active,15290,696,10686,16788,0,95,62.2,53.5,No,2400,2400,0,5510,125
14:21:02.790,active,15303,730,11188,16788,0,95,62.2,51.4,No,2400,2400,0,5510,125
14:21:03.792,active,15301,774,10050,16788,0,95,62.2,55.1,No,2400,2400,0,5511,125
14:21:04.789,active,15299,754,11554,16789,0,95,62.2,54.0,No,2400,2400,0,5518,125
14:21:05.789,active,15292,666,7484,16789,0,95,62.8,52.2,No,2400,2400,0,5511,125
14:21:06.790,active,15357,562,8662,16790,0,95,63.4,52.5,No,2400,2400,0,5530,125
14:21:07.793,active,15299,632,9066,16789,0,95,62.8,51.4,No,2400,2400,0,5531,125
14:21:08.789,active,15341,400,6154,16788,0,95,62.8,52.0,No,2400,2400,0,5498,125
14:21:09.789,active,15294,748,7792,16787,0,95,61.7,52.4,No,2400,2400,0,5509,125
14:21:10.789,sleep,15294,502,7678,16790,3,95,59.5,9.0,No,2400,2400,0,5551,125
14:21:11.789,sleep,15292,498,7638,16791,10,95,58.4,0.3,No,2400,2400,0,5557,125
14:21:12.789,sleep,15301,566,8680,16791,13,95,57.3,0.0,No,2400,2400,0,5553,125
14:21:13.789,sleep,15290,454,6964,16789,10,95,56.8,-0.0,No,2400,2400,0,5559,125
14:21:14.789,sleep,15292,552,6420,16790,9,95,56.8,0.0,No,2400,2400,0,5572,125
14:21:15.789,sleep,15292,422,6482,16791,11,95,55.6,-0.0,No,1500,2400,0,5576,125
14:21:16.789,sleep,15292,434,5632,16791,13,95,54.5,0.2,No,1500,2400,0,5582,125
14:21:17.789,sleep,15290,532,8160,16791,12,95,54.0,0.0,No,1500,2400,0,5364,75
14:21:18.789,sleep,15299,476,8758,16792,16,95,53.5,0.5,No,1500,2400,0,3689,75
14:21:19.789,sleep,15292,284,4340,16791,13,95,53.5,0.0,No,1500,2400,0,3435,75
14:21:20.789,sleep,15299,320,4918,16791,12,95,52.9,-0.0,No,1500,2400,0,3403,75
14:21:21.789,sleep,15296,364,5574,16792,12,95,52.9,1.0,No,1600,2400,0,3386,75
14:21:22.789,sleep,15290,612,9374,16793,14,95,52.4,0.5,No,1500,2400,0,3400,75
14:21:23.789,sleep,15290,308,4726,16793,13,95,52.9,0.5,No,1500,2400,0,3389,75
14:21:24.789,sleep,15294,492,7542,16792,17,95,52.4,0.0,No,1500,2400,0,3383,75
14:21:25.789,active,15307,500,7678,16789,4,95,56.2,51.0,No,2400,2400,0,3338,75
14:21:26.789,active,15305,818,12520,16789,0,95,57.9,52.3,No,2400,2400,0,3311,75
14:21:27.793,active,15245,542,8294,16789,-4,95,58.4,51.9,No,2400,2400,0,3322,75
14:21:28.789,active,15318,740,11342,16788,-4,95,59.5,57.4,No,2400,2400,0,3306,75
14:21:29.793,active,15253,620,9472,16788,-6,95,60.0,58.7,No,2400,2400,0,3293,75
14:21:30.790,active,15309,714,10938,16788,-4,95,60.0,59.8,No,2400,2400,0,5085,125
14:21:31.790,active,15301,740,10532,16788,-3,95,61.7,57.6,No,2400,2400,0,5411,125
14:21:32.789,active,15294,686,10514,16789,-4,95,60.6,58.6,No,2400,2400,0,5433,125
14:21:33.789,active,15299,738,10976,16789,-3,95,61.1,58.6,No,2400,2400,0,5419,125
14:21:34.789,active,15301,684,10514,16789,-7,95,61.7,59.3,No,2400,2400,0,5426,125
14:21:35.789,active,15299,794,6636,16788,-7,95,62.8,59.7,No,2400,2400,0,5432,125
14:21:36.790,active,15301,730,11208,16787,-8,95,61.7,59.1,No,2400,2400,0,5428,125
14:21:37.790,active,15290,804,7272,16787,-5,95,61.1,59.7,No,2400,2400,0,5441,125
14:21:38.789,active,15271,778,10130,16787,-7,95,61.1,58.9,No,2400,2400,0,5437,125
14:21:39.789,active,15286,914,14004,16787,-6,95,62.2,60.1,No,2400,2400,0,5426,125
14:21:40.789,active,15279,988,11130,16789,-5,95,62.8,58.9,No,2400,2400,0,5434,125
14:21:41.789,active,15266,786,12076,16788,-9,95,62.8,59.8,No,2400,2400,0,5434,125
14:21:42.792,active,15260,908,10898,16787,-8,95,62.8,58.2,No,2400,2400,0,5445,125
14:21:43.793,active,15262,660,10146,16787,-8,95,62.8,59.1,No,2400,2400,0,5453,125
14:21:44.793,active,15279,900,9606,16787,-9,95,62.8,59.6,No,2400,2400,0,5446,125
14:21:45.789,active,15303,630,9664,16787,-7,95,61.7,58.1,No,2400,2400,0,5444,125
14:21:46.789,active,15279,764,10416,16787,-10,95,62.8,59.6,No,2400,2400,0,5440,125
14:21:47.792,active,15303,756,11612,16786,-11,95,63.4,58.3,No,2400,2400,0,5450,125
14:21:48.793,active,15316,662,10146,16787,-4,95,63.4,55.3,No,2400,2400,0,5462,125
14:21:49.789,active,15305,486,13610,16787,0,95,62.8,54.3,No,2400,2400,0,5462,125
14:21:50.789,active,15309,760,11612,16789,0,95,62.8,54.3,No,2400,2400,0,5471,125
14:21:51.789,active,15311,544,12980,16789,-4,95,61.1,54.6,No,2400,2400,0,5461,125
14:21:52.789,active,15311,740,11304,16790,-6,95,61.7,58.5,No,2400,2400,0,5475,125
14:21:53.789,active,15268,592,11922,16788,-4,95,62.2,52.3,No,2400,2400,0,5461,125
14:21:54.789,active,15311,970,14816,16787,-7,95,62.8,52.6,No,2400,2400,0,5496,125
14:21:55.789,active,15264,736,14410,16788,0,95,62.2,51.3,No,2400,2400,0,5479,125
14:21:56.789,active,15322,540,14314,16787,0,95,61.7,51.5,No,2400,2400,0,5483,125
14:21:57.793,active,15303,504,7736,16788,0,95,63.4,51.7,No,2400,2400,0,5491,125
14:21:58.795,active,15352,434,6694,16790,-3,95,62.2,51.0,No,2400,2400,0,5489,125
14:21:59.789,active,15294,520,7986,16790,0,95,61.7,51.7,No,2400,2400,0,5488,125
14:22:00.789,active,15346,514,7890,16788,0,95,62.2,52.2,No,2400,2400,0,5500,125
14:22:01.793,active,15299,502,7736,16788,0,95,62.2,53.9,No,2400,2400,0,5489,125
14:22:02.789,active,15307,476,7310,16788,0,95,62.8,53.6,No,2400,2400,0,5476,125
14:22:03.789,active,15350,490,7522,16788,-3,95,62.8,53.6,No,2400,2400,0,5483,125
14:22:04.790,active,15329,446,6866,16788,0,95,62.2,53.9,No,2400,2400,0,5491,125
14:22:05.794,active,15341,490,7504,16788,0,95,62.2,51.4,No,2400,2400,0,5477,125
14:22:06.789,active,15277,840,11400,16788,0,95,61.1,52.6,No,2400,2400,0,5496,125
14:22:07.789,active,15305,704,10802,16788,-4,95,62.2,54.1,No,2400,2400,0,5487,125
14:22:08.793,active,15266,916,9972,16788,-3,95,63.4,53.8,No,2400,2400,0,5488,125
14:22:09.789,active,15305,772,11824,16787,-3,95,62.8,53.1,No,2400,2400,0,5494,125
14:22:10.789,active,15279,578,10494,16788,0,95,61.7,52.4,No,2400,2400,0,5508,125
14:22:11.790,active,15301,770,11806,16788,0,95,61.7,53.6,No,2400,2400,0,5510,125
14:22:12.794,active,15301,740,11324,16788,-3,95,62.8,55.2,No,2400,2400,0,5506,125
14:22:13.789,active,15292,814,12500,16788,0,95,62.2,53.9,No,2400,2400,0,5512,125
14:22:14.789,active,15301,792,12152,16788,0,95,62.8,52.2,No,2400,2400,0,5516,125
14:22:15.793,active,15305,504,12114,16786,-5,95,63.4,51.8,No,2400,2400,0,5498,125
14:22:16.789,active,15245,888,13580,16787,-3,95,62.2,51.5,No,2400,2400,0,5504,125
14:22:17.789,active,15303,498,13310,16789,0,95,62.8,51.6,No,2400,2400,0,5490,125
14:22:18.793,active,15236,782,11940,16789,0,95,62.8,52.0,No,2400,2400,0,5499,125
14:22:19.794,active,15294,704,13562,16788,-5,95,61.7,52.0,No,2400,2400,0,5507,125
14:22:20.789,active,15271,764,11690,16787,-3,95,62.8,55.8,No,2400,2400,0,5511,125
14:22:21.793,active,15275,782,10706,16787,-3,95,63.9,56.7,No,2400,2400,0,5503,125
14:22:22.793,active,15256,802,12268,16787,-4,95,63.4,56.9,No,2400,2400,0,5508,125
14:22:23.789,active,15273,774,13118,16788,0,95,62.8,56.9,No,2400,2400,0,5514,125
14:22:24.790,active,15296,852,8448,16788,0,95,62.8,56.3,No,2400,2400,0,5502,125
14:22:25.789,sleep,15294,532,8178,16790,6,95,59.5,13.8,No,2400,2400,0,5554,125
14:22:26.789,sleep,15299,558,7214,16790,12,95,57.9,0.0,No,2400,2400,0,5550,125
14:22:27.789,sleep,15301,464,7118,16790,12,95,57.9,0.0,No,2400,2400,0,5550,125
14:22:28.789,sleep,15292,470,8120,16790,9,95,57.9,0.0,No,2400,2400,0,5566,125
14:22:29.789,sleep,15296,464,7118,16790,6,95,56.8,0.0,No,2400,2400,0,5551,125
14:22:30.789,sleep,15290,384,5960,16792,10,95,56.2,0.5,No,1500,2400,0,4509,75
14:22:31.789,sleep,15294,578,8854,16790,15,95,55.1,0.0,No,1500,2400,0,3557,75
14:22:32.789,sleep,15299,752,9510,16791,10,95,55.1,0.0,No,1500,2400,0,3412,75
14:22:33.789,sleep,15294,468,5324,16790,10,95,54.5,0.0,No,1500,2400,0,3382,75
14:22:34.789,sleep,15292,382,5864,16792,12,95,54.0,0.3,No,1500,2400,0,3391,75
14:22:35.789,sleep,15292,382,4282,16793,15,95,52.9,0.3,No,1500,2400,0,3390,75
14:22:36.789,sleep,15296,236,3606,16792,12,95,52.9,-0.0,No,1500,2400,0,3375,75
14:22:37.789,sleep,15294,410,8256,16792,14,95,52.9,0.0,No,1500,2400,0,3370,75
14:22:38.789,sleep,15299,358,5498,16791,15,95,52.4,0.3,No,1500,2400,0,3373,75
14:22:39.789,sleep,15296,362,6404,16791,14,95,52.4,0.0,No,1500,2400,0,3349,75
14:22:40.789,active,15292,824,12636,16788,0,95,56.8,51.3,No,2400,2400,0,3330,75
14:22:41.793,active,15311,648,9278,16787,-8,95,58.4,59.1,No,2400,2400,0,3288,75
14:22:42.793,active,15260,686,12818,16788,-5,95,59.0,59.1,No,2400,2400,0,3289,75
14:22:43.789,active,15314,860,13136,16788,-4,95,60.0,58.3,No,2400,2400,0,3285,75
14:22:44.789,active,15262,656,12886,16787,-6,95,60.0,59.1,No,2400,2400,0,3361,125
14:22:45.796,active,15260,864,13234,16788,-3,95,60.0,58.5,No,2400,2400,0,5245,125
14:22:46.790,active,15260,702,12866,16789,0,95,60.6,58.6,No,2400,2400,0,5406,125
14:22:47.789,active,15264,774,11864,16789,-3,95,60.6,58.8,No,2400,2400,0,5427,125
14:22:48.789,active,15273,696,13350,16788,-6,95,61.1,60.4,No,2400,2400,0,5415,125
14:22:49.793,active,15286,692,10590,16788,0,95,61.1,59.4,No,2400,2400,0,5410,125
14:22:50.789,active,15281,680,13388,16789,0,95,61.7,58.6,No,2400,2400,0,5398,125
14:22:51.791,active,15357,504,8030,16788,-5,95,62.2,58.8,No,2400,2400,0,5419,125
14:22:52.794,active,15299,448,6906,16789,0,95,62.2,59.2,No,2400,2400,0,5421,125
14:22:53.791,active,15337,512,7890,16789,0,95,61.7,58.4,No,2400,2400,0,5423,125
14:22:54.789,active,15301,496,7620,16788,0,95,62.8,58.3,No,2400,2400,0,5425,125
14:22:55.793,active,15359,506,8256,16787,-5,95,61.7,58.6,No,2400,2400,0,5436,125
14:22:56.792,active,15316,504,7736,16788,-3,95,63.4,58.7,No,2400,2400,0,5431,125
14:22:57.789,active,15324,464,7966,16788,0,95,62.2,58.7,No,2400,2400,0,5424,125
14:22:58.792,active,15305,474,7292,16788,-3,95,62.2,58.6,No,2400,2400,0,5430,125
14:22:59.793,active,15311,476,11226,16788,0,95,61.7,56.0,No,2400,2400,0,5444,125
14:23:00.796,active,15299,664,10186,16788,0,95,62.8,55.6,No,2400,2400,0,5454,125
14:23:01.789,active,15301,782,11980,16788,0,95,61.1,54.5,No,2400,2400,0,5452,125
14:23:02.789,active,15292,708,11372,16789,0,95,61.1,56.3,No,2400,2400,0,5444,125
14:23:03.793,active,15305,736,11284,16789,0,95,62.2,57.8,No,2400,2400,0,5447,125
14:23:04.789,active,15299,810,8584,16788,0,95,62.2,53.5,No,2400,2400,0,5473,125
14:23:05.789,active,15296,692,10610,16787,0,95,61.7,51.4,No,2400,2400,0,5471,125
14:23:06.790,active,15299,772,8622,16788,0,95,61.1,51.1,No,2400,2400,0,5458,125
14:23:07.795,active,15299,692,10610,16788,-3,95,61.7,51.5,No,2400,2400,0,5464,125
14:23:08.789,active,15307,676,11150,16789,-5,95,61.7,54.0,No,2400,2400,0,5471,125
14:23:09.790,active,15251,818,12500,16788,-5,95,63.4,55.9,No,2400,2400,0,5467,125
14:23:10.789,active,15266,766,11748,16789,-3,95,62.8,53.8,No,2400,2400,0,5480,125
14:23:11.789,active,15268,724,11092,16788,0,95,63.4,54.5,No,2400,2400,0,5469,125
14:23:12.789,active,15245,866,13252,16788,0,95,62.8,53.6,No,2400,2400,0,5484,125
14:23:13.793,active,15262,872,13350,16788,0,95,62.8,52.5,No,2400,2400,0,5492,125
14:23:14.794,active,15264,944,14448,16788,0,95,62.2,52.9,No,2400,2400,0,5485,125
14:23:15.789,active,15268,986,15086,16789,0,95,62.2,53.2,No,2400,2400,0,5483,125
14:23:16.789,active,15256,848,13022,16788,0,95,63.4,56.3,No,2400,2400,0,5483,125
14:23:17.789,active,15275,774,11844,16788,0,95,62.8,54.1,No,2400,2400,0,5490,125
14:23:18.789,active,15316,496,7620,16787,0,95,62.8,53.4,No,2400,2400,0,5499,125
14:23:19.790,active,15320,528,7368,16788,-6,95,63.4,53.7,No,2400,2400,0,5481,125
14:23:20.793,active,15309,446,6828,16789,0,95,62.8,54.5,No,2400,2400,0,5486,125
14:23:21.789,active,15318,526,7292,16789,0,95,62.2,52.9,No,2400,2400,0,5487,125
14:23:22.789,active,15307,406,6230,16789,0,95,62.8,53.2,No,2400,2400,0,5488,125
14:23:23.789,active,15331,566,7522,16787,-7,95,62.8,56.3,No,2400,2400,0,5472,125
14:23:24.793,active,15316,456,6982,16787,-7,95,63.4,54.0,No,2400,2400,0,5490,125
14:23:25.789,active,15316,460,7022,16788,-8,95,62.2,54.5,No,2400,2400,0,5502,125
14:23:26.793,active,15314,538,8256,16787,-4,95,62.8,54.7,No,2400,2400,0,5490,125
14:23:27.793,active,15264,668,10262,16786,-7,95,62.8,56.2,No,2400,2400,0,5499,125
14:23:28.789,active,15309,772,11536,16786,-8,95,63.4,57.7,No,2400,2400,0,5498,125
14:23:29.789,active,15303,730,11208,16787,-4,95,63.9,57.0,No,2400,2400,0,5494,125
14:23:30.793,active,15303,728,11806,16787,-8,95,63.9,57.8,No,2400,2400,0,5497,125
14:23:31.789,active,15309,622,9530,16788,-7,95,63.4,57.6,No,2400,2400,0,5501,125
14:23:32.789,active,15301,724,11362,16788,-6,95,63.4,56.3,No,2400,2400,0,5510,125
14:23:33.791,active,15301,648,9954,16787,-7,95,63.4,57.0,No,2400,2400,0,5507,125
14:23:34.794,active,15296,704,10128,16785,-14,95,61.7,56.2,No,2400,2400,0,5506,125
14:23:35.789,active,15296,736,11284,16787,-9,95,62.2,56.9,No,2400,2400,0,5499,125
14:23:36.789,active,15253,834,12770,16788,-5,95,62.8,56.8,No,2400,2400,0,5513,125
14:23:37.789,active,15266,806,12346,16786,-7,95,63.9,56.8,No,2400,2400,0,5522,125
14:23:38.789,active,15271,856,13098,16786,-7,95,63.9,57.3,No,2400,2400,0,5503,125
14:23:39.791,active,15275,780,11940,16786,-6,95,63.9,58.2,No,2400,2400,0,5506,125
14:23:40.789,sleep,15290,520,7986,16789,0,95,59.5,16.5,No,2400,2400,0,5551,125
14:23:41.789,sleep,15294,552,8468,16790,8,95,59.5,-0.0,No,2400,2400,0,5553,125
14:23:42.789,sleep,15286,518,7948,16790,8,95,58.4,0.2,No,2400,2400,0,5553,125
14:23:43.789,sleep,15288,490,7504,16790,6,95,57.9,0.0,No,2400,2400,0,5560,125
14:23:44.789,sleep,15292,586,8990,16789,7,95,56.2,0.0,No,2400,2400,0,5560,125
14:23:45.789,sleep,15292,486,7792,16790,12,95,55.6,0.3,No,1500,2400,0,5567,125
14:23:46.789,sleep,15292,472,7252,16792,15,95,55.6,0.0,No,1500,2400,0,4109,75
14:23:47.789,sleep,15299,440,7484,16793,17,95,54.0,0.3,No,1500,2400,0,3500,75
14:23:48.789,sleep,15299,540,8294,16793,14,95,54.0,0.3,No,1500,2400,0,3412,75
14:23:49.789,sleep,15294,494,7272,16792,16,95,53.5,-0.0,No,1500,2400,0,3392,75
14:23:50.789,sleep,15301,292,4474,16791,12,95,54.0,0.0,No,1500,2400,0,3376,75
14:23:51.789,sleep,15296,522,8776,16789,9,95,53.5,0.3,No,1500,2400,0,3385,75
14:23:52.789,sleep,15296,262,4012,16791,11,95,52.9,-0.0,No,1500,2400,0,3378,75
14:23:53.789,sleep,15305,328,6114,16792,15,95,52.9,0.3,No,1500,2400,0,3364,75
14:23:54.789,sleep,15299,526,6038,16791,11,95,52.9,-0.0,No,1500,2400,0,3363,75
14:23:55.790,active,15311,706,10822,16788,0,95,55.6,46.2,No,2400,2400,0,3331,75
14:23:56.789,active,15305,800,11440,16787,-9,95,57.9,59.3,No,2400,2400,0,3306,75
14:23:57.789,active,15303,670,10282,16787,-7,95,58.4,55.2,No,2400,2400,0,3303,75
14:23:58.789,active,15303,740,10262,16788,-6,95,60.0,56.4,No,2400,2400,0,3281,75
14:23:59.789,active,15301,650,9992,16789,-5,95,59.5,58.8,No,2400,2400,0,3276,75
14:24:00.793,active,15305,740,11188,16788,-4,95,60.6,58.3,No,2400,2400,0,4102,125
14:24:01.793,active,15301,822,12596,16788,-5,95,60.6,59.2,No,2400,2400,0,5313,125
14:24:02.792,active,15296,796,11902,16787,-5,95,60.0,59.1,No,2400,2400,0,5407,125
14:24:03.789,active,15281,760,11652,16787,-3,95,60.6,59.0,No,2400,2400,0,5412,125
14:24:04.793,active,15271,824,12616,16786,-6,95,62.2,59.4,No,2400,2400,0,5409,125
14:24:05.792,active,15286,680,13508,16788,-10,95,62.2,58.8,No,2400,2400,0,5408,125
14:24:06.789,active,15266,882,13522,16788,-9,95,62.2,58.5,No,2400,2400,0,5420,125
14:24:07.793,active,15273,728,12154,16789,-5,95,62.2,59.1,No,2400,2400,0,5408,125
14:24:08.793,active,15281,870,13330,16789,0,95,62.2,58.1,No,2400,2400,0,5405,125
14:24:09.790,active,15268,1058,11554,16787,-6,95,61.1,57.7,No,2400,2400,0,5417,125
14:24:10.789,active,15260,670,10282,16788,-3,95,61.7,56.6,No,2400,2400,0,5418,125
14:24:11.789,active,15271,910,10514,16788,0,95,61.7,55.3,No,2400,2400,0,5423,125
14:24:12.793,active,15262,668,10244,16788,0,95,62.8,54.8,No,2400,2400,0,5427,125
14:24:13.789,active,15329,508,7812,16788,-4,95,62.8,56.8,No,2400,2400,0,5434,125
14:24:14.789,active,15311,500,7678,16788,-3,95,62.2,58.4,No,2400,2400,0,5437,125
14:24:15.793,active,15318,480,7368,16788,-3,95,61.7,51.3,No,2400,2400,0,5445,125
14:24:16.789,active,15307,522,8006,16788,-3,95,61.1,50.9,No,2400,2400,0,5448,125
14:24:17.789,active,15320,720,11034,16789,-6,95,61.7,52.0,No,2400,2400,0,5449,125
14:24:18.789,active,15344,538,8256,16788,0,95,62.2,54.0,No,2400,2400,0,5456,125
14:24:19.789,active,15314,678,10398,16787,-5,95,63.4,53.4,No,2400,2400,0,5442,125
14:24:20.789,active,15318,566,8680,16787,-3,95,62.8,53.4,No,2400,2400,0,5462,125
14:24:21.789,active,15303,740,11304,16789,0,95,62.8,52.7,No,2400,2400,0,5466,125
14:24:22.793,active,15296,696,9626,16787,-7,95,62.2,53.9,No,2400,2400,0,5450,125
14:24:23.789,active,15299,788,12096,16788,-4,95,61.7,53.0,No,2400,2400,0,5456,125
14:24:24.789,active,15307,782,10262,16788,-3,95,62.2,52.3,No,2400,2400,0,5470,125
14:24:25.789,active,15296,700,10744,16788,-3,95,62.8,55.3,No,2400,2400,0,5474,125
14:24:26.793,active,15296,514,8718,16787,-3,95,63.4,53.2,No,2400,2400,0,5472,125
14:24:27.789,active,15303,692,10628,16787,0,95,62.8,53.9,No,2400,2400,0,5483,125
14:24:28.789,active,15305,754,11574,16788,0,95,63.9,56.3,No,2400,2400,0,5488,125
14:24:29.790,active,15290,700,10726,16789,0,95,61.7,52.2,No,2400,2400,0,5498,125
14:24:30.789,active,15292,568,8738,16788,-4,95,61.1,53.2,No,2400,2400,0,5471,125
14:24:31.789,active,15260,846,12076,16788,-4,95,62.8,52.6,No,2400,2400,0,5492,125
14:24:32.789,active,15292,748,11458,16788,0,95,63.4,52.4,No,2400,2400,0,5480,125
14:24:33.790,active,15256,976,12366,16790,0,95,62.8,51.7,No,2400,2400,0,5474,125
14:24:34.789,active,15307,760,11652,16790,0,95,62.8,51.4,No,2400,2400,0,5496,125
14:24:35.790,active,15258,942,11574,16790,0,95,63.4,51.9,No,2400,2400,0,5499,125
14:24:36.793,active,15305,726,11150,16788,0,95,62.2,51.3,No,2400,2400,0,5497,125
14:24:37.789,active,15266,924,10610,16788,0,95,62.2,51.7,No,2400,2400,0,5490,125
14:24:38.789,active,15303,730,11208,16788,0,95,62.8,52.5,No,2400,2400,0,5494,125
14:24:39.789,active,15271,878,11844,16788,0,95,63.4,53.9,No,2400,2400,0,5479,125
14:24:40.789,active,15316,488,6424,16789,0,95,63.4,56.2,No,2400,2400,0,5480,125
14:24:41.789,active,15296,496,7620,16788,0,95,63.4,57.0,No,2400,2400,0,5495,125
14:24:42.790,active,15318,534,10706,16788,-3,95,62.8,57.5,No,2400,2400,0,5494,125
14:24:43.790,active,15324,576,8834,16788,0,95,62.2,57.6,No,2400,2400,0,5498,125
14:24:44.789,active,15311,506,10494,16786,-5,95,63.9,57.2,No,2400,2400,0,5505,125
14:24:45.789,active,15275,588,9008,16789,0,95,63.4,57.3,No,2400,2400,0,5509,125
14:24:46.793,active,15307,530,10572,16790,4,95,63.4,56.2,No,2400,2400,0,5507,125
14:24:47.789,active,15277,730,11188,16789,0,95,63.4,55.6,No,2400,2400,0,5513,125
14:24:48.789,active,15296,612,11922,16788,0,95,63.9,57.7,No,2400,2400,0,5482,125
14:24:49.789,active,15303,702,9996,16788,-5,95,62.8,57.5,No,2400,2400,0,5489,125
14:24:50.794,active,15314,680,10436,16786,0,95,63.4,59.5,No,2400,2400,0,5503,125
14:24:51.789,active,15296,740,7812,16789,-5,95,63.4,58.3,No,2400,2400,0,5510,125
14:24:52.789,active,15299,770,11806,16789,0,95,64.5,58.8,No,2400,2400,0,5513,125
14:24:53.789,active,15303,744,7408,16789,-4,95,63.9,57.6,No,2400,2400,0,5521,125
14:24:54.789,active,15299,788,12076,16788,-4,95,63.9,59.8,No,2400,2400,0,5511,125
14:24:55.789,sleep,15292,394,6056,16790,4,95,60.0,21.1,No,2400,2400,0,5542,125
14:24:56.789,sleep,15299,476,7292,16790,10,95,58.4,0.0,No,2400,2400,0,5563,125
14:24:57.789,sleep,15299,470,7446,16789,10,95,57.9,0.0,No,2400,2400,0,5559,125
14:24:58.789,sleep,15296,474,7272,16790,9,95,57.3,0.3,No,2400,2400,0,5560,125
14:24:59.789,sleep,15292,464,7138,16790,6,95,56.2,0.0,No,2400,2400,0,5557,125
14:25:00.789,sleep,15296,342,5246,16790,9,95,56.2,0.3,No,1500,2400,0,5567,125
14:25:01.789,sleep,15296,484,7426,16791,14,95,55.6,0.0,No,1500,2400,0,5564,125
14:25:02.789,sleep,15296,438,6732,16791,12,95,55.6,0.3,No,1500,2400,0,5563,125
14:25:03.789,sleep,15294,318,4860,16790,11,95,54.5,0.0,No,1500,2400,0,3877,75
14:25:04.789,sleep,15299,464,5582,16792,11,95,52.9,0.2,No,1500,2400,0,3467,75
14:25:05.789,sleep,15294,562,8604,16793,16,95,53.5,0.5,No,1500,2400,0,3395,75
14:25:06.789,sleep,15299,380,7892,16792,17,95,53.5,0.3,No,1500,2400,0,3381,75
14:25:07.789,sleep,15299,378,5786,16792,14,95,52.9,0.0,No,1500,2400,0,3376,75
14:25:08.789,sleep,15294,300,6924,16792,17,95,52.4,0.0,No,1500,2400,0,3381,75
14:25:09.789,sleep,15296,280,4302,16791,14,95,52.4,0.3,No,1500,2400,0,3381,75
14:25:10.793,active,15311,608,9278,16788,5,95,56.2,42.0,No,2400,2400,0,3344,75
14:25:11.790,active,15311,676,10378,16788,-9,95,57.3,57.5,No,2400,2400,0,3319,75
14:25:12.789,active,15320,662,10128,16788,-10,95,57.9,59.2,No,2400,2400,0,3310,75
14:25:13.789,active,15256,616,9414,16789,-5,95,59.0,58.9,No,2400,2400,0,3289,75
14:25:14.789,active,15307,716,10956,16788,-4,95,59.5,59.3,No,2400,2400,0,3290,75
14:25:15.789,active,15260,738,11304,16787,-8,95,60.6,59.4,No,2400,2400,0,4726,125
14:25:16.793,active,15260,706,10822,16787,-5,95,61.1,58.3,No,2400,2400,0,5388,125
14:25:17.793,active,15301,690,10726,16787,-3,95,60.6,58.5,No,2400,2400,0,5424,125
14:25:18.790,active,15303,776,11922,16788,-5,95,60.6,59.9,No,2400,2400,0,5426,125
14:25:19.789,active,15305,678,8102,16790,-4,95,61.1,59.7,No,2400,2400,0,5422,125
14:25:20.789,active,15301,726,11130,16790,0,95,61.1,57.8,No,2400,2400,0,5418,125
14:25:21.789,active,15301,804,6982,16789,0,95,61.7,54.5,No,2400,2400,0,5429,125
14:25:22.789,active,15331,452,6964,16788,-3,95,61.7,54.2,No,2400,2400,0,5430,125
14:25:23.790,active,15314,534,8314,16789,0,95,61.1,55.6,No,2400,2400,0,5434,125
14:25:24.790,active,15309,742,11382,16787,0,95,62.8,59.8,No,2400,2400,0,5422,125
14:25:25.789,active,15333,502,8526,16788,0,95,61.1,53.0,No,2400,2400,0,5432,125
14:25:26.789,active,15277,854,13060,16789,0,95,61.1,52.2,No,2400,2400,0,5436,125
14:25:27.789,active,15264,748,11458,16789,0,95,61.7,53.0,No,2400,2400,0,5446,125
14:25:28.789,active,15286,720,11054,16789,0,95,62.2,53.8,No,2400,2400,0,5442,125
14:25:29.789,active,15271,692,10610,16788,0,95,62.8,54.4,No,2400,2400,0,5450,125
14:25:30.790,active,15281,840,12848,16788,0,95,61.7,52.7,No,2400,2400,0,5444,125
14:25:31.789,active,15299,762,11690,16788,0,95,61.7,53.4,No,2400,2400,0,5447,125
14:25:32.789,active,15286,808,12384,16788,-7,95,62.8,54.1,No,2400,2400,0,5462,125
14:25:33.789,active,15307,754,11574,16787,-5,95,61.7,54.4,No,2400,2400,0,5471,125
14:25:34.789,active,15309,766,11768,16787,-5,95,62.8,53.9,No,2400,2400,0,5463,125
14:25:35.789,active,15303,454,6964,16787,-6,95,62.8,53.0,No,2400,2400,0,5456,125
14:25:36.789,active,15324,498,11342,16786,-4,95,63.4,55.1,No,2400,2400,0,5474,125
14:25:37.793,active,15316,500,7678,16787,-9,95,62.8,55.2,No,2400,2400,0,5479,125
14:25:38.793,active,15314,520,12752,16788,-5,95,62.2,51.9,No,2400,2400,0,5483,125
14:25:39.789,active,15305,634,9742,16788,-3,95,62.2,51.4,No,2400,2400,0,5476,125
14:25:40.789,active,15309,486,11652,16788,-5,95,61.7,52.2,No,2400,2400,0,5479,125
14:25:41.789,active,15264,682,10456,16787,-5,95,62.8,52.2,No,2400,2400,0,5477,125
14:25:42.789,active,15314,670,12906,16786,-6,95,62.2,51.5,No,2400,2400,0,5482,125
14:25:43.789,active,15243,838,12808,16788,-4,95,62.8,51.4,No,2400,2400,0,5480,125
14:25:44.790,active,15301,504,7774,16787,-7,95,61.7,51.4,No,2400,2400,0,5492,125
14:25:45.794,active,15303,762,11690,16786,-5,95,61.1,53.1,No,2400,2400,0,5492,125
14:25:46.789,active,15303,482,7426,16789,0,95,62.8,53.5,No,2400,2400,0,5488,125
14:25:47.789,active,15299,764,11728,16788,-3,95,62.8,55.2,No,2400,2400,0,5483,125
14:25:48.789,active,15296,500,7696,16788,-3,95,63.9,54.5,No,2400,2400,0,5501,125
14:25:49.789,active,15299,638,9800,16787,-3,95,62.8,53.3,No,2400,2400,0,5488,125
14:25:50.790,active,15301,660,10108,16787,-3,95,63.4,54.6,No,2400,2400,0,5495,125
14:25:51.795,active,15299,762,11690,16788,0,95,62.8,56.9,No,2400,2400,0,5487,125
14:25:52.794,active,15305,614,9414,16787,0,95,62.8,57.0,No,2400,2400,0,5483,125
14:25:53.789,active,15279,840,12192,16787,-5,95,62.8,56.9,No,2400,2400,0,5485,125
14:25:54.789,active,15294,744,11400,16788,0,95,63.4,57.1,No,2400,2400,0,5502,125
14:25:55.793,active,15268,986,10050,16788,0,95,63.4,56.4,No,2400,2400,0,5500,125
14:25:56.789,active,15279,894,13716,16788,0,95,62.8,56.3,No,2400,2400,0,5495,125
14:25:57.790,active,15286,790,10918,16788,0,95,63.4,57.2,No,2400,2400,0,5496,125
14:25:58.790,active,15275,942,14448,16787,0,95,63.4,56.7,No,2400,2400,0,5496,125
14:25:59.789,active,15292,706,10784,16788,-3,95,62.8,58.6,No,2400,2400,0,5497,125
14:26:00.789,active,15283,1008,15452,16788,-5,95,63.4,57.9,No,2400,2400,0,5492,125
14:26:01.791,active,15281,934,11188,16786,-4,95,63.4,59.1,No,2400,2400,0,5493,125
14:26:02.793,active,15318,680,10456,16786,-5,95,63.4,58.4,No,2400,2400,0,5499,125
14:26:03.789,active,15333,544,8352,16787,-5,95,64.5,58.5,No,2400,2400,0,5504,125
14:26:04.790,active,15316,538,10976,16787,0,95,64.5,58.1,No,2400,2400,0,5504,125
14:26:05.793,active,15326,574,8816,16789,0,95,63.9,57.4,No,2400,2400,0,5511,125
14:26:06.789,active,15316,474,12404,16789,0,95,63.4,57.6,No,2400,2400,0,5502,125
14:26:07.789,active,15322,612,9356,16790,0,95,63.4,59.2,No,2400,2400,0,5497,125
14:26:08.793,active,15314,602,11208,16788,0,95,63.9,58.6,No,2400,2400,0,5512,125
14:26:09.789,active,15320,692,10590,16787,-3,95,63.9,57.4,No,2400,2400,0,5522,125
14:26:10.789,sleep,15301,468,7600,16789,5,95,61.1,24.5,No,2400,2400,0,5539,125
14:26:11.789,sleep,15294,508,7792,16790,14,95,58.4,0.0,No,2400,2400,0,5573,125
14:26:12.789,sleep,15296,498,7638,16791,16,95,58.4,0.2,No,2400,2400,0,5558,125
14:26:13.789,sleep,15301,472,7234,16792,15,95,57.3,0.0,No,2400,2400,0,5561,125
14:26:14.789,sleep,15296,502,7678,16791,14,95,57.3,0.3,No,2400,2400,0,5561,125
14:26:15.789,sleep,15292,362,5556,16791,13,95,56.8,0.2,No,1500,2400,0,5575,125
14:26:16.789,sleep,15296,456,6982,16790,15,95,55.1,-0.0,No,1500,2400,0,5580,125
14:26:17.789,sleep,15294,324,4976,16791,13,95,54.5,0.0,No,1500,2400,0,5396,75
14:26:18.789,sleep,15294,546,8372,16792,17,95,54.5,0.0,No,1500,2400,0,3694,75
14:26:19.789,sleep,15290,454,6964,16793,16,95,54.0,0.0,No,1500,2400,0,3439,75
14:26:20.789,sleep,15296,300,4590,16792,16,95,54.0,0.3,No,1500,2400,0,3407,75
14:26:21.789,sleep,15296,502,8024,16791,16,95,53.5,0.3,No,1500,2400,0,3386,75
14:26:22.789,sleep,15288,524,8024,16791,13,95,54.0,-0.0,No,1500,2400,0,3378,75
14:26:23.789,sleep,15294,602,7330,16791,15,95,52.4,0.3,No,1500,2400,0,3370,75
14:26:24.789,sleep,15299,558,8564,16791,11,95,53.5,0.0,No,1500,2400,0,3376,75
14:26:25.793,active,15262,920,10300,16788,0,95,56.8,40.8,No,2400,2400,0,3324,75
14:26:26.793,active,15311,740,11342,16789,-5,95,57.3,58.6,No,2400,2400,0,3297,75
14:26:27.789,active,15286,764,9916,16788,0,95,59.0,59.4,No,2400,2400,0,3304,75
14:26:28.789,active,15307,660,10146,16787,-6,95,59.0,58.8,No,2400,2400,0,3286,75
14:26:29.793,active,15299,732,11226,16788,-4,95,60.6,59.9,No,2400,2400,0,3285,75
14:26:30.789,active,15305,532,10262,16788,0,95,60.0,57.6,No,2400,2400,0,3280,75
14:26:31.789,active,15314,502,7696,16788,-3,95,60.6,55.2,No,2400,2400,0,5032,125
14:26:32.789,active,15307,482,11786,16788,0,95,61.1,55.0,No,2400,2400,0,5402,125
14:26:33.790,active,15275,604,9240,16788,-6,95,60.0,54.9,No,2400,2400,0,5411,125
14:26:34.789,active,15309,482,12752,16787,0,95,60.0,54.8,No,2400,2400,0,5416,125
14:26:35.789,active,15247,760,11612,16788,-3,95,61.1,59.5,No,2400,2400,0,5418,125
14:26:36.791,active,15268,576,13658,16787,-4,95,62.2,54.1,No,2400,2400,0,5445,125
14:26:37.793,active,15256,860,13176,16790,0,95,61.7,51.8,No,2400,2400,0,5430,125
14:26:38.789,active,15264,820,14970,16788,0,95,61.1,51.0,No,2400,2400,0,5430,125
14:26:39.790,active,15311,490,7504,16787,0,95,61.7,51.7,No,2400,2400,0,5420,125
14:26:40.795,active,15294,508,7832,16789,0,95,62.2,54.8,No,2400,2400,0,5427,125
14:26:41.789,active,15296,744,7304,16788,-5,95,61.7,53.6,No,2400,2400,0,5436,125
14:26:42.789,active,15305,692,10628,16788,-7,95,62.8,57.3,No,2400,2400,0,5440,125
14:26:43.789,active,15354,522,7292,16787,-8,95,62.8,56.7,No,2400,2400,0,5441,125
14:26:44.789,active,15301,476,7330,16786,-8,95,62.2,52.5,No,2400,2400,0,5438,125
14:26:45.793,active,15337,482,7426,16786,-10,95,62.2,54.6,No,2400,2400,0,5449,125
14:26:46.789,active,15322,460,7080,16788,-6,95,61.7,53.6,No,2400,2400,0,5437,125
14:26:47.789,active,15354,410,7754,16788,-4,95,61.1,55.2,No,2400,2400,0,5452,125
14:26:48.789,active,15290,720,11054,16788,0,95,61.7,53.2,No,2400,2400,0,5443,125
14:26:49.789,active,15271,760,11670,16786,-8,95,62.2,52.4,No,2400,2400,0,5459,125
14:26:50.789,active,15307,700,10470,16786,-7,95,62.2,52.2,No,2400,2400,0,5465,125
14:26:51.789,active,15305,734,11266,16786,-6,95,62.2,51.2,No,2400,2400,0,5479,125
14:26:52.789,active,15301,712,11632,16788,-7,95,62.2,51.4,No,2400,2400,0,5479,125
14:26:53.793,active,15311,682,10456,16788,-7,95,62.2,51.5,No,2400,2400,0,5464,125
14:26:54.794,active,15311,716,10204,16788,-5,95,61.7,53.4,No,2400,2400,0,5468,125
14:26:55.789,active,15307,750,11516,16788,-3,95,61.1,54.1,No,2400,2400,0,5470,125
14:26:56.789,active,15301,764,10012,16787,0,95,63.4,52.3,No,2400,2400,0,5484,125
14:26:57.789,active,15314,498,7638,16787,-5,95,63.4,52.0,No,2400,2400,0,5480,125
14:26:58.789,active,15303,834,12732,16787,-4,95,62.8,51.1,No,2400,2400,0,5483,125
14:26:59.789,active,15249,738,11266,16788,0,95,62.2,51.8,No,2400,2400,0,5481,125
14:27:00.793,active,15309,784,11980,16788,-4,95,62.8,51.8,No,2400,2400,0,5478,125
14:27:01.794,active,15271,660,10108,16788,0,95,61.7,55.8,No,2400,2400,0,5482,125
14:27:02.789,active,15318,826,12654,16786,-4,95,62.8,56.1,No,2400,2400,0,5482,125
14:27:03.789,active,15275,744,14728,16786,-5,95,63.4,57.0,No,2400,2400,0,5489,125
14:27:04.790,active,15258,888,13580,16787,-4,95,62.8,55.0,No,2400,2400,0,5482,125
14:27:05.789,active,15268,796,11516,16788,0,95,62.8,52.9,No,2400,2400,0,5486,125
14:27:06.793,active,15294,752,11536,16789,0,95,63.4,57.7,No,2400,2400,0,5488,125
14:27:07.794,active,15303,716,11670,16789,0,95,62.2,57.9,No,2400,2400,0,5500,125
14:27:08.790,active,15357,508,7812,16788,-3,95,62.2,55.7,No,2400,2400,0,5504,125
14:27:09.789,active,15299,464,7138,16787,0,95,62.8,57.2,No,2400,2400,0,5501,125
14:27:10.789,active,15337,474,7310,16787,-4,95,62.8,51.9,No,2400,2400,0,5497,125
14:27:11.789,active,15344,522,8024,16789,0,95,63.4,51.7,No,2400,2400,0,5495,125
14:27:12.789,active,15316,472,7234,16789,0,95,62.2,51.4,No,2400,2400,0,5501,125
14:27:13.792,active,15329,484,7446,16788,-4,95,62.2,51.3,No,2400,2400,0,5501,125
14:27:14.793,active,15311,486,7210,16787,-9,95,62.8,51.6,No,2400,2400,0,5504,125
14:27:15.789,active,15283,836,12828,16786,-12,95,62.8,58.5,No,2400,2400,0,5506,125
14:27:16.789,active,15279,796,11882,16786,-11,95,62.8,59.1,No,2400,2400,0,5507,125
14:27:17.789,active,15303,716,10996,16787,-9,95,63.9,58.9,No,2400,2400,0,5480,125
14:27:18.789,active,15316,662,10166,16786,-6,95,63.4,58.2,No,2400,2400,0,5493,125
14:27:19.791,active,15316,732,11246,16787,-6,95,63.9,59.2,No,2400,2400,0,5492,125
14:27:20.792,active,15311,752,11554,16787,-3,95,63.4,58.4,No,2400,2400,0,5496,125
14:27:21.793,active,15305,632,9702,16786,0,95,63.9,57.2,No,2400,2400,0,5492,125
14:27:22.789,active,15311,756,11594,16786,-5,95,63.4,58.4,No,2400,2400,0,5497,125
14:27:23.789,active,15309,716,10976,16788,-8,95,63.4,59.1,No,2400,2400,0,5500,125
14:27:24.793,active,15258,680,10398,16788,-7,95,63.4,58.6,No,2400,2400,0,5511,125
14:27:25.789,sleep,15303,558,7774,16788,-5,95,60.0,27.2,No,2400,2400,0,5534,125
14:27:26.789,sleep,15299,484,7426,16788,8,95,58.4,-0.0,No,2400,2400,0,5550,125
14:27:27.789,sleep,15299,406,7234,16789,10,95,57.9,0.0,No,2400,2400,0,5563,125
14:27:28.789,sleep,15303,496,7620,16790,8,95,57.3,0.0,No,2400,2400,0,5546,125
14:27:29.789,sleep,15294,456,7040,16791,12,95,56.2,0.3,No,2400,2400,0,5555,125
14:27:30.789,sleep,15296,394,6056,16791,15,95,55.1,0.3,No,1500,2400,0,5553,125
14:27:31.789,sleep,15299,502,6712,16790,13,95,55.6,0.0,No,1500,2400,0,5556,125
14:27:32.789,sleep,15294,324,4976,16791,14,95,54.5,-0.0,No,1500,2400,0,4901,75
14:27:33.789,sleep,15296,586,8990,16789,13,95,52.9,0.3,No,1500,2400,0,3612,75
14:27:34.789,sleep,15296,432,6558,16791,13,95,53.5,0.0,No,1500,2400,0,3410,75
14:27:35.789,sleep,15301,268,4108,16791,12,95,53.5,0.2,No,1500,2400,0,3383,75
14:27:36.789,sleep,15296,368,8334,16790,11,95,52.9,0.3,No,1500,2400,0,3382,75
14:27:37.789,sleep,15303,554,8488,16791,12,95,52.9,-0.0,No,1500,2400,0,3373,75
14:27:38.789,sleep,15294,472,7678,16791,13,95,52.4,0.0,No,1500,2400,0,3369,75
14:27:39.789,sleep,15296,356,5458,16790,16,95,52.4,0.2,No,1500,2400,0,3354,75
14:27:40.792,active,15311,420,7194,16790,8,95,55.6,35.5,No,2400,2400,0,3331,75
14:27:41.789,active,15305,468,7194,16789,-4,95,57.3,54.2,No,2400,2400,0,3307,75
14:27:42.796,active,15314,712,10918,16789,-4,95,58.4,54.9,No,2400,2400,0,3295,75
14:27:43.789,active,15296,692,10628,16788,-3,95,57.9,54.5,No,2400,2400,0,3293,75
14:27:44.789,active,15309,718,11014,16788,0,95,59.0,55.6,No,2400,2400,0,3282,75
14:27:45.793,active,15303,682,11498,16787,-5,95,59.5,57.7,No,2400,2400,0,3311,125
14:27:46.789,active,15301,754,11574,16788,-4,95,59.5,55.0,No,2400,2400,0,5161,125
14:27:47.789,active,15299,744,9356,16789,-3,95,60.6,51.7,No,2400,2400,0,5397,125
14:27:48.790,active,15303,766,11748,16788,-3,95,60.0,51.1,No,2400,2400,0,5415,125
14:27:49.795,active,15301,612,7832,16788,-5,95,60.0,51.5,No,2400,2400,0,5392,125
14:27:50.789,active,15296,684,10494,16787,-5,95,60.0,51.9,No,2400,2400,0,5398,125
14:27:51.789,active,15305,856,13118,16787,-5,95,60.6,52.3,No,2400,2400,0,5409,125
14:27:52.793,active,15249,758,11594,16787,-6,95,61.1,51.7,No,2400,2400,0,5423,125
14:27:53.789,active,15286,804,12308,16787,-9,95,61.7,53.4,No,2400,2400,0,5425,125
14:27:54.789,active,15245,894,13658,16788,-5,95,62.2,53.0,No,2400,2400,0,5420,125
14:27:55.790,active,15249,910,13908,16788,-6,95,61.7,55.9,No,2400,2400,0,5423,125
14:27:56.790,active,15262,776,14198,16787,-6,95,61.1,54.4,No,2400,2400,0,5428,125
14:27:57.789,active,15234,902,13792,16787,-6,95,61.7,54.6,No,2400,2400,0,5437,125
14:27:58.793,active,15279,774,14332,16788,0,95,62.2,52.4,No,2400,2400,0,5437,125
14:27:59.793,active,15279,882,13522,16789,0,95,63.4,52.8,No,2400,2400,0,5445,125
14:28:00.789,active,15299,466,7156,16787,0,95,62.2,52.2,No,2400,2400,0,5429,125
14:28:01.789,active,15331,508,7812,16788,0,95,62.8,51.9,No,2400,2400,0,5434,125
14:28:02.790,active,15311,494,7600,16787,0,95,60.6,53.2,No,2400,2400,0,5447,125
14:28:03.791,active,15331,532,7446,16788,0,95,62.8,54.1,No,2400,2400,0,5450,125
14:28:04.789,active,15326,546,8392,16785,-11,95,62.2,55.4,No,2400,2400,0,5454,125
14:28:05.789,active,15318,508,7350,16786,-3,95,61.7,53.1,No,2400,2400,0,5465,125
14:28:06.793,active,15357,450,6906,16787,-6,95,62.2,57.7,No,2400,2400,0,5452,125
14:28:07.789,active,15294,744,9992,16788,-3,95,63.4,56.3,No,2400,2400,0,5459,125
14:28:08.789,active,15309,528,8102,16787,-3,95,62.2,51.5,No,2400,2400,0,5468,125
14:28:09.790,active,15279,738,11304,16788,-4,95,61.7,52.1,No,2400,2400,0,5465,125
14:28:10.789,active,15301,772,11844,16788,0,95,61.7,55.0,No,2400,2400,0,5469,125
14:28:11.789,active,15301,714,10956,16787,0,95,62.2,57.4,No,2400,2400,0,5470,125
14:28:12.790,active,15305,762,10942,16787,0,95,62.8,56.9,No,2400,2400,0,5480,125
14:28:13.789,active,15305,726,11150,16789,0,95,63.4,56.1,No,2400,2400,0,5482,125
14:28:14.789,active,15299,718,12076,16788,0,95,62.8,56.9,No,2400,2400,0,5471,125
14:28:15.791,active,15309,642,9858,16787,-3,95,63.4,56.6,No,2400,2400,0,5470,125
14:28:16.793,active,15299,730,10320,16786,-6,95,63.4,56.9,No,2400,2400,0,5480,125
14:28:17.789,active,15303,762,11690,16787,-5,95,62.2,57.8,No,2400,2400,0,5484,125
14:28:18.789,active,15260,722,11054,16787,0,95,62.8,57.6,No,2400,2400,0,5498,125
14:28:19.789,active,15286,728,11150,16788,0,95,63.4,58.5,No,2400,2400,0,5490,125
14:28:20.791,active,15268,818,12520,16788,-3,95,62.8,57.8,No,2400,2400,0,5481,125
14:28:21.791,active,15277,676,15452,16788,-3,95,63.4,58.3,No,2400,2400,0,5478,125
14:28:22.791,active,15266,858,13136,16787,0,95,62.8,58.8,No,2400,2400,0,5487,125
14:28:23.792,active,15283,730,13890,16787,0,95,62.8,57.6,No,2400,2400,0,5490,125
14:28:24.789,active,15271,954,14622,16786,-3,95,62.8,58.5,No,2400,2400,0,5480,125
14:28:25.789,active,15286,820,13214,16788,-4,95,63.4,58.2,No,2400,2400,0,5480,125
14:28:26.789,active,15290,892,13678,16788,-6,95,64.5,57.4,No,2400,2400,0,5477,125
14:28:27.789,active,15305,472,7272,16788,-7,95,63.9,59.0,No,2400,2400,0,5490,125
14:28:28.791,active,15324,520,7542,16788,-6,95,63.9,58.0,No,2400,2400,0,5499,125
14:28:29.791,active,15305,528,8120,16786,-7,95,63.9,58.7,No,2400,2400,0,5494,125
14:28:30.790,active,15329,480,9356,16787,-3,95,62.8,59.3,No,2400,2400,0,5491,125
14:28:31.789,active,15314,552,8468,16788,0,95,63.4,59.3,No,2400,2400,0,5492,125
14:28:32.789,active,15316,468,9124,16788,0,95,63.9,58.4,No,2400,2400,0,5499,125
14:28:33.789,active,15307,672,10300,16787,0,95,63.9,57.2,No,2400,2400,0,5504,125
14:28:34.789,active,15311,532,11034,16787,0,95,63.4,57.0,No,2400,2400,0,5485,125
14:28:35.790,active,15256,622,9510,16787,0,95,63.4,57.9,No,2400,2400,0,5493,125
14:28:36.790,active,15299,756,11612,16788,-3,95,63.4,59.0,No,2400,2400,0,5500,125
14:28:37.789,active,15294,702,11112,16788,0,95,63.9,58.3,No,2400,2400,0,5492,125
14:28:38.789,active,15301,668,10262,16789,3,95,63.4,58.9,No,2400,2400,0,5496,125
14:28:39.789,active,15301,748,11786,16789,0,95,63.4,59.1,No,2400,2400,0,5501,125
14:28:40.789,sleep,15299,454,6964,16790,7,95,60.0,32.4,No,2400,2400,0,5523,125
14:28:41.789,sleep,15296,512,6982,16790,16,95,59.5,0.0,No,2400,2400,0,5546,125
14:28:42.789,sleep,15303,532,8160,16791,18,95,58.4,0.3,No,2400,2400,0,5576,125
14:28:43.789,sleep,15292,482,7562,16792,14,95,57.3,0.3,No,2400,2400,0,5569,125
14:28:44.789,sleep,15299,428,6578,16791,16,95,56.8,0.0,No,2400,2400,0,5553,125
14:28:45.789,sleep,15301,414,6366,16790,11,95,55.6,0.2,No,1500,2400,0,5563,125
14:28:46.789,sleep,15294,460,8198,16792,16,95,55.1,0.0,No,1500,2400,0,5563,125
14:28:47.789,sleep,15290,410,6268,16792,16,95,54.5,0.3,No,1500,2400,0,4306,75
14:28:48.789,sleep,15294,340,6810,16792,15,95,54.5,0.3,No,1500,2400,0,3521,75
14:28:49.789,sleep,15301,454,6964,16792,18,95,52.9,0.0,No,1500,2400,0,3400,75
14:28:50.789,sleep,15294,522,7292,16791,17,95,53.5,0.2,No,1500,2400,0,3387,75
14:28:51.789,sleep,15288,334,5112,16793,19,95,54.0,0.0,No,1500,2400,0,3380,75
14:28:52.789,sleep,15292,546,4880,16791,18,95,52.9,0.3,No,1500,2400,0,3371,75
14:28:53.789,sleep,15292,584,8932,16792,18,95,52.4,-0.0,No,1500,2400,0,3371,75
14:28:54.789,sleep,15294,518,7928,16793,18,95,52.4,-0.0,No,1500,2400,0,3367,75
14:28:55.789,active,15307,454,11060,16792,16,95,56.8,32.8,No,2400,2400,0,3358,75
14:28:56.791,active,15346,468,7176,16789,0,95,57.3,59.9,No,2400,2400,0,3317,75
14:28:57.793,active,15314,472,12038,16788,0,95,58.4,54.2,No,2400,2400,0,3306,75
14:28:58.789,active,15307,630,9626,16789,-4,95,57.9,50.9,No,2400,2400,0,3299,75
14:28:59.789,active,15301,450,11690,16789,-4,95,59.0,52.4,No,2400,2400,0,3289,75
14:29:00.789,active,15301,728,11150,16789,0,95,59.5,52.2,No,2400,2400,0,3283,75
14:29:01.789,active,15281,704,13620,16788,0,95,60.0,53.2,No,2400,2400,0,3539,125
14:29:02.789,active,15277,724,11092,16787,-5,95,60.0,53.0,No,2400,2400,0,5266,125
14:29:03.789,active,15294,490,7542,16788,-4,95,60.6,53.2,No,2400,2400,0,5398,125
14:29:04.793,active,15292,714,10938,16788,-3,95,60.6,54.1,No,2400,2400,0,5406,125
14:29:05.789,active,15296,498,7658,16789,0,95,60.0,51.2,No,2400,2400,0,5405,125
14:29:06.789,active,15292,786,7174,16789,0,95,60.6,52.0,No,2400,2400,0,5397,125
14:29:07.789,active,15301,490,7522,16788,-4,95,61.7,52.7,No,2400,2400,0,5397,125
14:29:08.793,active,15352,426,8430,16789,0,95,62.2,51.9,No,2400,2400,0,5401,125
14:29:09.793,active,15294,498,7658,16788,0,95,61.1,52.1,No,2400,2400,0,5405,125
14:29:10.789,active,15337,516,8024,16789,0,95,62.2,53.6,No,2400,2400,0,5419,125
14:29:11.793,active,15329,530,8160,16790,0,95,62.2,52.6,No,2400,2400,0,5427,125
14:29:12.789,active,15264,718,11014,16789,0,95,61.7,53.6,No,2400,2400,0,5420,125
14:29:13.789,active,15296,742,10614,16788,0,95,61.1,52.6,No,2400,2400,0,5429,125
14:29:14.789,active,15271,692,10610,16788,-5,95,61.1,52.2,No,2400,2400,0,5432,125
14:29:15.789,active,15309,734,10764,16788,0,95,62.8,51.9,No,2400,2400,0,5426,125
14:29:16.789,active,15296,782,11998,16789,0,95,62.2,51.0,No,2400,2400,0,5432,125
14:29:17.789,active,15309,694,11844,16789,0,95,62.2,52.2,No,2400,2400,0,5444,125
14:29:18.794,active,15311,744,11420,16789,0,95,60.6,53.8,No,2400,2400,0,5457,125
14:29:19.789,active,15296,748,10050,16788,0,95,61.7,52.7,No,2400,2400,0,5448,125
14:29:20.789,active,15294,764,11710,16787,0,95,61.7,54.1,No,2400,2400,0,5433,125
14:29:21.789,active,15305,722,11054,16788,-4,95,61.7,52.3,No,2400,2400,0,5457,125
14:29:22.790,active,15311,378,5806,16787,-6,95,61.7,52.1,No,2400,2400,0,5476,125
14:29:23.789,active,15307,832,12712,16788,-5,95,61.7,51.8,No,2400,2400,0,5461,125
14:29:24.796,active,15314,518,12318,16788,-5,95,62.2,52.1,No,2400,2400,0,5459,125
14:29:25.789,active,15314,682,10456,16787,-4,95,62.2,55.8,No,2400,2400,0,5467,125
14:29:26.789,active,15262,662,11938,16787,-3,95,61.7,56.9,No,2400,2400,0,5472,125
14:29:27.789,active,15350,812,12442,16786,-7,95,62.8,58.6,No,2400,2400,0,5474,125
14:29:28.793,active,15277,782,13600,16785,-7,95,64.5,58.0,No,2400,2400,0,5463,125
14:29:29.791,active,15260,812,12442,16788,0,95,63.4,56.1,No,2400,2400,0,5456,125
14:29:30.791,active,15271,768,13908,16786,0,95,62.8,56.7,No,2400,2400,0,5464,125
14:29:31.793,active,15354,460,7080,16786,-5,95,62.8,54.1,No,2400,2400,0,5475,125
14:29:32.790,active,15301,516,7908,16786,-3,95,61.1,51.5,No,2400,2400,0,5476,125
14:29:33.789,active,15352,546,8430,16788,0,95,62.2,51.7,No,2400,2400,0,5484,125
14:29:34.789,active,15359,448,6886,16788,0,95,61.7,52.2,No,2400,2400,0,5488,125
14:29:35.789,active,15335,438,6732,16787,-3,95,62.2,51.9,No,2400,2400,0,5495,125
14:29:36.789,active,15341,498,7658,16786,-6,95,62.8,51.4,No,2400,2400,0,5480,125
14:29:37.789,active,15326,504,7736,16787,-7,95,62.8,51.5,No,2400,2400,0,5489,125
14:29:38.793,active,15335,476,7330,16787,-6,95,61.7,51.5,No,2400,2400,0,5492,125
14:29:39.794,active,15271,494,7600,16789,0,95,62.2,51.7,No,2400,2400,0,5487,125
14:29:40.789,active,15305,692,10610,16788,-6,95,61.1,51.8,No,2400,2400,0,5495,125
14:29:41.789,active,15305,530,11170,16788,-4,95,62.2,52.4,No,2400,2400,0,5483,125
14:29:42.793,active,15277,868,13292,16787,-4,95,63.4,56.9,No,2400,2400,0,5488,125
14:29:43.789,active,15279,714,10514,16786,-5,95,62.8,58.5,No,2400,2400,0,5486,125
14:29:44.789,active,15305,684,10494,16787,-3,95,61.7,57.8,No,2400,2400,0,5477,125
14:29:45.793,active,15311,724,11092,16788,-3,95,62.8,58.4,No,2400,2400,0,5495,125
14:29:46.792,active,15316,756,11612,16786,0,95,63.4,57.8,No,2400,2400,0,5500,125
14:29:47.789,active,15277,796,12210,16787,0,95,62.8,57.7,No,2400,2400,0,5487,125
14:29:48.793,active,15309,714,10956,16787,0,95,63.4,58.6,No,2400,2400,0,5497,125
14:29:49.789,active,15262,690,10572,16787,0,95,63.9,60.3,No,2400,2400,0,5500,125
14:29:50.789,active,15316,482,12442,16788,0,95,63.9,58.0,No,2400,2400,0,5497,125
14:29:51.789,active,15279,760,11652,16788,-6,95,63.4,59.1,No,2400,2400,0,5504,125
14:29:52.793,active,15262,664,14120,16787,-8,95,63.4,58.8,No,2400,2400,0,5489,125
14:29:53.790,active,15258,766,11728,16786,-10,95,62.8,58.7,No,2400,2400,0,5502,125
14:29:54.789,active,15260,734,13966,16786,-6,95,63.9,59.6,No,2400,2400,0,5508,125
14:29:55.789,sleep,15283,488,7484,16788,0,95,60.0,36.8,No,2400,2400,0,5500,125
14:29:56.789,sleep,15294,456,7022,16789,14,95,59.0,0.0,No,2400,2400,0,5543,125
14:29:57.789,sleep,15292,530,8120,16790,12,95,57.9,-0.0,No,2400,2400,0,5555,125
14:29:58.789,sleep,15299,514,7870,16791,9,95,57.3,0.0,No,2400,2400,0,5555,125
14:29:59.789,sleep,15296,442,7558,16791,10,95,56.8,-0.0,No,2400,2400,0,5542,125
14:30:00.789,sleep,15292,496,7600,16790,11,95,55.6,0.0,No,1500,2400,0,5557,125
14:30:01.789,sleep,15294,544,5748,16789,10,95,55.1,0.3,No,1500,2400,0,5572,125
14:30:02.789,sleep,15294,430,6596,16789,10,95,54.5,0.0,No,1500,2400,0,5569,125
14:30:03.789,sleep,15296,470,7098,16791,14,95,54.0,0.3,No,1500,2400,0,4018,75
14:30:04.789,sleep,15299,296,4552,16792,14,95,54.5,-0.0,No,1500,2400,0,3477,75
14:30:05.789,sleep,15301,398,7562,16792,15,95,54.0,0.3,No,1500,2400,0,3394,75
14:30:06.789,sleep,15301,322,4958,16792,17,95,54.0,0.5,No,1500,2400,0,3386,75
14:30:07.789,sleep,15294,292,4474,16790,15,95,52.4,0.3,No,1500,2400,0,3370,75
14:30:08.789,sleep,15299,340,5208,16791,13,95,52.9,-0.0,No,1500,2400,0,3350,75
14:30:09.789,sleep,15301,584,8950,16791,15,95,52.4,0.5,No,1500,2400,0,3357,75
14:30:10.793,active,15307,678,10416,16789,6,95,55.6,28.3,No,2400,2400,0,3344,75
14:30:11.789,active,15303,612,9374,16788,-4,95,57.9,53.0,No,2400,2400,0,3288,75
14:30:12.790,active,15299,820,12558,16788,-4,95,57.3,52.3,No,2400,2400,0,3289,75
14:30:13.794,active,15307,708,10880,16787,-3,95,59.0,53.0,No,2400,2400,0,3287,75
14:30:14.789,active,15299,722,11072,16787,0,95,58.4,53.4,No,2400,2400,0,3294,75
14:30:15.789,active,15301,718,11034,16789,-4,95,60.0,54.1,No,2400,2400,0,3287,75
14:30:16.789,active,15264,668,12770,16789,3,95,60.6,55.8,No,2400,2400,0,4427,125
14:30:17.789,active,15251,848,12964,16788,0,95,61.1,53.5,No,2400,2400,0,5342,125
14:30:18.789,active,15260,774,12308,16788,0,95,60.6,54.4,No,2400,2400,0,5402,125
14:30:19.790,active,15253,672,10282,16788,0,95,60.0,52.1,No,2400,2400,0,5421,125
14:30:20.792,active,15266,954,13426,16789,0,95,60.0,52.8,No,2400,2400,0,5412,125
14:30:21.789,active,15268,780,11940,16789,0,95,60.6,55.5,No,2400,2400,0,5421,125
14:30:22.789,active,15249,894,13792,16789,0,95,60.6,52.8,No,2400,2400,0,5420,125
14:30:23.789,active,15268,984,15046,16789,0,95,62.2,52.7,No,2400,2400,0,5412,125
14:30:24.793,active,15260,668,10244,16788,0,95,61.1,51.6,No,2400,2400,0,5416,125
14:30:25.789,active,15357,528,8372,16788,0,95,61.1,54.2,No,2400,2400,0,5417,125
14:30:26.789,active,15322,534,8218,16788,0,95,61.1,53.2,No,2400,2400,0,5425,125
14:30:27.790,active,15350,450,7870,16790,5,95,60.6,52.8,No,2400,2400,0,5421,125
14:30:28.789,active,15322,544,8372,16789,0,95,61.1,54.5,No,2400,2400,0,5424,125
14:30:29.789,active,15320,500,6828,16788,0,95,61.1,54.1,No,2400,2400,0,5432,125
14:30:30.790,active,15316,474,7292,16788,0,95,62.2,52.9,No,2400,2400,0,5444,125
14:30:31.790,active,15316,514,8352,16787,-3,95,62.2,51.7,No,2400,2400,0,5444,125
14:30:32.793,active,15316,458,7022,16789,0,95,62.8,50.8,No,2400,2400,0,5457,125
14:30:33.790,active,15331,478,7350,16788,-4,95,62.2,57.4,No,2400,2400,0,5437,125
14:30:34.794,active,15283,922,11362,16787,-3,95,61.7,57.1,No,2400,2400,0,5449,125
14:30:35.789,active,15283,788,12096,16787,-7,95,63.4,58.8,No,2400,2400,0,5456,125
14:30:36.789,active,15316,668,10436,16786,-10,95,62.8,57.0,No,2400,2400,0,5463,125
14:30:37.789,active,15296,720,11034,16787,-6,95,62.8,57.2,No,2400,2400,0,5465,125
14:30:38.789,active,15307,672,10532,16787,-5,95,62.8,56.8,No,2400,2400,0,5457,125
14:30:39.791,active,15301,696,10668,16787,-6,95,62.8,56.4,No,2400,2400,0,5467,125
14:30:40.794,active,15307,678,10860,16788,-5,95,62.2,56.4,No,2400,2400,0,5474,125
14:30:41.790,active,15303,740,11342,16787,-4,95,62.2,58.0,No,2400,2400,0,5461,125
14:30:42.789,active,15305,696,11150,16787,0,95,62.8,58.9,No,2400,2400,0,5462,125
14:30:43.792,active,15264,684,10456,16787,0,95,61.7,57.5,No,2400,2400,0,5465,125
14:30:44.793,active,15281,682,10456,16788,-3,95,62.8,58.9,No,2400,2400,0,5470,125
14:30:45.789,active,15271,786,12038,16789,-5,95,63.4,59.3,No,2400,2400,0,5478,125
14:30:46.789,active,15266,756,11612,16789,-3,95,62.8,58.7,No,2400,2400,0,5464,125
14:30:47.792,active,15266,940,12086,16789,0,95,62.8,59.4,No,2400,2400,0,5483,125
14:30:48.790,active,15268,768,11768,16788,0,95,62.8,59.9,No,2400,2400,0,5481,125
14:30:49.789,active,15290,770,12810,16788,0,95,63.4,58.9,No,2400,2400,0,5469,125
14:30:50.790,active,15264,844,12924,16788,0,95,63.9,58.7,No,2400,2400,0,5483,125
14:30:51.789,active,15281,786,13870,16787,0,95,63.9,57.4,No,2400,2400,0,5498,125
14:30:52.789,active,15354,518,7966,16787,-5,95,63.4,58.7,No,2400,2400,0,5472,125
14:30:53.792,active,15305,502,7716,16788,-5,95,63.4,58.3,No,2400,2400,0,5479,125
14:30:54.793,active,15361,472,7272,16788,-4,95,63.4,57.1,No,2400,2400,0,5479,125
14:30:55.790,active,15299,472,7252,16786,-7,95,62.8,56.6,No,2400,2400,0,5496,125
14:30:56.793,active,15335,458,7040,16786,-5,95,63.9,59.6,No,2400,2400,0,5482,125
14:30:57.793,active,15299,526,8082,16786,-8,95,63.9,59.5,No,2400,2400,0,5490,125
14:30:58.789,active,15329,506,7792,16787,0,95,63.4,57.3,No,2400,2400,0,5484,125
14:30:59.789,active,15337,482,7388,16787,-5,95,63.4,58.8,No,2400,2400,0,5481,125
14:31:00.789,active,15337,478,7350,16787,-3,95,63.9,58.5,No,2400,2400,0,5486,125
14:31:01.793,active,15322,476,7330,16787,-4,95,63.4,57.9,No,2400,2400,0,5493,125
14:31:02.789,active,15309,712,11594,16786,-3,95,62.8,59.0,No,2400,2400,0,5502,125
14:31:03.789,active,15305,770,11806,16786,-6,95,62.8,58.3,No,2400,2400,0,5496,125
14:31:04.792,active,15309,756,10610,16786,-4,95,62.2,58.9,No,2400,2400,0,5497,125
14:31:05.793,active,15309,778,11940,16789,0,95,63.9,58.9,No,2400,2400,0,5522,125
14:31:06.789,active,15303,730,7870,16788,0,95,65.0,57.1,No,2400,2400,0,5501,125
14:31:07.789,active,15303,730,11188,16788,0,95,63.4,54.3,No,2400,2400,0,5499,125
14:31:08.793,active,15305,472,6558,16787,0,95,61.7,54.4,No,2400,2400,0,5504,125
14:31:09.790,active,15299,750,11516,16787,0,95,62.2,54.1,No,2400,2400,0,5498,125
14:31:10.789,sleep,15303,480,7504,16787,0,95,60.6,37.9,No,2400,2400,0,5515,125
14:31:11.789,sleep,15292,484,7466,16791,17,95,58.4,0.0,No,2400,2400,0,5542,125
14:31:12.789,sleep,15299,542,8314,16792,14,95,58.4,-0.0,No,2400,2400,0,5552,125
14:31:13.789,sleep,15301,512,7040,16791,15,95,57.9,0.2,No,2400,2400,0,5555,125
14:31:14.789,sleep,15292,522,8024,16789,8,95,57.3,0.0,No,2400,2400,0,5552,125
14:31:15.789,sleep,15294,504,5728,16789,10,95,56.2,0.2,No,1500,2400,0,5571,125
14:31:16.789,sleep,15303,482,7408,16790,16,95,55.6,-0.0,No,1500,2400,0,5560,125
14:31:17.789,sleep,15296,522,4996,16790,10,95,54.5,1.2,No,1500,2400,0,5559,75
14:31:18.789,sleep,15290,368,5652,16791,14,95,54.0,-0.0,No,1500,2400,0,3766,75
14:31:19.789,sleep,15294,370,8044,16792,13,95,54.0,0.3,No,1500,2400,0,3443,75
14:31:20.789,sleep,15301,482,7388,16791,14,95,53.5,-0.0,No,1500,2400,0,3390,75
14:31:21.789,sleep,15303,530,8140,16791,17,95,53.5,0.0,No,1500,2400,0,3387,75
14:31:22.789,sleep,15292,488,7484,16791,19,95,52.4,0.3,No,1500,2400,0,3391,75
14:31:23.789,sleep,15294,486,7446,16791,18,95,52.9,0.3,No,1500,2400,0,3371,75
14:31:24.789,sleep,15296,324,8068,16793,19,95,52.9,0.0,No,1500,2400,0,3369,75
14:31:25.789,active,15320,486,7466,16790,12,95,56.2,25.0,No,2400,2400,0,3362,75
14:31:26.789,active,15307,494,11112,16788,0,95,57.3,52.2,No,2400,2400,0,3318,75
14:31:27.789,active,15314,456,7002,16788,0,95,59.0,51.0,No,2400,2400,0,3299,75
14:31:28.790,active,15303,464,15838,16787,0,95,59.5,55.1,No,2400,2400,0,3288,75
14:31:29.791,active,15305,700,10726,16790,-3,95,59.0,52.7,No,2400,2400,0,3296,75
14:31:30.789,active,15296,666,10204,16790,0,95,59.0,54.2,No,2400,2400,0,3293,75
14:31:31.793,active,15301,734,7682,16789,0,95,60.0,53.0,No,2400,2400,0,3281,75
14:31:32.793,active,15307,762,11670,16788,0,95,60.0,54.0,No,2400,2400,0,4874,125
14:31:33.789,active,15301,688,10860,16788,0,95,60.6,52.8,No,2400,2400,0,5373,125
14:31:34.789,active,15299,516,7948,16787,0,95,61.7,51.3,No,2400,2400,0,5410,125
14:31:35.798,active,15301,726,9318,16788,0,95,61.1,55.4,No,2400,2400,0,5415,125
14:31:36.790,active,15305,740,11342,16789,0,95,61.1,56.6,No,2400,2400,0,5409,125
14:31:37.789,active,15273,484,8642,16788,-3,95,60.0,55.2,No,2400,2400,0,5392,125
14:31:38.789,active,15260,952,11512,16788,0,95,61.1,54.0,No,2400,2400,0,5410,125
14:31:39.792,active,15262,756,11612,16788,0,95,61.1,52.9,No,2400,2400,0,5413,125
14:31:40.793,active,15256,880,11054,16788,0,95,61.7,51.4,No,2400,2400,0,5424,125
14:31:41.789,active,15309,678,10398,16788,0,95,61.7,51.7,No,2400,2400,0,5424,125
14:31:42.790,active,15268,1064,11922,16789,0,95,61.1,52.4,No,2400,2400,0,5419,125
14:31:43.790,active,15290,702,10744,16788,0,95,60.6,56.8,No,2400,2400,0,5413,125
14:31:44.789,active,15290,742,13948,16788,0,95,62.2,57.8,No,2400,2400,0,5416,125
14:31:45.790,active,15314,696,10706,16788,0,95,61.7,57.4,No,2400,2400,0,5422,125
14:31:46.793,active,15296,766,10860,16788,0,95,62.8,57.0,No,2400,2400,0,5429,125
14:31:47.789,active,15320,470,11400,16788,0,95,62.2,55.5,No,2400,2400,0,5433,125
14:31:48.789,active,15320,466,7156,16786,-5,95,62.8,53.9,No,2400,2400,0,5445,125
14:31:49.790,active,15309,480,10668,16788,0,95,61.7,52.1,No,2400,2400,0,5452,125
14:31:50.790,active,15296,702,10744,16788,0,95,60.6,51.4,No,2400,2400,0,5444,125
14:31:51.789,active,15303,566,12366,16789,3,95,61.1,51.8,No,2400,2400,0,5453,125
14:31:52.793,active,15277,744,11400,16789,8,95,62.8,54.2,No,2400,2400,0,5445,125
14:31:53.789,active,15311,764,11362,16788,0,95,63.4,58.2,No,2400,2400,0,5433,125
14:31:54.789,active,15260,708,10842,16787,0,95,63.4,57.0,No,2400,2400,0,5449,125
14:31:55.792,active,15322,808,12366,16789,0,95,63.4,57.8,No,2400,2400,0,5454,125
14:31:56.793,active,15305,700,10744,16789,0,95,62.8,58.7,No,2400,2400,0,5461,125
14:31:57.789,active,15299,742,11400,16788,-6,95,62.8,59.4,No,2400,2400,0,5469,125
14:31:58.789,active,15305,764,9472,16788,-7,95,62.8,58.4,No,2400,2400,0,5486,125
14:31:59.793,active,15303,680,10436,16787,-4,95,63.9,58.5,No,2400,2400,0,5481,125
14:32:00.789,active,15305,470,7234,16786,-5,95,63.4,57.3,No,2400,2400,0,5487,125
14:32:01.789,active,15311,492,7562,16787,-5,95,63.4,57.9,No,2400,2400,0,5478,125
14:32:02.790,active,15303,622,9548,16789,0,95,62.8,57.8,No,2400,2400,0,5472,125
14:32:03.794,active,15361,506,8816,16788,0,95,63.4,57.5,No,2400,2400,0,5464,125
14:32:04.789,active,15296,720,11054,16787,-5,95,62.8,57.1,No,2400,2400,0,5468,125
14:32:05.789,active,15271,922,11150,16787,-3,95,64.5,59.1,No,2400,2400,0,5477,125
14:32:06.793,active,15275,946,14468,16787,0,95,63.9,58.6,No,2400,2400,0,5468,125
14:32:07.793,active,15299,712,10070,16786,-4,95,63.9,58.6,No,2400,2400,0,5488,125
14:32:08.789,active,15296,706,10842,16787,-5,95,63.9,58.4,No,2400,2400,0,5485,125
14:32:09.796,active,15275,754,11574,16788,0,95,63.9,58.8,No,2400,2400,0,5496,125
14:32:10.793,active,15283,818,12538,16787,-4,95,62.8,59.9,No,2400,2400,0,5506,125
14:32:11.789,active,15277,708,10880,16786,-4,95,62.8,57.8,No,2400,2400,0,5488,125
14:32:12.789,active,15316,672,11108,16785,-7,95,62.8,60.0,No,2400,2400,0,5482,125
14:32:13.793,active,15316,692,10628,16788,-4,95,63.9,59.0,No,2400,2400,0,5485,125
14:32:14.793,active,15311,826,12636,16789,0,95,62.8,57.8,No,2400,2400,0,5484,125
14:32:15.789,active,15286,700,10706,16789,0,95,63.4,57.8,No,2400,2400,0,5497,125
14:32:16.790,active,15309,736,11266,16787,0,95,63.4,58.5,No,2400,2400,0,5482,125
14:32:17.797,active,15279,714,10938,16786,-7,95,62.2,58.6,No,2400,2400,0,5494,125
14:32:18.789,active,15283,754,11536,16786,-3,95,63.4,58.9,No,2400,2400,0,5499,125
14:32:19.790,active,15262,750,11266,16787,-3,95,63.9,58.9,No,2400,2400,0,5501,125
14:32:20.793,active,15277,766,11728,16788,-4,95,63.4,59.5,No,2400,2400,0,5510,125
14:32:21.789,active,15286,696,13406,16787,-3,95,63.4,58.0,No,2400,2400,0,5506,125
14:32:22.789,active,15294,750,11516,16787,0,95,63.9,58.3,No,2400,2400,0,5510,125
14:32:23.789,active,15303,526,8082,16787,0,95,63.4,57.4,No,2400,2400,0,5491,125
14:32:24.796,active,15359,484,7446,16786,-3,95,63.4,54.5,No,2400,2400,0,5500,125
14:32:25.789,sleep,15303,514,7870,16788,-3,95,60.0,40.0,No,2400,2400,0,5505,125
14:32:26.789,sleep,15299,436,6694,16790,11,95,59.5,-0.0,No,2400,2400,0,5540,125
14:32:27.789,sleep,15296,520,7966,16790,12,95,57.3,0.5,No,2400,2400,0,5537,125
14:32:28.789,sleep,15301,480,7292,16790,14,95,56.8,0.3,No,2400,2400,0,5541,125
14:32:29.789,sleep,15294,486,7446,16789,11,95,56.8,0.0,No,2400,2400,0,5555,125
14:32:30.789,sleep,15296,480,6558,16790,10,95,55.6,-0.0,No,1500,2400,0,5551,125
14:32:31.789,sleep,15294,394,6056,16790,11,95,55.1,0.3,No,1500,2400,0,5558,125
14:32:32.789,sleep,15296,506,7754,16790,13,95,54.5,0.0,No,1500,2400,0,5557,125
14:32:33.789,sleep,15303,506,7754,16790,12,95,54.0,-0.0,No,1500,2400,0,5013,75
14:32:34.789,sleep,15299,356,5478,16792,17,95,53.5,0.5,No,1500,2400,0,3632,75
14:32:35.789,sleep,15299,508,7812,16792,14,95,53.5,0.0,No,1500,2400,0,3424,75
14:32:36.789,sleep,15296,530,8120,16790,12,95,52.9,0.2,No,1500,2400,0,3393,75
14:32:37.789,sleep,15301,566,5116,16790,10,95,52.9,0.0,No,1500,2400,0,3371,75
14:32:38.789,sleep,15296,540,8276,16790,11,95,52.9,0.3,No,1500,2400,0,3367,75
14:32:39.789,sleep,15299,544,5806,16790,15,95,51.8,-0.0,No,1500,2400,0,3371,75
14:32:40.793,active,15236,708,10860,16792,14,95,55.6,22.8,No,2400,2400,0,3349,75
14:32:41.789,active,15307,852,13040,16789,0,95,57.3,53.1,No,2400,2400,0,3322,75
14:32:42.789,active,15258,830,12694,16789,-3,95,58.4,51.8,No,2400,2400,0,3307,75
14:32:43.789,active,15262,902,13792,16787,-8,95,57.9,51.4,No,2400,2400,0,3306,75
14:32:44.790,active,15260,866,12466,16786,-6,95,57.3,51.0,No,2400,2400,0,3303,75
14:32:45.794,active,15260,756,11574,16786,-6,95,59.0,54.5,No,2400,2400,0,3282,75
14:32:46.789,active,15260,876,10340,16787,-4,95,59.5,53.1,No,2400,2400,0,3273,75
14:32:47.789,active,15268,724,11112,16789,0,95,59.5,52.4,No,2400,2400,0,3271,75
14:32:48.793,active,15258,962,10648,16788,0,95,60.6,51.9,No,2400,2400,0,3266,75
14:32:49.789,active,15326,416,6384,16788,0,95,61.1,51.4,No,2400,2400,0,5081,125
14:32:50.789,active,15346,478,7350,16787,-5,95,61.1,51.5,No,2400,2400,0,5386,125
14:32:51.793,active,15316,498,7658,16787,-5,95,60.6,51.5,No,2400,2400,0,5393,125
14:32:52.790,active,15333,484,7446,16788,-5,95,60.0,52.1,No,2400,2400,0,5388,125
14:32:53.789,active,15311,532,7600,16787,0,95,60.6,52.7,No,2400,2400,0,5382,125
14:32:54.789,active,15331,496,7620,16786,-3,95,61.1,52.2,No,2400,2400,0,5415,125
14:32:55.789,active,15309,416,9992,16787,-6,95,61.1,51.9,No,2400,2400,0,5403,125
14:32:56.789,active,15311,510,7850,16787,-4,95,62.2,52.0,No,2400,2400,0,5409,125
14:32:57.792,active,15303,468,12076,16788,-5,95,61.7,51.9,No,2400,2400,0,5402,125
14:32:58.793,active,15294,648,8930,16790,0,95,61.7,52.8,No,2400,2400,0,5423,125
14:32:59.789,active,15305,722,11072,16788,-3,95,60.6,56.3,No,2400,2400,0,5412,125
14:33:00.789,active,15301,672,11382,16787,-3,95,61.7,56.6,No,2400,2400,0,5421,125
14:33:01.789,active,15307,728,11170,16788,0,95,61.7,57.3,No,2400,2400,0,5424,125
14:33:02.789,active,15307,678,11498,16787,0,95,62.2,58.0,No,2400,2400,0,5435,125
14:33:03.791,active,15309,678,10416,16788,-4,95,63.4,57.0,No,2400,2400,0,5435,125
14:33:04.789,active,15305,690,12114,16788,0,95,63.4,58.4,No,2400,2400,0,5434,125
14:33:05.796,active,15296,786,12056,16788,-5,95,61.7,57.3,No,2400,2400,0,5430,125
14:33:06.789,active,15296,670,11382,16788,0,95,61.7,57.9,No,2400,2400,0,5439,125
14:33:07.789,active,15262,820,12558,16786,-7,95,63.4,58.0,No,2400,2400,0,5422,125
14:33:08.793,active,15275,914,14004,16787,-3,95,63.4,59.7,No,2400,2400,0,5433,125
14:33:09.789,active,15288,770,11806,16789,0,95,62.8,57.9,No,2400,2400,0,5441,125
14:33:10.790,active,15256,706,10802,16787,0,95,62.8,57.4,No,2400,2400,0,5458,125
14:33:11.790,active,15273,804,10260,16788,-3,95,63.4,58.3,No,2400,2400,0,5461,125
14:33:12.792,active,15268,958,14660,16787,-3,95,62.2,56.4,No,2400,2400,0,5454,125
14:33:13.789,active,15288,766,14004,16788,0,95,62.2,57.7,No,2400,2400,0,5448,125
14:33:14.793,active,15281,868,13330,16787,0,95,63.4,57.8,No,2400,2400,0,5467,125
14:33:15.793,active,15271,924,10398,16788,-4,95,63.4,57.3,No,2400,2400,0,5471,125
14:33:16.793,active,15352,818,12520,16788,0,95,63.4,56.8,No,2400,2400,0,5473,125
14:33:17.791,active,15337,536,8236,16787,-4,95,63.4,56.7,No,2400,2400,0,5473,125
14:33:18.792,active,15333,512,7870,16786,-3,95,63.9,57.9,No,2400,2400,0,5479,125
14:33:19.792,active,15320,508,7792,16787,-5,95,61.1,58.3,No,2400,2400,0,5462,125
14:33:20.789,active,15322,540,8294,16788,0,95,63.4,57.9,No,2400,2400,0,5480,125
14:33:21.789,active,15324,500,7678,16787,0,95,63.4,59.1,No,2400,2400,0,5480,125
14:33:22.793,active,15311,528,12454,16787,0,95,63.4,58.3,No,2400,2400,0,5473,125
14:33:23.789,active,15322,646,9896,16786,-3,95,63.4,58.6,No,2400,2400,0,5484,125
14:33:24.789,active,15316,490,11652,16787,-3,95,62.8,60.5,No,2400,2400,0,5461,125
14:33:25.793,active,15318,720,11034,16786,-3,95,63.4,58.8,No,2400,2400,0,5477,125
14:33:26.790,active,15303,692,10610,16788,-3,95,62.8,58.6,No,2400,2400,0,5455,125
14:33:27.789,active,15305,706,10822,16788,-7,95,62.8,59.0,No,2400,2400,0,5477,125
14:33:28.792,active,15299,722,11072,16787,-6,95,63.9,58.8,No,2400,2400,0,5489,125
14:33:29.793,active,15307,734,11266,16787,-4,95,63.4,59.2,No,2400,2400,0,5493,125
14:33:30.789,active,15299,696,10686,16786,-3,95,63.4,57.9,No,2400,2400,0,5485,125
14:33:31.789,active,15296,724,7508,16786,-6,95,63.4,58.7,No,2400,2400,0,5488,125
14:33:32.793,active,15307,508,7812,16787,-3,95,63.4,58.8,No,2400,2400,0,5483,125
14:33:33.796,active,15354,542,7716,16788,-4,95,62.8,57.0,No,2400,2400,0,5497,125
14:33:34.789,active,15266,940,14372,16788,0,95,62.2,55.1,No,2400,2400,0,5494,125
14:33:35.793,active,15264,678,10398,16787,-3,95,63.4,55.5,No,2400,2400,0,5484,125
14:33:36.789,active,15277,906,13870,16786,-6,95,63.4,55.4,No,2400,2400,0,5501,125
14:33:37.789,active,15264,784,12038,16785,-9,95,63.4,58.5,No,2400,2400,0,5494,125
14:33:38.790,active,15301,732,11502,16786,-8,95,62.8,51.9,No,2400,2400,0,5506,125
14:33:39.793,active,15275,750,11498,16786,-6,95,62.2,51.2,No,2400,2400,0,5500,125
14:33:40.789,sleep,15299,426,8352,16787,0,95,60.6,41.1,No,2400,2400,0,5507,125
14:33:41.789,sleep,15296,518,7948,16790,16,95,59.0,0.0,No,2400,2400,0,5551,125
14:33:42.789,sleep,15303,532,7176,16789,12,95,56.8,0.2,No,2400,2400,0,5543,125
14:33:43.789,sleep,15296,524,8044,16790,11,95,57.3,-0.0,No,2400,2400,0,5551,125
14:33:44.789,sleep,15292,490,7522,16791,12,95,56.2,0.0,No,2400,2400,0,5551,125
14:33:45.789,sleep,15294,440,8546,16792,12,95,55.6,0.3,No,1500,2400,0,5541,125
14:33:46.789,sleep,15296,436,6694,16791,15,95,55.1,-0.0,No,1500,2400,0,5558,125
14:33:47.789,sleep,15299,378,6096,16791,15,95,54.5,0.3,No,1500,2400,0,5564,125
14:33:48.789,sleep,15303,218,3356,16790,15,95,54.5,0.3,No,1500,2400,0,4396,75
14:33:49.789,sleep,15305,316,3742,16790,11,95,53.5,-0.0,No,1500,2400,0,3549,75
14:33:50.789,sleep,15299,534,8198,16791,13,95,52.9,0.3,No,1500,2400,0,3417,75
14:33:51.789,sleep,15301,494,4224,16791,15,95,52.9,0.0,No,1500,2400,0,3386,75
14:33:52.789,sleep,15296,492,8564,16791,15,95,52.4,-0.0,No,1500,2400,0,3388,75
14:33:53.789,sleep,15299,302,4630,16790,12,95,52.4,0.0,No,1500,2400,0,3366,75
14:33:54.789,sleep,15299,258,4204,16790,16,95,52.4,0.3,No,1500,2400,0,3378,75
14:33:55.789,active,15303,526,8102,16791,14,95,54.5,19.5,No,2400,2400,0,3361,75
14:33:56.789,active,15357,494,7138,16788,0,95,56.8,52.2,No,2400,2400,0,3314,75
14:33:57.790,active,15316,440,6752,16788,-3,95,57.9,52.0,No,2400,2400,0,3309,75
14:33:58.789,active,15344,438,6346,16787,-4,95,58.4,51.3,No,2400,2400,0,3314,75
14:33:59.790,active,15311,404,6192,16788,0,95,59.0,51.8,No,2400,2400,0,3304,75
14:34:00.790,active,15335,454,7754,16788,0,95,57.9,51.5,No,2400,2400,0,3302,75
14:34:01.789,active,15279,924,10320,16788,-3,95,59.0,56.3,No,2400,2400,0,3272,75
14:34:02.789,active,15275,694,10648,16788,0,95,59.5,56.3,No,2400,2400,0,3451,125
14:34:03.789,active,15301,734,10514,16788,-4,95,60.6,52.9,No,2400,2400,0,5267,125
14:34:04.789,active,15305,712,10918,16789,0,95,60.0,52.1,No,2400,2400,0,5411,125
14:34:05.789,active,15314,678,10108,16788,0,95,61.1,56.2,No,2400,2400,0,5412,125
14:34:06.792,active,15303,728,11170,16787,0,95,61.1,56.4,No,2400,2400,0,5407,125
14:34:07.789,active,15309,694,12326,16787,-4,95,60.0,55.8,No,2400,2400,0,5402,125
14:34:08.789,active,15320,724,11112,16788,-4,95,61.1,57.8,No,2400,2400,0,5406,125
14:34:09.789,active,15307,970,11786,16788,-4,95,61.7,57.0,No,2400,2400,0,5410,125
14:34:10.793,active,15301,690,11284,16788,-4,95,61.7,56.6,No,2400,2400,0,5412,125
14:34:11.789,active,15324,808,12366,16788,-4,95,62.2,57.3,No,2400,2400,0,5418,125
14:34:12.789,active,15279,660,11382,16787,-3,95,62.8,58.3,No,2400,2400,0,5414,125
14:34:13.793,active,15238,784,11960,16786,-9,95,62.8,58.1,No,2400,2400,0,5417,125
14:34:14.790,active,15247,778,13774,16786,-6,95,61.7,52.6,No,2400,2400,0,5421,125
14:34:15.789,active,15260,884,13542,16787,-3,95,61.7,51.8,No,2400,2400,0,5431,125
14:34:16.789,active,15238,848,13928,16786,-3,95,61.1,52.0,No,2400,2400,0,5440,125
14:34:17.789,active,15256,940,14390,16788,0,95,61.1,52.3,No,2400,2400,0,5434,125
14:34:18.789,active,15253,830,12712,16788,3,95,62.2,51.2,No,2400,2400,0,5443,125
14:34:19.789,active,15344,498,7890,16787,0,95,61.7,51.5,No,2400,2400,0,5454,125
14:34:20.793,active,15326,462,7118,16788,0,95,62.2,51.4,No,2400,2400,0,5442,125
14:34:21.790,active,15303,774,7408,16787,-3,95,61.1,52.6,No,2400,2400,0,5452,125
14:34:22.789,active,15301,700,10726,16786,-6,95,62.2,58.9,No,2400,2400,0,5454,125
14:34:23.789,active,15348,478,7350,16787,-8,95,62.8,59.9,No,2400,2400,0,5444,125
14:34:24.789,active,15346,540,8294,16787,-8,95,62.8,57.2,No,2400,2400,0,5450,125
14:34:25.789,active,15352,510,7832,16787,-8,95,62.8,59.3,No,2400,2400,0,5453,125
14:34:26.792,active,15333,470,7234,16786,-6,95,63.4,58.0,No,2400,2400,0,5464,125
14:34:27.793,active,15350,526,8064,16788,-3,95,62.8,58.9,No,2400,2400,0,5475,125
14:34:28.793,active,15277,714,10996,16788,-4,95,63.4,59.9,No,2400,2400,0,5464,125
14:34:29.789,active,15303,752,11536,16787,-5,95,62.8,59.2,No,2400,2400,0,5462,125
14:34:30.789,active,15294,766,11748,16787,0,95,62.8,60.5,No,2400,2400,0,5466,125
14:34:31.793,active,15303,760,11652,16787,0,95,62.8,58.7,No,2400,2400,0,5471,125
14:34:32.789,active,15305,740,11362,16787,-4,95,63.4,58.8,No,2400,2400,0,5471,125
14:34:33.789,active,15305,744,11420,16787,-6,95,63.4,58.3,No,2400,2400,0,5478,125
14:34:34.793,active,15303,722,11072,16788,-4,95,63.9,58.9,No,2400,2400,0,5484,125
14:34:35.792,active,15301,728,10860,16788,0,95,62.2,59.1,No,2400,2400,0,5476,125
14:34:36.789,active,15305,678,10416,16787,0,95,62.8,59.6,No,2400,2400,0,5479,125
14:34:37.792,active,15258,732,11226,16788,3,95,62.8,58.6,No,2400,2400,0,5476,125
14:34:38.792,active,15271,756,11594,16787,0,95,62.8,58.1,No,2400,2400,0,5480,125
14:34:39.789,active,15256,790,12096,16788,0,95,63.4,59.0,No,2400,2400,0,5480,125
14:34:40.793,active,15281,752,14608,16787,0,95,63.4,60.2,No,2400,2400,0,5488,125
14:34:41.793,active,15277,978,14970,16787,-3,95,62.8,59.4,No,2400,2400,0,5501,125
14:34:42.790,active,15283,836,13406,16787,-3,95,62.8,59.2,No,2400,2400,0,5503,125
14:34:43.789,active,15273,870,13330,16787,-4,95,62.8,57.8,No,2400,2400,0,5473,125
14:34:44.789,active,15266,1014,10802,16787,-4,95,63.9,55.3,No,2400,2400,0,5488,125
14:34:45.793,active,15309,680,10436,16787,-4,95,62.8,55.5,No,2400,2400,0,5495,125
14:34:46.789,active,15335,478,7350,16788,4,95,63.4,54.5,No,2400,2400,0,5489,125
14:34:47.791,active,15316,548,7522,16789,5,95,63.9,58.8,No,2400,2400,0,5501,125
14:34:48.793,active,15326,552,8488,16787,0,95,62.2,55.5,No,2400,2400,0,5485,125
14:34:49.789,active,15316,498,10918,16786,0,95,61.7,50.9,No,2400,2400,0,5507,125
14:34:50.789,active,15305,508,7812,16786,0,95,62.2,52.0,No,2400,2400,0,5495,125
14:34:51.789,active,15320,476,9202,16787,0,95,62.8,54.3,No,2400,2400,0,5514,125
14:34:52.789,active,15318,636,9760,16786,0,95,63.4,55.7,No,2400,2400,0,5494,125
14:34:53.789,active,15316,796,12732,16787,0,95,63.4,53.9,No,2400,2400,0,5488,125
14:34:54.792,active,15256,618,9452,16789,0,95,62.8,52.5,No,2400,2400,0,5504,125
14:34:55.789,sleep,15294,534,8198,16789,0,95,60.0,44.8,No,2400,2400,0,5512,125
14:34:56.789,sleep,15299,508,8584,16790,15,95,59.0,0.0,No,2400,2400,0,5560,125
14:34:57.789,sleep,15296,568,8718,16789,15,95,57.9,0.0,No,2400,2400,0,5545,125
14:34:58.789,sleep,15296,746,7986,16789,11,95,57.3,0.3,No,2400,2400,0,5548,125
14:34:59.789,sleep,15294,492,7542,16790,11,95,56.8,0.0,No,2400,2400,0,5541,125
14:35:00.789,sleep,15296,406,6250,16790,12,95,56.2,0.2,No,1500,2400,0,5544,125
14:35:01.789,sleep,15294,484,7408,16791,15,95,55.6,0.3,No,1500,2400,0,5549,125
14:35:02.789,sleep,15294,506,7754,16790,18,95,54.5,0.0,No,1500,2400,0,5560,125
14:35:03.789,sleep,15294,386,6482,16791,17,95,54.0,0.0,No,1500,2400,0,5568,125
14:35:04.789,sleep,15288,480,7350,16791,17,95,53.5,-0.0,No,1500,2400,0,4049,75
14:35:05.789,sleep,15294,436,6674,16791,19,95,54.0,0.0,No,1500,2400,0,3491,75
14:35:06.789,sleep,15294,514,7890,16792,17,95,51.8,0.3,No,1500,2400,0,3407,75
14:35:07.789,sleep,15294,436,6674,16792,18,95,52.9,0.3,No,1500,2400,0,3385,75
14:35:08.789,sleep,15292,444,7322,16790,13,95,52.9,0.3,No,1500,2400,0,3380,75
14:35:09.789,sleep,15294,492,7542,16790,15,95,51.8,0.0,No,1500,2400,0,3363,75
14:35:10.789,active,15305,702,11516,16793,19,95,54.5,16.3,No,2400,2400,0,3375,75
14:35:11.789,active,15305,708,10880,16788,-4,95,57.3,54.4,No,2400,2400,0,3330,75
14:35:12.793,active,15303,706,11824,16790,0,95,58.4,56.9,No,2400,2400,0,3307,75
14:35:13.793,active,15301,404,11076,16788,0,95,59.0,56.2,No,2400,2400,0,3295,75
14:35:14.789,active,15316,690,10552,16788,0,95,59.5,56.1,No,2400,2400,0,3306,75
14:35:15.790,active,15314,510,12192,16787,-4,95,60.0,56.7,No,2400,2400,0,3297,75
14:35:16.794,active,15316,692,10590,16787,-5,95,59.0,56.9,No,2400,2400,0,3289,75
14:35:17.789,active,15290,632,12442,16788,-4,95,59.5,56.2,No,2400,2400,0,4328,125
14:35:18.789,active,15273,710,10880,16787,-6,95,60.6,56.8,No,2400,2400,0,5327,125
14:35:19.789,active,15279,674,13040,16787,0,95,60.6,56.6,No,2400,2400,0,5405,125
14:35:20.789,active,15286,726,11112,16787,-3,95,61.1,56.5,No,2400,2400,0,5417,125
14:35:21.789,active,15301,708,10860,16787,-3,95,61.7,57.0,No,2400,2400,0,5423,125
14:35:22.793,active,15303,746,8430,16787,0,95,61.7,57.9,No,2400,2400,0,5407,125
14:35:23.792,active,15299,726,11130,16788,0,95,60.6,60.1,No,2400,2400,0,5391,125
14:35:24.789,active,15357,494,7252,16788,0,95,62.2,57.5,No,2400,2400,0,5417,125
14:35:25.789,active,15303,534,8198,16788,0,95,62.2,57.7,No,2400,2400,0,5412,125
14:35:26.793,active,15305,576,7638,16787,0,95,62.8,57.9,No,2400,2400,0,5423,125
14:35:27.789,active,15350,518,7986,16787,-3,95,62.8,59.0,No,2400,2400,0,5411,125
14:35:28.790,active,15299,428,7754,16789,0,95,62.8,57.1,No,2400,2400,0,5421,125
14:35:29.791,active,15337,494,7600,16789,0,95,63.9,57.5,No,2400,2400,0,5432,125
14:35:30.790,active,15294,708,10860,16788,0,95,62.2,58.2,No,2400,2400,0,5428,125
14:35:31.789,active,15275,888,10436,16787,0,95,62.2,58.5,No,2400,2400,0,5424,125
14:35:32.791,active,15311,744,11420,16789,0,95,63.4,58.5,No,2400,2400,0,5435,125
14:35:33.789,active,15309,720,10996,16788,0,95,63.4,57.3,No,2400,2400,0,5435,125
14:35:34.789,active,15314,708,10860,16788,0,95,63.9,58.5,No,2400,2400,0,5440,125
14:35:35.792,active,15279,798,12404,16788,0,95,63.4,57.5,No,2400,2400,0,5449,125
14:35:36.793,active,15305,780,11960,16787,0,95,63.4,57.9,No,2400,2400,0,5444,125
14:35:37.790,active,15305,744,11400,16788,0,95,61.7,57.4,No,2400,2400,0,5440,125
14:35:38.789,active,15311,802,12326,16788,0,95,62.2,58.8,No,2400,2400,0,5446,125
14:35:39.793,active,15307,766,11768,16790,4,95,63.9,58.2,No,2400,2400,0,5453,125
14:35:40.793,active,15290,738,11844,16790,3,95,63.4,59.0,No,2400,2400,0,5453,125
14:35:41.789,active,15264,882,13484,16788,0,95,63.4,58.7,No,2400,2400,0,5457,125
14:35:42.790,active,15266,732,12790,16788,4,95,62.8,58.7,No,2400,2400,0,5471,125
14:35:43.793,active,15256,888,13580,16788,5,95,62.8,59.7,No,2400,2400,0,5469,125
14:35:44.790,active,15266,1012,13176,16788,0,95,62.2,58.8,No,2400,2400,0,5469,125
14:35:45.789,active,15271,708,10842,16790,3,95,63.4,58.3,No,2400,2400,0,5481,125
14:35:46.792,active,15253,868,13310,16788,0,95,63.4,58.8,No,2400,2400,0,5468,125
14:35:47.789,active,15275,860,13176,16789,0,95,63.4,58.5,No,2400,2400,0,5466,125
14:35:48.789,active,15357,490,7522,16787,-3,95,63.4,59.0,No,2400,2400,0,5476,125
14:35:49.803,active,15299,714,7426,16787,0,95,63.4,58.6,No,2400,2400,0,5473,125
14:35:50.791,active,15316,530,8140,16788,0,95,62.2,54.0,No,2400,2400,0,5476,125
14:35:51.790,active,15296,724,7408,16789,0,95,61.7,54.7,No,2400,2400,0,5490,125
14:35:52.789,active,15344,460,7080,16788,0,95,62.8,58.8,No,2400,2400,0,5479,125
14:35:53.789,active,15346,762,8372,16788,0,95,62.8,58.3,No,2400,2400,0,5486,125
14:35:54.792,active,15314,464,7138,16787,0,95,63.4,54.7,No,2400,2400,0,5494,125
14:35:55.789,active,15318,508,7812,16787,0,95,63.4,54.3,No,2400,2400,0,5484,125
14:35:56.789,active,15316,560,8604,16790,0,95,62.8,54.1,No,2400,2400,0,5492,125
14:35:57.792,active,15305,702,10784,16790,3,95,62.8,56.6,No,2400,2400,0,5497,125
14:35:58.789,active,15309,748,11998,16789,0,95,62.8,58.3,No,2400,2400,0,5481,125
14:35:59.789,active,15301,774,11882,16789,4,95,62.8,54.5,No,2400,2400,0,5490,125
14:36:00.793,active,15305,692,10996,16788,3,95,62.8,53.0,No,2400,2400,0,5483,125
14:36:01.789,active,15301,678,10398,16788,0,95,63.4,53.8,No,2400,2400,0,5496,125
14:36:02.789,active,15311,690,9742,16789,0,95,63.4,53.2,No,2400,2400,0,5501,125
14:36:03.789,active,15301,690,10590,16789,0,95,63.4,53.5,No,2400,2400,0,5504,125
14:36:04.794,active,15303,486,7484,16788,0,95,63.4,53.0,No,2400,2400,0,5498,125
14:36:05.789,active,15303,692,10610,16787,0,95,61.7,55.0,No,2400,2400,0,5486,125
14:36:06.789,active,15271,856,13098,16787,-4,95,63.4,54.6,No,2400,2400,0,5509,125
14:36:07.789,active,15256,800,14874,16788,0,95,62.8,54.6,No,2400,2400,0,5497,125
14:36:08.789,active,15281,744,11420,16789,0,95,62.8,54.4,No,2400,2400,0,5492,125
14:36:09.789,active,15273,774,12192,16790,0,95,63.4,53.0,No,2400,2400,0,5504,125
14:36:10.789,sleep,15303,480,7350,16788,0,95,60.6,48.6,No,2400,2400,0,5498,125
14:36:11.789,sleep,15292,452,7542,16790,14,95,59.5,-0.0,No,2400,2400,0,5551,125
14:36:12.789,sleep,15296,510,7812,16791,15,95,58.4,0.2,No,2400,2400,0,5569,125
14:36:13.789,sleep,15292,578,8854,16790,16,95,57.3,0.0,No,2400,2400,0,5533,125
14:36:14.789,sleep,15296,514,7890,16793,15,95,56.8,-0.0,No,2400,2400,0,5546,125
14:36:15.789,sleep,15294,480,7350,16792,15,95,56.8,0.3,No,2400,2400,0,5540,125
14:36:16.789,sleep,15294,364,7522,16791,11,95,55.6,-0.0,No,1500,2400,0,5557,125
14:36:17.789,sleep,15303,518,7948,16791,14,95,54.0,0.3,No,1500,2400,0,5574,75
14:36:18.789,sleep,15299,612,5150,16791,15,95,54.0,0.0,No,1500,2400,0,3784,75
14:36:19.789,sleep,15292,368,5632,16792,15,95,53.5,0.3,No,1500,2400,0,3450,75
14:36:20.789,sleep,15296,196,3008,16791,15,95,52.4,-0.0,No,1500,2400,0,3405,75
14:36:21.789,sleep,15301,574,8796,16792,16,95,52.9,0.0,No,1500,2400,0,3389,75
14:36:22.789,sleep,15299,414,6346,16792,16,95,52.9,0.2,No,1500,2400,0,3383,75
14:36:23.789,sleep,15305,502,7952,16791,15,95,53.5,-0.0,No,1500,2400,0,3364,75
14:36:24.789,sleep,15299,364,5574,16792,15,95,52.4,0.3,No,1500,2400,0,3352,75
14:36:25.795,active,15283,586,8796,16793,16,95,54.0,11.7,No,2400,2400,0,3356,75
14:36:26.789,active,15301,708,10880,16790,0,95,55.6,52.9,No,2400,2400,0,3314,75
14:36:27.789,active,15305,720,11054,16789,0,95,57.9,53.9,No,2400,2400,0,3306,75
14:36:28.789,active,15305,724,11092,16787,0,95,59.0,55.7,No,2400,2400,0,3300,75
14:36:29.789,active,15305,720,11034,16788,0,95,59.5,56.3,No,2400,2400,0,3294,75
14:36:30.791,active,15305,720,6944,16788,0,95,59.5,56.3,No,2400,2400,0,3284,75
14:36:31.794,active,15305,654,10030,16788,-3,95,60.0,56.7,No,2400,2400,0,3271,75
14:36:32.789,active,15305,708,8718,16788,0,95,59.5,57.0,No,2400,2400,0,4833,125
14:36:33.789,active,15283,722,11072,16787,-5,95,61.1,57.3,No,2400,2400,0,5366,125
14:36:34.792,active,15279,708,10880,16787,-4,95,61.1,59.9,No,2400,2400,0,5420,125
14:36:35.793,active,15273,904,10248,16787,-5,95,61.7,58.5,No,2400,2400,0,5394,125
14:36:36.789,active,15273,810,12424,16788,-4,95,61.7,56.8,No,2400,2400,0,5397,125
14:36:37.789,active,15271,892,10898,16788,0,95,61.7,60.2,No,2400,2400,0,5406,125
14:36:38.790,active,15266,778,11940,16788,0,95,60.6,57.3,No,2400,2400,0,5385,125
14:36:39.789,active,15307,688,10842,16787,-4,95,60.6,51.5,No,2400,2400,0,5401,125
14:36:40.789,active,15305,748,11478,16787,-5,95,60.6,52.0,No,2400,2400,0,5406,125
14:36:41.789,active,15307,698,11536,16789,0,95,61.1,51.9,No,2400,2400,0,5416,125
14:36:42.793,active,15316,506,9566,16789,-3,95,61.7,51.7,No,2400,2400,0,5416,125
14:36:43.789,active,15316,556,8546,16790,0,95,61.7,51.7,No,2400,2400,0,5421,125
14:36:44.789,active,15316,474,11922,16789,0,95,61.7,51.5,No,2400,2400,0,5426,125
14:36:45.790,active,15314,636,9742,16788,-3,95,61.1,51.8,No,2400,2400,0,5431,125
14:36:46.789,active,15311,644,12732,16787,0,95,61.1,51.9,No,2400,2400,0,5435,125
14:36:47.789,active,15320,730,11188,16788,0,95,60.6,56.9,No,2400,2400,0,5425,125
14:36:48.792,active,15264,584,12096,16789,0,95,62.2,58.7,No,2400,2400,0,5440,125
14:36:49.792,active,15264,762,11670,16790,0,95,62.8,56.9,No,2400,2400,0,5423,125
14:36:50.791,active,15275,784,10938,16787,0,95,62.8,58.8,No,2400,2400,0,5426,125
14:36:51.792,active,15296,684,10494,16788,0,95,62.2,59.0,No,2400,2400,0,5443,125
14:36:52.793,active,15299,766,11748,16787,0,95,62.8,58.5,No,2400,2400,0,5441,125
14:36:53.789,active,15303,742,7798,16787,-4,95,61.7,58.5,No,2400,2400,0,5444,125
14:36:54.789,active,15305,720,11054,16788,0,95,62.8,58.9,No,2400,2400,0,5454,125
14:36:55.793,active,15301,686,7562,16789,0,95,62.8,59.1,No,2400,2400,0,5449,125
14:36:56.793,active,15299,526,8082,16788,0,95,62.8,59.0,No,2400,2400,0,5452,125
14:36:57.789,active,15294,772,8294,16789,0,95,62.8,59.1,No,2400,2400,0,5462,125
14:36:58.789,active,15301,432,6636,16787,-3,95,62.8,59.4,No,2400,2400,0,5457,125
14:36:59.793,active,15350,496,7408,16788,0,95,62.2,57.6,No,2400,2400,0,5459,125
14:37:00.789,active,15273,930,14236,16788,0,95,62.2,57.8,No,2400,2400,0,5444,125
14:37:01.789,active,15281,748,11478,16787,0,95,62.8,59.6,No,2400,2400,0,5463,125
14:37:02.791,active,15309,750,12028,16788,-6,95,62.2,56.3,No,2400,2400,0,5474,125
14:37:03.792,active,15301,702,10784,16788,-4,95,62.8,54.5,No,2400,2400,0,5475,125
14:37:04.789,active,15307,740,11554,16788,0,95,63.4,54.1,No,2400,2400,0,5474,125
14:37:05.789,active,15309,694,10648,16787,-3,95,60.6,54.3,No,2400,2400,0,5465,125
14:37:06.790,active,15309,778,11728,16787,-4,95,61.1,55.3,No,2400,2400,0,5468,125
14:37:07.789,active,15311,714,10956,16788,0,95,62.2,56.1,No,2400,2400,0,5469,125
14:37:08.789,active,15305,690,11516,16787,0,95,62.2,58.3,No,2400,2400,0,5489,125
14:37:09.791,active,15307,510,11844,16789,-3,95,62.8,52.3,No,2400,2400,0,5478,125
14:37:10.793,active,15314,650,9954,16787,-6,95,62.8,51.8,No,2400,2400,0,5480,125
14:37:11.789,active,15309,488,7484,16787,-5,95,62.2,51.4,No,2400,2400,0,5486,125
14:37:12.790,active,15309,778,11902,16786,-5,95,62.2,51.9,No,2400,2400,0,5499,125
14:37:13.790,active,15268,652,12532,16787,-3,95,61.7,52.7,No,2400,2400,0,5491,125
14:37:14.789,active,15314,808,12366,16787,-5,95,62.8,54.9,No,2400,2400,0,5475,125
14:37:15.789,active,15273,802,13986,16788,-4,95,61.7,52.0,No,2400,2400,0,5484,125
14:37:16.789,active,15264,928,14198,16788,0,95,63.4,52.2,No,2400,2400,0,5484,125
14:37:17.789,active,15258,858,11478,16788,0,95,62.8,51.5,No,2400,2400,0,5485,125
14:37:18.789,active,15359,498,7678,16788,0,95,62.2,51.3,No,2400,2400,0,5482,125
14:37:19.793,active,15307,510,7832,16787,0,95,62.8,53.2,No,2400,2400,0,5482,125
14:37:20.791,active,15359,532,8198,16788,0,95,62.2,52.6,No,2400,2400,0,5490,125
14:37:21.789,active,15305,668,10244,16788,0,95,62.2,56.4,No,2400,2400,0,5501,125
14:37:22.789,active,15301,494,7324,16788,0,95,62.2,56.0,No,2400,2400,0,5486,125
14:37:23.793,active,15305,456,7022,16788,0,95,63.4,53.1,No,2400,2400,0,5482,125
14:37:24.789,active,15299,736,7444,16788,4,95,62.8,55.6,No,2400,2400,0,5482,125
14:37:25.789,sleep,15331,512,7870,16789,5,95,61.1,52.1,No,2400,2400,0,5493,125
14:37:26.789,sleep,15301,458,6654,16790,12,95,58.4,0.2,No,2400,2400,0,5541,125
14:37:27.789,sleep,15301,486,7466,16790,8,95,57.9,-0.0,No,2400,2400,0,5545,125
14:37:28.789,sleep,15301,482,7252,16790,8,95,56.8,0.0,No,2400,2400,0,5542,125
14:37:29.789,sleep,15294,532,8160,16790,12,95,56.8,0.3,No,2400,2400,0,5536,125
14:37:30.789,sleep,15296,480,7368,16789,7,95,56.2,0.3,No,2400,2400,0,5542,125
14:37:31.789,sleep,15301,520,7966,16790,12,95,55.1,0.0,No,1500,2400,0,5551,125
14:37:32.789,sleep,15299,440,6752,16791,11,95,54.5,0.0,No,1500,2400,0,4990,75
14:37:33.789,sleep,15305,324,4976,16791,14,95,54.0,0.3,No,1500,2400,0,3638,75
14:37:34.789,sleep,15299,524,8044,16791,14,95,52.9,0.3,No,1500,2400,0,3419,75
14:37:35.789,sleep,15301,304,4648,16791,13,95,53.5,-0.0,No,1500,2400,0,3393,75
14:37:36.789,sleep,15303,266,4088,16791,14,95,52.9,0.2,No,1500,2400,0,3366,75
14:37:37.789,sleep,15301,354,5304,16791,13,95,52.4,0.0,No,1500,2400,0,3368,75
14:37:38.789,sleep,15294,616,9452,16791,12,95,51.8,0.0,No,1500,2400,0,3377,75
14:37:39.789,sleep,15305,218,7426,16792,14,95,51.2,0.3,No,1500,2400,0,3361,75
14:37:40.793,active,15303,226,3452,16792,17,95,52.9,7.5,No,1500,2400,0,3356,75
14:37:41.792,active,15253,560,13948,16788,0,95,55.6,54.5,No,2400,2400,0,3314,75
14:37:42.789,active,15264,880,13484,16788,0,95,56.2,51.5,No,2400,2400,0,3300,75
14:37:43.789,active,15258,694,10628,16788,0,95,57.9,51.9,No,2400,2400,0,3300,75
14:37:44.789,active,15260,866,13252,16789,-5,95,58.4,51.7,No,2400,2400,0,3298,75
14:37:45.789,active,15348,472,11382,16788,0,95,59.0,51.5,No,2400,2400,0,3278,75
14:37:46.792,active,15354,456,7156,16788,0,95,59.5,51.3,No,2400,2400,0,3271,75
14:37:47.793,active,15326,458,7040,16788,0,95,60.0,51.5,No,2400,2400,0,3276,75
14:37:48.789,active,15301,712,7310,16788,0,95,60.0,58.0,No,2400,2400,0,3273,75
14:37:49.789,active,15350,492,7580,16787,-7,95,59.0,59.6,No,2400,2400,0,5052,125
14:37:50.789,active,15299,712,6944,16787,-6,95,61.1,58.5,No,2400,2400,0,5370,125
14:37:51.789,active,15339,510,7850,16788,0,95,61.1,58.9,No,2400,2400,0,5394,125
14:37:52.791,active,15301,716,8680,16787,-6,95,61.1,57.8,No,2400,2400,0,5414,125
14:37:53.792,active,15329,448,6886,16787,-4,95,61.7,58.8,No,2400,2400,0,5396,125
14:37:54.795,active,15361,440,6752,16790,0,95,61.7,58.7,No,2400,2400,0,5387,125
14:37:55.789,active,15286,786,11170,16790,0,95,60.6,58.9,No,2400,2400,0,5403,125
14:37:56.789,active,15316,774,11882,16789,0,95,62.2,58.3,No,2400,2400,0,5397,125
14:37:57.793,active,15316,660,10802,16788,0,95,62.2,57.8,No,2400,2400,0,5397,125
14:37:58.789,active,15305,704,10802,16788,-4,95,62.8,57.7,No,2400,2400,0,5409,125
14:37:59.790,active,15311,714,11554,16788,-3,95,62.2,57.7,No,2400,2400,0,5394,125
14:38:00.790,active,15303,700,10744,16788,0,95,62.2,58.9,No,2400,2400,0,5410,125
14:38:01.792,active,15305,746,11440,16787,-5,95,62.2,59.6,No,2400,2400,0,5405,125
14:38:02.789,active,15303,752,11536,16788,0,95,62.8,58.7,No,2400,2400,0,5420,125
14:38:03.789,active,15309,742,11382,16787,0,95,62.2,60.3,No,2400,2400,0,5427,125
14:38:04.793,active,15256,656,11786,16787,-3,95,62.8,59.6,No,2400,2400,0,5429,125
14:38:05.789,active,15262,764,11690,16789,0,95,62.2,58.4,No,2400,2400,0,5430,125
14:38:06.789,active,15262,742,11998,16788,-4,95,62.8,58.5,No,2400,2400,0,5435,125
14:38:07.796,active,15290,696,10668,16788,0,95,63.4,58.9,No,2400,2400,0,5440,125
14:38:08.792,active,15266,966,15258,16786,-5,95,61.7,58.6,No,2400,2400,0,5432,125
14:38:09.789,active,15273,802,12268,16788,0,95,62.8,58.4,No,2400,2400,0,5434,125
14:38:10.789,active,15271,1016,15530,16787,-3,95,63.4,59.3,No,2400,2400,0,5438,125
14:38:11.793,active,15273,932,14276,16789,0,95,63.4,58.9,No,2400,2400,0,5449,125
14:38:12.789,active,15350,980,14988,16790,0,95,62.8,58.0,No,2400,2400,0,5452,125
14:38:13.789,active,15361,258,7214,16788,0,95,62.2,58.9,No,2400,2400,0,5448,125
14:38:14.790,active,15322,426,6538,16789,0,95,62.8,55.2,No,2400,2400,0,5472,125
14:38:15.791,active,15333,568,8718,16788,0,95,62.8,55.4,No,2400,2400,0,5474,125
14:38:16.789,active,15322,518,7966,16789,0,95,62.8,55.2,No,2400,2400,0,5455,125
14:38:17.789,active,15331,498,7658,16787,0,95,61.7,56.5,No,2400,2400,0,5455,125
14:38:18.789,active,15314,448,10982,16787,0,95,63.4,58.3,No,2400,2400,0,5462,125
14:38:19.789,active,15318,490,7522,16788,0,95,63.9,51.5,No,2400,2400,0,5459,125
14:38:20.789,active,15309,546,12828,16786,-5,95,62.8,52.0,No,2400,2400,0,5471,125
14:38:21.790,active,15303,754,11574,16787,0,95,62.2,50.9,No,2400,2400,0,5474,125
14:38:22.790,active,15307,696,10686,16788,0,95,62.2,54.4,No,2400,2400,0,5480,125
14:38:23.789,active,15301,766,10212,16789,0,95,62.2,52.5,No,2400,2400,0,5488,125
14:38:24.789,active,15301,684,10514,16788,0,95,62.8,55.0,No,2400,2400,0,5497,125
14:38:25.789,active,15301,714,7638,16788,0,95,62.8,52.7,No,2400,2400,0,5481,125
14:38:26.789,active,15311,766,11768,16788,0,95,62.8,53.5,No,2400,2400,0,5483,125
14:38:27.789,active,15299,684,7696,16788,-3,95,62.8,55.8,No,2400,2400,0,5480,125
14:38:28.793,active,15346,432,6654,16789,0,95,62.8,52.3,No,2400,2400,0,5504,125
14:38:29.790,active,15305,540,7948,16788,0,95,62.2,51.9,No,2400,2400,0,5500,125
14:38:30.789,active,15260,834,12366,16787,0,95,62.2,52.0,No,2400,2400,0,5495,125
14:38:31.789,active,15247,922,14102,16788,0,95,62.2,52.0,No,2400,2400,0,5486,125
14:38:32.789,active,15260,908,12500,16789,0,95,63.4,51.9,No,2400,2400,0,5483,125
14:38:33.790,active,15307,732,11246,16788,0,95,62.2,51.5,No,2400,2400,0,5483,125
14:38:34.793,active,15275,802,14160,16788,0,95,62.8,53.1,No,2400,2400,0,5484,125
14:38:35.793,active,15268,922,14120,16788,0,95,62.2,55.4,No,2400,2400,0,5469,125
14:38:36.789,active,15290,726,13754,16788,0,95,61.7,54.9,No,2400,2400,0,5486,125
14:38:37.789,active,15299,736,11284,16788,-3,95,62.8,54.5,No,2400,2400,0,5500,125
14:38:38.789,active,15279,668,11112,16787,0,95,62.2,53.0,No,2400,2400,0,5488,125
14:38:39.789,active,15333,534,8546,16789,0,95,62.8,53.1,No,2400,2400,0,5499,125
14:38:40.789,sleep,15326,486,7484,16788,0,95,62.2,52.3,No,2400,2400,0,5502,125
14:38:41.789,sleep,15294,488,8546,16790,9,95,59.0,1.0,No,2400,2400,0,5540,125
14:38:42.789,sleep,15296,494,7580,16789,12,95,57.3,0.0,No,2400,2400,0,5544,125
14:38:43.789,sleep,15296,502,6250,16790,11,95,56.8,-0.0,No,2400,2400,0,5547,125
14:38:44.789,sleep,15303,422,6482,16790,13,95,56.8,0.5,No,2400,2400,0,5546,125
14:38:45.789,sleep,15301,494,6828,16790,8,95,56.2,0.3,No,2400,2400,0,5548,125
14:38:46.789,sleep,15303,318,4880,16790,9,95,55.1,-0.0,No,1500,2400,0,5562,125
14:38:47.789,sleep,15305,308,4726,16790,13,95,55.6,0.2,No,1500,2400,0,4375,75
14:38:48.789,sleep,15296,440,4340,16790,13,95,54.0,-0.0,No,1500,2400,0,3538,75
14:38:49.789,sleep,15296,472,7252,16791,15,95,52.9,0.3,No,1500,2400,0,3417,75
14:38:50.789,sleep,15294,516,5884,16791,15,95,53.5,-0.0,No,1500,2400,0,3379,75
14:38:51.789,sleep,15301,402,6154,16791,16,95,52.4,0.0,No,1500,2400,0,3370,75
14:38:52.789,sleep,15301,404,5844,16791,14,95,52.9,0.3,No,1500,2400,0,3370,75
14:38:53.789,sleep,15299,522,8006,16791,14,95,52.9,0.0,No,1500,2400,0,3360,75
14:38:54.789,sleep,15301,532,8178,16790,14,95,52.4,0.3,No,1500,2400,0,3354,75
14:38:55.792,active,15299,340,5208,16793,15,95,52.4,1.0,No,1500,2400,0,3349,75
14:38:56.791,active,15359,504,7754,16790,0,95,56.2,57.5,No,2400,2400,0,3320,75
14:38:57.789,active,15262,922,10532,16789,-4,95,56.8,51.9,No,2400,2400,0,3302,75
14:38:58.789,active,15311,692,10610,16788,-5,95,57.3,52.2,No,2400,2400,0,3295,75
14:38:59.789,active,15301,660,10514,16788,0,95,59.5,52.3,No,2400,2400,0,3279,75
14:39:00.789,active,15311,744,11440,16788,-3,95,59.0,51.3,No,2400,2400,0,3287,75
14:39:01.791,active,15271,622,10300,16787,0,95,59.5,56.4,No,2400,2400,0,3271,75
14:39:02.790,active,15309,666,10224,16788,-4,95,60.6,58.6,No,2400,2400,0,3264,75
14:39:03.792,active,15273,666,10224,16788,-4,95,60.6,58.3,No,2400,2400,0,3352,125
14:39:04.792,active,15305,690,10590,16787,-3,95,60.6,58.6,No,2400,2400,0,5212,125
14:39:05.793,active,15271,714,10938,16788,0,95,61.1,59.1,No,2400,2400,0,5373,125
14:39:06.793,active,15309,730,11464,16787,-4,95,61.7,58.2,No,2400,2400,0,5370,125
14:39:07.789,active,15329,518,7966,16788,0,95,61.7,57.9,No,2400,2400,0,5373,125
14:39:08.789,active,15314,682,10436,16788,0,95,62.2,58.1,No,2400,2400,0,5377,125
14:39:09.790,active,15288,618,9472,16788,0,95,61.1,56.9,No,2400,2400,0,5395,125
14:39:10.789,active,15311,766,11710,16787,-3,95,61.1,58.8,No,2400,2400,0,5385,125
14:39:11.789,active,15277,764,11690,16787,-3,95,61.7,58.6,No,2400,2400,0,5382,125
14:39:12.789,active,15299,752,11516,16787,0,95,62.2,59.7,No,2400,2400,0,5386,125
14:39:13.789,active,15268,738,11796,16789,0,95,62.8,59.0,No,2400,2400,0,5394,125
14:39:14.789,active,15281,878,13426,16788,-4,95,62.2,58.7,No,2400,2400,0,5402,125
14:39:15.789,active,15303,492,7562,16788,0,95,61.7,54.5,No,2400,2400,0,5408,125
14:39:16.793,active,15354,492,7580,16788,0,95,62.8,54.1,No,2400,2400,0,5432,125
14:39:17.792,active,15301,506,7792,16787,-5,95,61.1,54.1,No,2400,2400,0,5414,125
14:39:18.789,active,15303,562,8604,16787,-5,95,61.7,58.2,No,2400,2400,0,5407,125
14:39:19.789,active,15299,556,8546,16789,-4,95,62.8,59.0,No,2400,2400,0,5416,125
14:39:20.792,active,15333,524,8064,16788,-4,95,62.8,59.0,No,2400,2400,0,5437,125
14:39:21.789,active,15301,534,8218,16788,-5,95,62.8,59.9,No,2400,2400,0,5432,125
14:39:22.793,active,15359,482,7426,16787,-5,95,63.4,58.9,No,2400,2400,0,5431,125
14:39:23.793,active,15333,546,8410,16786,-7,95,62.2,58.1,No,2400,2400,0,5435,125
14:39:24.796,active,15273,966,11498,16789,-4,95,61.7,56.2,No,2400,2400,0,5439,125
14:39:25.789,active,15303,760,11652,16788,-3,95,61.7,55.1,No,2400,2400,0,5444,125
14:39:26.789,active,15286,766,10764,16788,0,95,61.7,55.1,No,2400,2400,0,5455,125
14:39:27.793,active,15303,706,10842,16788,-5,95,62.2,55.5,No,2400,2400,0,5478,125
14:39:28.789,active,15309,732,10842,16788,0,95,62.2,57.5,No,2400,2400,0,5474,125
14:39:29.789,active,15316,736,11284,16787,0,95,62.8,55.0,No,2400,2400,0,5462,125
14:39:30.790,active,15301,670,10282,16788,-3,95,61.1,51.3,No,2400,2400,0,5452,125
14:39:31.789,active,15305,670,10282,16788,0,95,62.2,51.5,No,2400,2400,0,5457,125
14:39:32.791,active,15290,682,10456,16789,0,95,63.4,55.3,No,2400,2400,0,5468,125
14:39:33.789,active,15305,510,10784,16788,3,95,62.8,53.6,No,2400,2400,0,5470,125
14:39:34.789,active,15273,718,10996,16787,0,95,63.4,53.5,No,2400,2400,0,5471,125
14:39:35.789,active,15320,472,11440,16787,0,95,62.2,51.7,No,2400,2400,0,5485,125
14:39:36.789,active,15245,840,12828,16788,0,95,62.8,53.7,No,2400,2400,0,5466,125
14:39:37.793,active,15309,710,12674,16788,0,95,62.2,51.4,No,2400,2400,0,5475,125
14:39:38.789,active,15262,840,12848,16789,0,95,61.1,53.2,No,2400,2400,0,5479,125
14:39:39.789,active,15256,946,14024,16788,0,95,61.7,53.1,No,2400,2400,0,5479,125
14:39:40.793,active,15268,776,11882,16789,0,95,63.4,55.5,No,2400,2400,0,5479,125
14:39:41.793,active,15281,946,14488,16789,5,95,63.4,52.7,No,2400,2400,0,5474,125
14:39:42.793,active,15318,742,11362,16790,0,95,63.4,53.3,No,2400,2400,0,5484,125
14:39:43.789,active,15359,536,8256,16790,0,95,63.4,53.1,No,2400,2400,0,5488,125
14:39:44.790,active,15359,520,8294,16790,0,95,62.2,51.7,No,2400,2400,0,5489,125
14:39:45.789,active,15320,554,8506,16790,4,95,61.1,51.7,No,2400,2400,0,5482,125
14:39:46.789,active,15352,754,8314,16789,3,95,61.7,52.0,No,2400,2400,0,5487,125
14:39:47.789,active,15320,510,7850,16787,0,95,63.4,52.3,No,2400,2400,0,5497,125
14:39:48.790,active,15335,482,7388,16787,0,95,62.2,51.8,No,2400,2400,0,5495,125
14:39:49.789,active,15316,470,7214,16788,0,95,62.8,51.4,No,2400,2400,0,5488,125
14:39:50.793,active,15320,516,7908,16788,3,95,62.2,51.6,No,2400,2400,0,5497,125
14:39:51.790,active,15307,770,9400,16788,0,95,61.7,51.0,No,2400,2400,0,5493,125
14:39:52.789,active,15311,678,10398,16789,4,95,63.9,56.3,No,2400,2400,0,5493,125
14:39:53.789,active,15314,756,10610,16788,0,95,62.8,57.5,No,2400,2400,0,5497,125
14:39:54.793,active,15307,672,10320,16790,0,95,62.8,58.1,No,2400,2400,0,5496,125
14:39:55.793,active,15311,738,11304,16789,0,95,63.4,58.7,No,2400,2400,0,5491,125
14:39:56.789,sleep,15299,418,6404,16791,13,95,59.5,4.8,No,2400,2400,0,5538,125
14:39:57.789,sleep,15301,506,7754,16792,15,95,58.4,0.0,No,2400,2400,0,5541,125
14:39:58.789,sleep,15294,510,6552,16791,14,95,58.4,0.0,No,2400,2400,0,5531,125
14:39:59.789,sleep,15290,556,8526,16790,13,95,57.3,0.0,No,2400,2400,0,5526,125
14:40:00.789,sleep,15305,422,6694,16791,14,95,56.2,0.0,No,2400,2400,0,5536,125
14:40:01.789,sleep,15296,510,7832,16792,18,95,55.6,0.2,No,1500,2400,0,5545,125
14:40:02.789,sleep,15296,494,7562,16793,22,95,54.5,0.0,No,1500,2400,0,5560,125
14:40:03.789,sleep,15294,378,5786,16792,17,95,54.5,0.3,No,1500,2400,0,5566,125
14:40:04.789,sleep,15301,494,7562,16791,15,95,54.0,0.0,No,1500,2400,0,4062,75
14:40:05.789,sleep,15288,298,4572,16792,18,95,52.9,0.3,No,1500,2400,0,3486,75
14:40:06.789,sleep,15301,462,7098,16791,16,95,52.9,-0.0,No,1500,2400,0,3397,75
14:40:07.789,sleep,15301,494,7324,16793,16,95,52.9,0.0,No,1500,2400,0,3384,75
14:40:08.789,sleep,15296,302,4630,16793,19,95,53.5,0.3,No,1500,2400,0,3382,75
14:40:09.789,sleep,15294,538,8236,16793,16,95,52.4,0.0,No,1500,2400,0,3370,75
14:40:10.789,sleep,15303,472,7252,16793,12,95,52.4,0.2,No,1500,2400,0,3359,75
14:40:11.793,active,15331,440,6770,16788,0,95,56.2,54.9,No,2400,2400,0,3317,75
14:40:12.793,active,15318,468,7176,16788,0,95,57.3,51.5,No,2400,2400,0,3308,75
14:40:13.789,active,15331,464,7138,16789,0,95,57.3,51.7,No,2400,2400,0,3306,75
14:40:14.789,active,15359,542,9888,16789,-3,95,59.0,59.1,No,2400,2400,0,3280,75
14:40:15.793,active,15335,450,6924,16789,0,95,60.0,57.7,No,2400,2400,0,3278,75
14:40:16.789,active,15311,566,10552,16789,0,95,60.6,59.7,No,2400,2400,0,4331,125
14:40:17.790,active,15350,492,7542,16788,0,95,59.5,58.5,No,2400,2400,0,5334,125
14:40:18.793,active,15318,532,11014,16788,0,95,60.6,58.1,No,2400,2400,0,5423,125
14:40:19.790,active,15309,682,10474,16788,0,95,60.0,58.6,No,2400,2400,0,5416,125
14:40:20.789,active,15305,694,10668,16788,0,95,62.2,60.3,No,2400,2400,0,5417,125
14:40:21.791,active,15303,712,10918,16788,-4,95,61.7,60.3,No,2400,2400,0,5388,125
14:40:22.792,active,15307,740,11342,16788,-3,95,62.2,58.5,No,2400,2400,0,5414,125
14:40:23.789,active,15301,710,11666,16786,-3,95,62.2,59.1,No,2400,2400,0,5409,125
14:40:24.792,active,15299,698,10706,16787,0,95,62.2,58.6,No,2400,2400,0,5412,125
14:40:25.790,active,15305,636,6770,16788,0,95,62.2,56.5,No,2400,2400,0,5414,125
14:40:26.794,active,15299,528,8140,16788,0,95,61.1,54.1,No,2400,2400,0,5412,125
14:40:27.789,active,15247,952,14564,16789,0,95,61.1,54.5,No,2400,2400,0,5423,125
14:40:28.789,active,15279,724,11072,16789,0,95,61.7,57.0,No,2400,2400,0,5425,125
14:40:29.789,active,15281,950,14546,16789,0,95,62.8,58.8,No,2400,2400,0,5427,125
14:40:30.789,active,15288,742,14178,16788,0,95,63.4,57.8,No,2400,2400,0,5424,125
14:40:31.793,active,15283,898,13754,16787,-4,95,63.4,58.8,No,2400,2400,0,5430,125
14:40:32.793,active,15273,800,11806,16786,-4,95,63.4,58.3,No,2400,2400,0,5443,125
14:40:33.790,active,15268,730,11208,16789,0,95,62.2,57.9,No,2400,2400,0,5453,125
14:40:34.789,active,15271,996,11574,16789,3,95,61.7,56.6,No,2400,2400,0,5446,125
14:40:35.793,active,15275,878,13446,16788,0,95,62.8,55.2,No,2400,2400,0,5453,125
14:40:36.793,active,15316,724,11072,16788,0,95,62.8,55.0,No,2400,2400,0,5452,125
14:40:37.794,active,15309,502,7696,16789,0,95,62.8,56.9,No,2400,2400,0,5450,125
14:40:38.789,active,15324,498,7658,16789,0,95,62.8,58.7,No,2400,2400,0,5456,125
14:40:39.790,active,15311,534,8198,16789,4,95,61.1,53.2,No,2400,2400,0,5475,125
14:40:40.789,active,15322,626,9626,16789,0,95,61.7,51.5,No,2400,2400,0,5468,125
14:40:41.789,active,15309,510,11960,16788,3,95,61.7,52.0,No,2400,2400,0,5461,125
14:40:42.789,active,15309,516,7890,16788,0,95,61.7,52.2,No,2400,2400,0,5485,125
14:40:43.793,active,15311,480,13908,16788,0,95,62.2,51.7,No,2400,2400,0,5487,125
14:40:44.789,active,15256,732,11188,16790,0,95,63.4,51.5,No,2400,2400,0,5492,125
14:40:45.789,active,15301,716,14776,16788,0,95,62.2,51.7,No,2400,2400,0,5480,125
14:40:46.793,active,15303,700,10726,16788,0,95,62.2,51.3,No,2400,2400,0,5487,125
14:40:47.789,active,15301,730,11188,16788,0,95,61.1,51.3,No,2400,2400,0,5487,125
14:40:48.789,active,15301,758,8006,16789,0,95,61.7,52.2,No,2400,2400,0,5490,125
14:40:49.789,active,15305,590,9046,16789,0,95,62.8,53.1,No,2400,2400,0,5482,125
14:40:50.789,active,15303,726,7890,16787,0,95,62.8,54.0,No,2400,2400,0,5497,125
14:40:51.789,active,15309,484,7426,16787,-3,95,62.2,53.6,No,2400,2400,0,5497,125
14:40:52.790,active,15301,548,8584,16787,-5,95,62.8,52.7,No,2400,2400,0,5509,125
14:40:53.793,active,15361,496,7658,16788,0,95,62.2,52.6,No,2400,2400,0,5493,125
14:40:54.789,active,15266,862,13194,16788,-3,95,62.2,53.6,No,2400,2400,0,5484,125
14:40:55.789,active,15279,808,10166,16788,-6,95,62.2,54.0,No,2400,2400,0,5486,125
14:40:56.790,active,15309,662,10186,16788,0,95,63.4,51.9,No,2400,2400,0,5494,125
14:40:57.793,active,15303,692,10802,16788,-4,95,62.2,51.7,No,2400,2400,0,5485,125
14:40:58.789,active,15305,690,10572,16787,0,95,62.8,51.5,No,2400,2400,0,5487,125
14:40:59.789,active,15311,732,10088,16788,0,95,61.7,51.3,No,2400,2400,0,5491,125
14:41:00.790,active,15307,712,10918,16788,0,95,61.7,51.8,No,2400,2400,0,5485,125
14:41:01.789,active,15311,708,10860,16785,-7,95,61.7,51.8,No,2400,2400,0,5497,125
14:41:02.789,active,15299,650,9992,16787,-5,95,62.2,52.3,No,2400,2400,0,5492,125
14:41:03.790,active,15307,612,9394,16786,-5,95,62.2,52.0,No,2400,2400,0,5495,125
14:41:04.793,active,15307,512,9162,16787,-5,95,62.2,52.5,No,2400,2400,0,5497,125
14:41:05.789,active,15320,564,8662,16786,-7,95,62.8,56.3,No,2400,2400,0,5480,125
14:41:06.790,active,15311,516,10494,16788,-5,95,62.8,55.9,No,2400,2400,0,5501,125
14:41:07.794,active,15256,648,9916,16786,-5,95,61.7,56.0,No,2400,2400,0,5510,125
14:41:08.789,active,15311,750,11478,16786,-9,95,62.8,56.6,No,2400,2400,0,5483,125
14:41:09.789,active,15266,706,10802,16786,-6,95,62.8,57.5,No,2400,2400,0,5482,125
14:41:10.789,active,15266,764,11710,16786,-6,95,62.8,56.5,No,2400,2400,0,5491,125
14:41:11.789,sleep,15299,532,8178,16789,0,95,60.0,8.3,No,2400,2400,0,5533,125
14:41:12.789,sleep,15303,522,8006,16790,4,95,57.9,0.0,No,2400,2400,0,5549,125
14:41:13.789,sleep,15296,480,7484,16790,8,95,57.3,0.5,No,2400,2400,0,5549,125
14:41:14.789,sleep,15305,446,6828,16790,7,95,56.8,0.3,No,2400,2400,0,5549,125
14:41:15.789,sleep,15301,430,7562,16789,10,95,56.2,0.0,No,2400,2400,0,5549,125
14:41:16.789,sleep,15299,496,7620,16790,9,95,55.1,0.3,No,1500,2400,0,5571,75
14:41:17.789,sleep,15299,420,6424,16789,10,95,54.0,0.0,No,1500,2400,0,3777,75
14:41:18.789,sleep,15301,322,4958,16791,11,95,54.0,0.0,No,1500,2400,0,3441,75
14:41:19.789,sleep,15296,442,6790,16791,14,95,53.5,0.3,No,1500,2400,0,3390,75
14:41:20.789,sleep,15301,388,5940,16790,11,95,53.5,-0.0,No,1500,2400,0,3372,75
14:41:21.789,sleep,15290,344,5286,16790,13,95,53.5,0.0,No,1500,2400,0,3357,75
14:41:22.789,sleep,15296,586,5188,16790,12,95,52.4,-0.0,No,1500,2400,0,3367,75
14:41:23.789,sleep,15296,350,5362,16792,15,95,52.4,0.3,No,1500,2400,0,3355,75
14:41:24.789,sleep,15301,366,5748,16791,10,95,51.8,0.5,No,1500,2400,0,3346,75
14:41:25.789,sleep,15301,342,5246,16791,10,95,51.8,-0.0,No,1500,2400,0,3348,75
14:41:26.789,active,15303,650,9992,16787,-4,95,56.2,51.8,No,2400,2400,0,3324,75
14:41:27.793,active,15309,726,11150,16787,-7,95,56.8,51.7,No,2400,2400,0,3294,75
14:41:28.789,active,15305,698,10706,16787,-6,95,58.4,53.2,No,2400,2400,0,3293,75
14:41:29.789,active,15305,694,10668,16789,-6,95,58.4,57.6,No,2400,2400,0,3279,75
14:41:30.791,active,15260,572,10706,16786,-9,95,59.0,59.2,No,2400,2400,0,3273,75
14:41:31.789,active,15314,522,12462,16786,-9,95,60.0,59.2,No,2400,2400,0,3256,75
14:41:32.789,active,15262,752,11516,16788,-3,95,60.6,58.2,No,2400,2400,0,3261,75
14:41:33.792,active,15326,620,11362,16787,-6,95,60.0,60.2,No,2400,2400,0,4749,125
14:41:34.793,active,15262,786,12018,16787,-9,95,60.6,59.4,No,2400,2400,0,5343,125
14:41:35.791,active,15268,836,12808,16787,-6,95,61.1,58.8,No,2400,2400,0,5380,125
14:41:36.789,active,15283,764,11710,16785,-7,95,61.1,60.3,No,2400,2400,0,5387,125
14:41:37.793,active,15260,836,12828,16787,-8,95,61.7,59.9,No,2400,2400,0,5368,125
14:41:38.793,active,15262,920,10976,16786,-7,95,61.7,56.3,No,2400,2400,0,5393,125
14:41:39.789,active,15352,566,8700,16788,-8,95,61.1,54.2,No,2400,2400,0,5392,125
14:41:40.789,active,15367,498,7658,16788,-6,95,61.7,54.2,No,2400,2400,0,5391,125
14:41:41.790,active,15350,444,6828,16787,-9,95,61.1,58.9,No,2400,2400,0,5416,125
14:41:42.789,active,15303,544,8372,16787,-5,95,61.1,59.9,No,2400,2400,0,5409,125
14:41:43.789,active,15341,484,7978,16785,-11,95,62.2,59.2,No,2400,2400,0,5406,125
14:41:44.789,active,15344,534,8218,16787,-5,95,61.7,57.0,No,2400,2400,0,5413,125
14:41:45.793,active,15324,544,6982,16786,-4,95,63.4,54.6,No,2400,2400,0,5403,125
14:41:46.789,active,15326,440,6770,16786,-10,95,61.7,56.0,No,2400,2400,0,5418,125
14:41:47.789,active,15318,500,8064,16787,-5,95,61.1,54.9,No,2400,2400,0,5401,125
14:41:48.790,active,15307,688,10552,16786,-6,95,61.1,59.3,No,2400,2400,0,5429,125
14:41:49.789,active,15307,712,10898,16786,-7,95,61.1,53.5,No,2400,2400,0,5428,125
14:41:50.789,active,15305,718,11034,16787,-4,95,61.7,51.9,No,2400,2400,0,5427,125
14:41:51.791,active,15301,680,10416,16787,-6,95,61.7,52.0,No,2400,2400,0,5437,125
14:41:52.793,active,15303,702,7736,16786,-9,95,62.2,51.8,No,2400,2400,0,5439,125
14:41:53.789,active,15283,736,11284,16785,-7,95,62.2,53.6,No,2400,2400,0,5447,125
14:41:54.789,active,15301,738,7696,16786,-6,95,62.2,53.6,No,2400,2400,0,5448,125
14:41:55.794,active,15303,762,11690,16786,-5,95,61.7,54.6,No,2400,2400,0,5454,125
14:41:56.789,active,15303,686,8024,16787,-7,95,61.1,55.0,No,2400,2400,0,5453,125
14:41:57.789,active,15253,866,13764,16788,-7,95,63.4,53.5,No,2400,2400,0,5472,125
14:41:58.789,active,15268,912,13966,16787,-8,95,62.8,54.3,No,2400,2400,0,5446,125
14:41:59.789,active,15264,898,10956,16786,-7,95,62.2,56.8,No,2400,2400,0,5452,125
14:42:00.789,active,15271,868,13292,16786,-6,95,62.2,53.1,No,2400,2400,0,5461,125
14:42:01.790,active,15281,782,13716,16786,-4,95,62.8,52.6,No,2400,2400,0,5475,125
14:42:02.790,active,15275,980,14988,16786,-8,95,61.7,53.7,No,2400,2400,0,5481,125
14:42:03.789,active,15271,808,11246,16787,-6,95,61.7,53.9,No,2400,2400,0,5472,125
14:42:04.789,active,15294,650,9972,16787,-6,95,63.4,54.2,No,2400,2400,0,5465,125
14:42:05.789,active,15275,706,10822,16786,-10,95,62.2,52.0,No,2400,2400,0,5476,125
14:42:06.789,active,15324,570,7774,16786,-9,95,61.7,51.7,No,2400,2400,0,5481,125
14:42:07.789,active,15311,448,6886,16786,-9,95,61.7,51.2,No,2400,2400,0,5475,125
14:42:08.790,active,15322,482,7098,16787,-7,95,62.2,53.9,No,2400,2400,0,5475,125
14:42:09.794,active,15316,528,8102,16787,0,95,61.7,54.9,No,2400,2400,0,5472,125
14:42:10.789,active,15318,552,9934,16786,-6,95,61.7,55.6,No,2400,2400,0,5476,125
14:42:11.789,active,15346,502,7736,16786,-4,95,62.2,54.1,No,2400,2400,0,5464,125
14:42:12.789,active,15324,716,10976,16786,-4,95,63.4,52.8,No,2400,2400,0,5488,125
14:42:13.789,active,15314,474,7272,16787,0,95,62.8,55.6,No,2400,2400,0,5480,125
14:42:14.791,active,15318,766,11728,16788,0,95,62.2,55.9,No,2400,2400,0,5474,125
14:42:15.793,active,15307,728,10668,16787,0,95,62.8,57.4,No,2400,2400,0,5482,125
14:42:16.790,active,15303,710,10898,16786,-4,95,61.7,56.5,No,2400,2400,0,5476,125
14:42:17.789,active,15303,692,10976,16786,-4,95,62.8,56.9,No,2400,2400,0,5488,125
14:42:18.793,active,15296,704,10802,16787,0,95,62.8,56.6,No,2400,2400,0,5488,125
14:42:19.789,active,15299,716,10996,16787,-3,95,63.9,57.0,No,2400,2400,0,5493,125
14:42:20.789,active,15303,724,11112,16786,-7,95,63.4,56.1,No,2400,2400,0,5504,125
14:42:21.791,active,15301,732,11226,16787,-6,95,63.4,55.7,No,2400,2400,0,5506,125
14:42:22.794,active,15301,744,11420,16788,-4,95,62.8,57.3,No,2400,2400,0,5481,125
14:42:23.790,active,15301,418,6442,16787,-4,95,62.2,57.3,No,2400,2400,0,5486,125
14:42:24.789,active,15273,792,14178,16786,-4,95,63.4,57.8,No,2400,2400,0,5493,125
14:42:25.789,active,15283,784,12018,16788,-6,95,63.4,59.1,No,2400,2400,0,5485,125
14:42:26.789,sleep,15290,502,7638,16790,4,95,59.0,12.3,No,2400,2400,0,5536,125
14:42:27.789,sleep,15296,510,7812,16790,10,95,57.9,-0.0,No,2400,2400,0,5551,125
14:42:28.789,sleep,15292,444,7388,16789,7,95,57.9,0.0,No,2400,2400,0,5551,125
14:42:29.789,sleep,15301,492,7562,16789,8,95,56.8,0.3,No,2400,2400,0,5549,125
14:42:30.789,sleep,15296,472,7252,16788,10,95,56.2,-0.0,No,2400,2400,0,5542,125
14:42:31.789,sleep,15296,352,5382,16790,11,95,54.5,0.0,No,1500,2400,0,5554,125
14:42:32.789,sleep,15294,410,6268,16791,15,95,54.5,0.3,No,1500,2400,0,5040,75
14:42:33.789,sleep,15294,300,6924,16792,17,95,54.0,0.0,No,1500,2400,0,3633,75
14:42:34.789,sleep,15296,282,4320,16791,15,95,53.5,0.0,No,1500,2400,0,3405,75
14:42:35.789,sleep,15294,352,9356,16790,12,95,53.5,0.3,No,1500,2400,0,3365,75
14:42:36.789,sleep,15294,296,4552,16791,16,95,53.5,0.0,No,1500,2400,0,3380,75
14:42:37.789,sleep,15294,400,5940,16791,17,95,53.5,0.3,No,1500,2400,0,3361,75
14:42:38.789,sleep,15301,292,4474,16792,19,95,52.4,0.3,No,1500,2400,0,3370,75
14:42:39.789,sleep,15296,308,3974,16790,14,95,52.9,-0.0,No,1500,2400,0,3365,75
14:42:40.789,sleep,15301,606,9298,16791,12,95,52.4,0.0,No,1500,2400,0,3345,75
14:42:41.789,active,15275,680,10398,16787,0,95,56.8,52.2,No,2400,2400,0,3311,75
14:42:42.792,active,15299,678,11208,16786,-8,95,57.9,58.6,No,2400,2400,0,3297,75
14:42:43.793,active,15305,708,10860,16786,-6,95,57.9,58.5,No,2400,2400,0,3298,75
14:42:44.789,active,15303,668,11882,16789,-5,95,58.4,58.6,No,2400,2400,0,3288,75
14:42:45.789,active,15305,718,11014,16789,-4,95,59.5,59.1,No,2400,2400,0,3276,75
14:42:46.793,active,15303,448,7388,16787,-8,95,60.0,58.8,No,2400,2400,0,5119,125
14:42:47.789,active,15303,796,12210,16786,-7,95,60.0,59.9,No,2400,2400,0,5385,125
14:42:48.789,active,15303,452,6964,16787,-3,95,61.7,58.7,No,2400,2400,0,5404,125
14:42:49.795,active,15326,416,6384,16787,-3,95,60.6,58.2,No,2400,2400,0,5408,125
14:42:50.792,active,15299,476,7330,16786,-8,95,60.6,58.9,No,2400,2400,0,5399,125
14:42:51.789,active,15281,774,11902,16787,-9,95,61.1,59.1,No,2400,2400,0,5414,125
14:42:52.789,active,15301,760,11652,16787,-4,95,62.2,59.0,No,2400,2400,0,5414,125
14:42:53.793,active,15262,948,10880,16787,-5,95,62.2,58.5,No,2400,2400,0,5413,125
14:42:54.789,active,15271,894,13678,16786,-4,95,62.8,57.4,No,2400,2400,0,5395,125
14:42:55.789,active,15290,634,11768,16788,0,95,62.2,55.9,No,2400,2400,0,5405,125
14:42:56.789,active,15301,720,11034,16788,0,95,61.7,55.1,No,2400,2400,0,5422,125
14:42:57.796,active,15307,702,10784,16787,0,95,61.1,54.3,No,2400,2400,0,5421,125
14:42:58.789,active,15301,686,10514,16788,0,95,60.6,58.7,No,2400,2400,0,5428,125
14:42:59.789,active,15307,740,11362,16788,0,95,62.2,53.6,No,2400,2400,0,5422,125
14:43:00.791,active,15316,494,12848,16788,0,95,62.2,52.6,No,2400,2400,0,5422,125
14:43:01.793,active,15311,426,6538,16787,-4,95,61.1,51.4,No,2400,2400,0,5440,125
14:43:02.789,active,15307,906,13850,16786,-5,95,61.7,51.3,No,2400,2400,0,5440,125
14:43:03.790,active,15305,698,10706,16787,-4,95,61.1,51.4,No,2400,2400,0,5437,125
14:43:04.794,active,15311,766,11710,16787,-5,95,62.2,53.6,No,2400,2400,0,5433,125
14:43:05.789,active,15253,686,10494,16788,0,95,61.1,54.0,No,2400,2400,0,5454,125
14:43:06.789,active,15309,864,13214,16787,0,95,61.1,52.9,No,2400,2400,0,5450,125
14:43:07.789,active,15253,886,14044,16786,0,95,62.2,53.6,No,2400,2400,0,5447,125
14:43:08.789,active,15256,852,13040,16787,0,95,61.7,52.7,No,2400,2400,0,5448,125
14:43:09.790,active,15299,500,7696,16787,-3,95,61.7,54.0,No,2400,2400,0,5439,125
14:43:10.793,active,15361,532,8198,16788,-3,95,61.7,54.0,No,2400,2400,0,5447,125
14:43:11.794,active,15296,518,7986,16787,-5,95,62.2,51.8,No,2400,2400,0,5461,125
14:43:12.789,active,15354,486,7484,16788,0,95,61.1,51.9,No,2400,2400,0,5449,125
14:43:13.789,active,15359,552,8468,16787,-4,95,62.2,51.9,No,2400,2400,0,5461,125
14:43:14.789,active,15329,502,7460,16787,0,95,62.2,52.2,No,2400,2400,0,5462,125
14:43:15.789,active,15350,492,7562,16787,0,95,61.7,51.5,No,2400,2400,0,5463,125
14:43:16.789,active,15329,502,7986,16788,0,95,62.2,51.5,No,2400,2400,0,5467,125
14:43:17.793,active,15316,566,8700,16788,0,95,62.2,51.3,No,2400,2400,0,5465,125
14:43:18.794,active,15279,740,11362,16788,0,95,60.6,52.0,No,2400,2400,0,5461,125
14:43:19.789,active,15307,750,11498,16786,-3,95,61.1,51.7,No,2400,2400,0,5462,125
14:43:20.789,active,15309,736,11284,16787,-3,95,61.1,52.2,No,2400,2400,0,5474,125
14:43:21.793,active,15307,710,10784,16789,0,95,62.8,52.0,No,2400,2400,0,5479,125
14:43:22.789,active,15311,692,10628,16788,0,95,63.4,55.9,No,2400,2400,0,5474,125
14:43:23.789,active,15301,728,11150,16787,-3,95,62.2,57.1,No,2400,2400,0,5478,125
14:43:24.793,active,15301,738,11304,16787,0,95,62.8,58.1,No,2400,2400,0,5477,125
14:43:25.789,active,15311,714,11516,16788,7,95,62.8,56.5,No,2400,2400,0,5483,125
14:43:26.789,active,15303,678,10398,16790,6,95,62.2,57.4,No,2400,2400,0,5479,125
14:43:27.789,active,15316,722,11054,16790,4,95,63.4,57.0,No,2400,2400,0,5468,125
14:43:28.789,active,15260,692,12108,16789,0,95,62.2,55.6,No,2400,2400,0,5483,125
14:43:29.789,active,15320,684,10474,16788,-3,95,62.8,57.4,No,2400,2400,0,5480,125
14:43:30.791,active,15264,738,12674,16787,0,95,62.8,55.9,No,2400,2400,0,5487,125
14:43:31.794,active,15262,814,12462,16786,0,95,61.7,56.5,No,2400,2400,0,5497,125
14:43:32.789,active,15268,744,12944,16787,0,95,61.1,56.4,No,2400,2400,0,5493,125
14:43:33.789,active,15288,842,12886,16788,0,95,62.8,58.7,No,2400,2400,0,5491,125
14:43:34.793,active,15258,818,11362,16787,-7,95,63.4,57.1,No,2400,2400,0,5492,125
14:43:35.789,active,15273,830,12694,16786,-7,95,63.4,59.6,No,2400,2400,0,5474,125
14:43:36.789,active,15303,480,7368,16785,-9,95,63.4,58.4,No,2400,2400,0,5486,125
14:43:37.790,active,15322,540,8448,16787,-4,95,62.2,58.1,No,2400,2400,0,5491,125
14:43:38.793,active,15296,436,6712,16786,0,95,62.8,59.4,No,2400,2400,0,5501,125
14:43:39.789,active,15363,484,7696,16787,-5,95,62.2,57.5,No,2400,2400,0,5485,125
14:43:40.789,active,15326,576,8834,16787,-5,95,63.4,59.3,No,2400,2400,0,5486,125
14:43:41.789,sleep,15303,568,8218,16789,5,95,59.5,15.4,No,2400,2400,0,5536,125
14:43:42.789,sleep,15299,488,7484,16788,9,95,58.4,0.0,No,2400,2400,0,5539,125
14:43:43.789,sleep,15296,542,8006,16789,11,95,57.9,0.3,No,2400,2400,0,5536,125
14:43:44.789,sleep,15301,512,7850,16789,11,95,56.8,-0.0,No,2400,2400,0,5550,125
14:43:45.789,sleep,15299,440,6752,16789,11,95,55.6,0.3,No,2400,2400,0,5543,125
14:43:46.789,sleep,15296,428,7446,16789,10,95,55.6,0.0,No,1500,2400,0,5550,125
14:43:47.789,sleep,15303,442,6790,16790,15,95,54.5,0.3,No,1500,2400,0,5563,125
14:43:48.789,sleep,15301,520,6230,16791,13,95,54.0,-0.0,No,1500,2400,0,4449,75
14:43:49.789,sleep,15303,432,6636,16790,14,95,54.0,0.3,No,1500,2400,0,3534,75
14:43:50.789,sleep,15299,474,7272,16790,15,95,53.5,0.0,No,1500,2400,0,3411,75
14:43:51.789,sleep,15294,480,7350,16790,17,95,52.9,0.3,No,1500,2400,0,3382,75
14:43:52.789,sleep,15303,342,5246,16790,14,95,52.9,0.0,No,1500,2400,0,3374,75
14:43:53.789,sleep,15299,430,6596,16791,12,95,51.8,-0.0,No,1500,2400,0,3377,75
14:43:54.789,sleep,15294,348,5342,16792,14,95,52.4,0.3,No,1500,2400,0,3369,75
14:43:55.789,sleep,15301,370,8448,16791,15,95,51.8,0.0,No,1500,2400,0,3358,75
14:43:56.793,active,15283,810,12424,16787,0,95,56.2,48.9,No,2400,2400,0,3329,75
14:43:57.789,active,15286,724,13832,16786,-6,95,58.4,58.6,No,2400,2400,0,3295,75
14:43:58.790,active,15268,938,14352,16786,-8,95,57.3,56.7,No,2400,2400,0,3271,75
14:43:59.792,active,15262,646,9896,16786,-6,95,57.3,54.2,No,2400,2400,0,3275,75
14:44:00.789,active,15279,772,11824,16787,-3,95,58.4,54.4,No,2400,2400,0,3267,75
14:44:01.789,active,15271,696,10686,16788,-4,95,59.5,59.0,No,2400,2400,0,3282,75
14:44:02.793,active,15264,882,13484,16787,-3,95,60.0,59.5,No,2400,2400,0,3277,75
14:44:03.795,active,15335,444,12096,16786,-8,95,60.6,58.8,No,2400,2400,0,3332,125
14:44:04.789,active,15303,276,7620,16786,-5,95,60.6,57.4,No,2400,2400,0,5221,125
14:44:05.790,active,15309,444,6810,16786,-9,95,59.5,54.3,No,2400,2400,0,5377,125
14:44:06.794,active,15320,700,10744,16786,-8,95,60.0,54.9,No,2400,2400,0,5395,125
14:44:07.789,active,15311,458,7040,16787,-6,95,60.0,54.2,No,2400,2400,0,5412,125
14:44:08.789,active,15318,634,9684,16787,0,95,61.1,59.8,No,2400,2400,0,5395,125
14:44:09.789,active,15307,422,12114,16786,-3,95,61.1,54.5,No,2400,2400,0,5379,125
14:44:10.789,active,15309,656,10030,16788,-3,95,61.1,52.1,No,2400,2400,0,5387,125
14:44:11.790,active,15311,454,12964,16789,0,95,60.6,51.3,No,2400,2400,0,5396,125
14:44:12.790,active,15299,750,11516,16788,-4,95,60.6,51.7,No,2400,2400,0,5403,125
14:44:13.790,active,15307,738,11304,16787,0,95,61.1,53.7,No,2400,2400,0,5402,125
14:44:14.789,active,15296,702,10764,16787,0,95,60.6,54.1,No,2400,2400,0,5409,125
14:44:15.789,active,15299,750,11516,16787,3,95,62.2,55.0,No,2400,2400,0,5419,125
14:44:16.789,active,15303,704,7194,16787,0,95,62.8,55.4,No,2400,2400,0,5425,125
14:44:17.789,active,15301,526,8102,16788,0,95,61.7,53.0,No,2400,2400,0,5422,125
14:44:18.790,active,15296,700,7310,16788,0,95,62.2,54.5,No,2400,2400,0,5414,125
14:44:19.793,active,15361,452,6982,16788,0,95,62.2,55.0,No,2400,2400,0,5427,125
14:44:20.789,active,15299,780,10784,16786,0,95,61.7,54.4,No,2400,2400,0,5430,125
14:44:21.789,active,15277,894,10880,16787,-3,95,62.2,56.0,No,2400,2400,0,5434,125
14:44:22.789,active,15262,672,10340,16788,0,95,62.2,52.9,No,2400,2400,0,5440,125
14:44:23.793,active,15296,724,11382,16788,0,95,61.7,52.0,No,2400,2400,0,5434,125
14:44:24.789,active,15260,740,11342,16788,0,95,61.7,53.0,No,2400,2400,0,5437,125
14:44:25.789,active,15314,742,11324,16787,0,95,62.2,54.3,No,2400,2400,0,5444,125
14:44:26.793,active,15299,696,10668,16787,-3,95,61.7,52.9,No,2400,2400,0,5444,125
14:44:27.789,active,15311,700,10784,16786,-4,95,60.6,53.2,No,2400,2400,0,5454,125
14:44:28.789,active,15314,730,11208,16787,-6,95,62.2,53.6,No,2400,2400,0,5457,125
14:44:29.789,active,15305,682,10474,16786,-5,95,61.1,52.5,No,2400,2400,0,5460,125
14:44:30.789,active,15311,494,12828,16787,0,95,62.2,55.4,No,2400,2400,0,5460,125
14:44:31.789,active,15311,504,7736,16788,-4,95,63.4,54.8,No,2400,2400,0,5468,125
14:44:32.790,active,15311,454,12694,16788,-4,95,62.2,53.7,No,2400,2400,0,5483,125
14:44:33.794,active,15301,656,10070,16787,-4,95,62.2,55.3,No,2400,2400,0,5471,125
14:44:34.789,active,15309,728,11150,16787,-3,95,61.7,56.8,No,2400,2400,0,5459,125
14:44:35.789,active,15273,740,11324,16786,-5,95,62.2,56.8,No,2400,2400,0,5476,125
14:44:36.789,active,15305,854,13078,16788,0,95,62.2,53.0,No,2400,2400,0,5464,125
14:44:37.789,active,15273,762,13974,16787,0,95,62.8,56.1,No,2400,2400,0,5479,125
14:44:38.789,active,15271,698,10686,16789,0,95,62.8,56.2,No,2400,2400,0,5480,125
14:44:39.791,active,15303,462,7098,16788,0,95,62.8,57.6,No,2400,2400,0,5483,125
14:44:40.794,active,15307,694,10668,16787,-3,95,62.2,57.1,No,2400,2400,0,5476,125
14:44:41.789,active,15296,482,7426,16787,-3,95,62.8,57.5,No,2400,2400,0,5486,125
14:44:42.789,active,15299,756,6748,16786,0,95,62.8,57.7,No,2400,2400,0,5491,125
14:44:43.793,active,15361,482,7408,16787,0,95,62.8,56.9,No,2400,2400,0,5493,125
14:44:44.789,active,15296,656,6964,16788,0,95,63.4,57.7,No,2400,2400,0,5491,125
14:44:45.789,active,15335,566,8718,16788,0,95,63.4,58.0,No,2400,2400,0,5480,125
14:44:46.789,active,15299,738,6924,16787,0,95,62.8,58.9,No,2400,2400,0,5479,125
14:44:47.790,active,15348,512,7890,16787,0,95,63.4,59.2,No,2400,2400,0,5479,125
14:44:48.789,active,15281,884,13562,16788,0,95,63.4,57.7,No,2400,2400,0,5471,125
14:44:49.793,active,15266,902,11498,16788,0,95,63.4,59.0,No,2400,2400,0,5478,125
14:44:50.793,active,15275,748,11478,16787,-3,95,63.9,58.6,No,2400,2400,0,5491,125
14:44:51.789,active,15314,794,11516,16786,-3,95,63.4,57.7,No,2400,2400,0,5490,125
14:44:52.790,active,15311,732,11246,16786,0,95,63.4,58.1,No,2400,2400,0,5495,125
14:44:53.793,active,15316,732,11574,16785,-4,95,63.9,58.1,No,2400,2400,0,5498,125
14:44:54.790,active,15305,802,12326,16788,0,95,62.2,57.2,No,2400,2400,0,5498,125
14:44:55.789,active,15309,736,11284,16789,0,95,63.9,57.1,No,2400,2400,0,5496,125
14:44:56.789,sleep,15305,458,7022,16791,7,95,59.5,19.9,No,2400,2400,0,5539,125
14:44:57.789,sleep,15299,518,7948,16790,9,95,57.9,-0.0,No,2400,2400,0,5559,125
14:44:58.789,sleep,15303,522,7792,16790,13,95,57.3,0.0,No,2400,2400,0,5545,125
14:44:59.789,sleep,15299,486,7466,16789,11,95,56.8,-0.0,No,2400,2400,0,5544,125
14:45:00.789,sleep,15301,448,7118,16789,6,95,56.2,0.3,No,2400,2400,0,5546,125
14:45:01.789,sleep,15294,560,8564,16791,10,95,55.6,0.3,No,1500,2400,0,5547,125
14:45:02.789,sleep,15301,510,7812,16791,14,95,55.1,0.0,No,1500,2400,0,4012,75
14:45:03.789,sleep,15292,504,7716,16790,15,95,54.5,0.3,No,1500,2400,0,3469,75
14:45:04.789,sleep,15301,622,9530,16790,15,95,53.5,0.0,No,1500,2400,0,3395,75
14:45:05.789,sleep,15299,424,4900,16791,15,95,53.5,0.3,No,1500,2400,0,3386,75
14:45:06.789,sleep,15301,552,8468,16790,14,95,53.5,-0.0,No,1500,2400,0,3369,75
14:45:07.789,sleep,15301,488,7446,16792,15,95,53.5,0.0,No,1500,2400,0,3368,75
14:45:08.789,sleep,15301,356,5478,16791,15,95,52.9,0.3,No,1500,2400,0,3365,75
14:45:09.789,sleep,15301,520,7986,16791,13,95,52.4,0.0,No,1500,2400,0,3353,75
14:45:10.789,sleep,15296,312,4802,16790,14,95,52.4,0.3,No,1500,2400,0,3351,75
14:45:11.789,active,15350,502,7716,16787,0,95,56.8,45.8,No,2400,2400,0,3325,75
14:45:12.792,active,15354,488,9808,16788,-4,95,57.9,59.0,No,2400,2400,0,3306,75
14:45:13.789,active,15354,460,7080,16788,-7,95,58.4,58.7,No,2400,2400,0,3294,75
14:45:14.790,active,15309,660,10128,16787,-5,95,57.9,57.0,No,2400,2400,0,3272,75
14:45:15.789,active,15301,732,11226,16787,-3,95,58.4,55.5,No,2400,2400,0,3263,75
14:45:16.789,active,15305,718,11034,16787,-3,95,59.5,57.0,No,2400,2400,0,4289,125
14:45:17.789,active,15301,760,11670,16788,-5,95,60.0,55.6,No,2400,2400,0,5328,125
14:45:18.793,active,15307,680,10436,16787,-7,95,60.6,58.4,No,2400,2400,0,5395,125
14:45:19.789,active,15305,702,7388,16788,-7,95,60.0,53.7,No,2400,2400,0,5406,125
14:45:20.789,active,15305,538,8236,16788,-4,95,60.6,51.5,No,2400,2400,0,5425,125
14:45:21.793,active,15301,730,7658,16787,0,95,60.0,51.5,No,2400,2400,0,5397,125
14:45:22.789,active,15357,456,7022,16786,-3,95,60.0,50.8,No,2400,2400,0,5393,125
14:45:23.789,active,15290,910,13908,16788,-4,95,61.1,52.8,No,2400,2400,0,5396,125
14:45:24.789,active,15262,884,12262,16789,0,95,60.6,54.0,No,2400,2400,0,5405,125
14:45:25.789,active,15253,868,13292,16788,0,95,61.1,53.2,No,2400,2400,0,5404,125
14:45:26.789,active,15266,926,11266,16787,0,95,61.1,56.3,No,2400,2400,0,5403,125
14:45:27.789,active,15266,742,11400,16786,0,95,61.7,51.8,No,2400,2400,0,5422,125
14:45:28.794,active,15266,946,10880,16788,3,95,60.6,53.3,No,2400,2400,0,5425,125
14:45:29.789,active,15311,696,10686,16787,0,95,62.2,53.4,No,2400,2400,0,5432,125
14:45:30.789,active,15271,894,12578,16788,0,95,61.1,55.6,No,2400,2400,0,5427,125
14:45:31.789,active,15309,718,11014,16788,0,95,61.7,52.0,No,2400,2400,0,5424,125
14:45:32.789,active,15326,538,8256,16787,0,95,61.7,51.7,No,2400,2400,0,5440,125
14:45:33.789,active,15320,530,8506,16787,0,95,61.7,51.5,No,2400,2400,0,5432,125
14:45:34.791,active,15311,460,7060,16788,0,95,61.7,51.5,No,2400,2400,0,5436,125
14:45:35.793,active,15318,452,9664,16788,0,95,60.6,51.1,No,2400,2400,0,5456,125
14:45:36.789,active,15307,502,7696,16789,0,95,61.7,54.4,No,2400,2400,0,5457,125
14:45:37.789,active,15314,720,10628,16788,0,95,61.1,54.1,No,2400,2400,0,5457,125
14:45:38.789,active,15311,642,9858,16788,0,95,62.2,54.4,No,2400,2400,0,5462,125
14:45:39.790,active,15311,702,10726,16788,0,95,62.2,52.0,No,2400,2400,0,5459,125
14:45:40.789,active,15256,668,10610,16789,0,95,60.6,51.2,No,2400,2400,0,5462,125
14:45:41.793,active,15303,754,11516,16787,-6,95,62.2,53.3,No,2400,2400,0,5471,125
14:45:42.790,active,15309,728,11170,16789,-4,95,61.1,54.8,No,2400,2400,0,5470,125
14:45:43.789,active,15299,734,11266,16786,-6,95,61.1,56.9,No,2400,2400,0,5467,125
14:45:44.789,active,15305,448,6886,16785,-7,95,61.7,58.1,No,2400,2400,0,5471,125
14:45:45.790,active,15307,698,7388,16785,-5,95,61.7,52.3,No,2400,2400,0,5489,125
14:45:46.793,active,15305,528,8120,16787,-4,95,62.2,52.3,No,2400,2400,0,5464,125
14:45:47.789,active,15305,506,8314,16787,-5,95,63.4,52.3,No,2400,2400,0,5475,125
14:45:48.789,active,15339,446,6848,16787,-7,95,61.1,51.8,No,2400,2400,0,5483,125
14:45:49.790,active,15337,564,8314,16787,-4,95,61.7,56.1,No,2400,2400,0,5476,125
14:45:50.789,active,15271,888,10956,16787,-3,95,62.2,57.1,No,2400,2400,0,5480,125
14:45:51.789,active,15262,746,11458,16788,0,95,61.7,57.0,No,2400,2400,0,5486,125
14:45:52.793,active,15268,946,11652,16787,-4,95,62.8,57.0,No,2400,2400,0,5484,125
14:45:53.789,active,15307,718,11034,16788,0,95,62.8,57.9,No,2400,2400,0,5483,125
14:45:54.790,active,15275,906,11440,16787,-4,95,62.8,56.6,No,2400,2400,0,5501,125
14:45:55.796,active,15316,730,11226,16786,-7,95,62.8,58.2,No,2400,2400,0,5490,125
14:45:56.789,active,15283,726,11150,16786,-7,95,62.8,58.4,No,2400,2400,0,5494,125
14:45:57.789,active,15314,688,10572,16787,-9,95,62.8,58.6,No,2400,2400,0,5488,125
14:45:58.789,active,15309,696,10686,16786,-10,95,62.8,55.2,No,2400,2400,0,5497,125
14:45:59.789,active,15311,504,13330,16786,-4,95,62.8,51.9,No,2400,2400,0,5487,125
14:46:00.789,active,15318,490,7522,16787,-5,95,62.2,51.7,No,2400,2400,0,5488,125
14:46:01.789,active,15311,782,11960,16787,-7,95,62.2,51.1,No,2400,2400,0,5500,125
14:46:02.793,active,15249,776,11882,16785,-8,95,62.2,51.8,No,2400,2400,0,5500,125
14:46:03.790,active,15311,866,13234,16785,-10,95,61.7,51.0,No,2400,2400,0,5488,125
14:46:04.789,active,15241,794,14418,16786,-4,95,61.1,52.2,No,2400,2400,0,5496,125
14:46:05.789,active,15309,944,14448,16787,-5,95,61.7,52.3,No,2400,2400,0,5497,125
14:46:06.789,active,15260,836,11246,16788,-5,95,62.8,52.7,No,2400,2400,0,5497,125
14:46:07.789,active,15256,834,12752,16788,-4,95,62.8,51.4,No,2400,2400,0,5495,125
14:46:08.789,active,15305,494,7600,16787,-5,95,61.1,52.1,No,2400,2400,0,5503,125
14:46:09.793,active,15357,506,7774,16786,-6,95,62.8,52.1,No,2400,2400,0,5499,125
14:46:10.789,active,15307,450,6906,16785,-8,95,62.2,53.3,No,2400,2400,0,5495,125
14:46:11.789,sleep,15301,538,8256,16789,4,95,60.0,23.8,No,2400,2400,0,5526,125
14:46:12.789,sleep,15303,492,7542,16789,10,95,58.4,-0.0,No,2400,2400,0,5540,125
14:46:13.789,sleep,15299,470,8236,16790,11,95,57.3,0.0,No,2400,2400,0,5547,125
14:46:14.789,sleep,15301,506,7754,16789,9,95,56.8,0.2,No,2400,2400,0,5549,125
14:46:15.789,sleep,15296,498,6268,16788,7,95,56.2,-0.0,No,2400,2400,0,5546,125
14:46:16.789,sleep,15296,476,7310,16790,12,95,55.1,0.3,No,1500,2400,0,5551,125
14:46:17.789,sleep,15296,580,8912,16790,13,95,54.5,0.0,No,1500,2400,0,5563,125
14:46:18.789,sleep,15299,342,5054,16791,16,95,54.0,0.3,No,1500,2400,0,3797,75
14:46:19.789,sleep,15301,376,5768,16791,16,95,54.0,0.3,No,1500,2400,0,3434,75
14:46:20.789,sleep,15296,316,7292,16790,11,95,53.5,0.0,No,1500,2400,0,3383,75
14:46:21.789,sleep,15296,284,4340,16790,16,95,52.9,-0.0,No,1500,2400,0,3361,75
14:46:22.789,sleep,15301,306,6982,16790,15,95,52.9,0.3,No,1500,2400,0,3362,75
14:46:23.789,sleep,15301,340,5228,16792,17,95,52.4,-0.0,No,1500,2400,0,3348,75
14:46:24.789,sleep,15296,270,5112,16792,14,95,52.4,0.2,No,1500,2400,0,3332,75
14:46:25.789,sleep,15303,428,6558,16791,11,95,52.4,0.0,No,1500,2400,0,3341,75
14:46:26.789,active,15268,828,12674,16789,4,95,56.2,40.4,No,2400,2400,0,3321,75
14:46:27.793,active,15251,720,14218,16787,-6,95,56.8,55.4,No,2400,2400,0,3307,75
14:46:28.789,active,15262,864,13214,16786,-6,95,57.3,56.8,No,2400,2400,0,3303,75
14:46:29.789,active,15243,886,13562,16787,-5,95,59.0,57.5,No,2400,2400,0,3285,75
14:46:30.790,active,15260,922,14102,16787,-5,95,59.0,51.3,No,2400,2400,0,3282,75
14:46:31.789,active,15247,886,13562,16787,-8,95,58.4,51.4,No,2400,2400,0,3289,75
14:46:32.789,active,15262,940,10550,16788,-3,95,59.0,52.3,No,2400,2400,0,3281,75
14:46:33.789,active,15258,678,10416,16787,-5,95,60.0,52.0,No,2400,2400,0,3261,75
14:46:34.793,active,15275,936,10802,16786,-7,95,61.1,52.0,No,2400,2400,0,4709,125
14:46:35.789,active,15329,508,7812,16786,-6,95,60.0,51.3,No,2400,2400,0,5364,125
14:46:36.789,active,15333,502,7716,16787,-3,95,60.6,51.1,No,2400,2400,0,5382,125
14:46:37.790,active,15329,482,7408,16786,-5,95,59.5,53.0,No,2400,2400,0,5388,125
14:46:38.789,active,15326,564,8662,16787,0,95,60.0,52.5,No,2400,2400,0,5381,125
14:46:39.789,active,15322,522,9800,16786,0,95,60.6,56.6,No,2400,2400,0,5383,125
14:46:40.793,active,15326,550,8430,16786,-5,95,62.2,54.5,No,2400,2400,0,5394,125
14:46:41.789,active,15318,452,11150,16789,0,95,62.2,53.7,No,2400,2400,0,5392,125
14:46:42.789,active,15309,492,7562,16789,0,95,61.7,51.9,No,2400,2400,0,5406,125
14:46:43.789,active,15311,432,11594,16787,-3,95,61.7,51.7,No,2400,2400,0,5407,125
14:46:44.794,active,15305,744,11420,16787,-5,95,61.1,53.7,No,2400,2400,0,5406,125
14:46:45.789,active,15305,772,11824,16788,-3,95,61.7,57.0,No,2400,2400,0,5409,125
14:46:46.789,active,15303,756,11130,16788,0,95,61.1,55.9,No,2400,2400,0,5422,125
14:46:47.789,active,15301,730,11188,16788,0,95,62.2,52.0,No,2400,2400,0,5431,125
14:46:48.789,active,15301,744,8218,16787,0,95,62.2,51.9,No,2400,2400,0,5430,125
14:46:49.789,active,15301,704,10802,16788,0,95,62.2,51.2,No,2400,2400,0,5420,125
14:46:50.793,active,15301,636,8024,16786,-6,95,60.6,51.8,No,2400,2400,0,5420,125
14:46:51.794,active,15318,544,8352,16788,0,95,61.1,51.4,No,2400,2400,0,5425,125
14:46:52.789,active,15296,448,6886,16789,3,95,61.1,52.7,No,2400,2400,0,5425,125
14:46:53.789,active,15264,820,12404,16788,0,95,61.7,54.7,No,2400,2400,0,5427,125
14:46:54.792,active,15277,690,10572,16788,4,95,61.7,52.0,No,2400,2400,0,5439,125
14:46:55.790,active,15264,1012,12114,16787,0,95,62.2,51.7,No,2400,2400,0,5435,125
14:46:56.789,active,15307,726,11150,16787,0,95,61.1,51.3,No,2400,2400,0,5446,125
14:46:57.793,active,15275,752,11554,16787,0,95,61.7,53.9,No,2400,2400,0,5449,125
14:46:58.790,active,15271,940,14410,16787,-4,95,62.2,56.2,No,2400,2400,0,5447,125
14:46:59.789,active,15299,796,12210,16787,0,95,61.7,57.1,No,2400,2400,0,5452,125
14:47:00.789,active,15277,788,11308,16787,0,95,62.8,57.4,No,2400,2400,0,5460,125
14:47:01.793,active,15273,706,10842,16788,0,95,62.2,56.2,No,2400,2400,0,5463,125
14:47:02.789,active,15335,508,6924,16786,-5,95,62.8,55.9,No,2400,2400,0,5460,125
14:47:03.790,active,15318,460,7080,16787,-7,95,62.2,59.3,No,2400,2400,0,5452,125
14:47:04.796,active,15354,688,8834,16785,-8,95,63.4,58.0,No,2400,2400,0,5460,125
14:47:05.790,active,15309,522,8006,16786,0,95,62.8,58.2,No,2400,2400,0,5452,125
14:47:06.790,active,15324,738,11284,16785,-6,95,63.4,58.9,No,2400,2400,0,5454,125
14:47:07.791,active,15322,478,7350,16786,-5,95,63.4,58.8,No,2400,2400,0,5467,125
14:47:08.789,active,15335,762,11670,16788,-3,95,63.4,60.1,No,2400,2400,0,5462,125
14:47:09.789,active,15301,608,11896,16788,0,95,63.4,58.1,No,2400,2400,0,5472,125
14:47:10.791,active,15316,824,12616,16787,-6,95,63.4,58.0,No,2400,2400,0,5471,125
14:47:11.794,active,15311,514,11188,16786,-6,95,62.8,58.1,No,2400,2400,0,5489,125
14:47:12.790,active,15303,732,11226,16786,0,95,61.7,57.9,No,2400,2400,0,5479,125
14:47:13.789,active,15309,672,10300,16784,-8,95,62.8,58.9,No,2400,2400,0,5485,125
14:47:14.793,active,15305,702,10764,16786,-7,95,63.4,56.7,No,2400,2400,0,5464,125
14:47:15.793,active,15296,712,10918,16787,-4,95,63.4,57.6,No,2400,2400,0,5468,125
14:47:16.789,active,15303,752,11536,16787,-5,95,62.8,57.5,No,2400,2400,0,5474,125
14:47:17.789,active,15303,522,8024,16787,0,95,63.4,58.7,No,2400,2400,0,5486,125
14:47:18.793,active,15301,752,8198,16786,-5,95,62.8,57.3,No,2400,2400,0,5482,125
14:47:19.790,active,15559,416,6404,16786,-6,95,62.8,58.5,No,2400,2400,0,5484,125
14:47:20.789,active,15288,852,13060,16786,-5,95,63.4,59.9,No,2400,2400,0,5479,125
14:47:21.793,active,15281,704,10784,16787,0,95,63.4,59.6,No,2400,2400,0,5489,125
14:47:22.793,active,15281,730,11208,16787,0,95,63.9,58.5,No,2400,2400,0,5491,125
14:47:23.789,active,15294,698,12242,16787,0,95,65.0,58.0,No,2400,2400,0,5475,125
14:47:24.793,active,15286,878,13464,16787,0,95,62.8,59.0,No,2400,2400,0,5492,125
14:47:25.793,active,15271,888,11806,16786,0,95,63.4,59.0,No,2400,2400,0,5515,125
14:47:26.789,sleep,15303,514,7870,16789,4,95,59.5,26.9,No,2400,2400,0,5505,125
14:47:27.789,sleep,15296,572,7850,16790,11,95,58.4,0.0,No,2400,2400,0,5523,125
14:47:28.789,sleep,15303,528,8082,16789,10,95,57.9,0.5,No,2400,2400,0,5535,125
14:47:29.789,sleep,15299,470,7194,16789,13,95,57.3,-0.0,No,2400,2400,0,5536,125
14:47:30.789,sleep,15301,512,8106,16790,13,95,56.2,0.0,No,2400,2400,0,5545,125
14:47:31.789,sleep,15292,634,9742,16789,10,95,56.2,0.2,No,1500,2400,0,5555,125
14:47:32.789,sleep,15305,260,9086,16789,12,95,54.5,0.3,No,1500,2400,0,5561,125
14:47:33.789,sleep,15296,264,4050,16790,16,95,54.5,-0.0,No,1500,2400,0,5173,75
14:47:34.789,sleep,15301,288,8488,16791,21,95,54.0,0.0,No,1500,2400,0,3647,75
14:47:35.789,sleep,15296,506,7754,16791,16,95,52.4,0.2,No,1500,2400,0,3424,75
14:47:36.789,sleep,15303,414,8372,16790,13,95,53.5,0.0,No,1500,2400,0,3380,75
14:47:37.789,sleep,15301,572,8776,16791,14,95,52.9,0.3,No,1500,2400,0,3376,75
14:47:38.789,sleep,15299,346,5304,16791,14,95,52.4,0.7,No,1500,2400,0,3373,75
14:47:39.789,sleep,15299,298,8758,16790,15,95,51.8,0.2,No,1500,2400,0,3376,75
14:47:40.789,sleep,15299,496,7620,16790,13,95,52.4,0.0,No,1500,2400,0,3364,75
14:47:41.789,active,15307,670,7080,16789,9,95,55.6,38.0,No,2400,2400,0,3318,75
14:47:42.793,active,15324,498,7658,16788,0,95,57.3,53.8,No,2400,2400,0,3307,75
14:47:43.789,active,15299,718,7812,16788,0,95,57.9,54.3,No,2400,2400,0,3286,75
14:47:44.789,active,15326,520,8006,16788,0,95,59.0,52.9,No,2400,2400,0,3291,75
14:47:45.789,active,15322,426,6538,16787,0,95,59.0,52.5,No,2400,2400,0,3274,75
14:47:46.795,active,15279,940,10532,16786,-3,95,60.0,54.4,No,2400,2400,0,3265,75
14:47:47.789,active,15309,698,10706,16788,0,95,59.0,53.2,No,2400,2400,0,3276,75
14:47:48.789,active,15279,798,11304,16788,0,95,60.0,54.0,No,2400,2400,0,5064,125
14:47:49.791,active,15305,674,10358,16786,-3,95,61.1,53.7,No,2400,2400,0,5386,125
14:47:50.789,active,15314,686,10532,16786,-3,95,60.6,52.6,No,2400,2400,0,5411,125
14:47:51.789,active,15305,762,11690,16786,-4,95,60.6,53.1,No,2400,2400,0,5403,125
14:47:52.790,active,15307,738,11324,16787,0,95,60.6,52.3,No,2400,2400,0,5409,125
14:47:53.790,active,15307,740,11362,16788,-6,95,60.0,53.6,No,2400,2400,0,5421,125
14:47:54.789,active,15305,682,10474,16788,-5,95,60.0,53.6,No,2400,2400,0,5405,125
14:47:55.789,active,15311,870,13310,16788,0,95,61.1,55.5,No,2400,2400,0,5409,125
14:47:56.789,active,15264,822,12596,16787,0,95,61.1,52.4,No,2400,2400,0,5411,125
14:47:57.789,active,15256,936,14314,16786,-3,95,61.1,51.2,No,2400,2400,0,5420,125
14:47:58.789,active,15268,810,12404,16786,0,95,61.7,51.5,No,2400,2400,0,5436,125
14:47:59.793,active,15258,994,15202,16787,-3,95,61.7,51.3,No,2400,2400,0,5422,125
14:48:00.790,active,15281,772,13870,16789,0,95,60.6,51.9,No,2400,2400,0,5418,125
14:48:01.789,active,15245,884,13542,16786,0,95,60.6,54.0,No,2400,2400,0,5429,125
14:48:02.789,active,15268,948,11150,16786,0,95,61.1,52.5,No,2400,2400,0,5436,125
14:48:03.789,active,15275,888,13600,16786,-3,95,61.1,51.9,No,2400,2400,0,5431,125
14:48:04.789,active,15346,508,7792,16787,0,95,61.7,51.9,No,2400,2400,0,5416,125
14:48:05.791,active,15361,518,6686,16787,-4,95,62.2,57.4,No,2400,2400,0,5437,125
14:48:06.794,active,15301,488,7504,16786,-8,95,61.7,56.6,No,2400,2400,0,5446,125
14:48:07.792,active,15348,456,8044,16786,-6,95,61.1,56.6,No,2400,2400,0,5451,125
14:48:08.789,active,15357,508,7812,16786,-4,95,62.2,57.3,No,2400,2400,0,5452,125
14:48:09.793,active,15320,506,7966,16787,-3,95,62.2,56.7,No,2400,2400,0,5463,125
14:48:10.793,active,15318,542,8334,16788,0,95,62.8,56.6,No,2400,2400,0,5461,125
14:48:11.789,active,15318,472,9644,16788,0,95,62.2,55.7,No,2400,2400,0,5452,125
14:48:12.793,active,15316,492,7562,16787,0,95,63.9,56.4,No,2400,2400,0,5441,125
14:48:13.796,active,15339,742,10976,16786,-4,95,62.8,57.8,No,2400,2400,0,5454,125
14:48:14.789,active,15316,762,10610,16787,-3,95,61.7,57.6,No,2400,2400,0,5462,125
14:48:15.789,active,15316,788,12096,16787,-6,95,62.8,58.8,No,2400,2400,0,5462,125
14:48:16.791,active,15314,740,11226,16788,0,95,63.4,58.0,No,2400,2400,0,5465,125
14:48:17.789,active,15303,670,10282,16788,0,95,63.4,58.2,No,2400,2400,0,5470,125
14:48:18.789,active,15303,732,11554,16787,0,95,63.4,60.2,No,2400,2400,0,5475,125
14:48:19.792,active,15301,706,10822,16786,0,95,62.8,57.1,No,2400,2400,0,5475,125
14:48:20.793,active,15305,736,11710,16786,-4,95,62.8,59.1,No,2400,2400,0,5475,125
14:48:21.789,active,15299,786,12056,16788,0,95,62.2,58.2,No,2400,2400,0,5477,125
14:48:22.789,active,15299,714,10956,16789,0,95,63.4,60.6,No,2400,2400,0,5470,125
14:48:23.793,active,15271,848,13774,16787,-3,95,63.4,58.9,No,2400,2400,0,5473,125
14:48:24.789,active,15279,844,12924,16786,-4,95,63.9,58.0,No,2400,2400,0,5471,125
14:48:25.790,active,15260,528,11014,16785,-8,95,63.9,57.9,No,2400,2400,0,5474,125
14:48:26.790,active,15273,864,13234,16787,-3,95,63.9,58.8,No,2400,2400,0,5479,125
14:48:27.793,active,15281,966,14776,16788,0,95,62.2,57.8,No,2400,2400,0,5476,125
14:48:28.789,active,15273,978,14970,16788,0,95,62.2,57.9,No,2400,2400,0,5486,125
14:48:29.789,active,15281,974,14912,16788,0,95,63.4,58.8,No,2400,2400,0,5477,125
14:48:30.793,active,15296,714,10938,16788,0,95,63.9,57.6,No,2400,2400,0,5485,125
14:48:31.789,active,15337,528,8102,16788,3,95,62.8,58.6,No,2400,2400,0,5476,125
14:48:32.789,active,15344,286,7736,16788,0,95,63.4,58.7,No,2400,2400,0,5497,125
14:48:33.793,active,15331,508,7812,16788,0,95,63.4,58.8,No,2400,2400,0,5493,125
14:48:34.789,active,15341,518,7948,16787,-3,95,62.8,58.8,No,2400,2400,0,5495,125
14:48:35.789,active,15316,506,7754,16788,0,95,62.2,59.0,No,2400,2400,0,5489,125
14:48:36.789,active,15314,558,8564,16787,0,95,62.8,59.1,No,2400,2400,0,5493,125
14:48:37.789,active,15309,546,8372,16787,0,95,63.4,59.5,No,2400,2400,0,5482,125
14:48:38.789,active,15320,700,10706,16788,0,95,63.4,58.5,No,2400,2400,0,5474,125
14:48:39.792,active,15324,596,12480,16788,0,95,63.4,59.4,No,2400,2400,0,5470,125
14:48:40.790,active,15311,752,11536,16787,-4,95,63.4,59.4,No,2400,2400,0,5485,125
14:48:41.789,sleep,15301,524,8044,16789,0,95,60.0,31.3,No,2400,2400,0,5524,125
14:48:42.789,sleep,15301,538,8236,16789,12,95,58.4,0.0,No,2400,2400,0,5524,125
14:48:43.789,sleep,15301,440,6752,16789,10,95,57.9,0.3,No,2400,2400,0,5533,125
14:48:44.789,sleep,15294,422,6482,16790,10,95,56.8,0.2,No,2400,2400,0,5541,125
14:48:45.789,sleep,15303,518,7948,16790,10,95,56.8,0.0,No,2400,2400,0,5543,125
14:48:46.789,sleep,15296,432,6616,16790,10,95,55.6,0.3,No,1500,2400,0,5557,125
14:48:47.789,sleep,15299,390,5980,16790,13,95,54.5,0.3,No,1500,2400,0,5556,125
14:48:48.789,sleep,15299,370,5670,16790,15,95,55.1,0.7,No,1500,2400,0,4475,75
14:48:49.789,sleep,15296,422,6482,16791,14,95,53.5,0.7,No,1500,2400,0,3550,75
14:48:50.789,sleep,15299,396,5786,16791,16,95,54.0,0.3,No,1500,2400,0,3406,75
14:48:51.789,sleep,15294,502,7678,16792,18,95,53.5,-0.0,No,1500,2400,0,3384,75
14:48:52.789,sleep,15292,444,6790,16791,14,95,51.8,0.0,No,1500,2400,0,3376,75
14:48:53.789,sleep,15294,504,7716,16790,9,95,52.4,0.3,No,1500,2400,0,3374,75
14:48:54.789,sleep,15292,518,7948,16790,11,95,52.4,0.3,No,1500,2400,0,3373,75
14:48:55.789,sleep,15299,510,7832,16791,11,95,52.4,0.0,No,1500,2400,0,3371,75
14:48:56.789,active,15292,788,12096,16788,6,95,55.6,33.3,No,2400,2400,0,3330,75
14:48:57.789,active,15305,714,10938,16789,-4,95,56.2,52.3,No,2400,2400,0,3313,75
14:48:58.789,active,15307,482,7388,16787,-5,95,57.9,51.8,No,2400,2400,0,3295,75
14:48:59.789,active,15307,762,9008,16786,-5,95,58.4,51.7,No,2400,2400,0,3277,75
14:49:00.789,active,15314,494,7580,16787,-6,95,59.0,52.6,No,2400,2400,0,3264,75
14:49:01.793,active,15335,704,10784,16786,-8,95,59.0,52.4,No,2400,2400,0,3264,75
14:49:02.789,active,15311,428,6578,16784,-10,95,59.5,55.0,No,2400,2400,0,3265,75
14:49:03.789,active,15303,906,13870,16787,-8,95,60.6,53.5,No,2400,2400,0,3265,75
14:49:04.789,active,15283,760,11632,16787,-5,95,60.0,52.0,No,2400,2400,0,3294,125
14:49:05.789,active,15309,778,11902,16787,-6,95,60.6,52.0,No,2400,2400,0,5188,125
14:49:06.789,active,15249,786,12018,16786,-3,95,60.6,51.5,No,2400,2400,0,5384,125
14:49:07.790,active,15303,854,13060,16786,-5,95,60.6,51.1,No,2400,2400,0,5396,125
14:49:08.793,active,15307,666,10474,16785,-6,95,60.6,53.5,No,2400,2400,0,5394,125
14:49:09.789,active,15303,742,11400,16785,-5,95,60.0,53.6,No,2400,2400,0,5385,125
14:49:10.789,active,15303,668,11710,16786,-12,95,61.1,53.3,No,2400,2400,0,5389,125
14:49:11.789,active,15354,532,8178,16787,-9,95,61.1,55.0,No,2400,2400,0,5393,125
14:49:12.793,active,15301,358,6810,16786,-8,95,61.7,52.2,No,2400,2400,0,5395,125
14:49:13.789,active,15359,508,7832,16786,-8,95,61.7,51.2,No,2400,2400,0,5397,125
14:49:14.789,active,15344,500,7678,16786,-8,95,62.2,51.6,No,2400,2400,0,5401,125
14:49:15.793,active,15299,576,8834,16785,-8,95,61.1,54.9,No,2400,2400,0,5400,125
14:49:16.789,active,15281,682,10456,16785,-8,95,61.7,58.1,No,2400,2400,0,5397,125
14:49:17.789,active,15277,772,11574,16786,-7,95,61.1,57.2,No,2400,2400,0,5427,125
14:49:18.793,active,15281,912,13986,16787,0,95,61.7,56.9,No,2400,2400,0,5412,125
14:49:19.793,active,15277,832,11882,16786,-3,95,63.4,56.8,No,2400,2400,0,5403,125
14:49:20.789,active,15299,766,11748,16787,0,95,61.7,56.7,No,2400,2400,0,5417,125
14:49:21.789,active,15283,674,10340,16786,-3,95,61.1,55.7,No,2400,2400,0,5434,125
14:49:22.796,active,15314,712,10918,16788,0,95,62.2,55.7,No,2400,2400,0,5430,125
14:49:23.789,active,15279,764,11710,16789,0,95,62.2,58.2,No,2400,2400,0,5435,125
14:49:24.789,active,15311,702,11040,16789,0,95,61.7,57.9,No,2400,2400,0,5435,125
14:49:25.793,active,15266,712,10918,16786,0,95,63.4,57.8,No,2400,2400,0,5443,125
14:49:26.789,active,15322,730,8796,16787,0,95,63.4,58.1,No,2400,2400,0,5443,125
14:49:27.789,active,15318,550,8448,16787,0,95,62.2,58.0,No,2400,2400,0,5440,125
14:49:28.790,active,15326,702,10764,16788,0,95,62.8,57.9,No,2400,2400,0,5441,125
14:49:29.789,active,15266,596,9124,16788,0,95,62.2,57.8,No,2400,2400,0,5437,125
14:49:30.789,active,15320,822,12578,16787,0,95,62.2,58.8,No,2400,2400,0,5457,125
14:49:31.789,active,15277,712,10898,16787,0,95,62.8,57.8,No,2400,2400,0,5455,125
14:49:32.793,active,15279,750,11498,16786,0,95,63.4,58.8,No,2400,2400,0,5452,125
14:49:33.789,active,15271,684,10474,16786,-4,95,63.4,56.7,No,2400,2400,0,5459,125
14:49:34.789,active,15286,736,11284,16787,-6,95,63.4,58.8,No,2400,2400,0,5459,125
14:49:35.792,active,15309,718,11342,16788,-4,95,62.2,57.9,No,2400,2400,0,5463,125
14:49:36.789,active,15301,740,11342,16788,-3,95,62.2,58.1,No,2400,2400,0,5470,125
14:49:37.789,active,15305,710,8334,16787,0,95,63.4,58.7,No,2400,2400,0,5476,125
14:49:38.789,active,15299,730,11188,16787,0,95,63.4,58.5,No,2400,2400,0,5477,125
14:49:39.789,active,15303,498,7678,16786,0,95,63.4,57.9,No,2400,2400,0,5470,125
14:49:40.789,active,15357,542,8352,16788,0,95,62.8,57.0,No,2400,2400,0,5471,125
14:49:41.792,active,15301,490,7522,16788,0,95,62.8,59.6,No,2400,2400,0,5480,125
14:49:42.789,active,15359,486,7484,16787,-4,95,62.8,58.6,No,2400,2400,0,5466,125
14:49:43.789,active,15305,456,7022,16786,-5,95,62.8,59.8,No,2400,2400,0,5485,125
14:49:44.789,active,15281,756,11594,16788,0,95,63.4,58.5,No,2400,2400,0,5487,125
14:49:45.789,active,15307,780,11980,16787,0,95,63.4,59.2,No,2400,2400,0,5491,125
14:49:46.789,active,15299,772,11824,16788,0,95,63.9,59.4,No,2400,2400,0,5486,125
14:49:47.789,active,15318,752,11536,16787,0,95,63.9,58.0,No,2400,2400,0,5488,125
14:49:48.789,active,15314,716,10976,16787,0,95,63.4,58.4,No,2400,2400,0,5487,125
14:49:49.789,active,15314,742,12538,16787,0,95,62.8,57.9,No,2400,2400,0,5483,125
14:49:50.789,active,15309,734,11266,16785,0,95,62.8,58.2,No,2400,2400,0,5485,125
14:49:51.789,active,15301,736,11072,16787,-3,95,61.7,60.0,No,2400,2400,0,5484,125
14:49:52.789,active,15299,712,10898,16786,0,95,62.8,55.0,No,2400,2400,0,5494,125
14:49:53.789,active,15309,856,13078,16787,0,95,63.4,54.6,No,2400,2400,0,5494,125
14:49:54.789,active,15253,830,12674,16786,0,95,63.4,54.3,No,2400,2400,0,5483,125
14:49:55.791,active,15309,798,12210,16788,3,95,63.4,54.3,No,2400,2400,0,5486,125
14:49:56.789,sleep,15305,484,6934,16789,3,95,59.5,31.7,No,2400,2400,0,5517,125
14:49:57.789,sleep,15305,468,7156,16788,15,95,58.4,-0.0,No,2400,2400,0,5516,125
14:49:58.789,sleep,15299,408,7292,16789,13,95,59.0,0.0,No,2400,2400,0,5538,125
14:49:59.789,sleep,15301,436,6674,16789,12,95,57.3,0.7,No,2400,2400,0,5538,125
14:50:00.789,sleep,15299,510,6866,16790,13,95,56.8,-0.0,No,2400,2400,0,5539,125
14:50:01.789,sleep,15299,386,5922,16790,13,95,55.1,0.3,No,1500,2400,0,5548,125
14:50:02.789,sleep,15290,390,5980,16791,16,95,54.5,-0.0,No,1500,2400,0,5540,125
14:50:03.789,sleep,15296,448,6886,16790,15,95,55.6,0.3,No,1500,2400,0,5556,125
14:50:04.789,sleep,15296,574,8796,16790,14,95,53.5,0.0,No,1500,2400,0,4089,75
14:50:05.789,sleep,15296,496,4630,16790,17,95,52.9,0.3,No,1500,2400,0,3477,75
14:50:06.789,sleep,15296,364,5594,16790,16,95,52.9,-0.0,No,1500,2400,0,3386,75
14:50:07.789,sleep,15299,428,8024,16791,13,95,52.4,0.2,No,1500,2400,0,3364,75
14:50:08.789,sleep,15296,324,4976,16791,11,95,52.4,0.0,No,1500,2400,0,3379,75
14:50:09.789,sleep,15301,398,8064,16791,12,95,52.4,0.0,No,1500,2400,0,3375,75
14:50:10.789,sleep,15296,378,5806,16790,12,95,52.4,0.3,No,1500,2400,0,3363,75
14:50:11.789,active,15318,714,10956,16787,7,95,56.2,31.4,No,2400,2400,0,3354,75
14:50:12.789,active,15305,676,10244,16787,-8,95,56.8,52.6,No,2400,2400,0,3320,75
14:50:13.789,active,15307,714,10956,16788,-3,95,57.3,52.7,No,2400,2400,0,3308,75
14:50:14.789,active,15307,686,10898,16788,0,95,59.0,51.9,No,2400,2400,0,3300,75
14:50:15.789,active,15305,692,10628,16788,0,95,59.0,51.3,No,2400,2400,0,3297,75
14:50:16.791,active,15303,706,7446,16788,0,95,59.0,51.7,No,2400,2400,0,3287,75
14:50:17.793,active,15301,674,10358,16787,0,95,59.0,51.1,No,2400,2400,0,4192,125
14:50:18.789,active,15301,740,7928,16788,-3,95,59.0,51.7,No,2400,2400,0,5323,125
14:50:19.789,active,15251,674,10358,16788,-5,95,59.5,52.2,No,2400,2400,0,5393,125
14:50:20.789,active,15253,882,13504,16787,-4,95,60.0,52.0,No,2400,2400,0,5411,125
14:50:21.789,active,15245,876,13812,16786,-5,95,60.0,52.0,No,2400,2400,0,5415,125
14:50:22.789,active,15258,930,14218,16787,0,95,60.6,51.3,No,2400,2400,0,5420,125
14:50:23.791,active,15275,836,11150,16786,-3,95,61.1,52.7,No,2400,2400,0,5411,125
14:50:24.794,active,15277,820,12558,16787,-5,95,61.1,56.6,No,2400,2400,0,5406,125
14:50:25.789,active,15286,780,14314,16787,-8,95,60.0,57.1,No,2400,2400,0,5396,125
14:50:26.789,active,15271,976,14932,16787,-6,95,61.7,57.2,No,2400,2400,0,5405,125
14:50:27.789,active,15277,690,10590,16786,-9,95,61.7,57.2,No,2400,2400,0,5402,125
14:50:28.789,active,15359,476,14738,16786,-9,95,62.2,56.8,No,2400,2400,0,5422,125
14:50:29.789,active,15333,522,8044,16787,-6,95,62.2,56.0,No,2400,2400,0,5424,125
14:50:30.789,active,15346,522,8178,16786,-4,95,61.1,57.0,No,2400,2400,0,5429,125
14:50:31.790,active,15335,522,8024,16787,0,95,61.7,57.1,No,2400,2400,0,5441,125
14:50:32.789,active,15331,604,9278,16786,0,95,61.7,56.6,No,2400,2400,0,5446,125
14:50:33.789,active,15324,498,7658,16787,0,95,62.2,59.1,No,2400,2400,0,5440,125
14:50:34.789,active,15314,504,7716,16787,0,95,62.2,51.8,No,2400,2400,0,5436,125
14:50:35.789,active,15303,554,8506,16788,0,95,61.7,51.5,No,2400,2400,0,5450,125
14:50:36.789,active,15316,682,10436,16786,0,95,61.7,51.5,No,2400,2400,0,5453,125
14:50:37.793,active,15305,504,12068,16786,-4,95,62.2,51.4,No,2400,2400,0,5454,125
14:50:38.790,active,15305,682,10474,16788,0,95,61.7,51.5,No,2400,2400,0,5459,125
14:50:39.789,active,15307,752,11536,16787,0,95,61.7,59.4,No,2400,2400,0,5465,125
14:50:40.789,active,15307,794,12172,16787,0,95,61.7,59.1,No,2400,2400,0,5469,125
14:50:41.789,active,15309,766,11748,16785,-4,95,62.2,57.6,No,2400,2400,0,5478,125
14:50:42.789,active,15305,708,10860,16786,-5,95,62.8,58.9,No,2400,2400,0,5473,125
14:50:43.792,active,15309,734,11266,16787,-4,95,63.4,57.9,No,2400,2400,0,5458,125
14:50:44.792,active,15301,702,7638,16787,-4,95,62.2,57.8,No,2400,2400,0,5464,125
14:50:45.789,active,15305,708,10880,16787,-5,95,61.7,59.7,No,2400,2400,0,5472,125
14:50:46.789,active,15266,888,7542,16788,-3,95,62.8,57.8,No,2400,2400,0,5482,125
14:50:47.789,active,15281,670,10282,16787,0,95,63.4,58.6,No,2400,2400,0,5490,125
14:50:48.789,active,15277,894,13696,16786,-5,95,63.4,58.2,No,2400,2400,0,5464,125
14:50:49.789,active,15273,896,13716,16786,-7,95,62.8,57.8,No,2400,2400,0,5479,125
14:50:50.792,active,15281,918,14062,16788,-6,95,63.4,57.4,No,2400,2400,0,5478,125
14:50:51.793,active,15264,1016,12458,16788,-3,95,62.8,58.7,No,2400,2400,0,5478,125
14:50:52.790,active,15283,784,12018,16787,0,95,62.2,58.7,No,2400,2400,0,5479,125
14:50:53.789,active,15277,940,11612,16786,0,95,63.4,58.8,No,2400,2400,0,5487,125
14:50:54.793,active,15286,772,11844,16786,-3,95,63.4,59.7,No,2400,2400,0,5473,125
14:50:55.789,active,15339,578,10244,16786,-3,95,62.2,59.4,No,2400,2400,0,5490,125
14:50:56.789,active,15318,456,7002,16786,-4,95,63.4,58.2,No,2400,2400,0,5491,125
14:50:57.789,active,15329,484,7426,16787,0,95,63.4,59.0,No,2400,2400,0,5485,125
14:50:58.793,active,15316,508,10088,16786,0,95,62.2,58.3,No,2400,2400,0,5494,125
14:50:59.789,active,15320,778,11960,16786,-4,95,61.7,58.9,No,2400,2400,0,5484,125
14:51:00.789,active,15314,528,11864,16788,4,95,62.8,59.7,No,2400,2400,0,5494,125
14:51:01.793,active,15266,686,10494,16787,4,95,63.4,59.1,No,2400,2400,0,5482,125
14:51:02.792,active,15318,646,11188,16788,0,95,63.4,59.8,No,2400,2400,0,5490,125
14:51:03.789,active,15256,708,10822,16788,0,95,63.4,58.2,No,2400,2400,0,5485,125
14:51:04.791,active,15260,680,12752,16787,0,95,63.4,59.7,No,2400,2400,0,5494,125
14:51:05.794,active,15299,686,6982,16787,0,95,62.8,55.4,No,2400,2400,0,5500,125
14:51:06.789,active,15296,538,8276,16786,0,95,61.1,54.6,No,2400,2400,0,5501,125
14:51:07.789,active,15307,724,7986,16787,0,95,62.2,55.9,No,2400,2400,0,5514,125
14:51:08.789,active,15357,534,8236,16789,0,95,62.8,57.9,No,2400,2400,0,5502,125
14:51:09.793,active,15294,694,7388,16788,0,95,62.8,56.5,No,2400,2400,0,5503,125
14:51:10.789,active,15339,526,8082,16787,0,95,63.4,51.3,No,2400,2400,0,5501,125
14:51:11.789,sleep,15301,746,8120,16788,3,95,59.5,32.3,No,2400,2400,0,5523,125
14:51:12.789,sleep,15294,440,6770,16788,11,95,59.0,0.0,No,2400,2400,0,5549,125
14:51:13.789,sleep,15296,462,7080,16789,7,95,57.3,0.0,No,2400,2400,0,5547,125
14:51:14.789,sleep,15299,476,7562,16789,8,95,57.3,-0.0,No,2400,2400,0,5552,125
14:51:15.789,sleep,15294,426,6538,16789,10,95,55.6,0.0,No,2400,2400,0,5551,125
14:51:16.789,sleep,15288,426,5844,16790,6,95,55.6,0.5,No,1500,2400,0,5552,125
14:51:17.789,sleep,15294,446,6828,16789,10,95,55.1,0.0,No,1500,2400,0,5564,125
14:51:18.789,sleep,15294,322,5112,16791,16,95,54.5,0.5,No,1500,2400,0,3817,75
14:51:19.789,sleep,15294,328,5014,16790,18,95,53.5,0.0,No,1500,2400,0,3449,75
14:51:20.789,sleep,15294,518,7928,16791,17,95,53.5,0.0,No,1500,2400,0,3397,75
14:51:21.789,sleep,15299,438,6712,16790,13,95,53.5,-0.0,No,1500,2400,0,3386,75
14:51:22.789,sleep,15296,488,7484,16790,12,95,53.5,0.3,No,1500,2400,0,3376,75
14:51:23.789,sleep,15301,320,3588,16790,11,95,52.4,-0.0,No,1500,2400,0,3369,75
14:51:24.789,sleep,15305,566,8680,16790,13,95,52.9,0.5,No,1500,2400,0,3356,75
14:51:25.789,sleep,15296,322,7736,16791,15,95,52.4,0.0,No,1500,2400,0,3362,75
14:51:26.793,active,15232,840,12828,16790,14,95,54.5,27.4,No,2400,2400,0,3339,75
14:51:27.789,active,15309,746,13272,16786,-7,95,57.9,51.7,No,2400,2400,0,3311,75
14:51:28.789,active,15253,774,11824,16786,-5,95,56.8,52.2,No,2400,2400,0,3305,75
14:51:29.790,active,15253,876,13446,16787,-4,95,59.0,52.6,No,2400,2400,0,3296,75
14:51:30.790,active,15268,844,12906,16787,-8,95,59.0,51.7,No,2400,2400,0,3292,75
14:51:31.789,active,15354,544,8372,16787,-6,95,60.0,51.2,No,2400,2400,0,3275,75
14:51:32.793,active,15352,502,7850,16787,-8,95,59.5,51.8,No,2400,2400,0,3253,75
14:51:33.790,active,15354,514,7908,16787,-7,95,59.0,51.8,No,2400,2400,0,3253,75
14:51:34.789,active,15357,450,7522,16787,0,95,60.0,55.6,No,2400,2400,0,3253,75
14:51:35.789,active,15337,538,8256,16787,-7,95,59.5,52.4,No,2400,2400,0,4621,125
14:51:36.792,active,15354,514,7890,16788,-6,95,60.6,52.9,No,2400,2400,0,5342,125
14:51:37.789,active,15322,546,8410,16787,-6,95,61.1,52.3,No,2400,2400,0,5382,125
14:51:38.789,active,15333,584,8950,16787,-5,95,61.1,52.1,No,2400,2400,0,5403,125
14:51:39.793,active,15318,554,8506,16786,0,95,61.1,52.8,No,2400,2400,0,5372,125
14:51:40.790,active,15288,770,11806,16787,-3,95,60.6,56.2,No,2400,2400,0,5376,125
14:51:41.789,active,15296,710,10956,16787,0,95,60.6,56.9,No,2400,2400,0,5392,125
14:51:42.792,active,15301,706,10842,16787,-3,95,62.2,57.7,No,2400,2400,0,5393,125
14:51:43.793,active,15271,674,10358,16786,-7,95,62.2,58.0,No,2400,2400,0,5377,125
14:51:44.789,active,15311,698,10706,16786,-6,95,62.2,57.0,No,2400,2400,0,5395,125
14:51:45.789,active,15275,736,11304,16786,-4,95,61.7,58.2,No,2400,2400,0,5394,125
14:51:46.794,active,15311,796,11718,16787,-4,95,62.2,59.3,No,2400,2400,0,5402,125
14:51:47.791,active,15311,684,10494,16787,-6,95,60.6,58.1,No,2400,2400,0,5407,125
14:51:48.789,active,15307,750,11516,16788,0,95,62.8,58.7,No,2400,2400,0,5403,125
14:51:49.789,active,15262,730,11188,16786,-3,95,62.8,59.0,No,2400,2400,0,5404,125
14:51:50.789,active,15268,670,10262,16786,-4,95,62.8,58.0,No,2400,2400,0,5416,125
14:51:51.791,active,15264,696,12440,16786,0,95,63.4,58.0,No,2400,2400,0,5422,125
14:51:52.789,active,15264,704,10784,16787,-3,95,62.8,58.4,No,2400,2400,0,5427,125
14:51:53.792,active,15273,796,12596,16788,-3,95,62.2,58.9,No,2400,2400,0,5426,125
14:51:54.790,active,15273,902,13792,16788,-5,95,61.7,57.0,No,2400,2400,0,5424,125
14:51:55.789,active,15258,778,13542,16787,-6,95,62.2,57.7,No,2400,2400,0,5445,125
14:51:56.789,active,15277,810,12424,16786,0,95,63.4,57.3,No,2400,2400,0,5451,125
14:51:57.789,active,15292,784,14604,16787,-3,95,63.9,57.8,No,2400,2400,0,5433,125
14:51:58.789,active,15357,524,7292,16786,-4,95,62.8,57.3,No,2400,2400,0,5448,125
14:51:59.792,active,15301,528,8120,16788,0,95,63.9,58.4,No,2400,2400,0,5446,125
14:52:00.793,active,15357,538,8024,16788,0,95,63.4,57.4,No,2400,2400,0,5466,125
14:52:01.790,active,15354,490,7522,16787,0,95,62.2,59.1,No,2400,2400,0,5465,125
14:52:02.789,active,15339,528,8102,16786,-3,95,62.8,59.0,No,2400,2400,0,5463,125
14:52:03.792,active,15320,516,7908,16786,0,95,63.4,59.7,No,2400,2400,0,5462,125
14:52:04.789,active,15335,502,7696,16786,-3,95,63.9,57.9,No,2400,2400,0,5443,125
14:52:05.789,active,15316,482,9436,16788,0,95,63.4,58.2,No,2400,2400,0,5454,125
14:52:06.790,active,15333,742,11382,16787,0,95,63.4,59.3,No,2400,2400,0,5456,125
14:52:07.790,active,15316,782,11998,16787,0,95,63.4,59.4,No,2400,2400,0,5461,125
14:52:08.789,active,15299,728,11170,16786,0,95,61.7,58.9,No,2400,2400,0,5482,125
14:52:09.789,active,15309,708,10860,16787,0,95,63.4,58.4,No,2400,2400,0,5467,125
14:52:10.789,active,15303,696,10668,16787,0,95,63.4,59.2,No,2400,2400,0,5470,125
14:52:11.789,active,15303,722,11072,16787,0,95,63.4,58.5,No,2400,2400,0,5469,125
14:52:12.789,active,15301,778,8102,16788,0,95,63.4,58.8,No,2400,2400,0,5478,125
14:52:13.793,active,15301,626,9626,16788,0,95,62.8,58.3,No,2400,2400,0,5478,125
14:52:14.790,active,15301,762,7832,16788,0,95,62.2,55.8,No,2400,2400,0,5483,125
14:52:15.789,active,15352,528,8120,16787,0,95,61.7,55.2,No,2400,2400,0,5482,125
14:52:16.793,active,15277,748,11478,16787,0,95,63.9,57.0,No,2400,2400,0,5467,125
14:52:17.789,active,15260,920,11266,16786,-5,95,62.8,55.4,No,2400,2400,0,5475,125
14:52:18.789,active,15256,774,11882,16788,0,95,63.4,57.3,No,2400,2400,0,5488,125
14:52:19.792,active,15266,902,11652,16788,0,95,63.4,53.5,No,2400,2400,0,5494,125
14:52:20.793,active,15256,692,10628,16787,-3,95,63.4,53.2,No,2400,2400,0,5488,125
14:52:21.793,active,15275,882,11362,16787,0,95,63.4,51.7,No,2400,2400,0,5496,125
14:52:22.789,active,15311,728,11170,16787,0,95,61.7,51.3,No,2400,2400,0,5499,125
14:52:23.789,active,15311,744,10282,16788,0,95,62.2,52.3,No,2400,2400,0,5514,125
14:52:24.789,active,15303,754,11554,16787,-3,95,62.8,52.3,No,2400,2400,0,5501,125
14:52:25.789,active,15322,544,8352,16787,-3,95,62.8,51.5,No,2400,2400,0,5495,125
14:52:26.789,sleep,15303,448,7658,16786,0,95,60.0,35.3,No,2400,2400,0,5511,125
14:52:27.789,sleep,15294,498,7658,16788,9,95,57.9,-0.0,No,2400,2400,0,5544,125
14:52:28.789,sleep,15301,508,6712,16788,6,95,57.3,0.0,No,2400,2400,0,5540,125
14:52:29.789,sleep,15307,392,6018,16788,3,95,56.8,0.0,No,2400,2400,0,5542,125
14:52:30.789,sleep,15299,490,6866,16789,7,95,56.2,0.2,No,2400,2400,0,5539,125
14:52:31.789,sleep,15301,534,8198,16789,10,95,56.8,0.0,No,1500,2400,0,5538,125
14:52:32.789,sleep,15301,306,4706,16789,10,95,54.5,0.3,No,1500,2400,0,5120,75
14:52:33.789,sleep,15303,332,5112,16789,14,95,54.0,0.3,No,1500,2400,0,3634,75
14:52:34.789,sleep,15301,548,8410,16790,14,95,54.0,0.2,No,1500,2400,0,3402,75
14:52:35.789,sleep,15301,306,8334,16791,14,95,53.5,0.0,No,1500,2400,0,3366,75
14:52:36.789,sleep,15299,532,8160,16790,11,95,53.5,-0.0,No,1500,2400,0,3368,75
14:52:37.789,sleep,15301,328,4572,16791,13,95,52.9,0.2,No,1500,2400,0,3373,75
14:52:38.789,sleep,15299,584,8950,16791,13,95,52.4,0.0,No,1500,2400,0,3364,75
14:52:39.789,sleep,15296,396,6076,16790,16,95,52.4,-0.0,No,1500,2400,0,3356,75
14:52:40.789,sleep,15299,276,4244,16790,16,95,52.4,0.3,No,1500,2400,0,3344,75
14:52:41.793,active,15354,466,7156,16789,8,95,55.6,24.2,No,2400,2400,0,3323,75
14:52:42.794,active,15320,502,7716,16787,-5,95,56.2,51.6,No,2400,2400,0,3286,75
14:52:43.789,active,15311,676,10378,16786,-4,95,57.3,51.9,No,2400,2400,0,3287,75
14:52:44.789,active,15286,720,10976,16788,-6,95,59.0,52.8,No,2400,2400,0,3277,75
14:52:45.793,active,15294,720,11034,16788,0,95,59.0,52.8,No,2400,2400,0,3285,75
14:52:46.789,active,15314,752,11536,16787,-3,95,59.0,54.2,No,2400,2400,0,3269,75
14:52:47.789,active,15305,674,10340,16788,0,95,59.5,52.3,No,2400,2400,0,3261,75
14:52:48.790,active,15307,686,10514,16788,0,95,59.5,52.0,No,2400,2400,0,3258,75
14:52:49.790,active,15305,770,10014,16785,-5,95,59.0,52.5,No,2400,2400,0,5025,125
14:52:50.789,active,15311,754,11574,16786,-7,95,60.6,52.9,No,2400,2400,0,5374,125
14:52:51.790,active,15311,712,11516,16787,-4,95,61.1,56.6,No,2400,2400,0,5386,125
14:52:52.793,active,15322,434,6674,16786,0,95,62.2,57.7,No,2400,2400,0,5384,125
14:52:53.789,active,15324,702,10764,16785,-6,95,61.7,57.4,No,2400,2400,0,5387,125
14:52:54.789,active,15320,658,10668,16786,-3,95,61.7,57.8,No,2400,2400,0,5385,125
14:52:55.793,active,15271,884,13542,16786,-6,95,62.2,58.8,No,2400,2400,0,5394,125
14:52:56.790,active,15277,754,12596,16786,-8,95,61.7,58.6,No,2400,2400,0,5390,125
14:52:57.789,active,15262,786,12038,16787,-7,95,62.2,59.9,No,2400,2400,0,5393,125
14:52:58.792,active,15271,838,12828,16787,-3,95,62.2,59.0,No,2400,2400,0,5404,125
14:52:59.793,active,15271,716,10956,16786,-4,95,62.8,57.3,No,2400,2400,0,5405,125
14:53:00.789,active,15301,752,11536,16786,-4,95,63.9,58.4,No,2400,2400,0,5398,125
14:53:01.790,active,15299,730,8178,16786,-5,95,62.2,58.5,No,2400,2400,0,5416,125
14:53:02.794,active,15359,498,7678,16788,-3,95,62.2,58.4,No,2400,2400,0,5421,125
14:53:03.790,active,15303,480,7368,16787,-4,95,61.1,58.1,No,2400,2400,0,5417,125
14:53:04.789,active,15344,498,7934,16787,-5,95,62.8,57.8,No,2400,2400,0,5419,125
14:53:05.793,active,15301,468,7194,16786,-5,95,63.4,58.0,No,2400,2400,0,5432,125
14:53:06.793,active,15329,520,7330,16785,-9,95,62.8,58.1,No,2400,2400,0,5411,125
14:53:07.789,active,15320,542,8314,16785,-10,95,62.8,57.4,No,2400,2400,0,5424,125
14:53:08.796,active,15307,520,7832,16786,-8,95,63.4,59.0,No,2400,2400,0,5427,125
14:53:09.796,active,15311,538,8256,16785,-7,95,62.2,57.8,No,2400,2400,0,5440,125
14:53:10.789,active,15309,738,11324,16785,-4,95,61.7,57.5,No,2400,2400,0,5446,125
14:53:11.789,active,15307,736,11304,16785,-7,95,62.8,59.5,No,2400,2400,0,5440,125
14:53:12.793,active,15307,660,10128,16785,-8,95,63.4,59.2,No,2400,2400,0,5445,125
14:53:13.793,active,15305,760,11690,16786,-7,95,63.4,58.0,No,2400,2400,0,5437,125
14:53:14.789,active,15307,798,12250,16786,-7,95,62.2,58.0,No,2400,2400,0,5453,125
14:53:15.790,active,15303,730,10668,16785,-8,95,63.4,59.5,No,2400,2400,0,5462,125
14:53:16.790,active,15303,698,10706,16786,-4,95,61.7,58.4,No,2400,2400,0,5461,125
14:53:17.789,active,15301,504,7774,16785,-5,95,62.2,54.2,No,2400,2400,0,5459,125
14:53:18.789,active,15266,768,12538,16785,-8,95,62.8,56.1,No,2400,2400,0,5440,125
14:53:19.793,active,15286,784,11998,16787,-6,95,63.9,58.5,No,2400,2400,0,5457,125
14:53:20.793,active,15281,780,14604,16787,-7,95,63.4,58.4,No,2400,2400,0,5454,125
14:53:21.789,active,15288,714,10938,16787,0,95,62.8,58.9,No,2400,2400,0,5469,125
14:53:22.790,active,15281,946,14488,16787,0,95,61.7,58.5,No,2400,2400,0,5473,125
14:53:23.789,active,15268,938,14352,16787,0,95,62.2,57.4,No,2400,2400,0,5476,125
14:53:24.789,active,15290,968,14816,16785,0,95,62.2,55.7,No,2400,2400,0,5464,125
14:53:25.789,active,15277,794,11844,16785,0,95,62.2,55.0,No,2400,2400,0,5469,125
14:53:26.789,active,15279,732,11246,16785,-4,95,63.4,55.4,No,2400,2400,0,5464,125
14:53:27.789,active,15337,474,7272,16786,0,95,62.8,58.1,No,2400,2400,0,5481,125
14:53:28.791,active,15329,536,8236,16786,-3,95,62.8,56.7,No,2400,2400,0,5481,125
14:53:29.793,active,15320,542,8334,16785,-4,95,62.8,54.0,No,2400,2400,0,5486,125
14:53:30.795,active,15314,462,11284,16785,-7,95,61.7,51.1,No,2400,2400,0,5476,125
14:53:31.789,active,15322,696,10686,16786,-5,95,61.7,51.4,No,2400,2400,0,5481,125
14:53:32.789,active,15305,448,12056,16786,-6,95,62.8,52.3,No,2400,2400,0,5481,125
14:53:33.791,active,15273,710,10880,16785,-3,95,62.2,52.0,No,2400,2400,0,5475,125
14:53:34.793,active,15305,524,11574,16786,0,95,62.2,51.4,No,2400,2400,0,5497,125
14:53:35.789,active,15260,724,11072,16787,0,95,62.8,54.7,No,2400,2400,0,5486,125
14:53:36.790,active,15305,660,10128,16785,-4,95,62.8,51.3,No,2400,2400,0,5482,125
14:53:37.790,active,15301,756,8140,16784,-9,95,62.2,52.5,No,2400,2400,0,5485,125
14:53:38.789,active,15301,704,10802,16785,-6,95,62.8,54.4,No,2400,2400,0,5485,125
14:53:39.789,active,15299,776,8294,16786,-3,95,62.8,55.1,No,2400,2400,0,5482,125
14:53:40.789,active,15335,516,7948,16786,-4,95,62.2,52.0,No,2400,2400,0,5492,125
14:53:41.789,sleep,15299,470,7214,16786,-5,95,60.0,38.1,No,2400,2400,0,5507,125
14:53:42.789,sleep,15299,498,7658,16787,5,95,57.9,0.0,No,2400,2400,0,5544,125
14:53:43.789,sleep,15299,512,7850,16787,3,95,57.3,0.2,No,2400,2400,0,5537,125
14:53:44.789,sleep,15296,444,7080,16787,8,95,57.3,0.0,No,2400,2400,0,5540,125
14:53:45.789,sleep,15292,422,6462,16789,5,95,56.2,0.0,No,2400,2400,0,5540,125
14:53:46.789,sleep,15292,436,6694,16790,7,95,54.5,-0.0,No,1500,2400,0,5541,125
14:53:47.789,sleep,15294,386,5902,16790,11,95,55.1,0.3,No,1500,2400,0,5554,125
14:53:48.789,sleep,15296,400,6134,16789,11,95,54.0,0.0,No,1500,2400,0,4503,75
14:53:49.789,sleep,15299,280,4302,16790,13,95,54.0,0.3,No,1500,2400,0,3547,75
14:53:50.789,sleep,15299,318,4880,16789,11,95,53.5,0.0,No,1500,2400,0,3409,75
14:53:51.789,sleep,15301,528,4166,16789,11,95,52.9,0.0,No,1500,2400,0,3370,75
14:53:52.789,sleep,15296,566,8700,16790,12,95,52.4,0.3,No,1500,2400,0,3352,75
14:53:53.789,sleep,15301,290,5150,16789,12,95,52.9,-0.0,No,1500,2400,0,3358,75
14:53:54.789,sleep,15301,254,6616,16790,13,95,51.8,0.3,No,1500,2400,0,3356,75
14:53:55.789,sleep,15290,298,4590,16789,14,95,53.5,0.3,No,1500,2400,0,3363,75
14:53:56.792,active,15288,618,13272,16789,9,95,55.1,20.1,No,2400,2400,0,3350,75
14:53:57.793,active,15253,776,11882,16786,-7,95,56.8,52.5,No,2400,2400,0,3306,75
14:53:58.789,active,15273,832,13098,16787,-7,95,56.2,52.4,No,2400,2400,0,3292,75
14:53:59.789,active,15271,720,11014,16787,0,95,58.4,54.0,No,2400,2400,0,3281,75
14:54:00.789,active,15251,902,13812,16786,-4,95,60.6,56.7,No,2400,2400,0,3286,75
14:54:01.789,active,15281,700,14054,16786,0,95,60.6,56.9,No,2400,2400,0,3285,75
14:54:02.789,active,15301,688,10552,16787,-7,95,60.0,58.6,No,2400,2400,0,3266,75
14:54:03.791,active,15301,540,8314,16788,-4,95,62.2,57.9,No,2400,2400,0,3268,75
14:54:04.794,active,15303,700,10726,16788,-3,95,61.1,60.6,No,2400,2400,0,3261,125
14:54:05.789,active,15301,494,7620,16787,0,95,60.6,58.6,No,2400,2400,0,5180,125
14:54:06.789,active,15301,732,8160,16786,-3,95,62.2,59.7,No,2400,2400,0,5377,125
14:54:07.793,active,15301,496,7638,16786,-4,95,62.8,57.9,No,2400,2400,0,5383,125
14:54:08.789,active,15326,490,8410,16786,-5,95,62.2,58.4,No,2400,2400,0,5384,125
14:54:09.789,active,15335,532,8178,16787,0,95,61.7,59.0,No,2400,2400,0,5387,125
14:54:10.790,active,15329,754,10842,16787,0,95,61.7,58.2,No,2400,2400,0,5384,125
14:54:11.793,active,15320,742,7388,16786,0,95,62.2,57.8,No,2400,2400,0,5388,125
14:54:12.789,active,15305,730,11188,16785,-3,95,61.7,58.4,No,2400,2400,0,5388,125
14:54:13.789,active,15307,694,10474,16786,0,95,62.2,57.9,No,2400,2400,0,5392,125
14:54:14.793,active,15299,700,10726,16787,-3,95,62.8,57.0,No,2400,2400,0,5393,125
14:54:15.789,active,15316,724,11498,16786,-3,95,62.8,58.9,No,2400,2400,0,5397,125
14:54:16.789,active,15303,770,11824,16787,-3,95,62.8,57.3,No,2400,2400,0,5403,125
14:54:17.790,active,15299,750,11498,16786,0,95,62.8,57.3,No,2400,2400,0,5398,125
14:54:18.790,active,15299,784,8966,16786,0,95,61.7,58.3,No,2400,2400,0,5404,125
14:54:19.789,active,15303,594,9124,16788,0,95,62.2,59.7,No,2400,2400,0,5409,125
14:54:20.792,active,15262,946,14488,16789,0,95,62.8,58.5,No,2400,2400,0,5413,125
14:54:21.793,active,15275,836,12808,16787,0,95,63.4,58.8,No,2400,2400,0,5425,125
14:54:22.789,active,15260,844,12944,16786,0,95,62.8,57.8,No,2400,2400,0,5434,125
14:54:23.789,active,15277,812,11092,16787,0,95,62.8,58.1,No,2400,2400,0,5438,125
14:54:24.793,active,15273,984,15066,16786,0,95,62.8,58.4,No,2400,2400,0,5436,125
14:54:25.789,active,15286,820,12038,16787,-3,95,62.2,58.9,No,2400,2400,0,5435,125
14:54:26.789,active,15271,934,14294,16787,0,95,62.8,58.9,No,2400,2400,0,5445,125
14:54:27.789,active,15292,752,11226,16787,0,95,62.8,58.5,No,2400,2400,0,5456,125
14:54:28.789,active,15311,776,11922,16788,0,95,63.4,59.0,No,2400,2400,0,5459,125
14:54:29.789,active,15348,456,7002,16786,0,95,62.8,58.6,No,2400,2400,0,5457,125
14:54:30.791,active,15333,486,10416,16788,0,95,62.8,59.0,No,2400,2400,0,5456,125
14:54:31.789,active,15309,486,7466,16788,0,95,62.8,59.2,No,2400,2400,0,5467,125
14:54:32.790,active,15314,514,12038,16787,-3,95,62.2,57.9,No,2400,2400,0,5460,125
14:54:33.789,active,15311,472,7252,16787,0,95,63.4,56.9,No,2400,2400,0,5454,125
14:54:34.789,active,15305,828,12654,16786,0,95,62.8,54.9,No,2400,2400,0,5473,125
14:54:35.789,active,15311,728,11170,16787,0,95,62.8,54.8,No,2400,2400,0,5477,125
14:54:36.789,active,15299,766,11728,16787,0,95,62.8,54.1,No,2400,2400,0,5485,125
14:54:37.789,active,15243,786,14046,16787,0,95,62.2,56.7,No,2400,2400,0,5481,125
14:54:38.793,active,15301,652,10012,16787,0,95,62.2,51.5,No,2400,2400,0,5481,125
14:54:39.795,active,15303,456,7002,16787,0,95,62.2,51.5,No,2400,2400,0,5476,125
14:54:40.789,active,15296,784,12018,16787,0,95,63.4,52.8,No,2400,2400,0,5479,125
14:54:41.789,active,15301,510,7850,16788,0,95,61.7,54.7,No,2400,2400,0,5481,125
14:54:42.793,active,15299,750,7736,16788,4,95,62.8,53.0,No,2400,2400,0,5492,125
14:54:43.789,active,15344,540,8314,16787,0,95,62.8,55.4,No,2400,2400,0,5485,125
14:54:44.789,active,15299,760,8198,16788,4,95,62.8,55.2,No,2400,2400,0,5487,125
14:54:45.790,active,15333,502,7696,16788,6,95,62.8,52.6,No,2400,2400,0,5488,125
14:54:46.789,active,15273,716,10996,16788,4,95,62.8,53.2,No,2400,2400,0,5495,125
14:54:47.789,active,15316,704,11940,16788,3,95,62.2,54.5,No,2400,2400,0,5497,125
14:54:48.789,active,15301,718,11014,16788,3,95,62.8,52.7,No,2400,2400,0,5491,125
14:54:49.793,active,15271,562,11382,16788,5,95,63.4,53.3,No,2400,2400,0,5496,125
14:54:50.789,active,15305,744,11440,16787,0,95,63.4,54.3,No,2400,2400,0,5492,125
14:54:51.789,active,15309,740,11362,16787,0,95,63.4,53.0,No,2400,2400,0,5493,125
14:54:52.790,active,15305,706,8538,16787,0,95,62.2,52.8,No,2400,2400,0,5492,125
14:54:53.789,active,15303,756,11594,16787,0,95,62.2,51.4,No,2400,2400,0,5491,125
14:54:54.789,active,15309,730,10628,16788,0,95,62.8,52.7,No,2400,2400,0,5498,125
14:54:55.789,active,15275,732,11226,16786,0,95,63.4,53.1,No,2400,2400,0,5500,125
14:54:56.789,sleep,15305,492,7542,16785,0,95,60.6,46.5,No,2400,2400,0,5510,125
14:54:57.789,sleep,15303,556,7890,16790,13,95,59.0,-0.0,No,2400,2400,0,5541,125
14:54:58.789,sleep,15294,424,6520,16789,11,95,57.9,0.0,No,2400,2400,0,5553,125
14:54:59.789,sleep,15301,562,8256,16790,13,95,56.8,0.0,No,2400,2400,0,5557,125
14:55:00.789,sleep,15296,532,8160,16790,13,95,56.8,0.3,No,2400,2400,0,5551,125
14:55:01.789,sleep,15299,404,6192,16788,9,95,55.6,0.0,No,1500,2400,0,5544,125
14:55:02.789,sleep,15301,510,7832,16788,13,95,55.1,0.2,No,1500,2400,0,5559,125
14:55:03.789,sleep,15292,424,6520,16790,14,95,55.6,-0.0,No,1500,2400,0,5566,125
14:55:04.789,sleep,15296,678,8314,16790,18,95,53.5,0.3,No,1500,2400,0,5556,125
14:55:05.789,sleep,15301,562,8604,16790,18,95,53.5,0.2,No,1500,2400,0,4143,75
14:55:06.789,sleep,15305,462,7098,16791,18,95,53.5,0.3,No,1500,2400,0,3501,75
14:55:07.789,sleep,15299,500,7166,16790,17,95,52.4,-0.0,No,1500,2400,0,3401,75
14:55:08.789,sleep,15296,450,6906,16790,17,95,52.4,0.2,No,1500,2400,0,3379,75
14:55:09.789,sleep,15296,484,5246,16791,19,95,52.9,0.0,No,1500,2400,0,3381,75
14:55:10.789,sleep,15303,472,7234,16791,18,95,52.4,0.3,No,1500,2400,0,3390,75
14:55:11.793,active,15305,516,12230,16790,13,95,54.5,18.0,No,2400,2400,0,3359,75
14:55:12.790,active,15303,770,10320,16788,0,95,56.8,51.4,No,2400,2400,0,3322,75
14:55:13.796,active,15311,644,9876,16788,-3,95,57.9,57.3,No,2400,2400,0,3311,75
14:55:14.789,active,15307,666,10784,16786,0,95,58.4,59.0,No,2400,2400,0,3289,75
14:55:15.791,active,15303,678,10416,16787,-3,95,60.0,58.5,No,2400,2400,0,3301,75
14:55:16.789,active,15309,710,10996,16787,-4,95,60.6,60.3,No,2400,2400,0,3306,75
14:55:17.789,active,15299,700,10726,16788,0,95,60.6,58.5,No,2400,2400,0,4162,125
14:55:18.789,active,15299,620,7272,16787,-4,95,60.6,52.8,No,2400,2400,0,5324,125
14:55:19.793,active,15354,504,7774,16786,-3,95,59.0,52.0,No,2400,2400,0,5407,125
14:55:20.793,active,15318,476,7330,16786,-4,95,59.5,51.8,No,2400,2400,0,5414,125
14:55:21.789,active,15266,874,10590,16786,0,95,60.0,51.7,No,2400,2400,0,5418,125
14:55:22.789,active,15311,700,10744,16786,0,95,60.6,52.0,No,2400,2400,0,5406,125
14:55:23.790,active,15268,692,10822,16786,0,95,60.6,52.0,No,2400,2400,0,5414,125
14:55:24.791,active,15307,656,10070,16786,0,95,61.1,52.7,No,2400,2400,0,5423,125
14:55:25.789,active,15275,706,10842,16786,-3,95,61.1,51.8,No,2400,2400,0,5424,125
14:55:26.790,active,15303,772,11844,16787,0,95,60.6,51.6,No,2400,2400,0,5416,125
14:55:27.792,active,15311,732,11246,16787,-3,95,61.7,52.1,No,2400,2400,0,5435,125
14:55:28.789,active,15307,766,10726,16787,-4,95,60.6,52.9,No,2400,2400,0,5442,125
14:55:29.789,active,15307,798,12250,16787,-3,95,61.1,55.0,No,2400,2400,0,5436,125
14:55:30.793,active,15320,738,11612,16785,0,95,61.1,54.7,No,2400,2400,0,5427,125
14:55:31.793,active,15305,438,6712,16785,-4,95,60.6,54.5,No,2400,2400,0,5439,125
14:55:32.789,active,15309,724,11072,16786,-4,95,61.1,54.2,No,2400,2400,0,5441,125
14:55:33.790,active,15288,686,13330,16787,0,95,60.6,54.0,No,2400,2400,0,5459,125
14:55:34.790,active,15309,804,12288,16786,-3,95,60.6,54.2,No,2400,2400,0,5447,125
14:55:35.789,active,15283,788,13580,16786,0,95,61.1,54.3,No,2400,2400,0,5461,125
14:55:36.793,active,15281,736,11266,16786,0,95,62.8,58.1,No,2400,2400,0,5454,125
14:55:37.793,active,15266,678,14564,16786,0,95,61.1,58.6,No,2400,2400,0,5464,125
14:55:38.789,active,15288,696,10686,16787,-3,95,62.8,59.1,No,2400,2400,0,5451,125
14:55:39.789,active,15305,678,10398,16788,0,95,62.2,58.8,No,2400,2400,0,5457,125
14:55:40.789,active,15296,760,8218,16786,0,95,61.7,59.1,No,2400,2400,0,5466,125
14:55:41.789,active,15352,538,8294,16787,0,95,62.2,59.0,No,2400,2400,0,5473,125
14:55:42.789,active,15335,764,7966,16788,4,95,61.7,55.0,No,2400,2400,0,5467,125
14:55:43.789,active,15331,494,7580,16788,0,95,62.2,55.1,No,2400,2400,0,5477,125
14:55:44.789,active,15329,450,6906,16788,4,95,62.2,54.9,No,2400,2400,0,5479,125
14:55:45.789,active,15322,478,7350,16788,0,95,62.2,54.0,No,2400,2400,0,5482,125
14:55:46.791,active,15322,556,8526,16788,0,95,62.2,58.6,No,2400,2400,0,5479,125
14:55:47.793,active,15320,522,9816,16788,0,95,62.8,53.4,No,2400,2400,0,5486,125
14:55:48.789,active,15303,760,11670,16788,0,95,61.7,51.7,No,2400,2400,0,5483,125
14:55:49.789,active,15305,736,11304,16787,0,95,61.1,52.2,No,2400,2400,0,5482,125
14:55:50.789,active,15301,744,11420,16787,0,95,62.2,52.0,No,2400,2400,0,5479,125
14:55:51.789,active,15299,774,11864,16786,0,95,62.2,51.9,No,2400,2400,0,5486,125
14:55:52.789,active,15305,762,10666,16786,0,95,62.2,51.1,No,2400,2400,0,5489,125
14:55:53.790,active,15301,718,11014,16786,0,95,62.2,53.0,No,2400,2400,0,5488,125
14:55:54.789,active,15290,720,9008,16787,0,95,61.1,52.8,No,2400,2400,0,5488,125
14:55:55.789,active,15307,672,10300,16786,-3,95,62.8,53.6,No,2400,2400,0,5497,125
14:55:56.789,active,15305,740,11786,16785,-7,95,62.2,54.5,No,2400,2400,0,5488,125
14:55:57.789,active,15249,798,12192,16787,0,95,63.4,54.9,No,2400,2400,0,5494,125
14:55:58.789,active,15253,908,13890,16787,0,95,62.8,54.1,No,2400,2400,0,5496,125
14:55:59.789,active,15258,764,10166,16787,0,95,62.2,53.7,No,2400,2400,0,5496,125
14:56:00.790,active,15275,924,14160,16787,0,95,62.2,52.5,No,2400,2400,0,5498,125
14:56:01.793,active,15262,848,9896,16788,0,95,62.2,51.9,No,2400,2400,0,5497,125
14:56:02.789,active,15294,808,12384,16786,0,95,62.2,57.0,No,2400,2400,0,5494,125
14:56:03.789,active,15283,950,14546,16787,-3,95,62.2,54.0,No,2400,2400,0,5495,125
14:56:04.789,active,15307,764,11710,16787,0,95,62.8,55.6,No,2400,2400,0,5488,125
14:56:05.790,active,15320,526,10128,16787,0,95,62.8,51.7,No,2400,2400,0,5500,125
14:56:06.789,active,15361,480,7696,16786,0,95,62.8,52.4,No,2400,2400,0,5488,125
14:56:07.791,active,15341,502,7716,16786,0,95,62.8,55.4,No,2400,2400,0,5492,125
14:56:08.790,active,15333,464,7138,16787,0,95,62.2,54.0,No,2400,2400,0,5489,125
14:56:09.789,active,15322,552,8468,16787,0,95,61.7,54.1,No,2400,2400,0,5479,125
14:56:10.789,active,15311,598,9182,16787,0,95,62.2,53.7,No,2400,2400,0,5479,125
14:56:11.789,sleep,15294,520,6450,16786,-4,95,60.6,45.5,No,2400,2400,0,5506,125
14:56:12.789,sleep,15299,498,7658,16788,11,95,58.4,0.0,No,2400,2400,0,5543,125
14:56:13.789,sleep,15301,474,6558,16788,8,95,57.9,0.2,No,2400,2400,0,5547,125
14:56:14.789,sleep,15299,514,7890,16789,9,95,56.8,0.0,No,2400,2400,0,5557,125
14:56:15.789,sleep,15292,490,7504,16789,8,95,55.6,0.0,No,2400,2400,0,5545,125
14:56:16.789,sleep,15303,462,6824,16790,10,95,55.6,-0.0,No,1500,2400,0,5539,125
14:56:17.789,sleep,15299,412,6308,16789,13,95,54.5,0.3,No,1500,2400,0,5555,125
14:56:18.789,sleep,15294,464,7388,16789,13,95,54.0,0.0,No,1500,2400,0,5554,125
14:56:19.789,sleep,15301,486,7446,16790,18,95,54.0,0.3,No,1500,2400,0,3839,75
14:56:20.789,sleep,15294,370,6056,16792,21,95,52.9,0.0,No,1500,2400,0,3455,75
14:56:21.789,sleep,15294,450,6906,16790,18,95,52.9,-0.0,No,1500,2400,0,3389,75
14:56:22.789,sleep,15292,448,7948,16790,16,95,52.4,0.3,No,1500,2400,0,3377,75
14:56:23.789,sleep,15296,372,4942,16789,14,95,52.4,0.0,No,1500,2400,0,3366,75
14:56:24.789,sleep,15290,424,6500,16790,16,95,52.4,0.3,No,1500,2400,0,3384,75
14:56:25.789,sleep,15292,362,5266,16791,16,95,51.8,0.0,No,1500,2400,0,3382,75
14:56:26.793,active,15307,608,9318,16791,12,95,55.6,15.3,No,2400,2400,0,3348,75
14:56:27.789,active,15305,708,11362,16787,-9,95,57.3,51.2,No,2400,2400,0,3315,75
14:56:28.790,active,15301,634,9742,16786,-6,95,57.3,51.5,No,2400,2400,0,3299,75
14:56:29.789,active,15268,854,10244,16787,-6,95,57.9,57.1,No,2400,2400,0,3294,75
14:56:30.789,active,15311,740,11342,16787,-8,95,58.4,59.5,No,2400,2400,0,3301,75
14:56:31.789,active,15314,720,11054,16786,-5,95,59.5,59.4,No,2400,2400,0,4604,125
14:56:32.793,active,15309,522,10300,16785,-7,95,60.6,57.3,No,2400,2400,0,5377,125
14:56:33.789,active,15324,500,7678,16786,-9,95,61.1,59.0,No,2400,2400,0,5409,125
14:56:34.789,active,15316,982,12906,16787,0,95,61.1,57.5,No,2400,2400,0,5406,125
14:56:35.793,active,15275,670,10262,16786,-4,95,60.0,58.0,No,2400,2400,0,5405,125
14:56:36.789,active,15322,812,12424,16787,-5,95,60.6,59.6,No,2400,2400,0,5407,125
14:56:37.789,active,15266,772,12336,16787,0,95,60.6,58.9,No,2400,2400,0,5417,125
14:56:38.793,active,15281,692,10610,16787,0,95,61.7,59.1,No,2400,2400,0,5417,125
14:56:39.792,active,15262,782,13562,16786,-4,95,62.2,60.1,No,2400,2400,0,5422,125
14:56:40.789,active,15281,740,11324,16787,-3,95,61.7,58.0,No,2400,2400,0,5433,125
14:56:41.792,active,15301,478,7368,16786,-7,95,61.7,59.1,No,2400,2400,0,5421,125
14:56:42.793,active,15299,660,7214,16786,-5,95,61.7,59.0,No,2400,2400,0,5418,125
14:56:43.790,active,15296,470,7234,16786,-3,95,61.7,58.8,No,2400,2400,0,5413,125
14:56:44.789,active,15299,502,7928,16785,-5,95,61.1,58.4,No,2400,2400,0,5438,125
14:56:45.792,active,15335,530,8160,16785,-5,95,63.4,58.8,No,2400,2400,0,5442,125
14:56:46.789,active,15348,496,7928,16786,-3,95,62.2,59.6,No,2400,2400,0,5463,125
14:56:47.792,active,15346,492,7562,16786,0,95,62.8,59.1,No,2400,2400,0,5462,125
14:56:48.793,active,15335,474,7292,16785,-3,95,62.2,59.1,No,2400,2400,0,5458,125
14:56:49.793,active,15339,552,8506,16786,0,95,62.2,59.2,No,2400,2400,0,5456,125
14:56:50.790,active,15311,720,11072,16787,0,95,61.7,59.1,No,2400,2400,0,5448,125
14:56:51.789,active,15311,710,11806,16788,0,95,62.2,56.3,No,2400,2400,0,5466,125
14:56:52.789,active,15301,764,11728,16787,-4,95,62.8,56.8,No,2400,2400,0,5461,125
14:56:53.793,active,15299,762,11382,16786,-3,95,62.2,55.7,No,2400,2400,0,5449,125
14:56:54.789,active,15301,730,11208,16786,0,95,62.8,54.5,No,2400,2400,0,5477,125
14:56:55.792,active,15292,764,11710,16787,0,95,62.8,57.3,No,2400,2400,0,5464,125
14:56:56.790,active,15305,760,11670,16788,0,95,61.7,57.3,No,2400,2400,0,5473,125
14:56:57.789,active,15299,472,7272,16788,0,95,61.7,52.7,No,2400,2400,0,5483,125
14:56:58.789,active,15260,788,7758,16787,3,95,62.2,52.2,No,2400,2400,0,5487,125
14:56:59.789,active,15249,894,13678,16786,0,95,62.8,52.0,No,2400,2400,0,5474,125
14:57:00.793,active,15262,778,11940,16786,0,95,62.2,53.7,No,2400,2400,0,5488,125
14:57:01.789,active,15277,770,11786,16787,0,95,61.7,53.8,No,2400,2400,0,5495,125
14:57:02.789,active,15275,724,11072,16787,0,95,62.2,53.6,No,2400,2400,0,5486,125
14:57:03.794,active,15264,936,10748,16786,0,95,62.2,54.8,No,2400,2400,0,5491,125
14:57:04.789,active,15266,914,14004,16787,0,95,61.7,54.6,No,2400,2400,0,5477,125
14:57:05.789,active,15279,944,10398,16786,0,95,63.4,53.7,No,2400,2400,0,5483,125
14:57:06.792,active,15314,734,11266,16787,0,95,62.8,52.6,No,2400,2400,0,5493,125
14:57:07.793,active,15288,786,11652,16788,0,95,62.2,52.7,No,2400,2400,0,5494,125
14:57:08.789,active,15324,474,7292,16788,0,95,61.7,52.7,No,2400,2400,0,5489,125
14:57:09.789,active,15303,492,7542,16787,0,95,62.8,55.0,No,2400,2400,0,5490,125
14:57:10.790,active,15311,542,10628,16788,0,95,60.6,52.2,No,2400,2400,0,5488,125
14:57:11.789,active,15316,470,7194,16788,4,95,61.7,53.7,No,2400,2400,0,5496,125
14:57:12.789,active,15309,558,9838,16787,0,95,62.2,55.1,No,2400,2400,0,5496,125
14:57:13.792,active,15305,494,7580,16787,3,95,62.8,51.9,No,2400,2400,0,5489,125
14:57:14.793,active,15301,566,13272,16787,3,95,62.2,51.8,No,2400,2400,0,5506,125
14:57:15.789,active,15309,608,9336,16786,4,95,62.2,51.2,No,2400,2400,0,5493,125
14:57:16.789,active,15301,702,10764,16786,4,95,61.7,51.5,No,2400,2400,0,5497,125
14:57:17.790,active,15299,708,9856,16787,3,95,62.2,53.1,No,2400,2400,0,5499,125
14:57:18.789,active,15299,708,10880,16787,0,95,61.1,53.3,No,2400,2400,0,5491,125
14:57:19.789,active,15301,752,8584,16788,0,95,62.2,55.8,No,2400,2400,0,5494,125
14:57:20.790,active,15292,532,8178,16787,0,95,62.8,52.4,No,2400,2400,0,5502,125
14:57:21.790,active,15294,764,10860,16786,0,95,62.2,53.9,No,2400,2400,0,5503,125
14:57:22.791,active,15294,750,11498,16787,0,95,62.8,57.1,No,2400,2400,0,5501,125
14:57:23.795,active,15299,748,7580,16786,0,95,62.2,57.5,No,2400,2400,0,5521,125
14:57:24.790,active,15299,704,10784,16788,0,95,62.2,57.4,No,2400,2400,0,5523,125
14:57:25.789,active,15264,970,14834,16787,0,95,62.2,57.1,No,2400,2400,0,5510,125
14:57:26.789,sleep,15277,832,12752,16787,0,95,60.6,53.3,No,2400,2400,0,5501,125
14:57:27.789,sleep,15290,502,7696,16788,7,95,59.0,0.0,No,2400,2400,0,5544,125
14:57:28.789,sleep,15296,460,7808,16788,5,95,58.4,0.0,No,2400,2400,0,5549,125
14:57:29.789,sleep,15292,498,7638,16789,9,95,57.3,0.2,No,2400,2400,0,5547,125
14:57:30.789,sleep,15299,494,6732,16789,9,95,56.8,0.0,No,2400,2400,0,5553,125
14:57:31.789,sleep,15292,552,8468,16789,9,95,57.9,-0.0,No,1500,2400,0,5557,125
14:57:32.789,sleep,15299,542,9124,16789,16,95,54.5,0.0,No,1500,2400,0,5467,75
14:57:33.789,sleep,15296,298,4590,16789,14,95,54.5,0.3,No,1500,2400,0,3711,75
14:57:34.789,sleep,15303,300,4610,16791,17,95,54.0,0.3,No,1500,2400,0,3429,75
14:57:35.789,sleep,15303,388,4660,16792,16,95,52.9,0.0,No,1500,2400,0,3399,75
14:57:36.789,sleep,15299,372,5710,16791,17,95,52.4,0.0,No,1500,2400,0,3370,75
14:57:37.789,sleep,15292,322,5516,16790,17,95,53.5,0.3,No,1500,2400,0,3365,75
14:57:38.789,sleep,15301,194,2970,16789,14,95,52.4,0.0,No,1500,2400,0,3348,75
14:57:39.789,sleep,15296,272,8218,16791,16,95,52.9,0.2,No,1500,2400,0,3354,75
14:57:40.789,sleep,15303,618,9490,16791,18,95,52.4,-0.0,No,1500,2400,0,3348,75
14:57:41.789,active,15299,690,10996,16791,18,95,53.5,9.2,No,1800,2400,0,3348,75
14:57:42.789,active,15264,750,11458,16787,0,95,56.2,58.4,No,2400,2400,0,3304,75
14:57:43.793,active,15305,736,11960,16786,-5,95,58.4,58.6,No,2400,2400,0,3283,75
14:57:44.793,active,15303,674,10870,16786,-3,95,59.0,58.7,No,2400,2400,0,3285,75
14:57:45.789,active,15307,660,10128,16788,0,95,58.4,58.0,No,2400,2400,0,3287,75
14:57:46.789,active,15301,696,8256,16788,0,95,59.5,58.2,No,2400,2400,0,5005,125
14:57:47.793,active,15299,712,10898,16788,-3,95,60.6,59.0,No,2400,2400,0,5405,125
14:57:48.793,active,15301,664,8082,16787,0,95,60.6,58.4,No,2400,2400,0,5422,125
14:57:49.789,active,15354,476,7330,16786,0,95,61.1,58.9,No,2400,2400,0,5428,125
14:57:50.789,active,15301,740,6924,16786,-5,95,61.1,59.2,No,2400,2400,0,5415,125
14:57:51.793,active,15344,480,7368,16787,-6,95,61.1,59.1,No,2400,2400,0,5422,125
14:57:52.790,active,15281,956,14642,16788,-5,95,61.1,58.8,No,2400,2400,0,5428,125
14:57:53.789,active,15294,928,10122,16786,-4,95,60.6,59.4,No,2400,2400,0,5426,125
14:57:54.793,active,15275,768,11768,16786,-5,95,61.1,59.1,No,2400,2400,0,5423,125
14:57:55.792,active,15281,796,11130,16787,0,95,61.7,58.4,No,2400,2400,0,5419,125
14:57:56.789,active,15305,716,10996,16786,-5,95,61.7,59.2,No,2400,2400,0,5425,125
14:57:57.793,active,15290,672,10186,16786,-7,95,62.2,59.3,No,2400,2400,0,5434,125
14:57:58.793,active,15301,718,11034,16787,-3,95,62.2,58.5,No,2400,2400,0,5421,125
14:57:59.789,active,15314,758,10590,16785,-4,95,61.1,58.6,No,2400,2400,0,5437,125
14:58:00.790,active,15307,760,11652,16785,-6,95,61.7,59.3,No,2400,2400,0,5443,125
14:58:01.792,active,15316,770,12520,16786,-4,95,62.2,56.9,No,2400,2400,0,5458,125
14:58:02.793,active,15305,716,13292,16788,0,95,62.2,56.0,No,2400,2400,0,5462,125
14:58:03.789,active,15314,740,11324,16788,0,95,62.8,54.8,No,2400,2400,0,5449,125
14:58:04.789,active,15260,596,13098,16787,0,95,62.2,54.3,No,2400,2400,0,5460,125
14:58:05.790,active,15262,794,12134,16786,0,95,62.2,61.6,No,2400,2400,0,5456,125
14:58:06.789,active,15260,660,12674,16786,-3,95,61.1,54.3,No,2400,2400,0,5463,125
14:58:07.789,active,15266,962,14718,16788,0,95,62.2,51.9,No,2400,2400,0,5465,125
14:58:08.791,active,15245,826,15124,16788,0,95,62.8,52.2,No,2400,2400,0,5470,125
14:58:09.793,active,15260,934,14276,16788,0,95,62.8,51.8,No,2400,2400,0,5474,125
14:58:10.789,active,15296,520,7986,16786,0,95,62.2,51.0,No,2400,2400,0,5469,125
14:58:11.790,active,15301,750,10108,16787,0,95,62.2,52.3,No,2400,2400,0,5471,125
14:58:12.795,active,15331,528,8102,16787,0,95,61.7,54.1,No,2400,2400,0,5477,125
14:58:13.789,active,15344,486,6538,16787,0,95,62.2,54.9,No,2400,2400,0,5471,125
14:58:14.789,active,15318,488,7504,16787,0,95,62.2,53.4,No,2400,2400,0,5458,125
14:58:15.792,active,15363,552,8622,16788,5,95,62.8,53.7,No,2400,2400,0,5467,125
14:58:16.793,active,15333,538,8276,16789,5,95,62.8,54.1,No,2400,2400,0,5464,125
14:58:17.789,active,15341,266,7176,16786,0,95,62.8,54.3,No,2400,2400,0,5475,125
14:58:18.789,active,15318,540,8276,16788,4,95,63.9,52.3,No,2400,2400,0,5480,125
14:58:19.790,active,15292,822,12616,16786,0,95,61.1,52.1,No,2400,2400,0,5476,125
14:58:20.789,active,15305,730,11594,16786,0,95,61.1,53.7,No,2400,2400,0,5490,125
14:58:21.789,active,15305,774,11864,16788,0,95,62.2,52.3,No,2400,2400,0,5494,125
14:58:22.789,active,15305,746,11342,16788,0,95,62.8,52.2,No,2400,2400,0,5496,125
14:58:23.789,active,15299,770,11786,16786,0,95,62.2,51.3,No,2400,2400,0,5492,125
14:58:24.789,active,15299,728,11014,16786,0,95,62.2,51.5,No,2400,2400,0,5491,125
14:58:25.790,active,15299,772,11844,16786,-3,95,61.1,53.5,No,2400,2400,0,5493,125
14:58:26.791,active,15292,682,10456,16786,0,95,62.2,53.5,No,2400,2400,0,5495,125
14:58:27.789,active,15296,776,11902,16788,0,95,61.1,53.8,No,2400,2400,0,5476,125
14:58:28.789,active,15260,796,12192,16788,0,95,61.7,52.2,No,2400,2400,0,5486,125
14:58:29.793,active,15277,756,12674,16787,0,95,63.4,53.8,No,2400,2400,0,5498,125
14:58:30.789,active,15260,848,12982,16788,3,95,63.9,56.6,No,2400,2400,0,5485,125
14:58:31.789,active,15275,868,13292,16786,0,95,63.4,57.4,No,2400,2400,0,5498,125
14:58:32.793,active,15275,836,12808,16788,0,95,62.2,56.1,No,2400,2400,0,5508,125
14:58:33.790,active,15266,872,13368,16788,0,95,61.7,56.9,No,2400,2400,0,5502,125
14:58:34.789,active,15277,818,12520,16787,-4,95,62.2,57.6,No,2400,2400,0,5492,125
14:58:35.789,active,15277,794,12152,16787,-4,95,63.4,56.2,No,2400,2400,0,5483,125
14:58:36.790,active,15268,948,11454,16786,0,95,62.8,56.6,No,2400,2400,0,5493,125
14:58:37.789,active,15335,562,8622,16787,0,95,63.4,55.8,No,2400,2400,0,5494,125
14:58:38.791,active,15299,522,7948,16786,0,95,63.9,56.7,No,2400,2400,0,5487,125
14:58:39.793,active,15333,542,8334,16787,0,95,62.8,57.6,No,2400,2400,0,5489,125
14:58:40.790,active,15348,502,7696,16786,0,95,62.8,59.0,No,2400,2400,0,5485,125
14:58:41.789,sleep,15318,540,8276,16787,0,95,63.4,57.9,No,2400,2400,0,5500,125
14:58:42.789,sleep,15305,478,7330,16788,10,95,59.5,0.0,No,2400,2400,0,5545,125
14:58:43.789,sleep,15303,540,8294,16788,13,95,57.9,0.2,No,2400,2400,0,5551,125
14:58:44.789,sleep,15301,474,7292,16790,13,95,57.9,0.0,No,2400,2400,0,5557,125
14:58:45.789,sleep,15296,448,6886,16790,14,95,57.9,0.3,No,2400,2400,0,5544,125
14:58:46.789,sleep,15296,492,7542,16788,9,95,56.2,-0.0,No,2400,2400,0,5556,125
14:58:47.789,sleep,15299,308,5884,16788,6,95,55.6,0.5,No,1500,2400,0,5557,125
14:58:48.789,sleep,15299,474,7292,16789,14,95,56.2,0.0,No,1500,2400,0,5564,125
14:58:49.789,sleep,15299,580,8892,16791,16,95,54.0,-0.0,No,1500,2400,0,4870,75
14:58:50.789,sleep,15299,430,6596,16792,16,95,53.5,0.3,No,1500,2400,0,3620,75
14:58:51.789,sleep,15294,526,8064,16792,18,95,52.9,-0.0,No,1500,2400,0,3431,75
14:58:52.789,sleep,15296,492,7542,16791,19,95,54.0,0.3,No,1500,2400,0,3391,75
14:58:53.789,sleep,15299,262,4032,16790,17,95,52.9,0.0,No,1500,2400,0,3370,75
14:58:54.789,sleep,15303,426,6538,16790,14,95,52.4,0.0,No,1500,2400,0,3360,75
14:58:55.789,sleep,15294,334,5112,16790,14,95,51.8,-0.0,No,1500,2400,0,3360,75
14:58:56.796,active,15301,544,8892,16789,13,95,52.9,3.0,No,1500,2400,0,3363,75
14:58:57.789,active,15275,792,12134,16786,-6,95,56.8,61.9,No,2400,2400,0,3324,75
14:58:58.793,active,15283,940,12134,16786,-6,95,57.9,58.7,No,2400,2400,0,3312,75
14:58:59.796,active,15266,834,12770,16786,-4,95,59.0,60.0,No,2400,2400,0,3302,75
14:59:00.793,active,15290,796,12192,16787,-6,95,59.5,59.9,No,2400,2400,0,3298,125
14:59:01.789,active,15275,918,14062,16785,-4,95,59.5,58.9,No,2400,2400,0,5211,125
14:59:02.789,active,15268,714,10976,16787,0,95,59.5,58.5,No,2400,2400,0,5425,125
14:59:03.793,active,15283,820,9780,16786,-4,95,62.2,60.2,No,2400,2400,0,5423,125
14:59:04.789,active,15326,528,8102,16787,-5,95,61.1,58.6,No,2400,2400,0,5423,125
14:59:05.790,active,15331,538,8256,16785,-6,95,61.1,58.3,No,2400,2400,0,5429,125
14:59:06.793,active,15314,464,7118,16785,-6,95,61.1,58.7,No,2400,2400,0,5419,125
14:59:07.791,active,15320,638,9780,16786,-4,95,61.1,58.2,No,2400,2400,0,5428,125
14:59:08.789,active,15314,470,7234,16787,0,95,61.1,58.6,No,2400,2400,0,5427,125
14:59:09.789,active,15303,710,10880,16787,0,95,62.2,59.2,No,2400,2400,0,5434,125
14:59:10.792,active,15268,608,11346,16788,0,95,61.7,57.2,No,2400,2400,0,5440,125
14:59:11.789,active,15311,720,11034,16786,0,95,61.7,54.6,No,2400,2400,0,5441,125
14:59:12.789,active,15277,746,12480,16786,0,95,62.2,54.3,No,2400,2400,0,5443,125
14:59:13.793,active,15301,748,11478,16786,-3,95,61.7,55.1,No,2400,2400,0,5453,125
14:59:14.789,active,15301,518,7986,16785,-3,95,61.1,57.7,No,2400,2400,0,5447,125
14:59:15.789,active,15294,740,11362,16788,0,95,61.1,55.3,No,2400,2400,0,5443,125
14:59:16.789,active,15296,496,7620,16788,0,95,61.7,52.0,No,2400,2400,0,5458,125
14:59:17.789,active,15299,728,11170,16788,0,95,62.2,55.2,No,2400,2400,0,5465,125
14:59:18.789,active,15301,462,7118,16786,0,95,62.2,54.1,No,2400,2400,0,5457,125
14:59:19.789,active,15292,528,8082,16787,0,95,61.7,54.8,No,2400,2400,0,5452,125
14:59:20.793,active,15301,526,8064,16787,0,95,61.7,56.2,No,2400,2400,0,5444,125
14:59:21.795,active,15329,550,8082,16786,-3,95,61.7,54.2,No,2400,2400,0,5449,125
14:59:22.789,active,15296,738,11304,16787,0,95,60.6,52.5,No,2400,2400,0,5471,125
14:59:23.789,active,15275,670,10282,16787,0,95,62.2,52.3,No,2400,2400,0,5458,125
14:59:24.793,active,15309,788,12114,16786,-3,95,62.8,52.2,No,2400,2400,0,5465,125
14:59:25.789,active,15307,732,11226,16788,0,95,62.2,51.5,No,2400,2400,0,5474,125
14:59:26.793,active,15307,742,11382,16787,0,95,62.2,51.4,No,2400,2400,0,5474,125
14:59:27.790,active,15311,782,11998,16787,0,95,61.7,51.0,No,2400,2400,0,5477,125
14:59:28.794,active,15296,684,10610,16786,0,95,60.6,51.9,No,2400,2400,0,5486,125
14:59:29.789,active,15305,718,11014,16786,0,95,61.7,51.7,No,2400,2400,0,5481,125
14:59:30.789,active,15305,768,12056,16786,0,95,62.2,52.3,No,2400,2400,0,5462,125
14:59:31.793,active,15309,484,7426,16787,0,95,61.7,52.0,No,2400,2400,0,5469,125
14:59:32.789,active,15307,818,12500,16788,0,95,61.7,51.5,No,2400,2400,0,5474,125
14:59:33.789,active,15314,780,13260,16788,0,95,62.2,51.4,No,2400,2400,0,5485,125
14:59:34.790,active,15316,882,13504,16788,-3,95,61.7,52.4,No,2400,2400,0,5483,125
14:59:35.789,active,15271,722,10860,16786,0,95,61.7,55.0,No,2400,2400,0,5499,125
14:59:36.789,active,15264,822,12596,16787,3,95,62.2,52.8,No,2400,2400,0,5498,125
14:59:37.790,active,15273,746,14448,16787,0,95,62.2,52.3,No,2400,2400,0,5480,125
14:59:38.793,active,15275,732,11226,16787,-3,95,63.4,54.7,No,2400,2400,0,5475,125
14:59:39.792,active,15258,810,13966,16786,-4,95,63.4,55.8,No,2400,2400,0,5471,125
14:59:40.791,active,15296,748,7638,16786,-3,95,62.8,55.8,No,2400,2400,0,5477,125
14:59:41.793,active,15301,530,8160,16786,-4,95,62.2,56.4,No,2400,2400,0,5484,125
14:59:42.789,active,15301,534,7928,16786,0,95,62.2,57.1,No,2400,2400,0,5490,125
14:59:43.789,active,15357,482,7426,16787,-5,95,62.2,57.0,No,2400,2400,0,5490,125
14:59:44.793,active,15324,486,7850,16786,-4,95,62.8,57.4,No,2400,2400,0,5488,125
14:59:45.789,active,15354,508,7812,16786,0,95,63.4,57.3,No,2400,2400,0,5483,125
14:59:46.789,active,15344,518,7388,16785,-3,95,61.7,55.9,No,2400,2400,0,5469,125
14:59:47.789,active,15333,508,7812,16785,-4,95,62.8,56.1,No,2400,2400,0,5484,125
14:59:48.793,active,15303,438,7792,16787,-4,95,62.8,59.1,No,2400,2400,0,5484,125
14:59:49.789,active,15303,712,12210,16786,-4,95,62.8,57.3,No,2400,2400,0,5500,125
14:59:50.789,active,15292,764,11710,16785,-4,95,63.4,58.5,No,2400,2400,0,5498,125
14:59:51.793,active,15283,904,11208,16787,0,95,62.8,58.8,No,2400,2400,0,5498,125
14:59:52.789,active,15305,720,11054,16788,0,95,63.4,59.9,No,2400,2400,0,5496,125
14:59:53.794,active,15311,732,11284,16787,0,95,64.5,58.4,No,2400,2400,0,5500,125
14:59:54.793,active,15303,770,11824,16786,0,95,63.4,58.9,No,2400,2400,0,5500,125
14:59:55.792,active,15303,730,11824,16786,0,95,62.8,58.7,No,2400,2400,0,5498,125
14:59:56.789,active,15303,752,11554,16786,0,95,63.9,57.8,No,2400,2400,0,5494,125
14:59:57.789,sleep,15305,514,8198,16790,8,95,59.0,3.8,No,2400,2400,0,5550,125
14:59:58.789,sleep,15301,534,7792,16790,9,95,57.9,0.0,No,2400,2400,0,5534,125
14:59:59.789,sleep,15301,422,6462,16790,11,95,57.3,0.2,No,2400,2400,0,5546,125
15:00:00.789,sleep,15301,506,7658,16790,12,95,56.8,-0.0,No,2400,2400,0,5552,125
15:00:01.789,sleep,15296,464,7118,16788,11,95,56.2,0.2,No,2400,2400,0,5548,125
15:00:02.789,sleep,15299,564,7022,16789,17,95,55.1,0.0,No,1500,2400,0,5563,125
15:00:03.789,sleep,15292,514,7890,16790,16,95,55.6,-0.0,No,1500,2400,0,5560,125
15:00:04.789,sleep,15294,426,5980,16790,17,95,54.5,0.0,No,1500,2400,0,4307,75
15:00:05.789,sleep,15288,474,7252,16791,19,95,53.5,0.0,No,1500,2400,0,3521,75
15:00:06.789,sleep,15294,462,7098,16790,19,95,53.5,0.3,No,1500,2400,0,3402,75
15:00:07.789,sleep,15299,438,8854,16790,16,95,52.9,-0.0,No,1500,2400,0,3379,75
15:00:08.789,sleep,15299,328,5034,16790,16,95,52.9,0.3,No,1500,2400,0,3377,75
15:00:09.789,sleep,15296,330,4398,16790,13,95,52.4,0.3,No,1500,2400,0,3363,75
15:00:10.789,sleep,15286,474,7272,16790,11,95,52.4,-0.0,No,1500,2400,0,3370,75
15:00:11.789,sleep,15296,484,8082,16790,14,95,51.8,0.0,No,1500,2400,0,3348,75
15:00:12.792,active,15314,456,6982,16786,-5,95,57.3,60.8,No,2400,2400,0,3328,75
15:00:13.789,active,15320,596,8932,16785,-8,95,57.9,57.7,No,2400,2400,0,3311,75
15:00:14.791,active,15316,416,6404,16787,-8,95,58.4,58.7,No,2400,2400,0,3318,75
15:00:15.790,active,15268,732,11246,16787,-7,95,59.0,58.2,No,2400,2400,0,3289,75
15:00:16.790,active,15305,732,10456,16788,-3,95,59.5,59.1,No,2400,2400,0,3274,75
15:00:17.789,active,15305,682,10474,16786,-3,95,59.5,59.6,No,2400,2400,0,3261,75
15:00:18.789,active,15305,702,9742,16785,-5,95,60.6,56.0,No,2400,2400,0,3253,75
15:00:19.789,active,15294,656,10070,16786,-4,95,60.0,54.8,No,2400,2400,0,3512,125
15:00:20.789,active,15301,798,7736,16787,0,95,60.0,54.3,No,2400,2400,0,5253,125
15:00:21.789,active,15296,682,10456,16788,0,95,60.6,54.2,No,2400,2400,0,5388,125
15:00:22.793,active,15301,688,8024,16787,-3,95,61.1,54.1,No,2400,2400,0,5406,125
15:00:23.795,active,15314,472,7234,16787,0,95,59.5,55.4,No,2400,2400,0,5395,125
15:00:24.789,active,15260,856,13118,16786,0,95,61.1,59.3,No,2400,2400,0,5404,125
15:00:25.789,active,15264,938,11266,16787,0,95,61.1,54.0,No,2400,2400,0,5398,125
15:00:26.793,active,15275,750,11478,16788,0,95,61.1,51.8,No,2400,2400,0,5409,125
15:00:27.796,active,15268,948,11304,16787,0,95,62.2,51.4,No,2400,2400,0,5416,125
15:00:28.791,active,15299,636,9760,16787,0,95,61.7,55.6,No,2400,2400,0,5417,125
15:00:29.793,active,15275,904,10956,16787,-5,95,62.2,52.7,No,2400,2400,0,5413,125
15:00:30.789,active,15314,760,11652,16786,-4,95,60.6,55.6,No,2400,2400,0,5419,125
15:00:31.789,active,15299,742,11382,16787,-3,95,61.7,54.8,No,2400,2400,0,5428,125
15:00:32.789,active,15311,752,11536,16788,0,95,62.2,53.7,No,2400,2400,0,5426,125
15:00:33.793,active,15307,714,10956,16786,0,95,61.7,54.1,No,2400,2400,0,5421,125
15:00:34.789,active,15316,498,6982,16786,0,95,62.2,53.5,No,2400,2400,0,5426,125
15:00:35.789,active,15307,476,7330,16787,-3,95,61.7,54.2,No,2400,2400,0,5414,125
15:00:36.793,active,15318,714,9916,16785,0,95,61.7,52.1,No,2400,2400,0,5430,125
15:00:37.789,active,15309,488,7484,16786,-4,95,61.7,52.6,No,2400,2400,0,5441,125
15:00:38.789,active,15307,842,12848,16787,-3,95,61.7,54.0,No,2400,2400,0,5435,125
15:00:39.789,active,15303,602,9240,16787,0,95,61.7,52.0,No,2400,2400,0,5445,125
15:00:40.793,active,15303,852,13040,16786,0,95,62.8,51.9,No,2400,2400,0,5437,125
15:00:41.789,active,15256,634,9684,16786,0,95,61.7,51.2,No,2400,2400,0,5447,125
15:00:42.789,active,15305,714,10956,16788,0,95,61.7,51.7,No,2400,2400,0,5468,125
15:00:43.790,active,15299,474,7388,16788,0,95,62.2,53.3,No,2400,2400,0,5464,125
15:00:44.789,active,15316,494,7580,16786,0,95,62.2,54.6,No,2400,2400,0,5465,125
15:00:45.789,active,15301,512,7870,16785,-4,95,62.2,54.7,No,2400,2400,0,5468,125
15:00:46.789,active,15346,498,7658,16786,0,95,61.7,55.5,No,2400,2400,0,5461,125
15:00:47.793,active,15299,498,7658,16787,0,95,62.8,52.8,No,2400,2400,0,5467,125
15:00:48.789,active,15296,562,8604,16787,0,95,62.2,56.7,No,2400,2400,0,5441,125
15:00:49.789,active,15299,482,7408,16785,-6,95,62.8,57.3,No,2400,2400,0,5469,125
15:00:50.791,active,15296,692,8082,16787,-4,95,62.2,56.8,No,2400,2400,0,5470,125
15:00:51.789,active,15279,880,13464,16786,0,95,61.7,57.2,No,2400,2400,0,5490,125
15:00:52.789,active,15268,764,11728,16786,0,95,62.8,57.9,No,2400,2400,0,5466,125
15:00:53.789,active,15316,720,11072,16786,0,95,63.4,56.8,No,2400,2400,0,5456,125
15:00:54.789,active,15264,752,11536,16786,-3,95,62.8,56.5,No,2400,2400,0,5457,125
15:00:55.791,active,15277,870,11538,16787,0,95,63.4,57.9,No,2400,2400,0,5472,125
15:00:56.792,active,15273,748,11478,16786,0,95,62.8,56.9,No,2400,2400,0,5468,125
15:00:57.789,active,15275,940,10996,16786,0,95,62.8,57.4,No,2400,2400,0,5480,125
15:00:58.789,active,15279,662,10146,16787,0,95,62.8,57.9,No,2400,2400,0,5485,125
15:00:59.789,active,15316,730,11324,16787,-6,95,62.8,59.7,No,2400,2400,0,5492,125
15:01:00.789,active,15294,618,9472,16787,-4,95,63.4,58.8,No,2400,2400,0,5484,125
15:01:01.789,active,15314,684,10474,16785,-6,95,63.4,57.0,No,2400,2400,0,5475,125
15:01:02.790,active,15281,672,10282,16785,0,95,64.5,57.5,No,2400,2400,0,5493,125
15:01:03.792,active,15320,682,10456,16785,-5,95,61.1,57.4,No,2400,2400,0,5502,125
15:01:04.790,active,15268,672,12092,16786,-6,95,62.8,57.4,No,2400,2400,0,5460,125
15:01:05.789,active,15318,836,12808,16786,-3,95,63.4,57.2,No,2400,2400,0,5472,125
15:01:06.789,active,15268,706,11652,16786,-4,95,62.8,57.9,No,2400,2400,0,5489,125
15:01:07.793,active,15301,720,11014,16786,-3,95,63.4,56.9,No,2400,2400,0,5489,125
15:01:08.789,active,15264,788,12712,16786,0,95,63.9,58.9,No,2400,2400,0,5489,125
15:01:09.789,active,15296,750,11516,16785,-3,95,63.4,57.0,No,2400,2400,0,5498,125
15:01:10.790,active,15299,520,8006,16786,-3,95,62.8,57.3,No,2400,2400,0,5495,125
15:01:11.789,active,15296,752,11516,16786,0,95,63.4,57.8,No,2400,2400,0,5492,125
15:01:12.789,sleep,15296,528,8102,16788,9,95,59.0,7.6,No,2400,2400,0,5533,125
15:01:13.789,sleep,15301,534,6654,16788,11,95,57.9,0.0,No,2400,2400,0,5537,125
15:01:14.789,sleep,15296,414,6346,16788,9,95,56.8,0.0,No,2400,2400,0,5544,125
15:01:15.789,sleep,15292,426,7832,16789,9,95,56.8,0.0,No,2400,2400,0,5543,125
15:01:16.789,sleep,15299,478,7330,16790,9,95,56.2,0.0,No,2400,2400,0,5551,125
15:01:17.789,sleep,15294,504,6810,16790,13,95,55.1,0.3,No,1500,2400,0,5557,125
15:01:18.789,sleep,15290,450,6118,16791,17,95,54.5,0.3,No,1500,2400,0,5559,125
15:01:19.789,sleep,15290,492,7542,16790,18,95,52.4,0.0,No,1500,2400,0,3945,75
15:01:20.789,sleep,15296,322,6038,16790,19,95,55.1,0.0,No,1500,2400,0,3465,75
15:01:21.789,sleep,15296,372,5710,16789,14,95,52.9,0.3,No,1500,2400,0,3386,75
15:01:22.789,sleep,15299,462,7118,16789,9,95,53.5,0.0,No,1500,2400,0,3381,75
15:01:23.789,sleep,15292,444,6790,16790,13,95,53.5,0.5,No,1500,2400,0,3364,75
15:01:24.789,sleep,15299,400,5516,16789,14,95,52.4,0.5,No,1500,2400,0,3353,75
15:01:25.789,sleep,15296,348,5342,16790,16,95,51.8,0.0,No,1500,2400,0,3342,75
15:01:26.789,sleep,15294,428,5536,16790,16,95,51.8,0.3,No,1500,2400,0,3349,75
15:01:27.789,active,15253,646,12948,16787,0,95,56.2,57.4,No,2400,2400,0,3318,75
15:01:28.789,active,15262,688,10532,16786,-5,95,57.9,58.6,No,2400,2400,0,3304,75
15:01:29.789,active,15245,726,13734,16787,-6,95,58.4,55.6,No,2400,2400,0,3287,75
15:01:30.791,active,15251,886,13562,16787,-6,95,59.0,55.2,No,2400,2400,0,3290,75
15:01:31.793,active,15236,816,12906,16788,0,95,59.5,54.5,No,2400,2400,0,3277,75
15:01:32.789,active,15266,888,13580,16787,0,95,59.0,54.3,No,2400,2400,0,3261,75
15:01:33.789,active,15268,836,11112,16786,0,95,60.0,58.3,No,2400,2400,0,3268,75
15:01:34.789,active,15275,808,12366,16787,0,95,60.0,53.0,No,2400,2400,0,3252,75
15:01:35.793,active,15266,882,11806,16786,0,95,60.6,51.9,No,2400,2400,0,4319,125
15:01:36.793,active,15333,466,8718,16788,0,95,61.1,51.2,No,2400,2400,0,5307,125
15:01:37.789,active,15359,460,7080,16787,0,95,60.0,51.7,No,2400,2400,0,5378,125
15:01:38.790,active,15326,492,7060,16787,0,95,59.5,51.0,No,2400,2400,0,5398,125
15:01:39.789,active,15314,462,7098,16786,0,95,60.6,54.4,No,2400,2400,0,5390,125
15:01:40.789,active,15337,526,7272,16788,0,95,60.6,53.9,No,2400,2400,0,5378,125
15:01:41.789,active,15311,476,7310,16788,0,95,62.2,55.9,No,2400,2400,0,5378,125
15:01:42.793,active,15316,730,10070,16787,0,95,61.7,54.3,No,2400,2400,0,5385,125
15:01:43.789,active,15309,538,8256,16786,0,95,61.7,53.9,No,2400,2400,0,5386,125
15:01:44.793,active,15329,634,9702,16786,0,95,61.7,51.8,No,2400,2400,0,5404,125
15:01:45.790,active,15311,756,11440,16787,-4,95,61.1,56.8,No,2400,2400,0,5401,125
15:01:46.789,active,15303,754,11574,16787,-4,95,61.1,54.4,No,2400,2400,0,5393,125
15:01:47.789,active,15301,726,9818,16786,0,95,61.1,52.2,No,2400,2400,0,5392,125
15:01:48.789,active,15301,748,11478,16786,-3,95,62.2,52.2,No,2400,2400,0,5411,125
15:01:49.793,active,15299,492,7562,16785,-4,95,61.7,51.8,No,2400,2400,0,5428,125
15:01:50.789,active,15301,668,10244,16786,0,95,61.7,51.3,No,2400,2400,0,5435,125
15:01:51.789,active,15303,446,6866,16786,0,95,62.2,51.4,No,2400,2400,0,5440,125
15:01:52.790,active,15337,528,8614,16787,0,95,61.1,51.8,No,2400,2400,0,5429,125
15:01:53.789,active,15299,476,7330,16787,0,95,61.1,51.9,No,2400,2400,0,5436,125
15:01:54.789,active,15264,586,9972,16788,0,95,61.1,52.3,No,2400,2400,0,5446,125
15:01:55.789,active,15262,936,14332,16787,0,95,62.2,52.0,No,2400,2400,0,5447,125
15:01:56.790,active,15258,726,11130,16786,0,95,61.7,51.8,No,2400,2400,0,5437,125
15:01:57.789,active,15273,922,14120,16786,-3,95,61.7,51.4,No,2400,2400,0,5450,125
15:01:58.790,active,15277,712,10918,16788,0,95,61.7,52.5,No,2400,2400,0,5450,125
15:01:59.792,active,15286,890,11092,16787,-3,95,62.2,56.2,No,2400,2400,0,5446,125
15:02:00.789,active,15288,770,11806,16788,0,95,62.8,57.6,No,2400,2400,0,5442,125
15:02:01.789,active,15301,726,12038,16787,0,95,62.2,57.3,No,2400,2400,0,5465,125
15:02:02.789,active,15264,672,10300,16787,0,95,62.2,56.5,No,2400,2400,0,5463,125
15:02:03.789,active,15322,568,8738,16786,0,95,62.2,56.1,No,2400,2400,0,5460,125
15:02:04.791,active,15339,510,7850,16786,0,95,62.8,57.1,No,2400,2400,0,5477,125
15:02:05.790,active,15311,696,10668,16786,0,95,62.8,56.2,No,2400,2400,0,5464,125
15:02:06.794,active,15322,450,12538,16787,0,95,62.8,57.3,No,2400,2400,0,5471,125
15:02:07.789,active,15314,756,11594,16787,0,95,61.1,57.8,No,2400,2400,0,5448,125
15:02:08.789,active,15264,696,13754,16788,0,95,61.7,52.3,No,2400,2400,0,5461,125
15:02:09.789,active,15247,856,13078,16788,0,95,62.2,51.9,No,2400,2400,0,5475,125
15:02:10.789,active,15268,766,15066,16787,0,95,63.4,51.4,No,2400,2400,0,5466,125
15:02:11.789,active,15247,800,12230,16788,0,95,62.8,51.3,No,2400,2400,0,5462,125
15:02:12.793,active,15299,496,7620,16787,-3,95,62.8,51.6,No,2400,2400,0,5473,125
15:02:13.789,active,15299,704,7542,16787,0,95,61.1,51.0,No,2400,2400,0,5483,125
15:02:14.789,active,15301,498,7658,16787,0,95,61.1,52.0,No,2400,2400,0,5488,125
15:02:15.789,active,15305,538,7850,16787,0,95,62.2,52.2,No,2400,2400,0,5485,125
15:02:16.789,active,15322,490,7522,16786,0,95,62.8,51.8,No,2400,2400,0,5491,125
15:02:17.789,active,15350,520,7908,16788,3,95,62.2,51.3,No,2400,2400,0,5484,125
15:02:18.789,active,15320,488,7504,16787,0,95,62.8,51.5,No,2400,2400,0,5496,125
15:02:19.793,active,15344,510,8140,16788,0,95,62.2,52.3,No,2400,2400,0,5496,125
15:02:20.790,active,15283,506,7754,16786,3,95,61.1,51.0,No,2400,2400,0,5484,125
15:02:21.789,active,15277,752,11536,16787,0,95,61.1,52.3,No,2400,2400,0,5494,125
15:02:22.789,active,15311,702,10842,16788,3,95,62.2,52.8,No,2400,2400,0,5484,125
15:02:23.789,active,15301,784,12018,16789,4,95,63.4,52.8,No,2400,2400,0,5491,125
15:02:24.789,active,15305,704,10802,16788,4,95,62.8,52.2,No,2400,2400,0,5484,125
15:02:25.792,active,15307,754,11574,16788,0,95,62.8,54.6,No,2400,2400,0,5484,125
15:02:26.793,active,15290,516,10822,16787,0,95,62.8,58.3,No,2400,2400,0,5488,125
15:02:27.789,sleep,15296,468,7176,16790,11,95,59.0,11.0,No,2400,2400,0,5541,125
15:02:28.789,sleep,15294,518,7948,16789,16,95,57.9,0.0,No,2400,2400,0,5530,125
15:02:29.789,sleep,15299,456,7890,16790,13,95,57.3,0.2,No,2400,2400,0,5540,125
15:02:30.789,sleep,15303,522,8006,16790,13,95,56.8,0.3,No,2400,2400,0,5543,125
15:02:31.789,sleep,15305,448,7928,16789,10,95,56.2,-0.0,No,2400,2400,0,5544,125
15:02:32.789,sleep,15303,462,7098,16789,12,95,55.1,0.3,No,1500,2400,0,5480,75
15:02:33.789,sleep,15301,426,6538,16791,16,95,54.5,0.0,No,1500,2400,0,3717,75
15:02:34.789,sleep,15299,438,6732,16790,14,95,53.5,0.3,No,1500,2400,0,3421,75
15:02:35.789,sleep,15303,436,6694,16790,14,95,53.5,-0.0,No,1500,2400,0,3380,75
15:02:36.789,sleep,15288,464,7650,16790,16,95,52.9,0.0,No,1500,2400,0,3370,75
15:02:37.789,sleep,15296,516,7928,16789,15,95,52.9,0.0,No,1500,2400,0,3356,75
15:02:38.789,sleep,15294,370,5864,16791,15,95,52.9,0.3,No,1500,2400,0,3348,75
15:02:39.789,sleep,15292,322,4958,16792,17,95,52.9,0.0,No,1500,2400,0,3348,75
15:02:40.789,sleep,15290,346,5324,16792,17,95,52.4,0.2,No,1500,2400,0,3350,75
15:02:41.789,sleep,15290,450,6906,16791,16,95,52.9,0.0,No,1500,2400,0,3344,75
15:02:42.789,active,15337,470,7214,16789,0,95,56.2,56.3,No,2400,2400,0,3315,75
15:02:43.792,active,15318,502,7440,16787,0,95,57.3,56.3,No,2400,2400,0,3306,75
15:02:44.793,active,15320,482,7408,16788,0,95,58.4,53.7,No,2400,2400,0,3290,75
15:02:45.789,active,15305,494,9028,16786,-5,95,59.5,53.8,No,2400,2400,0,3272,75
15:02:46.790,active,15320,498,7658,16787,0,95,59.5,55.6,No,2400,2400,0,3244,75
15:02:47.790,active,15303,684,10514,16787,0,95,59.0,53.9,No,2400,2400,0,3244,75
15:02:48.789,active,15303,704,10802,16787,0,95,59.5,54.0,No,2400,2400,0,3256,75
15:02:49.789,active,15299,748,11458,16787,0,95,60.0,54.4,No,2400,2400,0,4870,125
15:02:50.792,active,15305,702,11594,16788,0,95,60.0,53.5,No,2400,2400,0,5352,125
15:02:51.793,active,15301,704,10784,16788,0,95,61.1,54.9,No,2400,2400,0,5374,125
15:02:52.789,active,15299,700,9742,16788,0,95,61.7,53.2,No,2400,2400,0,5381,125
15:02:53.789,active,15301,710,10898,16786,0,95,61.1,53.3,No,2400,2400,0,5375,125
15:02:54.790,active,15301,722,8178,16786,-4,95,61.1,53.7,No,2400,2400,0,5385,125
15:02:55.789,active,15296,768,11786,16786,0,95,60.0,57.0,No,2400,2400,0,5385,125
15:02:56.793,active,15256,814,12462,16788,0,95,62.2,56.9,No,2400,2400,0,5381,125
15:02:57.789,active,15251,900,10860,16787,5,95,61.7,56.4,No,2400,2400,0,5381,125
15:02:58.793,active,15279,906,13870,16787,0,95,61.7,53.2,No,2400,2400,0,5401,125
15:02:59.789,active,15258,860,10784,16787,0,95,62.2,53.5,No,2400,2400,0,5410,125
15:03:00.789,active,15299,766,11748,16787,0,95,61.7,53.7,No,2400,2400,0,5403,125
15:03:01.797,active,15264,662,10822,16786,0,95,62.2,53.7,No,2400,2400,0,5407,125
15:03:02.789,active,15305,720,11054,16787,-3,95,60.6,53.4,No,2400,2400,0,5422,125
15:03:03.789,active,15307,704,10784,16787,0,95,61.7,53.6,No,2400,2400,0,5420,125
15:03:04.790,active,15303,694,10668,16788,0,95,61.7,52.9,No,2400,2400,0,5415,125
15:03:05.793,active,15311,514,7890,16788,0,95,62.2,51.7,No,2400,2400,0,5429,125
15:03:06.789,active,15314,470,7562,16787,0,95,62.2,51.3,No,2400,2400,0,5439,125
15:03:07.793,active,15311,464,7118,16786,0,95,62.2,52.1,No,2400,2400,0,5436,125
15:03:08.790,active,15309,706,10822,16786,0,95,60.6,51.6,No,2400,2400,0,5433,125
15:03:09.789,active,15314,448,6886,16786,-7,95,61.1,55.9,No,2400,2400,0,5445,125
15:03:10.789,active,15311,640,9800,16786,-7,95,61.7,57.5,No,2400,2400,0,5441,125
15:03:11.789,active,15316,618,12050,16787,-3,95,62.2,56.3,No,2400,2400,0,5441,125
15:03:12.789,active,15314,712,10880,16787,0,95,61.7,56.2,No,2400,2400,0,5437,125
15:03:13.791,active,15271,674,12308,16787,0,95,62.2,57.9,No,2400,2400,0,5438,125
15:03:14.790,active,15303,768,11786,16787,0,95,61.1,55.7,No,2400,2400,0,5439,125
15:03:15.792,active,15307,736,11304,16788,0,95,61.7,55.7,No,2400,2400,0,5437,125
15:03:16.789,active,15296,746,11440,16788,0,95,62.8,58.4,No,2400,2400,0,5456,125
15:03:17.789,active,15305,502,7716,16789,6,95,62.2,51.8,No,2400,2400,0,5457,125
15:03:18.789,active,15299,658,7908,16788,3,95,61.7,52.0,No,2400,2400,0,5462,125
15:03:19.789,active,15303,546,8392,16787,0,95,62.8,51.2,No,2400,2400,0,5463,125
15:03:20.789,active,15339,518,7832,16787,0,95,62.8,51.5,No,2400,2400,0,5472,125
15:03:21.790,active,15303,766,11748,16788,0,95,63.4,51.7,No,2400,2400,0,5469,125
15:03:22.789,active,15331,544,6906,16788,-3,95,61.7,54.1,No,2400,2400,0,5471,125
15:03:23.789,active,15286,770,11246,16787,0,95,61.1,52.2,No,2400,2400,0,5481,125
15:03:24.789,active,15273,744,11400,16787,0,95,63.4,59.1,No,2400,2400,0,5474,125
15:03:25.789,active,15271,906,11362,16787,0,95,63.4,57.2,No,2400,2400,0,5477,125
15:03:26.791,active,15273,700,10744,16787,0,95,63.9,58.4,No,2400,2400,0,5464,125
15:03:27.789,active,15277,890,11188,16787,-3,95,64.5,59.4,No,2400,2400,0,5484,125
15:03:28.793,active,15307,708,10880,16787,-3,95,62.8,56.9,No,2400,2400,0,5494,125
15:03:29.790,active,15277,918,11594,16787,-3,95,62.8,59.3,No,2400,2400,0,5478,125
15:03:30.789,active,15307,754,11574,16787,0,95,63.4,58.7,No,2400,2400,0,5461,125
15:03:31.793,active,15316,1022,12520,16787,0,95,62.8,58.1,No,2400,2400,0,5484,125
15:03:32.793,active,15311,490,11980,16787,0,95,63.9,56.8,No,2400,2400,0,5489,125
15:03:33.789,active,15271,752,11516,16787,0,95,63.9,57.4,No,2400,2400,0,5489,125
15:03:34.790,active,15314,538,12038,16786,0,95,61.7,58.5,No,2400,2400,0,5485,125
15:03:35.793,active,15273,758,11612,16786,0,95,62.8,59.0,No,2400,2400,0,5492,125
15:03:36.789,active,15264,614,10456,16786,0,95,62.8,58.7,No,2400,2400,0,5480,125
15:03:37.789,active,15268,806,12346,16788,0,95,63.9,58.8,No,2400,2400,0,5489,125
15:03:38.793,active,15271,942,12230,16789,3,95,63.9,58.7,No,2400,2400,0,5493,125
15:03:39.789,active,15283,782,11960,16788,0,95,63.4,58.8,No,2400,2400,0,5482,125
15:03:40.789,active,15301,750,11498,16786,0,95,63.4,59.0,No,2400,2400,0,5479,125
15:03:41.790,active,15299,718,8160,16787,0,95,64.5,58.5,No,2400,2400,0,5473,125
15:03:42.789,sleep,15299,534,8198,16788,0,95,59.0,14.9,No,2400,2400,0,5517,125
15:03:43.789,sleep,15296,502,7080,16789,9,95,59.0,-0.0,No,2400,2400,0,5535,125
15:03:44.789,sleep,15299,498,7638,16789,10,95,57.3,0.0,No,2400,2400,0,5520,125
15:03:45.789,sleep,15305,504,7716,16790,11,95,57.9,0.2,No,2400,2400,0,5538,125
15:03:46.789,sleep,15301,526,8082,16788,12,95,56.8,0.0,No,2400,2400,0,5536,125
15:03:47.789,sleep,15292,520,7966,16789,14,95,55.1,-0.0,No,1500,2400,0,5562,125
15:03:48.789,sleep,15299,440,6770,16790,18,95,55.1,0.3,No,1500,2400,0,5554,125
15:03:49.789,sleep,15301,548,8410,16791,17,95,55.6,0.3,No,1500,2400,0,4890,75
15:03:50.789,sleep,15299,538,8892,16791,16,95,54.0,-0.0,No,1500,2400,0,3594,75
15:03:51.789,sleep,15294,406,6250,16791,20,95,54.0,0.3,No,1500,2400,0,3417,75
15:03:52.789,sleep,15290,276,4244,16790,17,95,52.9,1.5,No,1500,2400,0,3379,75
15:03:53.789,sleep,15299,468,7176,16791,15,95,53.5,0.3,No,1500,2400,0,3372,75
15:03:54.789,sleep,15296,542,8334,16791,15,95,54.0,0.0,No,1500,2400,0,3364,75
15:03:55.789,sleep,15299,474,7272,16790,12,95,52.9,0.3,No,1500,2400,0,3363,75
15:03:56.789,sleep,15296,340,5228,16790,15,95,51.8,0.0,No,1500,2400,0,3354,75
15:03:57.789,active,15296,720,7214,16787,3,95,56.2,46.1,No,2400,2400,0,3299,75
15:03:58.789,active,15238,730,11150,16788,0,95,57.9,52.3,No,2400,2400,0,3302,75
15:03:59.791,active,15245,834,12752,16788,-3,95,58.4,51.9,No,2400,2400,0,3297,75
15:04:00.793,active,15245,800,12230,16789,0,95,59.0,51.2,No,2400,2400,0,3292,75
15:04:01.789,active,15238,896,13716,16788,0,95,58.4,55.0,No,2400,2400,0,3274,75
15:04:02.790,active,15266,798,12210,16787,-3,95,59.5,52.8,No,2400,2400,0,3279,125
15:04:03.792,active,15271,936,14314,16786,-10,95,59.5,54.4,No,2400,2400,0,5161,125
15:04:04.789,active,15273,970,11762,16787,-5,95,59.5,52.8,No,2400,2400,0,5399,125
15:04:05.789,active,15260,756,11594,16787,-4,95,59.5,51.8,No,2400,2400,0,5422,125
15:04:06.792,active,15283,812,11014,16788,0,95,61.7,54.2,No,2400,2400,0,5406,125
15:04:07.790,active,15357,496,7658,16788,0,95,61.1,53.2,No,2400,2400,0,5423,125
15:04:08.790,active,15344,482,7388,16787,0,95,62.8,54.2,No,2400,2400,0,5409,125
15:04:09.793,active,15318,512,7870,16787,0,95,61.7,54.0,No,2400,2400,0,5415,125
15:04:10.790,active,15322,516,7908,16788,0,95,60.6,55.3,No,2400,2400,0,5414,125
15:04:11.789,active,15301,692,10610,16787,0,95,62.2,56.7,No,2400,2400,0,5412,125
15:04:12.789,active,15314,476,7330,16786,-4,95,61.1,56.2,No,2400,2400,0,5399,125
15:04:13.789,active,15316,462,7098,16786,0,95,62.2,52.2,No,2400,2400,0,5415,125
15:04:14.789,active,15316,534,8198,16788,0,95,61.7,51.1,No,2400,2400,0,5420,125
15:04:15.789,active,15307,544,11700,16787,0,95,61.1,52.4,No,2400,2400,0,5422,125
15:04:16.793,active,15305,648,9934,16788,0,95,61.7,51.5,No,2400,2400,0,5430,125
15:04:17.790,active,15301,728,11516,16787,0,95,61.7,51.6,No,2400,2400,0,5444,125
15:04:18.789,active,15301,724,11112,16787,0,95,60.6,52.4,No,2400,2400,0,5442,125
15:04:19.789,active,15301,506,7774,16786,0,95,62.2,52.4,No,2400,2400,0,5451,125
15:04:20.789,active,15301,706,10822,16785,-4,95,62.2,52.2,No,2400,2400,0,5450,125
15:04:21.789,active,15301,510,7870,16786,-6,95,61.1,52.6,No,2400,2400,0,5448,125
15:04:22.792,active,15303,674,10358,16788,-7,95,61.7,53.0,No,2400,2400,0,5458,125
15:04:23.793,active,15301,496,7620,16788,0,95,61.1,52.9,No,2400,2400,0,5458,125
15:04:24.790,active,15299,734,6402,16788,0,95,61.1,55.6,No,2400,2400,0,5456,125
15:04:25.789,active,15286,714,10938,16788,0,95,61.7,57.3,No,2400,2400,0,5443,125
15:04:26.793,active,15268,872,12134,16786,0,95,62.8,58.5,No,2400,2400,0,5455,125
15:04:27.789,active,15268,878,13426,16785,-7,95,62.8,57.9,No,2400,2400,0,5462,125
15:04:28.789,active,15292,866,13272,16788,-3,95,62.8,57.8,No,2400,2400,0,5463,125
15:04:29.794,active,15279,790,12096,16786,-3,95,62.8,58.1,No,2400,2400,0,5463,125
15:04:30.790,active,15279,900,13774,16787,0,95,62.8,58.5,No,2400,2400,0,5457,125
15:04:31.789,active,15273,920,10754,16787,0,95,62.2,58.6,No,2400,2400,0,5466,125
15:04:32.789,active,15279,944,14448,16786,-3,95,62.8,60.2,No,2400,2400,0,5458,125
15:04:33.789,active,15281,916,10706,16787,0,95,63.4,57.5,No,2400,2400,0,5468,125
15:04:34.789,active,15329,492,7542,16787,-3,95,63.4,58.9,No,2400,2400,0,5468,125
15:04:35.789,active,15333,476,7330,16787,0,95,63.4,58.1,No,2400,2400,0,5472,125
15:04:36.790,active,15320,510,7832,16787,0,95,63.4,58.6,No,2400,2400,0,5464,125
15:04:37.790,active,15331,514,7890,16786,0,95,61.7,59.0,No,2400,2400,0,5463,125
15:04:38.789,active,15314,510,7832,16786,-3,95,62.8,58.4,No,2400,2400,0,5470,125
15:04:39.789,active,15316,706,10802,16788,0,95,63.9,59.4,No,2400,2400,0,5474,125
15:04:40.789,active,15320,534,8218,16788,0,95,63.9,57.7,No,2400,2400,0,5490,125
15:04:41.789,active,15307,766,11728,16786,0,95,63.4,57.9,No,2400,2400,0,5474,125
15:04:42.792,active,15264,574,11612,16786,0,95,64.5,57.4,No,2400,2400,0,5476,125
15:04:43.790,active,15299,612,9374,16786,0,95,63.9,59.1,No,2400,2400,0,5476,125
15:04:44.793,active,15305,712,10898,16785,0,95,63.4,58.9,No,2400,2400,0,5471,125
15:04:45.789,active,15301,708,10860,16788,-4,95,62.2,58.8,No,2400,2400,0,5471,125
15:04:46.792,active,15305,666,11440,16788,0,95,63.9,59.4,No,2400,2400,0,5478,125
15:04:47.789,active,15301,740,11362,16787,0,95,63.9,59.0,No,2400,2400,0,5487,125
15:04:48.789,active,15305,592,9104,16786,-4,95,63.9,59.0,No,2400,2400,0,5489,125
15:04:49.791,active,15301,700,10726,16785,0,95,63.9,59.7,No,2400,2400,0,5489,125
15:04:50.792,active,15303,498,7658,16786,0,95,63.4,58.9,No,2400,2400,0,5488,125
15:04:51.791,active,15307,538,7488,16787,0,95,63.9,59.2,No,2400,2400,0,5485,125
15:04:52.789,active,15268,978,14970,16788,0,95,63.9,59.2,No,2400,2400,0,5492,125
15:04:53.789,active,15281,796,12210,16787,0,95,63.9,59.7,No,2400,2400,0,5490,125
15:04:54.793,active,15299,754,11574,16787,0,95,63.4,58.5,No,2400,2400,0,5504,125
15:04:55.789,active,15273,726,11130,16787,0,95,63.9,59.4,No,2400,2400,0,5483,125
15:04:56.789,active,15311,764,11728,16787,0,95,63.4,59.7,No,2400,2400,0,5489,125
15:04:57.789,sleep,15296,452,6944,16789,6,95,60.6,17.5,No,2400,2400,0,5539,125
15:04:58.789,sleep,15299,450,6906,16789,12,95,58.4,0.0,No,2400,2400,0,5546,125
15:04:59.789,sleep,15294,498,7658,16790,19,95,56.8,0.3,No,2400,2400,0,5556,125
15:05:00.789,sleep,15296,504,7736,16790,16,95,57.3,-0.0,No,2400,2400,0,5541,125
15:05:01.789,sleep,15305,462,7080,16790,16,95,56.8,0.5,No,2400,2400,0,5550,125
15:05:02.789,sleep,15299,436,8160,16791,17,95,55.6,0.5,No,1500,2400,0,5558,125
15:05:03.789,sleep,15301,386,5902,16791,17,95,55.6,0.3,No,1500,2400,0,5555,125
15:05:04.789,sleep,15299,538,4494,16791,17,95,54.5,0.3,No,1500,2400,0,4319,75
15:05:05.789,sleep,15299,558,8564,16790,17,95,54.0,-0.0,No,1500,2400,0,3536,75
15:05:06.789,sleep,15299,578,4456,16790,17,95,53.5,0.2,No,1500,2400,0,3417,75
15:05:07.789,sleep,15294,250,3838,16790,15,95,52.9,0.0,No,1500,2400,0,3390,75
15:05:08.789,sleep,15303,544,4744,16790,13,95,54.0,0.0,No,1500,2400,0,3377,75
15:05:09.789,sleep,15294,562,8604,16790,14,95,52.9,-0.0,No,1500,2400,0,3356,75
15:05:10.789,sleep,15296,326,4996,16790,14,95,52.4,0.3,No,1500,2400,0,3371,75
15:05:11.789,sleep,15296,468,7754,16790,14,95,52.9,-0.0,No,1500,2400,0,3359,75
15:05:12.794,active,15303,534,8218,16786,0,95,56.8,43.8,No,2400,2400,0,3322,75
15:05:13.789,active,15357,476,7252,16787,-5,95,56.8,53.1,No,2400,2400,0,3305,75
15:05:14.789,active,15337,472,7272,16786,-5,95,59.0,52.3,No,2400,2400,0,3294,75
15:05:15.789,active,15344,466,8160,16786,-8,95,59.5,51.7,No,2400,2400,0,3282,75
15:05:16.790,active,15314,502,7696,16787,-4,95,59.5,51.3,No,2400,2400,0,3288,75
15:05:17.792,active,15337,488,8044,16785,-7,95,60.6,52.8,No,2400,2400,0,3270,75
15:05:18.793,active,15341,476,7330,16785,-9,95,60.6,55.6,No,2400,2400,0,3549,125
15:05:19.789,active,15279,720,11054,16786,-10,95,60.0,53.1,No,2400,2400,0,5271,125
15:05:20.789,active,15303,744,11696,16786,-4,95,60.6,54.4,No,2400,2400,0,5405,125
15:05:21.789,active,15303,712,10918,16788,0,95,60.6,52.2,No,2400,2400,0,5412,125
15:05:22.789,active,15301,638,11130,16788,0,95,61.1,52.0,No,2400,2400,0,5384,125
15:05:23.789,active,15307,774,11864,16787,-5,95,60.6,53.2,No,2400,2400,0,5400,125
15:05:24.791,active,15301,736,11150,16787,-5,95,61.1,51.6,No,2400,2400,0,5398,125
15:05:25.790,active,15299,700,10726,16786,-9,95,61.1,54.1,No,2400,2400,0,5403,125
15:05:26.789,active,15307,690,11072,16785,-6,95,61.1,55.4,No,2400,2400,0,5390,125
15:05:27.789,active,15299,752,11536,16787,-6,95,60.6,52.9,No,2400,2400,0,5399,125
15:05:28.789,active,15305,934,14276,16787,-5,95,61.7,52.6,No,2400,2400,0,5419,125
15:05:29.789,active,15249,782,14874,16787,-4,95,61.7,52.0,No,2400,2400,0,5436,125
15:05:30.789,active,15309,808,12346,16785,-7,95,61.7,52.0,No,2400,2400,0,5435,125
15:05:31.792,active,15232,802,13638,16785,-10,95,61.7,52.9,No,2400,2400,0,5440,125
15:05:32.789,active,15314,738,11284,16785,-7,95,61.7,55.7,No,2400,2400,0,5432,125
15:05:33.789,active,15275,710,12134,16785,-8,95,61.1,56.0,No,2400,2400,0,5433,125
15:05:34.789,active,15271,834,12770,16787,0,95,61.7,56.0,No,2400,2400,0,5437,125
15:05:35.793,active,15271,748,14276,16786,-3,95,62.8,58.4,No,2400,2400,0,5431,125
15:05:36.791,active,15268,916,14024,16787,-3,95,61.1,58.0,No,2400,2400,0,5433,125
15:05:37.789,active,15301,562,8662,16787,0,95,63.4,57.0,No,2400,2400,0,5452,125
15:05:38.790,active,15305,798,12230,16786,0,95,62.8,57.6,No,2400,2400,0,5455,125
15:05:39.789,active,15303,518,7966,16787,0,95,62.2,57.7,No,2400,2400,0,5446,125
15:05:40.789,active,15337,572,7496,16786,-4,95,62.2,57.8,No,2400,2400,0,5454,125
15:05:41.789,active,15301,464,7138,16786,-4,95,63.4,59.3,No,2400,2400,0,5453,125
15:05:42.789,active,15326,494,7600,16786,-3,95,63.4,58.3,No,2400,2400,0,5458,125
15:05:43.789,active,15361,534,8198,16786,-5,95,63.9,58.7,No,2400,2400,0,5455,125
15:05:44.792,active,15324,502,6712,16785,0,95,61.7,57.8,No,2400,2400,0,5461,125
15:05:45.792,active,15105,492,7562,16786,-6,95,62.8,58.1,No,2400,2400,0,5468,125
15:05:46.792,active,15286,728,11170,16787,-7,95,62.8,59.3,No,2400,2400,0,5467,125
15:05:47.789,active,15314,746,11458,16787,-5,95,62.8,57.1,No,2400,2400,0,5470,125
15:05:48.792,active,15279,706,10822,16786,-6,95,63.9,59.0,No,2400,2400,0,5487,125
15:05:49.793,active,15305,732,11246,16785,-8,95,64.5,57.9,No,2400,2400,0,5462,125
15:05:50.789,active,15316,746,11440,16785,-9,95,63.4,56.2,No,2400,2400,0,5471,125
15:05:51.789,active,15303,690,10128,16786,-7,95,63.9,56.9,No,2400,2400,0,5470,125
15:05:52.793,active,15303,726,11150,16786,-4,95,63.4,57.0,No,2400,2400,0,5474,125
15:05:53.790,active,15303,690,10590,16786,-3,95,63.4,58.5,No,2400,2400,0,5476,125
15:05:54.789,active,15303,644,9876,16786,0,95,62.8,59.4,No,2400,2400,0,5490,125
15:05:55.789,active,15262,688,10552,16785,-3,95,63.9,58.9,No,2400,2400,0,5494,125
15:05:56.789,active,15260,788,12056,16787,-3,95,64.5,58.8,No,2400,2400,0,5484,125
15:05:57.789,active,15264,806,12326,16786,-4,95,63.9,57.9,No,2400,2400,0,5486,125
15:05:58.793,active,15268,794,12152,16787,-4,95,63.9,58.7,No,2400,2400,0,5487,125
15:05:59.790,active,15258,864,13234,16786,-5,95,62.2,58.9,No,2400,2400,0,5492,125
15:06:00.792,active,15264,942,10590,16785,-6,95,63.4,58.2,No,2400,2400,0,5493,125
15:06:01.789,active,15273,984,15066,16786,0,95,63.4,58.4,No,2400,2400,0,5481,125
15:06:02.789,active,15279,754,10244,16787,0,95,63.9,54.8,No,2400,2400,0,5485,125
15:06:03.793,active,15253,702,10764,16788,-4,95,63.4,54.7,No,2400,2400,0,5509,125
15:06:04.793,active,15299,486,7466,16786,0,95,64.5,57.9,No,2400,2400,0,5494,125
15:06:05.793,active,15320,512,7870,16785,-8,95,64.5,58.9,No,2400,2400,0,5488,125
15:06:06.789,active,15346,530,8140,16786,-6,95,63.4,57.6,No,2400,2400,0,5490,125
15:06:07.796,active,15322,476,7310,16785,-5,95,63.9,55.7,No,2400,2400,0,5508,125
15:06:08.789,active,15324,464,7118,16785,0,95,61.7,54.5,No,2400,2400,0,5505,125
15:06:09.789,active,15316,532,12786,16785,-5,95,63.4,54.8,No,2400,2400,0,5497,125
15:06:10.793,active,15314,460,7080,16786,0,95,63.4,56.1,No,2400,2400,0,5498,125
15:06:11.789,active,15305,502,11226,16786,0,95,63.4,56.6,No,2400,2400,0,5500,125
15:06:12.789,sleep,15301,524,8044,16789,0,95,59.5,18.0,No,2400,2400,0,5528,125
15:06:13.789,sleep,15301,508,7812,16788,9,95,59.0,0.2,No,2400,2400,0,5536,125
15:06:14.789,sleep,15294,554,8506,16787,5,95,58.4,0.3,No,2400,2400,0,5554,125
15:06:15.789,sleep,15301,558,8564,16787,7,95,57.3,0.0,No,2400,2400,0,5549,125
15:06:16.789,sleep,15303,484,7446,16788,6,95,56.8,0.0,No,2400,2400,0,5554,125
15:06:17.789,sleep,15301,460,7040,16789,8,95,55.6,0.0,No,1500,2400,0,5555,125
15:06:18.789,sleep,15296,412,6326,16790,10,95,54.0,0.3,No,1500,2400,0,5555,125
15:06:19.789,sleep,15303,484,7426,16789,14,95,55.6,0.0,No,1500,2400,0,3944,75
15:06:20.789,sleep,15292,396,6076,16790,17,95,55.1,-0.0,No,1500,2400,0,3449,75
15:06:21.789,sleep,15299,164,2526,16790,16,95,54.5,0.2,No,1500,2400,0,3370,75
15:06:22.789,sleep,15292,554,5188,16790,17,95,54.0,0.3,No,1500,2400,0,3368,75
15:06:23.789,sleep,15294,502,7696,16790,18,95,53.5,0.3,No,1500,2400,0,3367,75
15:06:24.789,sleep,15294,484,7774,16791,16,95,52.9,0.0,No,1500,2400,0,3373,75
15:06:25.789,sleep,15296,522,8006,16790,13,95,52.9,0.0,No,1500,2400,0,3365,75
15:06:26.789,sleep,15290,374,4958,16790,12,95,52.4,0.3,No,1500,2400,0,3352,75
15:06:27.794,active,15307,690,10590,16787,5,95,56.2,41.4,No,2400,2400,0,3330,75
15:06:28.789,active,15292,632,11498,16788,-4,95,57.9,54.9,No,2400,2400,0,3306,75
15:06:29.789,active,15307,690,10572,16786,-11,95,58.4,52.5,No,2400,2400,0,3302,75
15:06:30.789,active,15305,718,10262,16788,-7,95,59.0,54.7,No,2400,2400,0,3295,75
15:06:31.793,active,15301,632,9702,16787,-5,95,58.4,51.8,No,2400,2400,0,3284,75
15:06:32.789,active,15320,474,7272,16786,-5,95,59.5,51.2,No,2400,2400,0,4491,125
15:06:33.789,active,15314,506,7754,16787,-3,95,60.0,51.9,No,2400,2400,0,5358,125
15:06:34.794,active,15318,410,6288,16786,-7,95,60.6,53.6,No,2400,2400,0,5412,125
15:06:35.789,active,15318,476,10494,16785,-9,95,60.6,54.7,No,2400,2400,0,5407,125
15:06:36.793,active,15324,516,7908,16786,-6,95,61.7,57.2,No,2400,2400,0,5413,125
15:06:37.789,active,15309,542,11054,16785,-9,95,61.7,57.6,No,2400,2400,0,5417,125
15:06:38.789,active,15271,496,7580,16785,-10,95,61.7,56.4,No,2400,2400,0,5428,125
15:06:39.789,active,15314,520,11748,16785,-12,95,61.7,56.3,No,2400,2400,0,5431,125
15:06:40.794,active,15305,714,10938,16785,-11,95,61.7,57.2,No,2400,2400,0,5415,125
15:06:41.789,active,15305,706,10822,16786,-10,95,61.7,55.9,No,2400,2400,0,5409,125
15:06:42.789,active,15303,738,10224,16785,-11,95,61.1,57.5,No,2400,2400,0,5415,125
15:06:43.789,active,15305,714,10956,16784,-13,95,62.2,58.4,No,2400,2400,0,5429,125
15:06:44.793,active,15301,722,8218,16784,-9,95,62.8,56.3,No,2400,2400,0,5424,125
15:06:45.789,active,15301,732,11246,16785,-10,95,62.8,58.2,No,2400,2400,0,5424,125
15:06:46.789,active,15296,720,7156,16787,-10,95,62.8,58.0,No,2400,2400,0,5438,125
15:06:47.790,active,15301,720,11034,16787,-6,95,62.8,57.7,No,2400,2400,0,5421,125
15:06:48.790,active,15348,490,7678,16785,-6,95,62.8,58.1,No,2400,2400,0,5441,125
15:06:49.789,active,15275,864,12424,16785,-4,95,63.4,57.5,No,2400,2400,0,5441,125
15:06:50.789,active,15290,842,12906,16785,-8,95,63.9,59.9,No,2400,2400,0,5444,125
15:06:51.791,active,15283,736,14738,16785,-12,95,63.9,58.3,No,2400,2400,0,5434,125
15:06:52.789,active,15288,812,12462,16785,-10,95,63.4,57.9,No,2400,2400,0,5442,125
15:06:53.792,active,15273,918,11072,16787,-3,95,64.5,57.3,No,2400,2400,0,5457,125
15:06:54.795,active,15273,962,14738,16785,-5,95,63.4,59.4,No,2400,2400,0,5466,125
15:06:55.789,active,15273,958,11382,16785,-5,95,62.8,57.6,No,2400,2400,0,5457,125
15:06:56.789,active,15314,692,10628,16787,-4,95,63.4,58.5,No,2400,2400,0,5457,125
15:06:57.789,active,15314,710,10938,16787,0,95,63.4,57.5,No,2400,2400,0,5463,125
15:06:58.789,active,15329,520,10244,16786,-3,95,63.9,56.4,No,2400,2400,0,5469,125
15:06:59.789,active,15350,748,11458,16785,-5,95,63.4,58.3,No,2400,2400,0,5462,125
15:07:00.792,active,15311,460,9374,16786,-3,95,63.9,56.8,No,2400,2400,0,5478,125
15:07:01.793,active,15264,696,10648,16786,-4,95,62.2,57.9,No,2400,2400,0,5481,125
15:07:02.789,active,15316,510,10128,16786,-5,95,63.4,57.5,No,2400,2400,0,5478,125
15:07:03.789,active,15271,738,11304,16786,0,95,62.8,59.0,No,2400,2400,0,5470,125
15:07:04.790,active,15311,718,12056,16785,-3,95,63.4,59.5,No,2400,2400,0,5482,125
15:07:05.793,active,15260,762,11652,16785,0,95,63.4,58.3,No,2400,2400,0,5484,125
15:07:06.789,active,15273,948,14506,16786,0,95,63.4,57.3,No,2400,2400,0,5491,125
15:07:07.789,active,15307,508,8064,16787,0,95,63.4,54.5,No,2400,2400,0,5499,125
15:07:08.790,active,15346,522,8024,16787,0,95,62.8,54.3,No,2400,2400,0,5496,125
15:07:09.790,active,15324,462,7658,16788,6,95,61.7,53.8,No,2400,2400,0,5492,125
15:07:10.789,active,15354,496,7638,16787,0,95,64.5,58.5,No,2400,2400,0,5490,125
15:07:11.789,active,15296,760,8970,16785,0,95,61.7,58.8,No,2400,2400,0,5486,125
15:07:12.789,active,15341,542,8334,16786,0,95,63.4,59.3,No,2400,2400,0,5493,125
15:07:13.789,active,15348,524,7928,16786,-5,95,63.9,58.2,No,2400,2400,0,5484,125
15:07:14.793,active,15335,482,7408,16787,-3,95,63.4,59.0,No,2400,2400,0,5485,125
15:07:15.793,active,15301,530,8160,16787,0,95,63.9,59.1,No,2400,2400,0,5492,125
15:07:16.789,active,15316,752,11054,16786,-4,95,62.8,57.8,No,2400,2400,0,5491,125
15:07:17.789,active,15303,746,11440,16786,0,95,63.4,54.7,No,2400,2400,0,5494,125
15:07:18.789,active,15301,770,11748,16787,-3,95,64.5,55.0,No,2400,2400,0,5499,125
15:07:19.789,active,15290,730,11188,16786,-4,95,63.9,55.3,No,2400,2400,0,5504,125
15:07:20.793,active,15271,666,10860,16786,-4,95,63.4,58.8,No,2400,2400,0,5498,125
15:07:21.791,active,15301,736,11284,16785,-4,95,65.0,56.6,No,2400,2400,0,5477,125
15:07:22.793,active,15309,712,10918,16786,0,95,62.8,51.5,No,2400,2400,0,5496,125
15:07:23.789,active,15301,752,11536,16787,-3,95,62.2,51.3,No,2400,2400,0,5490,125
15:07:24.789,active,15303,748,11478,16786,-5,95,62.8,52.6,No,2400,2400,0,5509,125
15:07:25.789,active,15268,724,12924,16787,-6,95,63.9,53.2,No,2400,2400,0,5504,125
15:07:26.789,active,15273,790,12096,16787,0,95,63.4,54.8,No,2400,2400,0,5496,125
15:07:27.789,sleep,15301,448,8140,16789,8,95,60.0,21.3,No,2400,2400,0,5530,125
15:07:28.789,sleep,15290,442,6770,16788,13,95,58.4,0.0,No,2400,2400,0,5546,125
15:07:29.789,sleep,15299,462,7098,16790,14,95,57.3,0.0,No,2400,2400,0,5533,125
15:07:30.789,sleep,15294,466,7156,16790,9,95,57.3,0.0,No,2400,2400,0,5544,125
15:07:31.789,sleep,15303,474,7272,16790,10,95,57.3,0.0,No,2400,2400,0,5536,125
15:07:32.789,sleep,15290,452,6944,16790,12,95,56.2,0.2,No,1500,2400,0,5559,125
15:07:33.789,sleep,15296,534,8198,16790,16,95,55.6,0.0,No,1500,2400,0,5572,125
15:07:34.789,sleep,15294,492,6424,16789,15,95,54.5,0.3,No,1500,2400,0,5556,75
15:07:35.789,sleep,15299,582,8932,16790,18,95,54.5,0.0,No,1500,2400,0,3768,75
15:07:36.789,sleep,15294,504,6616,16791,15,95,54.0,0.0,No,1500,2400,0,3455,75
15:07:37.789,sleep,15299,448,6866,16791,17,95,54.0,0.3,No,1500,2400,0,3392,75
15:07:38.789,sleep,15296,452,6944,16790,14,95,53.5,0.0,No,1500,2400,0,3377,75
15:07:39.789,sleep,15294,516,7928,16790,17,95,53.5,0.3,No,1500,2400,0,3385,75
15:07:40.789,sleep,15301,308,4744,16790,17,95,52.9,0.0,No,1500,2400,0,3370,75
15:07:41.789,sleep,15301,506,7754,16791,19,95,52.9,0.0,No,1500,2400,0,3356,75
15:07:42.790,active,15331,628,9644,16788,10,95,57.3,39.4,No,2400,2400,0,3327,75
15:07:43.789,active,15316,686,11226,16789,0,95,57.3,55.2,No,2400,2400,0,3301,75
15:07:44.789,active,15299,702,10764,16789,0,95,57.9,54.6,No,2400,2400,0,3296,75
15:07:45.789,active,15303,726,11440,16787,0,95,60.0,56.9,No,2400,2400,0,3289,75
15:07:46.789,active,15303,724,11112,16787,0,95,59.5,52.6,No,2400,2400,0,3281,75
15:07:47.789,active,15299,654,7080,16786,0,95,60.6,52.0,No,2400,2400,0,3281,75
15:07:48.791,active,15303,678,10398,16787,-3,95,60.6,54.9,No,2400,2400,0,3285,75
15:07:49.793,active,15303,740,10244,16786,-4,95,60.6,57.9,No,2400,2400,0,4867,125
15:07:50.793,active,15301,700,10726,16787,0,95,60.6,58.1,No,2400,2400,0,5377,125
15:07:51.789,active,15301,736,7908,16787,0,95,60.6,57.1,No,2400,2400,0,5415,125
15:07:52.789,active,15245,818,13464,16786,-5,95,62.2,55.5,No,2400,2400,0,5409,125
15:07:53.791,active,15249,938,14332,16786,0,95,61.7,51.9,No,2400,2400,0,5408,125
15:07:54.793,active,15258,756,11362,16787,0,95,62.2,51.3,No,2400,2400,0,5400,125
15:07:55.789,active,15249,928,14198,16789,0,95,61.1,51.2,No,2400,2400,0,5405,125
15:07:56.789,active,15266,934,10726,16789,0,95,62.2,51.4,No,2400,2400,0,5415,125
15:07:57.790,active,15256,724,11092,16788,0,95,61.1,51.3,No,2400,2400,0,5423,125
15:07:58.789,active,15275,894,10282,16786,-3,95,61.1,52.0,No,2400,2400,0,5421,125
15:07:59.793,active,15292,758,11632,16785,-4,95,61.7,57.2,No,2400,2400,0,5424,125
15:08:00.789,active,15286,744,14218,16787,0,95,62.8,59.6,No,2400,2400,0,5418,125
15:08:01.789,active,15354,494,7620,16787,0,95,63.4,58.5,No,2400,2400,0,5423,125
15:08:02.789,active,15354,530,8140,16787,0,95,63.4,58.1,No,2400,2400,0,5429,125
15:08:03.793,active,15354,516,7948,16786,0,95,62.8,58.9,No,2400,2400,0,5436,125
15:08:04.790,active,15307,526,8064,16787,0,95,62.8,58.8,No,2400,2400,0,5433,125
15:08:05.789,active,15322,450,6906,16787,0,95,62.8,59.6,No,2400,2400,0,5444,125
15:08:06.791,active,15357,462,7118,16787,0,95,63.4,59.0,No,2400,2400,0,5443,125
15:08:07.789,active,15318,542,8314,16788,0,95,63.4,58.7,No,2400,2400,0,5439,125
15:08:08.789,active,15326,546,8392,16787,0,95,63.9,57.4,No,2400,2400,0,5446,125
15:08:09.792,active,15311,472,7234,16787,0,95,62.8,58.7,No,2400,2400,0,5456,125
15:08:10.795,active,15303,762,11690,16786,0,95,63.4,56.7,No,2400,2400,0,5443,125
15:08:11.789,active,15307,782,11670,16788,0,95,62.8,57.5,No,2400,2400,0,5458,125
15:08:12.789,active,15299,766,11768,16789,0,95,63.4,59.6,No,2400,2400,0,5460,125
15:08:13.792,active,15305,798,11536,16789,5,95,64.5,59.8,No,2400,2400,0,5444,125
15:08:14.793,active,15296,724,11092,16788,0,95,64.5,58.2,No,2400,2400,0,5464,125
15:08:15.789,active,15303,522,11670,16787,0,95,64.5,58.4,No,2400,2400,0,5465,125
15:08:16.789,active,15303,698,10706,16786,0,95,63.9,58.7,No,2400,2400,0,5473,125
15:08:17.794,active,15303,754,10706,16787,0,95,63.4,58.5,No,2400,2400,0,5473,125
15:08:18.790,active,15296,774,11864,16787,0,95,63.4,58.3,No,2400,2400,0,5480,125
15:08:19.789,active,15266,826,12636,16786,0,95,63.4,58.5,No,2400,2400,0,5475,125
15:08:20.793,active,15286,796,15066,16788,0,95,63.9,59.2,No,2400,2400,0,5474,125
15:08:21.792,active,15271,844,12924,16788,3,95,63.9,58.3,No,2400,2400,0,5477,125
15:08:22.789,active,15277,784,11516,16788,6,95,65.5,58.9,No,2400,2400,0,5482,125
15:08:23.790,active,15264,976,14932,16787,0,95,63.4,59.0,No,2400,2400,0,5479,125
15:08:24.790,active,15281,806,11188,16788,0,95,63.9,58.6,No,2400,2400,0,5488,125
15:08:25.789,active,15311,786,12076,16788,0,95,63.4,59.2,No,2400,2400,0,5490,125
15:08:26.789,active,15307,720,11612,16789,5,95,63.4,54.6,No,2400,2400,0,5493,125
15:08:27.789,active,15301,752,11536,16788,5,95,63.9,54.9,No,2400,2400,0,5498,125
15:08:28.789,active,15324,522,8006,16786,0,95,63.4,54.5,No,2400,2400,0,5490,125
15:08:29.789,active,15314,534,10860,16786,0,95,63.9,54.6,No,2400,2400,0,5493,125
15:08:30.793,active,15320,506,7774,16786,-3,95,63.4,57.0,No,2400,2400,0,5494,125
15:08:31.790,active,15305,586,11940,16787,0,95,63.4,53.5,No,2400,2400,0,5499,125
15:08:32.789,active,15318,508,7812,16788,0,95,62.8,51.5,No,2400,2400,0,5497,125
15:08:33.789,active,15307,484,11498,16788,0,95,62.8,52.3,No,2400,2400,0,5503,125
15:08:34.791,active,15309,732,11226,16787,0,95,63.4,51.9,No,2400,2400,0,5497,125
15:08:35.793,active,15303,470,12520,16787,3,95,64.5,51.8,No,2400,2400,0,5497,125
15:08:36.789,active,15277,744,11420,16786,0,95,63.4,51.0,No,2400,2400,0,5503,125
15:08:37.790,active,15303,492,7562,16787,0,95,62.8,51.7,No,2400,2400,0,5505,125
15:08:38.790,active,15294,712,10898,16788,0,95,63.4,51.3,No,2400,2400,0,5501,125
15:08:39.789,active,15299,498,7658,16789,3,95,63.4,51.5,No,2400,2400,0,5506,125
15:08:40.789,active,15296,666,6876,16789,0,95,62.8,52.0,No,2400,2400,0,5507,125
15:08:41.792,active,15299,494,7580,16788,4,95,63.4,52.2,No,2400,2400,0,5506,125
15:08:42.789,sleep,15294,496,6832,16789,8,95,59.5,24.2,No,2400,2400,0,5528,125
15:08:43.789,sleep,15296,568,8700,16791,17,95,59.0,0.0,No,2400,2400,0,5550,125
15:08:44.789,sleep,15303,516,7716,16790,20,95,58.4,0.0,No,2400,2400,0,5541,125
15:08:45.789,sleep,15299,544,8334,16790,13,95,57.9,-0.0,No,2400,2400,0,5558,125
15:08:46.789,sleep,15288,510,7792,16790,14,95,56.8,0.0,No,2400,2400,0,5558,125
15:08:47.789,sleep,15290,448,6866,16790,14,95,55.6,-0.0,No,1500,2400,0,5562,125
15:08:48.789,sleep,15292,332,5112,16790,15,95,54.5,0.3,No,1500,2400,0,5559,125
15:08:49.789,sleep,15290,358,5498,16791,14,95,54.5,0.3,No,1500,2400,0,5549,125
15:08:50.789,sleep,15299,388,5940,16790,13,95,54.5,0.0,No,1500,2400,0,5565,125
15:08:51.789,sleep,15299,506,7774,16790,14,95,54.5,0.2,No,1500,2400,0,5098,75
15:08:52.789,sleep,15296,318,4880,16790,18,95,54.0,-0.0,No,1500,2400,0,3639,75
15:08:53.789,sleep,15296,412,6326,16790,16,95,52.9,0.3,No,1500,2400,0,3425,75
15:08:54.789,sleep,15294,344,6578,16791,17,95,52.9,0.0,No,1500,2400,0,3381,75
15:08:55.789,sleep,15299,370,3298,16792,20,95,54.0,0.0,No,1500,2400,0,3365,75
15:08:56.789,sleep,15296,354,5440,16792,17,95,52.9,0.3,No,1500,2400,0,3373,75
15:08:57.793,active,15292,456,11170,16790,11,95,56.2,34.7,No,2400,2400,0,3345,75
15:08:58.790,active,15337,650,9972,16787,0,95,57.9,55.0,No,2400,2400,0,3329,75
15:08:59.790,active,15303,458,12578,16787,0,95,57.3,56.2,No,2400,2400,0,3313,75
15:09:00.789,active,15273,674,10340,16788,0,95,60.0,57.5,No,2400,2400,0,3313,75
15:09:01.790,active,15296,690,10146,16788,0,95,60.6,56.1,No,2400,2400,0,3314,125
15:09:02.793,active,15279,690,10572,16787,-6,95,61.1,57.0,No,2400,2400,0,5195,125
15:09:03.789,active,15275,798,11478,16786,-5,95,60.0,56.0,No,2400,2400,0,5418,125
15:09:04.789,active,15303,656,10050,16786,-4,95,61.7,57.9,No,2400,2400,0,5446,125
15:09:05.794,active,15299,728,11150,16787,-3,95,61.7,59.4,No,2400,2400,0,5439,125
15:09:06.790,active,15296,724,8392,16788,0,95,61.7,57.3,No,2400,2400,0,5434,125
15:09:07.789,active,15299,796,12210,16788,0,95,62.8,59.3,No,2400,2400,0,5445,125
15:09:08.790,active,15290,744,8064,16787,0,95,62.2,57.3,No,2400,2400,0,5426,125
15:09:09.791,active,15296,526,8064,16787,0,95,63.4,57.3,No,2400,2400,0,5427,125
15:09:10.789,active,15335,506,8546,16787,-4,95,63.4,60.2,No,2400,2400,0,5425,125
15:09:11.791,active,15344,430,6616,16788,0,95,63.4,58.8,No,2400,2400,0,5448,125
15:09:12.796,active,15299,694,7466,16788,0,95,63.9,58.8,No,2400,2400,0,5442,125
15:09:13.789,active,15273,884,11072,16788,0,95,62.8,59.1,No,2400,2400,0,5446,125
15:09:14.789,active,15271,784,12018,16788,0,95,63.4,57.4,No,2400,2400,0,5452,125
15:09:15.792,active,15271,914,11536,16789,3,95,63.9,57.3,No,2400,2400,0,5437,125
15:09:16.793,active,15271,704,10802,16788,0,95,63.4,56.5,No,2400,2400,0,5445,125
15:09:17.789,active,15318,756,11420,16787,0,95,63.4,57.5,No,2400,2400,0,5434,125
15:09:18.790,active,15307,714,10938,16787,0,95,63.4,57.3,No,2400,2400,0,5453,125
15:09:19.794,active,15307,794,10918,16787,0,95,63.9,57.7,No,2400,2400,0,5457,125
15:09:20.789,active,15294,762,11690,16786,0,95,62.8,57.1,No,2400,2400,0,5464,125
15:09:21.789,active,15305,732,10186,16789,-3,95,63.4,59.5,No,2400,2400,0,5459,125
15:09:22.793,active,15320,474,11368,16787,-3,95,64.5,59.0,No,2400,2400,0,5461,125
15:09:23.789,active,15307,846,12964,16788,0,95,63.4,58.2,No,2400,2400,0,5462,125
15:09:24.792,active,15268,610,11246,16787,0,95,63.9,58.6,No,2400,2400,0,5467,125
15:09:25.792,active,15311,808,12366,16787,0,95,63.4,58.9,No,2400,2400,0,5476,125
15:09:26.790,active,15264,834,12694,16787,0,95,62.8,59.7,No,2400,2400,0,5465,125
15:09:27.789,active,15275,762,11670,16788,0,95,63.4,59.0,No,2400,2400,0,5483,125
15:09:28.789,active,15271,758,15548,16788,0,95,64.5,59.2,No,2400,2400,0,5477,125
15:09:29.789,active,15283,830,12712,16787,0,95,63.4,58.6,No,2400,2400,0,5476,125
15:09:30.789,active,15262,936,11188,16787,0,95,63.9,57.0,No,2400,2400,0,5481,125
15:09:31.789,active,15344,508,8600,16787,0,95,63.9,54.0,No,2400,2400,0,5478,125
15:09:32.793,active,15352,492,7542,16788,0,95,63.9,54.4,No,2400,2400,0,5487,125
15:09:33.793,active,15337,516,8410,16787,-3,95,63.9,54.3,No,2400,2400,0,5492,125
15:09:34.789,active,15344,516,7928,16787,0,95,62.2,53.8,No,2400,2400,0,5497,125
15:09:35.789,active,15320,520,8044,16787,0,95,63.9,55.0,No,2400,2400,0,5507,125
15:09:36.789,active,15331,502,7696,16786,-3,95,63.4,54.8,No,2400,2400,0,5496,125
15:09:37.789,active,15318,452,8236,16788,0,95,63.4,54.5,No,2400,2400,0,5494,125
15:09:38.789,active,15305,528,8102,16787,-4,95,62.8,54.3,No,2400,2400,0,5506,125
15:09:39.793,active,15316,482,8970,16787,0,95,63.4,56.8,No,2400,2400,0,5507,125
15:09:40.796,active,15299,708,10880,16786,0,95,62.2,53.2,No,2400,2400,0,5505,125
15:09:41.789,active,15305,750,11516,16786,0,95,61.7,53.1,No,2400,2400,0,5494,125
15:09:42.789,active,15301,780,11960,16786,-3,95,62.2,52.1,No,2400,2400,0,5506,125
15:09:43.791,active,15301,672,10320,16787,0,95,62.2,51.9,No,2400,2400,0,5504,125
15:09:44.793,active,15299,748,11458,16788,0,95,65.0,51.4,No,2400,2400,0,5505,125
15:09:45.789,active,15296,706,10822,16788,0,95,63.4,53.0,No,2400,2400,0,5501,125
15:09:46.790,active,15296,758,8044,16787,0,95,62.8,52.8,No,2400,2400,0,5489,125
15:09:47.795,active,15299,704,10784,16787,0,95,63.4,52.4,No,2400,2400,0,5494,125
15:09:48.789,active,15305,646,11130,16788,0,95,62.8,54.4,No,2400,2400,0,5508,125
15:09:49.789,active,15268,854,13078,16788,0,95,63.9,53.0,No,2400,2400,0,5512,125
15:09:50.793,active,15277,770,11786,16787,-5,95,63.4,55.7,No,2400,2400,0,5512,125
15:09:51.789,active,15264,830,12712,16786,-5,95,62.8,53.2,No,2400,2400,0,5514,125
15:09:52.789,active,15258,750,11516,16787,0,95,63.9,54.5,No,2400,2400,0,5509,125
15:09:53.790,active,15260,1024,15664,16787,0,95,62.8,51.8,No,2400,2400,0,5524,125
15:09:54.796,active,15258,764,11728,16787,0,95,62.2,52.3,No,2400,2400,0,5514,125
15:09:55.789,active,15268,862,13194,16788,0,95,63.4,53.9,No,2400,2400,0,5509,125
15:09:56.789,active,15264,738,11342,16788,0,95,62.8,52.2,No,2400,2400,0,5525,125
15:09:57.789,sleep,15299,500,7678,16787,3,95,61.1,27.7,No,2400,2400,0,5549,125
15:09:58.789,sleep,15292,484,7426,16789,12,95,59.0,0.2,No,2400,2400,0,5555,125
15:09:59.789,sleep,15299,486,7156,16789,10,95,59.5,0.0,No,2400,2400,0,5564,125
15:10:00.789,sleep,15299,516,7928,16790,10,95,57.3,0.0,No,2400,2400,0,5559,125
15:10:01.789,sleep,15292,754,8064,16790,15,95,57.9,0.0,No,2400,2400,0,5552,125
15:10:02.789,sleep,15301,468,7176,16791,18,95,56.2,0.3,No,1500,2400,0,5558,125
15:10:03.789,sleep,15294,718,8140,16791,21,95,55.6,0.3,No,1500,2400,0,5573,125
15:10:04.789,sleep,15296,332,5092,16791,18,95,55.1,0.3,No,1500,2400,0,4360,75
15:10:05.789,sleep,15299,724,8352,16791,15,95,54.5,0.0,No,1500,2400,0,3546,75
15:10:06.789,sleep,15305,600,9202,16791,14,95,54.0,-0.0,No,1500,2400,0,3431,75
15:10:07.789,sleep,15296,476,7292,16791,18,95,54.5,0.3,No,1500,2400,0,3395,75
15:10:08.789,sleep,15299,342,7600,16790,13,95,54.0,-0.0,No,1500,2400,0,3395,75
15:10:09.789,sleep,15301,350,5362,16790,13,95,53.5,0.3,No,1500,2400,0,3397,75
15:10:10.789,sleep,15290,290,6520,16791,12,95,52.9,0.0,No,1500,2400,0,3379,75
15:10:11.789,sleep,15296,532,8178,16791,13,95,53.5,0.3,No,1500,2400,0,3388,75
15:10:12.793,active,15299,662,6636,16788,8,95,56.8,31.7,No,2400,2400,0,3351,75
15:10:13.790,active,15305,654,10030,16787,-5,95,57.9,57.5,No,2400,2400,0,3322,75
15:10:14.790,active,15299,584,8294,16786,-6,95,59.0,57.7,No,2400,2400,0,3300,75
15:10:15.789,active,15303,724,11092,16787,-6,95,59.5,58.8,No,2400,2400,0,3806,125
15:10:16.789,active,15264,888,13580,16787,-10,95,60.6,57.7,No,2400,2400,0,5321,125
15:10:17.789,active,15288,738,11324,16786,-8,95,60.6,58.5,No,2400,2400,0,5441,125
15:10:18.789,active,15281,914,13986,16787,-8,95,61.7,59.0,No,2400,2400,0,5436,125
15:10:19.791,active,15279,780,14488,16787,-5,95,61.7,58.4,No,2400,2400,0,5436,125
15:10:20.790,active,15288,756,11574,16786,-5,95,62.2,59.1,No,2400,2400,0,5424,125
15:10:21.790,active,15279,854,11130,16787,-7,95,61.7,57.9,No,2400,2400,0,5445,125
15:10:22.789,active,15273,848,13002,16788,0,95,60.6,55.1,No,2400,2400,0,5432,125
15:10:23.789,active,15307,730,11072,16788,0,95,61.7,52.2,No,2400,2400,0,5437,125
15:10:24.789,active,15301,718,11014,16786,-4,95,61.7,52.2,No,2400,2400,0,5430,125
15:10:25.789,active,15324,646,9916,16787,-3,95,62.2,51.7,No,2400,2400,0,5430,125
15:10:26.790,active,15324,494,10416,16787,0,95,62.8,53.0,No,2400,2400,0,5450,125
15:10:27.790,active,15329,688,10532,16787,3,95,62.2,56.8,No,2400,2400,0,5451,125
15:10:28.792,active,15318,484,11382,16787,-5,95,62.2,57.9,No,2400,2400,0,5431,125
15:10:29.789,active,15333,772,11806,16786,-4,95,62.8,58.2,No,2400,2400,0,5438,125
15:10:30.789,active,15320,462,10996,16786,-4,95,63.4,57.4,No,2400,2400,0,5458,125
15:10:31.792,active,15273,848,13002,16786,0,95,63.4,59.4,No,2400,2400,0,5457,125
15:10:32.789,active,15271,708,11902,16786,-7,95,63.4,58.5,No,2400,2400,0,5452,125
15:10:33.792,active,15260,794,12152,16787,-4,95,63.4,58.7,No,2400,2400,0,5459,125
15:10:34.790,active,15299,760,11652,16788,0,95,62.8,58.5,No,2400,2400,0,5479,125
15:10:35.789,active,15299,732,7792,16788,0,95,62.8,58.7,No,2400,2400,0,5486,125
15:10:36.789,active,15296,752,11536,16787,0,95,62.8,59.1,No,2400,2400,0,5475,125
15:10:37.789,active,15299,766,7176,16786,-3,95,63.4,59.2,No,2400,2400,0,5478,125
15:10:38.789,active,15296,750,11516,16788,0,95,63.4,59.3,No,2400,2400,0,5473,125
15:10:39.789,active,15296,694,7310,16788,0,95,63.4,58.5,No,2400,2400,0,5466,125
15:10:40.791,active,15344,550,8448,16789,0,95,63.9,58.8,No,2400,2400,0,5469,125
15:10:41.793,active,15301,666,7948,16788,0,95,62.8,58.5,No,2400,2400,0,5466,125
15:10:42.794,active,15324,426,6538,16786,0,95,63.4,59.0,No,2400,2400,0,5472,125
15:10:43.789,active,15266,724,11092,16787,-3,95,63.4,58.1,No,2400,2400,0,5484,125
15:10:44.789,active,15281,724,11516,16787,0,95,63.4,57.7,No,2400,2400,0,5488,125
15:10:45.789,active,15275,740,11342,16788,0,95,63.9,55.3,No,2400,2400,0,5496,125
15:10:46.789,active,15305,764,10976,16787,0,95,63.9,54.1,No,2400,2400,0,5484,125
15:10:47.789,active,15303,726,11130,16787,0,95,63.4,54.7,No,2400,2400,0,5487,125
15:10:48.793,active,15299,752,12384,16786,0,95,61.1,56.6,No,2400,2400,0,5483,125
15:10:49.795,active,15303,772,11824,16788,0,95,62.8,58.4,No,2400,2400,0,5505,125
15:10:50.789,active,15277,840,12268,16787,0,95,63.9,54.3,No,2400,2400,0,5517,125
15:10:51.789,active,15303,756,11594,16788,0,95,63.4,53.0,No,2400,2400,0,5498,125
15:10:52.793,active,15305,744,11382,16788,0,95,63.4,54.4,No,2400,2400,0,5498,125
15:10:53.789,active,15273,702,10744,16787,0,95,63.4,54.8,No,2400,2400,0,5484,125
15:10:54.789,active,15303,846,12924,16787,0,95,63.9,53.2,No,2400,2400,0,5483,125
15:10:55.790,active,15245,792,14162,16787,0,95,62.2,51.8,No,2400,2400,0,5501,125
15:10:56.795,active,15311,752,11516,16787,0,95,62.8,55.0,No,2400,2400,0,5498,125
15:10:57.789,active,15245,798,15046,16787,0,95,62.8,53.8,No,2400,2400,0,5490,125
15:10:58.790,active,15268,848,12982,16788,0,95,63.4,52.8,No,2400,2400,0,5510,125
15:10:59.793,active,15262,838,10956,16787,0,95,63.4,53.4,No,2400,2400,0,5519,125
15:11:00.789,active,15277,900,13774,16788,0,95,63.4,55.0,No,2400,2400,0,5489,125
15:11:01.789,active,15314,524,8044,16786,0,95,63.4,52.5,No,2400,2400,0,5492,125
15:11:02.790,active,15354,482,8962,16786,0,95,62.8,53.1,No,2400,2400,0,5504,125
15:11:03.789,active,15352,474,7292,16788,0,95,61.7,51.9,No,2400,2400,0,5508,125
15:11:04.791,active,15322,532,7678,16788,3,95,63.4,54.2,No,2400,2400,0,5499,125
15:11:05.793,active,15311,528,8102,16788,0,95,63.4,52.6,No,2400,2400,0,5503,125
15:11:06.789,active,15318,506,7812,16787,0,95,64.5,52.6,No,2400,2400,0,5498,125
15:11:07.789,active,15344,504,7736,16787,0,95,63.4,52.4,No,2400,2400,0,5515,125
15:11:08.789,active,15311,512,7310,16787,0,95,63.4,52.2,No,2400,2400,0,5515,125
15:11:09.793,active,15305,486,7446,16786,-5,95,62.8,52.0,No,2400,2400,0,5508,125
15:11:10.789,active,15307,716,10976,16787,-4,95,62.8,51.7,No,2400,2400,0,5518,125
15:11:11.789,active,15296,716,11478,16788,0,95,62.2,52.3,No,2400,2400,0,5513,125
15:11:12.789,sleep,15292,452,6944,16788,0,95,60.0,31.5,No,2400,2400,0,5528,125
15:11:13.789,sleep,15296,542,7986,16789,12,95,59.0,-0.0,No,2400,2400,0,5537,125
15:11:14.789,sleep,15301,506,7774,16789,11,95,57.3,0.0,No,2400,2400,0,5550,125
15:11:15.789,sleep,15303,462,7754,16790,11,95,56.8,0.3,No,2400,2400,0,5546,125
15:11:16.789,sleep,15296,522,8006,16790,12,95,56.8,-0.0,No,2400,2400,0,5549,125
15:11:17.789,sleep,15296,448,7870,16790,14,95,55.6,0.0,No,1500,2400,0,5547,125
15:11:18.789,sleep,15292,216,5878,16790,17,95,55.1,-0.0,No,1500,2400,0,5568,125
15:11:19.789,sleep,15301,456,7002,16790,13,95,54.5,0.3,No,1500,2400,0,5546,125
15:11:20.789,sleep,15290,514,7620,16791,13,95,54.5,0.0,No,1500,2400,0,5555,125
15:11:21.789,sleep,15301,332,5112,16792,17,95,54.0,0.2,No,1500,2400,0,4033,75
15:11:22.789,sleep,15288,388,6172,16792,19,95,54.0,0.3,No,1500,2400,0,3483,75
15:11:23.789,sleep,15294,516,7928,16791,19,95,52.9,0.0,No,1500,2400,0,3395,75
15:11:24.789,sleep,15290,440,7388,16791,19,95,52.9,0.5,No,1600,2400,0,3385,75
15:11:25.789,sleep,15294,532,8178,16792,22,95,52.4,0.5,No,1500,2400,0,3389,75
15:11:26.789,sleep,15292,260,6636,16792,21,95,52.4,0.0,No,1500,2400,0,3375,75
15:11:27.789,active,15316,552,6442,16790,14,95,56.2,28.8,No,2400,2400,0,3352,75
15:11:28.789,active,15301,474,7292,16788,0,95,57.3,52.0,No,2400,2400,0,3325,75
15:11:29.792,active,15311,542,7600,16788,0,95,57.3,51.7,No,2400,2400,0,3304,75
15:11:30.793,active,15301,460,7060,16788,0,95,58.4,51.3,No,2400,2400,0,3314,75
15:11:31.789,active,15309,474,9086,16788,0,95,57.9,51.5,No,2400,2400,0,3300,75
15:11:32.789,active,15296,436,6674,16789,0,95,59.5,52.3,No,2400,2400,0,3293,75
15:11:33.789,active,15305,458,12752,16787,0,95,60.0,52.3,No,2400,2400,0,3288,75
15:11:34.793,active,15314,712,10938,16787,0,95,59.5,51.4,No,2400,2400,0,4325,125
15:11:35.789,active,15303,1002,12790,16789,0,95,60.0,51.3,No,2400,2400,0,5338,125
15:11:36.790,active,15296,704,8064,16789,0,95,60.0,51.6,No,2400,2400,0,5406,125
15:11:37.791,active,15301,630,9664,16788,0,95,61.1,51.8,No,2400,2400,0,5418,125
15:11:38.789,active,15292,734,7754,16787,0,95,60.0,52.3,No,2400,2400,0,5409,125
15:11:39.789,active,15348,534,8218,16788,3,95,60.6,52.8,No,2400,2400,0,5403,125
15:11:40.793,active,15296,722,8892,16788,0,95,61.1,53.2,No,2400,2400,0,5398,125
15:11:41.789,active,15354,522,8044,16788,0,95,61.1,54.2,No,2400,2400,0,5407,125
15:11:42.792,active,15294,708,6886,16789,0,95,62.2,55.7,No,2400,2400,0,5404,125
15:11:43.793,active,15294,780,11960,16788,0,95,61.7,59.0,No,2400,2400,0,5405,125
15:11:44.789,active,15354,504,7754,16789,0,95,61.1,58.1,No,2400,2400,0,5418,125
15:11:45.789,active,15262,896,11112,16788,0,95,61.7,57.9,No,2400,2400,0,5416,125
15:11:46.789,active,15266,912,13948,16788,0,95,62.2,59.8,No,2400,2400,0,5416,125
15:11:47.789,active,15279,856,11014,16789,0,95,62.8,58.2,No,2400,2400,0,5424,125
15:11:48.789,active,15290,742,11382,16788,0,95,62.8,58.7,No,2400,2400,0,5436,125
15:11:49.789,active,15266,672,11574,16788,0,95,62.2,57.4,No,2400,2400,0,5426,125
15:11:50.793,active,15277,916,14024,16788,0,95,62.2,59.5,No,2400,2400,0,5441,125
15:11:51.790,active,15264,776,11922,16787,0,95,61.7,59.5,No,2400,2400,0,5439,125
15:11:52.789,active,15307,706,10842,16787,0,95,62.2,58.5,No,2400,2400,0,5442,125
15:11:53.793,active,15277,772,11844,16787,0,95,62.8,59.4,No,2400,2400,0,5443,125
15:11:54.789,active,15314,538,11054,16787,0,95,63.4,57.6,No,2400,2400,0,5442,125
15:11:55.789,active,15271,698,10686,16787,0,95,62.8,55.9,No,2400,2400,0,5447,125
15:11:56.791,active,15307,506,12308,16787,0,95,63.4,54.5,No,2400,2400,0,5446,125
15:11:57.793,active,15262,790,12096,16788,0,95,63.4,54.8,No,2400,2400,0,5454,125
15:11:58.789,active,15309,644,9858,16789,0,95,62.2,58.5,No,2400,2400,0,5450,125
15:11:59.789,active,15256,896,13696,16788,0,95,61.7,54.8,No,2400,2400,0,5449,125
15:12:00.789,active,15307,926,14178,16788,0,95,63.4,53.7,No,2400,2400,0,5464,125
15:12:01.793,active,15262,846,12944,16787,0,95,61.7,51.9,No,2400,2400,0,5458,125
15:12:02.793,active,15279,898,13734,16788,0,95,63.4,51.3,No,2400,2400,0,5445,125
15:12:03.789,active,15301,566,8064,16788,0,95,61.1,51.7,No,2400,2400,0,5462,125
15:12:04.790,active,15352,514,7908,16789,0,95,62.8,53.4,No,2400,2400,0,5467,125
15:12:05.789,active,15301,506,7792,16788,0,95,62.2,55.7,No,2400,2400,0,5468,125
15:12:06.789,active,15337,536,8236,16788,-4,95,62.2,52.2,No,2400,2400,0,5480,125
15:12:07.789,active,15359,520,7986,16787,0,95,62.8,52.5,No,2400,2400,0,5488,125
15:12:08.789,active,15337,480,8668,16786,0,95,63.4,53.7,No,2400,2400,0,5470,125
15:12:09.789,active,15301,516,7928,16787,0,95,63.4,53.4,No,2400,2400,0,5478,125
15:12:10.790,active,15335,534,7466,16787,-4,95,62.2,53.5,No,2400,2400,0,5482,125
15:12:11.793,active,15320,534,8198,16786,-5,95,62.8,52.8,No,2400,2400,0,5474,125
15:12:12.789,active,15286,700,10744,16786,-4,95,61.7,51.8,No,2400,2400,0,5481,125
15:12:13.789,active,15303,684,11282,16787,-3,95,62.8,53.5,No,2400,2400,0,5487,125
15:12:14.789,active,15277,690,10590,16788,0,95,62.8,52.5,No,2400,2400,0,5485,125
15:12:15.790,active,15301,716,11208,16788,0,95,63.4,52.8,No,2400,2400,0,5487,125
15:12:16.790,active,15305,718,11014,16789,0,95,63.4,52.2,No,2400,2400,0,5485,125
15:12:17.793,active,15305,742,11824,16787,0,95,63.4,53.2,No,2400,2400,0,5483,125
15:12:18.790,active,15299,680,10436,16788,0,95,62.2,52.4,No,2400,2400,0,5472,125
15:12:19.789,active,15299,708,7600,16787,0,95,62.8,55.2,No,2400,2400,0,5478,125
15:12:20.791,active,15301,730,11188,16788,0,95,63.4,53.3,No,2400,2400,0,5484,125
15:12:21.789,active,15262,982,15028,16786,-4,95,62.8,54.7,No,2400,2400,0,5484,125
15:12:22.790,active,15243,784,14622,16787,0,95,62.2,52.0,No,2400,2400,0,5490,125
15:12:23.789,active,15264,900,13774,16787,0,95,63.4,51.5,No,2400,2400,0,5491,125
15:12:24.792,active,15251,862,11034,16788,0,95,62.8,51.5,No,2400,2400,0,5489,125
15:12:25.794,active,15266,938,14352,16788,0,95,63.4,56.9,No,2400,2400,0,5487,125
15:12:26.789,active,15260,928,14198,16787,0,95,62.8,57.1,No,2400,2400,0,5481,125
15:12:27.789,sleep,15296,508,7792,16787,0,95,60.6,38.0,No,2400,2400,0,5516,125
15:12:28.789,sleep,15290,496,7600,16790,14,95,59.0,0.0,No,2400,2400,0,5535,125
15:12:29.789,sleep,15301,492,6810,16790,13,95,58.4,-0.0,No,2400,2400,0,5543,125
15:12:30.789,sleep,15299,478,7330,16792,15,95,57.9,0.3,No,2400,2400,0,5542,125
15:12:31.789,sleep,15294,560,7832,16791,12,95,56.8,-0.0,No,2400,2400,0,5540,125
15:12:32.789,sleep,15296,460,7040,16790,9,95,55.6,0.0,No,1500,2400,0,5550,125
15:12:33.789,sleep,15292,484,7426,16789,12,95,55.1,-0.0,No,1500,2400,0,5553,125
15:12:34.789,sleep,15290,412,6308,16790,11,95,54.5,0.0,No,1500,2400,0,5552,75
15:12:35.789,sleep,15301,532,8178,16791,14,95,54.0,0.3,No,1500,2400,0,3777,75
15:12:36.789,sleep,15301,348,5342,16791,17,95,54.0,-0.0,No,1500,2400,0,3436,75
15:12:37.789,sleep,15290,580,8912,16790,15,95,54.0,0.3,No,1500,2400,0,3387,75
15:12:38.789,sleep,15294,316,6038,16791,21,95,53.5,0.0,No,1500,2400,0,3369,75
15:12:39.789,sleep,15292,452,6944,16791,19,95,53.5,-0.0,No,1500,2400,0,3376,75
15:12:40.789,sleep,15296,388,5960,16792,18,95,52.4,0.3,No,1500,2400,0,3364,75
15:12:41.789,sleep,15299,538,8236,16792,19,95,52.4,-0.0,No,1500,2400,0,3363,75
15:12:42.789,active,15299,602,9260,16790,12,95,56.2,25.5,No,2400,2400,0,3350,75
15:12:43.789,active,15296,696,7084,16788,0,95,57.9,57.8,No,2400,2400,0,3303,75
15:12:44.792,active,15303,490,7542,16787,-3,95,59.5,57.5,No,2400,2400,0,3264,75
15:12:45.793,active,15296,584,7504,16787,-3,95,59.0,56.9,No,2400,2400,0,3282,75
15:12:46.790,active,15296,682,10456,16789,0,95,59.5,58.0,No,2400,2400,0,3268,75
15:12:47.789,active,15286,854,13098,16788,-4,95,60.0,58.8,No,2400,2400,0,4902,125
15:12:48.793,active,15281,762,11670,16788,0,95,61.1,57.5,No,2400,2400,0,5381,125
15:12:49.793,active,15273,692,10610,16787,-5,95,61.1,56.6,No,2400,2400,0,5411,125
15:12:50.793,active,15307,728,11786,16787,0,95,61.1,53.7,No,2400,2400,0,5419,125
15:12:51.789,active,15288,806,12346,16788,0,95,61.1,54.1,No,2400,2400,0,5408,125
15:12:52.790,active,15290,872,11054,16787,0,95,61.7,58.0,No,2400,2400,0,5407,125
15:12:53.789,active,15307,720,11054,16787,-5,95,61.7,58.5,No,2400,2400,0,5408,125
15:12:54.789,active,15314,704,11768,16787,-5,95,61.1,58.8,No,2400,2400,0,5416,125
15:12:55.792,active,15307,758,11632,16786,-9,95,62.8,59.3,No,2400,2400,0,5423,125
15:12:56.793,active,15326,720,11034,16786,-6,95,62.2,59.7,No,2400,2400,0,5416,125
15:12:57.789,active,15314,484,12424,16788,0,95,62.2,58.0,No,2400,2400,0,5398,125
15:12:58.793,active,15271,732,11208,16788,-5,95,62.2,59.2,No,2400,2400,0,5424,125
15:12:59.793,active,15314,588,10358,16787,-4,95,61.7,59.3,No,2400,2400,0,5422,125
15:13:00.794,active,15262,728,11150,16786,0,95,62.2,58.9,No,2400,2400,0,5428,125
15:13:01.789,active,15253,776,11882,16785,-4,95,62.8,59.2,No,2400,2400,0,5438,125
15:13:02.793,active,15271,740,11342,16787,-7,95,62.8,58.7,No,2400,2400,0,5448,125
15:13:03.789,active,15258,868,13310,16788,-5,95,62.8,54.8,No,2400,2400,0,5442,125
15:13:04.789,active,15264,954,14604,16787,-4,95,62.2,54.3,No,2400,2400,0,5447,125
15:13:05.791,active,15352,520,8024,16787,0,95,61.7,54.3,No,2400,2400,0,5441,125
15:13:06.794,active,15346,522,8102,16787,0,95,61.1,54.2,No,2400,2400,0,5440,125
15:13:07.789,active,15348,470,7234,16787,-3,95,62.2,54.7,No,2400,2400,0,5457,125
15:13:08.790,active,15350,508,7812,16786,-4,95,62.8,61.8,No,2400,2400,0,5454,125
15:13:09.793,active,15322,490,7522,16787,-4,95,62.8,52.7,No,2400,2400,0,5455,125
15:13:10.789,active,15329,472,7252,16787,0,95,62.8,52.1,No,2400,2400,0,5466,125
15:13:11.789,active,15314,508,7736,16787,0,95,63.4,51.5,No,2400,2400,0,5475,125
15:13:12.789,active,15333,538,8236,16787,0,95,62.2,51.2,No,2400,2400,0,5458,125
15:13:13.790,active,15309,752,11554,16789,0,95,61.7,52.2,No,2400,2400,0,5464,125
15:13:14.789,active,15307,696,10686,16788,0,95,62.2,53.7,No,2400,2400,0,5486,125
15:13:15.789,active,15305,708,10880,16787,-3,95,62.2,53.2,No,2400,2400,0,5469,125
15:13:16.793,active,15303,662,11190,16787,0,95,63.4,53.1,No,2400,2400,0,5474,125
15:13:17.793,active,15303,706,10822,16788,0,95,62.8,53.1,No,2400,2400,0,5466,125
15:13:18.789,active,15303,700,10628,16787,-3,95,62.8,52.5,No,2400,2400,0,5466,125
15:13:19.790,active,15292,708,10880,16787,-3,95,62.8,51.9,No,2400,2400,0,5479,125
15:13:20.794,active,15299,778,6732,16788,-5,95,62.2,53.3,No,2400,2400,0,5475,125
15:13:21.789,active,15301,764,11710,16786,-6,95,62.2,54.7,No,2400,2400,0,5476,125
15:13:22.789,active,15260,796,12192,16786,-3,95,62.8,53.2,No,2400,2400,0,5485,125
15:13:23.789,active,15256,812,12424,16786,-4,95,62.8,56.6,No,2400,2400,0,5480,125
15:13:24.789,active,15245,874,13368,16787,-6,95,63.4,54.0,No,2400,2400,0,5459,125
15:13:25.789,active,15253,886,11750,16787,0,95,62.8,51.3,No,2400,2400,0,5481,125
15:13:26.790,active,15264,804,12308,16787,-5,95,62.2,51.4,No,2400,2400,0,5487,125
15:13:27.793,active,15268,904,12268,16787,-5,95,63.4,53.6,No,2400,2400,0,5470,125
15:13:28.789,active,15256,716,10996,16786,-5,95,62.8,53.3,No,2400,2400,0,5479,125
15:13:29.789,active,15283,752,12250,16788,-3,95,63.4,55.0,No,2400,2400,0,5500,125
15:13:30.789,active,15307,766,11748,16787,0,95,62.8,52.3,No,2400,2400,0,5496,125
15:13:31.789,active,15346,508,7812,16788,-3,95,62.8,51.8,No,2400,2400,0,5477,125
15:13:32.789,active,15335,448,6118,16788,0,95,62.8,53.1,No,2400,2400,0,5485,125
15:13:33.789,active,15335,496,7620,16787,0,95,61.7,56.5,No,2400,2400,0,5471,125
15:13:34.790,active,15326,480,6616,16787,-4,95,62.2,55.9,No,2400,2400,0,5480,125
15:13:35.789,active,15357,532,8178,16787,0,95,62.8,57.2,No,2400,2400,0,5485,125
15:13:36.789,active,15316,480,10956,16787,0,95,63.4,57.5,No,2400,2400,0,5507,125
15:13:37.789,active,15333,484,7446,16786,-8,95,63.4,57.0,No,2400,2400,0,5495,125
15:13:38.789,active,15316,496,10436,16786,-5,95,63.4,56.6,No,2400,2400,0,5482,125
15:13:39.789,active,15305,668,10262,16786,-5,95,62.8,53.4,No,2400,2400,0,5477,125
15:13:40.793,active,15299,716,10996,16786,0,95,63.4,52.4,No,2400,2400,0,5484,125
15:13:41.790,active,15299,736,7832,16789,3,95,61.7,51.1,No,2400,2400,0,5477,125
15:13:42.789,sleep,15296,502,7678,16788,0,95,60.0,37.8,No,2400,2400,0,5492,125
15:13:43.789,sleep,15299,474,8044,16789,9,95,58.4,0.0,No,2400,2400,0,5525,125
15:13:44.789,sleep,15288,534,8178,16789,8,95,57.9,-0.0,No,2400,2400,0,5525,125
15:13:45.789,sleep,15301,514,6250,16789,9,95,57.3,0.3,No,2400,2400,0,5519,125
15:13:46.789,sleep,15299,424,6500,16789,7,95,56.8,-0.0,No,2400,2400,0,5531,125
15:13:47.789,sleep,15288,464,6134,16790,10,95,55.1,0.2,No,1500,2400,0,5549,125
15:13:48.789,sleep,15296,446,6848,16789,14,95,55.1,0.3,No,1500,2400,0,5557,125
15:13:49.789,sleep,15303,488,7484,16791,14,95,54.0,-0.0,No,1500,2400,0,5551,125
15:13:50.789,sleep,15296,354,5266,16790,13,95,53.5,0.2,No,1500,2400,0,5059,75
15:13:51.789,sleep,15296,498,7658,16790,13,95,53.5,0.0,No,1500,2400,0,3623,75
15:13:52.789,sleep,15299,546,4514,16789,12,95,53.5,-0.0,No,1500,2400,0,3403,75
15:13:53.789,sleep,15292,598,9162,16789,10,95,52.9,0.3,No,1500,2400,0,3374,75
15:13:54.789,sleep,15301,444,5612,16791,11,95,52.9,0.0,No,1500,2400,0,3374,75
15:13:55.789,sleep,15292,502,7696,16791,15,95,52.4,0.3,No,1500,2400,0,3373,75
15:13:56.789,sleep,15292,428,8276,16791,17,95,51.8,-0.0,No,1500,2400,0,3368,75
15:13:57.789,active,15294,716,10996,16791,17,95,55.6,23.4,No,2400,2400,0,3345,75
15:13:58.789,active,15331,500,7678,16787,-5,95,57.9,58.2,No,2400,2400,0,3322,75
15:13:59.792,active,15322,480,12442,16786,-5,95,57.9,59.1,No,2400,2400,0,3292,75
15:14:00.792,active,15318,468,7194,16788,0,95,59.0,59.5,No,2400,2400,0,3282,75
15:14:01.794,active,15314,472,12558,16788,0,95,59.0,59.4,No,2400,2400,0,3286,75
15:14:02.789,active,15268,732,11208,16788,-4,95,60.0,59.3,No,2400,2400,0,3277,75
15:14:03.789,active,15314,520,12134,16787,-3,95,60.0,59.0,No,2400,2400,0,5134,125
15:14:04.792,active,15266,876,13406,16787,0,95,60.6,58.9,No,2400,2400,0,5408,125
15:14:05.789,active,15286,600,11112,16787,0,95,60.6,59.7,No,2400,2400,0,5421,125
15:14:06.789,active,15258,740,11304,16788,0,95,61.1,58.5,No,2400,2400,0,5406,125
15:14:07.793,active,15301,730,11188,16788,-3,95,61.1,58.8,No,2400,2400,0,5415,125
15:14:08.793,active,15303,750,7986,16788,-3,95,61.1,60.0,No,2400,2400,0,5394,125
15:14:09.794,active,15296,690,10590,16786,-5,95,60.0,59.3,No,2400,2400,0,5398,125
15:14:10.789,active,15294,726,7466,16786,-7,95,61.7,58.4,No,2400,2400,0,5407,125
15:14:11.793,active,15296,580,8892,16786,-6,95,62.2,58.6,No,2400,2400,0,5413,125
15:14:12.789,active,15301,736,7658,16787,0,95,61.7,59.1,No,2400,2400,0,5406,125
15:14:13.789,active,15326,488,7504,16788,-3,95,61.1,57.9,No,2400,2400,0,5414,125
15:14:14.789,active,15341,502,7234,16788,-3,95,61.1,55.2,No,2400,2400,0,5417,125
15:14:15.790,active,15337,526,8082,16788,0,95,61.1,55.8,No,2400,2400,0,5403,125
15:14:16.789,active,15262,684,10494,16787,-4,95,61.1,54.8,No,2400,2400,0,5420,125
15:14:17.789,active,15277,790,11768,16786,-6,95,60.6,57.2,No,2400,2400,0,5426,125
15:14:18.793,active,15318,722,11092,16785,-8,95,62.2,61.3,No,2400,2400,0,5413,125
15:14:19.789,active,15301,706,11324,16786,-6,95,61.7,52.9,No,2400,2400,0,5434,125
15:14:20.789,active,15303,738,11304,16786,-7,95,61.7,51.2,No,2400,2400,0,5439,125
15:14:21.790,active,15303,740,11632,16786,-4,95,61.7,51.6,No,2400,2400,0,5445,125
15:14:22.790,active,15303,722,11072,16786,-3,95,60.0,51.5,No,2400,2400,0,5458,125
15:14:23.789,active,15303,744,10956,16786,-5,95,60.6,52.2,No,2400,2400,0,5453,125
15:14:24.791,active,15305,662,10146,16787,-5,95,62.2,53.1,No,2400,2400,0,5461,125
15:14:25.792,active,15258,744,11382,16787,-4,95,62.2,53.6,No,2400,2400,0,5440,125
15:14:26.793,active,15309,502,12308,16787,-4,95,62.8,54.8,No,2400,2400,0,5446,125
15:14:27.789,active,15247,820,12538,16786,-3,95,61.7,51.9,No,2400,2400,0,5444,125
15:14:28.790,active,15260,780,12268,16785,-6,95,62.2,54.6,No,2400,2400,0,5443,125
15:14:29.795,active,15262,852,13040,16785,-3,95,61.1,56.2,No,2400,2400,0,5461,125
15:14:30.789,active,15268,694,11014,16788,0,95,62.2,55.2,No,2400,2400,0,5475,125
15:14:31.789,active,15258,842,12866,16788,0,95,61.7,55.3,No,2400,2400,0,5484,125
15:14:32.792,active,15258,784,11998,16788,-3,95,62.2,56.0,No,2400,2400,0,5462,125
15:14:33.793,active,15266,998,15258,16786,-5,95,61.7,54.2,No,2400,2400,0,5457,125
15:14:34.789,active,15324,504,7736,16787,0,95,62.2,51.8,No,2400,2400,0,5464,125
15:14:35.790,active,15352,504,7736,16787,0,95,62.2,54.7,No,2400,2400,0,5468,125
15:14:36.791,active,15337,460,7080,16787,-4,95,62.2,52.6,No,2400,2400,0,5473,125
15:14:37.789,active,15303,510,7736,16786,-5,95,62.2,54.6,No,2400,2400,0,5483,125
15:14:38.789,active,15311,520,7986,16787,-4,95,61.7,51.9,No,2400,2400,0,5479,125
15:14:39.790,active,15311,516,7928,16788,0,95,61.1,52.5,No,2400,2400,0,5478,125
15:14:40.793,active,15309,484,7426,16787,0,95,62.8,51.3,No,2400,2400,0,5500,125
15:14:41.789,active,15311,494,7580,16788,0,95,61.7,51.5,No,2400,2400,0,5481,125
15:14:42.790,active,15307,528,8102,16787,0,95,61.1,51.3,No,2400,2400,0,5488,125
15:14:43.794,active,15299,772,11824,16787,0,95,61.1,52.0,No,2400,2400,0,5474,125
15:14:44.789,active,15301,684,11188,16789,6,95,61.1,52.5,No,2400,2400,0,5499,125
15:14:45.790,active,15277,772,11806,16789,5,95,62.8,55.6,No,2400,2400,0,5480,125
15:14:46.790,active,15311,720,10686,16788,0,95,62.2,55.8,No,2400,2400,0,5484,125
15:14:47.789,active,15299,752,11536,16788,3,95,62.2,56.8,No,2400,2400,0,5481,125
15:14:48.791,active,15271,724,11092,16788,5,95,62.8,57.5,No,2400,2400,0,5494,125
15:14:49.796,active,15303,718,11034,16788,0,95,63.4,57.4,No,2400,2400,0,5477,125
15:14:50.790,active,15301,750,11498,16787,0,95,62.8,59.6,No,2400,2400,0,5486,125
15:14:51.789,active,15303,726,11150,16789,4,95,63.9,57.7,No,2400,2400,0,5492,125
15:14:52.792,active,15281,750,11498,16789,5,95,62.8,58.7,No,2400,2400,0,5479,125
15:14:53.791,active,15264,686,12076,16788,0,95,63.9,58.3,No,2400,2400,0,5475,125
15:14:54.789,active,15279,782,11980,16788,0,95,62.8,58.1,No,2400,2400,0,5484,125
15:14:55.790,active,15271,988,12250,16787,0,95,62.8,57.6,No,2400,2400,0,5478,125
15:14:56.790,active,15268,916,14024,16787,0,95,63.4,58.9,No,2400,2400,0,5485,125
15:14:57.789,sleep,15296,464,7118,16787,0,95,60.6,46.4,No,2400,2400,0,5498,125
15:14:58.789,sleep,15294,502,7696,16791,11,95,58.4,-0.0,No,2400,2400,0,5528,125
15:14:59.789,sleep,15294,576,8834,16791,12,95,57.9,0.0,No,2400,2400,0,5546,125
15:15:00.789,sleep,15299,534,6918,16790,13,95,57.3,0.0,No,2400,2400,0,5528,125
15:15:01.789,sleep,15299,470,7214,16790,11,95,56.2,0.0,No,2400,2400,0,5519,125
15:15:02.789,sleep,15292,362,6924,16789,10,95,56.2,0.3,No,1500,2400,0,5533,125
15:15:03.789,sleep,15292,476,7310,16791,15,95,54.5,0.0,No,1500,2400,0,4303,75
15:15:04.789,sleep,15294,526,8064,16791,14,95,53.5,0.3,No,1500,2400,0,3516,75
15:15:05.789,sleep,15301,526,8082,16791,15,95,53.5,-0.0,No,1500,2400,0,3400,75
15:15:06.789,sleep,15301,274,4204,16790,12,95,52.9,0.3,No,1500,2400,0,3372,75
15:15:07.789,sleep,15299,506,7774,16790,11,95,52.9,-0.0,No,1500,2400,0,3359,75
15:15:08.789,sleep,15288,580,8912,16790,14,95,52.9,0.0,No,1500,2400,0,3353,75
15:15:09.789,sleep,15294,572,9526,16791,14,95,52.4,0.3,No,1500,2400,0,3354,75
15:15:10.789,sleep,15294,434,6654,16790,13,95,51.8,-0.0,No,1500,2400,0,3350,75
15:15:11.789,sleep,15296,370,6154,16790,14,95,51.8,0.3,No,1500,2400,0,3340,75
15:15:12.789,active,15303,666,10224,16790,13,95,54.0,18.5,No,2400,2400,0,3326,75
15:15:13.789,active,15301,658,10108,16787,-6,95,57.3,58.8,No,2400,2400,0,3293,75
15:15:14.789,active,15307,694,10668,16785,-9,95,58.4,58.3,No,2400,2400,0,3274,75
15:15:15.792,active,15303,688,10552,16787,-8,95,58.4,58.3,No,2400,2400,0,3264,75
15:15:16.790,active,15301,686,10514,16786,-7,95,58.4,59.0,No,2400,2400,0,3263,75
15:15:17.790,active,15299,718,11014,16788,-3,95,58.4,58.8,No,2400,2400,0,3256,75
15:15:18.789,active,15303,694,10668,16787,-3,95,59.0,58.6,No,2400,2400,0,3246,75
15:15:19.789,active,15283,802,12308,16787,-5,95,60.0,59.7,No,2400,2400,0,3236,75
15:15:20.789,active,15258,834,10282,16786,-8,95,59.5,54.8,No,2400,2400,0,3329,125
15:15:21.789,active,15264,996,15240,16787,-6,95,60.0,54.7,No,2400,2400,0,5186,125
15:15:22.789,active,15256,878,10514,16787,-5,95,60.0,54.1,No,2400,2400,0,5357,125
15:15:23.794,active,15296,756,11612,16787,-5,95,60.0,55.5,No,2400,2400,0,5358,125
15:15:24.796,active,15260,962,11092,16786,-7,95,59.5,56.9,No,2400,2400,0,5372,125
15:15:25.789,active,15305,694,10648,16787,-4,95,59.5,54.3,No,2400,2400,0,5360,125
15:15:26.789,active,15260,664,11612,16786,-5,95,60.0,55.7,No,2400,2400,0,5375,125
15:15:27.793,active,15316,724,11112,16786,-6,95,60.6,58.0,No,2400,2400,0,5377,125
15:15:28.793,active,15331,592,9086,16785,-10,95,60.0,55.5,No,2400,2400,0,5362,125
15:15:29.789,active,15311,546,5980,16787,-6,95,60.6,51.4,No,2400,2400,0,5359,125
15:15:30.793,active,15333,494,7580,16787,-3,95,60.6,53.0,No,2400,2400,0,5380,125
15:15:31.790,active,15311,422,9858,16786,-3,95,60.0,54.9,No,2400,2400,0,5386,125
15:15:32.789,active,15333,498,7638,16787,-8,95,61.1,55.2,No,2400,2400,0,5385,125
15:15:33.789,active,15309,486,8352,16786,-8,95,60.6,56.3,No,2400,2400,0,5393,125
15:15:34.789,active,15314,522,8024,16785,-10,95,61.7,54.5,No,2400,2400,0,5397,125
15:15:35.789,active,15316,490,10590,16786,-8,95,61.1,54.8,No,2400,2400,0,5401,125
15:15:36.789,active,15279,606,9278,16786,-10,95,61.7,54.0,No,2400,2400,0,5416,125
15:15:37.793,active,15314,452,12038,16786,-11,95,61.1,53.0,No,2400,2400,0,5409,125
15:15:38.792,active,15301,734,11266,16785,-10,95,60.6,53.0,No,2400,2400,0,5406,125
15:15:39.789,active,15305,736,11284,16786,-8,95,61.1,56.3,No,2400,2400,0,5408,125
15:15:40.789,active,15305,734,11266,16786,-6,95,61.7,57.0,No,2400,2400,0,5417,125
15:15:41.790,active,15301,730,11208,16785,-3,95,61.1,55.0,No,2400,2400,0,5426,125
15:15:42.789,active,15299,716,7648,16786,0,95,60.6,51.4,No,2400,2400,0,5419,125
15:15:43.792,active,15299,660,10128,16786,-3,95,61.1,51.5,No,2400,2400,0,5423,125
15:15:44.790,active,15303,744,8140,16787,0,95,60.6,51.0,No,2400,2400,0,5435,125
15:15:45.792,active,15344,512,7870,16788,-3,95,60.6,51.6,No,2400,2400,0,5449,125
15:15:46.789,active,15234,904,13850,16788,0,95,61.1,51.9,No,2400,2400,0,5452,125
15:15:47.789,active,15260,846,12944,16787,-3,95,61.1,52.3,No,2400,2400,0,5446,125
15:15:48.789,active,15253,816,12500,16785,-6,95,61.1,52.0,No,2400,2400,0,5442,125
15:15:49.789,active,15266,904,10760,16785,-5,95,62.2,51.5,No,2400,2400,0,5446,125
15:15:50.791,active,15253,766,11748,16786,0,95,61.1,51.4,No,2400,2400,0,5453,125
15:15:51.793,active,15275,890,10744,16787,0,95,61.1,51.4,No,2400,2400,0,5448,125
15:15:52.794,active,15262,704,10802,16786,-4,95,61.1,51.8,No,2400,2400,0,5462,125
15:15:53.789,active,15262,924,11072,16787,-3,95,60.6,56.2,No,2400,2400,0,5433,125
15:15:54.793,active,15275,952,14564,16786,0,95,62.2,56.1,No,2400,2400,0,5437,125
15:15:55.793,active,15275,992,10744,16786,0,95,61.7,56.7,No,2400,2400,0,5462,125
15:15:56.789,active,15333,482,8688,16786,-4,95,61.7,56.8,No,2400,2400,0,5468,125
15:15:57.790,active,15335,486,7484,16787,-3,95,62.2,56.5,No,2400,2400,0,5459,125
15:15:58.790,active,15326,508,11922,16786,-5,95,62.2,57.6,No,2400,2400,0,5480,125
15:15:59.789,active,15324,448,6886,16785,0,95,61.1,56.3,No,2400,2400,0,5480,125
15:16:00.789,active,15324,486,10282,16787,0,95,61.7,57.0,No,2400,2400,0,5469,125
15:16:01.791,active,15318,514,7890,16786,-3,95,62.2,57.9,No,2400,2400,0,5449,125
15:16:02.789,active,15314,542,10224,16786,0,95,62.2,57.2,No,2400,2400,0,5463,125
15:16:03.789,active,15320,562,8622,16788,0,95,62.2,58.2,No,2400,2400,0,5468,125
15:16:04.790,active,15311,500,10282,16787,0,95,61.7,58.5,No,2400,2400,0,5449,125
15:16:05.790,active,15311,730,11594,16787,0,95,62.2,58.7,No,2400,2400,0,5474,125
15:16:06.789,active,15320,748,11478,16786,0,95,61.7,58.8,No,2400,2400,0,5467,125
15:16:07.789,active,15305,700,11208,16787,-4,95,62.8,58.8,No,2400,2400,0,5467,125
15:16:08.789,active,15305,690,10590,16787,-7,95,62.8,58.8,No,2400,2400,0,5470,125
15:16:09.789,active,15299,730,10784,16787,-6,95,61.7,58.4,No,2400,2400,0,5458,125
15:16:10.791,active,15299,760,11652,16786,-7,95,62.8,58.7,No,2400,2400,0,5444,125
15:16:11.792,active,15305,680,11980,16786,0,95,62.8,57.5,No,2400,2400,0,5449,125
15:16:12.789,sleep,15299,460,7040,16787,0,95,60.6,49.9,No,2400,2400,0,5462,125
15:16:13.789,sleep,15296,518,7948,16791,14,95,57.9,-0.0,No,2400,2400,0,5505,125
15:16:14.789,sleep,15292,564,7774,16791,16,95,57.9,0.0,No,2400,2400,0,5523,125
15:16:15.789,sleep,15301,508,7812,16791,16,95,56.8,0.2,No,2400,2400,0,5525,125
15:16:16.789,sleep,15290,424,8218,16791,14,95,56.2,0.0,No,2400,2400,0,5516,125
15:16:17.789,sleep,15294,528,8102,16790,15,95,55.1,0.3,No,1500,2400,0,5523,125
15:16:18.789,sleep,15292,472,6366,16789,16,95,54.5,0.0,No,1500,2400,0,3946,75
15:16:19.789,sleep,15294,608,9318,16791,19,95,54.0,0.3,No,1500,2400,0,3436,75
15:16:20.789,sleep,15296,274,7310,16791,18,95,52.9,0.2,No,1500,2400,0,3342,75
15:16:21.789,sleep,15294,518,7948,16792,17,95,52.9,0.3,No,1500,2400,0,3338,75
15:16:22.789,sleep,15294,458,7022,16791,19,95,52.4,0.0,No,1500,2400,0,3348,75
15:16:23.789,sleep,15296,616,4726,16791,18,95,52.4,0.0,No,1500,2400,0,3331,75
15:16:24.789,sleep,15299,344,5286,16790,17,95,51.2,0.2,No,1500,2400,0,3343,75
15:16:25.789,sleep,15296,292,9780,16790,15,95,51.8,0.0,No,1500,2400,0,3332,75
15:16:26.789,sleep,15296,580,8912,16790,12,95,51.2,0.0,No,1500,2400,0,3324,75
15:16:27.789,active,15279,644,11304,16790,10,95,52.9,14.8,No,2400,2400,0,3311,75
15:16:28.789,active,15294,648,9934,16787,-5,95,55.6,55.4,No,2400,2400,0,3282,75
15:16:29.793,active,15307,722,9702,16786,-5,95,57.3,58.7,No,2400,2400,0,3278,75
15:16:30.789,active,15266,674,10340,16787,-5,95,58.4,58.9,No,2400,2400,0,3259,75
15:16:31.796,active,15314,688,10532,16787,-4,95,59.0,58.9,No,2400,2400,0,3260,75
15:16:32.793,active,15305,674,6924,16788,0,95,59.0,58.5,No,2400,2400,0,3246,75
15:16:33.796,active,15303,686,10532,16788,-5,95,58.4,58.6,No,2400,2400,0,3240,75
15:16:34.789,active,15303,662,8294,16787,-7,95,59.0,56.2,No,2400,2400,0,3228,75
15:16:35.789,active,15354,448,6906,16786,-9,95,59.5,55.2,No,2400,2400,0,3226,75
15:16:36.793,active,15305,722,7060,16785,-7,95,60.0,54.8,No,2400,2400,0,4078,125
15:16:37.789,active,15350,444,6828,16785,-6,95,60.6,57.2,No,2400,2400,0,5242,125
15:16:38.789,active,15301,704,8024,16785,-7,95,60.6,55.7,No,2400,2400,0,5323,125
15:16:39.790,active,15335,556,8546,16787,-6,95,59.5,54.2,No,2400,2400,0,5320,125
15:16:40.789,active,15299,522,8024,16787,-6,95,60.6,51.0,No,2400,2400,0,5346,125
15:16:41.789,active,15264,926,10918,16787,-6,95,60.0,52.2,No,2400,2400,0,5346,125
15:16:42.789,active,15296,708,10880,16785,-8,95,60.6,52.0,No,2400,2400,0,5355,125
15:16:43.793,active,15281,904,10514,16786,-8,95,60.6,52.3,No,2400,2400,0,5344,125
15:16:44.793,active,15305,644,9896,16785,-9,95,60.6,51.4,No,2400,2400,0,5362,125
15:16:45.789,active,15294,698,11170,16785,-9,95,61.7,51.3,No,2400,2400,0,5361,125
15:16:46.793,active,15316,742,11382,16786,-5,95,61.1,51.5,No,2400,2400,0,5360,125
15:16:47.789,active,15294,752,10474,16786,-6,95,60.0,53.7,No,2400,2400,0,5367,125
15:16:48.792,active,15307,680,10436,16785,-9,95,61.7,55.8,No,2400,2400,0,5368,125
15:16:49.789,active,15275,702,10764,16785,-8,95,61.1,53.4,No,2400,2400,0,5376,125
15:16:50.789,active,15307,506,10456,16785,-10,95,61.1,53.5,No,2400,2400,0,5373,125
15:16:51.789,active,15305,544,8352,16785,-7,95,61.1,51.3,No,2400,2400,0,5386,125
15:16:52.791,active,15309,472,13734,16786,-7,95,61.1,51.8,No,2400,2400,0,5394,125
15:16:53.793,active,15307,492,7542,16787,0,95,60.6,51.3,No,2400,2400,0,5393,125
15:16:54.789,active,15303,496,12384,16786,-3,95,60.0,51.2,No,2400,2400,0,5400,125
15:16:55.789,active,15264,660,10088,16785,-5,95,60.6,52.7,No,2400,2400,0,5406,125
15:16:56.789,active,15305,918,14044,16785,-4,95,61.1,52.7,No,2400,2400,0,5406,125
15:16:57.789,active,15238,786,11998,16787,0,95,61.7,52.2,No,2400,2400,0,5405,125
15:16:58.789,active,15307,710,10860,16787,-3,95,61.1,51.3,No,2400,2400,0,5427,125
15:16:59.790,active,15299,716,7388,16788,0,95,61.7,53.2,No,2400,2400,0,5420,125
15:17:00.794,active,15299,736,11284,16787,-3,95,61.7,54.8,No,2400,2400,0,5414,125
15:17:01.789,active,15299,722,8816,16788,0,95,60.6,54.4,No,2400,2400,0,5419,125
15:17:02.789,active,15294,728,11170,16785,-4,95,61.1,54.3,No,2400,2400,0,5436,125
15:17:03.789,active,15299,452,7850,16786,-3,95,62.2,56.2,No,2400,2400,0,5434,125
15:17:04.789,active,15301,724,11092,16787,0,95,62.2,55.2,No,2400,2400,0,5432,125
15:17:05.789,active,15299,516,7948,16786,0,95,61.7,56.4,No,2400,2400,0,5437,125
15:17:06.791,active,15344,460,7080,16787,0,95,62.2,56.2,No,2400,2400,0,5436,125
15:17:07.794,active,15303,514,7890,16787,0,95,61.7,56.0,No,2400,2400,0,5418,125
15:17:08.789,active,15273,950,10416,16786,0,95,62.2,59.4,No,2400,2400,0,5437,125
15:17:09.789,active,15290,766,11748,16787,-3,95,61.7,56.5,No,2400,2400,0,5438,125
15:17:10.789,active,15281,856,10532,16786,0,95,62.2,56.5,No,2400,2400,0,5440,125
15:17:11.789,active,15273,880,13484,16786,-3,95,62.8,56.7,No,2400,2400,0,5439,125
15:17:12.789,active,15277,840,10456,16786,-4,95,62.2,57.9,No,2400,2400,0,5452,125
15:17:13.792,active,15283,736,11284,16786,0,95,61.7,58.1,No,2400,2400,0,5444,125
15:17:14.790,active,15275,694,10070,16786,-3,95,62.2,58.6,No,2400,2400,0,5447,125
15:17:15.789,active,15320,788,12096,16786,0,95,61.7,57.9,No,2400,2400,0,5446,125
15:17:16.789,active,15314,788,12096,16787,-4,95,62.8,59.1,No,2400,2400,0,5453,125
15:17:17.793,active,15305,736,11284,16788,-3,95,62.8,59.1,No,2400,2400,0,5459,125
15:17:18.789,active,15296,638,9780,16787,0,95,63.4,58.1,No,2400,2400,0,5454,125
15:17:19.789,active,15329,480,9858,16788,0,95,62.8,58.8,No,2400,2400,0,5459,125
15:17:20.789,active,15275,654,10012,16787,0,95,62.8,58.0,No,2400,2400,0,5459,125
15:17:21.790,active,15324,718,12018,16786,0,95,62.2,58.5,No,2400,2400,0,5465,125
15:17:22.789,active,15260,704,10764,16786,-3,95,63.4,58.2,No,2400,2400,0,5461,125
15:17:23.789,active,15273,760,11284,16787,-3,95,63.4,58.1,No,2400,2400,0,5480,125
15:17:24.789,active,15271,798,12230,16788,0,95,63.4,58.7,No,2400,2400,0,5463,125
15:17:25.789,active,15264,664,11362,16786,0,95,63.4,58.5,No,2400,2400,0,5443,125
15:17:26.792,active,15286,684,10494,16785,-4,95,62.8,57.5,No,2400,2400,0,5453,125
15:17:27.789,sleep,15303,714,10938,16786,-4,95,60.6,52.8,No,2400,2400,0,5458,125
15:17:28.789,sleep,15301,498,6982,16789,12,95,59.0,0.0,No,2400,2400,0,5505,125
15:17:29.789,sleep,15305,546,8392,16789,7,95,58.4,0.0,No,2400,2400,0,5513,125
15:17:30.789,sleep,15307,506,7234,16790,8,95,56.8,-0.0,No,2400,2400,0,5500,125
15:17:31.789,sleep,15299,504,7716,16790,13,95,56.2,0.3,No,2400,2400,0,5522,125
15:17:32.789,sleep,15303,438,5940,16788,8,95,56.2,0.3,No,1500,2400,0,5527,125
15:17:33.789,sleep,15296,358,5498,16790,15,95,54.5,-0.0,No,1500,2400,0,5533,75
15:17:34.789,sleep,15296,484,7214,16791,15,95,54.0,0.0,No,1500,2400,0,3741,75
15:17:35.789,sleep,15299,432,5922,16790,15,95,53.5,0.5,No,1500,2400,0,3416,75
15:17:36.789,sleep,15301,330,5054,16790,15,95,54.0,0.0,No,1500,2400,0,3374,75
15:17:37.789,sleep,15299,484,5536,16790,18,95,52.9,0.3,No,1500,2400,0,3370,75
15:17:38.789,sleep,15294,526,8044,16790,12,95,52.4,-0.0,No,1500,2400,0,3363,75
15:17:39.789,sleep,15292,218,4880,16790,10,95,51.8,0.0,No,1500,2400,0,3352,75
15:17:40.789,sleep,15296,424,6500,16789,8,95,51.8,0.2,No,1500,2400,0,3355,75
15:17:41.789,sleep,15301,488,6442,16789,10,95,51.8,0.0,No,1500,2400,0,3350,75
15:17:42.790,active,15299,584,8950,16789,10,95,54.0,11.5,No,2400,2400,0,3350,75
15:17:43.789,active,15305,700,10128,16786,-9,95,55.6,57.9,No,2400,2400,0,3295,75
15:17:44.789,active,15316,448,10088,16788,-6,95,57.3,57.4,No,2400,2400,0,3290,75
15:17:45.789,active,15309,760,11594,16788,-6,95,57.9,54.8,No,2400,2400,0,3286,75
15:17:46.789,active,15303,590,10648,16787,-4,95,58.4,54.1,No,2400,2400,0,3263,75
15:17:47.791,active,15305,774,11824,16787,-5,95,58.4,56.1,No,2400,2400,0,3256,75
15:17:48.793,active,15249,648,12924,16786,-3,95,60.0,57.3,No,2400,2400,0,3253,75
15:17:49.789,active,15256,908,13890,16786,0,95,58.4,53.4,No,2400,2400,0,3233,75
15:17:50.789,active,15256,714,13580,16787,-3,95,59.5,52.0,No,2400,2400,0,3226,75
15:17:51.789,active,15258,884,13542,16787,0,95,60.0,52.2,No,2400,2400,0,4697,125
15:17:52.793,active,15277,870,12808,16787,-4,95,60.0,52.9,No,2400,2400,0,5331,125
15:17:53.789,active,15359,874,13388,16787,0,95,60.6,52.5,No,2400,2400,0,5365,125
15:17:54.789,active,15303,492,7580,16786,-3,95,60.6,54.8,No,2400,2400,0,5363,125
15:17:55.790,active,15354,466,7522,16786,-5,95,60.6,51.6,No,2400,2400,0,5360,125
15:17:56.789,active,15361,492,7580,16786,-3,95,61.1,54.6,No,2400,2400,0,5372,125
15:17:57.789,active,15344,534,7620,16788,-4,95,60.0,53.0,No,2400,2400,0,5365,125
15:17:58.789,active,15326,508,7792,16787,0,95,61.7,54.2,No,2400,2400,0,5368,125
15:17:59.789,active,15331,480,8218,16786,0,95,61.1,54.4,No,2400,2400,0,5367,125
15:18:00.793,active,15316,482,7408,16786,-4,95,61.7,53.4,No,2400,2400,0,5377,125
15:18:01.790,active,15331,496,7620,16786,-3,95,61.1,52.7,No,2400,2400,0,5382,125
15:18:02.790,active,15305,504,7754,16785,-5,95,60.6,54.9,No,2400,2400,0,5385,125
15:18:03.789,active,15305,748,11478,16787,0,95,61.1,54.1,No,2400,2400,0,5388,125
15:18:04.789,active,15301,714,11324,16786,-3,95,61.1,53.5,No,2400,2400,0,5392,125
15:18:05.789,active,15303,736,11284,16785,-4,95,61.7,52.3,No,2400,2400,0,5380,125
15:18:06.793,active,15303,678,10398,16785,0,95,61.7,51.8,No,2400,2400,0,5398,125
15:18:07.789,active,15292,718,10996,16787,0,95,62.2,51.3,No,2400,2400,0,5411,125
15:18:08.789,active,15299,666,10204,16787,0,95,60.6,51.4,No,2400,2400,0,5432,125
15:18:09.794,active,15303,744,11420,16787,-4,95,61.1,53.6,No,2400,2400,0,5415,125
15:18:10.789,active,15301,750,11498,16787,-3,95,61.1,53.1,No,2400,2400,0,5414,125
15:18:11.789,active,15279,712,10918,16787,0,95,62.2,56.3,No,2400,2400,0,5418,125
15:18:12.793,active,15266,756,11594,16787,0,95,61.7,55.5,No,2400,2400,0,5418,125
15:18:13.789,active,15260,1004,11980,16787,-3,95,61.7,56.2,No,2400,2400,0,5422,125
15:18:14.790,active,15268,694,10610,16787,0,95,62.8,56.6,No,2400,2400,0,5425,125
15:18:15.791,active,15281,910,13928,16786,-12,95,62.8,57.5,No,2400,2400,0,5436,125
15:18:16.789,active,15273,774,11864,16786,-3,95,61.7,56.8,No,2400,2400,0,5438,125
15:18:17.789,active,15271,928,14198,16787,0,95,61.7,56.6,No,2400,2400,0,5441,125
15:18:18.789,active,15275,774,11608,16787,0,95,61.7,58.4,No,2400,2400,0,5448,125
15:18:19.793,active,15262,786,12038,16786,-3,95,62.8,57.3,No,2400,2400,0,5447,125
15:18:20.789,active,15303,310,11960,16786,0,95,62.2,56.7,No,2400,2400,0,5455,125
15:18:21.790,active,15335,486,7484,16786,0,95,62.8,57.3,No,2400,2400,0,5437,125
15:18:22.789,active,15352,428,6596,16786,0,95,62.8,58.3,No,2400,2400,0,5446,125
15:18:23.790,active,15333,500,7696,16786,-4,95,62.2,58.1,No,2400,2400,0,5453,125
15:18:24.789,active,15352,506,7792,16787,0,95,63.4,59.7,No,2400,2400,0,5453,125
15:18:25.793,active,15333,458,7296,16787,0,95,63.9,59.0,No,2400,2400,0,5453,125
15:18:26.789,active,15346,462,7098,16786,0,95,62.8,57.7,No,2400,2400,0,5470,125
15:18:27.789,active,15324,490,9452,16787,0,95,63.4,57.8,No,2400,2400,0,5468,125
15:18:28.789,active,15329,514,7870,16786,0,95,63.4,58.1,No,2400,2400,0,5468,125
15:18:29.792,active,15318,514,11382,16788,0,95,62.8,57.8,No,2400,2400,0,5465,125
15:18:30.790,active,15309,772,11844,16788,-3,95,61.7,57.2,No,2400,2400,0,5471,125
15:18:31.789,active,15299,762,11690,16788,0,95,61.7,58.1,No,2400,2400,0,5467,125
15:18:32.793,active,15307,742,10632,16787,0,95,62.8,57.8,No,2400,2400,0,5464,125
15:18:33.791,active,15311,798,12250,16787,3,95,63.4,58.7,No,2400,2400,0,5468,125
15:18:34.791,active,15303,768,11652,16787,0,95,63.4,56.5,No,2400,2400,0,5472,125
15:18:35.789,active,15301,718,11014,16788,0,95,64.5,57.5,No,2400,2400,0,5475,125
15:18:36.790,active,15301,802,11226,16789,0,95,63.9,58.2,No,2400,2400,0,5476,125
15:18:37.789,active,15294,754,11554,16788,0,95,62.8,56.8,No,2400,2400,0,5480,125
15:18:38.789,active,15258,718,11014,16788,0,95,62.2,57.1,No,2400,2400,0,5488,125
15:18:39.791,active,15286,766,15548,16786,0,95,62.8,57.2,No,2400,2400,0,5481,125
15:18:40.793,active,15268,810,12424,16787,3,95,63.9,58.6,No,2400,2400,0,5475,125
15:18:41.789,active,15281,756,14912,16787,0,95,62.8,58.7,No,2400,2400,0,5481,125
15:18:42.789,sleep,15268,906,13870,16786,-6,95,62.2,57.1,No,2400,2400,0,5482,125
15:18:43.789,sleep,15296,488,7696,16790,11,95,59.0,0.5,No,2400,2400,0,5529,125
15:18:44.789,sleep,15299,400,6154,16789,11,95,57.9,0.0,No,2400,2400,0,5533,125
15:18:45.789,sleep,15301,466,7156,16788,10,95,57.3,0.0,No,2400,2400,0,5535,125
15:18:46.789,sleep,15303,552,8468,16789,12,95,56.2,0.2,No,2400,2400,0,5541,125
15:18:47.789,sleep,15301,488,7484,16791,11,95,56.8,-0.0,No,2400,2400,0,5538,125
15:18:48.789,sleep,15299,490,5940,16791,12,95,55.1,0.3,No,1500,2400,0,5547,125
15:18:49.789,sleep,15296,494,7562,16791,12,95,54.5,0.0,No,1500,2400,0,5021,75
15:18:50.789,sleep,15294,280,4302,16791,14,95,54.0,0.0,No,1500,2400,0,3612,75
15:18:51.789,sleep,15294,484,7408,16790,13,95,54.0,0.3,No,1500,2400,0,3398,75
15:18:52.789,sleep,15294,388,5960,16789,14,95,52.9,0.3,No,1500,2400,0,3377,75
15:18:53.789,sleep,15303,336,5170,16790,12,95,52.4,0.0,No,1500,2400,0,3364,75
15:18:54.789,sleep,15292,236,3626,16791,14,95,52.9,0.3,No,1500,2400,0,3371,75
15:18:55.789,sleep,15296,554,5672,16791,15,95,54.0,-0.0,No,1500,2400,0,3355,75
15:18:56.789,sleep,15296,384,5884,16790,15,95,51.2,0.0,No,1500,2400,0,3346,75
15:18:57.793,active,15301,298,4572,16790,16,95,52.9,6.7,No,1500,2400,0,3342,75
15:18:58.789,active,15303,644,9876,16786,-4,95,55.6,59.1,No,2400,2400,0,3315,75
15:18:59.789,active,15303,458,7040,16786,-6,95,56.8,52.0,No,2400,2400,0,3307,75
15:19:00.789,active,15322,468,7194,16787,-9,95,57.3,52.0,No,2400,2400,0,3295,75
15:19:01.793,active,15299,420,6442,16787,-7,95,59.0,52.0,No,2400,2400,0,3286,75
15:19:02.789,active,15359,548,7850,16787,-5,95,59.0,51.3,No,2400,2400,0,3273,75
15:19:03.793,active,15324,512,7870,16787,-3,95,60.0,51.4,No,2400,2400,0,3269,75
15:19:04.792,active,15331,446,7292,16786,-3,95,59.5,52.7,No,2400,2400,0,3267,75
15:19:05.789,active,15273,816,12500,16787,-4,95,59.5,53.6,No,2400,2400,0,5066,125
15:19:06.789,active,15275,686,10552,16786,-6,95,60.0,55.3,No,2400,2400,0,5364,125
15:19:07.792,active,15311,688,10572,16786,-5,95,60.6,53.2,No,2400,2400,0,5394,125
15:19:08.793,active,15288,760,11670,16787,-4,95,61.1,54.7,No,2400,2400,0,5378,125
15:19:09.789,active,15286,678,12018,16787,-4,95,61.1,53.5,No,2400,2400,0,5385,125
15:19:10.789,active,15305,746,11440,16786,-10,95,61.1,52.4,No,2400,2400,0,5390,125
15:19:11.796,active,15299,724,10784,16786,-5,95,61.1,55.4,No,2400,2400,0,5388,125
15:19:12.789,active,15303,772,11844,16787,-7,95,60.6,55.3,No,2400,2400,0,5392,125
15:19:13.789,active,15303,676,11516,16786,-8,95,61.7,53.3,No,2400,2400,0,5395,125
15:19:14.792,active,15303,502,11980,16786,0,95,61.1,52.3,No,2400,2400,0,5400,125
15:19:15.793,active,15305,566,8680,16788,0,95,61.1,51.8,No,2400,2400,0,5415,125
15:19:16.789,active,15307,554,13986,16788,0,95,62.2,50.9,No,2400,2400,0,5410,125
15:19:17.789,active,15253,702,10744,16789,0,95,61.1,55.1,No,2400,2400,0,5418,125
15:19:18.794,active,15268,634,12424,16788,0,95,61.1,55.8,No,2400,2400,0,5415,125
15:19:19.789,active,15273,818,12520,16786,0,95,61.1,53.7,No,2400,2400,0,5442,125
15:19:20.789,active,15271,824,12578,16787,0,95,62.2,54.1,No,2400,2400,0,5415,125
15:19:21.789,active,15262,786,12038,16787,3,95,62.2,54.2,No,2400,2400,0,5432,125
15:19:22.792,active,15249,896,13716,16788,0,95,62.8,54.3,No,2400,2400,0,5436,125
15:19:23.791,active,15296,700,7696,16788,0,95,62.2,56.2,No,2400,2400,0,5436,125
15:19:24.791,active,15299,550,8430,16788,0,95,63.4,58.6,No,2400,2400,0,5440,125
15:19:25.794,active,15357,444,7330,16787,0,95,62.2,56.1,No,2400,2400,0,5449,125
15:19:26.789,active,15333,428,6578,16787,0,95,61.7,52.8,No,2400,2400,0,5461,125
15:19:27.789,active,15346,264,7234,16787,0,95,62.8,53.1,No,2400,2400,0,5460,125
15:19:28.790,active,15322,560,8584,16787,-4,95,61.7,53.1,No,2400,2400,0,5457,125
15:19:29.793,active,15329,476,7330,16787,0,95,62.2,52.2,No,2400,2400,0,5463,125
15:19:30.789,active,15311,482,7408,16787,0,95,62.8,52.0,No,2400,2400,0,5460,125
15:19:31.794,active,15348,508,7812,16786,0,95,61.7,54.0,No,2400,2400,0,5467,125
15:19:32.789,active,15277,884,11304,16786,0,95,61.7,57.1,No,2400,2400,0,5470,125
15:19:33.789,active,15311,766,11748,16788,0,95,62.2,57.5,No,2400,2400,0,5463,125
15:19:34.791,active,15314,738,11324,16788,0,95,62.8,59.0,No,2400,2400,0,5467,125
15:19:35.789,active,15307,742,11400,16787,0,95,62.8,57.9,No,2400,2400,0,5457,125
15:19:36.789,active,15281,678,10398,16787,0,95,63.4,58.6,No,2400,2400,0,5462,125
15:19:37.791,active,15307,726,11150,16786,0,95,63.9,57.9,No,2400,2400,0,5468,125
15:19:38.793,active,15290,722,11072,16786,0,95,63.4,57.6,No,2400,2400,0,5470,125
15:19:39.790,active,15311,672,10784,16786,0,95,62.8,58.2,No,2400,2400,0,5481,125
15:19:40.789,active,15303,678,10398,16788,0,95,62.8,58.4,No,2400,2400,0,5477,125
15:19:41.793,active,15288,766,11728,16786,-3,95,63.4,59.3,No,2400,2400,0,5479,125
15:19:42.789,active,15271,786,12038,16786,0,95,62.8,58.0,No,2400,2400,0,5479,125
15:19:43.789,active,15275,830,12712,16786,0,95,63.9,58.5,No,2400,2400,0,5486,125
15:19:44.790,active,15262,886,13562,16786,0,95,63.4,59.1,No,2400,2400,0,5479,125
15:19:45.793,active,15268,822,12596,16787,-4,95,62.8,58.6,No,2400,2400,0,5482,125
15:19:46.790,active,15277,758,13404,16788,0,95,62.8,57.3,No,2400,2400,0,5481,125
15:19:47.789,active,15260,772,11844,16788,0,95,63.4,58.3,No,2400,2400,0,5487,125
15:19:48.789,active,15271,866,11864,16788,0,95,63.4,58.7,No,2400,2400,0,5502,125
15:19:49.789,active,15266,668,10244,16789,0,95,63.9,56.9,No,2400,2400,0,5481,125
15:19:50.789,active,15301,516,7948,16788,5,95,63.4,58.1,No,2400,2400,0,5485,125
15:19:51.790,active,15346,484,7466,16787,3,95,62.8,59.2,No,2400,2400,0,5493,125
15:19:52.790,active,15357,522,8024,16787,0,95,63.9,58.8,No,2400,2400,0,5492,125
15:19:53.789,active,15324,418,6424,16787,0,95,63.4,58.9,No,2400,2400,0,5497,125
15:19:54.789,active,15350,514,7890,16788,3,95,63.9,59.6,No,2400,2400,0,5503,125
15:19:55.789,active,15316,482,10460,16787,3,95,65.5,59.1,No,2400,2400,0,5500,125
15:19:56.789,active,15326,496,7600,16787,4,95,62.8,58.6,No,2400,2400,0,5493,125
15:19:57.791,sleep,15322,458,11594,16788,6,95,63.9,58.5,No,2400,2400,0,5492,125
15:19:58.789,sleep,15301,488,7484,16791,20,95,59.0,1.8,No,2400,2400,0,5535,125
15:19:59.789,sleep,15294,488,7484,16791,17,95,59.0,-0.0,No,2400,2400,0,5551,125
15:20:00.789,sleep,15296,510,7832,16792,18,95,57.9,0.0,No,2400,2400,0,5554,125
15:20:01.789,sleep,15299,456,7002,16792,15,95,57.3,-0.0,No,2400,2400,0,5554,125
15:20:02.789,sleep,15296,436,7462,16790,14,95,56.8,0.3,No,2400,2400,0,5544,125
15:20:03.789,sleep,15296,460,7060,16789,11,95,55.6,0.0,No,1500,2400,0,5558,125
15:20:04.789,sleep,15299,380,8404,16788,10,95,55.1,0.2,No,1500,2400,0,5561,125
15:20:05.789,sleep,15294,360,5516,16791,16,95,54.5,0.3,No,1500,2400,0,4458,75
15:20:06.789,sleep,15301,528,8102,16791,18,95,54.0,0.0,No,1500,2400,0,3559,75
15:20:07.789,sleep,15294,492,7542,16790,16,95,54.0,0.0,No,1500,2400,0,3419,75
15:20:08.789,sleep,15299,438,6712,16790,17,95,54.0,0.5,No,1500,2400,0,3406,75
15:20:09.789,sleep,15292,348,5342,16790,13,95,52.9,0.3,No,1500,2400,0,3397,75
15:20:10.789,sleep,15299,304,4648,16790,14,95,52.4,-0.0,No,1500,2400,0,3377,75
15:20:11.789,sleep,15292,502,7696,16791,17,95,52.4,0.3,No,1500,2400,0,3371,75
15:20:12.789,sleep,15296,504,7716,16791,12,95,51.8,-0.0,No,1500,2400,0,3376,75
15:20:13.790,active,15273,862,13194,16788,0,95,56.2,58.1,No,2400,2400,0,3324,75
15:20:14.789,active,15264,744,11440,16788,-3,95,57.3,53.8,No,2400,2400,0,3309,75
15:20:15.789,active,15307,684,11006,16787,-3,95,57.9,52.0,No,2400,2400,0,3284,75
15:20:16.789,active,15273,690,10590,16787,-4,95,59.5,53.4,No,2400,2400,0,3294,75
15:20:17.789,active,15324,486,7446,16789,0,95,60.0,53.5,No,2400,2400,0,3281,75
15:20:18.789,active,15311,486,7484,16789,0,95,59.5,51.9,No,2400,2400,0,3293,75
15:20:19.790,active,15361,456,7002,16788,0,95,61.1,53.0,No,2400,2400,0,3280,75
15:20:20.790,active,15307,468,7176,16787,0,95,61.1,55.1,No,2400,2400,0,3330,125
15:20:21.789,active,15329,668,10244,16786,-5,95,60.6,54.1,No,2400,2400,0,5236,125
15:20:22.789,active,15314,516,11512,16787,-4,95,60.6,55.0,No,2400,2400,0,5405,125
15:20:23.792,active,15329,714,10938,16787,-4,95,62.2,55.1,No,2400,2400,0,5418,125
15:20:24.789,active,15311,480,12076,16788,0,95,61.7,54.5,No,2400,2400,0,5404,125
15:20:25.789,active,15251,804,12288,16786,-3,95,62.2,53.1,No,2400,2400,0,5409,125
15:20:26.791,active,15307,728,11170,16786,-4,95,60.6,52.4,No,2400,2400,0,5413,125
15:20:27.794,active,15301,754,7990,16787,0,95,61.1,53.7,No,2400,2400,0,5411,125
15:20:28.789,active,15301,536,8236,16786,0,95,61.7,55.2,No,2400,2400,0,5418,125
15:20:29.789,active,15303,530,8352,16788,0,95,62.2,52.2,No,2400,2400,0,5422,125
15:20:30.793,active,15359,542,8334,16787,-3,95,62.2,51.8,No,2400,2400,0,5425,125
15:20:31.789,active,15357,522,7966,16787,0,95,62.2,53.2,No,2400,2400,0,5421,125
15:20:32.789,active,15303,520,7986,16788,0,95,63.4,56.3,No,2400,2400,0,5422,125
15:20:33.793,active,15296,450,7542,16787,0,95,62.8,56.1,No,2400,2400,0,5430,125
15:20:34.794,active,15346,512,7870,16788,0,95,62.8,56.0,No,2400,2400,0,5430,125
15:20:35.789,active,15311,780,11980,16787,0,95,62.2,56.0,No,2400,2400,0,5441,125
15:20:36.790,active,15268,996,11266,16787,0,95,62.8,58.3,No,2400,2400,0,5439,125
15:20:37.793,active,15273,946,14488,16787,-3,95,62.8,57.3,No,2400,2400,0,5437,125
15:20:38.789,active,15281,844,11208,16787,-3,95,62.8,57.7,No,2400,2400,0,5445,125
15:20:39.793,active,15311,730,11226,16788,0,95,63.4,57.5,No,2400,2400,0,5445,125
15:20:40.793,active,15275,724,10802,16788,0,95,63.4,57.2,No,2400,2400,0,5452,125
15:20:41.789,active,15301,794,12172,16786,0,95,62.8,56.4,No,2400,2400,0,5459,125
15:20:42.789,active,15283,746,11440,16788,0,95,63.4,59.7,No,2400,2400,0,5459,125
15:20:43.791,active,15314,738,11342,16788,0,95,63.9,58.5,No,2400,2400,0,5458,125
15:20:44.789,active,15271,636,9742,16788,0,95,65.0,57.0,No,2400,2400,0,5459,125
15:20:45.789,active,15318,516,10378,16787,-5,95,63.4,56.8,No,2400,2400,0,5462,125
15:20:46.790,active,15268,696,10668,16787,-3,95,63.4,56.6,No,2400,2400,0,5460,125
15:20:47.790,active,15262,726,11112,16786,0,95,63.4,59.5,No,2400,2400,0,5466,125
15:20:48.789,active,15271,718,10996,16787,0,95,63.4,58.3,No,2400,2400,0,5463,125
15:20:49.789,active,15271,678,10378,16787,0,95,62.8,58.4,No,2400,2400,0,5461,125
15:20:50.789,active,15264,782,12472,16788,4,95,63.9,58.5,No,2400,2400,0,5463,125
15:20:51.789,active,15245,946,14468,16789,4,95,63.9,54.7,No,2400,2400,0,5472,125
15:20:52.789,active,15301,560,8604,16788,0,95,63.4,51.0,No,2400,2400,0,5475,125
15:20:53.790,active,15299,752,11536,16787,0,95,62.8,52.2,No,2400,2400,0,5489,125
15:20:54.790,active,15299,494,7600,16788,3,95,62.2,58.6,No,2400,2400,0,5493,125
15:20:55.789,active,15316,520,8242,16787,0,95,63.9,58.7,No,2400,2400,0,5484,125
15:20:56.789,active,15301,522,8044,16787,0,95,63.9,58.8,No,2400,2400,0,5478,125
15:20:57.789,active,15350,484,9568,16787,-5,95,64.5,56.8,No,2400,2400,0,5484,125
15:20:58.789,active,15326,538,8276,16787,0,95,64.5,58.6,No,2400,2400,0,5481,125
15:20:59.789,active,15344,532,8276,16788,0,95,63.4,57.3,No,2400,2400,0,5486,125
15:21:00.792,active,15314,478,7350,16787,0,95,65.0,59.4,No,2400,2400,0,5495,125
15:21:01.793,active,15264,682,10474,16788,0,95,63.9,57.9,No,2400,2400,0,5492,125
15:21:02.789,active,15311,756,10860,16787,-5,95,63.4,58.2,No,2400,2400,0,5494,125
15:21:03.789,active,15311,700,10726,16786,-5,95,63.9,59.7,No,2400,2400,0,5502,125
15:21:04.792,active,15307,762,10648,16786,-3,95,64.5,58.9,No,2400,2400,0,5492,125
15:21:05.789,active,15309,696,10686,16786,-6,95,64.5,58.6,No,2400,2400,0,5492,125
15:21:06.789,active,15307,738,11304,16787,0,95,63.4,59.1,No,2400,2400,0,5489,125
15:21:07.793,active,15299,786,12056,16787,0,95,63.9,55.6,No,2400,2400,0,5492,125
15:21:08.793,active,15301,532,8198,16788,0,95,63.4,54.0,No,2400,2400,0,5508,125
15:21:09.789,active,15303,760,11670,16787,0,95,63.4,57.7,No,2400,2400,0,5493,125
15:21:10.789,active,15264,908,13890,16787,3,95,63.4,54.9,No,2400,2400,0,5506,125
15:21:11.789,active,15251,906,14526,16787,0,95,63.4,54.9,No,2400,2400,0,5512,125
15:21:12.789,active,15264,942,14410,16787,0,95,63.4,54.0,No,2400,2400,0,5502,125
15:21:13.789,sleep,15292,562,8622,16790,12,95,60.0,5.0,No,2400,2400,0,5542,125
15:21:14.789,sleep,15294,492,7542,16789,13,95,59.0,-0.0,No,2400,2400,0,5543,125
15:21:15.789,sleep,15290,450,6906,16789,12,95,57.3,0.0,No,2400,2400,0,5534,125
15:21:16.789,sleep,15296,484,7426,16789,10,95,57.3,0.2,No,2400,2400,0,5549,125
15:21:17.789,sleep,15294,538,8236,16788,8,95,57.9,0.5,No,2400,2400,0,5537,125
15:21:18.789,sleep,15299,516,7908,16789,8,95,55.6,0.7,No,1500,2400,0,5549,125
15:21:19.789,sleep,15292,458,7022,16789,12,95,55.1,-0.0,No,1500,2400,0,5552,125
15:21:20.789,sleep,15296,406,8236,16788,10,95,54.5,0.3,No,1500,2400,0,5555,125
15:21:21.789,sleep,15303,550,8430,16790,9,95,54.5,0.2,No,1500,2400,0,5561,125
15:21:22.789,sleep,15303,142,3356,16790,11,95,53.5,0.0,No,1500,2400,0,4115,75
15:21:23.789,sleep,15303,306,4686,16790,14,95,53.5,-0.0,No,1500,2400,0,3502,75
15:21:24.789,sleep,15305,396,6076,16790,12,95,53.5,0.5,No,1500,2400,0,3393,75
15:21:25.789,sleep,15301,444,6810,16790,12,95,53.5,-0.0,No,1500,2400,0,3381,75
15:21:26.789,sleep,15299,580,8912,16790,11,95,52.9,0.3,No,1500,2400,0,3379,75
15:21:27.789,sleep,15307,400,6154,16791,11,95,52.4,0.3,No,1500,2400,0,3375,75
15:21:28.793,active,15301,666,10204,16788,-4,95,56.8,54.1,No,2400,2400,0,3330,75
15:21:29.794,active,15307,720,10204,16787,-9,95,57.3,52.4,No,2400,2400,0,3312,75
15:21:30.789,active,15307,666,10204,16786,-6,95,58.4,53.0,No,2400,2400,0,3314,75
15:21:31.789,active,15303,692,8102,16785,-8,95,60.0,54.4,No,2400,2400,0,3315,75
15:21:32.789,active,15305,706,10822,16785,-8,95,59.5,54.1,No,2400,2400,0,3303,75
15:21:33.789,active,15301,530,8160,16786,-12,95,60.6,53.7,No,2400,2400,0,4332,125
15:21:34.790,active,15299,754,11554,16787,-5,95,60.6,54.3,No,2400,2400,0,5360,125
15:21:35.793,active,15324,508,7812,16786,-7,95,61.1,52.8,No,2400,2400,0,5432,125
15:21:36.789,active,15301,670,11728,16786,-4,95,60.6,54.5,No,2400,2400,0,5439,125
15:21:37.789,active,15311,696,10686,16785,-8,95,61.1,53.8,No,2400,2400,0,5419,125
15:21:38.789,active,15266,728,11170,16786,-6,95,61.1,52.3,No,2400,2400,0,5424,125
15:21:39.789,active,15307,712,10938,16787,0,95,61.7,51.9,No,2400,2400,0,5433,125
15:21:40.789,active,15273,770,11806,16787,0,95,62.2,51.3,No,2400,2400,0,5440,125
15:21:41.791,active,15305,744,11440,16787,0,95,61.7,51.9,No,2400,2400,0,5440,125
15:21:42.793,active,15286,772,11844,16785,0,95,61.7,51.9,No,2400,2400,0,5439,125
15:21:43.789,active,15303,754,11298,16786,0,95,61.1,51.4,No,2400,2400,0,5441,125
15:21:44.789,active,15303,742,11400,16786,-4,95,61.1,52.7,No,2400,2400,0,5427,125
15:21:45.789,active,15305,694,11382,16789,0,95,62.8,52.5,No,2400,2400,0,5441,125
15:21:46.789,active,15307,528,8102,16788,-5,95,61.1,52.5,No,2400,2400,0,5445,125
15:21:47.789,active,15314,794,12172,16785,-6,95,61.1,52.2,No,2400,2400,0,5454,125
15:21:48.790,active,15273,614,9394,16785,-9,95,61.1,52.7,No,2400,2400,0,5454,125
15:21:49.794,active,15316,704,10784,16785,-6,95,61.7,56.5,No,2400,2400,0,5457,125
15:21:50.789,active,15275,708,10842,16785,-7,95,61.7,56.5,No,2400,2400,0,5466,125
15:21:51.789,active,15311,720,11014,16785,-7,95,62.8,58.9,No,2400,2400,0,5467,125
15:21:52.791,active,15266,706,10822,16785,-10,95,63.9,57.8,No,2400,2400,0,5469,125
15:21:53.789,active,15326,768,11748,16785,-11,95,63.4,58.4,No,2400,2400,0,5460,125
15:21:54.791,active,15273,744,12936,16785,-6,95,65.0,59.6,No,2400,2400,0,5471,125
15:21:55.790,active,15305,718,11014,16784,-7,95,63.9,58.8,No,2400,2400,0,5471,125
15:21:56.789,active,15307,468,7812,16785,-9,95,62.8,58.8,No,2400,2400,0,5460,125
15:21:57.789,active,15305,716,10996,16785,-8,95,62.8,58.8,No,2400,2400,0,5470,125
15:21:58.789,active,15301,498,7658,16785,-5,95,63.9,60.0,No,2400,2400,0,5467,125
15:21:59.789,active,15329,526,8082,16786,-3,95,63.4,58.3,No,2400,2400,0,5469,125
15:22:00.789,active,15352,478,7350,16786,0,95,63.4,53.6,No,2400,2400,0,5480,125
15:22:01.789,active,15322,532,8160,16787,0,95,63.4,51.7,No,2400,2400,0,5483,125
15:22:02.793,active,15350,576,8854,16788,0,95,62.2,51.5,No,2400,2400,0,5482,125
15:22:03.792,active,15333,510,6964,16787,0,95,62.2,54.1,No,2400,2400,0,5482,125
15:22:04.793,active,15275,854,13060,16786,-4,95,63.9,59.4,No,2400,2400,0,5475,125
15:22:05.789,active,15281,746,11458,16785,-5,95,63.9,58.4,No,2400,2400,0,5470,125
15:22:06.789,active,15273,928,14198,16787,-4,95,63.4,57.7,No,2400,2400,0,5475,125
15:22:07.789,active,15271,786,12076,16787,-4,95,63.9,57.1,No,2400,2400,0,5476,125
15:22:08.790,active,15307,700,10726,16786,-3,95,63.9,58.0,No,2400,2400,0,5485,125
15:22:09.791,active,15314,738,11324,16787,0,95,62.8,57.6,No,2400,2400,0,5493,125
15:22:10.793,active,15314,766,11768,16787,0,95,63.9,58.8,No,2400,2400,0,5478,125
15:22:11.789,active,15303,912,13966,16785,0,95,63.9,59.3,No,2400,2400,0,5498,125
15:22:12.789,active,15322,738,8372,16787,-4,95,63.9,60.0,No,2400,2400,0,5495,125
15:22:13.792,active,15264,760,11612,16787,0,95,64.5,58.1,No,2400,2400,0,5500,125
15:22:14.789,active,15260,762,11670,16789,0,95,63.9,58.9,No,2400,2400,0,5496,125
15:22:15.789,active,15262,704,10784,16789,0,95,63.4,59.1,No,2400,2400,0,5491,125
15:22:16.793,active,15260,814,12480,16787,0,95,63.4,60.0,No,2400,2400,0,5493,125
15:22:17.791,active,15281,634,9722,16786,0,95,64.5,58.3,No,2400,2400,0,5490,125
15:22:18.789,active,15264,818,12520,16786,-3,95,63.4,58.5,No,2400,2400,0,5492,125
15:22:19.789,active,15283,764,11710,16787,0,95,63.9,59.0,No,2400,2400,0,5482,125
15:22:20.789,active,15258,906,13890,16788,0,95,63.9,58.1,No,2400,2400,0,5498,125
15:22:21.789,active,15301,740,11324,16788,0,95,63.9,59.0,No,2400,2400,0,5497,125
15:22:22.793,active,15301,710,10898,16787,0,95,63.9,59.0,No,2400,2400,0,5490,125
15:22:23.790,active,15344,498,7638,16786,0,95,63.4,57.1,No,2400,2400,0,5505,125
15:22:24.790,active,15326,520,8006,16787,5,95,62.8,55.5,No,2400,2400,0,5500,125
15:22:25.789,active,15329,466,7156,16788,0,95,62.2,56.0,No,2400,2400,0,5490,125
15:22:26.789,active,15316,468,7194,16787,0,95,63.4,54.7,No,2400,2400,0,5488,125
15:22:27.789,active,15326,506,7774,16787,0,95,63.9,59.5,No,2400,2400,0,5501,125
15:22:28.789,sleep,15299,490,6736,16790,11,95,60.6,7.7,No,2400,2400,0,5541,125
15:22:29.789,sleep,15305,502,7696,16789,12,95,58.4,0.0,No,2400,2400,0,5556,125
15:22:30.789,sleep,15303,290,7678,16790,10,95,57.9,0.3,No,2400,2400,0,5550,125
15:22:31.789,sleep,15303,530,8140,16790,13,95,57.9,-0.0,No,2400,2400,0,5542,125
15:22:32.789,sleep,15301,524,8044,16791,13,95,57.9,0.0,No,2400,2400,0,5550,125
15:22:33.789,sleep,15296,416,6404,16791,16,95,55.1,0.3,No,1500,2400,0,5560,125
15:22:34.789,sleep,15294,380,5844,16790,14,95,54.5,0.0,No,1500,2400,0,5568,125
15:22:35.789,sleep,15299,386,5902,16789,16,95,54.5,0.3,No,1500,2400,0,5586,125
15:22:36.789,sleep,15296,524,8044,16790,12,95,54.5,0.0,No,1500,2400,0,5567,125
15:22:37.789,sleep,15294,360,5516,16791,15,95,53.5,0.3,No,1500,2400,0,3838,75
15:22:38.789,sleep,15301,482,7408,16792,20,95,53.5,0.0,No,1500,2400,0,3457,75
15:22:39.789,sleep,15299,494,6114,16792,22,95,52.9,0.3,No,1500,2400,0,3404,75
15:22:40.789,sleep,15294,346,5304,16791,21,95,53.5,0.0,No,1500,2400,0,3385,75
15:22:41.789,sleep,15296,364,5690,16791,17,95,52.4,-0.0,No,1500,2400,0,3376,75
15:22:42.789,sleep,15288,376,5748,16792,17,95,52.4,0.3,No,1500,2400,0,3389,75
15:22:43.791,active,15258,914,10224,16788,0,95,56.2,51.4,No,2400,2400,0,3344,75
15:22:44.793,active,15273,870,13330,16788,-4,95,57.9,51.4,No,2400,2400,0,3336,75
15:22:45.789,active,15266,624,10880,16789,0,95,57.3,51.5,No,2400,2400,0,3334,75
15:22:46.789,active,15303,700,10726,16787,-6,95,59.0,52.9,No,2400,2400,0,3313,75
15:22:47.789,active,15271,752,11536,16787,-6,95,59.5,52.2,No,2400,2400,0,3302,75
15:22:48.789,active,15316,468,8160,16788,0,95,60.6,51.5,No,2400,2400,0,3297,75
15:22:49.789,active,15311,490,7504,16787,0,95,59.5,51.5,No,2400,2400,0,4833,125
15:22:50.792,active,15320,550,6462,16787,0,95,61.1,51.5,No,2400,2400,0,5389,125
15:22:51.790,active,15320,462,7098,16787,-3,95,60.6,53.8,No,2400,2400,0,5417,125
15:22:52.790,active,15352,486,6906,16786,-6,95,61.7,58.3,No,2400,2400,0,5427,125
15:22:53.789,active,15314,512,7870,16785,-9,95,60.6,57.3,No,2400,2400,0,5426,125
15:22:54.793,active,15320,686,10514,16786,-5,95,61.7,56.8,No,2400,2400,0,5426,125
15:22:55.789,active,15316,584,8950,16787,-4,95,61.1,55.9,No,2400,2400,0,5409,125
15:22:56.789,active,15311,646,9896,16787,0,95,61.7,55.9,No,2400,2400,0,5419,125
15:22:57.790,active,15307,746,11940,16787,-5,95,61.1,55.7,No,2400,2400,0,5422,125
15:22:58.794,active,15299,714,10938,16788,0,95,61.7,56.4,No,2400,2400,0,5430,125
15:22:59.789,active,15299,706,11420,16786,0,95,62.2,56.6,No,2400,2400,0,5424,125
15:23:00.789,active,15299,788,12096,16786,-3,95,62.8,56.6,No,2400,2400,0,5433,125
15:23:01.789,active,15303,698,10802,16787,-5,95,62.2,57.1,No,2400,2400,0,5436,125
15:23:02.789,active,15299,764,11710,16788,0,95,63.4,58.8,No,2400,2400,0,5440,125
15:23:03.791,active,15303,706,10822,16787,-3,95,62.8,58.5,No,2400,2400,0,5429,125
15:23:04.789,active,15299,786,12038,16787,-4,95,62.2,57.3,No,2400,2400,0,5445,125
15:23:05.790,active,15303,478,7350,16786,0,95,62.8,58.5,No,2400,2400,0,5445,125
15:23:06.789,active,15288,674,15278,16786,0,95,62.2,57.9,No,2400,2400,0,5460,125
15:23:07.793,active,15299,694,10628,16786,-6,95,63.4,60.7,No,2400,2400,0,5453,125
15:23:08.791,active,15273,884,10860,16788,0,95,63.4,58.3,No,2400,2400,0,5458,125
15:23:09.789,active,15283,764,11710,16786,-5,95,62.8,57.2,No,2400,2400,0,5463,125
15:23:10.792,active,15283,856,13118,16787,-4,95,63.9,58.8,No,2400,2400,0,5454,125
15:23:11.796,active,15283,824,12616,16786,-3,95,63.4,57.8,No,2400,2400,0,5449,125
15:23:12.790,active,15292,812,12442,16787,0,95,62.8,57.3,No,2400,2400,0,5457,125
15:23:13.789,active,15320,702,10784,16787,-3,95,62.8,57.9,No,2400,2400,0,5461,125
15:23:14.792,active,15277,766,11748,16787,-6,95,63.4,57.7,No,2400,2400,0,5476,125
15:23:15.793,active,15316,554,11170,16788,0,95,63.9,58.5,No,2400,2400,0,5462,125
15:23:16.789,active,15290,692,10610,16787,0,95,63.4,57.0,No,2400,2400,0,5463,125
15:23:17.790,active,15318,526,10282,16786,0,95,63.4,57.6,No,2400,2400,0,5475,125
15:23:18.789,active,15288,674,10340,16786,0,95,63.4,57.8,No,2400,2400,0,5481,125
15:23:19.790,active,15314,960,12152,16786,-4,95,62.8,58.0,No,2400,2400,0,5480,125
15:23:20.789,active,15275,690,10572,16786,-6,95,62.8,60.2,No,2400,2400,0,5478,125
15:23:21.789,active,15316,724,11072,16785,-7,95,63.9,59.7,No,2400,2400,0,5480,125
15:23:22.789,active,15271,824,12616,16786,-3,95,65.0,58.3,No,2400,2400,0,5481,125
15:23:23.789,active,15275,702,10744,16785,-5,95,63.4,58.5,No,2400,2400,0,5489,125
15:23:24.793,active,15299,736,6964,16787,0,95,63.9,59.2,No,2400,2400,0,5490,125
15:23:25.793,active,15299,718,11014,16787,-3,95,63.9,58.8,No,2400,2400,0,5495,125
15:23:26.790,active,15305,696,7388,16786,-9,95,62.2,57.9,No,2400,2400,0,5489,125
15:23:27.789,active,15296,762,11690,16787,0,95,63.4,59.1,No,2400,2400,0,5493,125
15:23:28.793,active,15301,764,7658,16786,-6,95,63.4,58.7,No,2400,2400,0,5485,125
15:23:29.789,active,15322,556,8564,16786,-6,95,63.4,54.7,No,2400,2400,0,5497,125
15:23:30.789,active,15344,546,7368,16786,0,95,63.9,54.2,No,2400,2400,0,5504,125
15:23:31.790,active,15311,522,8024,16786,0,95,63.4,54.4,No,2400,2400,0,5501,125
15:23:32.790,active,15341,490,8140,16786,-3,95,62.8,55.0,No,2400,2400,0,5500,125
15:23:33.789,active,15311,790,11922,16786,0,95,62.2,56.0,No,2400,2400,0,5499,125
15:23:34.789,active,15266,732,11226,16787,-3,95,63.4,56.0,No,2400,2400,0,5501,125
15:23:35.789,active,15303,782,11034,16786,-4,95,62.2,55.0,No,2400,2400,0,5501,125
15:23:36.789,active,15292,708,10860,16787,0,95,63.9,54.6,No,2400,2400,0,5496,125
15:23:37.789,active,15309,714,11710,16786,0,95,63.9,57.0,No,2400,2400,0,5495,125
15:23:38.790,active,15311,692,10628,16785,-3,95,63.9,52.6,No,2400,2400,0,5484,125
15:23:39.794,active,15301,772,11632,16786,0,95,63.9,53.0,No,2400,2400,0,5479,125
15:23:40.789,active,15307,746,11440,16787,0,95,62.2,52.2,No,2400,2400,0,5482,125
15:23:41.789,active,15305,708,11728,16788,0,95,63.4,53.8,No,2400,2400,0,5502,125
15:23:42.793,active,15303,706,10822,16788,0,95,64.5,53.7,No,2400,2400,0,5511,125
15:23:43.789,sleep,15301,486,7466,16789,3,95,60.0,11.4,No,2400,2400,0,5548,125
15:23:44.789,sleep,15303,462,7080,16789,10,95,58.4,0.0,No,2400,2400,0,5539,125
15:23:45.789,sleep,15305,496,7620,16788,5,95,57.9,0.0,No,2400,2400,0,5555,125
15:23:46.789,sleep,15301,526,8082,16788,12,95,56.2,0.2,No,2400,2400,0,5559,125
15:23:47.789,sleep,15301,514,7890,16787,7,95,57.3,-0.0,No,2400,2400,0,5561,125
15:23:48.789,sleep,15299,504,6436,16789,7,95,55.6,0.0,No,1500,2400,0,5565,125
15:23:49.789,sleep,15301,380,5826,16789,14,95,55.1,0.0,No,1500,2400,0,5576,125
15:23:50.789,sleep,15294,498,5844,16789,9,95,54.5,0.3,No,1500,2400,0,5180,75
15:23:51.789,sleep,15294,538,8236,16789,12,95,54.5,0.3,No,1500,2400,0,3660,75
15:23:52.789,sleep,15296,288,6424,16789,13,95,53.5,0.0,No,1500,2400,0,3453,75
15:23:53.789,sleep,15296,480,7368,16790,12,95,52.9,-0.0,No,1500,2400,0,3403,75
15:23:54.789,sleep,15299,330,5054,16790,10,95,53.5,0.0,No,1500,2400,0,3399,75
15:23:55.789,sleep,15294,578,8874,16792,20,95,52.4,0.3,No,1500,2400,0,3388,75
15:23:56.789,sleep,15299,296,4532,16790,15,95,52.4,-0.0,No,1500,2400,0,3381,75
15:23:57.789,sleep,15299,430,3524,16790,14,95,52.4,0.2,No,1500,2400,0,3392,75
15:23:58.793,active,15335,486,7466,16787,4,95,56.8,49.2,No,2400,2400,0,3354,75
15:23:59.789,active,15307,544,6482,16787,0,95,56.8,51.5,No,2400,2400,0,3336,75
15:24:00.790,active,15305,694,10648,16788,-3,95,57.9,51.7,No,2400,2400,0,3328,75
15:24:01.789,active,15309,654,10012,16787,-4,95,58.4,53.8,No,2400,2400,0,3327,75
15:24:02.790,active,15314,746,10178,16788,-6,95,59.5,57.3,No,2400,2400,0,3313,75
15:24:03.793,active,15309,700,10726,16787,0,95,60.0,56.5,No,2400,2400,0,3292,75
15:24:04.789,active,15303,752,11208,16786,-3,95,60.0,56.7,No,2400,2400,0,3295,75
15:24:05.789,active,15303,718,11034,16786,0,95,61.7,55.5,No,2400,2400,0,5081,125
15:24:06.790,active,15303,738,10552,16787,0,95,60.6,56.4,No,2400,2400,0,5393,125
15:24:07.791,active,15303,740,11362,16787,-3,95,59.5,55.4,No,2400,2400,0,5411,125
15:24:08.789,active,15277,528,11710,16786,0,95,61.7,57.5,No,2400,2400,0,5411,125
15:24:09.789,active,15251,762,13060,16787,0,95,61.1,56.8,No,2400,2400,0,5404,125
15:24:10.789,active,15264,872,13350,16787,0,95,61.7,57.4,No,2400,2400,0,5408,125
15:24:11.789,active,15264,734,12346,16787,-4,95,62.2,59.0,No,2400,2400,0,5413,125
15:24:12.789,active,15275,904,13832,16787,-3,95,62.2,57.8,No,2400,2400,0,5415,125
15:24:13.793,active,15256,540,11170,16788,0,95,62.2,59.1,No,2400,2400,0,5411,125
15:24:14.790,active,15279,814,12462,16788,0,95,61.7,58.8,No,2400,2400,0,5417,125
15:24:15.789,active,15277,782,11960,16787,0,95,61.1,58.6,No,2400,2400,0,5418,125
15:24:16.789,active,15281,894,13696,16787,0,95,62.8,60.1,No,2400,2400,0,5420,125
15:24:17.789,active,15283,716,10996,16787,0,95,62.2,59.5,No,2400,2400,0,5422,125
15:24:18.789,active,15339,552,7890,16787,-5,95,61.7,57.8,No,2400,2400,0,5428,125
15:24:19.792,active,15320,546,8392,16787,0,95,62.8,57.4,No,2400,2400,0,5430,125
15:24:20.793,active,15352,480,7368,16786,-3,95,62.2,56.5,No,2400,2400,0,5434,125
15:24:21.790,active,15311,508,7792,16787,0,95,61.1,55.0,No,2400,2400,0,5427,125
15:24:22.789,active,15318,518,7948,16788,0,95,61.1,52.2,No,2400,2400,0,5437,125
15:24:23.789,active,15309,528,13580,16789,5,95,61.7,52.4,No,2400,2400,0,5449,125
15:24:24.793,active,15311,814,12480,16786,0,95,62.8,52.0,No,2400,2400,0,5446,125
15:24:25.793,active,15311,462,11208,16786,0,95,62.2,51.5,No,2400,2400,0,5447,125
15:24:26.789,active,15253,832,12732,16786,0,95,62.2,51.8,No,2400,2400,0,5455,125
15:24:27.793,active,15303,716,10996,16786,0,95,60.6,52.0,No,2400,2400,0,5462,125
15:24:28.789,active,15307,740,7678,16789,0,95,60.6,52.3,No,2400,2400,0,5458,125
15:24:29.789,active,15311,504,7736,16789,-4,95,61.1,54.1,No,2400,2400,0,5459,125
15:24:30.789,active,15296,774,6018,16788,-3,95,62.2,57.8,No,2400,2400,0,5457,125
15:24:31.789,active,15301,766,11768,16787,0,95,62.2,58.3,No,2400,2400,0,5453,125
15:24:32.789,active,15299,484,7774,16785,-7,95,62.8,59.3,No,2400,2400,0,5456,125
15:24:33.790,active,15301,674,10340,16785,-7,95,61.1,57.7,No,2400,2400,0,5463,125
15:24:34.793,active,15301,472,7272,16786,-6,95,62.2,59.1,No,2400,2400,0,5463,125
15:24:35.789,active,15290,532,8178,16787,-8,95,61.7,58.5,No,2400,2400,0,5475,125
15:24:36.789,active,15299,776,11922,16787,-6,95,61.1,58.5,No,2400,2400,0,5467,125
15:24:37.793,active,15283,814,12480,16786,-5,95,62.2,58.6,No,2400,2400,0,5471,125
15:24:38.789,active,15318,742,11400,16786,-8,95,62.2,58.2,No,2400,2400,0,5477,125
15:24:39.789,active,15271,724,11092,16786,-5,95,62.8,58.6,No,2400,2400,0,5478,125
15:24:40.790,active,15294,794,11640,16786,-4,95,62.2,58.6,No,2400,2400,0,5475,125
15:24:41.796,active,15283,714,10956,16786,-4,95,61.1,59.4,No,2400,2400,0,5476,125
15:24:42.789,active,15294,812,11382,16786,0,95,61.7,57.7,No,2400,2400,0,5490,125
15:24:43.789,active,15307,728,11188,16785,0,95,61.7,57.4,No,2400,2400,0,5480,125
15:24:44.792,active,15311,714,11150,16785,-3,95,61.7,55.5,No,2400,2400,0,5488,125
15:24:45.793,active,15303,450,12424,16785,-6,95,62.2,55.3,No,2400,2400,0,5481,125
15:24:46.793,active,15309,684,10456,16788,0,95,62.8,57.1,No,2400,2400,0,5482,125
15:24:47.790,active,15311,724,13832,16789,0,95,60.6,56.5,No,2400,2400,0,5484,125
15:24:48.790,active,15243,760,11612,16788,0,95,61.1,53.2,No,2400,2400,0,5487,125
15:24:49.789,active,15260,680,14854,16787,0,95,61.1,51.4,No,2400,2400,0,5490,125
15:24:50.789,active,15256,864,13214,16786,0,95,61.7,52.2,No,2400,2400,0,5488,125
15:24:51.791,active,15256,946,14468,16786,0,95,61.7,52.0,No,2400,2400,0,5498,125
15:24:52.793,active,15264,910,13908,16786,-3,95,61.1,51.9,No,2400,2400,0,5496,125
15:24:53.789,active,15350,536,8256,16786,-6,95,61.1,51.8,No,2400,2400,0,5493,125
15:24:54.789,active,15303,712,7368,16786,-6,95,61.1,53.5,No,2400,2400,0,5493,125
15:24:55.790,active,15348,540,8314,16786,-5,95,61.7,53.8,No,2400,2400,0,5495,125
15:24:56.789,active,15299,534,8236,16787,-4,95,61.1,53.7,No,2400,2400,0,5492,125
15:24:57.789,active,15352,462,7098,16787,0,95,62.8,53.9,No,2400,2400,0,5486,125
15:24:58.789,sleep,15301,486,7446,16788,3,95,58.4,14.6,No,2400,2400,0,5527,125
15:24:59.789,sleep,15296,474,7850,16789,7,95,57.9,-0.0,No,2400,2400,0,5530,125
15:25:00.789,sleep,15292,462,7098,16789,6,95,56.2,0.3,No,2400,2400,0,5536,125
15:25:01.789,sleep,15292,486,7658,16789,7,95,56.2,0.3,No,2400,2400,0,5536,125
15:25:02.789,sleep,15288,528,8082,16788,6,95,55.6,0.0,No,2400,2400,0,5545,125
15:25:03.789,sleep,15301,344,5266,16787,4,95,53.5,0.3,No,1500,2400,0,5549,125
15:25:04.789,sleep,15299,596,8506,16790,14,95,52.9,-0.0,No,1500,2400,0,4421,75
15:25:05.789,sleep,15301,538,8256,16791,16,95,53.5,0.3,No,1500,2400,0,3540,75
15:25:06.789,sleep,15292,350,7176,16791,14,95,53.5,-0.0,No,1500,2400,0,3419,75
15:25:07.789,sleep,15301,438,6732,16790,14,95,52.4,0.3,No,1500,2400,0,3397,75
15:25:08.789,sleep,15299,358,5556,16789,12,95,52.4,-0.0,No,1500,2400,0,3387,75
15:25:09.789,sleep,15299,544,8334,16789,11,95,51.8,0.0,No,1500,2400,0,3388,75
15:25:10.789,sleep,15303,320,4900,16790,14,95,51.8,0.3,No,1500,2400,0,3379,75
15:25:11.789,sleep,15294,312,8294,16790,11,95,51.2,0.3,No,1500,2400,0,3372,75
15:25:12.789,sleep,15296,396,6076,16789,7,95,51.8,0.0,No,1500,2400,0,3370,75
15:25:13.789,active,15241,882,13522,16787,-4,95,55.1,46.1,No,2400,2400,0,3329,75
15:25:14.791,active,15271,788,12076,16787,-7,95,56.8,52.5,No,2400,2400,0,3311,75
15:25:15.794,active,15264,804,12308,16786,-9,95,57.3,56.1,No,2400,2400,0,3295,75
15:25:16.790,active,15277,692,13522,16787,-10,95,57.3,56.1,No,2400,2400,0,3301,75
15:25:17.789,active,15292,700,10726,16788,-6,95,57.9,53.0,No,2400,2400,0,3289,75
15:25:18.789,active,15273,916,10668,16787,-5,95,58.4,53.2,No,2400,2400,0,3292,75
15:25:19.791,active,15311,684,10514,16786,-7,95,59.5,52.5,No,2400,2400,0,3285,75
15:25:20.789,active,15359,422,6482,16787,-6,95,59.5,52.8,No,2400,2400,0,3284,75
15:25:21.789,active,15357,536,7002,16786,-3,95,59.5,58.1,No,2400,2400,0,3262,75
15:25:22.793,active,15322,480,7388,16786,-7,95,60.6,58.6,No,2400,2400,0,3266,125
15:25:23.790,active,15303,540,9588,16786,-11,95,60.0,57.3,No,2400,2400,0,5168,125
15:25:24.789,active,15318,486,7484,16786,-4,95,60.0,58.1,No,2400,2400,0,5350,125
15:25:25.793,active,15339,586,8950,16786,-9,95,61.1,60.7,No,2400,2400,0,5370,125
15:25:26.789,active,15333,492,9354,16785,-11,95,61.1,57.3,No,2400,2400,0,5374,125
15:25:27.789,active,15335,666,10204,16784,-11,95,60.6,58.6,No,2400,2400,0,5365,125
15:25:28.790,active,15311,438,10552,16786,-9,95,60.6,56.8,No,2400,2400,0,5370,125
15:25:29.790,active,15303,716,10996,16787,-4,95,60.0,58.4,No,2400,2400,0,5368,125
15:25:30.789,active,15309,764,11710,16786,-6,95,60.6,57.4,No,2400,2400,0,5378,125
15:25:31.789,active,15305,678,8102,16786,-4,95,60.6,52.2,No,2400,2400,0,5384,125
15:25:32.789,active,15299,742,11382,16787,-4,95,61.7,54.2,No,2400,2400,0,5383,125
15:25:33.789,active,15301,754,8102,16784,-10,95,61.1,57.6,No,2400,2400,0,5379,125
15:25:34.791,active,15299,764,11728,16787,-9,95,61.7,58.2,No,2400,2400,0,5394,125
15:25:35.790,active,15299,708,10860,16787,-6,95,61.7,57.9,No,2400,2400,0,5397,125
15:25:36.790,active,15301,774,11864,16787,-7,95,62.2,57.6,No,2400,2400,0,5398,125
15:25:37.789,active,15301,520,8006,16785,-8,95,61.7,57.3,No,2400,2400,0,5407,125
15:25:38.789,active,15271,714,11362,16785,-10,95,61.1,58.4,No,2400,2400,0,5411,125
15:25:39.789,active,15286,878,13464,16786,-9,95,61.7,58.1,No,2400,2400,0,5419,125
15:25:40.789,active,15281,686,10514,16786,-5,95,62.2,59.0,No,2400,2400,0,5422,125
15:25:41.792,active,15268,996,10906,16785,-7,95,61.7,58.8,No,2400,2400,0,5424,125
15:25:42.792,active,15279,750,11498,16787,-4,95,61.1,59.2,No,2400,2400,0,5429,125
15:25:43.793,active,15273,924,12616,16786,-5,95,61.1,58.4,No,2400,2400,0,5435,125
15:25:44.789,active,15305,700,10726,16785,-5,95,62.2,59.5,No,2400,2400,0,5439,125
15:25:45.789,active,15320,700,10898,16785,-3,95,62.2,59.9,No,2400,2400,0,5436,125
15:25:46.793,active,15307,748,11458,16786,-4,95,61.1,59.2,No,2400,2400,0,5445,125
15:25:47.789,active,15314,506,7754,16786,0,95,62.2,58.4,No,2400,2400,0,5447,125
15:25:48.789,active,15314,520,11324,16788,0,95,61.7,58.0,No,2400,2400,0,5442,125
15:25:49.795,active,15288,694,10648,16787,-4,95,61.7,58.8,No,2400,2400,0,5454,125
15:25:50.789,active,15316,790,12096,16787,0,95,60.6,58.6,No,2400,2400,0,5450,125
15:25:51.789,active,15262,678,13686,16787,0,95,61.7,59.7,No,2400,2400,0,5455,125
15:25:52.789,active,15307,852,13002,16786,-5,95,61.1,55.0,No,2400,2400,0,5464,125
15:25:53.789,active,15247,918,14816,16787,0,95,62.2,54.8,No,2400,2400,0,5465,125
15:25:54.789,active,15253,816,12480,16785,-5,95,61.1,54.1,No,2400,2400,0,5466,125
15:25:55.789,active,15299,524,8064,16786,-4,95,61.7,54.3,No,2400,2400,0,5460,125
15:25:56.793,active,15301,708,7870,16786,-6,95,61.1,55.4,No,2400,2400,0,5463,125
15:25:57.794,active,15337,502,7716,16787,-3,95,60.6,54.7,No,2400,2400,0,5460,125
15:25:58.789,active,15331,534,8198,16786,-5,95,60.6,58.0,No,2400,2400,0,5467,125
15:25:59.789,active,15331,506,9054,16785,-4,95,61.7,53.1,No,2400,2400,0,5473,125
15:26:00.789,active,15335,492,7562,16785,-5,95,62.2,54.2,No,2400,2400,0,5484,125
15:26:01.789,active,15354,556,7774,16788,0,95,61.7,52.7,No,2400,2400,0,5480,125
15:26:02.793,active,15309,464,7138,16789,3,95,62.2,53.5,No,2400,2400,0,5484,125
15:26:03.790,active,15341,530,8448,16788,0,95,61.1,53.0,No,2400,2400,0,5483,125
15:26:04.790,active,15305,732,10648,16785,0,95,61.1,53.6,No,2400,2400,0,5491,125
15:26:05.789,active,15303,762,11690,16786,-4,95,61.7,54.0,No,2400,2400,0,5491,125
15:26:06.789,active,15299,802,12308,16787,0,95,62.2,52.2,No,2400,2400,0,5487,125
15:26:07.789,active,15296,736,11266,16787,0,95,62.2,51.9,No,2400,2400,0,5488,125
15:26:08.789,active,15303,722,11072,16787,0,95,62.2,51.5,No,2400,2400,0,5493,125
15:26:09.789,active,15299,658,11536,16787,0,95,61.7,51.4,No,2400,2400,0,5491,125
15:26:10.793,active,15301,700,10726,16786,-4,95,61.1,51.1,No,2400,2400,0,5498,125
15:26:11.795,active,15299,698,8044,16786,0,95,61.1,51.5,No,2400,2400,0,5491,125
15:26:12.789,active,15301,762,11670,16786,-4,95,61.1,51.7,No,2400,2400,0,5493,125
15:26:13.789,sleep,15292,456,7002,16789,4,95,59.0,17.2,No,2400,2400,0,5524,125
15:26:14.789,sleep,15296,420,7792,16789,11,95,57.9,0.2,No,2400,2400,0,5537,125
15:26:15.789,sleep,15288,482,7388,16789,14,95,56.8,0.0,No,2400,2400,0,5539,125
15:26:16.789,sleep,15290,510,7832,16790,14,95,55.6,0.3,No,2400,2400,0,5540,125
15:26:17.789,sleep,15294,526,8064,16790,16,95,55.1,0.3,No,2400,2400,0,5549,125
15:26:18.789,sleep,15294,420,6442,16790,14,95,54.5,0.2,No,1500,2400,0,5549,125
15:26:19.789,sleep,15294,564,5960,16791,17,95,52.9,0.0,No,1500,2400,0,4171,75
15:26:20.789,sleep,15301,280,4282,16791,15,95,53.5,0.0,No,1500,2400,0,3513,75
15:26:21.789,sleep,15294,420,8718,16790,16,95,52.4,0.0,No,1500,2400,0,3395,75
15:26:22.789,sleep,15296,414,5420,16790,14,95,52.4,0.3,No,1500,2400,0,3369,75
15:26:23.789,sleep,15301,318,4880,16790,15,95,52.9,0.0,No,1500,2400,0,3373,75
15:26:24.789,sleep,15299,438,5786,16789,12,95,51.8,0.2,No,1500,2400,0,3377,75
15:26:25.789,sleep,15294,566,8700,16789,12,95,51.2,-0.0,No,1500,2400,0,3383,75
15:26:26.789,sleep,15296,566,8700,16789,12,95,51.8,0.3,No,1500,2400,0,3374,75
15:26:27.789,sleep,15299,544,8334,16790,12,95,51.2,-0.0,No,1500,2400,0,3368,75
15:26:28.790,active,15309,660,10108,16786,-4,95,55.6,43.9,No,2400,2400,0,3344,75
15:26:29.789,active,15303,368,12056,16786,-9,95,56.2,52.3,No,2400,2400,0,3330,75
15:26:30.789,active,15251,742,11362,16786,-8,95,56.8,52.7,No,2400,2400,0,3311,75
15:26:31.790,active,15305,652,10012,16785,-6,95,57.3,52.6,No,2400,2400,0,3300,75
15:26:32.789,active,15299,688,7600,16785,-8,95,57.9,56.3,No,2400,2400,0,3300,75
15:26:33.789,active,15303,654,10030,16786,-5,95,59.0,59.5,No,2400,2400,0,3285,75
15:26:34.793,active,15303,708,10166,16786,-8,95,59.5,59.0,No,2400,2400,0,3278,75
15:26:35.789,active,15299,710,10898,16785,-9,95,60.0,58.5,No,2400,2400,0,3715,125
15:26:36.789,active,15301,736,11284,16786,-6,95,60.6,57.2,No,2400,2400,0,5265,125
15:26:37.790,active,15299,666,7388,16786,-6,95,59.5,58.6,No,2400,2400,0,5386,125
15:26:38.789,active,15357,536,8256,16787,0,95,59.5,57.4,No,2400,2400,0,5394,125
15:26:39.789,active,15288,816,12520,16786,-3,95,59.5,59.4,No,2400,2400,0,5386,125
15:26:40.789,active,15275,824,13870,16786,-3,95,60.6,58.9,No,2400,2400,0,5385,125
15:26:41.789,active,15281,878,13464,16787,-4,95,61.1,59.1,No,2400,2400,0,5387,125
15:26:42.789,active,15275,986,11882,16787,0,95,61.1,57.5,No,2400,2400,0,5395,125
15:26:43.791,active,15275,832,12732,16786,-4,95,62.2,57.9,No,2400,2400,0,5401,125
15:26:44.792,active,15288,728,11188,16786,0,95,62.2,58.2,No,2400,2400,0,5401,125
15:26:45.792,active,15307,762,11710,16787,-3,95,60.6,57.0,No,2400,2400,0,5401,125
15:26:46.789,active,15281,686,10532,16788,0,95,60.6,59.4,No,2400,2400,0,5409,125
15:26:47.789,active,15316,776,10956,16788,-3,95,61.7,58.0,No,2400,2400,0,5409,125
15:26:48.791,active,15320,508,10884,16786,-7,95,61.7,57.7,No,2400,2400,0,5420,125
15:26:49.789,active,15311,690,10552,16785,-5,95,61.7,55.6,No,2400,2400,0,5422,125
15:26:50.789,active,15305,686,12790,16787,0,95,60.6,52.1,No,2400,2400,0,5432,125
15:26:51.793,active,15256,800,12230,16787,0,95,60.6,52.6,No,2400,2400,0,5436,125
15:26:52.792,active,15268,820,12694,16788,3,95,60.0,53.8,No,2400,2400,0,5439,125
15:26:53.789,active,15249,870,13310,16788,0,95,60.0,54.2,No,2400,2400,0,5446,125
15:26:54.789,active,15271,730,11188,16786,0,95,61.7,58.8,No,2400,2400,0,5438,125
15:26:55.793,active,15279,658,14184,16787,0,95,62.2,59.0,No,2400,2400,0,5443,125
15:26:56.789,active,15266,862,13214,16786,0,95,61.1,58.0,No,2400,2400,0,5452,125
15:26:57.789,active,15299,674,10340,16785,-7,95,61.1,58.6,No,2400,2400,0,5452,125
15:26:58.793,active,15299,778,11940,16786,0,95,61.1,57.7,No,2400,2400,0,5455,125
15:26:59.789,active,15299,504,7754,16786,-7,95,61.1,58.3,No,2400,2400,0,5456,125
15:27:00.789,active,15307,782,7832,16787,-3,95,60.6,59.1,No,2400,2400,0,5447,125
15:27:01.789,active,15352,486,7484,16785,-6,95,62.2,59.8,No,2400,2400,0,5462,125
15:27:02.789,active,15339,458,7176,16785,-7,95,61.1,54.7,No,2400,2400,0,5462,125
15:27:03.789,active,15318,414,6346,16785,-7,95,61.1,54.3,No,2400,2400,0,5464,125
15:27:04.789,active,15331,540,8294,16787,-3,95,61.1,54.2,No,2400,2400,0,5470,125
15:27:05.793,active,15318,532,8160,16787,-6,95,60.6,54.1,No,2400,2400,0,5471,125
15:27:06.796,active,15305,704,10802,16785,-5,95,60.6,54.2,No,2400,2400,0,5474,125
15:27:07.789,active,15309,712,10918,16787,-4,95,60.6,54.3,No,2400,2400,0,5475,125
15:27:08.789,active,15305,712,10918,16788,0,95,61.1,54.9,No,2400,2400,0,5466,125
15:27:09.793,active,15309,730,11208,16785,-4,95,61.1,58.5,No,2400,2400,0,5476,125
15:27:10.789,active,15303,692,11516,16786,-3,95,61.1,59.7,No,2400,2400,0,5476,125
15:27:11.789,active,15301,686,10532,16786,0,95,60.6,52.3,No,2400,2400,0,5483,125
15:27:12.793,active,15301,558,10898,16786,0,95,61.1,52.0,No,2400,2400,0,5483,125
15:27:13.789,active,15305,700,10726,16787,0,95,60.0,53.2,No,2400,2400,0,5481,125
15:27:14.789,active,15299,544,8352,16789,0,95,60.6,54.4,No,2400,2400,0,5482,125
15:27:15.789,active,15264,774,11844,16788,-6,95,61.7,53.9,No,2400,2400,0,5488,125
15:27:16.793,active,15268,800,12250,16787,-4,95,61.7,54.2,No,2400,2400,0,5480,125
15:27:17.789,active,15264,896,13734,16785,-6,95,61.7,52.1,No,2400,2400,0,5488,125
15:27:18.789,active,15258,784,14256,16787,0,95,61.1,53.1,No,2400,2400,0,5491,125
15:27:19.790,active,15277,746,11420,16786,0,95,61.1,54.2,No,2400,2400,0,5491,125
15:27:20.789,active,15271,936,14332,16787,0,95,60.6,54.9,No,2400,2400,0,5500,125
15:27:21.789,active,15264,1016,15530,16786,-4,95,61.1,53.7,No,2400,2400,0,5484,125
15:27:22.789,active,15260,716,10976,16787,-6,95,61.1,52.3,No,2400,2400,0,5487,125
15:27:23.789,active,15309,734,11440,16785,-7,95,60.6,52.0,No,2400,2400,0,5497,125
15:27:24.789,active,15318,528,8614,16786,0,95,61.7,51.3,No,2400,2400,0,5500,125
15:27:25.790,active,15339,532,8160,16785,-4,95,61.1,54.0,No,2400,2400,0,5501,125
15:27:26.793,active,15307,464,7986,16787,0,95,61.1,53.6,No,2400,2400,0,5498,125
15:27:27.789,active,15311,504,7736,16786,-3,95,60.6,54.8,No,2400,2400,0,5498,125
15:27:28.789,sleep,15303,272,6886,16788,3,95,58.4,20.6,No,2400,2400,0,5544,125
15:27:29.789,sleep,15294,494,7580,16788,8,95,56.8,0.0,No,2400,2400,0,5550,125
15:27:30.789,sleep,15299,468,7176,16787,8,95,56.2,0.3,No,2400,2400,0,5543,125
15:27:31.789,sleep,15299,504,7224,16787,3,95,55.6,0.0,No,2400,2400,0,5546,125
15:27:32.789,sleep,15303,430,6442,16789,6,95,55.1,0.0,No,2400,2400,0,5551,125
15:27:33.789,sleep,15303,556,8526,16790,9,95,54.0,0.5,No,1500,2400,0,3849,75
15:27:34.789,sleep,15294,374,6496,16790,8,95,53.5,0.3,No,1500,2400,0,3465,75
15:27:35.789,sleep,15290,404,6192,16790,15,95,53.5,0.0,No,1500,2400,0,3411,75
15:27:36.789,sleep,15296,334,6096,16789,14,95,52.4,1.0,No,1500,2400,0,3396,75
15:27:37.789,sleep,15299,288,4416,16790,15,95,52.4,-0.0,No,1500,2400,0,3379,75
15:27:38.789,sleep,15296,398,6114,16790,13,95,51.8,0.0,No,1500,2400,0,3380,75
15:27:39.789,sleep,15294,448,6866,16791,15,95,51.8,0.3,No,1500,2400,0,3378,75
15:27:40.789,sleep,15294,462,7080,16790,16,95,51.2,0.0,No,1500,2400,0,3370,75
15:27:41.789,sleep,15296,266,4088,16789,16,95,51.2,0.2,No,1500,2400,0,3374,75
15:27:42.789,sleep,15296,300,4610,16790,13,95,50.7,0.0,No,1500,2400,0,3355,75
15:27:43.789,active,15253,638,9800,16787,3,95,54.5,40.9,No,2400,2400,0,3320,75
15:27:44.789,active,15279,836,11054,16787,-7,95,56.8,56.9,No,2400,2400,0,3303,75
15:27:45.791,active,15314,706,10842,16786,-7,95,57.3,58.3,No,2400,2400,0,3299,75
15:27:46.792,active,15273,670,10300,16787,-8,95,57.9,56.8,No,2400,2400,0,3288,75
15:27:47.789,active,15316,688,10572,16786,-9,95,57.3,58.4,No,2400,2400,0,3289,75
15:27:48.789,active,15290,666,10224,16785,-9,95,58.4,58.6,No,2400,2400,0,3284,75
15:27:49.789,active,15316,730,11246,16787,-6,95,59.5,58.8,No,2400,2400,0,3267,75
15:27:50.789,active,15314,482,11760,16786,-7,95,60.0,58.5,No,2400,2400,0,3269,75
15:27:51.789,active,15326,718,10976,16786,-7,95,60.6,59.4,No,2400,2400,0,3260,75
15:27:52.791,active,15322,468,12230,16786,-6,95,60.0,58.5,No,2400,2400,0,4384,125
15:27:53.789,active,15273,646,9896,16785,-5,95,59.5,57.2,No,2400,2400,0,5299,125
15:27:54.789,active,15283,712,10918,16786,-4,95,60.0,57.9,No,2400,2400,0,5360,125
15:27:55.789,active,15273,646,9876,16786,-6,95,59.5,59.0,No,2400,2400,0,5365,125
15:27:56.789,active,15253,1010,15452,16787,-6,95,59.5,54.3,No,2400,2400,0,5364,125
15:27:57.789,active,15247,882,13832,16788,-3,95,60.6,51.9,No,2400,2400,0,5381,125
15:27:58.789,active,15264,988,15124,16788,0,95,60.6,51.5,No,2400,2400,0,5383,125
15:27:59.789,active,15299,574,8834,16787,-3,95,60.0,51.3,No,2400,2400,0,5383,125
15:28:00.790,active,15339,506,8006,16786,0,95,60.0,52.1,No,2400,2400,0,5385,125
15:28:01.789,active,15348,448,6906,16787,-4,95,60.6,57.5,No,2400,2400,0,5385,125
15:28:02.789,active,15296,548,7986,16787,-3,95,60.6,57.7,No,2400,2400,0,5383,125
15:28:03.789,active,15352,468,7214,16787,-5,95,61.7,58.6,No,2400,2400,0,5401,125
15:28:04.792,active,15303,578,8874,16786,-4,95,61.1,59.0,No,2400,2400,0,5400,125
15:28:05.789,active,15331,530,8102,16786,0,95,61.1,59.2,No,2400,2400,0,5396,125
15:28:06.793,active,15326,554,8526,16785,-6,95,61.1,58.1,No,2400,2400,0,5406,125
15:28:07.793,active,15324,466,7850,16786,-5,95,61.1,60.5,No,2400,2400,0,5414,125
15:28:08.790,active,15305,752,9934,16787,-5,95,60.6,58.7,No,2400,2400,0,5418,125
15:28:09.789,active,15307,720,11054,16785,-3,95,61.1,58.7,No,2400,2400,0,5422,125
15:28:10.793,active,15307,680,11574,16786,-6,95,61.1,59.2,No,2400,2400,0,5431,125
15:28:11.793,active,15303,650,9992,16786,-3,95,61.1,58.5,No,2400,2400,0,5429,125
15:28:12.789,active,15309,764,11728,16784,-9,95,62.2,57.7,No,2400,2400,0,5446,125
15:28:13.789,active,15303,674,10358,16786,-6,95,61.7,58.9,No,2400,2400,0,5444,125
15:28:14.790,active,15305,714,10956,16787,0,95,60.6,58.9,No,2400,2400,0,5443,125
15:28:15.790,active,15301,702,10822,16788,0,95,61.7,58.0,No,2400,2400,0,5451,125
15:28:16.790,active,15303,714,10956,16787,0,95,61.7,59.6,No,2400,2400,0,5448,125
15:28:17.789,active,15256,692,10610,16786,-3,95,61.7,57.2,No,2400,2400,0,5452,125
15:28:18.793,active,15273,726,11246,16786,0,95,62.8,57.1,No,2400,2400,0,5456,125
15:28:19.789,active,15266,940,14372,16786,-3,95,61.1,54.7,No,2400,2400,0,5460,125
15:28:20.789,active,15264,826,11498,16787,-4,95,61.7,54.4,No,2400,2400,0,5468,125
15:28:21.790,active,15268,902,13792,16787,-3,95,60.0,56.8,No,2400,2400,0,5464,125
15:28:22.789,active,15256,648,9954,16787,0,95,60.0,57.3,No,2400,2400,0,5463,125
15:28:23.789,active,15262,890,10804,16787,-3,95,60.6,52.0,No,2400,2400,0,5473,125
15:28:24.789,active,15260,690,10590,16785,-7,95,61.1,52.0,No,2400,2400,0,5474,125
15:28:25.793,active,15262,922,9934,16786,-5,95,61.7,53.7,No,2400,2400,0,5472,125
15:28:26.789,active,15363,544,6836,16786,0,95,61.1,54.4,No,2400,2400,0,5472,125
15:28:27.789,active,15341,502,7696,16786,-4,95,61.7,53.4,No,2400,2400,0,5474,125
15:28:28.794,active,15320,534,6616,16786,-4,95,61.7,53.5,No,2400,2400,0,5468,125
15:28:29.789,active,15311,534,8198,16787,0,95,60.6,54.9,No,2400,2400,0,5478,125
15:28:30.789,active,15311,486,7214,16786,0,95,60.6,52.0,No,2400,2400,0,5482,125
15:28:31.789,active,15311,518,7966,16787,-3,95,61.1,53.9,No,2400,2400,0,5479,125
15:28:32.789,active,15309,558,8564,16787,0,95,61.1,54.8,No,2400,2400,0,5479,125
15:28:33.789,active,15320,492,12938,16786,-3,95,61.7,55.6,No,2400,2400,0,5479,125
15:28:34.790,active,15316,712,10918,16786,-3,95,60.6,54.2,No,2400,2400,0,5477,125
15:28:35.794,active,15314,720,11054,16786,-3,95,61.1,52.6,No,2400,2400,0,5483,125
15:28:36.789,active,15301,750,11266,16786,-4,95,60.6,52.7,No,2400,2400,0,5491,125
15:28:37.789,active,15301,756,11594,16786,0,95,61.1,56.0,No,2400,2400,0,5487,125
15:28:38.792,active,15296,684,8102,16786,0,95,61.7,54.6,No,2400,2400,0,5485,125
15:28:39.793,active,15301,760,11670,16786,0,95,62.2,55.0,No,2400,2400,0,5491,125
15:28:40.789,active,15303,704,10802,16787,0,95,61.1,52.1,No,2400,2400,0,5486,125
15:28:41.790,active,15301,728,8160,16787,0,95,61.1,52.3,No,2400,2400,0,5495,125
15:28:42.793,active,15329,496,7620,16788,0,95,60.6,52.8,No,2400,2400,0,5503,125
15:28:43.789,sleep,15305,502,7696,16788,3,95,58.4,25.1,No,2400,2400,0,5522,125
15:28:44.789,sleep,15294,524,8796,16788,13,95,56.8,0.0,No,2400,2400,0,5537,125
15:28:45.789,sleep,15296,552,8468,16787,8,95,56.8,-0.0,No,2400,2400,0,5542,125
15:28:46.789,sleep,15303,418,6538,16789,8,95,56.2,0.0,No,2400,2400,0,5541,125
15:28:47.789,sleep,15292,456,6982,16789,8,95,55.6,0.5,No,2400,2400,0,5287,75
15:28:48.789,sleep,15296,368,5652,16790,9,95,54.0,0.0,No,1500,2400,0,3667,75
15:28:49.789,sleep,15294,556,7812,16790,15,95,53.5,0.3,No,1500,2400,0,3425,75
15:28:50.789,sleep,15296,544,8352,16789,13,95,52.9,0.0,No,1500,2400,0,3391,75
15:28:51.789,sleep,15294,504,8892,16788,10,95,52.4,0.0,No,1500,2400,0,3389,75
15:28:52.789,sleep,15296,428,5826,16789,14,95,52.4,0.5,No,1500,2400,0,3382,75
15:28:53.789,sleep,15299,558,8564,16790,13,95,50.7,0.0,No,1500,2400,0,3378,75
15:28:54.789,sleep,15294,468,9162,16790,14,95,51.8,0.0,No,1500,2400,0,3375,75
15:28:55.789,sleep,15299,326,4996,16790,15,95,51.2,0.3,No,1500,2400,0,3360,75
15:28:56.789,sleep,15292,450,6906,16789,12,95,51.2,0.0,No,1500,2400,0,3367,75
15:28:57.789,sleep,15301,306,4706,16788,11,95,50.7,0.3,No,1500,2400,0,3357,75
15:28:58.792,active,15311,666,10186,16788,3,95,55.1,36.2,No,2400,2400,0,3331,75
15:28:59.789,active,15268,748,10784,16787,-5,95,56.8,57.7,No,2400,2400,0,3312,75
15:29:00.789,active,15275,760,11652,16787,-6,95,57.3,58.2,No,2400,2400,0,3293,75
15:29:01.791,active,15303,694,10648,16787,0,95,58.4,58.7,No,2400,2400,0,3293,75
15:29:02.792,active,15303,690,10146,16786,0,95,59.0,58.1,No,2400,2400,0,3281,75
15:29:03.790,active,15301,708,10880,16785,-6,95,58.4,58.4,No,2400,2400,0,3281,75
15:29:04.789,active,15301,428,6596,16786,-6,95,59.5,58.4,No,2400,2400,0,3258,75
15:29:05.789,active,15303,556,8526,16788,-6,95,60.0,57.8,No,2400,2400,0,3254,75
15:29:06.789,active,15301,436,6694,16787,-6,95,60.0,58.4,No,2400,2400,0,3249,75
15:29:07.789,active,15311,462,7620,16786,-9,95,60.6,57.5,No,2400,2400,0,4859,125
15:29:08.792,active,15352,548,8430,16786,-6,95,60.6,59.0,No,2400,2400,0,5340,125
15:29:09.793,active,15361,510,7850,16785,-3,95,60.0,57.5,No,2400,2400,0,5364,125
15:29:10.790,active,15316,724,11014,16786,-4,95,60.0,57.3,No,2400,2400,0,5374,125
15:29:11.789,active,15307,774,11882,16786,-5,95,60.0,57.7,No,2400,2400,0,5370,125
15:29:12.792,active,15303,738,11304,16786,0,95,60.6,57.8,No,2400,2400,0,5369,125
15:29:13.789,active,15311,708,11904,16787,0,95,60.6,57.5,No,2400,2400,0,5375,125
15:29:14.789,active,15311,730,11208,16785,-4,95,61.7,59.2,No,2400,2400,0,5380,125
15:29:15.792,active,15303,730,11690,16786,0,95,61.7,57.8,No,2400,2400,0,5381,125
15:29:16.793,active,15301,814,12500,16787,3,95,60.6,58.4,No,2400,2400,0,5385,125
15:29:17.789,active,15305,732,11246,16787,0,95,60.0,59.1,No,2400,2400,0,5391,125
15:29:18.789,active,15303,752,11536,16786,0,95,60.6,59.6,No,2400,2400,0,5396,125
15:29:19.792,active,15260,770,11768,16786,0,95,62.2,58.9,No,2400,2400,0,5402,125
15:29:20.793,active,15258,748,11440,16787,0,95,60.6,57.9,No,2400,2400,0,5410,125
15:29:21.789,active,15271,704,14624,16787,0,95,61.7,57.8,No,2400,2400,0,5410,125
15:29:22.789,active,15281,782,11980,16787,0,95,60.6,58.6,No,2400,2400,0,5418,125
15:29:23.793,active,15266,680,14950,16786,-3,95,61.1,58.7,No,2400,2400,0,5415,125
15:29:24.790,active,15279,754,11554,16786,0,95,61.7,59.0,No,2400,2400,0,5428,125
15:29:25.789,active,15258,672,10320,16787,0,95,62.2,55.9,No,2400,2400,0,5436,125
15:29:26.789,active,15292,708,11728,16788,0,95,61.1,54.8,No,2400,2400,0,5430,125
15:29:27.793,active,15307,720,11072,16787,0,95,60.6,54.5,No,2400,2400,0,5439,125
15:29:28.789,active,15341,510,7850,16787,0,95,61.7,54.1,No,2400,2400,0,5442,125
15:29:29.790,active,15311,506,7368,16788,3,95,60.6,54.2,No,2400,2400,0,5450,125
15:29:30.790,active,15311,488,7484,16786,0,95,59.5,54.5,No,2400,2400,0,5454,125
15:29:31.789,active,15322,556,7716,16787,0,95,60.0,54.5,No,2400,2400,0,5459,125
15:29:32.793,active,15314,512,7870,16787,0,95,61.1,57.5,No,2400,2400,0,5455,125
15:29:33.791,active,15318,486,7466,16788,0,95,61.1,58.7,No,2400,2400,0,5461,125
15:29:34.793,active,15303,542,11922,16787,0,95,60.6,52.3,No,2400,2400,0,5462,125
15:29:35.789,active,15271,866,13252,16786,-5,95,61.7,51.5,No,2400,2400,0,5469,125
15:29:36.790,active,15307,516,10088,16786,0,95,61.1,55.8,No,2400,2400,0,5463,125
15:29:37.790,active,15301,704,10186,16785,-3,95,60.6,56.3,No,2400,2400,0,5460,125
15:29:38.789,active,15299,732,11226,16787,-3,95,60.6,53.7,No,2400,2400,0,5462,125
15:29:39.793,active,15299,682,10378,16786,-4,95,61.7,54.8,No,2400,2400,0,5467,125
15:29:40.792,active,15301,642,9858,16787,-6,95,61.1,55.8,No,2400,2400,0,5472,125
15:29:41.793,active,15299,494,7600,16785,-3,95,61.1,56.2,No,2400,2400,0,5476,125
15:29:42.789,active,15301,716,7924,16786,0,95,61.7,52.1,No,2400,2400,0,5481,125
15:29:43.789,active,15299,554,8526,16786,0,95,61.1,52.2,No,2400,2400,0,5487,125
15:29:44.795,active,15301,716,7774,16787,0,95,61.7,55.6,No,2400,2400,0,5480,125
15:29:45.789,active,15264,952,11492,16787,0,95,61.1,53.9,No,2400,2400,0,5484,125
15:29:46.793,active,15271,948,14488,16787,0,95,61.7,54.0,No,2400,2400,0,5487,125
15:29:47.789,active,15262,970,12056,16788,0,95,61.1,53.2,No,2400,2400,0,5488,125
15:29:48.789,active,15277,748,11458,16787,0,95,62.2,55.7,No,2400,2400,0,5484,125
15:29:49.789,active,15279,708,10860,16786,0,95,61.7,54.0,No,2400,2400,0,5484,125
15:29:50.793,active,15309,720,11072,16786,-3,95,61.7,52.9,No,2400,2400,0,5488,125
15:29:51.794,active,15273,696,10686,16787,-3,95,61.7,53.6,No,2400,2400,0,5483,125
15:29:52.789,active,15294,906,11072,16788,0,95,60.6,52.5,No,2400,2400,0,5494,125
15:29:53.789,active,15303,704,10802,16788,0,95,61.1,54.1,No,2400,2400,0,5501,125
15:29:54.792,active,15301,770,11806,16787,0,95,62.2,51.9,No,2400,2400,0,5502,125
15:29:55.790,active,15314,502,12404,16786,0,95,61.1,51.5,No,2400,2400,0,5493,125
15:29:56.789,active,15309,692,10628,16786,0,95,61.7,51.2,No,2400,2400,0,5496,125
15:29:57.791,active,15311,802,11940,16785,0,95,61.1,51.7,No,2400,2400,0,5503,125
15:29:58.789,sleep,15305,436,6694,16786,4,95,58.4,28.8,No,2400,2400,0,5522,125
15:29:59.789,sleep,15294,544,8334,16789,14,95,58.4,-0.0,No,2400,2400,0,5539,125
15:30:00.789,sleep,15299,432,7658,16788,8,95,56.2,0.0,No,2400,2400,0,5549,125
15:30:01.789,sleep,15294,478,7330,16789,11,95,56.2,0.3,No,2400,2400,0,5545,125
15:30:02.789,sleep,15301,450,7928,16789,11,95,55.1,0.3,No,2400,2400,0,5545,125
15:30:03.789,sleep,15296,390,6424,16789,12,95,54.5,0.3,No,1500,2400,0,4622,75
15:30:04.789,sleep,15299,284,4358,16788,14,95,54.0,0.0,No,1500,2400,0,3579,75
15:30:05.789,sleep,15301,572,4764,16789,13,95,52.9,-0.0,No,1500,2400,0,3421,75
15:30:06.789,sleep,15301,416,6404,16790,16,95,52.4,0.3,No,1500,2400,0,3409,75
15:30:07.789,sleep,15296,534,8198,16790,14,95,51.8,-0.0,No,1500,2400,0,3406,75
15:30:08.789,sleep,15294,494,7580,16790,15,95,51.8,0.0,No,1500,2400,0,3391,75
15:30:09.789,sleep,15296,498,7658,16789,12,95,51.8,-0.0,No,1500,2400,0,3379,75
15:30:10.789,sleep,15294,522,4938,16789,13,95,51.8,0.2,No,1500,2400,0,3381,75
15:30:11.789,sleep,15292,318,4860,16789,10,95,50.7,0.0,No,1500,2400,0,3371,75
15:30:12.789,sleep,15294,358,5498,16790,10,95,51.2,0.3,No,1500,2400,0,3372,75
15:30:13.789,active,15273,848,10224,16788,9,95,54.0,34.8,No,2400,2400,0,3343,75
15:30:14.793,active,15314,702,10784,16785,-10,95,56.2,57.9,No,2400,2400,0,3295,75
15:30:15.793,active,15314,668,10282,16785,-10,95,58.4,57.7,No,2400,2400,0,3302,75
15:30:16.789,active,15305,732,11246,16785,-4,95,59.0,57.3,No,2400,2400,0,3294,75
15:30:17.790,active,15320,686,10532,16787,-4,95,58.4,58.1,No,2400,2400,0,3287,75
15:30:18.793,active,15305,728,10976,16787,-9,95,58.4,57.6,No,2400,2400,0,3289,75
15:30:19.789,active,15316,736,11284,16787,-10,95,60.6,58.0,No,2400,2400,0,3274,75
15:30:20.789,active,15301,650,10610,16786,-5,95,59.5,58.5,No,2400,2400,0,3272,75
15:30:21.793,active,15286,560,13172,16785,-4,95,60.0,57.8,No,2400,2400,0,3264,75
15:30:22.789,active,15309,866,13234,16785,-6,95,59.5,57.2,No,2400,2400,0,3254,125
15:30:23.789,active,15253,696,11574,16786,-4,95,60.6,57.0,No,2400,2400,0,5094,125
15:30:24.790,active,15262,852,13040,16786,-4,95,60.6,56.7,No,2400,2400,0,5358,125
15:30:25.793,active,15266,892,13658,16786,-7,95,60.6,57.8,No,2400,2400,0,5378,125
15:30:26.789,active,15268,740,11342,16786,-4,95,61.7,58.5,No,2400,2400,0,5373,125
15:30:27.789,active,15260,824,12636,16786,0,95,61.7,59.0,No,2400,2400,0,5375,125
15:30:28.792,active,15260,854,11284,16786,0,95,60.0,58.6,No,2400,2400,0,5376,125
15:30:29.792,active,15264,726,11130,16787,0,95,61.1,58.4,No,2400,2400,0,5381,125
15:30:30.792,active,15299,476,7330,16787,0,95,61.1,58.4,No,2400,2400,0,5378,125
15:30:31.792,active,15344,518,7730,16787,0,95,61.1,59.5,No,2400,2400,0,5385,125
15:30:32.792,active,15301,494,7580,16787,0,95,60.6,58.5,No,2400,2400,0,5394,125
15:30:33.789,active,15354,488,8064,16786,0,95,62.2,58.8,No,2400,2400,0,5392,125
15:30:34.789,active,15333,506,7774,16785,-6,95,60.6,59.1,No,2400,2400,0,5392,125
15:30:35.793,active,15350,464,7118,16785,-7,95,62.8,59.8,No,2400,2400,0,5405,125
15:30:36.789,active,15320,450,6924,16787,-5,95,61.1,58.1,No,2400,2400,0,5412,125
15:30:37.793,active,15348,484,7426,16786,-5,95,61.7,58.6,No,2400,2400,0,5417,125
15:30:38.796,active,15318,506,11034,16787,0,95,61.7,60.7,No,2400,2400,0,5419,125
15:30:39.794,active,15311,720,11072,16785,-3,95,61.1,58.6,No,2400,2400,0,5423,125
15:30:40.789,active,15311,668,10262,16787,-4,95,61.1,58.0,No,2400,2400,0,5431,125
15:30:41.789,active,15305,676,10186,16787,-5,95,60.6,57.2,No,2400,2400,0,5435,125
15:30:42.792,active,15307,762,11690,16787,0,95,61.1,54.9,No,2400,2400,0,5438,125
15:30:43.793,active,15303,696,11342,16786,0,95,61.7,54.4,No,2400,2400,0,5444,125
15:30:44.789,active,15290,722,11072,16786,-3,95,62.8,59.3,No,2400,2400,0,5435,125
15:30:45.790,active,15305,774,11864,16785,-4,95,61.7,55.3,No,2400,2400,0,5449,125
15:30:46.795,active,15296,702,7580,16785,0,95,61.1,53.6,No,2400,2400,0,5454,125
15:30:47.789,active,15354,416,6424,16787,-3,95,61.1,51.7,No,2400,2400,0,5456,125
15:30:48.789,active,15256,958,14660,16787,-6,95,61.1,53.2,No,2400,2400,0,5457,125
15:30:49.792,active,15271,832,14178,16787,-6,95,62.8,53.1,No,2400,2400,0,5457,125
15:30:50.793,active,15279,818,12538,16787,-5,95,62.2,54.1,No,2400,2400,0,5463,125
15:30:51.789,active,15288,936,13948,16786,0,95,61.7,54.1,No,2400,2400,0,5468,125
15:30:52.790,active,15275,908,13908,16786,0,95,60.6,54.0,No,2400,2400,0,5465,125
15:30:53.791,active,15277,776,11882,16786,-5,95,62.2,53.7,No,2400,2400,0,5464,125
15:30:54.789,active,15277,942,9548,16787,-5,95,61.1,55.3,No,2400,2400,0,5474,125
15:30:55.789,active,15299,754,11554,16787,0,95,61.7,53.7,No,2400,2400,0,5473,125
15:30:56.789,active,15281,872,10572,16786,0,95,61.7,54.1,No,2400,2400,0,5473,125
15:30:57.789,active,15324,540,7928,16786,0,95,61.7,52.6,No,2400,2400,0,5479,125
15:30:58.793,active,15307,458,7040,16786,-3,95,61.1,51.8,No,2400,2400,0,5474,125
15:30:59.790,active,15341,522,10842,16786,0,95,61.1,54.8,No,2400,2400,0,5482,125
15:31:00.794,active,15311,464,7118,16787,0,95,61.7,55.5,No,2400,2400,0,5483,125
15:31:01.789,active,15335,612,9374,16786,-4,95,61.1,53.4,No,2400,2400,0,5496,125
15:31:02.789,active,15309,480,13464,16786,-5,95,62.2,54.4,No,2400,2400,0,5490,125
15:31:03.793,active,15311,668,10204,16785,-5,95,60.6,52.0,No,2400,2400,0,5489,125
15:31:04.789,active,15314,686,13870,16788,0,95,61.1,51.3,No,2400,2400,0,5493,125
15:31:05.789,active,15268,676,10358,16787,0,95,61.7,51.4,No,2400,2400,0,5494,125
15:31:06.793,active,15303,504,7736,16788,0,95,60.6,51.7,No,2400,2400,0,5492,125
15:31:07.795,active,15303,696,7658,16786,0,95,61.1,51.9,No,2400,2400,0,5491,125
15:31:08.789,active,15305,726,11130,16786,0,95,60.6,52.0,No,2400,2400,0,5490,125
15:31:09.789,active,15305,440,6790,16785,-5,95,61.1,52.5,No,2400,2400,0,5488,125
15:31:10.790,active,15354,502,7736,16785,-7,95,61.7,52.3,No,2400,2400,0,5494,125
15:31:11.789,active,15299,504,7716,16788,0,95,61.7,54.6,No,2400,2400,0,5492,125
15:31:12.793,active,15299,770,8410,16787,0,95,60.6,57.2,No,2400,2400,0,5491,125
15:31:13.789,sleep,15299,460,7040,16789,5,95,58.4,31.8,No,2400,2400,0,5520,125
15:31:14.789,sleep,15296,444,8604,16788,14,95,56.8,0.0,No,2400,2400,0,5540,125
15:31:15.789,sleep,15296,494,8314,16788,11,95,56.2,0.3,No,2400,2400,0,5547,125
15:31:16.789,sleep,15305,498,7658,16789,11,95,56.2,0.2,No,2400,2400,0,5544,125
15:31:17.789,sleep,15303,432,6636,16790,10,95,55.1,0.0,No,2400,2400,0,5550,125
15:31:18.789,sleep,15301,286,4378,16789,9,95,54.0,0.3,No,1500,2400,0,4159,75
15:31:19.789,sleep,15301,368,5652,16788,10,95,54.0,-0.0,No,1500,2400,0,3499,75
15:31:20.789,sleep,15305,306,9336,16789,11,95,52.9,0.0,No,1500,2400,0,3398,75
15:31:21.789,sleep,15303,368,5652,16790,13,95,52.9,0.3,No,1500,2400,0,3387,75
15:31:22.789,sleep,15301,410,5400,16790,15,95,51.8,0.2,No,1500,2400,0,3388,75
15:31:23.789,sleep,15301,304,4686,16788,10,95,51.8,-0.0,No,1500,2400,0,3387,75
15:31:24.789,sleep,15303,180,2778,16788,10,95,51.8,0.3,No,1500,2400,0,3373,75
15:31:25.789,sleep,15299,504,4282,16790,13,95,51.2,0.5,No,1500,2400,0,3377,75
15:31:26.789,sleep,15301,180,2758,16790,11,95,51.2,-0.0,No,1500,2400,0,3368,75
15:31:27.789,sleep,15309,456,7002,16789,11,95,50.7,0.0,No,1500,2400,0,3360,75
15:31:28.789,active,15271,706,12018,16789,10,95,55.1,29.8,No,2400,2400,0,3335,75
15:31:29.789,active,15258,736,11266,16787,-6,95,56.2,59.2,No,2400,2400,0,3314,75
15:31:30.793,active,15266,788,11554,16787,-4,95,57.3,59.0,No,2400,2400,0,3299,75
15:31:31.789,active,15273,702,10744,16787,-9,95,57.9,58.3,No,2400,2400,0,3298,75
15:31:32.789,active,15361,522,8064,16786,-11,95,59.0,57.1,No,2400,2400,0,3285,75
15:31:33.794,active,15305,708,7156,16786,-8,95,59.0,59.3,No,2400,2400,0,3258,75
15:31:34.789,active,15346,488,7504,16785,-8,95,58.4,58.1,No,2400,2400,0,3272,75
15:31:35.789,active,15296,490,7522,16784,-12,95,59.5,57.5,No,2400,2400,0,3642,125
15:31:36.789,active,15290,770,7966,16785,-9,95,60.6,58.1,No,2400,2400,0,5263,125
15:31:37.789,active,15307,542,8314,16786,-6,95,60.6,58.5,No,2400,2400,0,5376,125
15:31:38.789,active,15354,526,7908,16786,0,95,60.6,58.8,No,2400,2400,0,5382,125
15:31:39.792,active,15322,498,7638,16785,-5,95,61.1,59.3,No,2400,2400,0,5385,125
15:31:40.793,active,15314,750,8198,16786,-3,95,60.6,60.2,No,2400,2400,0,5381,125
15:31:41.793,active,15309,654,10494,16785,-5,95,60.6,58.8,No,2400,2400,0,5385,125
15:31:42.789,active,15314,660,10146,16786,-4,95,60.0,58.8,No,2400,2400,0,5389,125
15:31:43.789,active,15307,708,10860,16785,-4,95,61.1,59.2,No,2400,2400,0,5394,125
15:31:44.792,active,15309,728,11170,16785,-4,95,61.1,59.1,No,2400,2400,0,5398,125
15:31:45.789,active,15309,686,10514,16784,-6,95,61.7,57.8,No,2400,2400,0,5403,125
15:31:46.792,active,15309,708,11130,16784,-5,95,61.1,58.3,No,2400,2400,0,5409,125
15:31:47.790,active,15301,752,11554,16784,-7,95,60.0,58.7,No,2400,2400,0,5415,125
15:31:48.791,active,15307,688,10532,16785,-10,95,60.6,58.9,No,2400,2400,0,5415,125
15:31:49.789,active,15301,720,11054,16786,-10,95,60.6,58.4,No,2400,2400,0,5421,125
15:31:50.789,active,15283,726,11112,16786,-10,95,61.7,59.4,No,2400,2400,0,5427,125
15:31:51.793,active,15262,970,13522,16786,-6,95,61.7,59.0,No,2400,2400,0,5422,125
15:31:52.789,active,15283,688,10552,16785,-3,95,61.1,57.6,No,2400,2400,0,5441,125
15:31:53.789,active,15256,952,14564,16786,0,95,62.2,54.5,No,2400,2400,0,5446,125
15:31:54.790,active,15260,934,10744,16785,-3,95,60.6,54.3,No,2400,2400,0,5438,125
15:31:55.791,active,15268,936,14314,16786,-6,95,60.6,55.2,No,2400,2400,0,5451,125
15:31:56.789,active,15266,898,10880,16786,-5,95,60.6,57.6,No,2400,2400,0,5448,125
15:31:57.789,active,15309,700,10726,16787,-3,95,61.7,53.9,No,2400,2400,0,5445,125
15:31:58.793,active,15262,744,11420,16786,0,95,61.1,51.9,No,2400,2400,0,5458,125
15:31:59.793,active,15299,704,7350,16785,-5,95,61.7,53.0,No,2400,2400,0,5460,125
15:32:00.789,active,15320,506,7774,16785,-8,95,61.1,53.2,No,2400,2400,0,5463,125
15:32:01.793,active,15346,480,7368,16785,-6,95,61.7,54.4,No,2400,2400,0,5464,125
15:32:02.789,active,15326,506,8048,16785,-6,95,60.6,54.9,No,2400,2400,0,5475,125
15:32:03.789,active,15326,376,5786,16784,-4,95,60.0,54.4,No,2400,2400,0,5466,125
15:32:04.793,active,15326,546,10590,16784,-3,95,62.2,54.9,No,2400,2400,0,5468,125
15:32:05.793,active,15314,470,7214,16784,-5,95,61.1,54.0,No,2400,2400,0,5466,125
15:32:06.789,active,15333,764,11670,16786,-4,95,61.1,53.6,No,2400,2400,0,5463,125
15:32:07.789,active,15314,514,12478,16785,0,95,60.6,54.5,No,2400,2400,0,5479,125
15:32:08.790,active,15299,786,12056,16786,0,95,60.6,52.8,No,2400,2400,0,5479,125
15:32:09.789,active,15303,692,10610,16786,0,95,60.0,52.8,No,2400,2400,0,5480,125
15:32:10.789,active,15301,726,11898,16786,-3,95,62.2,57.7,No,2400,2400,0,5478,125
15:32:11.789,active,15303,542,8334,16786,-3,95,61.1,56.1,No,2400,2400,0,5483,125
15:32:12.790,active,15301,756,8198,16787,0,95,61.7,52.0,No,2400,2400,0,5485,125
15:32:13.793,active,15318,474,7272,16785,0,95,61.7,52.3,No,2400,2400,0,5492,125
15:32:14.789,active,15303,498,7678,16785,0,95,61.1,54.5,No,2400,2400,0,5498,125
15:32:15.790,active,15301,724,11092,16786,-3,95,60.6,53.3,No,2400,2400,0,5485,125
15:32:16.789,active,15303,498,7658,16787,0,95,61.1,52.7,No,2400,2400,0,5484,125
15:32:17.789,active,15262,564,10686,16787,0,95,60.0,53.2,No,2400,2400,0,5493,125
15:32:18.789,active,15275,824,12636,16787,0,95,60.6,52.0,No,2400,2400,0,5489,125
15:32:19.790,active,15262,748,11478,16786,-4,95,61.7,52.0,No,2400,2400,0,5498,125
15:32:20.789,active,15296,742,10120,16785,0,95,61.1,51.0,No,2400,2400,0,5489,125
15:32:21.791,active,15275,674,10358,16784,-5,95,61.7,53.6,No,2400,2400,0,5488,125
15:32:22.789,active,15296,772,11498,16784,-8,95,61.1,55.4,No,2400,2400,0,5496,125
15:32:23.789,active,15314,732,11246,16785,-5,95,60.6,56.3,No,2400,2400,0,5498,125
15:32:24.789,active,15279,860,11440,16784,-6,95,62.2,57.4,No,2400,2400,0,5502,125
15:32:25.789,active,15311,742,11400,16784,-12,95,61.7,56.8,No,2400,2400,0,5497,125
15:32:26.789,active,15316,490,7522,16784,-10,95,61.7,55.6,No,2400,2400,0,5496,125
15:32:27.789,active,15320,518,8758,16784,-9,95,62.2,56.8,No,2400,2400,0,5499,125
15:32:28.789,sleep,15296,516,7928,16785,-7,95,59.0,35.7,No,2400,2400,0,5520,125
15:32:29.789,sleep,15292,446,6828,16786,3,95,57.3,0.0,No,2400,2400,0,5547,125
15:32:30.789,sleep,15294,474,7272,16787,3,95,56.2,-0.0,No,2400,2400,0,5551,125
15:32:31.789,sleep,15290,460,7060,16787,0,95,55.6,0.0,No,2400,2400,0,5543,125
15:32:32.789,sleep,15307,398,7792,16787,4,95,55.1,0.2,No,2400,2400,0,5554,125
15:32:33.789,sleep,15294,478,7330,16787,8,95,54.0,0.3,No,1500,2400,0,5553,125
15:32:34.789,sleep,15301,254,5034,16789,15,95,53.5,0.3,No,1500,2400,0,3891,75
15:32:35.789,sleep,15296,366,5516,16790,13,95,52.9,0.0,No,1500,2400,0,3474,75
15:32:36.789,sleep,15301,348,5342,16790,14,95,52.9,0.3,No,1500,2400,0,3415,75
15:32:37.789,sleep,15299,298,4668,16790,14,95,51.8,-0.0,No,1500,2400,0,3395,75
15:32:38.789,sleep,15301,554,8506,16789,12,95,51.8,0.0,No,1500,2400,0,3389,75
15:32:39.789,sleep,15296,364,5574,16789,15,95,51.2,0.3,No,1500,2400,0,3385,75
15:32:40.789,sleep,15299,388,5940,16788,14,95,51.2,0.3,No,1500,2400,0,3383,75
15:32:41.789,sleep,15296,604,9278,16789,13,95,50.7,0.0,No,1500,2400,0,3376,75
15:32:42.789,sleep,15301,562,4610,16790,12,95,52.4,0.0,No,1500,2400,0,3374,75
15:32:43.792,active,15333,458,7040,16788,4,95,52.9,26.0,No,2400,2400,0,3357,75
15:32:44.789,active,15279,894,13678,16785,-10,95,55.6,57.6,No,2400,2400,0,3306,75
15:32:45.793,active,15268,834,10590,16785,-6,95,56.8,58.2,No,2400,2400,0,3294,75
15:32:46.793,active,15264,912,13966,16786,-6,95,57.3,59.2,No,2400,2400,0,3289,75
15:32:47.789,active,15305,700,10880,16786,-4,95,58.4,57.2,No,2400,2400,0,3289,75
15:32:48.790,active,15299,684,10494,16785,-5,95,59.0,58.1,No,2400,2400,0,3289,75
15:32:49.793,active,15281,682,10456,16785,-9,95,59.0,58.7,No,2400,2400,0,3289,75
15:32:50.792,active,15322,656,10088,16785,-10,95,59.5,60.0,No,2400,2400,0,3281,75
15:32:51.789,active,15281,680,10436,16784,-9,95,59.0,59.7,No,2400,2400,0,3262,75
15:32:52.793,active,15316,750,11150,16786,-7,95,60.0,59.4,No,2400,2400,0,3254,75
15:32:53.793,active,15318,514,7890,16786,-3,95,60.0,59.0,No,2400,2400,0,4298,125
15:32:54.789,active,15337,660,10108,16784,-7,95,60.0,59.8,No,2400,2400,0,5303,125
15:32:55.790,active,15314,630,12366,16783,-9,95,60.6,58.7,No,2400,2400,0,5373,125
15:32:56.793,active,15273,784,12018,16784,-11,95,60.6,59.7,No,2400,2400,0,5375,125
15:32:57.790,active,15305,714,11150,16785,-9,95,59.5,58.0,No,2400,2400,0,5375,125
15:32:58.789,active,15262,782,11960,16785,-6,95,60.0,58.1,No,2400,2400,0,5377,125
15:32:59.793,active,15258,688,10552,16785,-3,95,61.1,58.9,No,2400,2400,0,5374,125
15:33:00.793,active,15273,848,13002,16784,-10,95,61.1,58.5,No,2400,2400,0,5385,125
15:33:01.789,active,15275,788,12076,16785,-8,95,61.7,58.6,No,2400,2400,0,5388,125
15:33:02.789,active,15307,416,7792,16785,-7,95,61.7,59.7,No,2400,2400,0,5385,125
15:33:03.793,active,15303,690,10590,16784,-8,95,60.0,56.7,No,2400,2400,0,5382,125
15:33:04.789,active,15299,472,7252,16785,-8,95,60.0,55.0,No,2400,2400,0,5399,125
15:33:05.789,active,15357,518,7966,16786,-10,95,60.0,56.3,No,2400,2400,0,5403,125
15:33:06.789,active,15294,562,8642,16787,-3,95,60.6,55.1,No,2400,2400,0,5416,125
15:33:07.793,active,15359,506,7850,16785,-5,95,60.6,58.8,No,2400,2400,0,5422,125
15:33:08.789,active,15316,462,7098,16784,-7,95,60.6,53.3,No,2400,2400,0,5424,125
15:33:09.789,active,15359,466,7928,16785,0,95,61.1,51.9,No,2400,2400,0,5439,125
15:33:10.790,active,15339,528,8102,16786,0,95,60.6,53.9,No,2400,2400,0,5439,125
15:33:11.789,active,15294,906,13870,16785,-5,95,60.6,53.4,No,2400,2400,0,5432,125
15:33:12.789,active,15277,840,11728,16785,-6,95,60.6,53.8,No,2400,2400,0,5438,125
15:33:13.789,active,15305,702,10764,16785,-6,95,61.7,55.4,No,2400,2400,0,5418,125
15:33:14.793,active,15262,994,11922,16784,-5,95,61.7,52.8,No,2400,2400,0,5445,125
15:33:15.789,active,15305,770,11824,16785,-3,95,61.1,54.0,No,2400,2400,0,5446,125
15:33:16.789,active,15283,690,10590,16786,-3,95,61.1,53.5,No,2400,2400,0,5454,125
15:33:17.790,active,15303,748,11478,16786,-3,95,60.6,54.0,No,2400,2400,0,5458,125
15:33:18.789,active,15303,682,10474,16786,-3,95,60.0,54.7,No,2400,2400,0,5458,125
15:33:19.789,active,15303,732,11594,16785,-6,95,60.6,53.0,No,2400,2400,0,5466,125
15:33:20.789,active,15260,588,8990,16784,-5,95,60.6,53.4,No,2400,2400,0,5468,125
15:33:21.789,active,15307,894,13678,16784,-6,95,61.7,53.4,No,2400,2400,0,5467,125
15:33:22.789,active,15275,798,13350,16783,-8,95,61.1,51.4,No,2400,2400,0,5477,125
15:33:23.790,active,15243,814,12462,16786,-6,95,59.5,51.5,No,2400,2400,0,5472,125
15:33:24.793,active,15253,782,14352,16786,-3,95,60.6,52.8,No,2400,2400,0,5460,125
15:33:25.789,active,15271,758,11612,16787,0,95,60.6,55.2,No,2400,2400,0,5469,125
15:33:26.789,active,15247,894,15356,16786,0,95,60.6,52.3,No,2400,2400,0,5483,125
15:33:27.792,active,15253,888,13580,16785,0,95,61.1,54.4,No,2400,2400,0,5472,125
15:33:28.793,active,15251,880,13484,16785,-4,95,61.7,55.2,No,2400,2400,0,5487,125
15:33:29.790,active,15299,730,8294,16786,0,95,61.1,52.6,No,2400,2400,0,5481,125
15:33:30.793,active,15299,712,10898,16787,0,95,61.7,55.1,No,2400,2400,0,5489,125
15:33:31.790,active,15301,528,8102,16786,0,95,60.6,54.5,No,2400,2400,0,5490,125
15:33:32.789,active,15305,498,7914,16786,0,95,60.6,56.7,No,2400,2400,0,5484,125
15:33:33.789,active,15299,514,7908,16786,0,95,61.1,56.8,No,2400,2400,0,5496,125
15:33:34.793,active,15352,538,8294,16787,0,95,61.7,57.4,No,2400,2400,0,5489,125
15:33:35.793,active,15320,522,8024,16786,0,95,61.7,56.0,No,2400,2400,0,5491,125
15:33:36.789,active,15348,558,8102,16786,0,95,61.1,55.9,No,2400,2400,0,5491,125
15:33:37.790,active,15314,550,8448,16786,0,95,61.7,57.6,No,2400,2400,0,5483,125
15:33:38.789,active,15271,724,11112,16785,0,95,61.1,56.6,No,2400,2400,0,5491,125
15:33:39.789,active,15307,710,10898,16785,0,95,60.6,56.1,No,2400,2400,0,5498,125
15:33:40.789,active,15303,690,10590,16785,-3,95,61.7,57.0,No,2400,2400,0,5492,125
15:33:41.793,active,15277,678,10572,16786,0,95,61.7,57.1,No,2400,2400,0,5493,125
15:33:42.789,active,15311,774,11882,16785,-4,95,62.2,57.3,No,2400,2400,0,5504,125
15:33:43.789,sleep,15303,534,8198,16785,0,95,59.0,40.4,No,2400,2400,0,5517,125
15:33:44.789,sleep,15301,468,8200,16788,11,95,57.3,-0.0,No,2400,2400,0,5548,125
15:33:45.789,sleep,15299,516,7928,16787,10,95,57.3,0.3,No,2400,2400,0,5554,125
15:33:46.789,sleep,15301,434,6654,16786,5,95,56.8,0.0,No,2400,2400,0,5548,125
15:33:47.789,sleep,15305,482,7152,16788,5,95,55.6,-0.0,No,2400,2400,0,5549,125
15:33:48.789,sleep,15301,472,7252,16788,9,95,54.5,0.0,No,1500,2400,0,5558,125
15:33:49.789,sleep,15303,540,7292,16789,13,95,54.0,-0.0,No,1500,2400,0,5474,75
15:33:50.789,sleep,15296,468,7156,16789,16,95,53.5,0.3,No,1500,2400,0,3718,75
15:33:51.789,sleep,15303,480,8970,16789,14,95,52.4,0.0,No,1500,2400,0,3458,75
15:33:52.789,sleep,15296,448,6886,16788,15,95,51.8,0.3,No,1500,2400,0,3418,75
15:33:53.789,sleep,15296,378,5786,16790,15,95,50.1,0.0,No,1500,2400,0,3387,75
15:33:54.789,sleep,15292,416,6384,16790,15,95,51.8,0.3,No,1500,2400,0,3397,75
15:33:55.789,sleep,15301,470,7214,16791,13,95,51.2,0.3,No,1500,2400,0,3397,75
15:33:56.789,sleep,15296,402,6154,16790,12,95,50.7,-0.0,No,1500,2400,0,3386,75
15:33:57.789,sleep,15299,476,7310,16789,9,95,50.7,0.0,No,1500,2400,0,3355,75
15:33:58.796,active,15305,462,7118,16787,7,95,54.0,23.6,No,2400,2400,0,3347,75
15:33:59.789,active,15303,528,7928,16785,-9,95,55.6,57.4,No,2400,2400,0,3330,75
15:34:00.789,active,15301,504,7736,16784,-5,95,56.8,58.1,No,2400,2400,0,3311,75
15:34:01.793,active,15335,446,8758,16785,-7,95,57.9,59.1,No,2400,2400,0,3312,75
15:34:02.793,active,15324,450,6924,16786,-5,95,59.0,59.6,No,2400,2400,0,3304,75
15:34:03.789,active,15346,462,6558,16784,-9,95,58.4,58.5,No,2400,2400,0,3305,75
15:34:04.789,active,15314,424,6520,16784,-8,95,59.5,58.9,No,2400,2400,0,3297,75
15:34:05.793,active,15329,392,6038,16785,-6,95,59.0,58.4,No,2400,2400,0,3289,75
15:34:06.789,active,15303,670,10166,16785,-9,95,58.4,57.7,No,2400,2400,0,3284,75
15:34:07.789,active,15309,666,10224,16785,-7,95,59.5,58.5,No,2400,2400,0,3271,75
15:34:08.793,active,15314,666,10898,16785,-9,95,59.5,59.9,No,2400,2400,0,3253,75
15:34:09.793,active,15305,696,10668,16786,-8,95,59.5,58.7,No,2400,2400,0,4770,125
15:34:10.789,active,15303,736,11284,16785,-3,95,60.6,58.3,No,2400,2400,0,5339,125
15:34:11.790,active,15309,700,10982,16785,-5,95,60.0,59.3,No,2400,2400,0,5378,125
15:34:12.793,active,15307,692,10610,16784,-8,95,60.6,58.1,No,2400,2400,0,5368,125
15:34:13.790,active,15311,742,10224,16786,-6,95,60.6,58.5,No,2400,2400,0,5382,125
15:34:14.789,active,15305,738,11324,16784,-10,95,60.6,56.7,No,2400,2400,0,5387,125
15:34:15.789,active,15309,830,12694,16785,-11,95,60.6,55.7,No,2400,2400,0,5387,125
15:34:16.793,active,15260,726,14468,16786,-5,95,60.6,55.9,No,2400,2400,0,5391,125
15:34:17.789,active,15271,852,13022,16785,-6,95,61.1,55.1,No,2400,2400,0,5400,125
15:34:18.792,active,15236,924,14140,16785,-8,95,60.6,57.8,No,2400,2400,0,5398,125
15:34:19.790,active,15264,952,14584,16784,-5,95,60.6,53.3,No,2400,2400,0,5401,125
15:34:20.789,active,15260,766,11728,16785,-3,95,59.5,51.8,No,2400,2400,0,5408,125
15:34:21.789,active,15260,996,11342,16787,0,95,60.6,52.5,No,2400,2400,0,5411,125
15:34:22.792,active,15279,742,11362,16786,0,95,61.1,53.1,No,2400,2400,0,5409,125
15:34:23.793,active,15268,608,11554,16787,0,95,61.1,54.8,No,2400,2400,0,5422,125
15:34:24.789,active,15331,508,7928,16786,-4,95,60.6,51.8,No,2400,2400,0,5423,125
15:34:25.789,active,15326,564,8662,16785,-7,95,60.6,53.5,No,2400,2400,0,5429,125
15:34:26.794,active,15324,494,7678,16784,-10,95,60.6,55.4,No,2400,2400,0,5433,125
15:34:27.789,active,15314,536,8236,16784,-5,95,61.1,54.9,No,2400,2400,0,5440,125
15:34:28.789,active,15326,436,6694,16784,-4,95,60.6,54.4,No,2400,2400,0,5444,125
15:34:29.789,active,15326,504,7736,16785,-5,95,61.7,53.7,No,2400,2400,0,5444,125
15:34:30.789,active,15318,690,10572,16785,-5,95,61.1,56.6,No,2400,2400,0,5443,125
15:34:31.793,active,15318,510,10204,16784,-5,95,61.1,51.4,No,2400,2400,0,5449,125
15:34:32.789,active,15305,648,9916,16786,0,95,61.1,54.6,No,2400,2400,0,5445,125
15:34:33.790,active,15305,744,11420,16787,4,95,60.6,53.1,No,2400,2400,0,5465,125
15:34:34.789,active,15296,728,8680,16787,0,95,60.6,52.6,No,2400,2400,0,5461,125
15:34:35.789,active,15296,698,10706,16786,-4,95,60.6,53.3,No,2400,2400,0,5457,125
15:34:36.792,active,15301,750,8564,16786,0,95,61.1,52.0,No,2400,2400,0,5459,125
15:34:37.793,active,15303,764,11710,16785,0,95,61.7,51.8,No,2400,2400,0,5470,125
15:34:38.789,active,15299,464,7138,16785,-3,95,60.6,51.2,No,2400,2400,0,5476,125
15:34:39.789,active,15329,530,7908,16785,-4,95,60.6,51.7,No,2400,2400,0,5482,125
15:34:40.790,active,15305,724,11092,16786,0,95,61.7,54.2,No,2400,2400,0,5465,125
15:34:41.789,active,15266,974,14932,16787,-3,95,60.0,54.6,No,2400,2400,0,5479,125
15:34:42.789,active,15275,760,13350,16787,-3,95,61.7,57.9,No,2400,2400,0,5477,125
15:34:43.792,active,15288,692,10610,16786,0,95,62.2,56.2,No,2400,2400,0,5480,125
15:34:44.789,active,15281,838,12076,16786,-3,95,61.1,55.3,No,2400,2400,0,5482,125
15:34:45.791,active,15277,936,14332,16785,-3,95,62.8,57.3,No,2400,2400,0,5479,125
15:34:46.792,active,15277,708,10880,16785,-5,95,61.1,56.2,No,2400,2400,0,5482,125
15:34:47.790,active,15277,888,10528,16785,-5,95,61.1,57.1,No,2400,2400,0,5481,125
15:34:48.789,active,15281,698,10706,16786,0,95,62.2,57.3,No,2400,2400,0,5489,125
15:34:49.789,active,15279,830,10668,16784,-3,95,61.7,57.2,No,2400,2400,0,5490,125
15:34:50.789,active,15326,464,6626,16786,-4,95,61.7,57.2,No,2400,2400,0,5497,125
15:34:51.789,active,15329,432,6616,16785,-4,95,61.7,56.4,No,2400,2400,0,5493,125
15:34:52.791,active,15341,514,11342,16785,-7,95,62.8,58.0,No,2400,2400,0,5490,125
15:34:53.796,active,15320,508,7792,16784,-8,95,61.1,57.3,No,2400,2400,0,5489,125
15:34:54.789,active,15326,722,11054,16784,-3,95,61.1,57.3,No,2400,2400,0,5488,125
15:34:55.789,active,15311,470,7214,16783,-8,95,61.1,56.7,No,2400,2400,0,5492,125
15:34:56.789,active,15307,784,11980,16784,-5,95,61.1,52.0,No,2400,2400,0,5497,125
15:34:57.789,active,15314,526,14314,16785,-6,95,61.1,51.8,No,2400,2400,0,5497,125
15:34:58.789,sleep,15301,500,7678,16786,0,95,59.0,38.5,No,2400,2400,0,5508,125
15:34:59.789,sleep,15301,554,8488,16786,6,95,56.8,0.0,No,2400,2400,0,5543,125
15:35:00.789,sleep,15299,556,5400,16787,6,95,57.9,0.3,No,2400,2400,0,5548,125
15:35:01.789,sleep,15296,420,6424,16787,7,95,56.2,0.0,No,2400,2400,0,5551,125
15:35:02.789,sleep,15292,468,7620,16787,7,95,55.6,-0.0,No,2400,2400,0,5549,125
15:35:03.789,sleep,15296,318,4880,16788,5,95,54.5,0.3,No,1500,2400,0,4652,75
15:35:04.789,sleep,15299,416,6404,16789,13,95,53.5,0.3,No,1500,2400,0,3586,75
15:35:05.789,sleep,15296,462,8334,16788,15,95,53.5,0.0,No,1500,2400,0,3436,75
15:35:06.789,sleep,15303,364,5574,16787,12,95,52.4,0.3,No,1500,2400,0,3398,75
15:35:07.789,sleep,15301,474,4648,16787,11,95,51.8,0.0,No,1500,2400,0,3403,75
15:35:08.789,sleep,15290,392,7754,16790,11,95,51.8,0.0,No,1500,2400,0,3393,75
15:35:09.789,sleep,15296,440,6770,16789,13,95,51.8,0.3,No,1500,2400,0,3384,75
15:35:10.789,sleep,15290,266,4340,16790,15,95,51.2,0.0,No,1500,2400,0,3381,75
15:35:11.789,sleep,15299,350,5362,16788,15,95,50.7,0.0,No,1500,2400,0,3380,75
15:35:12.789,sleep,15292,294,4514,16788,13,95,50.7,-0.0,No,1500,2400,0,3368,75
15:35:13.793,active,15309,728,11188,16788,13,95,54.0,21.3,No,2400,2400,0,3355,75
15:35:14.790,active,15303,658,10088,16785,-7,95,55.1,56.1,No,2400,2400,0,3321,75
15:35:15.789,active,15307,638,10860,16785,-7,95,56.2,54.0,No,2400,2400,0,3309,75
15:35:16.793,active,15303,706,10842,16785,-4,95,57.9,57.6,No,2400,2400,0,3301,75
15:35:17.792,active,15311,684,10474,16784,-7,95,57.9,59.1,No,2400,2400,0,3298,75
15:35:18.789,active,15256,586,10262,16785,-8,95,59.0,57.9,No,2400,2400,0,3295,75
15:35:19.792,active,15260,694,10628,16786,0,95,59.5,59.2,No,2400,2400,0,3282,75
15:35:20.790,active,15279,708,10860,16786,-3,95,60.0,59.8,No,2400,2400,0,3273,75
15:35:21.790,active,15260,784,11980,16787,0,95,59.5,58.8,No,2400,2400,0,3266,75
15:35:22.789,active,15271,732,11208,16786,-3,95,59.0,59.2,No,2400,2400,0,3266,75
15:35:23.789,active,15236,818,13792,16785,-6,95,59.5,54.8,No,2400,2400,0,3266,75
15:35:24.789,active,15264,856,13098,16785,-4,95,59.5,54.8,No,2400,2400,0,3259,75
15:35:25.789,active,15283,680,13928,16785,-5,95,60.0,55.7,No,2400,2400,0,3253,75
15:35:26.789,active,15352,492,7466,16785,-5,95,59.5,55.8,No,2400,2400,0,5017,125
15:35:27.793,active,15296,464,7138,16786,-4,95,61.1,54.9,No,2400,2400,0,5343,125
15:35:28.796,active,15354,486,8140,16787,-4,95,60.6,55.6,No,2400,2400,0,5367,125
15:35:29.789,active,15324,478,7350,16786,-8,95,60.6,61.3,No,2400,2400,0,5364,125
15:35:30.789,active,15341,538,8256,16785,-5,95,59.5,53.5,No,2400,2400,0,5362,125
15:35:31.791,active,15316,538,8276,16785,-5,95,60.6,52.2,No,2400,2400,0,5364,125
15:35:32.793,active,15329,484,7446,16785,0,95,60.6,51.3,No,2400,2400,0,5377,125
15:35:33.789,active,15339,454,6886,16784,0,95,61.1,54.3,No,2400,2400,0,5379,125
15:35:34.789,active,15326,498,7658,16785,-4,95,61.7,56.7,No,2400,2400,0,5381,125
15:35:35.789,active,15307,754,11574,16785,-6,95,60.6,54.4,No,2400,2400,0,5385,125
15:35:36.789,active,15314,760,11414,16785,-7,95,60.0,54.8,No,2400,2400,0,5391,125
15:35:37.789,active,15303,676,10378,16785,0,95,61.1,52.4,No,2400,2400,0,5403,125
15:35:38.789,active,15311,804,10668,16785,-5,95,61.1,52.1,No,2400,2400,0,5398,125
15:35:39.789,active,15305,676,10378,16785,-8,95,61.7,53.4,No,2400,2400,0,5397,125
15:35:40.789,active,15303,782,11998,16786,-4,95,60.6,53.2,No,2400,2400,0,5409,125
15:35:41.793,active,15305,690,10590,16785,-4,95,60.6,52.7,No,2400,2400,0,5403,125
15:35:42.790,active,15305,692,10610,16784,-5,95,59.5,53.4,No,2400,2400,0,5415,125
15:35:43.789,active,15303,688,7754,16786,-3,95,60.0,55.1,No,2400,2400,0,5424,125
15:35:44.789,active,15251,806,12326,16786,-4,95,61.1,52.2,No,2400,2400,0,5429,125
15:35:45.789,active,15320,718,10976,16787,0,95,61.1,52.8,No,2400,2400,0,5433,125
15:35:46.789,active,15279,690,11554,16785,0,95,61.7,54.4,No,2400,2400,0,5440,125
15:35:47.789,active,15271,750,11478,16785,0,95,61.1,53.1,No,2400,2400,0,5449,125
15:35:48.793,active,15273,796,13060,16784,-7,95,60.6,52.9,No,2400,2400,0,5437,125
15:35:49.794,active,15288,772,11824,16783,-11,95,59.5,53.9,No,2400,2400,0,5455,125
15:35:50.789,active,15258,636,9760,16786,-5,95,61.1,52.6,No,2400,2400,0,5458,125
15:35:51.789,active,15275,910,11624,16785,0,95,60.6,57.2,No,2400,2400,0,5450,125
15:35:52.793,active,15266,722,11092,16785,0,95,61.1,53.2,No,2400,2400,0,5459,125
15:35:53.789,active,15357,534,8198,16784,0,95,61.7,51.9,No,2400,2400,0,5469,125
15:35:54.789,active,15341,484,6934,16785,0,95,61.7,54.3,No,2400,2400,0,5471,125
15:35:55.793,active,15296,520,8006,16785,0,95,61.7,56.6,No,2400,2400,0,5468,125
15:35:56.790,active,15339,466,8140,16785,-7,95,61.7,57.8,No,2400,2400,0,5469,125
15:35:57.789,active,15324,516,7928,16787,0,95,61.7,57.7,No,2400,2400,0,5474,125
15:35:58.789,active,15331,496,11400,16786,0,95,61.7,57.1,No,2400,2400,0,5471,125
15:35:59.789,active,15322,472,7252,16785,0,95,62.2,58.1,No,2400,2400,0,5486,125
15:36:00.789,active,15352,678,10378,16784,-7,95,61.7,58.4,No,2400,2400,0,5467,125
15:36:01.789,active,15324,418,6424,16785,-5,95,62.2,57.0,No,2400,2400,0,5480,125
15:36:02.790,active,15305,684,10514,16785,-4,95,62.2,56.8,No,2400,2400,0,5475,125
15:36:03.789,active,15311,672,10300,16784,-4,95,61.1,56.4,No,2400,2400,0,5478,125
15:36:04.789,active,15299,720,11034,16784,0,95,60.6,56.1,No,2400,2400,0,5478,125
15:36:05.789,active,15296,736,11284,16785,-3,95,61.7,51.9,No,2400,2400,0,5487,125
15:36:06.789,active,15303,736,8256,16785,0,95,61.7,51.7,No,2400,2400,0,5490,125
15:36:07.791,active,15299,722,11072,16785,0,95,61.1,51.9,No,2400,2400,0,5501,125
15:36:08.792,active,15294,492,7562,16785,-5,95,61.7,51.1,No,2400,2400,0,5488,125
15:36:09.793,active,15299,684,10514,16786,-3,95,61.1,51.7,No,2400,2400,0,5492,125
15:36:10.789,active,15299,550,8448,16786,-3,95,60.0,51.2,No,2400,2400,0,5496,125
15:36:11.789,active,15236,906,13890,16785,-4,95,60.6,52.7,No,2400,2400,0,5504,125
15:36:12.789,active,15283,832,12752,16784,-4,95,62.8,58.8,No,2400,2400,0,5494,125
15:36:13.789,sleep,15294,494,7562,16784,-3,95,59.5,48.0,No,2400,2400,0,5500,125
15:36:14.789,sleep,15301,502,7466,16788,12,95,57.3,0.0,No,2400,2400,0,5536,125
15:36:15.789,sleep,15296,486,7446,16790,11,95,56.8,-0.0,No,2400,2400,0,5548,125
15:36:16.789,sleep,15290,478,7060,16789,11,95,56.2,0.0,No,2400,2400,0,5548,125
15:36:17.789,sleep,15290,542,8294,16788,9,95,55.6,0.0,No,2400,2400,0,5544,125
15:36:18.789,sleep,15294,476,7292,16788,10,95,55.1,0.0,No,1500,2400,0,5551,125
15:36:19.789,sleep,15294,336,4996,16789,13,95,54.0,0.0,No,1500,2400,0,4210,75
15:36:20.789,sleep,15299,424,6500,16789,13,95,52.9,0.3,No,1500,2400,0,3517,75
15:36:21.789,sleep,15299,598,9162,16789,14,95,52.4,0.3,No,1500,2400,0,3414,75
15:36:22.789,sleep,15296,532,7754,16790,15,95,51.8,0.2,No,1500,2400,0,3395,75
15:36:23.789,sleep,15305,486,7466,16789,11,95,51.8,0.3,No,1500,2400,0,3397,75
15:36:24.789,sleep,15296,474,4842,16789,12,95,51.8,-0.0,No,1500,2400,0,3391,75
15:36:25.789,sleep,15303,574,8796,16788,18,95,51.2,0.3,No,1500,2400,0,3390,75
15:36:26.789,sleep,15296,526,8064,16790,16,95,51.2,0.0,No,1500,2400,0,3374,75
15:36:27.789,sleep,15301,562,7836,16788,9,95,51.2,-0.0,No,1500,2400,0,3375,75
15:36:28.789,active,15301,808,12366,16789,8,95,53.5,17.2,No,2400,2400,0,3362,75
15:36:29.790,active,15309,716,10976,16784,-8,95,55.1,58.2,No,2400,2400,0,3327,75
15:36:30.790,active,15305,694,10668,16783,-9,95,55.1,59.8,No,2400,2400,0,3309,75
15:36:31.789,active,15307,696,10668,16785,-7,95,56.8,58.7,No,2400,2400,0,3310,75
15:36:32.789,active,15303,704,6906,16786,-7,95,59.0,59.5,No,2400,2400,0,3297,75
15:36:33.789,active,15303,722,11072,16786,-7,95,58.4,58.6,No,2400,2400,0,3294,75
15:36:34.789,active,15301,414,7350,16786,-3,95,59.5,58.0,No,2400,2400,0,3286,75
15:36:35.792,active,15296,708,10860,16786,-3,95,59.5,58.7,No,2400,2400,0,3275,75
15:36:36.793,active,15301,502,7736,16785,-4,95,60.0,57.7,No,2400,2400,0,3265,75
15:36:37.796,active,15335,460,7774,16785,-4,95,61.1,55.5,No,2400,2400,0,3270,75
15:36:38.789,active,15283,720,11034,16785,-5,95,59.0,55.6,No,2400,2400,0,3265,75
15:36:39.789,active,15277,670,10300,16785,-4,95,59.5,55.6,No,2400,2400,0,3262,75
15:36:40.793,active,15314,682,9876,16786,0,95,60.0,59.4,No,2400,2400,0,3312,125
15:36:41.789,active,15309,782,11980,16785,-4,95,60.6,51.7,No,2400,2400,0,5198,125
15:36:42.790,active,15307,720,10976,16785,-3,95,60.6,51.4,No,2400,2400,0,5366,125
15:36:43.793,active,15301,682,10474,16785,0,95,61.1,51.2,No,2400,2400,0,5374,125
15:36:44.795,active,15264,632,9702,16788,3,95,60.0,53.9,No,2400,2400,0,5371,125
15:36:45.789,active,15309,700,11034,16787,0,95,60.0,54.3,No,2400,2400,0,5369,125
15:36:46.793,active,15303,756,11612,16787,0,95,60.6,53.5,No,2400,2400,0,5377,125
15:36:47.793,active,15316,818,12500,16785,0,95,60.6,53.6,No,2400,2400,0,5380,125
15:36:48.789,active,15318,506,11554,16785,0,95,61.1,55.8,No,2400,2400,0,5385,125
15:36:49.789,active,15251,772,11806,16785,0,95,61.7,52.7,No,2400,2400,0,5384,125
15:36:50.790,active,15283,932,13542,16785,-3,95,60.6,51.7,No,2400,2400,0,5388,125
15:36:51.789,active,15264,810,12384,16786,0,95,60.6,52.3,No,2400,2400,0,5408,125
15:36:52.789,active,15253,944,14448,16787,0,95,59.5,54.0,No,2400,2400,0,5412,125
15:36:53.789,active,15245,816,13870,16786,0,95,61.1,52.0,No,2400,2400,0,5411,125
15:36:54.789,active,15260,936,14332,16784,-5,95,60.6,52.0,No,2400,2400,0,5418,125
15:36:55.793,active,15273,744,13600,16783,-9,95,61.1,52.4,No,2400,2400,0,5417,125
15:36:56.789,active,15296,680,7156,16784,-7,95,61.1,53.5,No,2400,2400,0,5426,125
15:36:57.793,active,15331,482,7408,16785,-6,95,61.1,52.9,No,2400,2400,0,5426,125
15:36:58.789,active,15296,608,7754,16785,-6,95,60.0,54.4,No,2400,2400,0,5434,125
15:36:59.789,active,15326,462,7118,16786,0,95,61.1,53.7,No,2400,2400,0,5439,125
15:37:00.789,active,15335,486,7466,16785,0,95,60.6,52.4,No,2400,2400,0,5444,125
15:37:01.793,active,15348,498,7678,16785,0,95,62.2,52.9,No,2400,2400,0,5448,125
15:37:02.789,active,15354,502,7716,16787,0,95,60.6,53.5,No,2400,2400,0,5455,125
15:37:03.789,active,15311,504,7446,16787,0,95,61.1,53.2,No,2400,2400,0,5457,125
15:37:04.790,active,15307,522,8006,16786,0,95,61.1,52.7,No,2400,2400,0,5457,125
15:37:05.789,active,15303,666,10224,16786,0,95,61.1,54.7,No,2400,2400,0,5457,125
15:37:06.789,active,15318,736,11170,16785,-3,95,61.7,56.6,No,2400,2400,0,5462,125
15:37:07.793,active,15303,742,11400,16784,-4,95,62.2,57.6,No,2400,2400,0,5446,125
15:37:08.793,active,15286,514,10532,16784,-3,95,61.1,58.2,No,2400,2400,0,5454,125
15:37:09.789,active,15303,698,10706,16783,-8,95,61.1,56.0,No,2400,2400,0,5465,125
15:37:10.790,active,15305,692,10610,16785,0,95,62.2,56.7,No,2400,2400,0,5468,125
15:37:11.793,active,15299,780,11284,16785,0,95,61.7,55.8,No,2400,2400,0,5474,125
15:37:12.789,active,15307,686,10532,16785,0,95,61.7,56.8,No,2400,2400,0,5474,125
15:37:13.789,active,15311,758,11112,16786,0,95,60.0,57.2,No,2400,2400,0,5471,125
15:37:14.789,active,15275,678,15008,16784,-4,95,62.2,57.3,No,2400,2400,0,5472,125
15:37:15.789,active,15279,772,11806,16784,-3,95,61.7,58.4,No,2400,2400,0,5479,125
15:37:16.791,active,15275,766,12636,16784,-3,95,61.7,58.9,No,2400,2400,0,5486,125
15:37:17.794,active,15286,752,11536,16785,0,95,61.7,57.2,No,2400,2400,0,5489,125
15:37:18.789,active,15251,890,13638,16786,0,95,61.1,58.2,No,2400,2400,0,5490,125
15:37:19.789,active,15288,658,10088,16785,-4,95,62.8,59.3,No,2400,2400,0,5490,125
15:37:20.789,active,15264,914,13986,16786,0,95,62.8,57.8,No,2400,2400,0,5487,125
15:37:21.789,active,15281,778,14526,16784,-4,95,62.8,59.0,No,2400,2400,0,5488,125
15:37:22.789,active,15346,518,11498,16785,0,95,63.4,59.0,No,2400,2400,0,5496,125
15:37:23.791,active,15299,478,7350,16785,0,95,62.2,58.5,No,2400,2400,0,5492,125
15:37:24.793,active,15352,500,7832,16785,0,95,62.2,58.6,No,2400,2400,0,5490,125
15:37:25.792,active,15326,506,7792,16786,0,95,60.6,57.2,No,2400,2400,0,5496,125
15:37:26.789,active,15314,498,7310,16785,0,95,61.7,57.4,No,2400,2400,0,5493,125
15:37:27.789,active,15311,564,8662,16785,0,95,62.8,58.2,No,2400,2400,0,5492,125
15:37:28.789,sleep,15296,448,6886,16784,0,95,59.5,50.3,No,2400,2400,0,5501,125
15:37:29.789,sleep,15303,408,7292,16787,6,95,58.4,-0.0,No,2400,2400,0,5546,125
15:37:30.789,sleep,15296,418,6424,16788,7,95,56.8,0.3,No,2400,2400,0,5546,125
15:37:31.789,sleep,15299,432,6616,16788,9,95,56.2,-0.0,No,2400,2400,0,5545,125
15:37:32.789,sleep,15294,444,7814,16787,5,95,55.6,0.3,No,2400,2400,0,5548,125
15:37:33.789,sleep,15292,500,7678,16787,8,95,55.6,0.3,No,1500,2400,0,5546,125
15:37:34.789,sleep,15294,502,6076,16787,11,95,54.5,-0.0,No,1500,2400,0,5565,125
15:37:35.789,sleep,15296,524,8044,16788,14,95,53.5,0.0,No,1500,2400,0,3945,75
15:37:36.789,sleep,15296,530,5960,16789,16,95,53.5,0.3,No,1500,2400,0,3487,75
15:37:37.789,sleep,15299,474,7292,16790,19,95,52.4,0.0,No,1500,2400,0,3419,75
15:37:38.789,sleep,15294,404,6212,16789,17,95,52.9,0.3,No,1500,2400,0,3407,75
15:37:39.789,sleep,15294,376,5748,16789,17,95,51.8,0.0,No,1500,2400,0,3400,75
15:37:40.789,sleep,15301,464,7138,16789,15,95,51.8,0.0,No,1500,2400,0,3395,75
15:37:41.789,sleep,15296,518,7948,16789,15,95,51.2,0.8,No,1500,2400,0,3381,75
15:37:42.789,sleep,15294,548,8410,16790,16,95,51.8,0.0,No,1500,2400,0,3374,75
15:37:43.792,active,15286,766,11768,16789,15,95,53.5,13.8,No,1900,2400,0,3358,75
15:37:44.793,active,15273,834,12134,16786,-4,95,56.8,58.9,No,2400,2400,0,3318,75
15:37:45.790,active,15281,760,11652,16786,0,95,56.8,60.7,No,2400,2400,0,3314,75
15:37:46.790,active,15277,632,14178,16785,-3,95,57.3,59.0,No,2400,2400,0,3300,75
15:37:47.789,active,15305,702,10764,16785,-3,95,57.3,56.4,No,2400,2400,0,3311,75
15:37:48.793,active,15286,846,12944,16785,0,95,59.0,55.9,No,2400,2400,0,3312,75
15:37:49.789,active,15326,460,11226,16786,-4,95,59.0,55.7,No,2400,2400,0,3303,75
15:37:50.789,active,15320,514,7890,16785,-6,95,60.0,54.8,No,2400,2400,0,3290,75
15:37:51.789,active,15314,736,8236,16785,-5,95,59.5,60.6,No,2400,2400,0,3284,75
15:37:52.790,active,15307,530,8120,16785,-3,95,59.5,53.8,No,2400,2400,0,3279,75
15:37:53.789,active,15307,738,11324,16786,0,95,57.9,51.0,No,2400,2400,0,3281,75
15:37:54.789,active,15307,444,13722,16786,0,95,59.0,52.0,No,2400,2400,0,4201,125
15:37:55.789,active,15316,574,8796,16785,0,95,59.5,52.2,No,2400,2400,0,5314,125
15:37:56.793,active,15311,478,11690,16784,-6,95,60.0,52.0,No,2400,2400,0,5389,125
15:37:57.793,active,15268,674,10340,16784,0,95,60.0,51.2,No,2400,2400,0,5390,125
15:37:58.789,active,15294,716,12520,16786,0,95,60.6,52.0,No,2400,2400,0,5394,125
15:37:59.793,active,15305,726,10532,16786,-4,95,61.1,54.0,No,2400,2400,0,5383,125
15:38:00.789,active,15303,706,10822,16787,-4,95,59.5,51.5,No,2400,2400,0,5393,125
15:38:01.789,active,15296,682,8102,16787,0,95,60.0,52.2,No,2400,2400,0,5393,125
15:38:02.789,active,15339,558,8584,16786,0,95,60.6,52.0,No,2400,2400,0,5397,125
15:38:03.793,active,15303,506,7774,16786,0,95,60.6,51.7,No,2400,2400,0,5408,125
15:38:04.789,active,15354,514,7890,16785,0,95,60.6,51.4,No,2400,2400,0,5413,125
15:38:05.793,active,15296,516,7928,16786,3,95,61.1,51.7,No,2400,2400,0,5415,125
15:38:06.790,active,15294,758,8392,16787,0,95,59.0,54.5,No,2400,2400,0,5417,125
15:38:07.789,active,15281,800,7696,16786,0,95,59.5,53.2,No,2400,2400,0,5425,125
15:38:08.789,active,15266,844,12944,16787,3,95,60.0,55.1,No,2400,2400,0,5422,125
15:38:09.789,active,15262,936,11440,16787,4,95,61.1,52.6,No,2400,2400,0,5432,125
15:38:10.790,active,15309,664,10186,16786,0,95,61.1,51.8,No,2400,2400,0,5438,125
15:38:11.789,active,15320,728,11188,16785,0,95,60.6,51.7,No,2400,2400,0,5440,125
15:38:12.793,active,15305,740,11362,16785,0,95,60.6,52.0,No,2400,2400,0,5444,125
15:38:13.790,active,15307,674,10340,16785,0,95,60.6,54.2,No,2400,2400,0,5444,125
15:38:14.789,active,15299,720,12018,16785,0,95,60.6,54.5,No,2400,2400,0,5449,125
15:38:15.789,active,15309,770,11806,16785,0,95,60.6,56.1,No,2400,2400,0,5453,125
15:38:16.789,active,15314,702,12134,16785,0,95,61.7,52.4,No,2400,2400,0,5457,125
15:38:17.793,active,15311,484,7446,16786,-3,95,61.7,53.4,No,2400,2400,0,5456,125
15:38:18.789,active,15322,548,8410,16787,-4,95,61.7,56.7,No,2400,2400,0,5467,125
15:38:19.790,active,15307,448,11612,16786,-4,95,61.1,56.9,No,2400,2400,0,5469,125
15:38:20.794,active,15316,720,11014,16787,-3,95,61.7,56.5,No,2400,2400,0,5470,125
15:38:21.789,active,15316,490,10976,16784,0,95,61.7,57.6,No,2400,2400,0,5484,125
15:38:22.789,active,15266,718,10976,16785,0,95,62.2,57.4,No,2400,2400,0,5478,125
15:38:23.789,active,15314,956,13060,16785,0,95,62.2,56.3,No,2400,2400,0,5487,125
15:38:24.789,active,15258,718,10996,16786,0,95,62.2,56.0,No,2400,2400,0,5493,125
15:38:25.791,active,15316,718,11014,16784,-4,95,62.8,56.9,No,2400,2400,0,5485,125
15:38:26.797,active,15301,740,11284,16785,-5,95,61.7,58.0,No,2400,2400,0,5477,125
15:38:27.789,active,15301,730,11188,16784,-4,95,61.7,58.4,No,2400,2400,0,5484,125
15:38:28.789,active,15301,712,10898,16785,0,95,61.7,58.5,No,2400,2400,0,5487,125
15:38:29.793,active,15303,766,11768,16785,-3,95,62.8,58.1,No,2400,2400,0,5490,125
15:38:30.793,active,15301,496,7638,16785,0,95,62.8,58.7,No,2400,2400,0,5491,125
15:38:31.789,active,15301,736,7426,16786,-3,95,62.8,57.8,No,2400,2400,0,5487,125
15:38:32.790,active,15348,502,7736,16786,0,95,62.2,58.7,No,2400,2400,0,5487,125
15:38:33.791,active,15296,708,8276,16785,-3,95,62.8,59.4,No,2400,2400,0,5499,125
15:38:34.790,active,15296,658,10108,16785,0,95,61.7,58.1,No,2400,2400,0,5500,125
15:38:35.789,active,15279,824,12636,16786,0,95,62.2,58.8,No,2400,2400,0,5497,125
15:38:36.789,active,15294,702,10552,16786,0,95,61.7,52.0,No,2400,2400,0,5507,125
15:38:37.789,active,15307,786,12076,16787,4,95,62.2,51.9,No,2400,2400,0,5502,125
15:38:38.789,active,15307,662,11226,16786,0,95,62.2,51.5,No,2400,2400,0,5504,125
15:38:39.789,active,15299,694,10648,16785,0,95,62.8,51.7,No,2400,2400,0,5510,125
15:38:40.793,active,15307,684,10494,16787,3,95,61.1,51.9,No,2400,2400,0,5502,125
15:38:41.789,active,15301,692,10628,16785,0,95,60.6,51.4,No,2400,2400,0,5513,125
15:38:42.789,active,15303,720,11054,16786,0,95,61.1,52.8,No,2400,2400,0,5511,125
15:38:43.789,sleep,15294,494,7446,16785,0,95,60.6,49.2,No,2400,2400,0,5509,125
15:38:44.789,sleep,15294,474,7292,16787,12,95,57.9,0.3,No,2400,2400,0,5554,125
15:38:45.789,sleep,15294,428,6578,16787,13,95,56.8,0.2,No,2400,2400,0,5553,125
15:38:46.789,sleep,15299,500,7600,16790,15,95,56.2,0.0,No,2400,2400,0,5559,125
15:38:47.789,sleep,15301,480,7368,16790,15,95,55.1,-0.0,No,2400,2400,0,5559,125
15:38:48.789,sleep,15301,494,7580,16790,14,95,55.6,0.2,No,2400,2400,0,5560,125
15:38:49.789,sleep,15299,378,5806,16790,15,95,54.0,0.0,No,1500,2400,0,5498,75
15:38:50.789,sleep,15299,506,7754,16789,18,95,53.5,0.3,No,1500,2400,0,3736,75
15:38:51.789,sleep,15294,540,8294,16789,18,95,52.9,0.0,No,1500,2400,0,3460,75
15:38:52.789,sleep,15292,336,5150,16790,21,95,52.9,0.3,No,1500,2400,0,3418,75
15:38:53.789,sleep,15294,534,3548,16789,12,95,52.4,0.3,No,1500,2400,0,3408,75
15:38:54.789,sleep,15299,410,6268,16790,16,95,52.9,0.0,No,1500,2400,0,3397,75
15:38:55.789,sleep,15296,306,4706,16789,12,95,51.8,0.2,No,1500,2400,0,3402,75
15:38:56.789,sleep,15294,484,7426,16788,14,95,51.2,-0.0,No,1500,2400,0,3384,75
15:38:57.789,sleep,15294,540,8276,16788,12,95,51.8,0.3,No,1500,2400,0,3362,75
15:38:58.795,active,15296,616,10842,16790,16,95,54.0,9.5,No,1900,2400,0,3360,75
15:38:59.789,active,15309,496,7620,16786,-7,95,55.6,56.3,No,2400,2400,0,3341,75
15:39:00.793,active,15326,452,7330,16787,0,95,56.8,54.1,No,2400,2400,0,3327,75
15:39:01.793,active,15307,430,6596,16786,-4,95,57.3,54.4,No,2400,2400,0,3321,75
15:39:02.789,active,15299,702,10764,16785,-5,95,56.8,59.3,No,2400,2400,0,3313,75
15:39:03.789,active,15307,686,9818,16786,0,95,57.9,52.3,No,2400,2400,0,3306,75
15:39:04.789,active,15303,696,10686,16785,0,95,59.5,52.2,No,2400,2400,0,3298,75
15:39:05.789,active,15275,650,9972,16787,-5,95,59.0,54.3,No,2400,2400,0,3294,75
15:39:06.794,active,15311,676,10378,16787,-3,95,59.5,53.8,No,2400,2400,0,3275,75
15:39:07.793,active,15303,736,11284,16786,-3,95,59.5,53.3,No,2400,2400,0,3259,75
15:39:08.792,active,15303,738,10300,16786,0,95,59.5,51.9,No,2400,2400,0,3260,75
15:39:09.789,active,15301,682,10456,16784,0,95,59.5,53.2,No,2400,2400,0,3264,75
15:39:10.789,active,15301,672,9220,16786,-3,95,59.5,53.2,No,2400,2400,0,3253,75
15:39:11.792,active,15268,586,12886,16787,0,95,60.6,54.5,No,2400,2400,0,4654,125
15:39:12.789,active,15256,880,13446,16786,-3,95,60.0,51.7,No,2400,2400,0,5326,125
15:39:13.790,active,15264,756,13870,16785,-3,95,60.6,53.3,No,2400,2400,0,5379,125
15:39:14.793,active,15256,836,12790,16784,-4,95,61.1,53.6,No,2400,2400,0,5379,125
15:39:15.790,active,15249,872,13350,16785,-3,95,59.5,53.2,No,2400,2400,0,5369,125
15:39:16.789,active,15262,882,13504,16785,-3,95,60.0,53.6,No,2400,2400,0,5373,125
15:39:17.789,active,15268,766,11728,16784,-6,95,61.1,54.5,No,2400,2400,0,5376,125
15:39:18.790,active,15266,902,11574,16785,-4,95,61.1,52.8,No,2400,2400,0,5386,125
15:39:19.793,active,15294,678,10398,16786,-3,95,61.1,51.7,No,2400,2400,0,5387,125
15:39:20.789,active,15361,468,7176,16785,0,95,60.0,51.4,No,2400,2400,0,5385,125
15:39:21.790,active,15301,748,7310,16785,-4,95,61.7,54.1,No,2400,2400,0,5394,125
15:39:22.794,active,15341,544,8372,16785,-8,95,60.0,53.3,No,2400,2400,0,5406,125
15:39:23.789,active,15335,510,7696,16785,-6,95,60.6,55.0,No,2400,2400,0,5412,125
15:39:24.789,active,15314,496,7620,16785,-6,95,60.6,52.2,No,2400,2400,0,5412,125
15:39:25.792,active,15320,484,7446,16785,-6,95,61.7,52.2,No,2400,2400,0,5417,125
15:39:26.793,active,15318,472,9794,16784,-7,95,60.6,53.2,No,2400,2400,0,5431,125
15:39:27.789,active,15329,544,8372,16785,-4,95,62.2,53.8,No,2400,2400,0,5426,125
15:39:28.789,active,15352,498,9800,16786,-4,95,61.7,56.3,No,2400,2400,0,5431,125
15:39:29.790,active,15309,694,10648,16786,-3,95,61.1,56.1,No,2400,2400,0,5442,125
15:39:30.789,active,15307,676,10378,16787,0,95,60.6,56.8,No,2400,2400,0,5440,125
15:39:31.789,active,15273,858,10456,16785,-4,95,62.2,57.4,No,2400,2400,0,5443,125
15:39:32.790,active,15301,784,12038,16785,-4,95,62.2,56.8,No,2400,2400,0,5446,125
15:39:33.789,active,15296,542,11054,16784,-4,95,62.2,56.7,No,2400,2400,0,5446,125
15:39:34.789,active,15296,682,10474,16785,-7,95,61.7,56.1,No,2400,2400,0,5455,125
15:39:35.790,active,15305,732,11226,16784,-9,95,61.1,55.1,No,2400,2400,0,5460,125
15:39:36.790,active,15292,702,11690,16786,-5,95,62.2,58.3,No,2400,2400,0,5453,125
15:39:37.789,active,15299,722,11072,16786,0,95,61.1,58.9,No,2400,2400,0,5462,125
15:39:38.792,active,15264,896,13734,16785,-5,95,63.4,57.6,No,2400,2400,0,5468,125
15:39:39.793,active,15268,636,11034,16784,-6,95,62.2,59.8,No,2400,2400,0,5465,125
15:39:40.789,active,15283,872,13350,16783,-6,95,62.2,59.5,No,2400,2400,0,5459,125
15:39:41.789,active,15294,1018,13812,16784,-7,95,62.2,58.1,No,2400,2400,0,5467,125
15:39:42.793,active,15277,780,11940,16784,-7,95,61.7,57.8,No,2400,2400,0,5472,125
15:39:43.789,active,15290,794,12152,16784,-11,95,62.8,58.7,No,2400,2400,0,5472,125
15:39:44.789,active,15271,922,11188,16784,-10,95,61.7,58.4,No,2400,2400,0,5476,125
15:39:45.793,active,15283,914,14004,16784,-12,95,62.2,58.8,No,2400,2400,0,5474,125
15:39:46.789,active,15275,916,11054,16783,-11,95,62.2,58.5,No,2400,2400,0,5486,125
15:39:47.789,active,15359,540,8314,16784,-8,95,62.8,58.0,No,2400,2400,0,5479,125
15:39:48.790,active,15346,514,7890,16785,-3,95,61.7,57.9,No,2400,2400,0,5492,125
15:39:49.793,active,15326,484,10456,16784,-5,95,61.1,56.9,No,2400,2400,0,5484,125
15:39:50.790,active,15318,470,7214,16785,0,95,62.2,57.8,No,2400,2400,0,5486,125
15:39:51.789,active,15324,724,8140,16784,-8,95,62.8,58.6,No,2400,2400,0,5490,125
15:39:52.792,active,15318,568,8718,16783,-6,95,63.4,58.1,No,2400,2400,0,5494,125
15:39:53.789,active,15322,732,11208,16785,-8,95,63.4,58.2,No,2400,2400,0,5494,125
15:39:54.789,active,15307,700,11512,16785,-8,95,62.8,58.0,No,2400,2400,0,5495,125
15:39:55.793,active,15318,682,10436,16784,-8,95,62.2,58.0,No,2400,2400,0,5490,125
15:39:56.793,active,15309,742,11382,16785,-4,95,61.7,59.0,No,2400,2400,0,5498,125
15:39:57.789,active,15299,730,7860,16785,-5,95,61.1,58.0,No,2400,2400,0,5496,125
15:39:58.789,sleep,15305,742,11382,16784,-5,95,61.7,59.3,No,2400,2400,0,5492,125
15:39:59.789,sleep,15296,526,7580,16785,4,95,59.0,-0.0,No,2400,2400,0,5545,125
15:40:00.789,sleep,15296,494,7562,16786,9,95,57.3,0.3,No,2400,2400,0,5546,125
15:40:01.789,sleep,15303,536,8064,16788,9,95,56.8,-0.0,No,2400,2400,0,5552,125
15:40:02.789,sleep,15299,498,7638,16789,16,95,55.6,0.0,No,2400,2400,0,5551,125
15:40:03.789,sleep,15292,538,8256,16787,9,95,54.5,0.2,No,2400,2400,0,5547,125
15:40:04.789,sleep,15292,336,5170,16789,11,95,54.5,0.0,No,1500,2400,0,4764,75
15:40:05.789,sleep,15294,300,4590,16789,17,95,53.5,0.3,No,1500,2400,0,3613,75
15:40:06.789,sleep,15294,448,6866,16788,16,95,52.9,0.0,No,1500,2400,0,3441,75
15:40:07.789,sleep,15294,536,8218,16788,15,95,52.9,0.0,No,1500,2400,0,3412,75
15:40:08.789,sleep,15290,298,4590,16788,13,95,52.4,0.3,No,1500,2400,0,3397,75
15:40:09.789,sleep,15286,442,4590,16788,9,95,51.8,0.0,No,1500,2400,0,3392,75
15:40:10.789,sleep,15294,504,7716,16789,12,95,51.8,0.3,No,1500,2400,0,3393,75
15:40:11.789,sleep,15294,380,5112,16789,12,95,51.8,0.0,No,1500,2400,0,3392,75
15:40:12.789,sleep,15296,532,8178,16788,13,95,51.8,0.2,No,1500,2400,0,3388,75
15:40:13.798,active,15286,544,8102,16788,13,95,51.8,4.9,No,1500,2400,0,3379,75
15:40:14.789,active,15311,452,9144,16784,-6,95,56.2,56.4,No,2400,2400,0,3340,75
15:40:15.789,active,15303,452,6944,16785,-9,95,56.2,51.7,No,2400,2400,0,3332,75
15:40:16.790,active,15307,960,13040,16787,0,95,56.8,51.4,No,2400,2400,0,3316,75
15:40:17.789,active,15303,514,7890,16785,-3,95,57.3,52.7,No,2400,2400,0,3306,75
15:40:18.789,active,15314,834,12752,16785,0,95,57.3,53.2,No,2400,2400,0,3300,75
15:40:19.789,active,15305,628,10668,16784,-7,95,59.0,53.5,No,2400,2400,0,3287,75
15:40:20.789,active,15314,632,9664,16784,-7,95,59.5,53.8,No,2400,2400,0,3272,75
15:40:21.789,active,15262,554,13406,16785,-8,95,59.0,53.2,No,2400,2400,0,3280,75
15:40:22.789,active,15251,700,10686,16787,-4,95,59.5,52.4,No,2400,2400,0,3271,75
15:40:23.793,active,15303,444,6848,16785,-8,95,59.5,51.8,No,2400,2400,0,3267,75
15:40:24.795,active,15290,698,7754,16786,-7,95,59.5,51.3,No,2400,2400,0,5065,125
15:40:25.789,active,15350,438,6732,16784,-5,95,59.5,51.7,No,2400,2400,0,5371,125
15:40:26.789,active,15303,502,7696,16783,-6,95,60.0,52.0,No,2400,2400,0,5391,125
15:40:27.792,active,15350,510,7870,16784,-5,95,60.0,52.2,No,2400,2400,0,5388,125
15:40:28.790,active,15294,502,7696,16784,-9,95,62.2,53.4,No,2400,2400,0,5385,125
15:40:29.789,active,15354,528,7080,16784,-7,95,61.7,52.6,No,2400,2400,0,5383,125
15:40:30.793,active,15322,484,7426,16784,-8,95,60.6,51.4,No,2400,2400,0,5389,125
15:40:31.790,active,15266,808,7986,16784,-4,95,60.0,52.1,No,2400,2400,0,5393,125
15:40:32.789,active,15307,760,10764,16785,0,95,60.6,54.1,No,2400,2400,0,5406,125
15:40:33.789,active,15303,734,11266,16784,-6,95,60.0,52.2,No,2400,2400,0,5405,125
15:40:34.793,active,15307,754,11574,16785,-4,95,60.6,51.9,No,2400,2400,0,5414,125
15:40:35.789,active,15299,726,11130,16784,-6,95,60.0,51.4,No,2400,2400,0,5413,125
15:40:36.789,active,15309,706,10842,16783,-7,95,61.1,51.3,No,2400,2400,0,5428,125
15:40:37.790,active,15299,680,10224,16784,-5,95,61.1,51.1,No,2400,2400,0,5427,125
15:40:38.794,active,15294,686,10514,16784,-3,95,60.0,52.0,No,2400,2400,0,5428,125
15:40:39.789,active,15307,750,11092,16785,0,95,61.7,54.4,No,2400,2400,0,5432,125
15:40:40.789,active,15262,592,12578,16785,0,95,61.1,55.1,No,2400,2400,0,5431,125
15:40:41.793,active,15247,810,12384,16785,0,95,61.1,52.5,No,2400,2400,0,5450,125
15:40:42.789,active,15264,888,15356,16785,0,95,60.0,52.6,No,2400,2400,0,5446,125
15:40:43.790,active,15264,764,11710,16785,0,95,61.1,55.7,No,2400,2400,0,5441,125
15:40:44.793,active,15271,668,10244,16786,-3,95,60.6,58.0,No,2400,2400,0,5443,125
15:40:45.790,active,15262,772,14758,16785,-5,95,60.6,55.2,No,2400,2400,0,5456,125
15:40:46.789,active,15271,812,12442,16785,0,95,62.2,58.3,No,2400,2400,0,5454,125
15:40:47.793,active,15264,746,14660,16785,0,95,60.6,57.1,No,2400,2400,0,5454,125
15:40:48.793,active,15290,740,11342,16785,-3,95,62.2,57.8,No,2400,2400,0,5448,125
15:40:49.789,active,15331,490,7522,16785,-5,95,62.2,57.8,No,2400,2400,0,5465,125
15:40:50.790,active,15299,720,11400,16785,-6,95,62.2,59.8,No,2400,2400,0,5468,125
15:40:51.795,active,15311,468,7176,16785,-4,95,61.7,59.7,No,2400,2400,0,5474,125
15:40:52.789,active,15296,472,7252,16784,-5,95,62.2,58.1,No,2400,2400,0,5474,125
15:40:53.789,active,15341,486,6616,16784,-4,95,61.7,59.1,No,2400,2400,0,5477,125
15:40:54.789,active,15324,522,8024,16784,-6,95,62.2,58.9,No,2400,2400,0,5482,125
15:40:55.793,active,15314,502,7522,16785,0,95,61.7,51.8,No,2400,2400,0,5483,125
15:40:56.789,active,15303,484,7446,16784,-3,95,61.1,51.2,No,2400,2400,0,5483,125
15:40:57.789,active,15320,508,7812,16784,-4,95,61.7,51.8,No,2400,2400,0,5487,125
15:40:58.790,active,15294,752,10628,16783,0,95,60.6,51.4,No,2400,2400,0,5489,125
15:40:59.789,active,15303,776,11922,16785,-3,95,60.6,51.4,No,2400,2400,0,5489,125
15:41:00.789,active,15299,756,11612,16784,0,95,62.2,52.9,No,2400,2400,0,5492,125
15:41:01.789,active,15307,692,10610,16785,-3,95,62.8,57.7,No,2400,2400,0,5489,125
15:41:02.789,active,15301,698,10706,16784,-3,95,62.2,57.5,No,2400,2400,0,5495,125
15:41:03.792,active,15299,776,11014,16784,-3,95,62.2,56.8,No,2400,2400,0,5499,125
15:41:04.793,active,15299,736,11284,16784,-5,95,61.1,58.6,No,2400,2400,0,5489,125
15:41:05.789,active,15301,718,10186,16784,-3,95,62.2,58.0,No,2400,2400,0,5497,125
15:41:06.789,active,15303,764,11728,16784,-3,95,61.7,58.6,No,2400,2400,0,5495,125
15:41:07.789,active,15268,782,11960,16784,-3,95,62.2,59.0,No,2400,2400,0,5496,125
15:41:08.789,active,15264,790,13388,16786,0,95,62.2,58.3,No,2400,2400,0,5501,125
15:41:09.789,active,15277,798,12230,16787,0,95,62.2,58.4,No,2400,2400,0,5497,125
15:41:10.792,active,15275,948,14526,16785,0,95,62.8,58.2,No,2400,2400,0,5499,125
15:41:11.790,active,15281,848,13002,16786,0,95,61.7,58.7,No,2400,2400,0,5500,125
15:41:12.792,active,15268,752,11536,16785,0,95,62.2,58.4,No,2400,2400,0,5505,125
15:41:13.789,active,15277,960,11246,16784,0,95,61.7,58.5,No,2400,2400,0,5502,125
15:41:14.789,sleep,15301,534,8198,16787,7,95,58.4,4.0,No,2400,2400,0,5549,125
15:41:15.789,sleep,15294,516,7080,16787,10,95,56.8,0.3,No,2400,2400,0,5555,125
15:41:16.789,sleep,15296,616,7562,16788,12,95,56.2,0.0,No,2400,2400,0,5549,125
15:41:17.789,sleep,15301,502,7696,16787,10,95,56.2,0.3,No,2400,2400,0,5553,125
15:41:18.789,sleep,15296,502,6924,16787,13,95,55.6,-0.0,No,2400,2400,0,5556,125
15:41:19.789,sleep,15292,324,4976,16789,16,95,54.5,0.3,No,1500,2400,0,4246,75
15:41:20.789,sleep,15296,318,7060,16789,16,95,53.5,0.3,No,1500,2400,0,3527,75
15:41:21.789,sleep,15299,358,5498,16789,16,95,52.9,0.0,No,1500,2400,0,3432,75
15:41:22.789,sleep,15296,308,4744,16789,18,95,52.4,0.0,No,1500,2400,0,3409,75
15:41:23.789,sleep,15299,274,8990,16788,14,95,52.4,0.5,No,1500,2400,0,3400,75
15:41:24.789,sleep,15303,654,10030,16788,11,95,52.4,1.0,No,1500,2400,0,3390,75
15:41:25.789,sleep,15296,402,6172,16788,10,95,51.8,0.7,No,1500,2400,0,3383,75
15:41:26.789,sleep,15292,368,5652,16787,9,95,51.8,0.0,No,1500,2400,0,3379,75
15:41:27.789,sleep,15294,546,8372,16788,12,95,51.8,0.3,No,1500,2400,0,3377,75
15:41:28.789,sleep,15299,368,7812,16788,11,95,51.8,0.3,No,1500,2400,0,3367,75
15:41:29.793,active,15301,704,10802,16785,-3,95,56.2,56.6,No,2400,2400,0,3330,75
15:41:30.789,active,15305,472,7252,16785,-8,95,57.3,54.9,No,2400,2400,0,3320,75
15:41:31.790,active,15301,646,9916,16785,-4,95,57.9,53.1,No,2400,2400,0,3316,75
15:41:32.790,active,15303,732,11246,16784,0,95,58.4,52.5,No,2400,2400,0,3305,75
15:41:33.794,active,15337,508,7638,16785,0,95,58.4,54.2,No,2400,2400,0,3299,75
15:41:34.789,active,15281,662,14006,16785,-3,95,59.5,54.9,No,2400,2400,0,3296,75
15:41:35.789,active,15253,688,10552,16785,0,95,59.0,52.5,No,2400,2400,0,3288,75
15:41:36.789,active,15266,878,10842,16786,-5,95,61.1,55.6,No,2400,2400,0,3274,75
15:41:37.789,active,15279,936,14352,16785,-7,95,60.6,54.9,No,2400,2400,0,3270,75
15:41:38.790,active,15268,708,9124,16787,0,95,59.5,54.1,No,2400,2400,0,3261,75
15:41:39.793,active,15311,724,11092,16785,-5,95,59.0,54.0,No,2400,2400,0,3262,75
15:41:40.789,active,15294,782,11980,16785,-3,95,60.0,53.1,No,2400,2400,0,3299,125
15:41:41.789,active,15301,754,11824,16784,-6,95,61.1,54.4,No,2400,2400,0,5191,125
15:41:42.789,active,15305,740,11362,16785,-6,95,60.0,52.2,No,2400,2400,0,5366,125
15:41:43.790,active,15329,626,9606,16785,-3,95,60.6,52.9,No,2400,2400,0,5373,125
15:41:44.789,active,15307,426,11554,16786,-6,95,61.1,53.7,No,2400,2400,0,5375,125
15:41:45.790,active,15253,606,9278,16784,-6,95,61.1,54.0,No,2400,2400,0,5379,125
15:41:46.794,active,15307,844,12886,16785,0,95,60.6,54.7,No,2400,2400,0,5382,125
15:41:47.789,active,15279,706,10802,16784,-4,95,60.6,54.0,No,2400,2400,0,5387,125
15:41:48.789,active,15305,868,13292,16785,0,95,60.6,53.7,No,2400,2400,0,5389,125
15:41:49.789,active,15247,774,14970,16786,0,95,61.1,52.3,No,2400,2400,0,5397,125
15:41:50.793,active,15258,876,13406,16786,0,95,61.1,51.8,No,2400,2400,0,5402,125
15:41:51.789,active,15266,764,11902,16785,0,95,61.1,54.2,No,2400,2400,0,5402,125
15:41:52.790,active,15299,750,7484,16785,0,95,61.1,56.9,No,2400,2400,0,5415,125
15:41:53.791,active,15299,664,10186,16784,-4,95,60.6,56.3,No,2400,2400,0,5414,125
15:41:54.789,active,15301,738,7350,16784,-3,95,61.7,56.0,No,2400,2400,0,5415,125
15:41:55.789,active,15354,498,7658,16785,-3,95,61.7,57.5,No,2400,2400,0,5423,125
15:41:56.793,active,15305,564,8680,16786,-5,95,61.7,56.3,No,2400,2400,0,5422,125
15:41:57.791,active,15294,490,7522,16786,-5,95,61.7,57.1,No,2400,2400,0,5431,125
15:41:58.791,active,15301,478,7368,16786,-4,95,61.7,58.7,No,2400,2400,0,5430,125
15:41:59.790,active,15296,524,7870,16784,-6,95,62.2,58.7,No,2400,2400,0,5432,125
15:42:00.789,active,15337,502,7716,16784,-5,95,61.7,57.1,No,2400,2400,0,5442,125
15:42:01.789,active,15275,790,12114,16784,-4,95,62.2,57.3,No,2400,2400,0,5450,125
15:42:02.789,active,15290,788,9934,16785,0,95,62.8,59.6,No,2400,2400,0,5439,125
15:42:03.789,active,15301,706,10842,16785,0,95,63.9,57.3,No,2400,2400,0,5433,125
15:42:04.789,active,15305,710,10898,16783,-3,95,62.2,57.9,No,2400,2400,0,5445,125
15:42:05.791,active,15305,740,11362,16784,-7,95,62.8,58.2,No,2400,2400,0,5466,125
15:42:06.794,active,15288,726,11150,16784,0,95,62.2,59.4,No,2400,2400,0,5463,125
15:42:07.790,active,15299,786,10590,16784,-7,95,62.8,57.8,No,2400,2400,0,5464,125
15:42:08.789,active,15305,690,10572,16785,-4,95,61.1,52.6,No,2400,2400,0,5476,125
15:42:09.789,active,15303,714,7638,16785,-4,95,61.1,52.0,No,2400,2400,0,5478,125
15:42:10.789,active,15260,618,13804,16783,-6,95,61.7,52.2,No,2400,2400,0,5481,125
15:42:11.789,active,15311,862,13194,16783,-5,95,61.7,51.4,No,2400,2400,0,5484,125
15:42:12.789,active,15249,850,14160,16783,0,95,62.2,51.8,No,2400,2400,0,5491,125
15:42:13.793,active,15262,910,13928,16784,-3,95,61.1,51.6,No,2400,2400,0,5487,125
15:42:14.789,active,15268,918,12172,16786,0,95,61.7,58.2,No,2400,2400,0,5493,125
15:42:15.789,active,15277,742,11362,16786,0,95,61.1,58.1,No,2400,2400,0,5491,125
15:42:16.789,active,15258,902,13812,16786,0,95,62.2,58.9,No,2400,2400,0,5485,125
15:42:17.789,active,15266,936,14314,16785,0,95,62.8,54.7,No,2400,2400,0,5495,125
15:42:18.789,active,15275,954,14604,16784,0,95,62.8,57.2,No,2400,2400,0,5496,125
15:42:19.792,active,15301,492,7832,16785,0,95,62.2,58.9,No,2400,2400,0,5498,125
15:42:20.792,active,15357,556,8584,16786,0,95,63.9,60.0,No,2400,2400,0,5492,125
15:42:21.792,active,15296,496,7620,16785,0,95,61.1,58.2,No,2400,2400,0,5502,125
15:42:22.789,active,15348,478,8118,16785,0,95,61.1,59.3,No,2400,2400,0,5501,125
15:42:23.789,active,15333,504,7716,16784,-5,95,61.7,57.2,No,2400,2400,0,5509,125
15:42:24.793,active,15324,504,6848,16784,0,95,62.2,54.8,No,2400,2400,0,5505,125
15:42:25.793,active,15309,490,7522,16786,0,95,62.2,54.2,No,2400,2400,0,5506,125
15:42:26.789,active,15318,474,7176,16786,0,95,62.2,54.1,No,2400,2400,0,5513,125
15:42:27.792,active,15314,516,7928,16785,0,95,62.2,56.4,No,2400,2400,0,5504,125
15:42:28.796,active,15305,752,11536,16785,0,95,62.8,59.1,No,2400,2400,0,5505,125
15:42:29.789,sleep,15296,496,7678,16786,6,95,57.9,6.8,No,2400,2400,0,5552,125
15:42:30.789,sleep,15296,546,8392,16787,12,95,57.9,0.0,No,2400,2400,0,5557,125
15:42:31.789,sleep,15303,482,7388,16786,10,95,56.8,0.0,No,2400,2400,0,5551,125
15:42:32.789,sleep,15296,504,6948,16788,12,95,56.2,0.0,No,2400,2400,0,5555,125
15:42:33.789,sleep,15299,288,4436,16788,12,95,56.2,0.3,No,2400,2400,0,5558,125
15:42:34.789,sleep,15299,416,5266,16788,14,95,54.5,0.5,No,1500,2400,0,5566,125
15:42:35.789,sleep,15296,476,7292,16788,14,95,54.5,0.3,No,1500,2400,0,3958,75
15:42:36.789,sleep,15290,460,7484,16788,19,95,52.4,-0.0,No,1500,2400,0,3492,75
15:42:37.789,sleep,15301,570,7252,16788,16,95,52.4,0.0,No,1500,2400,0,3423,75
15:42:38.789,sleep,15290,590,9066,16789,15,95,52.9,0.3,No,1500,2400,0,3407,75
15:42:39.789,sleep,15296,380,5786,16789,14,95,52.4,0.2,No,1500,2400,0,3406,75
15:42:40.789,sleep,15290,496,7600,16788,12,95,52.4,0.3,No,1500,2400,0,3404,75
15:42:41.789,sleep,15294,482,7388,16788,16,95,52.9,-0.0,No,1500,2400,0,3397,75
15:42:42.789,sleep,15296,346,7870,16788,17,95,51.8,0.0,No,1500,2400,0,3381,75
15:42:43.789,sleep,15294,402,6172,16789,15,95,51.8,0.3,No,1500,2400,0,3377,75
15:42:44.792,active,15264,612,10686,16786,0,95,55.6,55.8,No,2400,2400,0,3340,75
15:42:45.793,active,15311,656,10050,16786,-4,95,56.8,54.8,No,2400,2400,0,3327,75
15:42:46.789,active,15309,486,7466,16786,0,95,57.3,52.6,No,2400,2400,0,3330,75
15:42:47.793,active,15320,458,7040,16785,0,95,59.0,53.7,No,2400,2400,0,3321,75
15:42:48.790,active,15305,488,7484,16785,0,95,57.9,52.8,No,2400,2400,0,3303,75
15:42:49.789,active,15326,712,10918,16784,0,95,57.9,53.1,No,2400,2400,0,3303,75
15:42:50.789,active,15305,406,12596,16785,-4,95,58.4,52.5,No,2400,2400,0,3297,75
15:42:51.789,active,15249,550,8410,16785,-5,95,60.0,52.0,No,2400,2400,0,3292,75
15:42:52.790,active,15305,472,13658,16785,-3,95,59.5,52.6,No,2400,2400,0,3279,75
15:42:53.790,active,15268,684,10474,16784,0,95,60.0,51.5,No,2400,2400,0,3269,75
15:42:54.789,active,15292,716,10976,16786,0,95,59.0,51.5,No,2400,2400,0,4138,125
15:42:55.793,active,15296,728,7812,16785,0,95,59.0,51.3,No,2400,2400,0,5309,125
15:42:56.789,active,15296,758,11632,16784,0,95,60.0,51.7,No,2400,2400,0,5385,125
15:42:57.789,active,15303,514,7908,16786,0,95,60.0,52.2,No,2400,2400,0,5393,125
15:42:58.789,active,15346,510,6314,16786,0,95,61.1,52.2,No,2400,2400,0,5392,125
15:42:59.793,active,15305,518,7966,16786,-4,95,60.6,51.8,No,2400,2400,0,5397,125
15:43:00.789,active,15354,510,8006,16786,-4,95,60.6,51.5,No,2400,2400,0,5390,125
15:43:01.790,active,15348,550,8448,16785,0,95,61.1,51.3,No,2400,2400,0,5398,125
15:43:02.790,active,15354,552,8468,16785,0,95,60.0,51.9,No,2400,2400,0,5406,125
15:43:03.789,active,15262,942,11034,16785,0,95,60.0,53.1,No,2400,2400,0,5407,125
15:43:04.789,active,15311,714,10956,16785,0,95,60.0,53.3,No,2400,2400,0,5416,125
15:43:05.789,active,15262,712,10918,16785,0,95,61.1,53.0,No,2400,2400,0,5422,125
15:43:06.791,active,15309,732,11738,16785,-4,95,60.6,52.5,No,2400,2400,0,5428,125
15:43:07.791,active,15268,674,10358,16785,0,95,61.7,55.7,No,2400,2400,0,5420,125
15:43:08.792,active,15286,764,11440,16785,-3,95,61.1,57.0,No,2400,2400,0,5427,125
15:43:09.790,active,15307,748,11478,16786,0,95,61.1,58.1,No,2400,2400,0,5432,125
15:43:10.789,active,15309,706,10842,16786,-3,95,60.6,56.8,No,2400,2400,0,5422,125
15:43:11.789,active,15307,700,10726,16787,0,95,62.2,57.7,No,2400,2400,0,5438,125
15:43:12.793,active,15324,480,7368,16785,0,95,61.7,58.6,No,2400,2400,0,5445,125
15:43:13.789,active,15314,756,11574,16785,0,95,61.7,57.3,No,2400,2400,0,5455,125
15:43:14.790,active,15314,624,11616,16784,-3,95,62.8,57.8,No,2400,2400,0,5457,125
15:43:15.790,active,15311,802,12268,16786,0,95,61.7,58.4,No,2400,2400,0,5459,125
15:43:16.789,active,15294,696,11324,16785,-5,95,62.2,59.6,No,2400,2400,0,5459,125
15:43:17.789,active,15273,790,12114,16785,-3,95,61.1,58.2,No,2400,2400,0,5462,125
15:43:18.789,active,15275,788,12056,16785,-4,95,62.2,58.2,No,2400,2400,0,5463,125
15:43:19.793,active,15253,802,12268,16785,0,95,62.2,56.8,No,2400,2400,0,5466,125
15:43:20.789,active,15271,782,11960,16785,0,95,62.2,57.8,No,2400,2400,0,5472,125
15:43:21.789,active,15299,686,10532,16785,0,95,62.2,56.0,No,2400,2400,0,5462,125
15:43:22.793,active,15301,728,11170,16785,-3,95,62.2,57.1,No,2400,2400,0,5468,125
15:43:23.790,active,15303,486,7484,16786,0,95,61.1,54.3,No,2400,2400,0,5475,125
15:43:24.789,active,15331,502,7696,16786,0,95,60.6,52.5,No,2400,2400,0,5479,125
15:43:25.789,active,15318,468,7194,16785,0,95,61.1,54.0,No,2400,2400,0,5477,125
15:43:26.789,active,15335,506,7928,16786,0,95,62.2,53.1,No,2400,2400,0,5480,125
15:43:27.789,active,15316,560,8584,16787,0,95,60.6,54.0,No,2400,2400,0,5485,125
15:43:28.789,active,15318,404,6192,16787,4,95,61.1,54.0,No,2400,2400,0,5488,125
15:43:29.793,active,15322,544,10420,16786,4,95,61.1,54.5,No,2400,2400,0,5482,125
15:43:30.789,active,15301,690,10590,16786,0,95,60.6,53.5,No,2400,2400,0,5505,125
15:43:31.789,active,15311,736,11304,16787,0,95,61.1,54.6,No,2400,2400,0,5497,125
15:43:32.789,active,15301,714,11706,16787,0,95,62.2,54.9,No,2400,2400,0,5497,125
15:43:33.789,active,15305,718,11014,16785,5,95,62.8,54.7,No,2400,2400,0,5503,125
15:43:34.789,active,15299,744,10610,16785,3,95,61.7,53.6,No,2400,2400,0,5497,125
15:43:35.789,active,15296,766,11748,16785,0,95,61.7,53.6,No,2400,2400,0,5496,125
15:43:36.793,active,15301,718,11014,16785,0,95,61.7,54.0,No,2400,2400,0,5502,125
15:43:37.790,active,15296,690,10590,16784,-4,95,60.6,54.1,No,2400,2400,0,5505,125
15:43:38.789,active,15303,696,10686,16786,-4,95,62.2,59.4,No,2400,2400,0,5519,125
15:43:39.789,active,15260,852,13060,16785,0,95,62.8,57.8,No,2400,2400,0,5506,125
15:43:40.789,active,15256,844,12924,16785,0,95,62.2,56.2,No,2400,2400,0,5508,125
15:43:41.789,active,15253,836,12808,16785,0,95,62.2,56.8,No,2400,2400,0,5510,125
15:43:42.791,active,15247,826,14700,16784,-3,95,61.7,55.1,No,2400,2400,0,5501,125
15:43:43.790,active,15264,988,15124,16784,0,95,61.7,54.9,No,2400,2400,0,5509,125
15:43:44.789,sleep,15290,472,7252,16788,10,95,59.0,11.0,No,2400,2400,0,5549,125
15:43:45.789,sleep,15292,492,7542,16788,17,95,57.3,1.0,No,2400,2400,0,5557,125
15:43:46.789,sleep,15294,520,7986,16788,15,95,55.6,0.3,No,2400,2400,0,5555,125
15:43:47.789,sleep,15301,472,8160,16787,10,95,55.1,0.0,No,2400,2400,0,5559,125
15:43:48.789,sleep,15299,458,7022,16788,14,95,55.1,0.2,No,2400,2400,0,5557,125
15:43:49.789,sleep,15290,392,6018,16788,15,95,54.0,0.0,No,1500,2400,0,5523,75
15:43:50.789,sleep,15292,450,9780,16788,15,95,52.9,0.0,No,1500,2400,0,3745,75
15:43:51.789,sleep,15294,534,8198,16788,17,95,52.9,0.3,No,1500,2400,0,3439,75
15:43:52.789,sleep,15299,354,9124,16789,20,95,52.9,0.0,No,1500,2400,0,3412,75
15:43:53.789,sleep,15296,364,5594,16789,21,95,52.9,0.3,No,1500,2400,0,3389,75
15:43:54.789,sleep,15299,464,7118,16791,21,95,52.4,0.0,No,1500,2400,0,3406,75
15:43:55.789,sleep,15296,240,4472,16791,21,95,53.5,0.2,No,1500,2400,0,3393,75
15:43:56.789,sleep,15296,258,3954,16791,21,95,51.8,-0.0,No,1500,2400,0,3390,75
15:43:57.789,sleep,15296,390,5998,16790,18,95,51.8,0.0,No,1500,2400,0,3377,75
15:43:58.789,sleep,15301,508,5744,16790,17,95,51.8,0.0,No,1500,2400,0,3360,75
15:43:59.789,active,15305,642,9858,16785,0,95,55.1,50.6,No,2400,2400,0,3341,75
15:44:00.792,active,15299,704,8468,16785,-3,95,57.3,54.0,No,2400,2400,0,3325,75
15:44:01.789,active,15301,694,10648,16786,0,95,57.3,54.3,No,2400,2400,0,3313,75
15:44:02.789,active,15294,734,8082,16787,-3,95,58.4,52.6,No,2400,2400,0,3314,75
15:44:03.790,active,15296,760,11652,16787,0,95,58.4,55.2,No,2400,2400,0,3306,75
15:44:04.794,active,15301,714,10956,16786,0,95,58.4,54.4,No,2400,2400,0,3295,75
15:44:05.789,active,15262,724,7466,16786,0,95,58.4,55.2,No,2400,2400,0,3293,75
15:44:06.789,active,15260,850,13002,16786,0,95,60.0,54.6,No,2400,2400,0,3279,75
15:44:07.792,active,15268,930,14236,16786,0,95,60.0,53.1,No,2400,2400,0,3277,75
15:44:08.793,active,15305,732,10970,16786,0,95,60.0,53.6,No,2400,2400,0,3276,75
15:44:09.789,active,15277,796,12172,16786,-3,95,60.6,55.4,No,2400,2400,0,3269,75
15:44:10.790,active,15271,904,11748,16785,-5,95,60.0,57.2,No,2400,2400,0,4702,125
15:44:11.794,active,15303,678,10398,16785,0,95,59.5,53.9,No,2400,2400,0,5341,125
15:44:12.789,active,15309,708,10880,16787,0,95,60.0,52.4,No,2400,2400,0,5386,125
15:44:13.793,active,15271,1020,15626,16786,0,95,61.1,55.3,No,2400,2400,0,5386,125
15:44:14.793,active,15279,732,11226,16785,0,95,61.7,57.4,No,2400,2400,0,5380,125
15:44:15.789,active,15326,546,8392,16785,0,95,61.7,55.6,No,2400,2400,0,5388,125
15:44:16.789,active,15316,518,11294,16787,0,95,61.7,55.7,No,2400,2400,0,5385,125
15:44:17.789,active,15318,694,10628,16787,0,95,61.1,58.1,No,2400,2400,0,5394,125
15:44:18.790,active,15307,474,13600,16786,0,95,60.6,51.9,No,2400,2400,0,5402,125
15:44:19.789,active,15238,892,13638,16784,-4,95,61.1,51.7,No,2400,2400,0,5410,125
15:44:20.789,active,15305,968,13908,16784,-5,95,60.6,51.9,No,2400,2400,0,5410,125
15:44:21.789,active,15241,806,12326,16785,-3,95,61.1,52.3,No,2400,2400,0,5416,125
15:44:22.789,active,15316,802,12288,16785,-3,95,61.1,53.0,No,2400,2400,0,5412,125
15:44:23.791,active,15301,758,10262,16786,-4,95,60.0,57.8,No,2400,2400,0,5408,125
15:44:24.793,active,15296,704,10784,16786,0,95,62.2,59.2,No,2400,2400,0,5420,125
15:44:25.791,active,15301,576,8834,16786,0,95,61.1,59.1,No,2400,2400,0,5428,125
15:44:26.789,active,15294,692,7620,16784,-4,95,61.7,58.3,No,2400,2400,0,5432,125
15:44:27.789,active,15294,742,11382,16784,0,95,62.8,59.6,No,2400,2400,0,5444,125
15:44:28.789,active,15301,756,8526,16786,0,95,62.8,59.4,No,2400,2400,0,5447,125
15:44:29.789,active,15357,508,7832,16786,-4,95,62.2,58.2,No,2400,2400,0,5446,125
15:44:30.792,active,15305,552,8488,16787,0,95,62.8,58.5,No,2400,2400,0,5445,125
15:44:31.793,active,15341,534,7890,16785,0,95,62.2,57.4,No,2400,2400,0,5454,125
15:44:32.790,active,15292,864,13252,16784,-4,95,62.2,60.2,No,2400,2400,0,5470,125
15:44:33.789,active,15268,718,11014,16784,-5,95,61.1,57.8,No,2400,2400,0,5471,125
15:44:34.793,active,15273,902,10918,16784,-5,95,62.8,58.2,No,2400,2400,0,5468,125
15:44:35.789,active,15268,784,12038,16785,-3,95,62.8,57.7,No,2400,2400,0,5467,125
15:44:36.789,active,15314,712,11014,16784,0,95,62.8,59.0,No,2400,2400,0,5473,125
15:44:37.790,active,15309,674,10340,16784,-6,95,64.5,58.0,No,2400,2400,0,5471,125
15:44:38.793,active,15318,738,11304,16784,-5,95,62.8,58.4,No,2400,2400,0,5484,125
15:44:39.791,active,15301,726,11150,16783,-4,95,62.2,58.6,No,2400,2400,0,5483,125
15:44:40.789,active,15309,734,11266,16786,-6,95,62.2,59.5,No,2400,2400,0,5487,125
15:44:41.792,active,15309,728,11150,16785,-4,95,62.8,59.7,No,2400,2400,0,5486,125
15:44:42.789,active,15253,666,10166,16785,-3,95,62.8,57.9,No,2400,2400,0,5487,125
15:44:43.791,active,15262,740,11342,16785,-6,95,63.4,59.0,No,2400,2400,0,5488,125
15:44:44.792,active,15264,724,13330,16784,0,95,62.8,59.4,No,2400,2400,0,5497,125
15:44:45.793,active,15283,776,11882,16784,-4,95,62.8,58.4,No,2400,2400,0,5498,125
15:44:46.789,active,15258,830,12712,16784,-5,95,62.2,57.9,No,2400,2400,0,5498,125
15:44:47.789,active,15286,856,13118,16785,-6,95,62.2,59.1,No,2400,2400,0,5500,125
15:44:48.793,active,15258,772,11824,16785,-3,95,62.2,58.8,No,2400,2400,0,5498,125
15:44:49.789,active,15275,818,12520,16785,0,95,63.4,58.7,No,2400,2400,0,5500,125
15:44:50.789,active,15361,556,8564,16784,-3,95,63.4,59.4,No,2400,2400,0,5506,125
15:44:51.790,active,15296,528,8120,16785,0,95,62.8,56.0,No,2400,2400,0,5513,125
15:44:52.790,active,15333,570,8874,16785,0,95,61.7,56.3,No,2400,2400,0,5504,125
15:44:53.789,active,15292,726,11130,16786,0,95,62.2,55.3,No,2400,2400,0,5507,125
15:44:54.789,active,15314,516,7678,16785,0,95,61.7,55.0,No,2400,2400,0,5504,125
15:44:55.792,active,15344,472,7272,16784,0,95,61.7,60.1,No,2400,2400,0,5515,125
15:44:56.793,active,15316,472,7252,16785,0,95,62.8,53.6,No,2400,2400,0,5504,125
15:44:57.789,active,15309,546,8392,16784,0,95,62.2,51.8,No,2400,2400,0,5513,125
15:44:58.789,active,15309,554,8506,16786,0,95,61.7,51.7,No,2400,2400,0,5512,125
15:44:59.789,sleep,15303,514,7890,16788,5,95,58.4,12.1,No,2400,2400,0,5551,125
15:45:00.789,sleep,15296,512,7850,16787,13,95,57.3,0.0,No,2400,2400,0,5559,125
15:45:01.789,sleep,15292,452,6924,16788,14,95,56.8,-0.0,No,2400,2400,0,5562,125
15:45:02.789,sleep,15296,502,7928,16788,14,95,56.2,0.3,No,2400,2400,0,5561,125
15:45:03.789,sleep,15305,334,5130,16788,11,95,55.6,0.3,No,2400,2400,0,5571,125
15:45:04.789,sleep,15294,446,6230,16789,11,95,55.1,0.0,No,1500,2400,0,5572,125
15:45:05.789,sleep,15294,410,6268,16788,11,95,53.5,-0.0,No,1500,2400,0,4883,75
15:45:06.789,sleep,15299,288,4436,16788,12,95,54.0,0.3,No,1500,2400,0,3612,75
15:45:07.789,sleep,15294,544,8352,16788,11,95,54.0,0.0,No,1500,2400,0,3436,75
15:45:08.789,sleep,15292,476,7310,16788,11,95,53.5,0.3,No,1500,2400,0,3412,75
15:45:09.789,sleep,15296,322,5458,16789,12,95,52.4,-0.0,No,1500,2400,0,3408,75
15:45:10.789,sleep,15290,482,7388,16790,12,95,52.4,0.0,No,1500,2400,0,3390,75
15:45:11.789,sleep,15292,520,7966,16788,11,95,51.8,0.3,No,1500,2400,0,3382,75
15:45:12.789,sleep,15292,370,7462,16787,10,95,51.8,0.3,No,1500,2400,0,3395,75
15:45:13.789,sleep,15294,448,6886,16788,13,95,51.8,-0.0,No,1500,2400,0,3382,75
15:45:14.789,active,15307,674,9568,16785,4,95,55.1,46.8,No,2400,2400,0,3357,75
15:45:15.789,active,15303,722,11072,16786,-4,95,56.2,52.2,No,2400,2400,0,3342,75
15:45:16.792,active,15301,760,11324,16786,0,95,57.9,52.0,No,2400,2400,0,3330,75
15:45:17.793,active,15309,436,5826,16785,-3,95,59.0,51.8,No,2400,2400,0,3324,75
15:45:18.789,active,15329,506,7754,16785,-4,95,58.4,51.4,No,2400,2400,0,3293,75
15:45:19.790,active,15309,480,7658,16784,-7,95,57.9,51.1,No,2400,2400,0,3302,75
15:45:20.794,active,15307,474,7292,16785,0,95,59.5,52.0,No,2400,2400,0,3309,75
15:45:21.789,active,15322,624,9568,16786,0,95,59.0,56.1,No,2400,2400,0,3290,75
15:45:22.793,active,15314,504,7736,16786,0,95,60.0,57.1,No,2400,2400,0,3284,75
15:45:23.793,active,15318,670,10262,16785,-4,95,60.6,56.8,No,2400,2400,0,3288,75
15:45:24.789,active,15311,500,9934,16785,-5,95,60.6,56.6,No,2400,2400,0,5073,125
15:45:25.789,active,15316,714,10938,16785,-3,95,61.1,57.9,No,2400,2400,0,5382,125
15:45:26.796,active,15301,786,12056,16785,0,95,60.6,56.6,No,2400,2400,0,5401,125
15:45:27.790,active,15305,682,10456,16786,0,95,60.6,57.7,No,2400,2400,0,5400,125
15:45:28.790,active,15301,722,11072,16786,-3,95,61.1,57.0,No,2400,2400,0,5393,125
15:45:29.792,active,15299,724,8622,16787,0,95,61.7,56.5,No,2400,2400,0,5395,125
15:45:30.789,active,15301,686,10532,16785,-4,95,61.7,58.0,No,2400,2400,0,5391,125
15:45:31.791,active,15301,724,7870,16784,-3,95,61.1,57.0,No,2400,2400,0,5401,125
15:45:32.790,active,15299,716,10996,16784,-3,95,61.7,59.5,No,2400,2400,0,5410,125
15:45:33.793,active,15296,550,8468,16785,0,95,61.1,58.4,No,2400,2400,0,5411,125
15:45:34.790,active,15296,732,11226,16785,0,95,61.1,58.7,No,2400,2400,0,5428,125
15:45:35.789,active,15279,790,12114,16787,0,95,61.7,58.1,No,2400,2400,0,5428,125
15:45:36.789,active,15283,714,10938,16785,-6,95,62.2,60.3,No,2400,2400,0,5430,125
15:45:37.789,active,15286,734,11246,16785,-7,95,62.8,58.6,No,2400,2400,0,5437,125
15:45:38.789,active,15279,808,12404,16783,-9,95,62.2,59.1,No,2400,2400,0,5433,125
15:45:39.790,active,15299,754,11554,16783,-9,95,62.8,58.5,No,2400,2400,0,5432,125
15:45:40.790,active,15268,716,10996,16784,-9,95,61.1,57.4,No,2400,2400,0,5442,125
15:45:41.789,active,15266,1042,11266,16786,0,95,61.1,59.0,No,2400,2400,0,5440,125
15:45:42.789,active,15271,738,11324,16784,-3,95,62.2,58.1,No,2400,2400,0,5451,125
15:45:43.789,active,15273,926,11960,16786,-4,95,63.9,57.7,No,2400,2400,0,5454,125
15:45:44.789,active,15311,482,7388,16785,0,95,63.4,58.2,No,2400,2400,0,5460,125
15:45:45.789,active,15320,614,9414,16785,0,95,61.7,54.2,No,2400,2400,0,5475,125
15:45:46.793,active,15307,484,10474,16786,0,95,61.7,52.3,No,2400,2400,0,5476,125
15:45:47.793,active,15318,490,7504,16785,-3,95,60.6,52.2,No,2400,2400,0,5480,125
15:45:48.789,active,15307,476,13948,16785,0,95,60.6,53.1,No,2400,2400,0,5485,125
15:45:49.789,active,15314,478,7350,16786,0,95,61.1,54.8,No,2400,2400,0,5480,125
15:45:50.789,active,15309,526,12712,16785,0,95,62.2,54.9,No,2400,2400,0,5483,125
15:45:51.789,active,15266,706,10822,16784,0,95,62.2,56.6,No,2400,2400,0,5480,125
15:45:52.792,active,15309,786,12366,16784,0,95,63.4,58.7,No,2400,2400,0,5475,125
15:45:53.790,active,15303,702,10764,16784,0,95,61.7,59.8,No,2400,2400,0,5475,125
15:45:54.789,active,15299,752,11536,16785,0,95,61.1,57.7,No,2400,2400,0,5480,125
15:45:55.789,active,15303,472,7194,16786,0,95,62.2,59.0,No,2400,2400,0,5484,125
15:45:56.789,active,15301,762,11690,16786,-4,95,62.8,59.1,No,2400,2400,0,5492,125
15:45:57.789,active,15299,614,9432,16786,-3,95,62.2,60.0,No,2400,2400,0,5489,125
15:45:58.789,active,15305,730,6836,16785,0,95,62.8,57.6,No,2400,2400,0,5495,125
15:45:59.795,active,15305,796,12210,16784,0,95,63.4,59.8,No,2400,2400,0,5500,125
15:46:00.793,active,15296,786,8120,16785,0,95,62.2,60.0,No,2400,2400,0,5501,125
15:46:01.796,active,15357,452,6964,16786,0,95,61.7,58.9,No,2400,2400,0,5501,125
15:46:02.789,active,15264,738,11304,16786,0,95,61.7,56.3,No,2400,2400,0,5504,125
15:46:03.789,active,15271,950,9992,16786,0,95,62.2,55.0,No,2400,2400,0,5507,125
15:46:04.792,active,15311,716,10996,16785,0,95,62.8,55.4,No,2400,2400,0,5508,125
15:46:05.793,active,15275,878,11574,16785,0,95,62.2,56.0,No,2400,2400,0,5508,125
15:46:06.789,active,15305,642,9858,16784,0,95,62.2,58.5,No,2400,2400,0,5510,125
15:46:07.790,active,15307,682,10456,16786,0,95,61.1,51.3,No,2400,2400,0,5517,125
15:46:08.795,active,15301,722,10816,16785,0,95,61.7,51.5,No,2400,2400,0,5509,125
15:46:09.789,active,15309,772,11844,16785,0,95,60.0,51.7,No,2400,2400,0,5510,125
15:46:10.789,active,15296,812,11054,16785,3,95,61.1,52.3,No,2400,2400,0,5515,125
15:46:11.793,active,15324,562,8642,16785,3,95,62.2,54.4,No,2400,2400,0,5509,125
15:46:12.789,active,15326,676,10358,16787,0,95,63.4,54.2,No,2400,2400,0,5515,125
15:46:13.789,active,15320,666,10262,16787,0,95,62.2,54.5,No,2400,2400,0,5517,125
15:46:14.789,sleep,15303,472,7252,16789,7,95,58.4,16.4,No,2400,2400,0,5552,125
15:46:15.789,sleep,15309,466,7542,16788,10,95,57.9,0.0,No,2400,2400,0,5562,125
15:46:16.789,sleep,15296,510,7832,16788,11,95,56.8,0.0,No,2400,2400,0,5547,125
15:46:17.789,sleep,15303,464,7368,16787,13,95,57.3,0.3,No,2400,2400,0,5555,125
15:46:18.789,sleep,15299,482,7388,16787,10,95,56.2,0.2,No,2400,2400,0,5564,125
15:46:19.789,sleep,15299,530,8120,16787,10,95,54.5,0.0,No,1500,2400,0,5574,125
15:46:20.789,sleep,15294,392,4900,16789,16,95,54.0,0.3,No,1500,2400,0,4314,75
15:46:21.789,sleep,15292,548,8410,16788,14,95,52.9,-0.0,No,1500,2400,0,3536,75
15:46:22.789,sleep,15290,346,5324,16789,16,95,54.0,0.3,No,1500,2400,0,3432,75
15:46:23.789,sleep,15301,236,3626,16788,14,95,52.9,0.3,No,1500,2400,0,3409,75
15:46:24.789,sleep,15301,502,7696,16788,13,95,51.8,-0.0,No,1500,2400,0,3409,75
15:46:25.789,sleep,15299,286,6828,16787,12,95,52.4,0.0,No,1500,2400,0,3405,75
15:46:26.789,sleep,15294,588,9008,16789,13,95,51.2,0.0,No,1500,2400,0,3382,75
15:46:27.789,sleep,15294,456,7466,16789,14,95,51.8,0.0,No,1500,2400,0,3382,75
15:46:28.789,sleep,15288,296,4552,16789,14,95,51.8,0.3,No,1500,2400,0,3381,75
15:46:29.789,active,15264,718,11034,16786,4,95,55.1,42.7,No,2400,2400,0,3351,75
15:46:30.789,active,15283,952,11440,16786,-5,95,56.8,56.9,No,2400,2400,0,3329,75
15:46:31.789,active,15303,730,11188,16785,-3,95,57.3,55.9,No,2400,2400,0,3320,75
15:46:32.790,active,15303,696,11112,16786,0,95,58.4,52.5,No,2400,2400,0,3325,75
15:46:33.789,active,15301,648,9954,16785,0,95,59.0,51.4,No,2400,2400,0,3314,75
15:46:34.793,active,15311,706,10822,16786,-3,95,59.0,55.9,No,2400,2400,0,3309,75
15:46:35.793,active,15301,722,11072,16785,-6,95,59.5,57.3,No,2400,2400,0,3297,75
15:46:36.789,active,15318,728,11188,16785,-4,95,59.5,56.7,No,2400,2400,0,3483,125
15:46:37.789,active,15303,728,10744,16783,-7,95,59.5,56.5,No,2400,2400,0,5266,125
15:46:38.789,active,15264,558,8546,16784,-5,95,60.0,55.8,No,2400,2400,0,5407,125
15:46:39.789,active,15309,758,11612,16784,-7,95,60.6,57.7,No,2400,2400,0,5414,125
15:46:40.791,active,15283,648,11324,16784,-10,95,61.1,57.7,No,2400,2400,0,5411,125
15:46:41.790,active,15311,788,12056,16785,-3,95,62.2,59.4,No,2400,2400,0,5408,125
15:46:42.794,active,15258,622,10842,16785,-7,95,61.1,57.3,No,2400,2400,0,5423,125
15:46:43.789,active,15271,702,10744,16785,-9,95,61.7,58.5,No,2400,2400,0,5413,125
15:46:44.789,active,15271,1018,12752,16784,-8,95,61.7,59.2,No,2400,2400,0,5418,125
15:46:45.789,active,15281,728,11170,16783,-7,95,61.7,58.2,No,2400,2400,0,5419,125
15:46:46.789,active,15273,964,14738,16783,-11,95,61.7,58.0,No,2400,2400,0,5436,125
15:46:47.791,active,15303,680,8082,16784,-9,95,62.8,58.3,No,2400,2400,0,5454,125
15:46:48.793,active,15303,732,11246,16784,-9,95,61.7,58.8,No,2400,2400,0,5444,125
15:46:49.789,active,15294,474,7272,16785,-10,95,61.1,57.7,No,2400,2400,0,5432,125
15:46:50.789,active,15333,560,8604,16785,-4,95,61.7,57.0,No,2400,2400,0,5437,125
15:46:51.789,active,15339,480,7368,16785,0,95,61.1,52.3,No,2400,2400,0,5428,125
15:46:52.789,active,15322,514,7446,16785,0,95,61.7,52.4,No,2400,2400,0,5447,125
15:46:53.789,active,15318,528,8102,16785,0,95,62.8,56.3,No,2400,2400,0,5450,125
15:46:54.792,active,15352,484,8468,16785,0,95,62.2,58.3,No,2400,2400,0,5459,125
15:46:55.790,active,15324,506,7792,16785,-3,95,62.2,56.9,No,2400,2400,0,5467,125
15:46:56.790,active,15307,750,11498,16784,-4,95,61.7,57.3,No,2400,2400,0,5469,125
15:46:57.789,active,15288,708,10262,16785,0,95,62.2,58.5,No,2400,2400,0,5475,125
15:46:58.789,active,15305,782,11980,16785,0,95,62.8,59.2,No,2400,2400,0,5469,125
15:46:59.789,active,15314,686,10532,16786,0,95,62.8,57.7,No,2400,2400,0,5479,125
15:47:00.789,active,15299,692,10628,16787,0,95,62.2,58.5,No,2400,2400,0,5476,125
15:47:01.792,active,15305,736,11284,16787,0,95,62.8,58.5,No,2400,2400,0,5482,125
15:47:02.790,active,15305,724,12424,16786,0,95,61.7,58.9,No,2400,2400,0,5480,125
15:47:03.790,active,15296,748,11478,16786,0,95,61.1,58.2,No,2400,2400,0,5489,125
15:47:04.789,active,15303,694,11844,16787,4,95,62.2,58.2,No,2400,2400,0,5488,125
15:47:05.789,active,15264,798,12152,16786,3,95,62.2,58.8,No,2400,2400,0,5490,125
15:47:06.789,active,15273,696,10648,16786,3,95,62.2,58.4,No,2400,2400,0,5494,125
15:47:07.789,active,15260,752,14468,16785,0,95,62.8,58.9,No,2400,2400,0,5496,125
15:47:08.792,active,15258,878,13446,16786,0,95,62.8,58.4,No,2400,2400,0,5498,125
15:47:09.790,active,15271,964,14758,16786,0,95,61.7,58.7,No,2400,2400,0,5496,125
15:47:10.791,active,15283,796,12722,16786,3,95,61.7,59.4,No,2400,2400,0,5496,125
15:47:11.789,active,15275,982,15008,16787,4,95,62.2,58.3,No,2400,2400,0,5500,125
15:47:12.789,active,15281,954,10764,16786,4,95,61.7,57.4,No,2400,2400,0,5492,125
15:47:13.792,active,15305,736,11284,16784,0,95,62.2,56.1,No,2400,2400,0,5503,125
15:47:14.789,active,15359,514,7890,16785,0,95,62.8,54.7,No,2400,2400,0,5505,125
15:47:15.791,active,15318,526,7408,16786,0,95,62.2,54.3,No,2400,2400,0,5505,125
15:47:16.793,active,15311,518,7966,16786,0,95,62.2,58.9,No,2400,2400,0,5502,125
15:47:17.795,active,15320,316,6424,16786,0,95,62.2,54.0,No,2400,2400,0,5510,125
15:47:18.789,active,15307,498,7638,16785,0,95,61.1,51.5,No,2400,2400,0,5513,125
15:47:19.789,active,15316,484,7426,16784,0,95,61.7,52.4,No,2400,2400,0,5518,125
15:47:20.793,active,15301,486,13040,16785,0,95,62.2,51.9,No,2400,2400,0,5507,125
15:47:21.793,active,15271,742,11362,16787,4,95,62.2,51.7,No,2400,2400,0,5517,125
15:47:22.789,active,15305,530,12250,16788,4,95,61.7,51.3,No,2400,2400,0,5507,125
15:47:23.790,active,15299,684,11536,16787,0,95,61.7,51.4,No,2400,2400,0,5518,125
15:47:24.789,active,15303,750,11516,16786,0,95,60.6,51.0,No,2400,2400,0,5517,125
15:47:25.789,active,15296,702,8276,16785,0,95,61.1,52.4,No,2400,2400,0,5517,125
15:47:26.792,active,15299,746,11440,16785,0,95,62.2,53.4,No,2400,2400,0,5522,125
15:47:27.793,active,15301,514,7908,16785,0,95,61.7,54.0,No,2400,2400,0,5519,125
15:47:28.789,active,15301,720,11054,16786,0,95,62.8,53.9,No,2400,2400,0,5522,125
15:47:29.789,sleep,15299,552,8448,16787,0,95,59.0,19.2,No,2400,2400,0,5550,125
15:47:30.789,sleep,15299,522,8430,16789,10,95,57.9,-0.0,No,2400,2400,0,5563,125
15:47:31.789,sleep,15303,528,8082,16788,16,95,57.3,0.2,No,2400,2400,0,5564,125
15:47:32.789,sleep,15288,506,7774,16787,15,95,56.2,0.0,No,2400,2400,0,5563,125
15:47:33.789,sleep,15294,554,8622,16788,15,95,56.2,0.0,No,2400,2400,0,5572,125
15:47:34.789,sleep,15294,494,7580,16789,13,95,54.5,0.0,No,1500,2400,0,5576,125
15:47:35.789,sleep,15294,368,4958,16790,19,95,54.5,0.3,No,1500,2400,0,3970,75
15:47:36.789,sleep,15290,516,7908,16789,17,95,53.5,0.3,No,1500,2400,0,3492,75
15:47:37.789,sleep,15303,542,8314,16789,15,95,53.5,-0.0,No,1500,2400,0,3413,75
15:47:38.789,sleep,15286,458,6510,16788,13,95,52.9,0.2,No,1500,2400,0,3413,75
15:47:39.789,sleep,15292,334,5112,16789,15,95,52.4,0.0,No,1500,2400,0,3418,75
15:47:40.789,sleep,15296,508,8314,16790,18,95,51.8,-0.0,No,1500,2400,0,3406,75
15:47:41.789,sleep,15292,514,7378,16791,19,95,51.8,0.2,No,1500,2400,0,3399,75
15:47:42.789,sleep,15296,252,3876,16790,18,95,51.2,0.0,No,1500,2400,0,3390,75
15:47:43.789,sleep,15294,566,7658,16789,19,95,50.7,0.0,No,1500,2400,0,3381,75
15:47:44.794,active,15283,716,10976,16785,4,95,54.5,41.9,No,2400,2400,0,3353,75
15:47:45.789,active,15311,686,10590,16785,0,95,56.8,53.2,No,2400,2400,0,3336,75
15:47:46.789,active,15251,720,11014,16787,0,95,56.8,54.5,No,2400,2400,0,3316,75
15:47:47.793,active,15260,682,10436,16787,0,95,57.9,56.2,No,2400,2400,0,3323,75
15:47:48.789,active,15251,716,12308,16788,0,95,59.5,55.8,No,2400,2400,0,3307,75
15:47:49.789,active,15273,766,11728,16785,0,95,60.6,55.7,No,2400,2400,0,3296,75
15:47:50.790,active,15305,514,7870,16784,-4,95,59.5,56.3,No,2400,2400,0,3290,75
15:47:51.789,active,15299,684,7098,16786,-5,95,59.0,59.5,No,2400,2400,0,3281,75
15:47:52.789,active,15299,658,10088,16785,-8,95,60.6,60.7,No,2400,2400,0,4260,125
15:47:53.789,active,15296,738,8352,16787,-5,95,60.6,58.5,No,2400,2400,0,5323,125
15:47:54.789,active,15301,744,11420,16786,-4,95,60.6,58.2,No,2400,2400,0,5402,125
15:47:55.789,active,15296,494,7580,16785,-7,95,61.1,59.1,No,2400,2400,0,5405,125
15:47:56.791,active,15322,474,7272,16785,-4,95,60.6,58.2,No,2400,2400,0,5403,125
15:47:57.791,active,15294,508,7832,16785,-6,95,61.1,58.9,No,2400,2400,0,5402,125
15:47:58.792,active,15271,496,8392,16785,-8,95,61.1,58.4,No,2400,2400,0,5401,125
15:47:59.789,active,15268,914,14004,16786,-5,95,62.2,59.5,No,2400,2400,0,5412,125
15:48:00.789,active,15279,778,11940,16786,-5,95,61.7,58.9,No,2400,2400,0,5411,125
15:48:01.793,active,15279,788,10822,16786,-5,95,62.2,59.8,No,2400,2400,0,5412,125
15:48:02.789,active,15311,724,11092,16785,-3,95,62.2,56.8,No,2400,2400,0,5422,125
15:48:03.789,active,15316,710,10898,16784,-3,95,61.7,57.8,No,2400,2400,0,5420,125
15:48:04.793,active,15305,754,11574,16785,-5,95,61.1,57.3,No,2400,2400,0,5424,125
15:48:05.789,active,15316,720,11054,16785,-6,95,61.7,57.8,No,2400,2400,0,5427,125
15:48:06.789,active,15309,730,10880,16784,-11,95,61.1,58.4,No,2400,2400,0,5433,125
15:48:07.789,active,15273,574,8776,16784,-7,95,61.7,59.0,No,2400,2400,0,5434,125
15:48:08.789,active,15314,844,12924,16784,-7,95,62.8,57.7,No,2400,2400,0,5446,125
15:48:09.789,active,15271,788,11786,16783,-10,95,63.4,60.9,No,2400,2400,0,5447,125
15:48:10.790,active,15268,728,11150,16785,-5,95,61.7,59.1,No,2400,2400,0,5450,125
15:48:11.793,active,15266,820,12558,16785,-6,95,62.2,59.7,No,2400,2400,0,5448,125
15:48:12.789,active,15277,796,12192,16785,-3,95,61.1,57.9,No,2400,2400,0,5456,125
15:48:13.789,active,15258,892,13678,16786,0,95,62.2,59.1,No,2400,2400,0,5453,125
15:48:14.792,active,15286,684,14276,16786,3,95,61.1,59.8,No,2400,2400,0,5456,125
15:48:15.789,active,15268,874,13388,16785,0,95,62.2,59.0,No,2400,2400,0,5468,125
15:48:16.791,active,15294,528,8140,16785,0,95,62.8,58.9,No,2400,2400,0,5470,125
15:48:17.793,active,15357,496,8448,16786,-7,95,62.8,58.6,No,2400,2400,0,5474,125
15:48:18.793,active,15301,712,10898,16785,-7,95,61.7,59.6,No,2400,2400,0,5473,125
15:48:19.790,active,15339,518,7948,16785,-3,95,62.2,58.0,No,2400,2400,0,5476,125
15:48:20.790,active,15348,524,8064,16786,0,95,61.7,59.6,No,2400,2400,0,5478,125
15:48:21.793,active,15331,520,7986,16784,-3,95,62.8,58.3,No,2400,2400,0,5483,125
15:48:22.793,active,15329,548,11246,16785,-4,95,63.4,59.4,No,2400,2400,0,5491,125
15:48:23.789,active,15311,490,7522,16785,-3,95,63.9,55.7,No,2400,2400,0,5488,125
15:48:24.789,active,15314,970,12538,16786,0,95,62.2,54.8,No,2400,2400,0,5483,125
15:48:25.790,active,15303,742,9972,16785,0,95,60.6,54.9,No,2400,2400,0,5493,125
15:48:26.789,active,15303,738,11324,16785,0,95,61.1,56.8,No,2400,2400,0,5494,125
15:48:27.789,active,15296,748,11458,16785,0,95,61.7,60.5,No,2400,2400,0,5495,125
15:48:28.789,active,15301,678,10398,16786,0,95,61.7,54.5,No,2400,2400,0,5494,125
15:48:29.793,active,15299,700,10726,16786,0,95,62.8,52.9,No,2400,2400,0,5499,125
15:48:30.789,active,15303,750,7908,16786,0,95,61.7,55.0,No,2400,2400,0,5491,125
15:48:31.789,active,15301,720,11054,16787,3,95,63.4,56.0,No,2400,2400,0,5496,125
15:48:32.790,active,15296,516,7928,16787,3,95,62.2,51.7,No,2400,2400,0,5505,125
15:48:33.789,active,15348,464,7156,16785,0,95,60.6,52.3,No,2400,2400,0,5504,125
15:48:34.789,active,15264,892,13638,16785,0,95,62.8,55.0,No,2400,2400,0,5503,125
15:48:35.789,active,15279,894,13696,16785,-4,95,62.8,54.4,No,2400,2400,0,5498,125
15:48:36.793,active,15268,962,10898,16785,0,95,62.2,52.7,No,2400,2400,0,5503,125
15:48:37.789,active,15286,902,13792,16785,0,95,62.2,54.8,No,2400,2400,0,5507,125
15:48:38.789,active,15279,852,12210,16787,0,95,62.2,54.1,No,2400,2400,0,5507,125
15:48:39.796,active,15303,704,10784,16786,0,95,62.2,53.2,No,2400,2400,0,5511,125
15:48:40.789,active,15281,778,11922,16784,0,95,62.2,53.0,No,2400,2400,0,5516,125
15:48:41.790,active,15275,976,14950,16785,0,95,62.2,54.2,No,2400,2400,0,5511,125
15:48:42.789,active,15303,776,11902,16786,0,95,61.7,52.7,No,2400,2400,0,5510,125
15:48:43.793,active,15311,690,10590,16788,0,95,61.7,51.4,No,2400,2400,0,5513,125
15:48:44.789,sleep,15301,526,7040,16789,6,95,59.0,21.3,No,2400,2400,0,5543,125
15:48:45.789,sleep,15301,444,6790,16789,16,95,57.9,-0.0,No,2400,2400,0,5562,125
15:48:46.789,sleep,15301,486,7774,16788,14,95,56.8,0.0,No,2400,2400,0,5563,125
15:48:47.789,sleep,15307,440,6770,16787,12,95,56.2,-0.0,No,2400,2400,0,5561,125
15:48:48.789,sleep,15301,458,7040,16789,15,95,56.2,0.0,No,2400,2400,0,5561,125
15:48:49.789,sleep,15301,164,2506,16790,14,95,54.5,0.2,No,1500,2400,0,5551,75
15:48:50.789,sleep,15301,468,7176,16790,21,95,54.5,0.0,No,1500,2400,0,3759,75
15:48:51.789,sleep,15292,390,6134,16790,20,95,53.5,0.0,No,1500,2400,0,3470,75
15:48:52.789,sleep,15299,364,5574,16790,19,95,52.9,0.3,No,1500,2400,0,3420,75
15:48:53.789,sleep,15294,392,6018,16789,15,95,52.4,0.3,No,1500,2400,0,3415,75
15:48:54.789,sleep,15292,320,8718,16789,14,95,52.9,-0.0,No,1500,2400,0,3407,75
15:48:55.789,sleep,15292,332,5112,16789,16,95,52.9,0.0,No,1500,2400,0,3403,75
15:48:56.789,sleep,15296,480,7368,16790,14,95,51.8,0.3,No,1500,2400,0,3384,75
15:48:57.789,sleep,15296,476,9614,16788,12,95,51.8,0.0,No,1500,2400,0,3393,75
15:48:58.789,sleep,15296,290,4456,16788,14,95,50.7,0.3,No,1500,2400,0,3378,75
15:48:59.793,active,15314,402,7774,16787,6,95,56.2,38.1,No,2400,2400,0,3337,75
15:49:00.794,active,15305,700,10552,16786,-4,95,55.1,51.6,No,2400,2400,0,3323,75
15:49:01.789,active,15299,728,11170,16787,-3,95,57.3,52.8,No,2400,2400,0,3318,75
15:49:02.792,active,15277,814,8874,16787,-3,95,57.9,56.3,No,2400,2400,0,3317,75
15:49:03.793,active,15309,738,11342,16786,-4,95,59.0,57.6,No,2400,2400,0,3312,75
15:49:04.789,active,15268,736,11304,16785,-5,95,59.5,58.9,No,2400,2400,0,3307,75
15:49:05.789,active,15311,730,10262,16786,0,95,59.5,57.2,No,2400,2400,0,3292,75
15:49:06.796,active,15301,718,11034,16786,0,95,60.0,59.1,No,2400,2400,0,3286,75
15:49:07.791,active,15309,764,10898,16786,0,95,59.5,57.0,No,2400,2400,0,4800,125
15:49:08.789,active,15311,682,10456,16785,0,95,61.1,59.6,No,2400,2400,0,5369,125
15:49:09.789,active,15275,784,11998,16785,-5,95,61.1,58.2,No,2400,2400,0,5407,125
15:49:10.789,active,15275,926,12172,16785,-3,95,61.1,57.3,No,2400,2400,0,5408,125
15:49:11.791,active,15253,856,13098,16785,0,95,61.1,58.6,No,2400,2400,0,5410,125
15:49:12.790,active,15264,812,12442,16785,-5,95,61.7,57.7,No,2400,2400,0,5404,125
15:49:13.796,active,15271,778,10552,16786,-3,95,60.6,58.4,No,2400,2400,0,5404,125
15:49:14.790,active,15271,894,13678,16786,0,95,60.6,57.5,No,2400,2400,0,5415,125
15:49:15.789,active,15273,922,14120,16786,0,95,60.6,56.9,No,2400,2400,0,5423,125
15:49:16.791,active,15266,934,10948,16786,0,95,61.1,56.8,No,2400,2400,0,5415,125
15:49:17.793,active,15271,726,11130,16785,0,95,62.2,55.5,No,2400,2400,0,5425,125
15:49:18.789,active,15346,508,7812,16785,-4,95,61.7,54.5,No,2400,2400,0,5430,125
15:49:19.789,active,15333,470,7562,16784,-7,95,61.7,56.1,No,2400,2400,0,5436,125
15:49:20.793,active,15311,528,8102,16785,-6,95,60.6,58.2,No,2400,2400,0,5433,125
15:49:21.789,active,15331,464,10494,16784,-4,95,61.7,60.3,No,2400,2400,0,5440,125
15:49:22.789,active,15316,518,7966,16786,-4,95,61.1,59.5,No,2400,2400,0,5445,125
15:49:23.793,active,15320,588,9008,16784,-6,95,62.2,59.2,No,2400,2400,0,5450,125
15:49:24.792,active,15320,464,12230,16785,0,95,62.2,58.7,No,2400,2400,0,5457,125
15:49:25.789,active,15279,770,11786,16784,-3,95,61.7,58.5,No,2400,2400,0,5457,125
15:49:26.792,active,15305,720,10842,16785,0,95,62.2,58.9,No,2400,2400,0,5463,125
15:49:27.793,active,15301,708,11922,16784,0,95,61.7,58.1,No,2400,2400,0,5458,125
15:49:28.790,active,15299,794,12172,16786,-3,95,61.1,58.4,No,2400,2400,0,5469,125
15:49:29.789,active,15296,754,10628,16786,0,95,62.2,58.9,No,2400,2400,0,5474,125
15:49:30.792,active,15305,650,9972,16786,0,95,61.7,59.6,No,2400,2400,0,5471,125
15:49:31.793,active,15296,554,8488,16785,-4,95,61.7,58.4,No,2400,2400,0,5472,125
15:49:32.789,active,15352,546,7678,16784,-6,95,62.8,58.1,No,2400,2400,0,5473,125
15:49:33.790,active,15341,510,7850,16783,-4,95,60.6,53.3,No,2400,2400,0,5485,125
15:49:34.790,active,15348,548,7252,16786,0,95,59.5,53.9,No,2400,2400,0,5492,125
15:49:35.789,active,15258,962,10822,16785,0,95,60.6,54.0,No,2400,2400,0,5489,125
15:49:36.789,active,15307,736,11284,16786,0,95,61.7,56.1,No,2400,2400,0,5494,125
15:49:37.793,active,15286,746,14372,16785,0,95,62.8,59.0,No,2400,2400,0,5494,125
15:49:38.789,active,15307,786,12056,16784,-3,95,61.1,54.6,No,2400,2400,0,5496,125
15:49:39.790,active,15273,732,11226,16784,-4,95,62.8,52.7,No,2400,2400,0,5492,125
15:49:40.789,active,15279,800,11738,16784,-3,95,62.2,55.2,No,2400,2400,0,5497,125
15:49:41.794,active,15311,746,11440,16785,0,95,61.7,52.5,No,2400,2400,0,5505,125
15:49:42.789,active,15299,670,11014,16785,0,95,61.1,53.1,No,2400,2400,0,5503,125
15:49:43.789,active,15294,696,10686,16785,-4,95,61.7,54.6,No,2400,2400,0,5500,125
15:49:44.793,active,15309,680,11710,16785,0,95,62.2,53.6,No,2400,2400,0,5501,125
15:49:45.789,active,15307,540,11902,16784,-6,95,62.2,51.8,No,2400,2400,0,5503,125
15:49:46.789,active,15305,720,11054,16785,-9,95,61.1,51.3,No,2400,2400,0,5502,125
15:49:47.793,active,15301,546,13234,16787,-4,95,61.1,51.9,No,2400,2400,0,5505,125
15:49:48.795,active,15260,574,8796,16786,0,95,61.1,51.1,No,2400,2400,0,5513,125
15:49:49.789,active,15305,764,11690,16786,0,95,61.1,51.8,No,2400,2400,0,5512,125
15:49:50.789,active,15268,744,13686,16785,0,95,61.7,52.4,No,2400,2400,0,5511,125
15:49:51.792,active,15311,802,12288,16784,-5,95,62.2,51.9,No,2400,2400,0,5514,125
15:49:52.793,active,15277,748,15202,16785,0,95,61.7,55.2,No,2400,2400,0,5505,125
15:49:53.790,active,15301,580,8380,16785,0,95,62.2,52.5,No,2400,2400,0,5510,125
15:49:54.789,active,15296,498,7658,16785,0,95,62.2,54.1,No,2400,2400,0,5514,125
15:49:55.794,active,15301,730,8256,16787,0,95,61.1,53.1,No,2400,2400,0,5518,125
15:49:56.789,active,15335,504,7736,16785,0,95,61.1,53.1,No,2400,2400,0,5519,125
15:49:57.789,active,15352,500,7678,16786,0,95,62.2,53.1,No,2400,2400,0,5510,125
15:49:58.793,active,15309,516,7908,16786,0,95,61.7,55.0,No,2400,2400,0,5518,125
15:49:59.789,sleep,15303,474,7272,16787,4,95,58.4,26.0,No,2400,2400,0,5554,125
15:50:00.789,sleep,15296,552,7716,16788,9,95,57.3,0.0,No,2400,2400,0,5566,125
15:50:01.789,sleep,15299,514,7870,16788,17,95,56.8,0.3,No,2400,2400,0,5568,125
15:50:02.789,sleep,15296,502,7696,16789,19,95,55.6,0.2,No,2400,2400,0,5572,125
15:50:03.789,sleep,15292,600,8198,16788,12,95,55.6,-0.0,No,2400,2400,0,5567,125
15:50:04.789,sleep,15294,502,7696,16790,15,95,54.5,0.0,No,1500,2400,0,5571,125
15:50:05.789,sleep,15292,316,5710,16790,19,95,54.0,-0.0,No,1500,2400,0,4928,75
15:50:06.789,sleep,15296,484,7426,16789,20,95,52.9,0.3,No,1500,2400,0,3642,75
15:50:07.789,sleep,15299,508,7792,16789,20,95,51.8,0.3,No,1500,2400,0,3439,75
15:50:08.789,sleep,15292,416,5940,16791,24,95,52.4,-0.0,No,1500,2400,0,3421,75
15:50:09.789,sleep,15290,372,5710,16790,19,95,52.9,0.0,No,1500,2400,0,3412,75
15:50:10.789,sleep,15292,420,5458,16790,18,95,51.8,0.3,No,1500,2400,0,3400,75
15:50:11.789,sleep,15303,366,4784,16790,18,95,51.8,0.0,No,1500,2400,0,3392,75
15:50:12.789,sleep,15294,554,8488,16790,22,95,52.9,-0.0,No,1500,2400,0,3401,75
15:50:13.789,sleep,15303,550,5612,16789,20,95,51.8,0.3,No,1500,2400,0,3391,75
15:50:14.793,active,15256,846,12924,16788,11,95,55.6,35.4,No,2400,2400,0,3360,75
15:50:15.793,active,15264,872,13350,16788,0,95,56.8,57.8,No,2400,2400,0,3332,75
15:50:16.790,active,15288,684,10474,16788,-8,95,56.8,58.3,No,2400,2400,0,3314,75
15:50:17.789,active,15262,908,13908,16786,-7,95,57.9,57.7,No,2400,2400,0,3324,75
15:50:18.793,active,15288,736,14120,16786,-4,95,59.0,58.8,No,2400,2400,0,3315,75
15:50:19.789,active,15264,856,13098,16785,0,95,59.5,58.8,No,2400,2400,0,3298,75
15:50:20.789,active,15296,648,9954,16785,-4,95,60.6,58.5,No,2400,2400,0,3300,75
15:50:21.796,active,15335,436,6674,16785,-7,95,60.0,57.9,No,2400,2400,0,3291,75
15:50:22.793,active,15346,486,7484,16785,-7,95,59.5,58.2,No,2400,2400,0,5110,125
15:50:23.790,active,15352,534,8160,16787,0,95,60.0,57.8,No,2400,2400,0,5400,125
15:50:24.793,active,15322,502,7716,16785,0,95,61.1,57.9,No,2400,2400,0,5419,125
15:50:25.793,active,15299,522,8024,16785,-4,95,61.1,58.9,No,2400,2400,0,5407,125
15:50:26.789,active,15316,472,9742,16786,0,95,61.1,57.7,No,2400,2400,0,5405,125
15:50:27.789,active,15322,538,8256,16786,0,95,61.7,57.7,No,2400,2400,0,5413,125
15:50:28.796,active,15324,726,11246,16786,0,95,61.1,58.9,No,2400,2400,0,5415,125
15:50:29.793,active,15311,746,10764,16786,0,95,61.1,58.6,No,2400,2400,0,5414,125
15:50:30.789,active,15303,764,11710,16785,0,95,61.1,57.6,No,2400,2400,0,5422,125
15:50:31.789,active,15296,738,10514,16785,0,95,61.1,59.7,No,2400,2400,0,5425,125
15:50:32.792,active,15296,702,10744,16785,0,95,61.7,59.2,No,2400,2400,0,5430,125
15:50:33.789,active,15303,700,10744,16786,-3,95,62.8,59.4,No,2400,2400,0,5440,125
15:50:34.792,active,15296,776,11072,16786,-4,95,61.7,58.3,No,2400,2400,0,5446,125
15:50:35.792,active,15301,794,12192,16787,-5,95,61.7,57.8,No,2400,2400,0,5430,125
15:50:36.793,active,15281,684,10494,16785,-5,95,62.2,59.0,No,2400,2400,0,5428,125
15:50:37.789,active,15294,666,10224,16785,0,95,61.7,58.2,No,2400,2400,0,5444,125
15:50:38.793,active,15264,892,13638,16786,-4,95,62.2,59.4,No,2400,2400,0,5451,125
15:50:39.789,active,15281,848,12982,16786,0,95,62.2,60.0,No,2400,2400,0,5455,125
15:50:40.789,active,15275,802,11264,16786,-3,95,62.8,58.2,No,2400,2400,0,5461,125
15:50:41.791,active,15283,930,14236,16785,-7,95,62.2,58.0,No,2400,2400,0,5460,125
15:50:42.793,active,15275,908,10474,16785,-4,95,61.7,59.8,No,2400,2400,0,5465,125
15:50:43.796,active,15314,634,9722,16785,0,95,61.7,58.6,No,2400,2400,0,5471,125
15:50:44.789,active,15311,770,11824,16786,0,95,61.1,56.4,No,2400,2400,0,5470,125
15:50:45.789,active,15311,744,10908,16786,0,95,61.7,55.2,No,2400,2400,0,5470,125
15:50:46.792,active,15314,714,10938,16786,-3,95,61.1,54.9,No,2400,2400,0,5478,125
15:50:47.789,active,15322,470,7214,16785,0,95,61.7,55.5,No,2400,2400,0,5473,125
15:50:48.789,active,15303,450,13324,16785,0,95,61.1,57.9,No,2400,2400,0,5475,125
15:50:49.793,active,15318,574,8796,16786,0,95,61.7,54.2,No,2400,2400,0,5486,125
15:50:50.795,active,15305,510,12096,16787,0,95,60.6,51.5,No,2400,2400,0,5493,125
15:50:51.789,active,15258,844,12924,16786,0,95,61.7,51.5,No,2400,2400,0,5492,125
15:50:52.789,active,15311,882,13504,16785,-5,95,61.7,52.4,No,2400,2400,0,5492,125
15:50:53.791,active,15236,762,14192,16786,0,95,61.7,51.9,No,2400,2400,0,5494,125
15:50:54.793,active,15303,866,13234,16785,0,95,61.7,51.5,No,2400,2400,0,5494,125
15:50:55.789,active,15294,534,8198,16786,0,95,61.1,51.4,No,2400,2400,0,5505,125
15:50:56.790,active,15301,528,7580,16786,0,95,61.7,51.1,No,2400,2400,0,5488,125
15:50:57.795,active,15335,486,7484,16786,0,95,61.1,51.7,No,2400,2400,0,5502,125
15:50:58.789,active,15303,474,8178,16786,0,95,60.6,51.9,No,2400,2400,0,5501,125
15:50:59.789,active,15329,492,7562,16785,0,95,60.6,51.9,No,2400,2400,0,5505,125
15:51:00.793,active,15348,534,8218,16785,0,95,61.7,52.0,No,2400,2400,0,5507,125
15:51:01.789,active,15341,534,6444,16785,0,95,61.7,54.8,No,2400,2400,0,5506,125
15:51:02.789,active,15294,578,8892,16786,0,95,62.8,53.2,No,2400,2400,0,5501,125
15:51:03.790,active,15348,474,9202,16787,0,95,61.1,53.1,No,2400,2400,0,5505,125
15:51:04.794,active,15271,874,10186,16786,0,95,61.7,53.8,No,2400,2400,0,5509,125
15:51:05.789,active,15307,738,11324,16785,0,95,61.1,52.7,No,2400,2400,0,5508,125
15:51:06.789,active,15296,726,11054,16785,0,95,62.2,54.5,No,2400,2400,0,5515,125
15:51:07.793,active,15305,740,11342,16784,0,95,62.8,52.3,No,2400,2400,0,5513,125
15:51:08.789,active,15314,698,10706,16787,0,95,62.2,53.8,No,2400,2400,0,5515,125
15:51:09.789,active,15303,778,12366,16786,0,95,61.7,52.9,No,2400,2400,0,5506,125
15:51:10.790,active,15301,772,11844,16787,0,95,61.7,54.7,No,2400,2400,0,5506,125
15:51:11.790,active,15301,720,10514,16785,0,95,61.1,53.3,No,2400,2400,0,5519,125
15:51:12.789,active,15305,668,10262,16785,0,95,62.8,54.7,No,2400,2400,0,5516,125
15:51:13.789,active,15309,668,10224,16785,0,95,61.7,54.9,No,2400,2400,0,5526,125
15:51:14.789,sleep,15303,476,7774,16787,3,95,59.5,27.9,No,2400,2400,0,5551,125
15:51:15.789,sleep,15294,480,7350,16789,18,95,57.9,-0.0,No,2400,2400,0,5563,125
15:51:16.789,sleep,15301,552,8468,16788,13,95,57.3,0.0,No,2400,2400,0,5565,125
15:51:17.789,sleep,15290,500,7658,16789,14,95,56.2,-0.0,No,2400,2400,0,5565,125
15:51:18.789,sleep,15301,518,7948,16789,15,95,55.6,0.0,No,2400,2400,0,5564,125
15:51:19.789,sleep,15301,410,5998,16789,14,95,55.1,0.3,No,1500,2400,0,5572,125
15:51:20.789,sleep,15296,430,6596,16789,19,95,54.0,-0.0,No,1500,2400,0,4355,75
15:51:21.789,sleep,15296,382,6384,16790,20,95,54.0,0.0,No,1500,2400,0,3560,75
15:51:22.789,sleep,15296,416,8178,16790,19,95,53.5,0.2,No,1500,2400,0,3445,75
15:51:23.789,sleep,15296,428,6558,16790,19,95,54.0,0.0,No,1500,2400,0,3417,75
15:51:24.789,sleep,15292,330,7252,16791,17,95,51.8,0.3,No,1500,2400,0,3404,75
15:51:25.789,sleep,15299,518,7948,16791,19,95,52.9,0.5,No,1500,2400,0,3395,75
15:51:26.789,sleep,15292,386,5922,16790,21,95,51.2,0.0,No,1500,2400,0,3402,75
15:51:27.789,sleep,15296,460,7040,16790,21,95,51.8,0.2,No,1500,2400,0,3382,75
15:51:28.789,sleep,15294,574,8796,16789,18,95,51.8,0.3,No,1500,2400,0,3365,75
15:51:29.791,active,15344,448,9046,16787,6,95,55.1,33.6,No,2400,2400,0,3356,75
15:51:30.792,active,15316,522,8006,16788,-5,95,56.2,58.1,No,2400,2400,0,3338,75
15:51:31.790,active,15296,644,9896,16787,-5,95,57.3,58.7,No,2400,2400,0,3328,75
15:51:32.789,active,15301,658,11112,16787,-3,95,58.4,59.8,No,2400,2400,0,3326,75
15:51:33.789,active,15303,704,10802,16786,-3,95,59.5,59.6,No,2400,2400,0,3318,75
15:51:34.789,active,15299,686,10514,16786,0,95,59.5,57.9,No,2400,2400,0,3305,75
15:51:35.789,active,15301,696,10668,16786,0,95,59.5,57.5,No,2400,2400,0,3304,75
15:51:36.793,active,15305,714,10956,16787,0,95,60.0,57.1,No,2400,2400,0,3282,75
15:51:37.795,active,15301,738,7716,16787,0,95,61.7,58.1,No,2400,2400,0,3381,125
15:51:38.790,active,15301,720,11034,16786,-6,95,60.0,56.3,No,2400,2400,0,5241,125
15:51:39.789,active,15299,660,10378,16786,-3,95,59.5,58.6,No,2400,2400,0,5405,125
15:51:40.789,active,15271,744,11246,16784,-5,95,61.1,60.2,No,2400,2400,0,5406,125
15:51:41.793,active,15273,934,14294,16786,0,95,60.6,60.0,No,2400,2400,0,5404,125
15:51:42.793,active,15279,788,14622,16785,0,95,62.2,57.9,No,2400,2400,0,5407,125
15:51:43.789,active,15268,988,15124,16787,0,95,61.1,58.2,No,2400,2400,0,5414,125
15:51:44.789,active,15283,876,13426,16787,0,95,60.6,58.8,No,2400,2400,0,5408,125
15:51:45.790,active,15262,942,12038,16786,-3,95,60.6,59.1,No,2400,2400,0,5407,125
15:51:46.789,active,15301,694,10648,16786,0,95,60.6,55.6,No,2400,2400,0,5422,125
15:51:47.789,active,15307,764,11748,16785,0,95,60.6,54.9,No,2400,2400,0,5424,125
15:51:48.792,active,15311,678,10416,16786,-4,95,61.1,58.7,No,2400,2400,0,5428,125
15:51:49.789,active,15318,496,7638,16787,-6,95,61.7,59.1,No,2400,2400,0,5428,125
15:51:50.792,active,15331,472,10262,16786,0,95,62.2,58.9,No,2400,2400,0,5439,125
15:51:51.792,active,15314,462,7098,16786,-3,95,61.1,58.8,No,2400,2400,0,5448,125
15:51:52.796,active,15309,822,12578,16786,0,95,62.2,58.9,No,2400,2400,0,5446,125
15:51:53.789,active,15309,418,14360,16785,0,95,61.1,57.7,No,2400,2400,0,5446,125
15:51:54.789,active,15311,774,11824,16786,0,95,61.1,58.3,No,2400,2400,0,5449,125
15:51:55.793,active,15316,464,12210,16786,0,95,62.2,56.6,No,2400,2400,0,5457,125
15:51:56.789,active,15253,832,12732,16787,0,95,61.1,55.0,No,2400,2400,0,5463,125
15:51:57.789,active,15305,972,14892,16786,-3,95,61.7,55.2,No,2400,2400,0,5461,125
15:51:58.790,active,15296,714,7716,16785,0,95,60.6,58.1,No,2400,2400,0,5465,125
15:51:59.795,active,15299,622,9548,16786,0,95,61.1,54.8,No,2400,2400,0,5476,125
15:52:00.789,active,15299,462,7850,16785,0,95,61.1,51.4,No,2400,2400,0,5474,125
15:52:01.789,active,15341,518,7966,16786,0,95,61.1,52.3,No,2400,2400,0,5485,125
15:52:02.793,active,15299,526,8082,16787,0,95,61.7,52.2,No,2400,2400,0,5480,125
15:52:03.789,active,15346,500,7388,16786,0,95,62.2,52.6,No,2400,2400,0,5481,125
15:52:04.790,active,15326,508,7792,16786,0,95,61.7,53.9,No,2400,2400,0,5481,125
15:52:05.794,active,15329,546,7562,16785,0,95,61.7,52.6,No,2400,2400,0,5484,125
15:52:06.789,active,15271,868,8082,16786,0,95,60.0,50.9,No,2400,2400,0,5494,125
15:52:07.789,active,15307,674,10340,16785,-4,95,61.1,52.2,No,2400,2400,0,5505,125
15:52:08.793,active,15277,704,11516,16785,-5,95,62.2,53.0,No,2400,2400,0,5492,125
15:52:09.793,active,15301,672,10300,16784,-6,95,62.2,53.2,No,2400,2400,0,5482,125
15:52:10.789,active,15305,760,11670,16785,0,95,62.8,54.0,No,2400,2400,0,5493,125
15:52:11.789,active,15311,730,10440,16787,0,95,61.1,55.6,No,2400,2400,0,5491,125
15:52:12.793,active,15305,726,11130,16785,-3,95,61.7,55.0,No,2400,2400,0,5493,125
15:52:13.789,active,15303,762,10378,16784,-5,95,60.6,55.0,No,2400,2400,0,5489,125
15:52:14.789,active,15299,794,12172,16784,-5,95,61.7,54.9,No,2400,2400,0,5497,125
15:52:15.793,active,15309,704,10802,16783,-6,95,61.7,53.8,No,2400,2400,0,5505,125
15:52:16.793,active,15301,680,12346,16786,-3,95,61.7,53.1,No,2400,2400,0,5512,125
15:52:17.789,active,15249,718,10996,16787,0,95,62.2,53.7,No,2400,2400,0,5515,125
15:52:18.789,active,15258,768,11748,16787,0,95,61.7,54.3,No,2400,2400,0,5514,125
15:52:19.793,active,15260,708,11590,16786,0,95,62.2,52.3,No,2400,2400,0,5514,125
15:52:20.789,active,15273,810,12404,16786,0,95,61.7,55.0,No,2400,2400,0,5515,125
15:52:21.789,active,15232,852,14932,16785,0,95,61.7,54.0,No,2400,2400,0,5515,125
15:52:22.789,active,15277,866,13272,16785,4,95,62.2,53.2,No,2400,2400,0,5518,125
15:52:23.789,active,15266,898,13754,16785,-4,95,62.2,55.6,No,2400,2400,0,5515,125
15:52:24.789,active,15299,710,8932,16785,-3,95,62.8,56.2,No,2400,2400,0,5513,125
15:52:25.791,active,15357,516,7928,16786,0,95,62.2,56.6,No,2400,2400,0,5514,125
15:52:26.794,active,15299,552,8488,16785,0,95,62.2,56.9,No,2400,2400,0,5510,125
15:52:27.789,active,15350,490,7522,16784,-4,95,61.1,57.0,No,2400,2400,0,5520,125
15:52:28.789,active,15322,530,8160,16785,-3,95,62.8,57.3,No,2400,2400,0,5518,125
15:52:29.789,sleep,15299,484,8642,16787,0,95,60.0,34.9,No,2400,2400,0,5545,125
15:52:30.789,sleep,15301,540,8294,16788,9,95,57.3,0.0,No,2400,2400,0,5575,125
15:52:31.789,sleep,15296,504,6558,16787,10,95,57.3,0.0,No,2400,2400,0,5572,125
15:52:32.789,sleep,15299,456,7002,16788,10,95,56.2,0.3,No,2400,2400,0,5568,125
15:52:33.789,sleep,15299,536,8218,16787,8,95,55.6,0.3,No,2400,2400,0,5567,125
15:52:34.789,sleep,15296,386,6018,16787,12,95,54.5,0.3,No,1500,2400,0,5558,125
15:52:35.789,sleep,15296,446,6828,16790,15,95,54.0,0.0,No,1500,2400,0,3984,75
15:52:36.789,sleep,15292,520,7986,16791,16,95,53.5,0.2,No,1500,2400,0,3503,75
15:52:37.789,sleep,15292,476,7292,16790,14,95,52.4,0.0,No,1500,2400,0,3426,75
15:52:38.789,sleep,15299,476,7310,16789,13,95,52.9,0.3,No,1500,2400,0,3412,75
15:52:39.789,sleep,15290,520,9318,16788,13,95,52.4,-0.0,No,1500,2400,0,3410,75
15:52:40.789,sleep,15290,432,6636,16787,10,95,52.4,0.2,No,1500,2400,0,3402,75
15:52:41.789,sleep,15294,506,4784,16788,10,95,51.8,0.0,No,1500,2400,0,3402,75
15:52:42.789,sleep,15301,378,8700,16788,12,95,51.8,-0.0,No,1500,2400,0,3397,75
15:52:43.789,sleep,15296,560,8584,16788,11,95,51.8,0.3,No,1500,2400,0,3387,75
15:52:44.789,active,15251,718,10764,16786,4,95,55.6,28.8,No,2400,2400,0,3364,75
15:52:45.791,active,15279,712,10898,16785,-9,95,57.3,58.2,No,2400,2400,0,3342,75
15:52:46.789,active,15262,958,14660,16785,-5,95,58.4,57.7,No,2400,2400,0,3323,75
15:52:47.792,active,15281,830,12712,16785,-7,95,57.9,58.4,No,2400,2400,0,3319,75
15:52:48.789,active,15271,854,13078,16785,-9,95,58.4,57.3,No,2400,2400,0,3316,75
15:52:49.792,active,15281,714,14276,16785,-8,95,59.5,58.5,No,2400,2400,0,3307,75
15:52:50.789,active,15277,924,14140,16785,-3,95,59.5,57.7,No,2400,2400,0,3307,75
15:52:51.789,active,15357,490,7504,16785,-4,95,60.6,57.8,No,2400,2400,0,4286,125
15:52:52.793,active,15341,492,8330,16784,-8,95,60.6,58.6,No,2400,2400,0,5338,125
15:52:53.790,active,15354,486,7466,16785,-7,95,60.0,58.9,No,2400,2400,0,5415,125
15:52:54.793,active,15331,454,7252,16785,-3,95,60.0,57.9,No,2400,2400,0,5420,125
15:52:55.789,active,15316,522,8024,16785,-4,95,60.0,58.8,No,2400,2400,0,5418,125
15:52:56.793,active,15326,504,6752,16785,-5,95,61.7,58.9,No,2400,2400,0,5420,125
15:52:57.793,active,15314,468,7176,16786,-4,95,60.6,57.9,No,2400,2400,0,5415,125
15:52:58.789,active,15316,690,10552,16784,-7,95,61.7,58.5,No,2400,2400,0,5421,125
15:52:59.789,active,15309,502,10788,16785,-4,95,61.1,58.5,No,2400,2400,0,5425,125
15:53:00.793,active,15305,708,11940,16786,0,95,61.7,58.7,No,2400,2400,0,5430,125
15:53:01.790,active,15299,776,11902,16785,0,95,60.6,57.9,No,2400,2400,0,5425,125
15:53:02.789,active,15305,712,10918,16785,0,95,61.1,59.6,No,2400,2400,0,5431,125
15:53:03.793,active,15311,804,12326,16786,-6,95,61.7,59.7,No,2400,2400,0,5442,125
15:53:04.793,active,15299,700,10416,16787,-3,95,61.1,58.3,No,2400,2400,0,5444,125
15:53:05.789,active,15299,724,11092,16786,-5,95,62.2,56.1,No,2400,2400,0,5443,125
15:53:06.789,active,15299,678,8178,16785,-4,95,62.2,55.4,No,2400,2400,0,5445,125
15:53:07.790,active,15296,660,10128,16785,-7,95,62.2,55.0,No,2400,2400,0,5450,125
15:53:08.789,active,15294,542,8352,16784,0,95,61.1,56.4,No,2400,2400,0,5457,125
15:53:09.789,active,15253,798,14912,16784,-3,95,60.6,58.9,No,2400,2400,0,5462,125
15:53:10.789,active,15264,952,14564,16784,-5,95,62.2,54.6,No,2400,2400,0,5464,125
15:53:11.793,active,15277,900,14988,16785,-5,95,61.1,53.4,No,2400,2400,0,5464,125
15:53:12.789,active,15271,842,12886,16785,-3,95,61.1,53.3,No,2400,2400,0,5466,125
15:53:13.789,active,15264,696,10686,16785,-3,95,62.2,54.9,No,2400,2400,0,5474,125
15:53:14.790,active,15275,912,11342,16785,-5,95,60.6,51.6,No,2400,2400,0,5476,125
15:53:15.789,active,15296,706,10842,16784,-7,95,62.2,53.0,No,2400,2400,0,5493,125
15:53:16.793,active,15294,698,12192,16785,-6,95,61.7,53.9,No,2400,2400,0,5462,125
15:53:17.789,active,15301,772,11824,16785,-3,95,60.6,52.5,No,2400,2400,0,5476,125
15:53:18.793,active,15314,428,12346,16785,0,95,61.7,54.1,No,2400,2400,0,5484,125
15:53:19.789,active,15311,518,11362,16785,0,95,61.7,54.9,No,2400,2400,0,5467,125
15:53:20.789,active,15307,588,9008,16785,0,95,61.7,51.7,No,2400,2400,0,5497,125
15:53:21.790,active,15333,608,9318,16784,0,95,61.7,52.7,No,2400,2400,0,5501,125
15:53:22.789,active,15305,496,7600,16787,0,95,61.1,54.8,No,2400,2400,0,5502,125
15:53:23.789,active,15311,700,10686,16785,-4,95,61.1,55.6,No,2400,2400,0,5492,125
15:53:24.789,active,15305,730,13734,16787,0,95,60.6,52.0,No,2400,2400,0,5502,125
15:53:25.793,active,15273,728,11130,16785,0,95,62.2,53.4,No,2400,2400,0,5499,125
15:53:26.789,active,15277,846,12944,16784,-3,95,62.2,51.4,No,2400,2400,0,5510,125
15:53:27.789,active,15299,652,7252,16785,-4,95,62.2,51.3,No,2400,2400,0,5510,125
15:53:28.790,active,15333,476,7310,16786,0,95,60.6,51.4,No,2400,2400,0,5505,125
15:53:29.789,active,15296,396,7716,16786,0,95,61.7,52.2,No,2400,2400,0,5508,125
15:53:30.789,active,15357,522,8044,16786,0,95,61.1,52.3,No,2400,2400,0,5511,125
15:53:31.789,active,15296,470,7234,16785,0,95,61.1,52.0,No,2400,2400,0,5510,125
15:53:32.790,active,15352,510,7614,16785,0,95,61.7,52.8,No,2400,2400,0,5504,125
15:53:33.789,active,15299,484,7446,16785,0,95,61.7,54.9,No,2400,2400,0,5512,125
15:53:34.790,active,15294,662,8256,16785,0,95,61.7,56.4,No,2400,2400,0,5509,125
15:53:35.793,active,15331,480,7388,16786,0,95,61.7,57.1,No,2400,2400,0,5509,125
15:53:36.789,active,15281,834,12770,16786,0,95,61.7,56.4,No,2400,2400,0,5509,125
15:53:37.789,active,15273,874,11092,16785,0,95,61.7,57.2,No,2400,2400,0,5506,125
15:53:38.793,active,15292,706,10822,16784,-3,95,63.4,56.2,No,2400,2400,0,5507,125
15:53:39.789,active,15273,950,11786,16785,-3,95,62.8,57.0,No,2400,2400,0,5506,125
15:53:40.789,active,15311,746,11458,16785,0,95,62.2,56.4,No,2400,2400,0,5510,125
15:53:41.792,active,15277,782,11980,16785,0,95,61.1,56.3,No,2400,2400,0,5518,125
15:53:42.789,active,15273,908,13908,16784,-3,95,61.7,58.4,No,2400,2400,0,5516,125
15:53:43.789,active,15283,738,11304,16785,0,95,62.2,57.3,No,2400,2400,0,5514,125
15:53:44.789,sleep,15296,542,7736,16786,4,95,59.0,34.4,No,2400,2400,0,5539,125
15:53:45.789,sleep,15292,472,7234,16788,18,95,57.9,-0.0,No,2400,2400,0,5561,125
15:53:46.789,sleep,15296,528,8102,16790,18,95,57.3,0.0,No,2400,2400,0,5566,125
15:53:47.789,sleep,15299,460,6866,16789,16,95,55.6,0.2,No,2400,2400,0,5563,125
15:53:48.789,sleep,15303,458,7040,16789,13,95,55.6,0.3,No,2400,2400,0,5572,125
15:53:49.789,sleep,15296,574,7272,16788,13,95,54.5,0.3,No,1500,2400,0,5565,75
15:53:50.789,sleep,15301,538,8256,16788,18,95,54.5,0.3,No,1500,2400,0,3767,75
15:53:51.789,sleep,15303,336,5170,16791,18,95,54.0,0.0,No,1500,2400,0,3476,75
15:53:52.789,sleep,15303,462,7098,16792,20,95,53.5,-0.0,No,1500,2400,0,3412,75
15:53:53.789,sleep,15296,592,9086,16791,17,95,52.9,0.3,No,1500,2400,0,3418,75
15:53:54.789,sleep,15294,490,7522,16789,14,95,52.4,0.0,No,1500,2400,0,3403,75
15:53:55.789,sleep,15301,462,7098,16789,16,95,52.4,0.3,No,1500,2400,0,3390,75
15:53:56.789,sleep,15294,358,5498,16789,18,95,52.4,0.0,No,1500,2400,0,3375,75
15:53:57.789,sleep,15288,316,8448,16790,20,95,51.8,0.0,No,1500,2400,0,3373,75
15:53:58.789,sleep,15290,482,7388,16790,19,95,50.7,0.2,No,1500,2400,0,3375,75
15:53:59.789,active,15303,706,8430,16788,12,95,55.1,27.1,No,2400,2400,0,3364,75
15:54:00.792,active,15329,450,6924,16788,0,95,57.9,59.6,No,2400,2400,0,3324,75
15:54:01.792,active,15301,472,7252,16787,0,95,57.9,58.4,No,2400,2400,0,3329,75
15:54:02.793,active,15320,522,8024,16786,0,95,57.9,58.7,No,2400,2400,0,3311,75
15:54:03.789,active,15303,692,10610,16786,0,95,57.9,58.4,No,2400,2400,0,3309,75
15:54:04.789,active,15264,658,10088,16787,0,95,59.0,58.8,No,2400,2400,0,3309,75
15:54:05.792,active,15311,654,10050,16786,0,95,59.5,59.2,No,2400,2400,0,3304,75
15:54:06.792,active,15277,670,10282,16786,-5,95,60.0,59.6,No,2400,2400,0,3285,75
15:54:07.789,active,15307,718,11960,16787,0,95,60.6,58.1,No,2400,2400,0,3292,75
15:54:08.793,active,15307,694,10648,16787,0,95,61.1,59.1,No,2400,2400,0,4733,125
15:54:09.793,active,15299,724,11536,16785,0,95,60.0,58.1,No,2400,2400,0,5360,125
15:54:10.790,active,15294,706,10822,16787,-3,95,61.1,59.0,No,2400,2400,0,5399,125
15:54:11.789,active,15305,764,11710,16785,-7,95,61.1,59.4,No,2400,2400,0,5377,125
15:54:12.789,active,15258,790,11882,16786,0,95,61.7,59.3,No,2400,2400,0,5407,125
15:54:13.793,active,15262,662,10128,16787,-3,95,61.1,58.1,No,2400,2400,0,5405,125
15:54:14.789,active,15260,896,12056,16786,-4,95,61.7,58.6,No,2400,2400,0,5409,125
15:54:15.789,active,15249,762,11632,16785,-3,95,61.1,57.2,No,2400,2400,0,5417,125
15:54:16.790,active,15251,976,14950,16784,-4,95,61.1,55.6,No,2400,2400,0,5420,125
15:54:17.789,active,15256,816,12500,16785,0,95,60.6,55.7,No,2400,2400,0,5421,125
15:54:18.789,active,15271,906,13890,16786,0,95,60.0,56.6,No,2400,2400,0,5423,125
15:54:19.793,active,15277,750,12520,16786,0,95,61.7,59.8,No,2400,2400,0,5431,125
15:54:20.789,active,15273,842,12886,16787,0,95,61.7,53.7,No,2400,2400,0,5435,125
15:54:21.789,active,15318,520,7986,16786,0,95,61.1,51.5,No,2400,2400,0,5439,125
15:54:22.790,active,15333,490,7948,16787,0,95,61.1,51.1,No,2400,2400,0,5445,125
15:54:23.794,active,15318,416,6404,16786,0,95,61.1,51.5,No,2400,2400,0,5449,125
15:54:24.789,active,15331,576,8854,16785,0,95,60.6,51.5,No,2400,2400,0,5450,125
15:54:25.789,active,15311,486,7466,16787,0,95,60.6,52.2,No,2400,2400,0,5452,125
15:54:26.791,active,15318,438,6732,16786,0,95,61.1,51.9,No,2400,2400,0,5462,125
15:54:27.793,active,15307,516,10282,16785,-5,95,61.7,51.8,No,2400,2400,0,5470,125
15:54:28.790,active,15303,520,7966,16785,-3,95,61.7,52.3,No,2400,2400,0,5467,125
15:54:29.789,active,15314,490,9220,16785,-3,95,61.7,53.1,No,2400,2400,0,5466,125
15:54:30.794,active,15299,730,11092,16785,-3,95,61.7,53.3,No,2400,2400,0,5476,125
15:54:31.789,active,15305,738,11324,16785,-4,95,61.1,54.8,No,2400,2400,0,5480,125
15:54:32.789,active,15303,732,11130,16787,0,95,61.1,52.8,No,2400,2400,0,5485,125
15:54:33.789,active,15301,720,11054,16785,-3,95,62.2,53.4,No,2400,2400,0,5475,125
15:54:34.789,active,15301,700,10744,16785,-3,95,62.2,52.3,No,2400,2400,0,5475,125
15:54:35.789,active,15301,748,11458,16785,-3,95,61.1,51.8,No,2400,2400,0,5483,125
15:54:36.790,active,15301,764,11728,16784,0,95,61.7,52.7,No,2400,2400,0,5482,125
15:54:37.790,active,15301,730,8276,16784,-4,95,61.1,54.1,No,2400,2400,0,5488,125
15:54:38.789,active,15303,728,11170,16787,0,95,61.1,54.5,No,2400,2400,0,5497,125
15:54:39.789,active,15245,894,13658,16787,0,95,61.7,52.8,No,2400,2400,0,5496,125
15:54:40.789,active,15258,1000,15316,16787,0,95,62.2,52.2,No,2400,2400,0,5519,125
15:54:41.789,active,15243,900,13754,16786,0,95,61.7,51.5,No,2400,2400,0,5502,125
15:54:42.789,active,15249,920,11710,16785,0,95,61.7,51.3,No,2400,2400,0,5489,125
15:54:43.790,active,15262,928,14198,16784,0,95,62.2,51.9,No,2400,2400,0,5501,125
15:54:44.794,active,15260,764,15780,16787,3,95,61.7,56.0,No,2400,2400,0,5506,125
15:54:45.789,active,15275,888,13580,16786,0,95,61.7,56.1,No,2400,2400,0,5501,125
15:54:46.790,active,15279,644,10668,16785,0,95,61.7,56.8,No,2400,2400,0,5502,125
15:54:47.793,active,15281,846,12964,16786,0,95,62.8,56.9,No,2400,2400,0,5505,125
15:54:48.789,active,15311,542,8334,16786,3,95,61.7,55.7,No,2400,2400,0,5514,125
15:54:49.789,active,15329,496,6924,16785,0,95,63.4,54.0,No,2400,2400,0,5509,125
15:54:50.790,active,15337,502,7716,16786,0,95,61.7,56.5,No,2400,2400,0,5508,125
15:54:51.790,active,15318,472,7234,16786,0,95,61.1,56.0,No,2400,2400,0,5503,125
15:54:52.790,active,15314,526,8064,16787,3,95,62.8,56.7,No,2400,2400,0,5512,125
15:54:53.793,active,15352,484,7426,16785,0,95,62.2,57.7,No,2400,2400,0,5512,125
15:54:54.793,active,15309,526,10996,16784,-4,95,63.4,58.2,No,2400,2400,0,5507,125
15:54:55.789,active,15320,634,9722,16784,-3,95,62.2,60.3,No,2400,2400,0,5510,125
15:54:56.790,active,15311,556,11150,16786,-4,95,62.8,58.0,No,2400,2400,0,5514,125
15:54:57.793,active,15314,700,11000,16784,-4,95,62.8,58.4,No,2400,2400,0,5514,125
15:54:58.790,active,15301,690,10572,16785,-3,95,61.7,58.4,No,2400,2400,0,5519,125
15:54:59.789,sleep,15299,620,7292,16785,0,95,60.0,41.8,No,2400,2400,0,5526,125
15:55:00.789,sleep,15299,472,7234,16788,12,95,58.4,-0.0,No,2400,2400,0,5557,125
15:55:01.789,sleep,15296,464,8198,16788,8,95,57.9,0.0,No,2400,2400,0,5564,125
15:55:02.789,sleep,15299,522,8024,16788,8,95,56.8,-0.0,No,2400,2400,0,5574,125
15:55:03.789,sleep,15292,480,7350,16788,13,95,56.2,0.0,No,2400,2400,0,5576,125
15:55:04.789,sleep,15294,500,7678,16787,9,95,54.5,0.3,No,1500,2400,0,5576,125
15:55:05.789,sleep,15294,564,8642,16788,14,95,54.5,0.0,No,1500,2400,0,5327,75
15:55:06.789,sleep,15294,260,5170,16790,17,95,54.5,0.0,No,1500,2400,0,3703,75
15:55:07.789,sleep,15301,382,5864,16791,17,95,54.0,0.0,No,1500,2400,0,3460,75
15:55:08.789,sleep,15290,522,8024,16791,18,95,52.4,0.3,No,1500,2400,0,3414,75
15:55:09.789,sleep,15292,432,6636,16790,17,95,52.4,-0.0,No,1500,2400,0,3418,75
15:55:10.789,sleep,15290,488,7484,16789,16,95,52.4,0.3,No,1500,2400,0,3411,75
15:55:11.789,sleep,15292,346,8410,16789,19,95,51.8,0.3,No,1500,2400,0,3410,75
15:55:12.789,sleep,15292,590,9066,16789,15,95,52.4,0.3,No,1500,2400,0,3399,75
15:55:13.789,sleep,15294,530,8546,16789,14,95,52.9,0.0,No,1500,2400,0,3392,75
15:55:14.790,active,15301,634,9742,16789,17,95,54.5,22.2,No,2400,2400,0,3387,75
15:55:15.789,active,15318,436,6694,16785,-6,95,56.8,54.5,No,2400,2400,0,3349,75
15:55:16.792,active,15331,442,11516,16786,0,95,57.3,58.4,No,2400,2400,0,3324,75
15:55:17.790,active,15311,472,7234,16787,0,95,58.4,58.4,No,2400,2400,0,3330,75
15:55:18.790,active,15320,550,11092,16787,3,95,57.9,58.7,No,2400,2400,0,3318,75
15:55:19.789,active,15305,452,6944,16787,0,95,59.0,59.5,No,2400,2400,0,3317,75
15:55:20.789,active,15305,670,10244,16787,0,95,59.5,59.1,No,2400,2400,0,3307,75
15:55:21.789,active,15329,476,11170,16786,0,95,59.5,59.3,No,2400,2400,0,3302,75
15:55:22.789,active,15318,754,11536,16785,0,95,60.6,58.7,No,2400,2400,0,5008,125
15:55:23.789,active,15307,650,11498,16786,0,95,61.1,57.6,No,2400,2400,0,5402,125
15:55:24.790,active,15305,792,10360,16786,0,95,61.1,60.3,No,2400,2400,0,5422,125
15:55:25.794,active,15299,732,11226,16787,0,95,60.0,60.0,No,2400,2400,0,5431,125
15:55:26.789,active,15292,756,8236,16788,0,95,59.0,56.3,No,2400,2400,0,5419,125
15:55:27.789,active,15299,546,8392,16788,3,95,60.6,55.9,No,2400,2400,0,5420,125
15:55:28.792,active,15299,722,7986,16787,5,95,61.1,54.7,No,2400,2400,0,5426,125
15:55:29.796,active,15337,586,9008,16787,5,95,61.1,56.5,No,2400,2400,0,5428,125
15:55:30.789,active,15296,528,8120,16786,3,95,60.6,58.9,No,2400,2400,0,5437,125
15:55:31.789,active,15329,532,7716,16785,0,95,61.1,54.8,No,2400,2400,0,5421,125
15:55:32.795,active,15322,516,7908,16786,0,95,61.1,51.1,No,2400,2400,0,5436,125
15:55:33.789,active,15264,718,11034,16787,0,95,60.0,51.9,No,2400,2400,0,5439,125
15:55:34.789,active,15309,736,10024,16787,0,95,60.6,52.0,No,2400,2400,0,5443,125
15:55:35.792,active,15268,714,10956,16786,0,95,61.7,51.9,No,2400,2400,0,5451,125
15:55:36.793,active,15311,680,11362,16785,0,95,61.7,51.7,No,2400,2400,0,5456,125
15:55:37.789,active,15301,738,11324,16786,0,95,61.7,54.3,No,2400,2400,0,5454,125
15:55:38.790,active,15303,694,10668,16787,0,95,61.1,52.8,No,2400,2400,0,5462,125
15:55:39.794,active,15305,730,11208,16787,3,95,61.7,53.2,No,2400,2400,0,5462,125
15:55:40.789,active,15307,720,11034,16786,0,95,60.6,57.9,No,2400,2400,0,5465,125
15:55:41.789,active,15299,748,9510,16787,0,95,61.7,53.6,No,2400,2400,0,5474,125
15:55:42.789,active,15283,628,9626,16787,0,95,61.7,53.2,No,2400,2400,0,5473,125
15:55:43.789,active,15303,740,11304,16787,4,95,61.7,52.1,No,2400,2400,0,5473,125
15:55:44.789,active,15264,642,11354,16785,3,95,62.2,52.5,No,2400,2400,0,5479,125
15:55:45.790,active,15320,672,10282,16785,0,95,61.1,56.1,No,2400,2400,0,5478,125
15:55:46.790,active,15262,730,13908,16787,0,95,60.6,56.1,No,2400,2400,0,5484,125
15:55:47.789,active,15238,812,12424,16786,0,95,60.6,52.7,No,2400,2400,0,5485,125
15:55:48.789,active,15243,842,15008,16787,0,95,61.1,52.1,No,2400,2400,0,5484,125
15:55:49.789,active,15260,938,14332,16788,3,95,61.7,52.2,No,2400,2400,0,5491,125
15:55:50.789,active,15249,964,14738,16786,0,95,62.8,51.5,No,2400,2400,0,5489,125
15:55:51.789,active,15299,708,7194,16785,-3,95,61.1,51.5,No,2400,2400,0,5497,125
15:55:52.790,active,15329,502,7716,16785,0,95,61.1,51.4,No,2400,2400,0,5499,125
15:55:53.794,active,15294,466,7658,16786,0,95,60.6,51.9,No,2400,2400,0,5501,125
15:55:54.789,active,15299,752,11536,16788,0,95,61.1,53.4,No,2400,2400,0,5510,125
15:55:55.789,active,15350,506,7774,16788,0,95,61.1,52.2,No,2400,2400,0,5494,125
15:55:56.793,active,15335,530,7116,16787,0,95,61.1,51.9,No,2400,2400,0,5500,125
15:55:57.789,active,15305,502,7716,16785,0,95,61.7,54.7,No,2400,2400,0,5506,125
15:55:58.790,active,15352,518,8006,16785,0,95,62.2,56.5,No,2400,2400,0,5502,125
15:55:59.794,active,15326,466,7156,16785,-3,95,61.1,57.4,No,2400,2400,0,5506,125
15:56:00.790,active,15266,752,11536,16785,0,95,61.7,56.7,No,2400,2400,0,5504,125
15:56:01.789,active,15309,822,11304,16786,-5,95,62.2,56.9,No,2400,2400,0,5505,125
15:56:02.789,active,15305,730,11208,16785,-6,95,61.7,57.0,No,2400,2400,0,5506,125
15:56:03.791,active,15292,726,11208,16785,-4,95,62.2,56.9,No,2400,2400,0,5513,125
15:56:04.789,active,15309,704,10822,16784,-9,95,62.8,58.0,No,2400,2400,0,5518,125
15:56:05.791,active,15316,756,11594,16784,-8,95,61.1,56.8,No,2400,2400,0,5517,125
15:56:06.793,active,15299,742,11400,16785,-7,95,63.4,57.5,No,2400,2400,0,5497,125
15:56:07.789,active,15314,748,11458,16786,-5,95,61.7,58.8,No,2400,2400,0,5506,125
15:56:08.789,active,15305,730,11902,16785,0,95,62.8,60.4,No,2400,2400,0,5506,125
15:56:09.793,active,15286,702,10764,16784,0,95,62.8,59.0,No,2400,2400,0,5514,125
15:56:10.789,active,15318,694,10610,16784,-3,95,62.8,57.8,No,2400,2400,0,5512,125
15:56:11.789,active,15266,680,10416,16785,-4,95,61.7,59.1,No,2400,2400,0,5513,125
15:56:12.790,active,15264,736,11266,16786,0,95,63.4,59.7,No,2400,2400,0,5507,125
15:56:13.793,active,15262,720,13040,16788,0,95,62.2,58.3,No,2400,2400,0,5513,125
15:56:14.789,sleep,15303,462,7098,16787,0,95,60.0,45.9,No,2400,2400,0,5522,125
15:56:15.789,sleep,15294,482,6636,16788,11,95,57.9,0.0,No,2400,2400,0,5562,125
15:56:16.789,sleep,15296,420,6442,16787,7,95,57.3,0.0,No,2400,2400,0,5566,125
15:56:17.789,sleep,15288,542,7176,16789,9,95,56.8,0.0,No,2400,2400,0,5572,125
15:56:18.789,sleep,15301,506,7812,16788,8,95,55.6,0.0,No,2400,2400,0,5567,125
15:56:19.789,sleep,15296,436,6674,16789,9,95,56.2,0.3,No,1500,2400,0,5568,125
15:56:20.789,sleep,15296,446,7908,16789,14,95,55.1,0.0,No,1500,2400,0,5582,125
15:56:21.789,sleep,15301,288,4436,16789,14,95,54.0,0.3,No,1500,2400,0,4648,75
15:56:22.789,sleep,15294,290,6906,16788,15,95,52.9,0.3,No,1500,2400,0,3600,75
15:56:23.789,sleep,15299,492,7562,16788,13,95,52.9,0.3,No,1500,2400,0,3426,75
15:56:24.789,sleep,15292,526,8064,16789,13,95,52.4,0.0,No,1500,2400,0,3424,75
15:56:25.789,sleep,15294,462,7098,16790,16,95,51.8,0.0,No,1500,2400,0,3405,75
15:56:26.789,sleep,15299,424,6500,16790,16,95,52.4,-0.0,No,1500,2400,0,3401,75
15:56:27.789,sleep,15294,476,7310,16790,16,95,51.8,0.2,No,1500,2400,0,3396,75
15:56:28.789,sleep,15294,600,9202,16789,16,95,51.8,0.0,No,1500,2400,0,3392,75
15:56:29.789,active,15316,626,9626,16790,16,95,55.6,18.5,No,2400,2400,0,3394,75
15:56:30.793,active,15305,674,11108,16786,-5,95,56.8,58.3,No,2400,2400,0,3347,75
15:56:31.789,active,15307,672,10320,16786,-5,95,57.3,58.2,No,2400,2400,0,3338,75
15:56:32.789,active,15301,714,11362,16786,-3,95,58.4,59.5,No,2400,2400,0,3317,75
15:56:33.794,active,15305,730,11208,16786,0,95,59.0,58.3,No,2400,2400,0,3320,75
15:56:34.796,active,15303,672,11342,16785,0,95,59.5,60.2,No,2400,2400,0,3321,75
15:56:35.789,active,15301,678,10398,16786,0,95,59.0,58.3,No,2400,2400,0,3319,125
15:56:36.789,active,15262,752,11498,16785,-4,95,60.0,59.1,No,2400,2400,0,5227,125
15:56:37.792,active,15281,642,13832,16786,0,95,58.4,56.4,No,2400,2400,0,5422,125
15:56:38.793,active,15258,810,12384,16786,-3,95,59.5,55.4,No,2400,2400,0,5428,125
15:56:39.789,active,15247,870,13330,16786,-4,95,60.6,54.6,No,2400,2400,0,5431,125
15:56:40.792,active,15275,870,13310,16785,-7,95,60.6,59.5,No,2400,2400,0,5431,125
15:56:41.795,active,15273,940,14390,16786,-5,95,60.0,54.2,No,2400,2400,0,5425,125
15:56:42.789,active,15262,878,10860,16786,0,95,59.5,52.8,No,2400,2400,0,5432,125
15:56:43.789,active,15292,726,11130,16786,-5,95,60.6,54.0,No,2400,2400,0,5431,125
15:56:44.793,active,15262,892,10300,16786,-8,95,61.1,52.7,No,2400,2400,0,5434,125
15:56:45.789,active,15322,518,7080,16787,-4,95,61.1,52.3,No,2400,2400,0,5430,125
15:56:46.789,active,15296,498,7658,16785,-6,95,61.1,54.8,No,2400,2400,0,5441,125
15:56:47.793,active,15318,494,7948,16784,-8,95,60.6,54.5,No,2400,2400,0,5447,125
15:56:48.790,active,15318,534,8198,16784,-9,95,60.0,54.5,No,2400,2400,0,5453,125
15:56:49.789,active,15341,764,8140,16785,-5,95,60.6,54.6,No,2400,2400,0,5458,125
15:56:50.789,active,15314,520,8006,16786,-4,95,62.2,53.4,No,2400,2400,0,5459,125
15:56:51.789,active,15316,490,7522,16785,-8,95,61.1,55.3,No,2400,2400,0,5454,125
15:56:52.789,active,15322,486,12842,16785,-3,95,61.7,55.1,No,2400,2400,0,5464,125
15:56:53.790,active,15318,626,9606,16786,3,95,61.1,53.1,No,2400,2400,0,5467,125
15:56:54.793,active,15307,514,13850,16786,0,95,61.1,53.1,No,2400,2400,0,5468,125
15:56:55.789,active,15307,680,10416,16786,0,95,60.6,52.8,No,2400,2400,0,5471,125
15:56:56.789,active,15303,734,11266,16786,-4,95,61.7,54.8,No,2400,2400,0,5476,125
15:56:57.789,active,15296,702,10340,16786,-3,95,61.7,53.1,No,2400,2400,0,5476,125
15:56:58.793,active,15301,744,11420,16787,0,95,61.1,51.9,No,2400,2400,0,5478,125
15:56:59.789,active,15296,724,8294,16785,0,95,61.1,51.3,No,2400,2400,0,5479,125
15:57:00.789,active,15296,698,10706,16785,-3,95,61.1,51.5,No,2400,2400,0,5483,125
15:57:01.793,active,15305,748,11478,16786,-3,95,60.0,51.9,No,2400,2400,0,5487,125
15:57:02.789,active,15303,726,11150,16786,-3,95,61.1,55.3,No,2400,2400,0,5487,125
15:57:03.789,active,15264,950,14546,16785,0,95,60.6,53.6,No,2400,2400,0,5493,125
15:57:04.789,active,15260,822,12596,16787,0,95,61.1,52.3,No,2400,2400,0,5498,125
15:57:05.793,active,15277,902,13812,16786,0,95,61.7,51.9,No,2400,2400,0,5498,125
15:57:06.789,active,15273,724,11112,16786,-3,95,62.8,56.6,No,2400,2400,0,5494,125
15:57:07.790,active,15290,714,14604,16785,0,95,61.7,57.2,No,2400,2400,0,5494,125
15:57:08.792,active,15296,848,13022,16784,-3,95,61.1,56.5,No,2400,2400,0,5501,125
15:57:09.789,active,15271,882,11304,16786,-4,95,61.1,56.8,No,2400,2400,0,5501,125
15:57:10.789,active,15273,924,14160,16787,0,95,62.2,56.5,No,2400,2400,0,5504,125
15:57:11.789,active,15264,718,11034,16787,0,95,62.2,56.5,No,2400,2400,0,5503,125
15:57:12.789,active,15329,534,8178,16787,0,95,61.7,55.7,No,2400,2400,0,5503,125
15:57:13.789,active,15324,510,7832,16787,0,95,61.1,55.8,No,2400,2400,0,5508,125
15:57:14.791,active,15333,690,10590,16785,0,95,62.2,56.5,No,2400,2400,0,5510,125
15:57:15.792,active,15322,512,7870,16785,0,95,61.1,58.2,No,2400,2400,0,5512,125
15:57:16.789,active,15320,582,8912,16786,0,95,62.2,58.9,No,2400,2400,0,5502,125
15:57:17.789,active,15307,488,14448,16786,0,95,61.1,52.2,No,2400,2400,0,5505,125
15:57:18.789,active,15271,756,11594,16786,0,95,61.7,52.0,No,2400,2400,0,5514,125
15:57:19.789,active,15307,532,11536,16786,0,95,61.7,51.3,No,2400,2400,0,5512,125
15:57:20.789,active,15271,720,11014,16786,0,95,61.7,51.5,No,2400,2400,0,5511,125
15:57:21.792,active,15303,704,10784,16785,0,95,62.2,51.8,No,2400,2400,0,5512,125
15:57:22.793,active,15296,762,8006,16786,0,95,60.6,51.5,No,2400,2400,0,5517,125
15:57:23.789,active,15299,680,10436,16785,0,95,61.1,51.7,No,2400,2400,0,5520,125
15:57:24.789,active,15296,540,8294,16787,0,95,61.1,52.0,No,2400,2400,0,5525,125
15:57:25.789,active,15301,740,11362,16786,0,95,61.7,52.6,No,2400,2400,0,5522,125
15:57:26.793,active,15301,528,8102,16786,0,95,61.7,51.4,No,2400,2400,0,5518,125
15:57:27.789,active,15352,510,8410,16786,0,95,62.2,51.4,No,2400,2400,0,5513,125
15:57:28.789,active,15335,480,7388,16784,0,95,61.1,51.4,No,2400,2400,0,5524,125
15:57:29.789,sleep,15292,596,8372,16785,-3,95,59.0,44.4,No,2400,2400,0,5529,125
15:57:30.789,sleep,15296,478,7832,16789,9,95,57.9,0.0,No,2400,2400,0,5558,125
15:57:31.789,sleep,15283,476,7310,16789,11,95,56.8,0.0,No,2400,2400,0,5560,125
15:57:32.789,sleep,15292,480,6596,16788,7,95,56.2,-0.0,No,2400,2400,0,5566,125
15:57:33.789,sleep,15296,494,7580,16787,8,95,55.6,0.0,No,2400,2400,0,5563,125
15:57:34.789,sleep,15294,520,7850,16786,8,95,55.1,0.0,No,1500,2400,0,4098,75
15:57:35.789,sleep,15296,364,5594,16788,17,95,54.0,0.3,No,1500,2400,0,3505,75
15:57:36.789,sleep,15299,472,7234,16789,13,95,54.0,0.0,No,1500,2400,0,3434,75
15:57:37.789,sleep,15296,492,4726,16789,15,95,53.5,0.3,No,1500,2400,0,3421,75
15:57:38.789,sleep,15299,506,7754,16788,12,95,53.5,0.0,No,1500,2400,0,3412,75
15:57:39.789,sleep,15299,258,3974,16789,14,95,51.8,0.5,No,1500,2400,0,3411,75
15:57:40.789,sleep,15299,420,8984,16789,16,95,51.8,0.0,No,1500,2400,0,3405,75
15:57:41.789,sleep,15296,534,8198,16790,15,95,51.8,0.2,No,1500,2400,0,3401,75
15:57:42.789,sleep,15294,330,7696,16790,14,95,52.4,0.3,No,1500,2400,0,3390,75
15:57:43.789,sleep,15296,374,5728,16789,12,95,51.8,0.0,No,1500,2400,0,3378,75
15:57:44.789,active,15296,706,13620,16789,11,95,53.5,15.6,No,2400,2400,0,3372,75
15:57:45.793,active,15264,708,10842,16785,-7,95,57.3,59.1,No,2400,2400,0,3332,75
15:57:46.789,active,15268,754,11554,16786,0,95,57.3,58.3,No,2400,2400,0,3318,75
15:57:47.789,active,15266,818,11420,16787,0,95,57.9,57.1,No,2400,2400,0,3314,75
15:57:48.789,active,15339,522,8044,16786,0,95,57.9,54.9,No,2400,2400,0,3303,75
15:57:49.790,active,15305,490,7542,16785,-7,95,58.4,55.1,No,2400,2400,0,3302,75
15:57:50.789,active,15359,512,7634,16785,-6,95,59.5,58.5,No,2400,2400,0,3291,75
15:57:51.789,active,15335,496,7620,16785,-8,95,59.0,57.5,No,2400,2400,0,3291,75
15:57:52.789,active,15344,380,7850,16786,-5,95,60.0,53.6,No,2400,2400,0,3275,75
15:57:53.793,active,15318,438,6732,16785,-3,95,60.0,51.9,No,2400,2400,0,3276,75
15:57:54.793,active,15333,452,6924,16785,-4,95,60.0,51.0,No,2400,2400,0,3271,75
15:57:55.789,active,15316,520,7986,16785,-4,95,60.0,51.7,No,2400,2400,0,3519,125
15:57:56.790,active,15344,510,7850,16785,-3,95,60.0,52.2,No,2400,2400,0,5244,125
15:57:57.789,active,15307,708,10880,16787,0,95,60.0,54.1,No,2400,2400,0,5378,125
15:57:58.789,active,15303,762,11178,16787,0,95,59.5,52.2,No,2400,2400,0,5393,125
15:57:59.789,active,15305,708,10860,16787,0,95,61.1,52.2,No,2400,2400,0,5395,125
15:58:00.789,active,15301,668,11536,16786,0,95,60.0,51.8,No,2400,2400,0,5397,125
15:58:01.789,active,15296,526,8064,16785,0,95,60.6,51.0,No,2400,2400,0,5402,125
15:58:02.791,active,15301,700,10744,16785,0,95,61.1,51.7,No,2400,2400,0,5402,125
15:58:03.793,active,15296,702,10744,16786,0,95,60.6,51.2,No,2400,2400,0,5399,125
15:58:04.789,active,15290,702,10764,16787,0,95,60.6,54.4,No,2400,2400,0,5401,125
15:58:05.789,active,15299,716,8392,16786,0,95,60.6,52.6,No,2400,2400,0,5411,125
15:58:06.789,active,15243,790,12096,16785,-3,95,61.1,52.2,No,2400,2400,0,5407,125
15:58:07.793,active,15311,890,13600,16786,0,95,60.6,51.7,No,2400,2400,0,5417,125
15:58:08.789,active,15256,872,12288,16786,0,95,61.7,51.3,No,2400,2400,0,5425,125
15:58:09.790,active,15260,880,13446,16786,0,95,61.7,52.4,No,2400,2400,0,5434,125
15:58:10.790,active,15271,866,14660,16787,0,95,60.6,53.8,No,2400,2400,0,5425,125
15:58:11.789,active,15277,896,13716,16786,0,95,60.0,52.7,No,2400,2400,0,5440,125
15:58:12.789,active,15256,718,11014,16786,0,95,60.6,55.1,No,2400,2400,0,5443,125
15:58:13.789,active,15275,790,12114,16786,0,95,61.1,52.2,No,2400,2400,0,5450,125
15:58:14.793,active,15256,742,11362,16786,0,95,61.1,51.4,No,2400,2400,0,5451,125
15:58:15.789,active,15354,468,7194,16788,0,95,61.1,54.7,No,2400,2400,0,5454,125
15:58:16.790,active,15333,512,7870,16788,0,95,61.7,55.6,No,2400,2400,0,5457,125
15:58:17.794,active,15354,482,7388,16786,0,95,61.1,57.1,No,2400,2400,0,5457,125
15:58:18.789,active,15357,484,8024,16786,0,95,62.2,57.3,No,2400,2400,0,5456,125
15:58:19.789,active,15318,518,7966,16786,0,95,61.7,57.6,No,2400,2400,0,5473,125
15:58:20.789,active,15333,514,6944,16785,-4,95,62.8,56.8,No,2400,2400,0,5458,125
15:58:21.789,active,15309,504,7736,16784,-3,95,61.1,55.5,No,2400,2400,0,5474,125
15:58:22.789,active,15322,702,10744,16786,0,95,61.7,56.7,No,2400,2400,0,5475,125
15:58:23.790,active,15309,492,7542,16785,0,95,61.7,55.9,No,2400,2400,0,5477,125
15:58:24.790,active,15303,702,10784,16785,-4,95,61.7,57.6,No,2400,2400,0,5462,125
15:58:25.789,active,15314,738,11324,16784,-4,95,61.7,58.2,No,2400,2400,0,5473,125
15:58:26.789,active,15299,638,9780,16785,-3,95,62.2,51.9,No,2400,2400,0,5483,125
15:58:27.789,active,15299,794,12172,16787,0,95,62.2,51.8,No,2400,2400,0,5486,125
15:58:28.789,active,15294,704,8256,16786,0,95,62.2,51.4,No,2400,2400,0,5493,125
15:58:29.789,active,15301,770,11806,16786,-3,95,61.1,51.1,No,2400,2400,0,5502,125
15:58:30.793,active,15296,736,7908,16785,-4,95,61.7,51.9,No,2400,2400,0,5500,125
15:58:31.789,active,15296,766,11768,16785,0,95,60.6,58.8,No,2400,2400,0,5495,125
15:58:32.789,active,15299,732,11246,16785,-4,95,61.7,57.9,No,2400,2400,0,5494,125
15:58:33.789,active,15268,764,13406,16785,-6,95,62.8,57.9,No,2400,2400,0,5498,125
15:58:34.789,active,15286,826,12654,16785,-5,95,62.8,58.5,No,2400,2400,0,5502,125
15:58:35.789,active,15288,904,13850,16784,-7,95,62.2,59.0,No,2400,2400,0,5493,125
15:58:36.792,active,15271,776,11882,16784,-7,95,62.8,56.7,No,2400,2400,0,5495,125
15:58:37.791,active,15288,928,14218,16785,-4,95,62.8,58.8,No,2400,2400,0,5503,125
15:58:38.790,active,15277,788,11304,16787,0,95,61.1,57.8,No,2400,2400,0,5505,125
15:58:39.789,active,15311,790,12134,16785,0,95,62.2,58.2,No,2400,2400,0,5508,125
15:58:40.789,active,15292,996,14506,16785,0,95,62.8,57.4,No,2400,2400,0,5505,125
15:58:41.789,active,15333,494,10918,16785,0,95,62.2,58.1,No,2400,2400,0,5501,125
15:58:42.792,active,15314,506,7754,16784,-8,95,62.8,58.0,No,2400,2400,0,5503,125
15:58:43.792,active,15309,528,11342,16786,-4,95,62.8,59.1,No,2400,2400,0,5507,125
15:58:44.789,sleep,15320,498,7638,16788,4,95,60.6,53.7,No,2400,2400,0,5506,125
15:58:45.789,sleep,15303,554,8488,16789,12,95,59.0,0.0,No,2400,2400,0,5560,125
15:58:46.789,sleep,15301,462,6330,16788,8,95,57.3,0.2,No,2400,2400,0,5554,125
15:58:47.789,sleep,15296,494,7580,16788,13,95,57.9,0.2,No,2400,2400,0,5557,125
15:58:48.789,sleep,15299,422,7620,16788,13,95,56.2,0.0,No,2400,2400,0,5577,125
15:58:49.789,sleep,15309,390,5980,16788,13,95,56.2,0.2,No,1500,2400,0,5566,125
15:58:50.789,sleep,15294,394,6056,16790,20,95,54.5,0.0,No,1500,2400,0,5572,125
15:58:51.789,sleep,15301,576,6056,16790,20,95,54.0,0.0,No,1500,2400,0,3886,75
15:58:52.789,sleep,15296,366,5612,16789,15,95,53.5,0.5,No,1500,2400,0,3474,75
15:58:53.789,sleep,15296,360,7678,16788,13,95,52.4,0.0,No,1500,2400,0,3407,75
15:58:54.789,sleep,15290,482,7388,16789,17,95,52.9,0.0,No,1500,2400,0,3394,75
15:58:55.789,sleep,15299,404,6192,16790,15,95,51.8,0.2,No,1500,2400,0,3392,75
15:58:56.789,sleep,15292,330,7678,16788,8,95,52.4,0.0,No,1500,2400,0,3376,75
15:58:57.789,sleep,15296,514,7890,16789,11,95,51.8,-0.0,No,1500,2400,0,3392,75
15:58:58.789,sleep,15292,440,6288,16788,13,95,51.8,0.2,No,1500,2400,0,3392,75
15:58:59.789,active,15290,608,9896,16788,13,95,54.0,11.0,No,2400,2400,0,3389,75
15:59:00.789,active,15303,688,10552,16786,-3,95,56.8,56.2,No,2400,2400,0,3354,75
15:59:01.789,active,15305,710,10436,16788,0,95,57.3,58.9,No,2400,2400,0,3324,75
15:59:02.789,active,15303,654,10012,16786,0,95,57.9,53.5,No,2400,2400,0,3325,75
15:59:03.789,active,15305,732,11226,16787,0,95,57.3,51.5,No,2400,2400,0,3316,75
15:59:04.790,active,15305,686,10788,16786,0,95,59.5,51.5,No,2400,2400,0,3300,75
15:59:05.793,active,15299,680,10416,16785,0,95,57.9,51.1,No,2400,2400,0,3297,75
15:59:06.789,active,15296,676,10822,16785,-5,95,58.4,51.4,No,2400,2400,0,3301,75
15:59:07.789,active,15299,702,10764,16785,-4,95,59.0,52.9,No,2400,2400,0,3300,75
15:59:08.789,active,15314,622,9510,16786,-3,95,60.6,53.7,No,2400,2400,0,3289,75
15:59:09.789,active,15318,412,12790,16786,-4,95,59.5,53.5,No,2400,2400,0,4453,125
15:59:10.789,active,15275,760,11652,16785,-3,95,60.0,54.2,No,2400,2400,0,5338,125
15:59:11.790,active,15307,922,13060,16785,0,95,60.6,51.4,No,2400,2400,0,5406,125
15:59:12.793,active,15262,676,10340,16786,-3,95,59.5,53.5,No,2400,2400,0,5406,125
15:59:13.789,active,15253,782,11960,16785,0,95,60.6,53.7,No,2400,2400,0,5406,125
15:59:14.789,active,15262,806,11072,16786,-6,95,60.6,55.4,No,2400,2400,0,5402,125
15:59:15.790,active,15262,892,13638,16786,-3,95,61.1,51.9,No,2400,2400,0,5402,125
15:59:16.790,active,15262,898,11554,16785,-7,95,60.6,51.8,No,2400,2400,0,5414,125
15:59:17.793,active,15354,552,7966,16785,0,95,61.7,51.4,No,2400,2400,0,5410,125
15:59:18.789,active,15322,502,7716,16785,0,95,60.6,51.3,No,2400,2400,0,5413,125
15:59:19.790,active,15357,458,7542,16785,-6,95,60.6,51.8,No,2400,2400,0,5424,125
15:59:20.789,active,15322,508,7812,16785,-5,95,60.6,51.9,No,2400,2400,0,5427,125
15:59:21.789,active,15341,422,6462,16785,0,95,61.1,52.0,No,2400,2400,0,5428,125
15:59:22.790,active,15320,496,7292,16785,0,95,61.1,52.7,No,2400,2400,0,5440,125
15:59:23.793,active,15316,470,7234,16785,0,95,62.2,51.7,No,2400,2400,0,5446,125
15:59:24.789,active,15326,490,7138,16785,-4,95,61.1,53.7,No,2400,2400,0,5445,125
15:59:25.790,active,15309,480,7350,16784,-6,95,61.1,55.0,No,2400,2400,0,5446,125
15:59:26.794,active,15314,742,11400,16785,-9,95,61.1,56.4,No,2400,2400,0,5451,125
15:59:27.789,active,15311,694,10648,16784,-9,95,61.1,57.6,No,2400,2400,0,5454,125
15:59:28.789,active,15303,706,10822,16784,-6,95,61.1,52.7,No,2400,2400,0,5461,125
15:59:29.789,active,15305,694,10648,16787,0,95,61.1,52.2,No,2400,2400,0,5466,125
15:59:30.789,active,15299,788,8410,16788,0,95,61.1,51.8,No,2400,2400,0,5463,125
15:59:31.789,active,15299,742,11362,16788,0,95,61.7,52.1,No,2400,2400,0,5474,125
15:59:32.790,active,15294,738,9858,16787,0,95,61.1,54.0,No,2400,2400,0,5469,125
15:59:33.791,active,15301,666,10224,16785,-5,95,60.6,56.1,No,2400,2400,0,5471,125
15:59:34.789,active,15299,510,7850,16783,-4,95,60.6,56.6,No,2400,2400,0,5474,125
15:59:35.793,active,15268,762,14062,16786,0,95,62.2,55.9,No,2400,2400,0,5477,125
15:59:36.793,active,15290,758,11612,16786,0,95,62.2,58.1,No,2400,2400,0,5475,125
15:59:37.789,active,15266,790,12096,16786,-3,95,62.8,57.8,No,2400,2400,0,5487,125
15:59:38.789,active,15288,834,12770,16786,-5,95,62.8,57.9,No,2400,2400,0,5494,125
15:59:39.792,active,15266,842,12886,16785,0,95,62.2,59.2,No,2400,2400,0,5497,125
15:59:40.791,active,15279,824,15702,16785,-3,95,61.1,59.2,No,2400,2400,0,5501,125
15:59:41.789,active,15279,928,14218,16785,0,95,62.2,58.5,No,2400,2400,0,5497,125
15:59:42.789,active,15283,764,14642,16785,0,95,63.4,59.2,No,2400,2400,0,5492,125
15:59:43.789,active,15271,928,14198,16787,0,95,62.2,57.5,No,2400,2400,0,5489,125
15:59:44.789,active,15335,494,7600,16786,0,95,62.8,58.7,No,2400,2400,0,5500,125
15:59:45.789,active,15346,516,7870,16787,4,95,62.2,57.4,No,2400,2400,0,5496,125
15:59:46.794,active,15329,484,7426,16785,0,95,62.8,58.1,No,2400,2400,0,5492,125
15:59:47.790,active,15320,752,11554,16785,0,95,61.7,58.5,No,2400,2400,0,5502,125
15:59:48.789,active,15314,518,10270,16785,-6,95,62.8,57.6,No,2400,2400,0,5505,125
15:59:49.792,active,15326,606,9278,16787,-4,95,62.8,57.9,No,2400,2400,0,5506,125
15:59:50.789,active,15307,498,13504,16785,-7,95,62.2,52.0,No,2400,2400,0,5500,125
15:59:51.789,active,15271,702,10744,16784,-3,95,61.7,51.9,No,2400,2400,0,5505,125
15:59:52.789,active,15307,778,13040,16785,-5,95,61.7,52.2,No,2400,2400,0,5512,125
15:59:53.793,active,15296,748,7234,16786,0,95,62.2,52.2,No,2400,2400,0,5517,125
15:59:54.790,active,15299,682,10474,16785,0,95,60.6,52.0,No,2400,2400,0,5519,125
15:59:55.789,active,15290,724,11226,16785,0,95,61.1,54.5,No,2400,2400,0,5522,125
15:59:56.789,active,15296,752,11516,16786,0,95,62.2,58.8,No,2400,2400,0,5511,125
15:59:57.789,active,15305,716,10976,16786,-4,95,62.2,58.4,No,2400,2400,0,5509,125
15:59:58.789,active,15296,746,7856,16785,-4,95,63.4,58.8,No,2400,2400,0,5515,125
15:59:59.789,sleep,15301,734,11266,16784,0,95,61.7,57.4,No,2400,2400,0,5513,125
16:00:00.789,sleep,15299,474,7792,16788,11,95,58.4,0.0,No,2400,2400,0,5557,125
16:00:01.789,sleep,15296,498,7638,16787,10,95,57.3,0.2,No,2400,2400,0,5563,125
16:00:02.789,sleep,15286,482,7388,16787,9,95,57.3,0.3,No,2400,2400,0,5571,125
16:00:03.789,sleep,15296,530,7736,16788,11,95,56.2,0.0,No,2400,2400,0,5560,125
16:00:04.789,sleep,15296,480,7368,16788,8,95,55.6,0.2,No,2400,2400,0,5560,125
16:00:05.789,sleep,15301,482,7118,16788,10,95,55.1,-0.0,No,1500,2400,0,5578,125
16:00:06.789,sleep,15294,388,5960,16788,11,95,54.0,0.0,No,1500,2400,0,5415,75
16:00:07.789,sleep,15294,484,7426,16788,15,95,52.9,0.3,No,1500,2400,0,3717,75
16:00:08.789,sleep,15292,420,6424,16789,17,95,52.9,0.0,No,1500,2400,0,3459,75
16:00:09.789,sleep,15290,376,5768,16788,15,95,52.9,0.3,No,1500,2400,0,3415,75
16:00:10.789,sleep,15294,390,5980,16791,19,95,52.4,0.0,No,1500,2400,0,3387,75
16:00:11.789,sleep,15296,370,5690,16790,15,95,51.8,0.0,No,1500,2400,0,3396,75
16:00:12.789,sleep,15296,232,3568,16789,16,95,51.8,0.5,No,1500,2400,0,3402,75
16:00:13.789,sleep,15296,354,5440,16789,16,95,50.7,-0.0,No,1500,2400,0,3402,75
16:00:14.795,active,15296,354,5420,16789,15,95,52.4,6.0,No,1500,2400,0,3393,75
16:00:15.789,active,15299,740,11980,16787,-3,95,55.6,57.3,No,2400,2400,0,3360,75
16:00:16.789,active,15303,842,12866,16788,0,95,56.8,53.8,No,2400,2400,0,3338,75
16:00:17.791,active,15247,538,12906,16787,-5,95,57.9,52.0,No,2400,2400,0,3325,75
16:00:18.793,active,15249,740,11324,16785,0,95,58.4,51.7,No,2400,2400,0,3307,75
16:00:19.789,active,15277,1004,14082,16785,0,95,59.0,51.0,No,2400,2400,0,3302,75
16:00:20.789,active,15301,712,7504,16785,0,95,59.0,51.5,No,2400,2400,0,3315,75
16:00:21.789,active,15352,512,7890,16785,-3,95,59.5,53.2,No,2400,2400,0,3307,75
16:00:22.789,active,15299,694,7504,16785,-5,95,59.0,52.6,No,2400,2400,0,3305,75
16:00:23.789,active,15361,476,7330,16786,-6,95,59.5,52.2,No,2400,2400,0,3298,75
16:00:24.789,active,15352,456,6982,16786,-7,95,61.1,52.2,No,2400,2400,0,3283,75
16:00:25.789,active,15341,514,7908,16785,-5,95,60.6,51.3,No,2400,2400,0,3286,75
16:00:26.789,active,15352,480,7368,16786,0,95,59.5,51.5,No,2400,2400,0,4852,125
16:00:27.793,active,15326,470,7466,16786,0,95,60.0,51.5,No,2400,2400,0,5375,125
16:00:28.794,active,15305,498,7658,16786,0,95,60.6,51.4,No,2400,2400,0,5397,125
16:00:29.789,active,15279,876,13406,16786,0,95,60.6,55.3,No,2400,2400,0,5403,125
16:00:30.789,active,15307,716,11652,16786,0,95,60.6,52.8,No,2400,2400,0,5406,125
16:00:31.790,active,15299,694,10648,16784,-8,95,61.1,52.0,No,2400,2400,0,5399,125
16:00:32.793,active,15301,674,11342,16784,-6,95,61.1,51.3,No,2400,2400,0,5406,125
16:00:33.789,active,15303,736,11284,16785,-3,95,61.1,51.3,No,2400,2400,0,5415,125
16:00:34.790,active,15303,748,11458,16786,-4,95,61.7,51.3,No,2400,2400,0,5415,125
16:00:35.794,active,15303,678,10398,16786,-4,95,60.6,52.2,No,2400,2400,0,5422,125
16:00:36.789,active,15305,698,10706,16786,-4,95,60.6,51.7,No,2400,2400,0,5425,125
16:00:37.789,active,15303,720,10802,16785,-5,95,61.7,53.8,No,2400,2400,0,5432,125
16:00:38.789,active,15314,688,10572,16786,-5,95,62.8,55.0,No,2400,2400,0,5428,125
16:00:39.789,active,15305,754,11536,16786,-4,95,61.7,51.9,No,2400,2400,0,5436,125
16:00:40.790,active,15288,658,13272,16784,-3,95,61.1,54.3,No,2400,2400,0,5440,125
16:00:41.794,active,15262,742,11342,16784,0,95,62.8,56.2,No,2400,2400,0,5457,125
16:00:42.790,active,15281,688,13368,16784,-4,95,62.2,55.7,No,2400,2400,0,5446,125
16:00:43.789,active,15266,822,12596,16786,0,95,61.1,56.0,No,2400,2400,0,5449,125
16:00:44.790,active,15275,860,13176,16785,0,95,61.7,57.4,No,2400,2400,0,5453,125
16:00:45.793,active,15262,734,11226,16786,0,95,61.7,55.6,No,2400,2400,0,5455,125
16:00:46.789,active,15275,906,13850,16786,-4,95,62.2,56.6,No,2400,2400,0,5457,125
16:00:47.793,active,15299,708,7388,16785,-7,95,62.8,56.2,No,2400,2400,0,5463,125
16:00:48.795,active,15350,506,7774,16785,-3,95,61.7,56.7,No,2400,2400,0,5470,125
16:00:49.790,active,15299,514,7890,16784,0,95,61.1,57.9,No,2400,2400,0,5469,125
16:00:50.789,active,15359,542,8334,16784,-4,95,61.7,57.8,No,2400,2400,0,5474,125
16:00:51.793,active,15299,524,8064,16784,0,95,62.8,58.2,No,2400,2400,0,5474,125
16:00:52.789,active,15324,466,7138,16785,-3,95,63.4,58.6,No,2400,2400,0,5484,125
16:00:53.789,active,15339,470,7214,16785,-3,95,63.9,57.6,No,2400,2400,0,5484,125
16:00:54.790,active,15354,540,8140,16785,0,95,62.8,57.4,No,2400,2400,0,5482,125
16:00:55.793,active,15318,530,8140,16785,0,95,62.8,57.8,No,2400,2400,0,5484,125
16:00:56.789,active,15307,718,11014,16784,-5,95,62.2,57.8,No,2400,2400,0,5482,125
16:00:57.789,active,15309,792,10802,16785,0,95,62.8,57.7,No,2400,2400,0,5492,125
16:00:58.793,active,15307,728,11188,16785,0,95,62.8,59.2,No,2400,2400,0,5495,125
16:00:59.789,active,15307,744,11400,16785,0,95,62.8,57.9,No,2400,2400,0,5496,125
16:01:00.789,active,15305,714,10956,16785,0,95,63.4,58.9,No,2400,2400,0,5493,125
16:01:01.795,active,15299,726,11130,16785,0,95,63.4,57.8,No,2400,2400,0,5501,125
16:01:02.793,active,15299,744,11284,16784,0,95,62.8,57.7,No,2400,2400,0,5502,125
16:01:03.789,active,15311,718,11014,16786,0,95,62.2,58.1,No,2400,2400,0,5501,125
16:01:04.789,active,15301,704,11072,16786,0,95,62.8,58.8,No,2400,2400,0,5507,125
16:01:05.793,active,15264,714,13478,16787,4,95,63.4,57.8,No,2400,2400,0,5506,125
16:01:06.793,active,15262,782,11960,16785,0,95,63.4,56.8,No,2400,2400,0,5505,125
16:01:07.789,active,15262,770,12732,16785,0,95,63.4,56.5,No,2400,2400,0,5505,125
16:01:08.790,active,15281,794,12172,16786,3,95,63.4,57.7,No,2400,2400,0,5516,125
16:01:09.793,active,15256,770,12848,16785,0,95,63.4,57.7,No,2400,2400,0,5495,125
16:01:10.789,active,15273,824,12636,16786,0,95,62.8,58.3,No,2400,2400,0,5509,125
16:01:11.789,active,15260,930,14236,16786,0,95,62.8,59.1,No,2400,2400,0,5512,125
16:01:12.793,active,15262,836,12808,16786,0,95,63.9,59.5,No,2400,2400,0,5517,125
16:01:13.789,active,15281,972,14874,16786,3,95,63.9,58.8,No,2400,2400,0,5514,125
16:01:14.792,sleep,15348,524,8044,16786,0,95,64.5,58.4,No,2400,2400,0,5514,125
16:01:15.789,sleep,15301,504,7716,16788,14,95,59.0,2.0,No,2400,2400,0,5555,125
16:01:16.789,sleep,15301,518,7948,16789,16,95,57.9,-0.0,No,2400,2400,0,5563,125
16:01:17.789,sleep,15294,454,7446,16789,13,95,56.8,0.0,No,2400,2400,0,5565,125
16:01:18.789,sleep,15294,456,7002,16788,15,95,56.2,-0.0,No,2400,2400,0,5564,125
16:01:19.789,sleep,15301,522,7176,16787,11,95,55.6,-0.0,No,2400,2400,0,5559,125
16:01:20.789,sleep,15292,470,7194,16787,12,95,55.1,0.3,No,1500,2400,0,5578,125
16:01:21.789,sleep,15294,284,5266,16788,13,95,55.6,0.3,No,1500,2400,0,4683,75
16:01:22.789,sleep,15299,294,4494,16790,17,95,53.5,0.0,No,1500,2400,0,3603,75
16:01:23.789,sleep,15296,358,5498,16789,15,95,53.5,0.3,No,1500,2400,0,3438,75
16:01:24.789,sleep,15286,434,5362,16789,14,95,52.9,-0.0,No,1500,2400,0,3418,75
16:01:25.789,sleep,15299,540,8294,16790,17,95,52.9,0.5,No,1500,2400,0,3419,75
16:01:26.789,sleep,15294,376,5980,16790,16,95,52.4,0.3,No,1500,2400,0,3409,75
16:01:27.789,sleep,15294,344,5266,16791,20,95,52.4,-0.0,No,1500,2400,0,3403,75
16:01:28.789,sleep,15296,378,5806,16790,19,95,51.8,0.7,No,1500,2400,0,3402,75
16:01:29.789,sleep,15286,296,6344,16790,20,95,51.2,1.2,No,1500,2400,0,3395,75
16:01:30.795,active,15299,490,7522,16786,0,95,55.6,60.3,No,2400,2400,0,3337,75
16:01:31.789,active,15294,708,7562,16786,0,95,56.8,52.7,No,2400,2400,0,3333,75
16:01:32.789,active,15256,920,14062,16788,0,95,57.9,53.0,No,2400,2400,0,3318,75
16:01:33.793,active,15238,800,12250,16788,-3,95,59.0,51.9,No,2400,2400,0,3314,75
16:01:34.789,active,15264,866,10282,16787,-3,95,59.5,52.5,No,2400,2400,0,3341,125
16:01:35.790,active,15275,940,14390,16786,-4,95,59.5,52.5,No,2400,2400,0,5242,125
16:01:36.790,active,15268,844,10648,16786,-5,95,59.0,54.1,No,2400,2400,0,5435,125
16:01:37.790,active,15294,678,10378,16785,-5,95,60.0,56.7,No,2400,2400,0,5440,125
16:01:38.789,active,15273,630,10128,16786,-4,95,59.0,53.8,No,2400,2400,0,5442,125
16:01:39.789,active,15301,780,11960,16786,0,95,60.6,53.7,No,2400,2400,0,5430,125
16:01:40.789,active,15262,732,11246,16787,0,95,60.0,53.2,No,2400,2400,0,5436,125
16:01:41.789,active,15318,522,7792,16786,0,95,60.6,53.5,No,2400,2400,0,5438,125
16:01:42.790,active,15320,508,7812,16786,0,95,60.6,52.8,No,2400,2400,0,5437,125
16:01:43.790,active,15326,484,7426,16786,0,95,61.1,55.9,No,2400,2400,0,5436,125
16:01:44.789,active,15320,498,7638,16787,-4,95,60.6,53.2,No,2400,2400,0,5442,125
16:01:45.789,active,15311,644,9896,16787,0,95,62.2,54.0,No,2400,2400,0,5441,125
16:01:46.789,active,15309,620,11670,16785,0,95,60.6,52.0,No,2400,2400,0,5452,125
16:01:47.789,active,15260,530,8120,16785,0,95,61.1,51.8,No,2400,2400,0,5461,125
16:01:48.789,active,15305,528,11728,16785,0,95,61.1,51.4,No,2400,2400,0,5453,125
16:01:49.790,active,15271,760,11632,16785,-3,95,61.7,52.7,No,2400,2400,0,5463,125
16:01:50.793,active,15299,766,11748,16788,0,95,61.1,54.1,No,2400,2400,0,5466,125
16:01:51.789,active,15301,724,8064,16787,0,95,61.1,57.3,No,2400,2400,0,5463,125
16:01:52.789,active,15316,532,8160,16787,0,95,60.0,52.2,No,2400,2400,0,5469,125
16:01:53.789,active,15296,760,7966,16786,0,95,62.2,52.6,No,2400,2400,0,5479,125
16:01:54.790,active,15352,502,7716,16785,-5,95,61.1,52.3,No,2400,2400,0,5483,125
16:01:55.789,active,15299,608,9318,16784,-3,95,61.7,54.5,No,2400,2400,0,5479,125
16:01:56.793,active,15296,696,10686,16785,-5,95,60.6,56.4,No,2400,2400,0,5482,125
16:01:57.793,active,15301,506,7792,16786,-5,95,61.7,57.3,No,2400,2400,0,5480,125
16:01:58.789,active,15290,672,7446,16787,0,95,61.1,56.1,No,2400,2400,0,5484,125
16:01:59.789,active,15273,1016,15548,16786,0,95,61.1,57.1,No,2400,2400,0,5480,125
16:02:00.793,active,15256,710,10898,16785,0,95,61.7,56.5,No,2400,2400,0,5489,125
16:02:01.790,active,15268,906,11728,16785,-3,95,61.7,56.9,No,2400,2400,0,5482,125
16:02:02.791,active,15279,940,14390,16786,0,95,62.2,56.5,No,2400,2400,0,5491,125
16:02:03.790,active,15279,882,11304,16785,-4,95,62.8,56.5,No,2400,2400,0,5490,125
16:02:04.794,active,15281,826,12654,16785,-5,95,61.7,58.1,No,2400,2400,0,5489,125
16:02:05.789,active,15262,740,11342,16785,-5,95,61.7,57.2,No,2400,2400,0,5487,125
16:02:06.789,active,15309,726,10874,16785,-6,95,61.7,58.1,No,2400,2400,0,5497,125
16:02:07.789,active,15281,776,11902,16785,-5,95,62.8,58.1,No,2400,2400,0,5492,125
16:02:08.789,active,15324,656,10070,16785,-4,95,62.8,57.1,No,2400,2400,0,5498,125
16:02:09.791,active,15311,566,8700,16785,-4,95,63.4,56.7,No,2400,2400,0,5498,125
16:02:10.792,active,15329,606,9278,16784,-8,95,62.8,58.6,No,2400,2400,0,5503,125
16:02:11.792,active,15314,500,13060,16785,0,95,62.2,58.4,No,2400,2400,0,5501,125
16:02:12.789,active,15271,730,11188,16785,-4,95,61.7,57.9,No,2400,2400,0,5508,125
16:02:13.789,active,15311,672,11554,16786,-3,95,62.2,57.6,No,2400,2400,0,5508,125
16:02:14.793,active,15258,774,11844,16786,0,95,62.8,58.8,No,2400,2400,0,5513,125
16:02:15.789,active,15271,586,10842,16785,-4,95,62.2,58.0,No,2400,2400,0,5510,125
16:02:16.789,active,15260,788,12056,16786,-5,95,63.4,59.4,No,2400,2400,0,5506,125
16:02:17.790,active,15301,750,11498,16784,0,95,62.2,57.9,No,2400,2400,0,5509,125
16:02:18.789,active,15301,698,7774,16785,0,95,62.2,57.7,No,2400,2400,0,5510,125
16:02:19.789,active,15301,708,10860,16786,-3,95,62.8,58.8,No,2400,2400,0,5509,125
16:02:20.789,active,15307,486,7350,16787,-3,95,62.8,57.5,No,2400,2400,0,5509,125
16:02:21.789,active,15296,684,10494,16787,0,95,62.8,58.0,No,2400,2400,0,5512,125
16:02:22.789,active,15296,498,7658,16785,-7,95,62.8,57.1,No,2400,2400,0,5512,125
16:02:23.791,active,15296,726,7966,16784,-7,95,63.4,57.8,No,2400,2400,0,5512,125
16:02:24.793,active,15301,516,7928,16784,-7,95,63.9,58.5,No,2400,2400,0,5519,125
16:02:25.793,active,15346,514,7620,16785,-3,95,61.7,58.4,No,2400,2400,0,5518,125
16:02:26.789,active,15266,918,14062,16785,0,95,62.8,58.8,No,2400,2400,0,5512,125
16:02:27.789,active,15268,748,11478,16785,0,95,62.2,59.1,No,2400,2400,0,5519,125
16:02:28.792,active,15279,908,11208,16785,-6,95,63.4,58.7,No,2400,2400,0,5522,125
16:02:29.789,active,15307,726,11150,16784,-3,95,62.8,58.9,No,2400,2400,0,5525,125
16:02:30.789,sleep,15299,502,7426,16787,11,95,59.0,5.7,No,2400,2400,0,5562,125
16:02:31.789,sleep,15299,490,7504,16788,14,95,57.3,0.0,No,2400,2400,0,5565,125
16:02:32.789,sleep,15292,680,8140,16789,15,95,56.8,0.3,No,2400,2400,0,5572,125
16:02:33.789,sleep,15296,480,7350,16789,15,95,56.2,-0.0,No,2400,2400,0,5566,125
16:02:34.789,sleep,15292,410,6288,16789,17,95,55.6,0.0,No,2400,2400,0,5576,125
16:02:35.789,sleep,15290,534,4996,16790,19,95,55.1,0.2,No,1500,2400,0,5588,125
16:02:36.789,sleep,15299,580,8912,16789,18,95,54.5,0.3,No,1500,2400,0,4208,75
16:02:37.789,sleep,15296,502,7678,16790,19,95,53.5,0.0,No,1500,2400,0,3537,75
16:02:38.789,sleep,15299,420,6424,16791,20,95,54.0,-0.0,No,1500,2400,0,3416,75
16:02:39.789,sleep,15305,588,9008,16791,19,95,52.9,0.3,No,1500,2400,0,3402,75
16:02:40.789,sleep,15299,212,3240,16790,16,95,52.9,0.0,No,1500,2400,0,3402,75
16:02:41.789,sleep,15296,346,5304,16789,17,95,52.4,0.3,No,1500,2400,0,3390,75
16:02:42.789,sleep,15294,432,6104,16788,13,95,52.4,0.7,No,1500,2400,0,3393,75
16:02:43.789,sleep,15292,352,5382,16788,12,95,51.8,0.3,No,1500,2400,0,3404,75
16:02:44.789,sleep,15292,416,6384,16788,13,95,51.8,0.0,No,1500,2400,0,3392,75
16:02:45.790,active,15299,646,9916,16787,0,95,55.6,56.1,No,2400,2400,0,3361,75
16:02:46.789,active,15301,444,6828,16786,-12,95,55.6,55.4,No,2400,2400,0,3346,75
16:02:47.789,active,15357,474,7562,16785,-8,95,59.0,53.2,No,2400,2400,0,3333,75
16:02:48.789,active,15307,484,7426,16785,-8,95,58.4,55.3,No,2400,2400,0,3317,75
16:02:49.789,active,15329,498,6790,16784,-6,95,59.0,52.6,No,2400,2400,0,3309,75
16:02:50.789,active,15311,510,7832,16786,0,95,59.0,54.6,No,2400,2400,0,3291,75
16:02:51.789,active,15329,522,7986,16786,-6,95,60.0,54.9,No,2400,2400,0,3303,75
16:02:52.793,active,15320,506,7774,16786,0,95,59.0,52.7,No,2400,2400,0,3738,125
16:02:53.789,active,15299,706,10822,16785,0,95,59.0,52.3,No,2400,2400,0,5307,125
16:02:54.789,active,15266,952,11284,16786,0,95,59.5,52.7,No,2400,2400,0,5421,125
16:02:55.793,active,15301,760,11670,16786,0,95,60.0,53.8,No,2400,2400,0,5433,125
16:02:56.793,active,15275,762,11690,16786,0,95,61.1,54.4,No,2400,2400,0,5426,125
16:02:57.789,active,15301,768,11786,16786,0,95,60.6,53.5,No,2400,2400,0,5422,125
16:02:58.789,active,15301,794,12172,16787,0,95,60.6,51.8,No,2400,2400,0,5426,125
16:02:59.790,active,15296,720,10416,16787,0,95,60.0,51.0,No,2400,2400,0,5432,125
16:03:00.789,active,15299,708,10860,16786,0,95,60.0,51.8,No,2400,2400,0,5435,125
16:03:01.789,active,15299,708,11612,16787,0,95,60.0,52.0,No,2400,2400,0,5438,125
16:03:02.789,active,15266,766,11728,16786,0,95,60.6,52.2,No,2400,2400,0,5438,125
16:03:03.793,active,15303,822,12578,16787,5,95,60.6,51.5,No,2400,2400,0,5441,125
16:03:04.789,active,15249,870,14854,16788,7,95,61.1,51.5,No,2400,2400,0,5443,125
16:03:05.789,active,15271,764,11710,16789,6,95,60.6,53.9,No,2400,2400,0,5444,125
16:03:06.790,active,15241,780,14506,16788,0,95,61.1,51.8,No,2400,2400,0,5446,125
16:03:07.789,active,15256,726,11112,16787,-3,95,60.6,53.6,No,2400,2400,0,5461,125
16:03:08.789,active,15243,966,14776,16786,0,95,60.0,56.7,No,2400,2400,0,5447,125
16:03:09.789,active,15260,982,11188,16786,0,95,61.7,52.2,No,2400,2400,0,5458,125
16:03:10.793,active,15251,872,13368,16786,0,95,61.7,51.8,No,2400,2400,0,5475,125
16:03:11.789,active,15322,542,8334,16786,3,95,61.7,51.5,No,2400,2400,0,5468,125
16:03:12.790,active,15324,498,7658,16787,3,95,61.1,51.8,No,2400,2400,0,5474,125
16:03:13.794,active,15292,494,7580,16788,5,95,61.1,56.4,No,2400,2400,0,5483,125
16:03:14.789,active,15337,478,8218,16787,0,95,60.6,56.8,No,2400,2400,0,5479,125
16:03:15.789,active,15324,548,8430,16786,0,95,62.2,57.9,No,2400,2400,0,5482,125
16:03:16.789,active,15329,550,8102,16786,0,95,61.7,56.5,No,2400,2400,0,5490,125
16:03:17.791,active,15326,490,7542,16786,0,95,61.7,57.5,No,2400,2400,0,5480,125
16:03:18.789,active,15324,526,8064,16786,0,95,61.1,58.5,No,2400,2400,0,5492,125
16:03:19.793,active,15318,476,9614,16787,0,95,61.1,58.9,No,2400,2400,0,5488,125
16:03:20.789,active,15303,692,10610,16785,-4,95,61.7,59.0,No,2400,2400,0,5480,125
16:03:21.789,active,15305,694,10628,16785,-4,95,62.2,57.4,No,2400,2400,0,5495,125
16:03:22.789,active,15294,736,11010,16785,0,95,63.4,58.4,No,2400,2400,0,5493,125
16:03:23.789,active,15314,706,10842,16787,0,95,62.8,57.1,No,2400,2400,0,5493,125
16:03:24.789,active,15309,748,10918,16788,0,95,63.4,59.0,No,2400,2400,0,5501,125
16:03:25.791,active,15303,744,11420,16787,0,95,63.4,58.4,No,2400,2400,0,5496,125
16:03:26.790,active,15303,682,11226,16785,-5,95,62.2,58.2,No,2400,2400,0,5520,125
16:03:27.789,active,15305,672,10320,16785,-3,95,62.2,58.1,No,2400,2400,0,5507,125
16:03:28.789,active,15296,732,11226,16786,-3,95,62.2,57.8,No,2400,2400,0,5500,125
16:03:29.789,active,15266,718,11844,16786,0,95,62.8,58.5,No,2400,2400,0,5501,125
16:03:30.789,active,15286,682,10436,16785,-5,95,63.4,58.6,No,2400,2400,0,5503,125
16:03:31.791,active,15266,826,13600,16785,0,95,63.4,56.8,No,2400,2400,0,5508,125
16:03:32.792,active,15277,872,13368,16786,0,95,62.8,57.8,No,2400,2400,0,5508,125
16:03:33.792,active,15262,818,12520,16787,0,95,63.4,57.5,No,2400,2400,0,5509,125
16:03:34.789,active,15283,800,12250,16786,0,95,62.2,57.0,No,2400,2400,0,5513,125
16:03:35.789,active,15281,810,12424,16785,0,95,62.8,58.2,No,2400,2400,0,5517,125
16:03:36.791,active,15268,908,11342,16786,0,95,62.8,59.3,No,2400,2400,0,5511,125
16:03:37.793,active,15283,946,14468,16786,0,95,62.8,58.6,No,2400,2400,0,5517,125
16:03:38.789,active,15294,512,7870,16786,0,95,62.8,58.9,No,2400,2400,0,5508,125
16:03:39.789,active,15335,510,7832,16786,0,95,62.8,59.8,No,2400,2400,0,5509,125
16:03:40.796,active,15296,506,7774,16785,0,95,62.8,58.6,No,2400,2400,0,5516,125
16:03:41.791,active,15331,514,7678,16786,0,95,61.7,58.8,No,2400,2400,0,5516,125
16:03:42.789,active,15320,494,7600,16787,0,95,62.8,58.8,No,2400,2400,0,5522,125
16:03:43.793,active,15301,506,8546,16786,0,95,62.8,59.2,No,2400,2400,0,5520,125
16:03:44.793,active,15322,516,7908,16786,0,95,63.4,59.0,No,2400,2400,0,5523,125
16:03:45.789,sleep,15294,542,8314,16788,10,95,58.4,8.7,No,2400,2400,0,5563,125
16:03:46.789,sleep,15299,442,6790,16789,16,95,57.9,0.0,No,2400,2400,0,5563,125
16:03:47.789,sleep,15296,522,8006,16788,11,95,57.3,0.0,No,2400,2400,0,5559,125
16:03:48.789,sleep,15301,458,7272,16789,10,95,56.2,0.3,No,2400,2400,0,5561,125
16:03:49.789,sleep,15301,490,7522,16788,8,95,55.6,0.0,No,2400,2400,0,5567,125
16:03:50.789,sleep,15296,510,7812,16789,16,95,54.0,0.3,No,1500,2400,0,5575,125
16:03:51.789,sleep,15294,424,7288,16790,16,95,54.5,-0.0,No,1500,2400,0,3902,75
16:03:52.789,sleep,15294,502,7696,16790,13,95,52.9,0.3,No,1500,2400,0,3496,75
16:03:53.789,sleep,15296,446,5748,16790,13,95,53.5,-0.0,No,1500,2400,0,3427,75
16:03:54.789,sleep,15301,540,8294,16791,16,95,52.9,0.5,No,1500,2400,0,3413,75
16:03:55.789,sleep,15294,492,5536,16791,18,95,51.2,0.7,No,1500,2400,0,3414,75
16:03:56.789,sleep,15299,426,6538,16788,11,95,51.8,0.5,No,1500,2400,0,3404,75
16:03:57.789,sleep,15299,528,8102,16788,13,95,52.4,0.3,No,1500,2400,0,3392,75
16:03:58.789,sleep,15292,616,7638,16789,14,95,51.8,0.0,No,1500,2400,0,3393,75
16:03:59.789,sleep,15294,354,5420,16790,17,95,51.2,-0.0,No,1500,2400,0,3393,75
16:04:00.804,active,15279,728,13040,16786,0,95,55.1,51.9,No,2400,2400,0,3359,75
16:04:01.792,active,15292,822,12596,16787,-6,95,56.8,52.4,No,2400,2400,0,3337,75
16:04:02.789,active,15279,788,12308,16786,-6,95,57.3,53.6,No,2400,2400,0,3327,75
16:04:03.789,active,15303,706,10822,16785,-6,95,57.9,52.5,No,2400,2400,0,3317,75
16:04:04.792,active,15264,708,10880,16785,-5,95,58.4,54.9,No,2400,2400,0,3314,75
16:04:05.793,active,15329,906,13850,16785,-5,95,59.5,55.5,No,2400,2400,0,3309,75
16:04:06.789,active,15320,494,7600,16785,-3,95,60.0,52.9,No,2400,2400,0,3303,75
16:04:07.790,active,15311,472,7426,16786,-6,95,60.0,56.9,No,2400,2400,0,3295,75
16:04:08.794,active,15322,514,7890,16785,-3,95,59.5,56.0,No,2400,2400,0,4484,125
16:04:09.789,active,15311,470,7214,16786,0,95,60.0,54.0,No,2400,2400,0,5348,125
16:04:10.789,active,15320,536,10284,16785,0,95,60.6,54.6,No,2400,2400,0,5412,125
16:04:11.793,active,15318,618,9490,16785,0,95,60.0,53.6,No,2400,2400,0,5416,125
16:04:12.793,active,15303,508,10918,16787,0,95,60.0,52.5,No,2400,2400,0,5409,125
16:04:13.789,active,15305,552,8468,16788,0,95,61.1,53.6,No,2400,2400,0,5408,125
16:04:14.790,active,15309,710,10898,16785,0,95,60.6,53.6,No,2400,2400,0,5410,125
16:04:15.794,active,15299,690,8286,16786,0,95,60.6,52.8,No,2400,2400,0,5416,125
16:04:16.789,active,15307,732,11246,16786,0,95,59.5,52.5,No,2400,2400,0,5421,125
16:04:17.789,active,15301,670,7678,16787,0,95,60.6,54.5,No,2400,2400,0,5422,125
16:04:18.789,active,15296,760,11652,16785,-5,95,60.6,52.9,No,2400,2400,0,5427,125
16:04:19.789,active,15299,728,7504,16785,0,95,61.1,52.7,No,2400,2400,0,5432,125
16:04:20.790,active,15324,522,8024,16785,0,95,61.1,51.5,No,2400,2400,0,5432,125
16:04:21.793,active,15303,534,8236,16786,0,95,61.1,54.6,No,2400,2400,0,5436,125
16:04:22.790,active,15296,754,11554,16785,0,95,61.1,55.6,No,2400,2400,0,5435,125
16:04:23.789,active,15268,920,14082,16788,0,95,60.6,58.1,No,2400,2400,0,5445,125
16:04:24.790,active,15262,808,13620,16788,3,95,61.1,57.1,No,2400,2400,0,5451,125
16:04:25.793,active,15268,948,14526,16787,0,95,62.2,56.4,No,2400,2400,0,5448,125
16:04:26.789,active,15266,902,13792,16785,0,95,62.2,56.3,No,2400,2400,0,5456,125
16:04:27.789,active,15262,958,14660,16784,-4,95,61.7,57.9,No,2400,2400,0,5461,125
16:04:28.794,active,15279,910,13928,16786,0,95,61.7,57.1,No,2400,2400,0,5460,125
16:04:29.790,active,15288,694,13700,16786,0,95,61.7,57.5,No,2400,2400,0,5470,125
16:04:30.793,active,15277,780,11960,16786,0,95,62.8,57.8,No,2400,2400,0,5475,125
16:04:31.789,active,15266,984,11864,16787,0,95,62.2,58.7,No,2400,2400,0,5477,125
16:04:32.789,active,15307,744,11420,16787,4,95,62.8,57.9,No,2400,2400,0,5477,125
16:04:33.789,active,15339,494,7600,16786,3,95,62.8,57.0,No,2400,2400,0,5475,125
16:04:34.790,active,15333,506,11382,16786,0,95,62.2,59.1,No,2400,2400,0,5482,125
16:04:35.793,active,15314,470,7214,16786,0,95,62.2,57.4,No,2400,2400,0,5483,125
16:04:36.790,active,15318,482,10744,16786,0,95,62.2,58.2,No,2400,2400,0,5479,125
16:04:37.789,active,15311,412,6326,16786,0,95,62.2,58.2,No,2400,2400,0,5479,125
16:04:38.789,active,15326,666,10204,16785,0,95,62.8,58.6,No,2400,2400,0,5481,125
16:04:39.789,active,15311,494,7600,16785,0,95,62.8,57.7,No,2400,2400,0,5493,125
16:04:40.789,active,15324,684,10474,16786,3,95,62.8,58.3,No,2400,2400,0,5494,125
16:04:41.789,active,15273,804,13076,16787,0,95,62.8,59.2,No,2400,2400,0,5501,125
16:04:42.790,active,15309,684,10514,16788,0,95,61.7,56.6,No,2400,2400,0,5500,125
16:04:43.790,active,15303,720,11034,16787,0,95,62.2,59.2,No,2400,2400,0,5502,125
16:04:44.789,active,15299,770,11806,16787,0,95,62.8,59.1,No,2400,2400,0,5496,125
16:04:45.789,active,15305,778,11940,16787,6,95,63.9,57.8,No,2400,2400,0,5500,125
16:04:46.789,active,15294,742,8044,16785,3,95,62.8,57.1,No,2400,2400,0,5504,125
16:04:47.789,active,15309,480,7368,16786,0,95,63.4,58.2,No,2400,2400,0,5503,125
16:04:48.792,active,15303,764,11864,16786,0,95,63.4,58.8,No,2400,2400,0,5501,125
16:04:49.793,active,15299,540,8294,16786,0,95,62.8,58.4,No,2400,2400,0,5498,125
16:04:50.790,active,15305,520,8006,16786,0,95,62.2,58.5,No,2400,2400,0,5503,125
16:04:51.789,active,15277,806,11960,16786,0,95,63.4,58.4,No,2400,2400,0,5505,125
16:04:52.793,active,15273,998,15278,16785,0,95,63.4,59.0,No,2400,2400,0,5516,125
16:04:53.789,active,15268,912,12018,16786,0,95,63.4,58.9,No,2400,2400,0,5510,125
16:04:54.789,active,15271,934,14294,16786,0,95,62.8,59.8,No,2400,2400,0,5508,125
16:04:55.790,active,15266,726,11150,16787,3,95,63.4,59.2,No,2400,2400,0,5510,125
16:04:56.793,active,15271,926,10590,16785,0,95,62.8,59.6,No,2400,2400,0,5516,125
16:04:57.789,active,15273,730,11226,16786,0,95,61.7,58.8,No,2400,2400,0,5511,125
16:04:58.789,active,15314,768,12558,16787,0,95,62.8,59.8,No,2400,2400,0,5517,125
16:04:59.791,active,15311,704,10822,16786,0,95,63.9,58.9,No,2400,2400,0,5514,125
16:05:00.789,sleep,15292,468,7176,16788,6,95,59.5,12.9,No,2400,2400,0,5557,125
16:05:01.789,sleep,15301,504,7292,16790,15,95,57.9,0.0,No,2400,2400,0,5564,125
16:05:02.789,sleep,15303,482,7408,16789,13,95,56.8,0.0,No,2400,2400,0,5563,125
16:05:03.789,sleep,15292,188,5362,16789,15,95,56.8,0.0,No,2400,2400,0,5561,125
16:05:04.789,sleep,15301,480,7368,16789,11,95,55.6,0.2,No,2400,2400,0,5563,125
16:05:05.789,sleep,15296,564,8642,16790,15,95,54.5,0.3,No,1500,2400,0,5399,75
16:05:06.789,sleep,15290,470,7194,16790,15,95,54.0,0.0,No,1500,2400,0,3723,75
16:05:07.789,sleep,15294,368,5632,16790,18,95,53.5,0.3,No,1500,2400,0,3458,75
16:05:08.789,sleep,15296,258,6002,16790,16,95,53.5,0.3,No,1500,2400,0,3425,75
16:05:09.789,sleep,15288,368,5632,16790,17,95,52.4,0.5,No,1500,2400,0,3403,75
16:05:10.789,sleep,15296,528,8102,16789,15,95,52.9,-0.0,No,1500,2400,0,3408,75
16:05:11.789,sleep,15294,556,8546,16790,12,95,52.4,0.0,No,1500,2400,0,3408,75
16:05:12.789,sleep,15294,426,6520,16792,14,95,52.4,-0.0,No,1500,2400,0,3399,75
16:05:13.789,sleep,15290,352,5632,16792,18,95,51.8,0.5,No,1500,2400,0,3385,75
16:05:14.789,sleep,15296,462,7098,16791,18,95,51.8,0.0,No,1500,2400,0,3391,75
16:05:15.789,active,15303,520,7350,16788,0,95,56.2,50.9,No,2400,2400,0,3348,75
16:05:16.795,active,15331,506,7774,16786,-5,95,57.3,52.5,No,2400,2400,0,3337,75
16:05:17.794,active,15331,486,7580,16785,-4,95,57.3,52.7,No,2400,2400,0,3322,75
16:05:18.789,active,15271,852,10320,16786,-4,95,57.9,53.9,No,2400,2400,0,3319,75
16:05:19.789,active,15303,728,11170,16787,0,95,58.4,54.9,No,2400,2400,0,3321,75
16:05:20.789,active,15316,870,10938,16788,0,95,59.0,53.9,No,2400,2400,0,3304,75
16:05:21.789,active,15318,686,10552,16787,0,95,60.0,52.2,No,2400,2400,0,3300,75
16:05:22.793,active,15307,756,11594,16786,-3,95,60.0,54.0,No,2400,2400,0,4975,125
16:05:23.790,active,15305,748,11478,16787,0,95,60.0,55.3,No,2400,2400,0,5390,125
16:05:24.794,active,15294,740,11342,16786,0,95,60.6,54.1,No,2400,2400,0,5422,125
16:05:25.789,active,15301,738,11068,16787,-3,95,60.0,54.2,No,2400,2400,0,5417,125
16:05:26.789,active,15305,716,10976,16786,-4,95,60.6,53.2,No,2400,2400,0,5424,125
16:05:27.790,active,15305,756,11594,16786,-3,95,60.0,52.0,No,2400,2400,0,5430,125
16:05:28.793,active,15305,682,10456,16786,0,95,60.0,51.9,No,2400,2400,0,5422,125
16:05:29.789,active,15309,776,11882,16785,0,95,61.1,52.6,No,2400,2400,0,5424,125
16:05:30.790,active,15256,538,8236,16785,-4,95,60.0,51.9,No,2400,2400,0,5419,125
16:05:31.794,active,15309,786,12038,16786,-4,95,60.6,53.4,No,2400,2400,0,5431,125
16:05:32.789,active,15275,778,14448,16787,-5,95,60.6,55.6,No,2400,2400,0,5437,125
16:05:33.789,active,15307,818,12500,16787,-5,95,61.1,52.3,No,2400,2400,0,5437,125
16:05:34.790,active,15253,632,14024,16786,0,95,60.6,52.0,No,2400,2400,0,5440,125
16:05:35.789,active,15253,856,13098,16787,0,95,61.1,51.5,No,2400,2400,0,5448,125
16:05:36.793,active,15296,450,6924,16787,0,95,61.1,51.6,No,2400,2400,0,5452,125
16:05:37.790,active,15350,498,7928,16787,0,95,59.5,51.5,No,2400,2400,0,5457,125
16:05:38.790,active,15301,544,8334,16785,0,95,60.6,55.9,No,2400,2400,0,5457,125
16:05:39.789,active,15296,696,7484,16787,-3,95,60.6,56.5,No,2400,2400,0,5460,125
16:05:40.789,active,15352,520,8024,16787,-3,95,61.7,57.1,No,2400,2400,0,5461,125
16:05:41.789,active,15301,648,8334,16785,-4,95,61.7,55.5,No,2400,2400,0,5471,125
16:05:42.789,active,15333,534,8218,16786,0,95,62.2,56.3,No,2400,2400,0,5472,125
16:05:43.791,active,15303,540,8314,16785,0,95,61.7,57.3,No,2400,2400,0,5478,125
16:05:44.793,active,15299,752,11536,16784,-7,95,60.6,60.1,No,2400,2400,0,5470,125
16:05:45.789,active,15299,878,13464,16784,-7,95,62.2,58.7,No,2400,2400,0,5472,125
16:05:46.789,active,15273,636,10686,16785,0,95,62.2,58.7,No,2400,2400,0,5476,125
16:05:47.793,active,15311,764,11728,16785,-5,95,62.2,57.9,No,2400,2400,0,5474,125
16:05:48.789,active,15271,668,10262,16784,-7,95,62.2,58.1,No,2400,2400,0,5480,125
16:05:49.789,active,15271,888,13600,16785,-5,95,62.8,58.5,No,2400,2400,0,5479,125
16:05:50.790,active,15279,744,11420,16785,-4,95,62.2,57.8,No,2400,2400,0,5491,125
16:05:51.793,active,15281,880,11112,16784,-5,95,62.2,59.1,No,2400,2400,0,5485,125
16:05:52.789,active,15303,802,12326,16785,-6,95,62.8,58.2,No,2400,2400,0,5490,125
16:05:53.789,active,15303,756,11690,16786,-5,95,61.7,53.2,No,2400,2400,0,5493,125
16:05:54.789,active,15305,508,13680,16786,-4,95,63.4,52.0,No,2400,2400,0,5495,125
16:05:55.789,active,15344,754,11536,16786,0,95,62.8,54.1,No,2400,2400,0,5500,125
16:05:56.790,active,15316,546,11440,16785,0,95,62.8,57.1,No,2400,2400,0,5496,125
16:05:57.790,active,15264,742,11342,16785,0,95,62.8,57.4,No,2400,2400,0,5494,125
16:05:58.790,active,15309,668,11612,16785,0,95,61.7,57.7,No,2400,2400,0,5496,125
16:05:59.789,active,15264,794,12152,16787,0,95,62.2,56.8,No,2400,2400,0,5495,125
16:06:00.789,active,15249,788,12076,16787,0,95,62.8,58.2,No,2400,2400,0,5501,125
16:06:01.789,active,15262,796,12172,16787,-4,95,62.8,58.3,No,2400,2400,0,5498,125
16:06:02.789,active,15268,840,12866,16786,0,95,62.8,58.4,No,2400,2400,0,5500,125
16:06:03.790,active,15296,692,8120,16785,-5,95,63.4,58.6,No,2400,2400,0,5502,125
16:06:04.790,active,15301,748,11478,16784,-3,95,62.2,58.5,No,2400,2400,0,5504,125
16:06:05.790,active,15299,526,8102,16784,-5,95,62.2,58.2,No,2400,2400,0,5507,125
16:06:06.789,active,15352,556,8564,16784,-6,95,61.7,58.2,No,2400,2400,0,5503,125
16:06:07.789,active,15299,446,6848,16785,-5,95,62.8,59.5,No,2400,2400,0,5511,125
16:06:08.793,active,15299,752,8642,16785,-5,95,63.4,58.9,No,2400,2400,0,5512,125
16:06:09.789,active,15333,548,8430,16785,-4,95,62.8,58.3,No,2400,2400,0,5513,125
16:06:10.789,active,15352,474,7580,16784,-7,95,61.7,58.4,No,2400,2400,0,5521,125
16:06:11.795,active,15335,526,8082,16785,-6,95,62.2,58.6,No,2400,2400,0,5512,125
16:06:12.792,active,15311,774,11882,16785,-3,95,61.7,57.7,No,2400,2400,0,5518,125
16:06:13.789,active,15281,824,11574,16786,0,95,62.2,58.7,No,2400,2400,0,5507,125
16:06:14.789,active,15307,738,11324,16786,0,95,63.4,60.0,No,2400,2400,0,5512,125
16:06:15.789,sleep,15301,538,8236,16788,11,95,59.0,16.4,No,2400,2400,0,5554,125
16:06:16.789,sleep,15299,588,9028,16787,12,95,57.9,-0.0,No,2400,2400,0,5564,125
16:06:17.789,sleep,15299,420,6442,16787,10,95,57.3,0.0,No,2400,2400,0,5563,125
16:06:18.789,sleep,15301,374,8622,16789,11,95,56.8,-0.0,No,2400,2400,0,5567,125
16:06:19.789,sleep,15303,430,6596,16789,9,95,56.2,0.0,No,2400,2400,0,5569,125
16:06:20.789,sleep,15296,344,7600,16790,15,95,55.1,-0.0,No,1500,2400,0,5582,125
16:06:21.789,sleep,15299,394,4520,16789,17,95,54.0,1.2,No,1500,2400,0,4723,75
16:06:22.789,sleep,15299,318,4880,16789,16,95,53.5,0.3,No,1500,2400,0,3601,75
16:06:23.789,sleep,15299,526,5266,16789,12,95,54.0,0.0,No,1500,2400,0,3435,75
16:06:24.789,sleep,15296,266,4088,16789,17,95,52.9,0.0,No,1500,2400,0,3419,75
16:06:25.789,sleep,15299,504,5228,16788,13,95,52.4,0.3,No,1500,2400,0,3417,75
16:06:26.789,sleep,15286,362,5536,16788,11,95,52.4,0.0,No,1500,2400,0,3405,75
16:06:27.789,sleep,15292,190,9548,16789,10,95,52.4,-0.0,No,1500,2400,0,3401,75
16:06:28.789,sleep,15290,438,6712,16788,9,95,51.8,0.3,No,1500,2400,0,3402,75
16:06:29.789,sleep,15292,498,3954,16789,13,95,51.8,0.0,No,1500,2400,0,3389,75
16:06:30.793,active,15273,910,13928,16787,3,95,55.6,44.3,No,2400,2400,0,3357,75
16:06:31.790,active,15322,480,7368,16786,-8,95,57.3,53.7,No,2400,2400,0,3345,75
16:06:32.790,active,15357,494,5728,16786,0,95,57.3,55.5,No,2400,2400,0,3334,75
16:06:33.789,active,15320,504,7736,16785,0,95,57.9,52.6,No,2400,2400,0,3333,75
16:06:34.789,active,15329,494,7330,16785,0,95,57.9,53.5,No,2400,2400,0,3324,75
16:06:35.789,active,15322,460,7060,16785,-5,95,59.0,53.0,No,2400,2400,0,3316,75
16:06:36.793,active,15318,440,6770,16785,-8,95,61.1,51.9,No,2400,2400,0,3296,125
16:06:37.789,active,15316,470,7234,16785,-6,95,60.6,51.3,No,2400,2400,0,5196,125
16:06:38.790,active,15320,470,7214,16785,-3,95,60.0,51.9,No,2400,2400,0,5421,125
16:06:39.793,active,15316,464,8418,16785,-6,95,60.0,54.7,No,2400,2400,0,5424,125
16:06:40.789,active,15305,756,11594,16785,-7,95,59.5,52.6,No,2400,2400,0,5425,125
16:06:41.789,active,15307,802,12308,16786,0,95,60.0,56.0,No,2400,2400,0,5420,125
16:06:42.789,active,15299,694,10628,16786,0,95,60.0,53.5,No,2400,2400,0,5422,125
16:06:43.790,active,15303,746,11440,16785,-5,95,60.6,52.0,No,2400,2400,0,5424,125
16:06:44.789,active,15303,716,10996,16785,0,95,60.6,51.0,No,2400,2400,0,5427,125
16:06:45.793,active,15301,728,11170,16785,0,95,60.6,53.4,No,2400,2400,0,5428,125
16:06:46.790,active,15309,702,10784,16785,0,95,60.6,55.0,No,2400,2400,0,5430,125
16:06:47.789,active,15268,734,11266,16785,-5,95,61.1,55.3,No,2400,2400,0,5439,125
16:06:48.789,active,15309,682,11304,16787,-3,95,60.6,57.1,No,2400,2400,0,5440,125
16:06:49.793,active,15260,726,11112,16788,0,95,61.1,56.4,No,2400,2400,0,5447,125
16:06:50.793,active,15318,786,12038,16786,-3,95,61.7,56.7,No,2400,2400,0,5448,125
16:06:51.789,active,15268,712,12160,16787,0,95,61.7,56.0,No,2400,2400,0,5458,125
16:06:52.790,active,15277,822,12596,16786,0,95,61.7,58.0,No,2400,2400,0,5447,125
16:06:53.793,active,15260,670,13368,16784,-3,95,61.7,56.4,No,2400,2400,0,5459,125
16:06:54.789,active,15275,820,12558,16785,-9,95,61.1,56.1,No,2400,2400,0,5459,125
16:06:55.789,active,15277,804,10686,16786,-8,95,63.4,58.7,No,2400,2400,0,5462,125
16:06:56.789,active,15292,796,12210,16786,-6,95,61.7,57.6,No,2400,2400,0,5464,125
16:06:57.789,active,15266,782,13194,16785,-7,95,61.1,58.2,No,2400,2400,0,5471,125
16:06:58.791,active,15303,770,7454,16784,-6,95,62.2,57.9,No,2400,2400,0,5473,125
16:06:59.790,active,15299,516,7908,16784,-8,95,62.8,57.7,No,2400,2400,0,5470,125
16:07:00.789,active,15299,768,7002,16784,-6,95,61.1,56.8,No,2400,2400,0,5482,125
16:07:01.789,active,15329,478,7350,16784,-9,95,60.6,57.7,No,2400,2400,0,5482,125
16:07:02.789,active,15303,714,8140,16785,-9,95,62.8,59.1,No,2400,2400,0,5484,125
16:07:03.789,active,15301,684,10514,16785,-5,95,62.8,57.9,No,2400,2400,0,5477,125
16:07:04.789,active,15331,598,9182,16784,-7,95,62.8,58.2,No,2400,2400,0,5490,125
16:07:05.791,active,15326,492,7542,16785,-5,95,62.2,58.6,No,2400,2400,0,5490,125
16:07:06.793,active,15357,598,9182,16784,-5,95,62.2,57.7,No,2400,2400,0,5488,125
16:07:07.789,active,15279,944,10726,16784,-5,95,61.7,57.4,No,2400,2400,0,5492,125
16:07:08.789,active,15311,720,11054,16785,-6,95,62.2,57.8,No,2400,2400,0,5495,125
16:07:09.789,active,15268,690,10474,16785,0,95,62.8,58.6,No,2400,2400,0,5493,125
16:07:10.789,active,15311,752,11536,16786,0,95,63.4,57.1,No,2400,2400,0,5497,125
16:07:11.789,active,15307,808,12404,16785,0,95,62.8,56.8,No,2400,2400,0,5500,125
16:07:12.792,active,15314,720,11072,16786,-3,95,62.8,58.1,No,2400,2400,0,5499,125
16:07:13.797,active,15277,748,11478,16785,-4,95,62.2,58.1,No,2400,2400,0,5507,125
16:07:14.789,active,15305,728,11170,16785,-5,95,62.2,58.3,No,2400,2400,0,5497,125
16:07:15.789,active,15309,694,10648,16784,-6,95,62.2,59.2,No,2400,2400,0,5501,125
16:07:16.789,active,15309,762,7928,16785,0,95,61.7,54.9,No,2400,2400,0,5501,125
16:07:17.789,active,15256,722,11034,16786,0,95,61.7,54.6,No,2400,2400,0,5513,125
16:07:18.789,active,15275,902,13812,16787,0,95,62.2,54.3,No,2400,2400,0,5513,125
16:07:19.789,active,15243,824,12596,16787,0,95,60.0,54.2,No,2400,2400,0,5508,125
16:07:20.793,active,15266,988,15104,16786,0,95,61.7,54.2,No,2400,2400,0,5505,125
16:07:21.790,active,15271,706,12338,16785,0,95,61.1,56.2,No,2400,2400,0,5510,125
16:07:22.789,active,15271,846,12964,16784,-3,95,61.1,59.0,No,2400,2400,0,5509,125
16:07:23.789,active,15268,814,12578,16784,-3,95,62.8,59.6,No,2400,2400,0,5514,125
16:07:24.789,active,15281,804,12326,16784,-7,95,62.8,58.7,No,2400,2400,0,5514,125
16:07:25.789,active,15283,720,14256,16785,-8,95,62.2,58.9,No,2400,2400,0,5514,125
16:07:26.793,active,15303,674,10358,16785,-8,95,61.7,60.1,No,2400,2400,0,5514,125
16:07:27.793,active,15299,472,7252,16785,-5,95,61.7,59.6,No,2400,2400,0,5514,125
16:07:28.790,active,15352,526,7966,16785,0,95,61.1,58.5,No,2400,2400,0,5523,125
16:07:29.789,active,15359,506,7754,16784,0,95,61.1,57.6,No,2400,2400,0,5514,125
16:07:30.789,sleep,15301,436,7850,16786,0,95,57.3,18.9,No,2400,2400,0,5557,125
16:07:31.789,sleep,15299,534,8198,16788,11,95,57.9,-0.0,No,2400,2400,0,5568,125
16:07:32.789,sleep,15301,512,6674,16788,8,95,57.3,0.0,No,2400,2400,0,5565,125
16:07:33.789,sleep,15296,466,7156,16787,3,95,56.2,0.5,No,2400,2400,0,5562,125
16:07:34.789,sleep,15294,498,7426,16786,0,95,55.1,0.0,No,2400,2400,0,5566,125
16:07:35.789,sleep,15294,380,7562,16788,10,95,55.1,0.3,No,1500,2400,0,5569,125
16:07:36.789,sleep,15296,292,4474,16788,15,95,54.5,-0.0,No,1500,2400,0,4208,75
16:07:37.789,sleep,15292,566,6056,16789,15,95,53.5,0.0,No,1500,2400,0,3529,75
16:07:38.789,sleep,15301,366,5612,16790,14,95,53.5,0.3,No,1500,2400,0,3437,75
16:07:39.789,sleep,15299,480,6616,16790,11,95,52.9,0.3,No,1500,2400,0,3417,75
16:07:40.789,sleep,15299,478,7330,16790,13,95,51.8,0.0,No,1500,2400,0,3404,75
16:07:41.789,sleep,15299,504,5362,16788,14,95,51.8,0.3,No,1500,2400,0,3401,75
16:07:42.789,sleep,15296,518,7948,16787,9,95,51.8,-0.0,No,1500,2400,0,3380,75
16:07:43.789,sleep,15294,298,4572,16788,6,95,51.8,0.0,No,1500,2400,0,3391,75
16:07:44.789,sleep,15301,594,6038,16787,6,95,51.2,0.3,No,1500,2400,0,3395,75
16:07:45.789,active,15251,710,10860,16786,3,95,55.6,43.7,No,2400,2400,0,3354,75
16:07:46.789,active,15279,590,14024,16786,-7,95,56.8,53.2,No,2400,2400,0,3329,75
16:07:47.790,active,15258,650,9954,16785,-3,95,58.4,54.0,No,2400,2400,0,3328,75
16:07:48.794,active,15268,880,13464,16785,-3,95,58.4,54.1,No,2400,2400,0,3321,75
16:07:49.789,active,15275,786,12038,16785,0,95,57.9,52.6,No,2400,2400,0,3314,75
16:07:50.789,active,15266,894,13678,16785,0,95,58.4,52.5,No,2400,2400,0,3308,75
16:07:51.789,active,15258,842,12866,16786,0,95,59.0,52.0,No,2400,2400,0,3303,75
16:07:52.793,active,15245,902,13792,16787,-3,95,60.0,52.9,No,2400,2400,0,3298,75
16:07:53.789,active,15307,750,7890,16784,-3,95,60.0,53.2,No,2400,2400,0,3597,125
16:07:54.789,active,15348,538,8276,16785,-4,95,60.0,52.7,No,2400,2400,0,5275,125
16:07:55.790,active,15363,498,7638,16785,-4,95,59.0,51.4,No,2400,2400,0,5404,125
16:07:56.789,active,15339,494,7580,16785,0,95,59.5,53.4,No,2400,2400,0,5408,125
16:07:57.789,active,15301,510,7850,16786,-4,95,60.6,53.0,No,2400,2400,0,5411,125
16:07:58.793,active,15359,494,7176,16784,-9,95,61.1,55.8,No,2400,2400,0,5411,125
16:07:59.789,active,15299,508,7812,16785,-9,95,60.6,57.1,No,2400,2400,0,5410,125
16:08:00.789,active,15352,542,8198,16784,-5,95,61.1,56.4,No,2400,2400,0,5415,125
16:08:01.790,active,15322,528,8102,16785,0,95,61.7,56.8,No,2400,2400,0,5414,125
16:08:02.789,active,15271,656,7716,16786,0,95,59.5,56.6,No,2400,2400,0,5423,125
16:08:03.789,active,15294,766,11536,16785,-4,95,61.1,57.0,No,2400,2400,0,5422,125
16:08:04.789,active,15314,682,10456,16785,-8,95,61.7,57.6,No,2400,2400,0,5432,125
16:08:05.789,active,15316,716,11014,16787,0,95,61.7,57.9,No,2400,2400,0,5433,125
16:08:06.789,active,15314,726,11130,16787,0,95,61.1,57.2,No,2400,2400,0,5429,125
16:08:07.791,active,15314,660,11420,16785,3,95,62.2,57.2,No,2400,2400,0,5435,125
16:08:08.795,active,15303,752,11536,16786,0,95,61.7,57.3,No,2400,2400,0,5441,125
16:08:09.789,active,15309,720,11054,16787,0,95,61.1,57.7,No,2400,2400,0,5451,125
16:08:10.789,active,15309,716,10996,16788,0,95,61.7,58.1,No,2400,2400,0,5449,125
16:08:11.793,active,15322,722,11072,16787,0,95,62.2,59.8,No,2400,2400,0,5453,125
16:08:12.793,active,15320,984,12308,16785,0,95,62.2,59.7,No,2400,2400,0,5454,125
16:08:13.789,active,15281,670,10282,16785,0,95,62.2,58.4,No,2400,2400,0,5459,125
16:08:14.789,active,15314,788,12056,16785,0,95,62.2,57.2,No,2400,2400,0,5462,125
16:08:15.796,active,15268,756,11574,16786,0,95,61.7,59.7,No,2400,2400,0,5463,125
16:08:16.790,active,15281,742,11362,16787,0,95,61.7,58.1,No,2400,2400,0,5466,125
16:08:17.789,active,15262,774,14004,16787,0,95,62.2,59.5,No,2400,2400,0,5470,125
16:08:18.791,active,15264,766,11728,16786,0,95,61.7,58.3,No,2400,2400,0,5474,125
16:08:19.791,active,15264,888,13966,16784,-6,95,62.8,59.0,No,2400,2400,0,5476,125
16:08:20.789,active,15275,828,12674,16784,-3,95,62.8,57.0,No,2400,2400,0,5474,125
16:08:21.792,active,15301,484,7446,16784,-6,95,62.8,58.1,No,2400,2400,0,5484,125
16:08:22.793,active,15299,732,7118,16784,-5,95,62.8,58.4,No,2400,2400,0,5486,125
16:08:23.790,active,15303,650,10012,16785,-6,95,61.1,57.2,No,2400,2400,0,5479,125
16:08:24.789,active,15296,732,7774,16786,-5,95,62.8,57.9,No,2400,2400,0,5485,125
16:08:25.789,active,15341,526,8082,16786,-4,95,63.4,58.3,No,2400,2400,0,5478,125
16:08:26.789,active,15305,750,7696,16786,0,95,62.2,57.3,No,2400,2400,0,5492,125
16:08:27.789,active,15344,484,7466,16785,-3,95,62.2,58.3,No,2400,2400,0,5501,125
16:08:28.792,active,15352,472,7252,16786,0,95,62.8,59.1,No,2400,2400,0,5500,125
16:08:29.793,active,15331,516,7928,16785,0,95,62.8,58.4,No,2400,2400,0,5497,125
16:08:30.791,active,15316,708,10860,16786,0,95,61.7,59.6,No,2400,2400,0,5496,125
16:08:31.789,active,15279,888,10938,16786,0,95,62.8,59.4,No,2400,2400,0,5498,125
16:08:32.793,active,15303,694,10668,16786,-3,95,62.2,58.9,No,2400,2400,0,5503,125
16:08:33.789,active,15290,724,11092,16785,-3,95,62.8,56.7,No,2400,2400,0,5510,125
16:08:34.789,active,15307,760,11652,16784,-4,95,62.2,58.0,No,2400,2400,0,5507,125
16:08:35.792,active,15266,726,11150,16784,-5,95,63.4,59.2,No,2400,2400,0,5506,125
16:08:36.793,active,15271,954,11786,16786,0,95,62.8,58.9,No,2400,2400,0,5510,125
16:08:37.789,active,15301,742,11400,16785,-5,95,61.7,58.7,No,2400,2400,0,5505,125
16:08:38.789,active,15307,722,11440,16786,-5,95,61.7,58.9,No,2400,2400,0,5506,125
16:08:39.792,active,15268,742,13154,16786,0,95,62.8,58.6,No,2400,2400,0,5508,125
16:08:40.793,active,15309,784,11980,16786,0,95,61.1,58.0,No,2400,2400,0,5509,125
16:08:41.789,active,15266,748,12500,16784,-3,95,62.8,58.7,No,2400,2400,0,5515,125
16:08:42.789,active,15258,914,13966,16784,-3,95,63.9,54.9,No,2400,2400,0,5505,125
16:08:43.790,active,15249,892,13792,16785,0,95,61.7,54.6,No,2400,2400,0,5512,125
16:08:44.789,active,15264,840,12848,16785,-3,95,62.2,55.5,No,2400,2400,0,5517,125
16:08:45.789,sleep,15299,468,7176,16787,5,95,59.5,25.8,No,2400,2400,0,5549,125
16:08:46.789,sleep,15290,536,8218,16788,13,95,57.9,0.5,No,2400,2400,0,5558,125
16:08:47.789,sleep,15299,502,7696,16787,12,95,57.3,0.3,No,2400,2400,0,5538,125
16:08:48.789,sleep,15296,490,6482,16788,12,95,56.8,0.0,No,2400,2400,0,5562,125
16:08:49.789,sleep,15301,532,8160,16788,12,95,55.6,-0.0,No,2400,2400,0,5575,125
16:08:50.789,sleep,15299,466,6520,16789,12,95,54.0,0.3,No,1500,2400,0,5572,125
16:08:51.789,sleep,15296,442,6790,16788,15,95,54.5,0.0,No,1500,2400,0,5581,125
16:08:52.789,sleep,15296,538,8256,16788,14,95,53.5,0.3,No,1500,2400,0,3935,75
16:08:53.789,sleep,15294,394,6038,16789,16,95,52.9,-0.0,No,1500,2400,0,3498,75
16:08:54.789,sleep,15299,468,7176,16789,16,95,52.9,0.3,No,1500,2400,0,3431,75
16:08:55.789,sleep,15303,380,9172,16788,15,95,52.4,0.3,No,1500,2400,0,3412,75
16:08:56.789,sleep,15299,528,8082,16789,15,95,52.4,0.0,No,1500,2400,0,3406,75
16:08:57.789,sleep,15296,480,7350,16789,12,95,52.9,-0.0,No,1500,2400,0,3387,75
16:08:58.789,sleep,15296,388,5960,16790,15,95,51.8,0.3,No,1500,2400,0,3403,75
16:08:59.789,sleep,15301,374,5748,16790,12,95,51.8,0.3,No,1500,2400,0,3395,75
16:09:00.790,active,15307,696,9662,16786,6,95,55.6,39.4,No,2400,2400,0,3363,75
16:09:01.793,active,15305,728,11170,16785,0,95,56.8,51.4,No,2400,2400,0,3340,75
16:09:02.789,active,15303,690,10166,16786,-3,95,56.8,51.4,No,2400,2400,0,3337,75
16:09:03.789,active,15301,730,11188,16787,0,95,58.4,51.7,No,2400,2400,0,3330,75
16:09:04.794,active,15299,698,11208,16787,0,95,56.8,52.7,No,2400,2400,0,3318,75
16:09:05.789,active,15296,690,10590,16787,3,95,57.9,52.1,No,2400,2400,0,3314,75
16:09:06.789,active,15251,864,13214,16786,0,95,60.0,53.3,No,2400,2400,0,3303,75
16:09:07.790,active,15241,878,14102,16786,0,95,60.0,52.0,No,2400,2400,0,3304,75
16:09:08.793,active,15249,822,12558,16785,0,95,60.0,51.3,No,2400,2400,0,3292,75
16:09:09.789,active,15236,910,13928,16786,0,95,60.0,51.9,No,2400,2400,0,4386,125
16:09:10.789,active,15283,802,12288,16786,-4,95,60.0,56.3,No,2400,2400,0,5335,125
16:09:11.790,active,15271,942,14430,16786,0,95,59.5,55.4,No,2400,2400,0,5405,125
16:09:12.789,active,15281,732,11246,16786,0,95,61.1,56.4,No,2400,2400,0,5411,125
16:09:13.789,active,15271,900,13774,16785,-5,95,60.6,57.4,No,2400,2400,0,5412,125
16:09:14.793,active,15273,848,11728,16785,-3,95,61.7,56.9,No,2400,2400,0,5410,125
16:09:15.796,active,15271,890,13638,16785,-3,95,61.7,58.1,No,2400,2400,0,5411,125
16:09:16.789,active,15335,528,8102,16785,-4,95,61.7,56.5,No,2400,2400,0,5417,125
16:09:17.794,active,15352,568,7252,16785,-3,95,61.7,56.5,No,2400,2400,0,5421,125
16:09:18.790,active,15318,440,6770,16786,0,95,62.2,56.1,No,2400,2400,0,5421,125
16:09:19.789,active,15348,544,8352,16785,0,95,61.1,57.0,No,2400,2400,0,5420,125
16:09:20.792,active,15316,508,7792,16786,0,95,62.8,58.7,No,2400,2400,0,5438,125
16:09:21.793,active,15344,788,12114,16785,0,95,62.2,58.3,No,2400,2400,0,5430,125
16:09:22.789,active,15316,504,10058,16786,0,95,61.7,56.9,No,2400,2400,0,5455,125
16:09:23.789,active,15320,652,9972,16785,0,95,62.2,58.8,No,2400,2400,0,5445,125
16:09:24.793,active,15283,494,10956,16787,0,95,62.2,58.6,No,2400,2400,0,5451,125
16:09:25.790,active,15305,756,10826,16787,0,95,61.1,58.2,No,2400,2400,0,5444,125
16:09:26.789,active,15309,738,11324,16787,0,95,62.2,58.8,No,2400,2400,0,5450,125
16:09:27.789,active,15299,720,10706,16786,0,95,62.8,59.0,No,2400,2400,0,5452,125
16:09:28.789,active,15301,724,11112,16786,0,95,62.2,57.9,No,2400,2400,0,5457,125
16:09:29.791,active,15305,762,11670,16785,0,95,62.8,57.9,No,2400,2400,0,5463,125
16:09:30.790,active,15299,744,11420,16785,0,95,62.8,57.8,No,2400,2400,0,5472,125
16:09:31.793,active,15305,614,9414,16786,0,95,61.7,58.6,No,2400,2400,0,5469,125
16:09:32.790,active,15301,752,8024,16786,0,95,62.2,57.8,No,2400,2400,0,5486,125
16:09:33.789,active,15290,756,11612,16786,0,95,61.7,58.2,No,2400,2400,0,5472,125
16:09:34.791,active,15281,964,14776,16785,0,95,61.7,57.8,No,2400,2400,0,5469,125
16:09:35.789,active,15288,800,12808,16784,0,95,62.8,57.4,No,2400,2400,0,5484,125
16:09:36.789,active,15268,922,14120,16784,-6,95,63.4,57.1,No,2400,2400,0,5483,125
16:09:37.790,active,15271,874,11170,16785,-4,95,62.2,57.3,No,2400,2400,0,5485,125
16:09:38.790,active,15279,896,13734,16784,-7,95,62.8,57.9,No,2400,2400,0,5484,125
16:09:39.789,active,15281,768,11786,16783,-8,95,62.2,58.5,No,2400,2400,0,5487,125
16:09:40.789,active,15279,854,13078,16784,0,95,62.2,57.6,No,2400,2400,0,5492,125
16:09:41.789,active,15268,802,12308,16785,0,95,63.4,59.6,No,2400,2400,0,5490,125
16:09:42.789,active,15324,496,6752,16785,0,95,62.8,59.5,No,2400,2400,0,5496,125
16:09:43.789,active,15331,544,8352,16786,-3,95,63.4,59.1,No,2400,2400,0,5497,125
16:09:44.790,active,15324,680,10456,16786,-3,95,62.8,58.3,No,2400,2400,0,5492,125
16:09:45.790,active,15314,506,7754,16787,0,95,62.2,59.3,No,2400,2400,0,5502,125
16:09:46.789,active,15320,696,10668,16785,0,95,61.1,59.0,No,2400,2400,0,5499,125
16:09:47.789,active,15324,474,7292,16785,0,95,62.8,59.2,No,2400,2400,0,5505,125
16:09:48.789,active,15322,670,10282,16785,0,95,62.8,58.6,No,2400,2400,0,5506,125
16:09:49.789,active,15314,630,10880,16786,0,95,62.8,58.6,No,2400,2400,0,5507,125
16:09:50.791,active,15329,684,10456,16786,0,95,62.8,58.5,No,2400,2400,0,5506,125
16:09:51.789,active,15299,730,11188,16785,0,95,63.4,58.8,No,2400,2400,0,5504,125
16:09:52.796,active,15305,736,11304,16785,0,95,62.8,59.5,No,2400,2400,0,5510,125
16:09:53.789,active,15296,622,9530,16785,0,95,62.2,56.5,No,2400,2400,0,5515,125
16:09:54.789,active,15301,728,7890,16785,0,95,62.2,55.7,No,2400,2400,0,5517,125
16:09:55.791,active,15303,576,8854,16785,0,95,61.7,54.7,No,2400,2400,0,5490,125
16:09:56.793,active,15309,730,7986,16785,0,95,62.2,56.2,No,2400,2400,0,5506,125
16:09:57.789,active,15359,486,7484,16785,-3,95,62.2,62.3,No,2400,2400,0,5511,125
16:09:58.789,active,15326,576,7850,16787,0,95,62.8,54.5,No,2400,2400,0,5514,125
16:09:59.796,active,15299,772,11824,16786,6,95,62.2,54.0,No,2400,2400,0,5518,125
16:10:00.789,sleep,15301,490,7504,16789,10,95,59.5,23.4,No,2400,2400,0,5545,125
16:10:01.789,sleep,15296,546,7214,16790,19,95,57.9,-0.0,No,2400,2400,0,5558,125
16:10:02.789,sleep,15292,510,7832,16789,15,95,57.3,0.3,No,2400,2400,0,5577,125
16:10:03.789,sleep,15294,492,6462,16787,13,95,56.8,0.0,No,2400,2400,0,5565,125
16:10:04.789,sleep,15292,482,7408,16787,9,95,56.2,-0.0,No,2400,2400,0,5565,125
16:10:05.789,sleep,15294,514,6500,16788,9,95,55.1,0.0,No,1500,2400,0,5578,125
16:10:06.789,sleep,15296,474,7292,16789,15,95,54.0,0.3,No,1500,2400,0,5506,75
16:10:07.789,sleep,15294,292,4474,16789,16,95,53.5,0.0,No,1500,2400,0,3739,75
16:10:08.789,sleep,15294,380,5844,16790,16,95,52.9,0.2,No,1500,2400,0,3469,75
16:10:09.789,sleep,15294,406,6250,16789,16,95,52.9,-0.0,No,1500,2400,0,3424,75
16:10:10.789,sleep,15292,464,7832,16788,15,95,52.4,0.0,No,1500,2400,0,3418,75
16:10:11.789,sleep,15296,498,7658,16788,16,95,52.4,0.3,No,1500,2400,0,3415,75
16:10:12.789,sleep,15303,364,2854,16790,17,95,51.8,0.2,No,1500,2400,0,3412,75
16:10:13.789,sleep,15301,282,4340,16791,17,95,52.4,0.0,No,1500,2400,0,3403,75
16:10:14.789,sleep,15292,584,8950,16790,20,95,51.8,0.3,No,1500,2400,0,3395,75
16:10:15.789,active,15314,620,9510,16788,12,95,55.1,36.2,No,2400,2400,0,3370,75
16:10:16.792,active,15303,802,12268,16786,0,95,57.3,51.9,No,2400,2400,0,3345,75
16:10:17.793,active,15253,566,13850,16786,0,95,57.9,51.5,No,2400,2400,0,3331,75
16:10:18.790,active,15320,754,11536,16787,4,95,58.4,52.8,No,2400,2400,0,3323,75
16:10:19.790,active,15305,670,10282,16787,0,95,58.4,55.8,No,2400,2400,0,3304,75
16:10:20.794,active,15299,696,10686,16787,0,95,59.0,53.5,No,2400,2400,0,3318,75
16:10:21.789,active,15303,498,7658,16788,0,95,59.5,54.0,No,2400,2400,0,3315,75
16:10:22.789,active,15299,692,7890,16786,0,95,60.0,55.3,No,2400,2400,0,3306,75
16:10:23.793,active,15296,702,10764,16786,0,95,60.0,56.5,No,2400,2400,0,4910,125
16:10:24.789,active,15301,716,7986,16786,0,95,60.6,55.9,No,2400,2400,0,5385,125
16:10:25.790,active,15299,590,9046,16785,-3,95,61.7,57.5,No,2400,2400,0,5421,125
16:10:26.794,active,15296,744,8604,16787,0,95,61.1,56.4,No,2400,2400,0,5411,125
16:10:27.790,active,15354,528,8120,16787,0,95,60.6,57.2,No,2400,2400,0,5422,125
16:10:28.789,active,15277,788,12076,16786,0,95,60.6,57.1,No,2400,2400,0,5426,125
16:10:29.793,active,15271,840,11130,16785,-3,95,62.2,58.8,No,2400,2400,0,5426,125
16:10:30.793,active,15277,908,13908,16785,0,95,61.7,57.4,No,2400,2400,0,5424,125
16:10:31.789,active,15271,712,10860,16785,-6,95,61.7,57.4,No,2400,2400,0,5424,125
16:10:32.791,active,15277,1020,15626,16786,-4,95,61.1,56.8,No,2400,2400,0,5433,125
16:10:33.790,active,15271,752,11536,16788,0,95,62.2,58.3,No,2400,2400,0,5432,125
16:10:34.789,active,15314,716,10976,16786,-4,95,61.1,57.1,No,2400,2400,0,5438,125
16:10:35.789,active,15275,688,10552,16786,-5,95,61.7,59.2,No,2400,2400,0,5442,125
16:10:36.789,active,15288,716,10572,16785,-4,95,63.4,57.3,No,2400,2400,0,5448,125
16:10:37.789,active,15311,500,7678,16786,-5,95,63.4,58.5,No,2400,2400,0,5448,125
16:10:38.791,active,15329,692,10628,16786,0,95,62.8,57.8,No,2400,2400,0,5452,125
16:10:39.792,active,15307,534,8198,16786,0,95,61.7,56.7,No,2400,2400,0,5457,125
16:10:40.793,active,15318,652,9972,16787,0,95,62.2,58.4,No,2400,2400,0,5469,125
16:10:41.789,active,15320,522,11922,16786,0,95,61.7,58.8,No,2400,2400,0,5470,125
16:10:42.789,active,15335,766,11728,16785,-3,95,63.9,59.3,No,2400,2400,0,5459,125
16:10:43.793,active,15305,646,11342,16785,-3,95,62.8,58.2,No,2400,2400,0,5469,125
16:10:44.789,active,15266,684,10474,16786,-4,95,62.8,57.6,No,2400,2400,0,5473,125
16:10:45.790,active,15258,610,10822,16787,0,95,63.4,58.0,No,2400,2400,0,5475,125
16:10:46.790,active,15303,742,7620,16785,0,95,62.8,58.9,No,2400,2400,0,5476,125
16:10:47.790,active,15301,730,11188,16785,-3,95,61.7,57.3,No,2400,2400,0,5478,125
16:10:48.789,active,15303,718,11458,16785,0,95,62.2,59.2,No,2400,2400,0,5481,125
16:10:49.789,active,15303,704,10802,16785,-4,95,63.4,57.7,No,2400,2400,0,5492,125
16:10:50.789,active,15301,740,8718,16786,-7,95,63.4,58.2,No,2400,2400,0,5490,125
16:10:51.789,active,15301,736,11284,16786,-6,95,62.8,58.9,No,2400,2400,0,5490,125
16:10:52.792,active,15299,586,8990,16786,0,95,63.9,59.7,No,2400,2400,0,5491,125
16:10:53.790,active,15357,530,7986,16785,-4,95,63.4,58.4,No,2400,2400,0,5488,125
16:10:54.789,active,15299,490,7522,16785,0,95,62.2,59.5,No,2400,2400,0,5494,125
16:10:55.789,active,15264,670,10282,16785,0,95,62.2,59.4,No,2400,2400,0,5500,125
16:10:56.789,active,15277,882,11456,16787,0,95,63.4,59.1,No,2400,2400,0,5504,125
16:10:57.789,active,15271,776,11902,16786,0,95,63.9,59.2,No,2400,2400,0,5500,125
16:10:58.789,active,15281,764,11034,16787,0,95,62.8,58.0,No,2400,2400,0,5505,125
16:10:59.791,active,15303,736,11284,16786,3,95,62.8,58.9,No,2400,2400,0,5506,125
16:11:00.792,active,15275,760,11536,16787,5,95,63.4,58.4,No,2400,2400,0,5493,125
16:11:01.791,active,15311,690,10572,16787,0,95,63.4,58.9,No,2400,2400,0,5514,125
16:11:02.789,active,15305,716,10996,16788,0,95,63.4,58.9,No,2400,2400,0,5512,125
16:11:03.789,active,15305,696,10668,16788,0,95,62.8,59.3,No,2400,2400,0,5511,125
16:11:04.792,active,15316,640,9818,16786,0,95,62.8,58.0,No,2400,2400,0,5516,125
16:11:05.793,active,15307,820,12538,16785,-7,95,63.4,56.8,No,2400,2400,0,5521,125
16:11:06.789,active,15258,734,11226,16784,0,95,62.8,54.8,No,2400,2400,0,5517,125
16:11:07.790,active,15311,832,12732,16786,-3,95,62.8,55.1,No,2400,2400,0,5514,125
16:11:08.796,active,15273,670,12292,16787,3,95,62.8,56.3,No,2400,2400,0,5509,125
16:11:09.789,active,15316,890,13600,16787,0,95,61.7,60.3,No,2400,2400,0,5508,125
16:11:10.789,active,15253,848,13292,16787,0,95,62.2,52.5,No,2400,2400,0,5518,125
16:11:11.793,active,15262,930,14236,16787,5,95,62.8,52.0,No,2400,2400,0,5524,125
16:11:12.793,active,15256,814,10668,16786,3,95,62.2,51.4,No,2400,2400,0,5519,125
16:11:13.789,active,15348,498,7914,16786,0,95,62.2,51.4,No,2400,2400,0,5527,125
16:11:14.790,active,15292,534,8218,16786,4,95,62.2,51.0,No,2400,2400,0,5529,125
16:11:15.789,sleep,15296,514,7194,16787,5,95,59.0,26.4,No,2400,2400,0,5558,125
16:11:16.789,sleep,15299,568,8718,16788,14,95,57.9,0.2,No,2400,2400,0,5574,125
16:11:17.789,sleep,15299,518,6982,16789,14,95,57.3,0.0,No,2400,2400,0,5568,125
16:11:18.789,sleep,15296,458,7040,16789,12,95,56.8,-0.0,No,2400,2400,0,5575,125
16:11:19.789,sleep,15299,504,7736,16788,12,95,56.8,-0.0,No,2400,2400,0,5572,125
16:11:20.789,sleep,15292,558,8308,16790,11,95,55.1,0.0,No,1500,2400,0,5579,125
16:11:21.789,sleep,15296,426,6520,16789,17,95,54.0,0.3,No,1500,2400,0,5583,125
16:11:22.789,sleep,15294,438,6712,16790,15,95,54.0,0.3,No,1500,2400,0,4824,75
16:11:23.789,sleep,15292,340,5208,16789,15,95,53.5,0.0,No,1500,2400,0,3633,75
16:11:24.789,sleep,15294,420,6424,16791,15,95,52.9,0.5,No,1500,2400,0,3466,75
16:11:25.789,sleep,15294,542,8058,16789,16,95,52.9,-0.0,No,1500,2400,0,3433,75
16:11:26.789,sleep,15290,344,5266,16789,17,95,52.4,0.5,No,1500,2400,0,3423,75
16:11:27.789,sleep,15294,504,5940,16789,16,95,52.4,0.0,No,1500,2400,0,3422,75
16:11:28.789,sleep,15299,378,5806,16791,16,95,52.9,0.3,No,1500,2400,0,3412,75
16:11:29.789,sleep,15299,582,5304,16789,16,95,51.8,0.2,No,1500,2400,0,3402,75
16:11:30.789,active,15303,680,10416,16788,9,95,54.5,33.2,No,2400,2400,0,3365,75
16:11:31.789,active,15307,770,11768,16786,-7,95,56.2,52.6,No,2400,2400,0,3359,75
16:11:32.793,active,15232,764,13638,16787,0,95,57.9,51.8,No,2400,2400,0,3351,75
16:11:33.789,active,15251,848,12982,16785,-3,95,59.5,51.5,No,2400,2400,0,3344,75
16:11:34.789,active,15247,778,12152,16786,0,95,59.0,51.8,No,2400,2400,0,3339,75
16:11:35.793,active,15260,888,13580,16786,0,95,59.0,52.0,No,2400,2400,0,3321,75
16:11:36.789,active,15258,712,10898,16787,0,95,59.5,51.6,No,2400,2400,0,3312,125
16:11:37.789,active,15262,966,14776,16787,0,95,59.0,52.8,No,2400,2400,0,5195,125
16:11:38.789,active,15258,760,11652,16785,-3,95,59.5,52.8,No,2400,2400,0,5439,125
16:11:39.789,active,15275,924,10860,16786,-3,95,60.6,52.6,No,2400,2400,0,5433,125
16:11:40.791,active,15299,584,8950,16786,-3,95,60.6,54.0,No,2400,2400,0,5422,125
16:11:41.789,active,15299,498,7678,16787,0,95,60.6,56.6,No,2400,2400,0,5434,125
16:11:42.794,active,15357,458,7060,16786,-4,95,61.1,56.7,No,2400,2400,0,5438,125
16:11:43.789,active,15301,486,7484,16786,-5,95,60.0,57.3,No,2400,2400,0,5436,125
16:11:44.789,active,15348,526,7832,16785,-8,95,61.7,57.6,No,2400,2400,0,5436,125
16:11:45.789,active,15309,456,6982,16785,-5,95,61.7,58.4,No,2400,2400,0,5439,125
16:11:46.789,active,15346,518,7446,16785,0,95,62.2,57.4,No,2400,2400,0,5444,125
16:11:47.789,active,15320,510,7850,16786,-4,95,61.7,59.2,No,2400,2400,0,5445,125
16:11:48.793,active,15322,774,11864,16787,-4,95,61.7,58.2,No,2400,2400,0,5448,125
16:11:49.790,active,15316,704,11092,16785,-11,95,60.6,58.5,No,2400,2400,0,5447,125
16:11:50.789,active,15305,736,11304,16785,-12,95,61.7,58.2,No,2400,2400,0,5449,125
16:11:51.789,active,15309,678,11170,16784,-8,95,62.8,59.7,No,2400,2400,0,5453,125
16:11:52.789,active,15307,754,11574,16784,-5,95,62.2,57.9,No,2400,2400,0,5458,125
16:11:53.789,active,15320,694,10668,16784,-5,95,62.8,57.6,No,2400,2400,0,5466,125
16:11:54.791,active,15305,732,11226,16785,-8,95,63.4,58.7,No,2400,2400,0,5468,125
16:11:55.790,active,15305,736,11284,16786,0,95,61.7,57.3,No,2400,2400,0,5470,125
16:11:56.793,active,15303,692,7484,16786,0,95,61.7,52.4,No,2400,2400,0,5470,125
16:11:57.789,active,15277,738,11304,16785,0,95,61.7,52.8,No,2400,2400,0,5479,125
16:11:58.789,active,15273,948,14506,16785,-6,95,62.2,58.0,No,2400,2400,0,5473,125
16:11:59.793,active,15260,780,11684,16785,-6,95,61.7,57.1,No,2400,2400,0,5478,125
16:12:00.789,active,15275,824,12616,16785,-4,95,62.2,57.4,No,2400,2400,0,5481,125
16:12:01.789,active,15273,742,14102,16786,-6,95,62.2,56.8,No,2400,2400,0,5485,125
16:12:02.793,active,15283,856,13118,16785,-6,95,61.7,57.5,No,2400,2400,0,5490,125
16:12:03.793,active,15271,674,11170,16784,-7,95,61.1,58.6,No,2400,2400,0,5495,125
16:12:04.789,active,15268,1008,15432,16784,-6,95,62.2,58.8,No,2400,2400,0,5485,125
16:12:05.789,active,15273,706,10842,16784,-6,95,62.8,59.5,No,2400,2400,0,5491,125
16:12:06.793,active,15266,922,11560,16785,-6,95,62.8,58.3,No,2400,2400,0,5495,125
16:12:07.789,active,15333,502,7696,16785,-5,95,62.2,58.6,No,2400,2400,0,5493,125
16:12:08.789,active,15337,534,8218,16785,0,95,62.8,58.7,No,2400,2400,0,5499,125
16:12:09.793,active,15318,508,7812,16785,-5,95,62.2,58.6,No,2400,2400,0,5499,125
16:12:10.792,active,15329,474,7292,16785,-3,95,62.2,58.7,No,2400,2400,0,5500,125
16:12:11.789,active,15316,570,10842,16785,-5,95,61.7,58.2,No,2400,2400,0,5499,125
16:12:12.793,active,15326,522,8024,16785,-4,95,62.8,58.6,No,2400,2400,0,5503,125
16:12:13.789,active,15316,468,13060,16784,0,95,62.8,55.1,No,2400,2400,0,5505,125
16:12:14.789,active,15281,736,11284,16785,0,95,62.2,54.3,No,2400,2400,0,5513,125
16:12:15.790,active,15305,552,12732,16785,0,95,61.1,54.2,No,2400,2400,0,5510,125
16:12:16.793,active,15301,752,10282,16787,0,95,61.7,54.1,No,2400,2400,0,5514,125
16:12:17.789,active,15303,682,10456,16786,-6,95,61.1,53.7,No,2400,2400,0,5517,125
16:12:18.789,active,15305,726,7754,16787,-4,95,61.1,54.7,No,2400,2400,0,5518,125
16:12:19.789,active,15296,668,10244,16786,0,95,61.7,54.9,No,2400,2400,0,5513,125
16:12:20.789,active,15294,716,7678,16785,0,95,62.8,55.4,No,2400,2400,0,5515,125
16:12:21.789,active,15299,718,11014,16785,0,95,61.7,58.3,No,2400,2400,0,5520,125
16:12:22.790,active,15299,732,8120,16784,-3,95,62.8,53.9,No,2400,2400,0,5527,125
16:12:23.793,active,15314,494,7580,16786,0,95,62.8,51.4,No,2400,2400,0,5523,125
16:12:24.789,active,15296,500,7678,16787,0,95,61.1,50.9,No,2400,2400,0,5521,125
16:12:25.789,active,15253,850,11516,16786,0,95,61.7,52.3,No,2400,2400,0,5517,125
16:12:26.789,active,15273,914,14004,16786,0,95,61.7,52.0,No,2400,2400,0,5522,125
16:12:27.789,active,15264,656,11382,16785,-3,95,61.7,52.2,No,2400,2400,0,5520,125
16:12:28.789,active,15273,734,11246,16785,-4,95,62.2,51.2,No,2400,2400,0,5526,125
16:12:29.789,active,15277,742,11382,16786,0,95,62.8,53.0,No,2400,2400,0,5521,125
16:12:30.789,sleep,15299,494,7818,16788,3,95,59.5,29.4,No,2400,2400,0,5541,125
16:12:31.789,sleep,15299,488,7484,16788,9,95,57.9,-0.0,No,2400,2400,0,5581,125
16:12:32.789,sleep,15292,522,7408,16787,7,95,56.8,0.2,No,2400,2400,0,5580,125
16:12:33.789,sleep,15296,532,8178,16788,7,95,56.2,0.2,No,2400,2400,0,5577,125
16:12:34.789,sleep,15299,512,7850,16787,7,95,55.6,0.0,No,2400,2400,0,5573,125
16:12:35.789,sleep,15294,452,8294,16788,9,95,55.6,-0.0,No,1500,2400,0,5581,125
16:12:36.789,sleep,15296,548,8410,16789,12,95,54.0,0.3,No,1500,2400,0,5592,125
16:12:37.789,sleep,15296,556,7966,16789,11,95,54.0,-0.0,No,1500,2400,0,5587,125
16:12:38.789,sleep,15303,504,7716,16790,12,95,54.0,0.3,No,1500,2400,0,4321,75
16:12:39.789,sleep,15303,612,8718,16789,17,95,52.9,0.0,No,1500,2400,0,3541,75
16:12:40.789,sleep,15305,534,8198,16789,18,95,51.8,0.3,No,1500,2400,0,3442,75
16:12:41.789,sleep,15299,318,4880,16788,16,95,51.8,0.0,No,1500,2400,0,3427,75
16:12:42.789,sleep,15299,564,8662,16788,13,95,51.8,0.3,No,1500,2400,0,3412,75
16:12:43.789,sleep,15301,324,4976,16788,12,95,51.8,0.0,No,1500,2400,0,3407,75
16:12:44.789,sleep,15299,266,8024,16789,13,95,51.8,0.0,No,1500,2400,0,3402,75
16:12:45.789,active,15305,726,11150,16786,3,95,54.0,29.8,No,2400,2400,0,3377,75
16:12:46.789,active,15303,506,7774,16785,-9,95,56.2,56.2,No,2400,2400,0,3358,75
16:12:47.793,active,15303,730,11208,16785,-5,95,56.8,57.3,No,2400,2400,0,3350,75
16:12:48.789,active,15307,416,6424,16785,-5,95,58.4,55.8,No,2400,2400,0,3335,75
16:12:49.789,active,15296,754,6636,16787,0,95,59.0,56.8,No,2400,2400,0,3324,75
16:12:50.790,active,15301,424,6520,16786,0,95,59.0,56.0,No,2400,2400,0,3326,75
16:12:51.794,active,15301,706,7330,16786,0,95,59.5,57.6,No,2400,2400,0,3330,75
16:12:52.789,active,15264,938,14372,16785,-3,95,59.0,57.2,No,2400,2400,0,3655,125
16:12:53.789,active,15283,880,13484,16787,0,95,60.0,57.5,No,2400,2400,0,5306,125
16:12:54.789,active,15264,942,11574,16787,0,95,60.6,56.6,No,2400,2400,0,5434,125
16:12:55.789,active,15288,806,12326,16785,0,95,61.7,57.3,No,2400,2400,0,5431,125
16:12:56.791,active,15268,948,10802,16784,-7,95,60.6,57.8,No,2400,2400,0,5432,125
16:12:57.792,active,15311,650,9992,16785,-4,95,61.1,57.1,No,2400,2400,0,5439,125
16:12:58.790,active,15273,728,11150,16786,-4,95,61.7,59.0,No,2400,2400,0,5433,125
16:12:59.789,active,15311,728,11170,16786,0,95,61.1,58.3,No,2400,2400,0,5431,125
16:13:00.793,active,15266,736,11304,16786,0,95,61.7,59.1,No,2400,2400,0,5435,125
16:13:01.791,active,15320,564,11014,16785,-3,95,62.2,59.1,No,2400,2400,0,5444,125
16:13:02.789,active,15311,620,9530,16784,-6,95,61.7,57.9,No,2400,2400,0,5441,125
16:13:03.791,active,15322,760,9780,16784,-7,95,62.8,57.5,No,2400,2400,0,5444,125
16:13:04.791,active,15281,642,9818,16785,-9,95,61.1,57.7,No,2400,2400,0,5441,125
16:13:05.790,active,15326,648,9934,16787,0,95,60.6,56.8,No,2400,2400,0,5454,125
16:13:06.789,active,15268,660,10108,16786,-6,95,60.6,52.2,No,2400,2400,0,5458,125
16:13:07.789,active,15311,754,11516,16786,-3,95,61.1,52.2,No,2400,2400,0,5462,125
16:13:08.789,active,15264,724,13986,16784,-5,95,61.7,52.3,No,2400,2400,0,5466,125
16:13:09.789,active,15271,896,13734,16784,-6,95,62.2,51.8,No,2400,2400,0,5466,125
16:13:10.789,active,15303,496,7638,16784,0,95,61.7,51.4,No,2400,2400,0,5474,125
16:13:11.793,active,15301,660,10128,16785,0,95,61.7,52.3,No,2400,2400,0,5486,125
16:13:12.789,active,15299,504,7754,16785,-5,95,60.6,51.6,No,2400,2400,0,5483,125
16:13:13.789,active,15294,718,7412,16786,0,95,61.1,52.8,No,2400,2400,0,5483,125
16:13:14.789,active,15307,724,11112,16785,-3,95,61.7,57.1,No,2400,2400,0,5487,125
16:13:15.789,active,15299,782,8236,16784,0,95,62.2,59.0,No,2400,2400,0,5479,125
16:13:16.789,active,15305,516,7908,16785,0,95,62.2,58.9,No,2400,2400,0,5485,125
16:13:17.792,active,15301,706,7986,16786,0,95,62.8,58.6,No,2400,2400,0,5493,125
16:13:18.793,active,15354,508,7832,16785,-3,95,61.7,59.2,No,2400,2400,0,5496,125
16:13:19.790,active,15309,700,10744,16786,-3,95,60.6,58.3,No,2400,2400,0,5503,125
16:13:20.789,active,15271,816,10474,16785,0,95,61.7,58.3,No,2400,2400,0,5499,125
16:13:21.789,active,15305,692,10610,16785,-3,95,61.1,56.0,No,2400,2400,0,5508,125
16:13:22.793,active,15281,696,10686,16784,-3,95,62.8,57.1,No,2400,2400,0,5508,125
16:13:23.789,active,15307,744,11420,16785,-5,95,62.2,58.5,No,2400,2400,0,5506,125
16:13:24.793,active,15288,706,10822,16786,-4,95,62.8,58.7,No,2400,2400,0,5506,125
16:13:25.793,active,15316,696,11072,16785,-5,95,61.7,59.5,No,2400,2400,0,5513,125
16:13:26.790,active,15296,694,10648,16786,0,95,61.1,55.2,No,2400,2400,0,5501,125
16:13:27.789,active,15309,754,11478,16784,-6,95,61.7,58.6,No,2400,2400,0,5506,125
16:13:28.789,active,15309,510,10802,16786,-4,95,61.7,57.6,No,2400,2400,0,5509,125
16:13:29.793,active,15307,776,11902,16786,0,95,62.8,54.8,No,2400,2400,0,5513,125
16:13:30.789,active,15309,622,11170,16786,0,95,63.4,55.9,No,2400,2400,0,5508,125
16:13:31.793,active,15258,730,11170,16785,-6,95,62.8,55.1,No,2400,2400,0,5518,125
16:13:32.793,active,15258,892,14160,16785,-5,95,61.1,59.3,No,2400,2400,0,5514,125
16:13:33.789,active,15260,674,10320,16785,0,95,61.7,54.4,No,2400,2400,0,5518,125
16:13:34.789,active,15281,934,14276,16785,0,95,61.7,52.0,No,2400,2400,0,5521,125
16:13:35.789,active,15268,940,11014,16785,0,95,62.2,52.6,No,2400,2400,0,5511,125
16:13:36.789,active,15253,748,11458,16785,0,95,62.2,51.2,No,2400,2400,0,5518,125
16:13:37.789,active,15307,744,11420,16786,0,95,62.2,55.9,No,2400,2400,0,5516,125
16:13:38.789,active,15354,490,7522,16785,-3,95,61.7,54.4,No,2400,2400,0,5520,125
16:13:39.793,active,15303,472,7252,16785,-4,95,61.7,53.4,No,2400,2400,0,5522,125
16:13:40.789,active,15354,530,8218,16785,-4,95,62.2,53.0,No,2400,2400,0,5534,125
16:13:41.789,active,15337,462,7098,16786,0,95,62.8,54.3,No,2400,2400,0,5524,125
16:13:42.789,active,15335,490,8064,16786,0,95,62.2,53.0,No,2400,2400,0,5523,125
16:13:43.789,active,15318,486,7466,16786,0,95,63.4,53.0,No,2400,2400,0,5528,125
16:13:44.789,active,15296,538,8276,16785,0,95,62.2,53.0,No,2400,2400,0,5533,125
16:13:45.789,sleep,15303,498,7658,16785,0,95,59.5,34.4,No,2400,2400,0,5544,125
16:13:46.789,sleep,15303,456,7002,16788,11,95,58.4,0.0,No,2400,2400,0,5568,125
16:13:47.789,sleep,15299,472,8218,16789,11,95,57.3,0.3,No,2400,2400,0,5572,125
16:13:48.789,sleep,15294,572,8776,16788,10,95,56.2,0.0,No,2400,2400,0,5578,125
16:13:49.789,sleep,15299,476,7310,16788,8,95,56.2,-0.0,No,2400,2400,0,5576,125
16:13:50.789,sleep,15294,410,6288,16787,7,95,54.5,0.3,No,1500,2400,0,5578,125
16:13:51.789,sleep,15294,392,5998,16789,11,95,54.5,0.3,No,1500,2400,0,5592,125
16:13:52.789,sleep,15296,344,5170,16789,13,95,52.9,-0.0,No,1500,2400,0,3967,75
16:13:53.789,sleep,15299,390,5980,16790,12,95,54.0,0.3,No,1500,2400,0,3496,75
16:13:54.789,sleep,15294,528,8834,16790,12,95,52.9,-0.0,No,1500,2400,0,3440,75
16:13:55.789,sleep,15299,498,7658,16789,15,95,52.4,0.3,No,1500,2400,0,3431,75
16:13:56.789,sleep,15299,512,7850,16788,15,95,52.4,0.0,No,1500,2400,0,3409,75
16:13:57.789,sleep,15301,520,7234,16788,13,95,52.4,0.3,No,1500,2400,0,3417,75
16:13:58.789,sleep,15301,350,5362,16788,12,95,51.8,0.0,No,1500,2400,0,3416,75
16:13:59.789,sleep,15301,182,7792,16791,16,95,51.2,0.3,No,1500,2400,0,3405,75
16:14:00.792,active,15256,890,13620,16788,11,95,54.0,25.5,No,2400,2400,0,3386,75
16:14:01.789,active,15253,550,11324,16786,-4,95,56.2,52.9,No,2400,2400,0,3356,75
16:14:02.789,active,15258,872,13350,16785,-4,95,57.3,52.5,No,2400,2400,0,3341,75
16:14:03.789,active,15266,702,10764,16786,-3,95,57.9,53.4,No,2400,2400,0,3331,75
16:14:04.789,active,15350,434,7620,16785,-5,95,57.9,52.5,No,2400,2400,0,3309,75
16:14:05.789,active,15316,488,7484,16785,-5,95,58.4,52.3,No,2400,2400,0,3314,75
16:14:06.793,active,15348,300,6482,16785,-3,95,58.4,52.0,No,2400,2400,0,3302,75
16:14:07.790,active,15348,484,7466,16785,-6,95,59.0,57.3,No,2400,2400,0,4495,125
16:14:08.789,active,15296,492,7562,16784,-6,95,60.6,58.5,No,2400,2400,0,5364,125
16:14:09.789,active,15335,498,7402,16785,-4,95,60.6,57.5,No,2400,2400,0,5436,125
16:14:10.789,active,15331,456,7002,16786,-4,95,61.1,58.2,No,2400,2400,0,5437,125
16:14:11.789,active,15333,528,7754,16787,-3,95,61.1,57.6,No,2400,2400,0,5419,125
16:14:12.791,active,15316,468,7176,16786,-6,95,61.1,58.7,No,2400,2400,0,5434,125
16:14:13.796,active,15331,510,10802,16785,-4,95,60.6,58.2,No,2400,2400,0,5436,125
16:14:14.789,active,15314,680,10436,16785,-4,95,60.0,58.1,No,2400,2400,0,5432,125
16:14:15.789,active,15318,764,11710,16785,-6,95,61.7,58.0,No,2400,2400,0,5434,125
16:14:16.793,active,15309,720,10956,16783,-5,95,61.7,58.5,No,2400,2400,0,5439,125
16:14:17.789,active,15266,780,11980,16784,-6,95,62.2,59.0,No,2400,2400,0,5437,125
16:14:18.789,active,15299,680,8218,16786,-4,95,61.7,55.9,No,2400,2400,0,5450,125
16:14:19.790,active,15307,658,10108,16784,-9,95,61.1,56.7,No,2400,2400,0,5450,125
16:14:20.796,active,15283,742,11092,16785,-7,95,62.2,57.9,No,2400,2400,0,5448,125
16:14:21.790,active,15301,662,10166,16783,-9,95,61.1,57.3,No,2400,2400,0,5459,125
16:14:22.789,active,15305,708,10880,16784,-8,95,62.2,57.1,No,2400,2400,0,5456,125
16:14:23.793,active,15275,760,11882,16784,-5,95,62.8,58.0,No,2400,2400,0,5460,125
16:14:24.793,active,15273,758,11612,16784,-6,95,62.2,58.6,No,2400,2400,0,5452,125
16:14:25.789,active,15253,766,14236,16784,-6,95,61.7,57.5,No,2400,2400,0,5460,125
16:14:26.790,active,15277,784,12018,16784,-6,95,61.7,58.7,No,2400,2400,0,5468,125
16:14:27.795,active,15266,986,15104,16785,-6,95,62.2,58.5,No,2400,2400,0,5476,125
16:14:28.789,active,15283,804,12326,16786,-3,95,61.7,58.8,No,2400,2400,0,5476,125
16:14:29.789,active,15275,910,13928,16784,-3,95,61.7,59.3,No,2400,2400,0,5485,125
16:14:30.789,active,15273,968,11744,16784,-6,95,62.8,59.0,No,2400,2400,0,5469,125
16:14:31.789,active,15286,880,13484,16784,-5,95,62.2,57.9,No,2400,2400,0,5484,125
16:14:32.789,active,15301,456,7022,16785,-3,95,62.8,58.8,No,2400,2400,0,5484,125
16:14:33.790,active,15344,520,7986,16785,-7,95,62.2,59.0,No,2400,2400,0,5489,125
16:14:34.790,active,15301,498,7678,16785,-3,95,62.2,59.0,No,2400,2400,0,5488,125
16:14:35.789,active,15337,532,8448,16784,-6,95,61.1,58.6,No,2400,2400,0,5492,125
16:14:36.789,active,15350,508,7792,16784,-6,95,62.8,58.4,No,2400,2400,0,5501,125
16:14:37.789,active,15314,484,7194,16783,-7,95,62.2,54.8,No,2400,2400,0,5501,125
16:14:38.789,active,15311,482,7408,16786,-4,95,62.2,54.3,No,2400,2400,0,5502,125
16:14:39.789,active,15316,498,8680,16786,0,95,61.7,54.1,No,2400,2400,0,5508,125
16:14:40.793,active,15301,518,7948,16786,0,95,61.1,54.4,No,2400,2400,0,5508,125
16:14:41.796,active,15309,732,11246,16784,0,95,61.1,53.8,No,2400,2400,0,5508,125
16:14:42.789,active,15301,718,10744,16784,-4,95,61.7,55.3,No,2400,2400,0,5501,125
16:14:43.791,active,15303,740,11362,16785,0,95,62.8,59.3,No,2400,2400,0,5509,125
16:14:44.793,active,15303,740,11362,16787,0,95,62.2,58.3,No,2400,2400,0,5505,125
16:14:45.789,active,15294,704,10784,16787,0,95,62.2,53.6,No,2400,2400,0,5507,125
16:14:46.789,active,15303,708,8044,16787,3,95,61.1,51.8,No,2400,2400,0,5508,125
16:14:47.789,active,15301,758,11632,16786,5,95,61.1,51.6,No,2400,2400,0,5511,125
16:14:48.795,active,15303,532,8198,16786,0,95,60.6,51.1,No,2400,2400,0,5510,125
16:14:49.789,active,15296,678,10378,16786,0,95,61.1,51.8,No,2400,2400,0,5513,125
16:14:50.789,active,15264,854,13060,16785,0,95,61.1,52.0,No,2400,2400,0,5516,125
16:14:51.791,active,15258,868,11844,16786,0,95,61.7,52.0,No,2400,2400,0,5516,125
16:14:52.793,active,15268,728,11130,16785,0,95,61.7,52.3,No,2400,2400,0,5514,125
16:14:53.789,active,15258,766,11728,16785,-3,95,61.7,52.6,No,2400,2400,0,5516,125
16:14:54.790,active,15277,708,10842,16785,-3,95,62.2,54.1,No,2400,2400,0,5518,125
16:14:55.794,active,15260,732,11226,16784,-5,95,60.6,52.8,No,2400,2400,0,5523,125
16:14:56.789,active,15281,908,11516,16785,0,95,61.1,52.7,No,2400,2400,0,5516,125
16:14:57.789,active,15286,850,13022,16787,0,95,62.2,54.3,No,2400,2400,0,5517,125
16:14:58.789,active,15292,762,10686,16785,0,95,61.7,54.8,No,2400,2400,0,5514,125
16:14:59.789,active,15341,490,7522,16785,-5,95,62.2,55.4,No,2400,2400,0,5517,125
16:15:00.789,sleep,15307,482,7388,16784,-3,95,60.0,36.0,No,2400,2400,0,5546,125
16:15:01.789,sleep,15301,460,7408,16788,12,95,58.4,0.0,No,2400,2400,0,5565,125
16:15:02.789,sleep,15301,442,6790,16788,11,95,56.8,0.0,No,2400,2400,0,5565,125
16:15:03.789,sleep,15301,412,6578,16787,10,95,55.6,0.3,No,2400,2400,0,5577,125
16:15:04.789,sleep,15296,492,7542,16786,6,95,56.2,0.0,No,2400,2400,0,5583,125
16:15:05.789,sleep,15299,514,8218,16787,10,95,55.1,0.3,No,1500,2400,0,5574,125
16:15:06.789,sleep,15299,440,6752,16788,14,95,54.5,-0.0,No,1500,2400,0,5520,75
16:15:07.789,sleep,15292,486,7466,16790,15,95,53.5,-0.0,No,1500,2400,0,3751,75
16:15:08.789,sleep,15294,564,7966,16789,13,95,52.4,0.3,No,1500,2400,0,3461,75
16:15:09.789,sleep,15294,448,6866,16790,16,95,52.9,0.0,No,1500,2400,0,3425,75
16:15:10.789,sleep,15294,306,6172,16790,17,95,52.9,0.3,No,1500,2400,0,3414,75
16:15:11.789,sleep,15294,552,8468,16788,14,95,51.8,0.0,No,1500,2400,0,3415,75
16:15:12.789,sleep,15301,362,5536,16788,16,95,52.4,-0.0,No,1500,2400,0,3396,75
16:15:13.789,sleep,15296,288,4436,16788,14,95,52.4,0.3,No,1500,2400,0,3399,75
16:15:14.789,sleep,15296,492,7542,16789,10,95,51.2,0.3,No,1500,2400,0,3394,75
16:15:15.793,active,15301,624,7252,16788,8,95,54.0,24.2,No,2400,2400,0,3377,75
16:15:16.790,active,15357,492,7580,16785,-6,95,55.6,52.4,No,2400,2400,0,3338,75
16:15:17.789,active,15277,958,14642,16784,-8,95,57.3,56.7,No,2400,2400,0,3331,75
16:15:18.789,active,15271,728,10358,16785,-7,95,57.9,58.2,No,2400,2400,0,3332,75
16:15:19.789,active,15260,754,11554,16785,-7,95,58.4,57.5,No,2400,2400,0,3318,75
16:15:20.791,active,15275,738,13850,16785,-7,95,59.5,58.9,No,2400,2400,0,3320,75
16:15:21.793,active,15294,714,10938,16785,-6,95,59.5,57.3,No,2400,2400,0,3314,75
16:15:22.790,active,15277,770,13292,16785,-7,95,60.0,59.5,No,2400,2400,0,4930,125
16:15:23.789,active,15294,684,10494,16785,-3,95,60.6,58.6,No,2400,2400,0,5394,125
16:15:24.789,active,15271,754,11594,16785,-6,95,60.6,60.2,No,2400,2400,0,5417,125
16:15:25.789,active,15273,876,13406,16786,-4,95,61.7,58.5,No,2400,2400,0,5420,125
16:15:26.789,active,15326,504,7754,16786,-8,95,61.7,57.8,No,2400,2400,0,5410,125
16:15:27.791,active,15339,272,6848,16786,-6,95,61.7,58.7,No,2400,2400,0,5422,125
16:15:28.792,active,15326,518,7966,16786,-5,95,61.1,59.0,No,2400,2400,0,5422,125
16:15:29.793,active,15331,532,8178,16783,-9,95,61.1,58.7,No,2400,2400,0,5434,125
16:15:30.789,active,15322,412,6346,16783,-6,95,60.6,57.1,No,2400,2400,0,5431,125
16:15:31.789,active,15329,772,11824,16785,-6,95,62.2,58.5,No,2400,2400,0,5431,125
16:15:32.793,active,15311,484,11400,16785,-5,95,61.7,57.3,No,2400,2400,0,5431,125
16:15:33.789,active,15324,688,10532,16785,-5,95,62.2,57.1,No,2400,2400,0,5439,125
16:15:34.789,active,15316,502,12500,16784,-7,95,61.7,58.4,No,2400,2400,0,5436,125
16:15:35.790,active,15301,762,11670,16784,-5,95,61.7,58.1,No,2400,2400,0,5437,125
16:15:36.789,active,15307,766,11748,16783,-8,95,61.7,57.6,No,2400,2400,0,5449,125
16:15:37.789,active,15303,708,11130,16783,-9,95,61.1,59.1,No,2400,2400,0,5451,125
16:15:38.789,active,15305,656,10070,16784,-6,95,61.1,54.9,No,2400,2400,0,5460,125
16:15:39.789,active,15301,736,7562,16785,-8,95,61.7,55.0,No,2400,2400,0,5470,125
16:15:40.789,active,15309,494,7600,16784,-11,95,61.7,54.2,No,2400,2400,0,5475,125
16:15:41.789,active,15299,462,7368,16783,-11,95,61.7,54.3,No,2400,2400,0,5470,125
16:15:42.793,active,15348,484,7446,16784,-10,95,61.7,54.3,No,2400,2400,0,5476,125
16:15:43.793,active,15303,524,8064,16783,-8,95,60.6,54.0,No,2400,2400,0,5477,125
16:15:44.789,active,15264,976,11266,16784,-8,95,60.6,54.3,No,2400,2400,0,5488,125
16:15:45.789,active,15279,766,11728,16785,-6,95,61.1,54.9,No,2400,2400,0,5487,125
16:15:46.789,active,15268,824,10378,16783,-7,95,61.1,54.8,No,2400,2400,0,5495,125
16:15:47.789,active,15271,966,14796,16783,-11,95,61.1,54.0,No,2400,2400,0,5487,125
16:15:48.789,active,15277,696,10686,16784,-10,95,61.7,59.3,No,2400,2400,0,5485,125
16:15:49.791,active,15262,938,14352,16784,-9,95,61.1,59.0,No,2400,2400,0,5479,125
16:15:50.796,active,15277,700,10744,16785,-4,95,62.8,58.9,No,2400,2400,0,5490,125
16:15:51.789,active,15275,904,10898,16784,-6,95,61.7,56.8,No,2400,2400,0,5499,125
16:15:52.789,active,15271,800,12268,16784,-9,95,61.7,57.7,No,2400,2400,0,5508,125
16:15:53.792,active,15303,784,10572,16783,-9,95,62.2,54.8,No,2400,2400,0,5497,125
16:15:54.793,active,15314,484,9986,16784,-8,95,61.7,56.1,No,2400,2400,0,5502,125
16:15:55.789,active,15322,712,10918,16786,-7,95,62.8,60.7,No,2400,2400,0,5505,125
16:15:56.790,active,15316,516,11998,16785,-5,95,61.1,52.6,No,2400,2400,0,5506,125
16:15:57.795,active,15253,552,8430,16784,-3,95,61.1,51.8,No,2400,2400,0,5510,125
16:15:58.789,active,15305,988,13252,16783,-3,95,61.1,52.2,No,2400,2400,0,5506,125
16:15:59.789,active,15277,772,11806,16783,-7,95,62.2,52.4,No,2400,2400,0,5510,125
16:16:00.793,active,15309,824,12616,16784,-6,95,61.7,52.6,No,2400,2400,0,5508,125
16:16:01.789,active,15245,704,15116,16786,-3,95,62.8,51.4,No,2400,2400,0,5518,125
16:16:02.789,active,15299,712,14044,16785,-6,95,62.8,51.3,No,2400,2400,0,5517,125
16:16:03.790,active,15301,566,8700,16785,-6,95,61.1,51.3,No,2400,2400,0,5518,125
16:16:04.795,active,15296,690,10590,16784,0,95,61.7,51.5,No,2400,2400,0,5519,125
16:16:05.789,active,15299,572,8776,16783,-6,95,60.6,51.7,No,2400,2400,0,5509,125
16:16:06.789,active,15301,612,7986,16784,-5,95,61.7,52.6,No,2400,2400,0,5513,125
16:16:07.793,active,15335,382,5884,16785,0,95,61.7,51.9,No,2400,2400,0,5517,125
16:16:08.793,active,15348,502,8064,16785,-3,95,61.7,51.4,No,2400,2400,0,5513,125
16:16:09.793,active,15301,766,11768,16784,-6,95,62.8,55.7,No,2400,2400,0,5513,125
16:16:10.790,active,15307,440,6770,16783,-7,95,62.2,54.5,No,2400,2400,0,5519,125
16:16:11.789,active,15275,872,11034,16784,-7,95,61.1,53.8,No,2400,2400,0,5516,125
16:16:12.789,active,15281,784,12018,16784,-6,95,62.2,53.5,No,2400,2400,0,5531,125
16:16:13.789,active,15279,720,11440,16785,-7,95,61.7,52.8,No,2400,2400,0,5530,125
16:16:14.790,active,15305,752,11554,16786,0,95,62.8,52.0,No,2400,2400,0,5523,125
16:16:15.789,sleep,15296,450,6906,16785,-3,95,59.0,39.6,No,2400,2400,0,5534,125
16:16:16.789,sleep,15299,492,7542,16787,9,95,58.4,0.0,No,2400,2400,0,5567,125
16:16:17.789,sleep,15294,510,7832,16788,12,95,56.8,0.3,No,2400,2400,0,5574,125
16:16:18.789,sleep,15296,446,7176,16785,7,95,56.2,0.0,No,2400,2400,0,5576,125
16:16:19.789,sleep,15301,524,8044,16787,5,95,56.8,0.0,No,2400,2400,0,5573,125
16:16:20.789,sleep,15301,224,8564,16786,9,95,55.1,0.3,No,1500,2400,0,5579,125
16:16:21.789,sleep,15299,394,7318,16787,11,95,54.5,-0.0,No,1500,2400,0,5585,125
16:16:22.789,sleep,15301,286,4398,16789,15,95,54.0,0.2,No,1500,2400,0,4873,75
16:16:23.789,sleep,15305,554,6848,16788,17,95,52.9,0.3,No,1500,2400,0,3621,75
16:16:24.789,sleep,15301,298,4590,16788,15,95,52.9,0.0,No,1500,2400,0,3446,75
16:16:25.789,sleep,15301,526,8178,16788,14,95,52.9,0.3,No,1500,2400,0,3395,75
16:16:26.789,sleep,15301,550,8448,16788,14,95,51.8,-0.0,No,1500,2400,0,3408,75
16:16:27.789,sleep,15301,484,7426,16788,13,95,52.4,0.3,No,1500,2400,0,3414,75
16:16:28.789,sleep,15294,462,7098,16788,13,95,51.8,0.0,No,1500,2400,0,3407,75
16:16:29.789,sleep,15301,460,7060,16788,12,95,52.9,0.0,No,1500,2400,0,3408,75
16:16:30.791,active,15299,376,7272,16788,9,95,55.6,21.1,No,2400,2400,0,3398,75
16:16:31.791,active,15307,706,10822,16785,-11,95,56.2,54.6,No,2400,2400,0,3358,75
16:16:32.789,active,15307,486,7484,16785,-7,95,56.8,58.4,No,2400,2400,0,3337,75
16:16:33.789,active,15305,672,7870,16785,-5,95,59.0,58.9,No,2400,2400,0,3333,75
16:16:34.789,active,15352,458,7022,16785,-3,95,60.0,57.8,No,2400,2400,0,3318,75
16:16:35.789,active,15301,664,7966,16784,0,95,59.5,57.8,No,2400,2400,0,3321,75
16:16:36.791,active,15329,482,7408,16785,-5,95,59.0,58.6,No,2400,2400,0,3301,75
16:16:37.793,active,15296,272,7638,16784,0,95,59.5,58.7,No,2400,2400,0,5173,125
16:16:38.790,active,15275,948,11284,16785,-4,95,58.4,58.8,No,2400,2400,0,5422,125
16:16:39.789,active,15311,736,11304,16784,-8,95,59.5,58.1,No,2400,2400,0,5435,125
16:16:40.789,active,15281,738,11594,16785,-4,95,61.1,60.0,No,2400,2400,0,5443,125
16:16:41.789,active,15307,720,11072,16784,0,95,60.6,58.8,No,2400,2400,0,5433,125
16:16:42.789,active,15316,708,10880,16786,0,95,60.6,57.4,No,2400,2400,0,5423,125
16:16:43.789,active,15299,742,11382,16786,0,95,60.6,56.2,No,2400,2400,0,5429,125
16:16:44.793,active,15294,784,12018,16787,0,95,60.6,51.5,No,2400,2400,0,5442,125
16:16:45.790,active,15301,760,7310,16786,0,95,60.0,52.0,No,2400,2400,0,5442,125
16:16:46.789,active,15311,692,10610,16784,0,95,61.1,56.0,No,2400,2400,0,5441,125
16:16:47.789,active,15316,694,10610,16784,0,95,61.1,59.7,No,2400,2400,0,5444,125
16:16:48.793,active,15268,648,9916,16786,4,95,61.1,58.6,No,2400,2400,0,5447,125
16:16:49.789,active,15279,688,10532,16786,0,95,62.2,59.0,No,2400,2400,0,5453,125
16:16:50.789,active,15260,756,12770,16787,0,95,61.7,58.8,No,2400,2400,0,5454,125
16:16:51.793,active,15279,638,9780,16786,3,95,61.1,58.3,No,2400,2400,0,5461,125
16:16:52.793,active,15260,854,13966,16785,0,95,61.7,58.9,No,2400,2400,0,5474,125
16:16:53.789,active,15283,766,11728,16784,0,95,61.7,58.4,No,2400,2400,0,5471,125
16:16:54.789,active,15275,992,14198,16785,0,95,62.2,59.2,No,2400,2400,0,5466,125
16:16:55.793,active,15286,856,13118,16786,3,95,62.2,58.5,No,2400,2400,0,5467,125
16:16:56.789,active,15344,890,13620,16785,0,95,61.1,58.5,No,2400,2400,0,5467,125
16:16:57.790,active,15294,718,7408,16785,0,95,61.7,58.4,No,2400,2400,0,5484,125
16:16:58.793,active,15339,592,9104,16787,0,95,61.7,58.9,No,2400,2400,0,5484,125
16:16:59.794,active,15301,562,7234,16785,0,95,61.7,59.3,No,2400,2400,0,5489,125
16:17:00.789,active,15329,568,8738,16784,0,95,61.7,58.4,No,2400,2400,0,5483,125
16:17:01.789,active,15352,518,8218,16786,0,95,62.2,58.3,No,2400,2400,0,5488,125
16:17:02.789,active,15309,526,8064,16786,0,95,62.2,56.6,No,2400,2400,0,5495,125
16:17:03.789,active,15331,514,7890,16786,0,95,61.7,56.2,No,2400,2400,0,5487,125
16:17:04.791,active,15311,426,6538,16786,0,95,62.2,55.2,No,2400,2400,0,5487,125
16:17:05.793,active,15316,546,8372,16785,0,95,61.7,55.0,No,2400,2400,0,5500,125
16:17:06.789,active,15309,714,11960,16786,0,95,60.6,57.6,No,2400,2400,0,5494,125
16:17:07.789,active,15303,698,10706,16785,0,95,62.2,54.8,No,2400,2400,0,5501,125
16:17:08.789,active,15299,792,10726,16785,0,95,60.0,52.2,No,2400,2400,0,5506,125
16:17:09.793,active,15296,732,11246,16785,-3,95,61.7,51.8,No,2400,2400,0,5509,125
16:17:10.793,active,15303,748,10938,16785,0,95,61.7,51.2,No,2400,2400,0,5511,125
16:17:11.789,active,15299,738,11324,16786,0,95,61.7,51.4,No,2400,2400,0,5500,125
16:17:12.793,active,15283,826,12654,16784,0,95,62.2,53.2,No,2400,2400,0,5509,125
16:17:13.789,active,15305,736,11284,16784,0,95,61.7,53.2,No,2400,2400,0,5504,125
16:17:14.789,active,15292,766,11768,16785,0,95,61.1,55.4,No,2400,2400,0,5510,125
16:17:15.789,active,15305,692,11998,16784,0,95,61.7,53.5,No,2400,2400,0,5511,125
16:17:16.793,active,15256,808,12346,16785,0,95,62.2,53.0,No,2400,2400,0,5510,125
16:17:17.789,active,15253,614,11844,16785,-3,95,61.7,53.7,No,2400,2400,0,5513,125
16:17:18.789,active,15266,882,13504,16785,0,95,62.2,55.1,No,2400,2400,0,5508,125
16:17:19.790,active,15271,718,13870,16785,0,95,61.1,51.4,No,2400,2400,0,5515,125
16:17:20.789,active,15283,724,11092,16785,-6,95,61.1,53.7,No,2400,2400,0,5518,125
16:17:21.789,active,15241,1022,14854,16784,-6,95,61.1,54.8,No,2400,2400,0,5514,125
16:17:22.789,active,15256,972,14854,16786,3,95,62.8,52.3,No,2400,2400,0,5523,125
16:17:23.793,active,15241,902,13792,16784,0,95,62.2,51.6,No,2400,2400,0,5524,125
16:17:24.789,active,15354,532,7330,16786,0,95,61.7,51.3,No,2400,2400,0,5529,125
16:17:25.789,active,15341,562,8642,16786,0,95,61.7,52.0,No,2400,2400,0,5524,125
16:17:26.790,active,15357,404,8102,16786,0,95,61.1,56.0,No,2400,2400,0,5519,125
16:17:27.789,active,15296,782,11980,16785,0,95,61.7,54.0,No,2400,2400,0,5518,125
16:17:28.789,active,15348,518,7948,16786,0,95,61.1,53.0,No,2400,2400,0,5529,125
16:17:29.793,active,15324,480,7388,16786,0,95,61.7,52.6,No,2400,2400,0,5520,125
16:17:30.789,sleep,15303,522,8006,16786,0,95,60.0,42.2,No,2400,2400,0,5528,125
16:17:31.789,sleep,15301,494,7562,16788,10,95,57.9,0.0,No,2400,2400,0,5566,125
16:17:32.789,sleep,15301,474,7272,16789,10,95,57.3,-0.0,No,2400,2400,0,5573,125
16:17:33.789,sleep,15299,482,7408,16787,11,95,57.9,0.2,No,2400,2400,0,5571,125
16:17:34.789,sleep,15296,550,8430,16788,14,95,56.2,0.0,No,2400,2400,0,5577,125
16:17:35.789,sleep,15292,446,7966,16789,16,95,55.1,0.3,No,1500,2400,0,5580,125
16:17:36.789,sleep,15299,388,5940,16789,19,95,54.5,-0.0,No,1500,2400,0,5587,125
16:17:37.789,sleep,15301,308,4398,16790,18,95,53.5,0.3,No,1500,2400,0,4306,75
16:17:38.789,sleep,15296,424,6500,16790,19,95,54.0,-0.0,No,1500,2400,0,3552,75
16:17:39.789,sleep,15294,486,7446,16789,19,95,52.4,0.0,No,1500,2400,0,3441,75
16:17:40.789,sleep,15294,312,4784,16789,22,95,52.9,0.0,No,1500,2400,0,3419,75
16:17:41.789,sleep,15294,446,6828,16789,18,95,52.4,0.2,No,1500,2400,0,3419,75
16:17:42.789,sleep,15294,434,5118,16790,21,95,51.8,0.0,No,1500,2400,0,3422,75
16:17:43.789,sleep,15299,572,8758,16790,21,95,52.4,0.3,No,1500,2400,0,3405,75
16:17:44.789,sleep,15296,496,7330,16791,22,95,51.8,-0.0,No,1500,2400,0,3389,75
16:17:45.793,active,15292,730,11208,16789,13,95,54.5,18.0,No,2400,2400,0,3381,75
16:17:46.789,active,15260,712,10898,16785,-7,95,56.8,58.6,No,2400,2400,0,3337,75
16:17:47.789,active,15258,686,10494,16785,-6,95,57.3,58.2,No,2400,2400,0,3338,75
16:17:48.789,active,15271,680,10416,16785,-4,95,58.4,58.2,No,2400,2400,0,3337,75
16:17:49.789,active,15268,756,11594,16786,0,95,59.5,59.2,No,2400,2400,0,3318,75
16:17:50.789,active,15253,712,10898,16787,-3,95,59.5,58.1,No,2400,2400,0,3316,75
16:17:51.789,active,15268,690,13388,16785,-3,95,61.1,59.7,No,2400,2400,0,3312,75
16:17:52.792,active,15299,758,11632,16785,0,95,61.1,59.3,No,2400,2400,0,3580,125
16:17:53.791,active,15299,642,9838,16785,-4,95,60.6,58.1,No,2400,2400,0,5287,125
16:17:54.790,active,15292,732,11246,16786,-4,95,60.6,60.6,No,2400,2400,0,5423,125
16:17:55.789,active,15303,458,7040,16785,-3,95,60.0,58.7,No,2400,2400,0,5429,125
16:17:56.789,active,15305,508,7638,16785,0,95,61.7,58.7,No,2400,2400,0,5424,125
16:17:57.789,active,15294,522,8024,16785,0,95,61.7,57.1,No,2400,2400,0,5417,125
16:17:58.789,active,15331,500,7870,16786,0,95,61.1,57.7,No,2400,2400,0,5422,125
16:17:59.789,active,15314,566,8700,16786,0,95,62.2,54.9,No,2400,2400,0,5423,125
16:18:00.793,active,15316,528,8410,16786,0,95,61.7,54.4,No,2400,2400,0,5433,125
16:18:01.794,active,15301,762,10784,16787,3,95,60.6,56.0,No,2400,2400,0,5442,125
16:18:02.789,active,15307,744,11440,16785,0,95,61.7,59.5,No,2400,2400,0,5442,125
16:18:03.789,active,15286,714,11632,16785,0,95,62.8,60.0,No,2400,2400,0,5440,125
16:18:04.789,active,15305,744,11440,16785,0,95,62.2,58.7,No,2400,2400,0,5445,125
16:18:05.789,active,15307,702,10764,16785,-3,95,61.7,57.9,No,2400,2400,0,5450,125
16:18:06.793,active,15303,736,11284,16785,0,95,61.7,58.5,No,2400,2400,0,5449,125
16:18:07.793,active,15309,708,10880,16785,0,95,61.1,59.5,No,2400,2400,0,5440,125
16:18:08.790,active,15305,776,11420,16785,0,95,61.1,58.8,No,2400,2400,0,5457,125
16:18:09.789,active,15307,770,11806,16786,0,95,61.1,58.4,No,2400,2400,0,5460,125
16:18:10.792,active,15314,756,11594,16785,0,95,62.8,59.9,No,2400,2400,0,5465,125
16:18:11.793,active,15268,684,10474,16786,0,95,62.8,58.5,No,2400,2400,0,5458,125
16:18:12.789,active,15266,756,11574,16787,0,95,62.2,58.2,No,2400,2400,0,5483,125
16:18:13.789,active,15256,818,12520,16785,0,95,62.8,58.0,No,2400,2400,0,5475,125
16:18:14.790,active,15279,946,14488,16785,0,95,61.7,55.6,No,2400,2400,0,5483,125
16:18:15.789,active,15268,850,11208,16786,0,95,60.6,54.7,No,2400,2400,0,5483,125
16:18:16.793,active,15258,744,11420,16785,0,95,62.2,55.4,No,2400,2400,0,5494,125
16:18:17.789,active,15271,872,11342,16786,-3,95,62.2,59.2,No,2400,2400,0,5490,125
16:18:18.793,active,15262,966,14796,16786,0,95,61.7,54.2,No,2400,2400,0,5493,125
16:18:19.789,active,15359,514,7890,16786,0,95,62.2,53.1,No,2400,2400,0,5498,125
16:18:20.790,active,15350,544,8102,16786,0,95,62.2,51.4,No,2400,2400,0,5492,125
16:18:21.789,active,15294,526,8082,16784,0,95,62.2,56.4,No,2400,2400,0,5489,125
16:18:22.789,active,15346,438,8082,16783,-3,95,61.7,53.4,No,2400,2400,0,5497,125
16:18:23.789,active,15316,556,8546,16785,-4,95,62.2,56.7,No,2400,2400,0,5496,125
16:18:24.789,active,15335,460,5556,16785,0,95,62.2,52.4,No,2400,2400,0,5501,125
16:18:25.793,active,15320,454,6982,16784,0,95,63.4,51.6,No,2400,2400,0,5505,125
16:18:26.789,active,15318,522,8738,16783,-7,95,62.2,51.3,No,2400,2400,0,5509,125
16:18:27.789,active,15311,502,7716,16784,-5,95,61.7,51.1,No,2400,2400,0,5510,125
16:18:28.790,active,15279,686,10532,16784,-3,95,61.1,51.4,No,2400,2400,0,5510,125
16:18:29.789,active,15301,778,12038,16785,0,95,62.2,51.9,No,2400,2400,0,5511,125
16:18:30.789,active,15299,766,11768,16783,0,95,61.1,54.6,No,2400,2400,0,5511,125
16:18:31.792,active,15301,670,11594,16785,-4,95,62.2,52.0,No,2400,2400,0,5522,125
16:18:32.793,active,15299,766,11768,16784,-3,95,62.2,51.7,No,2400,2400,0,5518,125
16:18:33.789,active,15303,752,11304,16784,-3,95,62.2,51.3,No,2400,2400,0,5516,125
16:18:34.789,active,15299,724,11112,16784,0,95,61.1,51.3,No,2400,2400,0,5519,125
16:18:35.790,active,15303,604,9278,16785,0,95,61.1,51.4,No,2400,2400,0,5522,125
16:18:36.789,active,15296,718,11014,16786,0,95,61.7,51.8,No,2400,2400,0,5518,125
16:18:37.789,active,15245,794,7948,16785,0,95,61.7,52.4,No,2400,2400,0,5519,125
16:18:38.790,active,15253,614,13136,16784,0,95,62.2,52.0,No,2400,2400,0,5516,125
16:18:39.790,active,15256,864,13214,16786,0,95,62.2,51.7,No,2400,2400,0,5516,125
16:18:40.790,active,15279,794,12134,16786,0,95,62.2,53.7,No,2400,2400,0,5517,125
16:18:41.793,active,15260,860,13156,16786,0,95,62.8,54.3,No,2400,2400,0,5520,125
16:18:42.790,active,15247,950,14546,16785,0,95,61.7,53.3,No,2400,2400,0,5510,125
16:18:43.789,active,15268,690,10552,16785,0,95,62.2,56.1,No,2400,2400,0,5526,125
16:18:44.790,active,15266,896,13734,16785,0,95,62.8,58.3,No,2400,2400,0,5528,125
16:18:45.789,sleep,15292,554,8488,16786,0,95,60.0,50.5,No,2400,2400,0,5534,125
16:18:46.789,sleep,15290,486,7466,16789,13,95,57.9,0.0,No,2400,2400,0,5547,125
16:18:47.789,sleep,15301,516,7928,16790,19,95,57.9,0.0,No,2400,2400,0,5564,125
16:18:48.789,sleep,15296,502,7696,16790,16,95,56.2,-0.0,No,2400,2400,0,5574,125
16:18:49.789,sleep,15292,552,8468,16789,17,95,56.8,0.2,No,2400,2400,0,5571,125
16:18:50.789,sleep,15294,492,6518,16787,14,95,55.6,0.3,No,1500,2400,0,5564,125
16:18:51.789,sleep,15290,376,5748,16789,19,95,54.5,0.3,No,1500,2400,0,3939,75
16:18:52.789,sleep,15292,358,5150,16790,21,95,54.5,0.0,No,1500,2400,0,3505,75
16:18:53.789,sleep,15292,390,5998,16790,21,95,54.0,0.3,No,1500,2400,0,3439,75
16:18:54.789,sleep,15299,548,8892,16789,20,95,53.5,0.3,No,1500,2400,0,3422,75
16:18:55.789,sleep,15299,522,8006,16789,18,95,53.5,-0.0,No,1500,2400,0,3419,75
16:18:56.789,sleep,15292,540,8276,16789,19,95,51.8,0.0,No,1500,2400,0,3418,75
16:18:57.789,sleep,15294,342,4976,16789,17,95,52.4,0.5,No,1500,2400,0,3401,75
16:18:58.789,sleep,15292,402,6172,16789,15,95,52.4,-0.0,No,1500,2400,0,3389,75
16:18:59.789,sleep,15294,346,4474,16790,17,95,51.8,0.3,No,1500,2400,0,3390,75
16:19:00.793,active,15299,602,9220,16790,17,95,54.5,13.5,No,2400,2400,0,3382,75
16:19:01.789,active,15299,658,10744,16785,0,95,56.8,58.2,No,2400,2400,0,3338,75
16:19:02.796,active,15305,676,10378,16785,0,95,57.3,58.2,No,2400,2400,0,3326,75
16:19:03.790,active,15305,710,10898,16785,-4,95,57.9,58.4,No,2400,2400,0,3320,75
16:19:04.793,active,15314,714,10956,16786,-3,95,59.0,58.2,No,2400,2400,0,3313,75
16:19:05.793,active,15271,700,10726,16786,-7,95,60.0,60.4,No,2400,2400,0,3296,75
16:19:06.793,active,15256,720,11458,16787,-5,95,59.5,58.1,No,2400,2400,0,4508,125
16:19:07.789,active,15275,580,8892,16786,-3,95,60.6,58.1,No,2400,2400,0,5369,125
16:19:08.790,active,15264,1004,13484,16785,-4,95,61.7,57.8,No,2400,2400,0,5422,125
16:19:09.794,active,15288,656,10070,16784,-6,95,60.6,58.3,No,2400,2400,0,5427,125
16:19:10.789,active,15264,842,12886,16785,-4,95,60.6,59.6,No,2400,2400,0,5422,125
16:19:11.789,active,15283,760,11632,16786,0,95,61.1,58.7,No,2400,2400,0,5422,125
16:19:12.789,active,15277,948,14488,16786,0,95,61.7,60.0,No,2400,2400,0,5421,125
16:19:13.789,active,15268,844,10876,16786,0,95,62.2,58.7,No,2400,2400,0,5430,125
16:19:14.789,active,15331,522,8024,16786,-4,95,61.7,56.3,No,2400,2400,0,5431,125
16:19:15.792,active,15294,524,8064,16785,-3,95,61.1,54.8,No,2400,2400,0,5438,125
16:19:16.793,active,15341,464,7156,16785,0,95,61.1,58.5,No,2400,2400,0,5438,125
16:19:17.789,active,15314,490,7522,16785,-3,95,61.1,58.8,No,2400,2400,0,5439,125
16:19:18.789,active,15329,544,8352,16785,-4,95,61.1,60.0,No,2400,2400,0,5445,125
16:19:19.793,active,15357,568,8718,16785,-4,95,62.2,58.5,No,2400,2400,0,5448,125
16:19:20.789,active,15311,502,7832,16785,-4,95,61.7,58.6,No,2400,2400,0,5451,125
16:19:21.789,active,15318,492,7542,16785,0,95,62.2,57.9,No,2400,2400,0,5454,125
16:19:22.794,active,15318,508,11342,16785,0,95,62.2,59.5,No,2400,2400,0,5461,125
16:19:23.790,active,15311,784,11506,16786,0,95,62.8,59.0,No,2400,2400,0,5460,125
16:19:24.789,active,15309,678,10378,16786,0,95,61.7,57.7,No,2400,2400,0,5471,125
16:19:25.789,active,15301,702,10764,16784,0,95,62.2,54.8,No,2400,2400,0,5471,125
16:19:26.789,active,15301,704,10802,16787,5,95,61.1,55.4,No,2400,2400,0,5472,125
16:19:27.789,active,15301,752,8584,16786,0,95,62.2,54.3,No,2400,2400,0,5481,125
16:19:28.793,active,15292,704,10802,16787,0,95,62.2,54.4,No,2400,2400,0,5483,125
16:19:29.793,active,15296,730,9008,16786,0,95,61.7,57.5,No,2400,2400,0,5491,125
16:19:30.795,active,15299,712,10898,16787,0,95,61.1,52.8,No,2400,2400,0,5483,125
16:19:31.789,active,15292,724,7890,16785,0,95,61.1,51.7,No,2400,2400,0,5488,125
16:19:32.792,active,15301,750,11516,16784,0,95,62.2,54.0,No,2400,2400,0,5492,125
16:19:33.792,active,15262,864,13234,16787,0,95,62.8,58.5,No,2400,2400,0,5487,125
16:19:34.793,active,15264,926,11940,16787,0,95,61.7,52.0,No,2400,2400,0,5495,125
16:19:35.789,active,15264,770,11768,16788,3,95,61.7,51.8,No,2400,2400,0,5497,125
16:19:36.790,active,15268,860,11922,16787,3,95,62.2,53.5,No,2400,2400,0,5501,125
16:19:37.790,active,15277,848,12982,16785,0,95,60.0,53.4,No,2400,2400,0,5498,125
16:19:38.789,active,15258,902,12114,16785,0,95,61.1,52.6,No,2400,2400,0,5502,125
16:19:39.789,active,15264,946,14488,16785,0,95,61.7,53.4,No,2400,2400,0,5498,125
16:19:40.789,active,15277,802,14642,16786,0,95,61.7,54.8,No,2400,2400,0,5504,125
16:19:41.789,active,15337,934,14276,16787,0,95,63.4,54.6,No,2400,2400,0,5504,125
16:19:42.789,active,15292,516,7928,16785,0,95,61.7,54.6,No,2400,2400,0,5504,125
16:19:43.790,active,15301,530,7446,16785,0,95,62.2,52.4,No,2400,2400,0,5505,125
16:19:44.794,active,15311,516,7908,16786,0,95,61.1,52.4,No,2400,2400,0,5511,125
16:19:45.789,active,15318,504,8776,16786,0,95,61.1,52.7,No,2400,2400,0,5517,125
16:19:46.789,active,15314,482,7388,16785,0,95,61.7,53.5,No,2400,2400,0,5517,125
16:19:47.790,active,15322,522,7176,16785,0,95,61.7,52.3,No,2400,2400,0,5514,125
16:19:48.793,active,15316,514,7890,16786,0,95,62.2,51.3,No,2400,2400,0,5519,125
16:19:49.789,active,15311,492,7562,16785,0,95,63.4,51.3,No,2400,2400,0,5517,125
16:19:50.790,active,15309,546,8392,16785,0,95,61.1,51.4,No,2400,2400,0,5519,125
16:19:51.794,active,15299,718,11014,16786,0,95,60.6,51.9,No,2400,2400,0,5516,125
16:19:52.789,active,15299,738,13310,16788,3,95,61.1,52.9,No,2400,2400,0,5512,125
16:19:53.789,active,15294,678,10378,16787,0,95,61.7,52.2,No,2400,2400,0,5525,125
16:19:54.790,active,15296,742,10880,16786,0,95,61.7,52.2,No,2400,2400,0,5517,125
16:19:55.793,active,15296,714,10956,16785,0,95,62.2,51.3,No,2400,2400,0,5518,125
16:19:56.790,active,15309,724,11112,16785,0,95,61.1,52.0,No,2400,2400,0,5522,125
16:19:57.793,active,15301,722,11072,16785,0,95,61.7,56.9,No,2400,2400,0,5518,125
16:19:58.795,active,15303,690,10572,16784,-5,95,61.7,56.0,No,2400,2400,0,5528,125
16:19:59.789,active,15301,768,11274,16786,0,95,61.7,56.9,No,2400,2400,0,5522,125
16:20:00.789,sleep,15258,856,13098,16787,0,95,60.0,51.9,No,2400,2400,0,5528,125
16:20:01.789,sleep,15303,482,7408,16788,12,95,57.9,0.3,No,2400,2400,0,5563,125
16:20:02.789,sleep,15294,490,7504,16788,12,95,57.9,0.3,No,2400,2400,0,5572,125
16:20:03.789,sleep,15301,518,7948,16787,9,95,56.8,-0.0,No,2400,2400,0,5577,125
16:20:04.789,sleep,15290,552,7424,16788,8,95,56.8,0.3,No,2400,2400,0,5569,125
16:20:05.789,sleep,15294,556,8546,16788,7,95,55.6,0.0,No,2400,2400,0,5580,125
16:20:06.789,sleep,15294,390,8082,16789,11,95,55.6,0.3,No,1500,2400,0,5548,75
16:20:07.789,sleep,15303,348,5342,16788,14,95,54.0,0.0,No,1500,2400,0,3759,75
16:20:08.789,sleep,15296,512,5768,16789,13,95,54.0,0.2,No,1500,2400,0,3477,75
16:20:09.789,sleep,15299,366,5632,16788,14,95,52.4,-0.0,No,1500,2400,0,3426,75
16:20:10.789,sleep,15296,414,6346,16788,13,95,52.9,0.0,No,1500,2400,0,3422,75
16:20:11.789,sleep,15296,430,5516,16788,13,95,52.4,0.3,No,1500,2400,0,3412,75
16:20:12.789,sleep,15301,328,5034,16788,11,95,52.4,0.0,No,1500,2400,0,3415,75
16:20:13.789,sleep,15290,498,8082,16789,14,95,52.4,-0.0,No,1500,2400,0,3399,75
16:20:14.789,sleep,15301,412,6326,16789,12,95,51.8,0.2,No,1500,2400,0,3388,75
16:20:15.792,active,15303,636,9336,16789,16,95,55.1,10.0,No,2400,2400,0,3386,75
16:20:16.789,active,15307,522,8006,16784,-3,95,56.2,53.8,No,2400,2400,0,3350,75
16:20:17.789,active,15309,668,10244,16785,-3,95,56.8,51.6,No,2400,2400,0,3317,75
16:20:18.793,active,15303,688,10668,16785,0,95,57.9,52.0,No,2400,2400,0,3326,75
16:20:19.789,active,15305,666,10224,16788,0,95,57.9,55.5,No,2400,2400,0,3312,75
16:20:20.789,active,15299,692,11786,16787,0,95,59.5,60.8,No,2400,2400,0,3298,75
16:20:21.793,active,15301,708,10860,16788,4,95,59.5,58.8,No,2400,2400,0,3305,75
16:20:22.789,active,15303,726,10784,16787,0,95,60.0,58.2,No,2400,2400,0,3293,75
16:20:23.789,active,15301,660,10128,16785,0,95,60.6,58.5,No,2400,2400,0,4887,125
16:20:24.795,active,15305,684,10514,16785,0,95,61.1,59.1,No,2400,2400,0,5394,125
16:20:25.789,active,15303,688,10552,16785,0,95,60.0,58.7,No,2400,2400,0,5426,125
16:20:26.789,active,15305,794,12152,16785,-4,95,60.6,59.1,No,2400,2400,0,5422,125
16:20:27.789,active,15256,960,13620,16786,0,95,61.1,59.2,No,2400,2400,0,5422,125
16:20:28.789,active,15286,764,11710,16785,-6,95,60.6,59.0,No,2400,2400,0,5422,125
16:20:29.789,active,15266,796,12192,16785,-4,95,61.7,58.9,No,2400,2400,0,5420,125
16:20:30.792,active,15283,780,13752,16786,0,95,62.2,59.1,No,2400,2400,0,5422,125
16:20:31.793,active,15264,744,11382,16784,-4,95,61.7,58.0,No,2400,2400,0,5433,125
16:20:32.792,active,15273,848,11382,16786,-3,95,61.7,59.9,No,2400,2400,0,5432,125
16:20:33.789,active,15264,966,14776,16785,-4,95,60.6,58.7,No,2400,2400,0,5433,125
16:20:34.789,active,15275,766,11806,16785,-3,95,62.2,58.8,No,2400,2400,0,5441,125
16:20:35.793,active,15283,866,13252,16784,-5,95,61.7,57.6,No,2400,2400,0,5444,125
16:20:36.789,active,15348,520,8006,16785,0,95,62.2,55.7,No,2400,2400,0,5457,125
16:20:37.789,active,15322,542,7600,16785,0,95,61.7,55.5,No,2400,2400,0,5454,125
16:20:38.790,active,15314,486,7484,16787,0,95,61.1,54.6,No,2400,2400,0,5451,125
16:20:39.791,active,15320,558,6906,16787,-3,95,61.1,58.5,No,2400,2400,0,5460,125
16:20:40.789,active,15309,518,7948,16786,0,95,61.1,58.1,No,2400,2400,0,5459,125
16:20:41.789,active,15311,456,7002,16785,-5,95,60.6,52.0,No,2400,2400,0,5472,125
16:20:42.791,active,15303,484,7446,16784,0,95,61.1,52.0,No,2400,2400,0,5477,125
16:20:43.793,active,15316,696,10686,16785,0,95,61.7,51.5,No,2400,2400,0,5479,125
16:20:44.789,active,15305,492,11652,16785,0,95,60.6,51.3,No,2400,2400,0,5477,125
16:20:45.790,active,15296,740,11362,16785,0,95,60.6,51.1,No,2400,2400,0,5484,125
16:20:46.795,active,15301,664,10186,16785,0,95,61.1,51.5,No,2400,2400,0,5488,125
16:20:47.789,active,15294,714,7678,16785,0,95,61.7,51.5,No,2400,2400,0,5489,125
16:20:48.790,active,15299,690,10572,16785,0,95,62.2,53.5,No,2400,2400,0,5483,125
16:20:49.793,active,15296,804,7368,16786,0,95,62.2,52.7,No,2400,2400,0,5493,125
16:20:50.789,active,15303,754,11554,16785,-4,95,62.2,51.8,No,2400,2400,0,5494,125
16:20:51.789,active,15296,656,8410,16786,-4,95,61.7,53.7,No,2400,2400,0,5490,125
16:20:52.793,active,15299,774,11864,16785,0,95,61.1,52.7,No,2400,2400,0,5497,125
16:20:53.790,active,15301,640,9818,16786,0,95,61.7,53.7,No,2400,2400,0,5499,125
16:20:54.789,active,15260,864,11112,16786,0,95,61.1,53.0,No,2400,2400,0,5496,125
16:20:55.789,active,15262,972,14854,16787,0,95,61.7,55.3,No,2400,2400,0,5500,125
16:20:56.789,active,15264,878,10572,16786,0,95,62.8,54.8,No,2400,2400,0,5505,125
16:20:57.789,active,15283,820,12558,16786,0,95,61.1,53.2,No,2400,2400,0,5502,125
16:20:58.790,active,15262,688,10552,16785,0,95,62.8,52.3,No,2400,2400,0,5505,125
16:20:59.793,active,15275,946,14468,16784,0,95,61.1,53.2,No,2400,2400,0,5503,125
16:21:00.789,active,15268,682,10456,16786,0,95,62.2,53.8,No,2400,2400,0,5506,125
16:21:01.789,active,15279,966,10996,16786,0,95,61.7,54.9,No,2400,2400,0,5510,125
16:21:02.789,active,15273,736,11284,16787,3,95,61.7,52.6,No,2400,2400,0,5513,125
16:21:03.790,active,15322,496,7600,16786,3,95,61.7,52.0,No,2400,2400,0,5517,125
16:21:04.789,active,15314,488,7484,16785,0,95,61.1,51.3,No,2400,2400,0,5517,125
16:21:05.793,active,15316,520,7986,16787,0,95,62.2,54.3,No,2400,2400,0,5514,125
16:21:06.793,active,15316,510,9858,16787,0,95,61.7,58.1,No,2400,2400,0,5517,125
16:21:07.789,active,15314,466,7156,16788,0,95,62.2,55.8,No,2400,2400,0,5515,125
16:21:08.789,active,15318,510,11170,16786,0,95,62.8,58.2,No,2400,2400,0,5514,125
16:21:09.789,active,15311,830,12732,16786,0,95,63.4,57.0,No,2400,2400,0,5519,125
16:21:10.789,active,15303,740,11342,16785,0,95,62.8,56.5,No,2400,2400,0,5518,125
16:21:11.791,active,15262,606,9278,16787,4,95,62.8,57.8,No,2400,2400,0,5522,125
16:21:12.789,active,15301,676,10378,16787,3,95,62.2,58.2,No,2400,2400,0,5520,125
16:21:13.797,active,15305,736,10956,16787,0,95,61.7,55.8,No,2400,2400,0,5520,125
16:21:14.789,active,15296,778,11922,16786,0,95,62.2,57.4,No,2400,2400,0,5521,125
16:21:15.789,sleep,15299,696,10668,16785,0,95,62.8,58.1,No,2400,2400,0,5518,125
16:21:16.789,sleep,15296,510,7832,16787,13,95,59.5,-0.0,No,2400,2400,0,5572,125
16:21:17.789,sleep,15301,414,6366,16789,17,95,57.3,0.0,No,2400,2400,0,5572,125
16:21:18.789,sleep,15292,498,8082,16789,13,95,56.8,0.0,No,2400,2400,0,5575,125
16:21:19.789,sleep,15299,524,8044,16789,12,95,56.8,0.0,No,2400,2400,0,5575,125
16:21:20.789,sleep,15299,522,7966,16788,9,95,55.1,0.3,No,2400,2400,0,5568,125
16:21:21.789,sleep,15292,426,7032,16788,12,95,54.5,0.0,No,1500,2400,0,5586,125
16:21:22.789,sleep,15299,394,6056,16788,15,95,54.5,0.3,No,1500,2400,0,4899,75
16:21:23.789,sleep,15301,492,6268,16790,15,95,54.0,0.0,No,1500,2400,0,3648,75
16:21:24.789,sleep,15290,424,6500,16790,14,95,53.5,0.3,No,1500,2400,0,3454,75
16:21:25.789,sleep,15294,354,8314,16789,10,95,52.9,0.3,No,1500,2400,0,3427,75
16:21:26.789,sleep,15296,612,9374,16790,13,95,52.9,0.5,No,1500,2400,0,3419,75
16:21:27.789,sleep,15292,494,7580,16789,15,95,52.4,0.0,No,1500,2400,0,3407,75
16:21:28.789,sleep,15292,516,9444,16788,16,95,51.8,-0.0,No,1500,2400,0,3412,75
16:21:29.789,sleep,15303,336,5150,16788,11,95,51.2,0.5,No,1500,2400,0,3397,75
16:21:30.792,active,15296,578,8874,16789,14,95,52.4,2.3,No,1500,2400,0,3394,75
16:21:31.789,active,15314,434,6674,16785,-5,95,56.8,62.4,No,2400,2400,0,3341,75
16:21:32.789,active,15309,682,10436,16784,-8,95,57.3,58.4,No,2400,2400,0,3328,75
16:21:33.793,active,15318,568,11170,16785,-5,95,57.9,58.1,No,2400,2400,0,3332,75
16:21:34.789,active,15260,702,10744,16786,0,95,57.3,59.4,No,2400,2400,0,3326,75
16:21:35.789,active,15294,670,10842,16785,-4,95,59.0,58.7,No,2400,2400,0,3317,75
16:21:36.789,active,15253,756,11574,16787,-3,95,60.0,59.7,No,2400,2400,0,3319,75
16:21:37.789,active,15253,724,11072,16786,0,95,60.6,58.4,No,2400,2400,0,3307,75
16:21:38.789,active,15264,750,11458,16785,0,95,61.1,58.9,No,2400,2400,0,5152,125
16:21:39.792,active,15294,720,11054,16786,0,95,61.1,58.7,No,2400,2400,0,5431,125
16:21:40.790,active,15299,738,8024,16787,0,95,61.7,58.4,No,2400,2400,0,5436,125
16:21:41.791,active,15303,600,9202,16785,-4,95,60.6,59.3,No,2400,2400,0,5428,125
16:21:42.789,active,15301,464,7156,16784,-8,95,60.0,58.1,No,2400,2400,0,5430,125
16:21:43.793,active,15341,504,7754,16784,-4,95,61.7,59.2,No,2400,2400,0,5426,125
16:21:44.793,active,15292,504,7736,16785,-4,95,61.7,58.8,No,2400,2400,0,5431,125
16:21:45.789,active,15329,484,6790,16785,-3,95,61.1,58.4,No,2400,2400,0,5434,125
16:21:46.789,active,15296,520,8006,16786,0,95,62.2,57.7,No,2400,2400,0,5444,125
16:21:47.790,active,15324,496,7966,16785,0,95,61.1,56.7,No,2400,2400,0,5443,125
16:21:48.789,active,15311,612,9394,16785,-3,95,61.1,54.4,No,2400,2400,0,5450,125
16:21:49.789,active,15292,770,11786,16786,0,95,60.6,56.7,No,2400,2400,0,5449,125
16:21:50.789,active,15305,726,11642,16786,0,95,61.1,55.5,No,2400,2400,0,5460,125
16:21:51.789,active,15273,712,10918,16786,0,95,61.7,56.1,No,2400,2400,0,5462,125
16:21:52.789,active,15307,760,11458,16787,0,95,61.7,53.7,No,2400,2400,0,5465,125
16:21:53.790,active,15301,740,11362,16786,0,95,61.1,51.8,No,2400,2400,0,5468,125
16:21:54.793,active,15299,732,10610,16785,-4,95,61.7,51.3,No,2400,2400,0,5462,125
16:21:55.789,active,15301,688,10552,16785,0,95,61.1,51.2,No,2400,2400,0,5477,125
16:21:56.789,active,15299,708,10860,16784,0,95,61.7,51.9,No,2400,2400,0,5475,125
16:21:57.789,active,15309,480,12712,16786,0,95,61.1,53.5,No,2400,2400,0,5484,125
16:21:58.789,active,15243,882,13464,16787,0,95,61.7,51.9,No,2400,2400,0,5486,125
16:21:59.789,active,15311,998,13754,16785,0,95,62.2,51.1,No,2400,2400,0,5483,125
16:22:00.791,active,15234,784,11980,16785,0,95,61.1,51.7,No,2400,2400,0,5489,125
16:22:01.793,active,15307,966,14776,16784,-4,95,61.1,53.1,No,2400,2400,0,5482,125
16:22:02.789,active,15266,792,12114,16784,-3,95,60.6,52.2,No,2400,2400,0,5491,125
16:22:03.789,active,15256,922,14082,16786,0,95,61.1,53.5,No,2400,2400,0,5490,125
16:22:04.789,active,15264,910,11112,16786,0,95,61.7,54.5,No,2400,2400,0,5491,125
16:22:05.789,active,15281,728,11170,16785,0,95,62.8,56.0,No,2400,2400,0,5491,125
16:22:06.792,active,15299,798,14410,16786,0,95,62.2,53.2,No,2400,2400,0,5493,125
16:22:07.790,active,15357,512,7600,16787,5,95,62.2,52.2,No,2400,2400,0,5502,125
16:22:08.793,active,15318,504,7754,16786,3,95,61.7,53.7,No,2400,2400,0,5497,125
16:22:09.789,active,15352,506,8120,16787,6,95,60.6,52.8,No,2400,2400,0,5511,125
16:22:10.789,active,15318,504,7754,16786,0,95,61.7,53.5,No,2400,2400,0,5511,125
16:22:11.789,active,15322,492,7542,16787,0,95,61.7,52.6,No,2400,2400,0,5510,125
16:22:12.790,active,15322,472,7252,16786,-5,95,62.2,51.8,No,2400,2400,0,5509,125
16:22:13.789,active,15318,510,7832,16785,0,95,61.7,51.4,No,2400,2400,0,5510,125
16:22:14.793,active,15350,526,9568,16785,0,95,62.2,52.0,No,2400,2400,0,5513,125
16:22:15.790,active,15307,716,10976,16787,0,95,61.1,53.3,No,2400,2400,0,5512,125
16:22:16.789,active,15277,718,11014,16786,0,95,61.7,57.3,No,2400,2400,0,5516,125
16:22:17.789,active,15303,668,11524,16785,-8,95,61.1,57.7,No,2400,2400,0,5513,125
16:22:18.793,active,15301,700,10726,16784,-3,95,61.7,56.2,No,2400,2400,0,5513,125
16:22:19.793,active,15303,726,11266,16784,-4,95,62.8,55.9,No,2400,2400,0,5516,125
16:22:20.789,active,15294,712,10918,16786,0,95,62.8,57.5,No,2400,2400,0,5516,125
16:22:21.790,active,15301,764,11768,16786,0,95,62.2,55.4,No,2400,2400,0,5516,125
16:22:22.794,active,15296,752,11536,16785,0,95,60.6,57.0,No,2400,2400,0,5520,125
16:22:23.789,active,15299,664,10186,16786,0,95,61.7,57.2,No,2400,2400,0,5524,125
16:22:24.789,active,15273,710,11998,16785,0,95,62.8,57.0,No,2400,2400,0,5515,125
16:22:25.789,active,15268,810,12404,16785,0,95,63.4,57.2,No,2400,2400,0,5511,125
16:22:26.789,active,15271,940,12654,16786,0,95,62.8,59.2,No,2400,2400,0,5520,125
16:22:27.791,active,15253,720,11034,16787,0,95,63.9,57.3,No,2400,2400,0,5519,125
16:22:28.789,active,15271,802,12308,16787,0,95,62.8,57.2,No,2400,2400,0,5519,125
16:22:29.789,active,15286,854,13354,16786,0,95,62.2,58.8,No,2400,2400,0,5514,125
16:22:30.789,active,15273,854,13078,16786,0,95,62.8,59.3,No,2400,2400,0,5516,125
16:22:31.789,sleep,15290,534,8506,16788,12,95,59.0,4.2,No,2400,2400,0,5568,125
16:22:32.789,sleep,15294,496,7620,16789,17,95,57.9,0.0,No,2400,2400,0,5573,125
16:22:33.789,sleep,15299,512,7850,16789,11,95,57.3,0.0,No,2400,2400,0,5567,125
16:22:34.789,sleep,15294,516,7160,16789,11,95,56.2,0.0,No,2400,2400,0,5569,125
16:22:35.789,sleep,15305,468,7176,16789,11,95,56.2,0.2,No,2400,2400,0,5572,125
16:22:36.789,sleep,15294,404,6906,16789,13,95,55.1,0.3,No,1500,2400,0,5578,125
16:22:37.789,sleep,15294,486,7446,16790,21,95,54.0,-0.0,No,1500,2400,0,4337,75
16:22:38.789,sleep,15292,450,7060,16790,17,95,53.5,0.0,No,1500,2400,0,3555,75
16:22:39.789,sleep,15292,394,6038,16790,18,95,52.9,0.2,No,1500,2400,0,3440,75
16:22:40.789,sleep,15290,566,8700,16791,18,95,52.9,0.0,No,1500,2400,0,3421,75
16:22:41.789,sleep,15292,314,4822,16791,22,95,52.4,0.3,No,1500,2400,0,3412,75
16:22:42.789,sleep,15292,462,7080,16791,22,95,52.4,-0.0,No,1500,2400,0,3409,75
16:22:43.789,sleep,15294,468,4590,16790,21,95,51.8,0.0,No,1500,2400,0,3399,75
16:22:44.789,sleep,15288,500,7658,16791,21,95,51.8,0.3,No,1500,2400,0,3405,75
16:22:45.789,sleep,15288,472,7234,16791,23,95,51.8,0.0,No,1500,2400,0,3393,75
16:22:46.789,active,15296,744,8860,16787,3,95,56.8,61.4,No,2400,2400,0,3351,75
16:22:47.789,active,15303,708,10860,16787,0,95,57.3,58.8,No,2400,2400,0,3330,75
16:22:48.793,active,15299,728,9086,16786,0,95,57.9,58.7,No,2400,2400,0,3330,75
16:22:49.794,active,15296,680,10416,16786,0,95,59.0,59.3,No,2400,2400,0,3318,75
16:22:50.789,active,15292,736,7542,16787,0,95,59.0,58.2,No,2400,2400,0,3314,75
16:22:51.789,active,15251,738,13948,16788,0,95,59.0,59.2,No,2400,2400,0,3312,75
16:22:52.792,active,15268,766,11748,16788,0,95,59.5,58.4,No,2400,2400,0,3305,75
16:22:53.789,active,15277,748,13890,16788,0,95,61.1,58.5,No,2400,2400,0,3298,75
16:22:54.789,active,15262,972,14854,16787,0,95,61.1,58.1,No,2400,2400,0,3410,125
16:22:55.793,active,15271,528,11458,16787,0,95,60.6,59.9,No,2400,2400,0,5251,125
16:22:56.793,active,15264,982,15028,16786,0,95,60.6,58.7,No,2400,2400,0,5403,125
16:22:57.790,active,15264,668,10262,16787,0,95,60.6,57.4,No,2400,2400,0,5411,125
16:22:58.789,active,15281,734,11246,16788,0,95,60.0,57.4,No,2400,2400,0,5417,125
16:22:59.789,active,15271,666,10224,16787,0,95,60.6,55.0,No,2400,2400,0,5420,125
16:23:00.793,active,15305,728,10282,16787,0,95,61.1,54.4,No,2400,2400,0,5412,125
16:23:01.789,active,15352,514,7890,16786,0,95,61.1,56.8,No,2400,2400,0,5417,125
16:23:02.790,active,15314,450,6906,16785,-3,95,61.1,56.1,No,2400,2400,0,5427,125
16:23:03.793,active,15303,502,11266,16786,0,95,60.6,51.3,No,2400,2400,0,5420,125
16:23:04.789,active,15299,748,11478,16786,0,95,60.0,51.3,No,2400,2400,0,5432,125
16:23:05.789,active,15305,530,12172,16787,0,95,60.6,52.2,No,2400,2400,0,5431,125
16:23:06.789,active,15251,578,8834,16785,0,95,61.1,52.2,No,2400,2400,0,5443,125
16:23:07.789,active,15303,852,13002,16785,-4,95,62.2,51.5,No,2400,2400,0,5443,125
16:23:08.789,active,15277,772,11806,16786,-4,95,62.2,51.5,No,2400,2400,0,5450,125
16:23:09.790,active,15299,708,10860,16784,-4,95,61.1,52.7,No,2400,2400,0,5451,125
16:23:10.793,active,15301,750,10610,16784,-7,95,60.6,54.0,No,2400,2400,0,5457,125
16:23:11.789,active,15292,680,10416,16785,-6,95,62.2,53.5,No,2400,2400,0,5454,125
16:23:12.789,active,15303,490,7542,16785,-10,95,61.7,55.9,No,2400,2400,0,5462,125
16:23:13.789,active,15299,788,6976,16785,-5,95,62.2,53.7,No,2400,2400,0,5465,125
16:23:14.793,active,15296,556,8564,16785,-3,95,61.7,53.6,No,2400,2400,0,5465,125
16:23:15.789,active,15299,714,7426,16784,-9,95,62.2,52.3,No,2400,2400,0,5468,125
16:23:16.790,active,15331,526,8082,16785,-3,95,61.7,51.9,No,2400,2400,0,5479,125
16:23:17.793,active,15352,496,8064,16785,0,95,61.1,54.2,No,2400,2400,0,5469,125
16:23:18.789,active,15268,962,11652,16786,0,95,60.6,53.2,No,2400,2400,0,5493,125
16:23:19.789,active,15258,712,10918,16786,0,95,61.7,53.1,No,2400,2400,0,5489,125
16:23:20.792,active,15277,842,11342,16786,0,95,62.2,51.8,No,2400,2400,0,5493,125
16:23:21.790,active,15305,662,10166,16786,3,95,62.8,51.9,No,2400,2400,0,5491,125
16:23:22.789,active,15277,752,11266,16786,4,95,61.7,51.3,No,2400,2400,0,5492,125
16:23:23.793,active,15301,790,12134,16788,3,95,62.2,53.2,No,2400,2400,0,5500,125
16:23:24.790,active,15305,736,11284,16788,4,95,61.1,52.9,No,2400,2400,0,5497,125
16:23:25.789,active,15301,700,10744,16788,3,95,61.1,52.6,No,2400,2400,0,5495,125
16:23:26.789,active,15303,718,11014,16786,0,95,61.1,57.5,No,2400,2400,0,5495,125
16:23:27.793,active,15314,746,12226,16786,0,95,62.8,55.7,No,2400,2400,0,5504,125
16:23:28.789,active,15320,492,7562,16785,0,95,61.7,56.6,No,2400,2400,0,5499,125
16:23:29.790,active,15314,542,9838,16786,0,95,62.2,56.0,No,2400,2400,0,5505,125
16:23:30.794,active,15301,660,10128,16786,0,95,61.7,56.1,No,2400,2400,0,5499,125
16:23:31.790,active,15314,692,10590,16787,0,95,62.2,56.6,No,2400,2400,0,5508,125
16:23:32.789,active,15275,634,9702,16786,0,95,61.7,57.0,No,2400,2400,0,5510,125
16:23:33.789,active,15314,730,11170,16784,-3,95,63.4,57.4,No,2400,2400,0,5508,125
16:23:34.791,active,15268,716,10070,16785,0,95,63.4,57.0,No,2400,2400,0,5502,125
16:23:35.789,active,15311,700,10706,16786,0,95,62.8,56.7,No,2400,2400,0,5506,125
16:23:36.791,active,15260,724,11824,16786,0,95,63.4,57.7,No,2400,2400,0,5508,125
16:23:37.794,active,15301,800,12268,16786,0,95,61.7,57.5,No,2400,2400,0,5508,125
16:23:38.790,active,15305,724,11112,16786,0,95,61.7,58.6,No,2400,2400,0,5514,125
16:23:39.789,active,15301,722,11840,16785,0,95,62.2,59.2,No,2400,2400,0,5515,125
16:23:40.793,active,15299,694,10628,16786,0,95,62.8,58.2,No,2400,2400,0,5508,125
16:23:41.789,active,15294,718,6790,16787,3,95,63.9,58.4,No,2400,2400,0,5513,125
16:23:42.789,active,15296,682,10456,16787,0,95,62.8,58.4,No,2400,2400,0,5511,125
16:23:43.789,active,15301,702,8352,16788,3,95,63.4,57.6,No,2400,2400,0,5515,125
16:23:44.793,active,15292,744,11420,16787,0,95,62.2,58.3,No,2400,2400,0,5517,125
16:23:45.790,active,15296,460,7600,16787,5,95,62.8,59.1,No,2400,2400,0,5516,125
16:23:46.789,sleep,15301,568,8198,16789,12,95,59.0,7.6,No,2400,2400,0,5571,125
16:23:47.789,sleep,15296,484,7426,16790,18,95,59.0,-0.0,No,2400,2400,0,5577,125
16:23:48.789,sleep,15303,500,6712,16790,18,95,57.3,0.0,No,2400,2400,0,5575,125
16:23:49.789,sleep,15292,526,8064,16788,15,95,56.2,-0.0,No,2400,2400,0,5577,125
16:23:50.789,sleep,15290,532,8178,16790,20,95,56.2,0.0,No,2400,2400,0,5572,125
16:23:51.789,sleep,15290,534,8198,16790,19,95,55.1,0.2,No,1500,2400,0,5585,125
16:23:52.789,sleep,15296,382,5864,16789,20,95,54.0,0.0,No,1500,2400,0,3992,75
16:23:53.789,sleep,15290,458,5478,16789,19,95,53.5,0.3,No,1500,2400,0,3515,75
16:23:54.789,sleep,15301,484,7426,16791,20,95,52.9,-0.0,No,1500,2400,0,3438,75
16:23:55.789,sleep,15290,312,4784,16790,20,95,54.5,0.3,No,1500,2400,0,3428,75
16:23:56.789,sleep,15294,372,5710,16791,22,95,52.9,0.0,No,1500,2400,0,3420,75
16:23:57.789,sleep,15292,540,8294,16790,21,95,52.9,0.0,No,1500,2400,0,3410,75
16:23:58.789,sleep,15305,596,7352,16791,19,95,52.4,0.2,No,1500,2400,0,3405,75
16:23:59.789,sleep,15294,658,10088,16791,16,95,53.5,0.0,No,1500,2400,0,3410,75
16:24:00.789,sleep,15294,510,7446,16791,18,95,51.8,0.3,No,1500,2400,0,3400,75
16:24:01.793,active,15320,702,10744,16786,3,95,56.8,58.2,No,2400,2400,0,3348,75
16:24:02.793,active,15262,694,11864,16786,-8,95,57.3,59.9,No,2400,2400,0,3327,75
16:24:03.789,active,15277,770,11786,16785,-10,95,58.4,58.9,No,2400,2400,0,3327,75
16:24:04.793,active,15305,660,10128,16786,-3,95,59.0,59.2,No,2400,2400,0,3317,75
16:24:05.793,active,15303,684,6910,16787,-5,95,59.0,59.8,No,2400,2400,0,3310,75
16:24:06.790,active,15309,732,11246,16787,0,95,59.0,60.9,No,2400,2400,0,3308,75
16:24:07.789,active,15299,702,7638,16787,0,95,59.5,59.1,No,2400,2400,0,4383,125
16:24:08.789,active,15296,456,7002,16786,0,95,60.0,57.3,No,2400,2400,0,5356,125
16:24:09.789,active,15301,674,7832,16786,0,95,61.1,56.3,No,2400,2400,0,5431,125
16:24:10.789,active,15329,470,7234,16785,-6,95,61.1,55.8,No,2400,2400,0,5431,125
16:24:11.793,active,15348,498,7002,16788,0,95,60.6,54.5,No,2400,2400,0,5432,125
16:24:12.795,active,15294,754,11554,16788,0,95,61.7,59.1,No,2400,2400,0,5430,125
16:24:13.789,active,15305,692,10628,16788,0,95,59.5,55.6,No,2400,2400,0,5432,125
16:24:14.789,active,15305,670,10166,16787,0,95,60.6,52.2,No,2400,2400,0,5432,125
16:24:15.789,active,15299,752,11536,16786,0,95,61.7,52.0,No,2400,2400,0,5448,125
16:24:16.789,active,15301,700,12752,16787,0,95,61.7,51.7,No,2400,2400,0,5449,125
16:24:17.793,active,15309,726,11150,16787,0,95,61.1,54.1,No,2400,2400,0,5441,125
16:24:18.789,active,15268,766,11768,16788,0,95,61.1,57.4,No,2400,2400,0,5437,125
16:24:19.790,active,15301,720,11034,16786,0,95,60.6,54.2,No,2400,2400,0,5439,125
16:24:20.789,active,15299,744,11400,16786,0,95,60.0,52.4,No,2400,2400,0,5453,125
16:24:21.789,active,15303,714,10784,16786,0,95,61.1,52.0,No,2400,2400,0,5463,125
16:24:22.791,active,15309,500,7678,16785,-4,95,62.2,51.9,No,2400,2400,0,5463,125
16:24:23.789,active,15309,696,10648,16787,0,95,61.1,51.8,No,2400,2400,0,5470,125
16:24:24.793,active,15307,732,11246,16786,0,95,61.7,51.3,No,2400,2400,0,5471,125
16:24:25.789,active,15305,832,12732,16785,-4,95,60.6,51.4,No,2400,2400,0,5473,125
16:24:26.794,active,15249,644,14198,16786,0,95,60.6,51.1,No,2400,2400,0,5478,125
16:24:27.789,active,15307,872,13350,16786,0,95,60.0,51.8,No,2400,2400,0,5479,125
16:24:28.789,active,15275,750,14410,16786,0,95,61.7,52.3,No,2400,2400,0,5487,125
16:24:29.792,active,15260,840,12828,16788,0,95,61.1,51.9,No,2400,2400,0,5481,125
16:24:30.793,active,15243,774,15258,16788,0,95,62.2,51.5,No,2400,2400,0,5492,125
16:24:31.789,active,15337,518,7792,16786,3,95,61.1,51.4,No,2400,2400,0,5480,125
16:24:32.789,active,15296,498,7658,16786,0,95,62.2,51.8,No,2400,2400,0,5492,125
16:24:33.794,active,15299,738,7678,16785,-3,95,61.1,52.8,No,2400,2400,0,5493,125
16:24:34.789,active,15341,510,7850,16787,0,95,61.1,54.8,No,2400,2400,0,5495,125
16:24:35.789,active,15348,302,7658,16787,0,95,61.7,52.0,No,2400,2400,0,5493,125
16:24:36.789,active,15316,448,6866,16786,0,95,62.2,52.0,No,2400,2400,0,5501,125
16:24:37.789,active,15346,504,7736,16787,0,95,61.1,51.3,No,2400,2400,0,5506,125
16:24:38.789,active,15322,536,8236,16787,0,95,61.1,51.4,No,2400,2400,0,5510,125
16:24:39.793,active,15337,520,7986,16787,0,95,61.7,51.6,No,2400,2400,0,5506,125
16:24:40.794,active,15305,738,11304,16788,0,95,61.1,51.7,No,2400,2400,0,5516,125
16:24:41.789,active,15305,752,11554,16786,-5,95,62.2,52.2,No,2400,2400,0,5518,125
16:24:42.789,active,15314,678,10398,16786,0,95,61.1,53.1,No,2400,2400,0,5518,125
16:24:43.793,active,15314,682,11754,16786,0,95,62.2,55.5,No,2400,2400,0,5514,125
16:24:44.789,active,15264,828,12712,16786,0,95,62.2,56.5,No,2400,2400,0,5510,125
16:24:45.790,active,15301,778,10668,16785,-4,95,61.7,55.8,No,2400,2400,0,5511,125
16:24:46.794,active,15307,690,10572,16786,0,95,61.1,56.3,No,2400,2400,0,5508,125
16:24:47.791,active,15311,738,10590,16784,-6,95,61.7,58.1,No,2400,2400,0,5516,125
16:24:48.789,active,15305,716,10996,16785,-7,95,62.2,59.0,No,2400,2400,0,5519,125
16:24:49.789,active,15243,820,12520,16785,0,95,62.2,52.0,No,2400,2400,0,5523,125
16:24:50.789,active,15309,564,12616,16786,0,95,61.7,51.7,No,2400,2400,0,5527,125
16:24:51.789,active,15253,856,13098,16787,0,95,62.2,51.5,No,2400,2400,0,5522,125
16:24:52.792,active,15279,850,13464,16787,0,95,62.2,51.3,No,2400,2400,0,5528,125
16:24:53.793,active,15258,948,14506,16786,0,95,62.2,51.5,No,2400,2400,0,5522,125
16:24:54.789,active,15264,940,14390,16787,0,95,61.1,51.2,No,2400,2400,0,5529,125
16:24:55.789,active,15260,914,13966,16786,0,95,61.7,53.9,No,2400,2400,0,5526,125
16:24:56.789,active,15253,806,12346,16785,0,95,62.2,52.0,No,2400,2400,0,5520,125
16:24:57.789,active,15260,852,11486,16787,0,95,62.2,51.8,No,2400,2400,0,5523,125
16:24:58.789,active,15357,488,7522,16786,-5,95,61.7,51.4,No,2400,2400,0,5519,125
16:24:59.793,active,15352,494,7580,16787,-8,95,61.7,51.3,No,2400,2400,0,5533,125
16:25:00.793,active,15341,484,7466,16786,0,95,61.1,52.2,No,2400,2400,0,5536,125
16:25:01.789,sleep,15303,502,7696,16787,3,95,58.4,9.1,No,2400,2400,0,5565,125
16:25:02.789,sleep,15303,470,7330,16787,10,95,57.3,0.0,No,2400,2400,0,5576,125
16:25:03.789,sleep,15299,486,7466,16788,8,95,57.3,-0.0,No,2400,2400,0,5583,125
16:25:04.789,sleep,15296,480,7812,16790,14,95,56.2,0.0,No,2400,2400,0,5585,125
16:25:05.789,sleep,15301,484,7426,16789,13,95,57.3,0.3,No,2400,2400,0,5580,125
16:25:06.789,sleep,15294,396,7022,16790,16,95,54.5,0.0,No,1500,2400,0,5592,75
16:25:07.789,sleep,15292,444,8622,16789,16,95,54.0,-0.0,No,1500,2400,0,3854,75
16:25:08.789,sleep,15296,304,4668,16789,20,95,53.5,0.3,No,1500,2400,0,3498,75
16:25:09.789,sleep,15296,368,5728,16790,18,95,53.5,-0.0,No,1500,2400,0,3433,75
16:25:10.789,sleep,15296,424,6520,16791,19,95,52.4,0.2,No,1500,2400,0,3409,75
16:25:11.789,sleep,15296,352,4358,16790,17,95,52.9,0.0,No,1500,2400,0,3399,75
16:25:12.789,sleep,15294,354,5440,16790,17,95,51.8,0.3,No,1500,2400,0,3418,75
16:25:13.789,sleep,15296,424,6520,16788,14,95,52.4,0.0,No,1500,2400,0,3404,75
16:25:14.789,sleep,15292,320,4918,16789,12,95,51.8,0.3,No,1500,2400,0,3389,75
16:25:15.789,sleep,15296,612,9394,16790,13,95,52.4,-0.0,No,1500,2400,0,3399,75
16:25:16.789,active,15316,672,10572,16787,0,95,56.2,55.1,No,2400,2400,0,3368,75
16:25:17.789,active,15249,658,10070,16786,-5,95,57.3,59.9,No,2400,2400,0,3349,75
16:25:18.789,active,15264,738,11284,16786,-3,95,58.4,58.7,No,2400,2400,0,3322,75
16:25:19.792,active,15262,656,10050,16787,-3,95,59.0,56.0,No,2400,2400,0,3311,75
16:25:20.793,active,15266,768,11768,16786,-3,95,59.5,57.6,No,2400,2400,0,3316,75
16:25:21.796,active,15256,760,11376,16786,-3,95,58.4,54.4,No,2400,2400,0,3314,75
16:25:22.789,active,15245,928,14218,16786,-4,95,59.0,54.5,No,2400,2400,0,3309,75
16:25:23.789,active,15253,814,11304,16786,-5,95,59.5,57.4,No,2400,2400,0,3303,75
16:25:24.793,active,15264,960,14680,16787,-3,95,60.0,56.8,No,2400,2400,0,4820,125
16:25:25.789,active,15251,948,10572,16785,-4,95,60.6,53.0,No,2400,2400,0,5374,125
16:25:26.789,active,15341,450,7456,16786,0,95,61.1,53.8,No,2400,2400,0,5426,125
16:25:27.793,active,15294,462,7118,16786,0,95,61.1,54.6,No,2400,2400,0,5422,125
16:25:28.795,active,15329,500,5940,16786,-5,95,60.0,53.4,No,2400,2400,0,5422,125
16:25:29.789,active,15318,508,7792,16786,-5,95,61.1,54.0,No,2400,2400,0,5424,125
16:25:30.793,active,15333,538,7176,16785,-3,95,61.1,57.5,No,2400,2400,0,5424,125
16:25:31.793,active,15316,582,8932,16785,-5,95,61.7,54.4,No,2400,2400,0,5419,125
16:25:32.789,active,15357,476,7330,16785,-3,95,61.7,54.8,No,2400,2400,0,5424,125
16:25:33.789,active,15307,480,7350,16786,0,95,61.1,54.1,No,2400,2400,0,5432,125
16:25:34.793,active,15324,402,6172,16786,0,95,60.6,53.0,No,2400,2400,0,5431,125
16:25:35.794,active,15286,818,10842,16786,0,95,61.7,54.2,No,2400,2400,0,5439,125
16:25:36.789,active,15303,666,10224,16786,0,95,61.1,53.9,No,2400,2400,0,5445,125
16:25:37.789,active,15299,736,11266,16785,0,95,61.1,52.0,No,2400,2400,0,5456,125
16:25:38.789,active,15294,770,11786,16785,0,95,61.1,51.9,No,2400,2400,0,5459,125
16:25:39.789,active,15294,674,10340,16787,0,95,61.1,51.4,No,2400,2400,0,5453,125
16:25:40.790,active,15294,730,7860,16787,0,95,62.2,51.6,No,2400,2400,0,5462,125
16:25:41.793,active,15311,724,11112,16785,-5,95,61.7,52.2,No,2400,2400,0,5465,125
16:25:42.790,active,15301,752,10166,16785,-7,95,61.7,56.0,No,2400,2400,0,5467,125
16:25:43.789,active,15296,604,9278,16785,-3,95,61.7,54.0,No,2400,2400,0,5472,125
16:25:44.789,active,15305,770,11768,16784,-3,95,62.2,54.0,No,2400,2400,0,5477,125
16:25:45.789,active,15258,788,12056,16786,-6,95,62.2,52.6,No,2400,2400,0,5483,125
16:25:46.789,active,15268,810,12404,16787,0,95,62.2,54.2,No,2400,2400,0,5478,125
16:25:47.791,active,15251,814,10494,16787,-4,95,61.7,52.7,No,2400,2400,0,5483,125
16:25:48.793,active,15247,914,13986,16787,-3,95,60.6,51.6,No,2400,2400,0,5483,125
16:25:49.792,active,15264,880,10050,16785,0,95,61.7,51.8,No,2400,2400,0,5491,125
16:25:50.789,active,15279,728,11170,16785,-5,95,60.6,52.4,No,2400,2400,0,5493,125
16:25:51.789,active,15262,912,10340,16785,-4,95,61.1,52.6,No,2400,2400,0,5497,125
16:25:52.789,active,15262,956,14622,16785,0,95,62.8,55.9,No,2400,2400,0,5499,125
16:25:53.789,active,15299,542,8352,16786,0,95,61.1,56.1,No,2400,2400,0,5493,125
16:25:54.791,active,15344,548,7562,16786,0,95,61.7,55.9,No,2400,2400,0,5496,125
16:25:55.794,active,15296,462,7098,16787,0,95,60.6,57.4,No,2400,2400,0,5501,125
16:25:56.789,active,15333,522,7522,16785,0,95,61.7,55.7,No,2400,2400,0,5501,125
16:25:57.789,active,15320,480,7368,16785,-3,95,62.2,57.6,No,2400,2400,0,5505,125
16:25:58.793,active,15292,562,7638,16785,-5,95,62.8,57.7,No,2400,2400,0,5507,125
16:25:59.789,active,15316,532,8178,16786,0,95,62.8,57.6,No,2400,2400,0,5502,125
16:26:00.789,active,15344,520,7484,16785,-3,95,63.4,57.8,No,2400,2400,0,5504,125
16:26:01.789,active,15320,540,8294,16785,-5,95,62.8,58.2,No,2400,2400,0,5503,125
16:26:02.790,active,15273,736,11304,16785,-4,95,62.2,58.5,No,2400,2400,0,5510,125
16:26:03.789,active,15299,726,11478,16785,-6,95,61.7,52.4,No,2400,2400,0,5506,125
16:26:04.789,active,15279,726,11150,16785,-5,95,61.7,59.0,No,2400,2400,0,5500,125
16:26:05.793,active,15305,752,11284,16785,-7,95,62.8,58.8,No,2400,2400,0,5505,125
16:26:06.789,active,15311,742,11382,16785,-8,95,63.9,57.7,No,2400,2400,0,5511,125
16:26:07.789,active,15311,754,11554,16786,0,95,62.8,59.3,No,2400,2400,0,5512,125
16:26:08.790,active,15296,704,10802,16786,-3,95,62.8,59.3,No,2400,2400,0,5511,125
16:26:09.789,active,15301,724,10244,16785,-8,95,62.2,57.5,No,2400,2400,0,5514,125
16:26:10.789,active,15299,778,11922,16785,-6,95,63.4,57.7,No,2400,2400,0,5510,125
16:26:11.789,active,15316,718,10320,16785,-5,95,62.2,58.1,No,2400,2400,0,5512,125
16:26:12.789,active,15275,750,11478,16784,-4,95,63.9,58.5,No,2400,2400,0,5510,125
16:26:13.789,active,15309,876,13388,16787,-3,95,62.2,57.3,No,2400,2400,0,5516,125
16:26:14.789,active,15268,752,12796,16786,-4,95,63.9,56.6,No,2400,2400,0,5515,125
16:26:15.790,active,15305,754,11536,16786,-4,95,62.8,57.5,No,2400,2400,0,5524,125
16:26:16.789,sleep,15296,498,7894,16788,4,95,59.0,15.3,No,2400,2400,0,5556,125
16:26:17.789,sleep,15301,510,7812,16787,11,95,58.4,0.0,No,2400,2400,0,5573,125
16:26:18.789,sleep,15292,532,6654,16788,11,95,56.8,0.0,No,2400,2400,0,5569,125
16:26:19.789,sleep,15299,484,7426,16788,13,95,56.8,0.0,No,2400,2400,0,5571,125
16:26:20.789,sleep,15290,486,7098,16788,10,95,55.6,0.5,No,2400,2400,0,5574,125
16:26:21.789,sleep,15292,494,7580,16789,9,95,54.5,0.0,No,1500,2400,0,5587,125
16:26:22.789,sleep,15292,502,7678,16789,16,95,54.5,-0.0,No,1500,2400,0,5268,75
16:26:23.789,sleep,15299,532,8160,16788,15,95,53.5,0.3,No,1500,2400,0,3703,75
16:26:24.789,sleep,15296,236,3606,16788,14,95,52.9,0.0,No,1500,2400,0,3460,75
16:26:25.789,sleep,15296,376,5768,16788,15,95,52.9,0.2,No,1500,2400,0,3410,75
16:26:26.789,sleep,15296,360,5516,16790,12,95,52.9,-0.0,No,1500,2400,0,3418,75
16:26:27.789,sleep,15296,328,7594,16790,13,95,52.4,0.0,No,1500,2400,0,3418,75
16:26:28.789,sleep,15292,500,7678,16790,14,95,52.4,0.3,No,1500,2400,0,3413,75
16:26:29.789,sleep,15294,546,9452,16789,14,95,51.8,0.0,No,1500,2400,0,3403,75
16:26:30.789,sleep,15296,386,5902,16789,16,95,51.8,0.3,No,1500,2400,0,3390,75
16:26:31.789,active,15309,708,10880,16785,5,95,55.6,47.6,No,2400,2400,0,3362,75
16:26:32.789,active,15301,726,10244,16787,-4,95,56.8,55.0,No,2400,2400,0,3340,75
16:26:33.789,active,15303,738,11304,16786,-5,95,57.9,54.5,No,2400,2400,0,3331,75
16:26:34.789,active,15299,682,10378,16788,0,95,58.4,55.1,No,2400,2400,0,3311,75
16:26:35.791,active,15301,730,11208,16785,-4,95,59.5,54.8,No,2400,2400,0,3304,75
16:26:36.793,active,15301,712,10398,16785,-4,95,59.0,53.2,No,2400,2400,0,3306,75
16:26:37.789,active,15299,690,10590,16785,-6,95,59.0,51.4,No,2400,2400,0,5089,125
16:26:38.789,active,15301,728,11170,16785,-5,95,60.0,52.2,No,2400,2400,0,5422,125
16:26:39.789,active,15311,678,13446,16784,-5,95,59.0,52.0,No,2400,2400,0,5440,125
16:26:40.789,active,15251,824,12596,16784,-8,95,60.0,51.8,No,2400,2400,0,5435,125
16:26:41.789,active,15277,602,13388,16785,-7,95,60.0,51.4,No,2400,2400,0,5438,125
16:26:42.789,active,15260,820,12558,16784,-7,95,60.6,52.6,No,2400,2400,0,5435,125
16:26:43.793,active,15275,770,11786,16785,0,95,61.7,54.6,No,2400,2400,0,5435,125
16:26:44.789,active,15271,724,11092,16786,0,95,60.0,55.8,No,2400,2400,0,5438,125
16:26:45.789,active,15245,940,14410,16786,-3,95,60.0,54.1,No,2400,2400,0,5438,125
16:26:46.789,active,15256,874,10456,16786,-4,95,60.6,54.6,No,2400,2400,0,5446,125
16:26:47.793,active,15260,776,11882,16786,-6,95,61.1,52.0,No,2400,2400,0,5449,125
16:26:48.789,active,15352,504,7754,16785,0,95,61.1,51.2,No,2400,2400,0,5450,125
16:26:49.793,active,15329,558,8584,16786,-3,95,61.1,51.4,No,2400,2400,0,5450,125
16:26:50.790,active,15354,536,8236,16786,0,95,60.0,51.0,No,2400,2400,0,5455,125
16:26:51.789,active,15324,542,8078,16787,0,95,59.5,51.9,No,2400,2400,0,5465,125
16:26:52.789,active,15346,474,7272,16785,0,95,60.6,54.2,No,2400,2400,0,5467,125
16:26:53.789,active,15318,502,7446,16785,0,95,61.1,53.2,No,2400,2400,0,5470,125
16:26:54.793,active,15309,566,8680,16786,0,95,61.1,51.9,No,2400,2400,0,5492,125
16:26:55.789,active,15318,502,7176,16786,0,95,61.1,51.5,No,2400,2400,0,5482,125
16:26:56.789,active,15307,498,7638,16785,0,95,61.1,51.8,No,2400,2400,0,5475,125
16:26:57.790,active,15309,766,5922,16785,0,95,61.1,50.9,No,2400,2400,0,5479,125
16:26:58.789,active,15309,668,11188,16785,0,95,60.6,52.6,No,2400,2400,0,5467,125
16:26:59.789,active,15305,732,11226,16785,0,95,61.7,57.5,No,2400,2400,0,5488,125
16:27:00.790,active,15311,712,10668,16787,0,95,62.8,56.8,No,2400,2400,0,5491,125
16:27:01.789,active,15301,754,11554,16787,0,95,61.1,56.3,No,2400,2400,0,5491,125
16:27:02.789,active,15303,762,11690,16788,3,95,61.7,56.9,No,2400,2400,0,5492,125
16:27:03.791,active,15307,794,12192,16788,6,95,62.2,57.0,No,2400,2400,0,5492,125
16:27:04.796,active,15311,680,10416,16786,0,95,62.2,56.6,No,2400,2400,0,5496,125
16:27:05.789,active,15303,702,10764,16785,0,95,61.7,57.1,No,2400,2400,0,5504,125
16:27:06.789,active,15299,732,11246,16785,-3,95,62.8,57.6,No,2400,2400,0,5507,125
16:27:07.793,active,15260,762,12944,16786,0,95,62.2,57.5,No,2400,2400,0,5508,125
16:27:08.793,active,15266,746,11420,16786,-3,95,62.2,55.8,No,2400,2400,0,5506,125
16:27:09.789,active,15266,788,12076,16785,-3,95,62.2,59.5,No,2400,2400,0,5504,125
16:27:10.789,active,15262,858,13136,16785,0,95,61.7,57.1,No,2400,2400,0,5505,125
16:27:11.792,active,15277,772,11824,16785,0,95,61.1,57.8,No,2400,2400,0,5504,125
16:27:12.789,active,15275,832,10108,16785,0,95,62.8,59.8,No,2400,2400,0,5514,125
16:27:13.789,active,15268,794,12172,16785,-4,95,62.8,59.5,No,2400,2400,0,5498,125
16:27:14.789,active,15275,982,11362,16785,0,95,63.4,57.9,No,2400,2400,0,5508,125
16:27:15.789,active,15281,832,12752,16787,0,95,63.4,59.0,No,2400,2400,0,5509,125
16:27:16.791,active,15309,516,7948,16786,0,95,62.8,58.8,No,2400,2400,0,5513,125
16:27:17.794,active,15346,566,7932,16786,0,95,61.7,59.2,No,2400,2400,0,5508,125
16:27:18.789,active,15299,532,8160,16786,0,95,61.7,58.2,No,2400,2400,0,5511,125
16:27:19.789,active,15294,738,8448,16786,0,95,61.7,59.0,No,2400,2400,0,5498,125
16:27:20.789,active,15339,544,8372,16787,0,95,62.8,58.2,No,2400,2400,0,5514,125
16:27:21.789,active,15301,560,7832,16788,4,95,63.4,57.4,No,2400,2400,0,5515,125
16:27:22.789,active,15318,428,6596,16787,0,95,62.8,57.7,No,2400,2400,0,5517,125
16:27:23.791,active,15352,276,7736,16786,0,95,63.4,57.3,No,2400,2400,0,5514,125
16:27:24.793,active,15326,520,7986,16786,0,95,62.2,57.9,No,2400,2400,0,5513,125
16:27:25.790,active,15279,774,11864,16786,0,95,62.2,57.0,No,2400,2400,0,5516,125
16:27:26.789,active,15309,736,11072,16787,0,95,62.8,57.3,No,2400,2400,0,5528,125
16:27:27.789,active,15318,696,10706,16786,0,95,63.4,59.5,No,2400,2400,0,5534,125
16:27:28.793,active,15309,752,11324,16786,3,95,62.8,58.0,No,2400,2400,0,5515,125
16:27:29.789,active,15307,704,10802,16785,0,95,62.8,59.0,No,2400,2400,0,5519,125
16:27:30.789,active,15311,704,10918,16785,-5,95,62.8,58.1,No,2400,2400,0,5524,125
16:27:31.789,sleep,15303,544,8352,16788,4,95,59.0,18.4,No,2400,2400,0,5556,125
16:27:32.789,sleep,15305,474,7272,16789,9,95,57.9,0.2,No,2400,2400,0,5577,125
16:27:33.789,sleep,15299,446,6828,16787,7,95,57.3,0.0,No,2400,2400,0,5578,125
16:27:34.789,sleep,15301,468,7176,16787,5,95,56.8,-0.0,No,2400,2400,0,5565,125
16:27:35.789,sleep,15305,488,7716,16787,6,95,56.2,0.2,No,2400,2400,0,5574,125
16:27:36.789,sleep,15290,450,6906,16789,10,95,55.1,0.0,No,1500,2400,0,5581,125
16:27:37.789,sleep,15307,514,5014,16790,17,95,54.5,0.2,No,1500,2400,0,4562,75
16:27:38.789,sleep,15296,358,5498,16790,22,95,54.0,-0.0,No,1500,2400,0,3598,75
16:27:39.789,sleep,15299,402,5228,16790,21,95,54.0,0.3,No,1500,2400,0,3454,75
16:27:40.789,sleep,15290,472,7252,16790,19,95,52.9,0.0,No,1500,2400,0,3428,75
16:27:41.789,sleep,15296,512,7850,16790,19,95,52.9,0.0,No,1500,2400,0,3427,75
16:27:42.789,sleep,15296,504,7716,16790,17,95,51.8,0.0,No,1500,2400,0,3412,75
16:27:43.789,sleep,15290,462,7080,16790,19,95,52.4,0.3,No,1500,2400,0,3409,75
16:27:44.789,sleep,15294,580,9008,16791,21,95,51.8,0.3,No,1500,2400,0,3401,75
16:27:45.789,sleep,15292,322,4958,16791,20,95,51.8,0.7,No,1500,2400,0,3386,75
16:27:46.789,active,15337,422,7774,16786,6,95,55.1,44.2,No,2400,2400,0,3368,75
16:27:47.789,active,15316,472,7252,16786,-5,95,56.2,52.8,No,2400,2400,0,3342,75
16:27:48.789,active,15344,482,7408,16787,-3,95,57.9,52.6,No,2400,2400,0,3336,75
16:27:49.793,active,15316,452,6964,16787,0,95,59.0,54.8,No,2400,2400,0,3327,75
16:27:50.789,active,15350,474,7272,16788,0,95,59.5,53.2,No,2400,2400,0,3322,75
16:27:51.790,active,15309,490,10832,16787,0,95,59.5,53.7,No,2400,2400,0,3316,75
16:27:52.794,active,15303,536,8256,16786,0,95,60.0,54.0,No,2400,2400,0,3305,75
16:27:53.789,active,15305,684,10494,16785,-8,95,59.5,54.5,No,2400,2400,0,3300,75
16:27:54.789,active,15299,712,10898,16786,-3,95,59.5,53.1,No,2400,2400,0,3284,125
16:27:55.789,active,15299,700,10726,16785,-9,95,60.6,53.9,No,2400,2400,0,5194,125
16:27:56.789,active,15299,708,10880,16786,-5,95,62.2,53.9,No,2400,2400,0,5408,125
16:27:57.789,active,15301,722,11072,16785,-6,95,60.6,52.3,No,2400,2400,0,5426,125
16:27:58.793,active,15301,656,11284,16785,-4,95,60.0,51.3,No,2400,2400,0,5424,125
16:27:59.793,active,15299,678,10378,16785,0,95,60.0,51.9,No,2400,2400,0,5423,125
16:28:00.789,active,15299,720,9530,16786,-4,95,60.0,52.2,No,2400,2400,0,5416,125
16:28:01.789,active,15299,700,10726,16787,-3,95,60.6,52.7,No,2400,2400,0,5419,125
16:28:02.789,active,15309,766,11710,16786,0,95,61.1,52.0,No,2400,2400,0,5423,125
16:28:03.789,active,15236,788,14086,16785,-4,95,61.1,51.7,No,2400,2400,0,5425,125
16:28:04.789,active,15260,760,11652,16785,-6,95,61.7,53.5,No,2400,2400,0,5430,125
16:28:05.793,active,15251,876,13194,16785,-7,95,61.7,53.7,No,2400,2400,0,5426,125
16:28:06.793,active,15245,896,13716,16785,0,95,61.1,52.2,No,2400,2400,0,5435,125
16:28:07.789,active,15253,916,11188,16786,0,95,60.6,51.5,No,2400,2400,0,5445,125
16:28:08.789,active,15273,976,14932,16788,3,95,60.6,52.0,No,2400,2400,0,5444,125
16:28:09.789,active,15249,874,10146,16788,0,95,60.6,52.0,No,2400,2400,0,5452,125
16:28:10.789,active,15279,808,12384,16786,0,95,61.1,51.7,No,2400,2400,0,5462,125
16:28:11.789,active,15305,500,7678,16786,0,95,60.6,51.3,No,2400,2400,0,5458,125
16:28:12.793,active,15322,504,7812,16786,3,95,61.7,51.9,No,2400,2400,0,5462,125
16:28:13.793,active,15309,474,7272,16787,0,95,60.6,52.3,No,2400,2400,0,5465,125
16:28:14.789,active,15350,496,8064,16787,0,95,61.7,56.7,No,2400,2400,0,5465,125
16:28:15.789,active,15322,606,9318,16786,0,95,61.7,57.3,No,2400,2400,0,5468,125
16:28:16.789,active,15331,498,7832,16786,0,95,62.2,56.4,No,2400,2400,0,5471,125
16:28:17.789,active,15322,482,7388,16787,4,95,61.7,56.4,No,2400,2400,0,5475,125
16:28:18.791,active,15337,492,7002,16786,0,95,62.8,56.4,No,2400,2400,0,5480,125
16:28:19.790,active,15316,526,8064,16787,0,95,62.2,56.7,No,2400,2400,0,5480,125
16:28:20.790,active,15294,826,12674,16787,-3,95,61.7,56.9,No,2400,2400,0,5478,125
16:28:21.789,active,15314,750,11690,16787,0,95,60.6,58.1,No,2400,2400,0,5481,125
16:28:22.792,active,15314,732,11226,16786,0,95,62.8,58.0,No,2400,2400,0,5489,125
16:28:23.793,active,15281,942,11844,16786,-3,95,63.4,58.9,No,2400,2400,0,5483,125
16:28:24.789,active,15314,642,9838,16786,0,95,62.8,58.3,No,2400,2400,0,5488,125
16:28:25.790,active,15311,734,11710,16786,0,95,62.2,57.7,No,2400,2400,0,5491,125
16:28:26.791,active,15307,724,11092,16787,0,95,62.8,58.0,No,2400,2400,0,5493,125
16:28:27.790,active,15303,688,10552,16786,-3,95,62.2,58.8,No,2400,2400,0,5493,125
16:28:28.789,active,15305,718,11014,16787,0,95,62.8,59.4,No,2400,2400,0,5497,125
16:28:29.789,active,15264,724,11092,16785,-3,95,63.4,59.0,No,2400,2400,0,5498,125
16:28:30.789,active,15271,756,13850,16786,0,95,62.8,57.4,No,2400,2400,0,5494,125
16:28:31.789,active,15275,760,11632,16787,0,95,62.8,57.0,No,2400,2400,0,5498,125
16:28:32.789,active,15256,790,12096,16787,0,95,63.4,57.7,No,2400,2400,0,5498,125
16:28:33.790,active,15262,806,12326,16787,0,95,62.2,57.5,No,2400,2400,0,5513,125
16:28:34.790,active,15264,828,12694,16788,0,95,62.8,57.3,No,2400,2400,0,5505,125
16:28:35.789,active,15286,782,14178,16787,0,95,61.7,58.7,No,2400,2400,0,5513,125
16:28:36.789,active,15273,704,10764,16785,0,95,63.4,59.0,No,2400,2400,0,5509,125
16:28:37.789,active,15288,772,14024,16787,0,95,62.8,59.9,No,2400,2400,0,5505,125
16:28:38.789,active,15299,534,7430,16787,0,95,63.4,57.2,No,2400,2400,0,5522,125
16:28:39.793,active,15296,590,9066,16788,0,95,62.8,60.0,No,2400,2400,0,5517,125
16:28:40.793,active,15311,520,8024,16787,0,95,62.8,59.1,No,2400,2400,0,5517,125
16:28:41.789,active,15322,536,8236,16787,0,95,62.8,59.5,No,2400,2400,0,5510,125
16:28:42.789,active,15346,560,7368,16787,4,95,62.8,59.3,No,2400,2400,0,5516,125
16:28:43.792,active,15318,550,8448,16785,3,95,62.2,58.9,No,2400,2400,0,5516,125
16:28:44.793,active,15324,508,8372,16786,0,95,63.4,58.6,No,2400,2400,0,5522,125
16:28:45.789,active,15314,548,8410,16786,0,95,63.4,58.5,No,2400,2400,0,5517,125
16:28:46.789,sleep,15296,506,7774,16788,4,95,60.0,21.6,No,2400,2400,0,5552,125
16:28:47.789,sleep,15296,480,7176,16788,12,95,57.9,0.0,No,2400,2400,0,5573,125
16:28:48.789,sleep,15299,530,8120,16788,14,95,58.4,0.2,No,2400,2400,0,5576,125
16:28:49.789,sleep,15299,518,7118,16788,10,95,56.2,0.0,No,2400,2400,0,5571,125
16:28:50.789,sleep,15292,508,7792,16788,11,95,56.2,0.0,No,2400,2400,0,5573,125
16:28:51.789,sleep,15296,402,7040,16790,15,95,55.1,0.5,No,1500,2400,0,5580,125
16:28:52.789,sleep,15296,388,5940,16789,15,95,54.5,0.0,No,1500,2400,0,5579,125
16:28:53.789,sleep,15294,342,5246,16790,16,95,54.0,0.0,No,1500,2400,0,4161,75
16:28:54.789,sleep,15290,246,3760,16790,15,95,53.5,0.3,No,1500,2400,0,3544,75
16:28:55.789,sleep,15296,458,7022,16789,14,95,52.9,0.2,No,1500,2400,0,3447,75
16:28:56.789,sleep,15305,482,6876,16789,16,95,52.9,0.5,No,1500,2400,0,3422,75
16:28:57.789,sleep,15303,334,5130,16789,16,95,51.8,1.0,No,1500,2400,0,3424,75
16:28:58.789,sleep,15303,554,8488,16789,15,95,52.4,-0.0,No,1500,2400,0,3424,75
16:28:59.789,sleep,15303,636,9760,16791,19,95,51.8,0.0,No,1500,2400,0,3411,75
16:29:00.789,sleep,15303,496,7620,16790,15,95,52.4,0.3,No,1500,2400,0,3409,75
16:29:01.793,active,15266,866,9924,16787,6,95,55.1,40.5,No,2400,2400,0,3371,75
16:29:02.789,active,15264,862,13194,16785,-11,95,56.8,54.9,No,2400,2400,0,3340,75
16:29:03.789,active,15277,790,11188,16784,-8,95,57.3,54.3,No,2400,2400,0,3328,75
16:29:04.792,active,15271,806,12346,16787,0,95,58.4,53.6,No,2400,2400,0,3320,75
16:29:05.789,active,15264,930,10668,16786,0,95,59.5,54.0,No,2400,2400,0,3321,75
16:29:06.789,active,15333,524,6828,16788,0,95,60.0,52.1,No,2400,2400,0,3318,75
16:29:07.793,active,15337,520,7986,16787,0,95,59.0,53.6,No,2400,2400,0,3310,75
16:29:08.793,active,15316,510,8410,16787,0,95,60.6,51.8,No,2400,2400,0,3955,125
16:29:09.789,active,15314,504,7736,16786,0,95,59.5,51.5,No,2400,2400,0,5325,125
16:29:10.789,active,15322,506,7678,16786,0,95,59.5,52.2,No,2400,2400,0,5434,125
16:29:11.789,active,15301,514,7890,16787,0,95,60.6,51.9,No,2400,2400,0,5433,125
16:29:12.789,active,15320,520,10668,16787,0,95,61.1,51.5,No,2400,2400,0,5421,125
16:29:13.789,active,15309,474,7272,16787,0,95,60.0,51.2,No,2400,2400,0,5432,125
16:29:14.793,active,15307,620,9472,16787,0,95,60.0,51.6,No,2400,2400,0,5433,125
16:29:15.794,active,15307,772,10514,16786,0,95,60.0,51.1,No,2400,2400,0,5432,125
16:29:16.789,active,15296,764,11728,16786,0,95,62.2,53.6,No,2400,2400,0,5435,125
16:29:17.789,active,15296,750,11188,16786,0,95,60.6,52.6,No,2400,2400,0,5443,125
16:29:18.790,active,15296,720,11054,16786,-5,95,61.1,52.0,No,2400,2400,0,5445,125
16:29:19.793,active,15299,780,11960,16787,0,95,61.1,51.4,No,2400,2400,0,5453,125
16:29:20.789,active,15301,720,11054,16786,0,95,60.6,51.4,No,2400,2400,0,5457,125
16:29:21.790,active,15299,726,11130,16785,0,95,61.7,54.2,No,2400,2400,0,5457,125
16:29:22.794,active,15301,744,11420,16785,0,95,61.1,55.5,No,2400,2400,0,5448,125
16:29:23.789,active,15299,504,7774,16785,0,95,60.6,56.5,No,2400,2400,0,5467,125
16:29:24.791,active,15262,624,12152,16787,-4,95,62.2,57.3,No,2400,2400,0,5467,125
16:29:25.793,active,15262,804,12308,16787,0,95,62.2,56.8,No,2400,2400,0,5463,125
16:29:26.789,active,15232,940,14390,16787,0,95,62.2,55.2,No,2400,2400,0,5470,125
16:29:27.789,active,15258,922,14082,16787,0,95,61.7,52.4,No,2400,2400,0,5482,125
16:29:28.790,active,15247,926,14160,16786,0,95,60.6,52.0,No,2400,2400,0,5480,125
16:29:29.790,active,15266,904,13832,16785,-3,95,61.1,55.9,No,2400,2400,0,5486,125
16:29:30.789,active,15275,932,14256,16785,0,95,61.7,56.7,No,2400,2400,0,5481,125
16:29:31.793,active,15288,800,13890,16784,-6,95,63.4,57.6,No,2400,2400,0,5477,125
16:29:32.789,active,15256,880,13484,16784,-6,95,62.2,58.1,No,2400,2400,0,5483,125
16:29:33.789,active,15299,490,7542,16785,-4,95,63.4,58.9,No,2400,2400,0,5490,125
16:29:34.789,active,15359,536,8256,16785,-3,95,62.2,59.2,No,2400,2400,0,5495,125
16:29:35.795,active,15294,520,8006,16785,-4,95,62.2,59.1,No,2400,2400,0,5494,125
16:29:36.790,active,15294,710,10880,16785,0,95,62.2,59.3,No,2400,2400,0,5489,125
16:29:37.789,active,15333,520,8006,16785,-5,95,61.7,58.8,No,2400,2400,0,5493,125
16:29:38.791,active,15322,498,7638,16785,-4,95,63.4,58.8,No,2400,2400,0,5499,125
16:29:39.793,active,15359,526,8082,16785,-7,95,62.8,57.6,No,2400,2400,0,5499,125
16:29:40.789,active,15326,490,7542,16784,-7,95,62.8,58.7,No,2400,2400,0,5502,125
16:29:41.793,active,15294,472,7252,16785,-6,95,63.4,58.2,No,2400,2400,0,5500,125
16:29:42.790,active,15283,790,12152,16785,-5,95,63.4,59.6,No,2400,2400,0,5506,125
16:29:43.790,active,15305,762,11710,16785,-3,95,62.8,57.2,No,2400,2400,0,5510,125
16:29:44.789,active,15309,706,10842,16786,0,95,62.8,59.2,No,2400,2400,0,5513,125
16:29:45.789,active,15303,760,11652,16786,0,95,63.4,58.1,No,2400,2400,0,5502,125
16:29:46.789,active,15273,768,11786,16786,0,95,62.8,57.7,No,2400,2400,0,5494,125
16:29:47.792,active,15303,820,12578,16786,0,95,63.4,57.5,No,2400,2400,0,5504,125
16:29:48.790,active,15309,762,11690,16786,0,95,63.9,58.5,No,2400,2400,0,5506,125
16:29:49.790,active,15301,730,11208,16786,0,95,62.2,57.4,No,2400,2400,0,5515,125
16:29:50.789,active,15305,768,11786,16786,-3,95,63.4,60.2,No,2400,2400,0,5513,125
16:29:51.789,active,15301,764,12240,16786,0,95,62.8,60.0,No,2400,2400,0,5511,125
16:29:52.789,active,15266,750,11478,16786,0,95,63.4,59.0,No,2400,2400,0,5519,125
16:29:53.789,active,15279,730,11690,16785,0,95,62.2,58.9,No,2400,2400,0,5511,125
16:29:54.791,active,15264,812,12442,16788,0,95,63.4,59.2,No,2400,2400,0,5509,125
16:29:55.790,active,15258,848,12982,16788,5,95,63.4,58.5,No,2400,2400,0,5515,125
16:29:56.793,active,15256,1032,15780,16788,4,95,62.8,56.2,No,2400,2400,0,5522,125
16:29:57.789,active,15236,866,13252,16788,6,95,61.7,53.9,No,2400,2400,0,5527,125
16:29:58.789,active,15258,950,14546,16786,0,95,61.1,54.9,No,2400,2400,0,5529,125
16:29:59.789,active,15262,836,12808,16785,0,95,62.2,57.3,No,2400,2400,0,5522,125
16:30:00.789,active,15262,808,12346,16785,0,95,62.8,59.3,No,2400,2400,0,5523,125
16:30:01.789,sleep,15301,416,6384,16787,4,95,59.5,25.1,No,2400,2400,0,5559,125
16:30:02.789,sleep,15301,550,7350,16789,14,95,57.3,-0.0,No,2400,2400,0,5572,125
16:30:03.789,sleep,15299,458,7022,16789,10,95,56.2,0.3,No,2400,2400,0,5574,125
16:30:04.789,sleep,15296,562,8622,16788,11,95,57.3,0.3,No,2400,2400,0,5583,125
16:30:05.789,sleep,15296,486,7466,16788,9,95,56.8,0.0,No,2400,2400,0,5567,125
16:30:06.789,sleep,15286,502,7678,16789,14,95,55.1,0.3,No,1500,2400,0,5576,125
16:30:07.789,sleep,15294,498,7638,16790,17,95,54.5,1.5,No,1500,2400,0,5587,125
16:30:08.789,sleep,15292,544,8352,16790,18,95,54.0,0.5,No,1500,2400,0,3882,75
16:30:09.789,sleep,15286,512,3498,16790,18,95,54.0,0.5,No,1500,2400,0,3486,75
16:30:10.789,sleep,15290,458,7022,16790,21,95,52.9,0.0,No,1500,2400,0,3434,75
16:30:11.789,sleep,15294,358,5478,16789,16,95,51.8,-0.0,No,1500,2400,0,3426,75
16:30:12.789,sleep,15296,422,6482,16789,17,95,52.9,0.3,No,1500,2400,0,3420,75
16:30:13.789,sleep,15290,500,7658,16790,16,95,52.4,-0.0,No,1500,2400,0,3414,75
16:30:14.789,sleep,15296,580,8912,16791,16,95,52.4,0.3,No,1500,2400,0,3411,75
16:30:15.789,sleep,15292,502,7696,16791,15,95,51.8,0.0,No,1500,2400,0,3402,75
16:30:16.793,active,15299,690,10590,16787,4,95,55.1,36.6,No,2400,2400,0,3366,75
16:30:17.795,active,15296,714,10956,16785,-5,95,56.8,51.8,No,2400,2400,0,3337,75
16:30:18.789,active,15294,706,9992,16785,0,95,56.8,51.7,No,2400,2400,0,3344,75
16:30:19.789,active,15247,774,11844,16786,0,95,57.9,52.2,No,2400,2400,0,3332,75
16:30:20.789,active,15309,850,13002,16785,-4,95,59.5,52.2,No,2400,2400,0,3316,75
16:30:21.793,active,15230,830,12674,16785,-3,95,59.0,51.4,No,2400,2400,0,3317,75
16:30:22.789,active,15247,846,12944,16787,-3,95,59.0,51.4,No,2400,2400,0,3318,75
16:30:23.790,active,15243,798,12210,16786,-3,95,59.5,51.0,No,2400,2400,0,3310,75
16:30:24.795,active,15243,906,13850,16787,0,95,59.5,51.8,No,2400,2400,0,3308,75
16:30:25.789,active,15258,798,11690,16785,-4,95,59.5,51.7,No,2400,2400,0,4566,125
16:30:26.789,active,15241,882,13522,16786,0,95,59.5,52.2,No,2400,2400,0,5360,125
16:30:27.793,active,15253,854,11516,16787,0,95,60.6,52.0,No,2400,2400,0,5416,125
16:30:28.789,active,15256,834,12790,16785,0,95,60.0,51.4,No,2400,2400,0,5416,125
16:30:29.789,active,15305,420,6462,16785,0,95,60.6,51.5,No,2400,2400,0,5415,125
16:30:30.790,active,15331,544,8352,16786,-5,95,60.6,51.4,No,2400,2400,0,5413,125
16:30:31.794,active,15329,476,7330,16785,-7,95,61.1,51.8,No,2400,2400,0,5427,125
16:30:32.789,active,15322,482,7484,16785,-11,95,61.1,51.9,No,2400,2400,0,5427,125
16:30:33.793,active,15348,498,7638,16785,-8,95,61.1,52.7,No,2400,2400,0,5428,125
16:30:34.789,active,15335,532,8236,16785,-4,95,61.1,57.1,No,2400,2400,0,5428,125
16:30:35.789,active,15311,466,7156,16785,-6,95,61.7,57.4,No,2400,2400,0,5429,125
16:30:36.791,active,15337,510,7040,16785,-7,95,62.2,55.4,No,2400,2400,0,5435,125
16:30:37.793,active,15324,478,7350,16785,-4,95,60.6,57.1,No,2400,2400,0,5437,125
16:30:38.789,active,15271,736,11284,16785,-4,95,61.1,56.5,No,2400,2400,0,5442,125
16:30:39.789,active,15309,692,12152,16784,-6,95,62.2,57.4,No,2400,2400,0,5450,125
16:30:40.789,active,15277,704,10784,16784,-5,95,62.8,57.3,No,2400,2400,0,5449,125
16:30:41.789,active,15314,664,10860,16785,-5,95,62.8,57.7,No,2400,2400,0,5463,125
16:30:42.789,active,15305,744,11440,16786,-4,95,62.8,57.1,No,2400,2400,0,5457,125
16:30:43.791,active,15294,826,11208,16786,-8,95,62.2,57.5,No,2400,2400,0,5454,125
16:30:44.793,active,15307,708,10880,16785,-8,95,62.2,57.5,No,2400,2400,0,5461,125
16:30:45.789,active,15303,644,9876,16785,-7,95,61.7,58.0,No,2400,2400,0,5466,125
16:30:46.789,active,15301,796,12192,16786,-3,95,62.2,58.3,No,2400,2400,0,5472,125
16:30:47.789,active,15268,704,10764,16784,-5,95,62.2,57.3,No,2400,2400,0,5473,125
16:30:48.789,active,15275,746,11902,16785,-4,95,62.8,58.4,No,2400,2400,0,5480,125
16:30:49.791,active,15266,744,11382,16786,-5,95,62.8,59.1,No,2400,2400,0,5473,125
16:30:50.790,active,15262,718,10996,16786,-5,95,61.7,57.2,No,2400,2400,0,5479,125
16:30:51.790,active,15260,816,12480,16786,0,95,62.8,57.8,No,2400,2400,0,5484,125
16:30:52.789,active,15268,850,13022,16786,0,95,62.2,57.7,No,2400,2400,0,5480,125
16:30:53.789,active,15262,756,11574,16785,0,95,63.4,58.2,No,2400,2400,0,5495,125
16:30:54.789,active,15271,866,13272,16786,0,95,63.4,58.5,No,2400,2400,0,5493,125
16:30:55.789,active,15264,882,11180,16786,0,95,62.8,57.0,No,2400,2400,0,5493,125
16:30:56.789,active,15335,490,7522,16787,0,95,62.8,54.7,No,2400,2400,0,5493,125
16:30:57.793,active,15352,484,7446,16787,0,95,62.8,52.4,No,2400,2400,0,5505,125
16:30:58.792,active,15324,486,7466,16786,0,95,61.1,51.5,No,2400,2400,0,5505,125
16:30:59.789,active,15352,510,7850,16785,0,95,61.1,52.4,No,2400,2400,0,5508,125
16:31:00.789,active,15316,570,8758,16785,-4,95,62.2,53.8,No,2400,2400,0,5511,125
16:31:01.793,active,15357,554,8526,16787,3,95,63.4,58.9,No,2400,2400,0,5499,125
16:31:02.789,active,15331,550,8468,16786,0,95,62.2,57.6,No,2400,2400,0,5504,125
16:31:03.789,active,15352,516,7928,16788,0,95,62.8,59.0,No,2400,2400,0,5511,125
16:31:04.794,active,15296,672,11088,16786,0,95,62.2,58.5,No,2400,2400,0,5509,125
16:31:05.789,active,15314,718,11014,16786,0,95,61.7,59.1,No,2400,2400,0,5505,125
16:31:06.789,active,15268,626,11728,16787,0,95,62.2,58.3,No,2400,2400,0,5510,125
16:31:07.789,active,15307,748,11458,16786,-5,95,63.4,59.1,No,2400,2400,0,5502,125
16:31:08.789,active,15279,724,11092,16785,-3,95,62.8,58.3,No,2400,2400,0,5510,125
16:31:09.789,active,15307,766,11748,16786,0,95,62.8,58.3,No,2400,2400,0,5509,125
16:31:10.795,active,15311,758,11632,16785,-3,95,63.4,58.9,No,2400,2400,0,5513,125
16:31:11.793,active,15305,756,11612,16785,0,95,61.7,58.5,No,2400,2400,0,5518,125
16:31:12.796,active,15316,752,11554,16786,0,95,63.4,57.9,No,2400,2400,0,5518,125
16:31:13.789,active,15303,704,11690,16786,0,95,62.2,58.6,No,2400,2400,0,5519,125
16:31:14.789,active,15262,652,9992,16787,-3,95,61.7,57.6,No,2400,2400,0,5522,125
16:31:15.793,active,15307,790,12076,16787,0,95,63.9,56.6,No,2400,2400,0,5523,125
16:31:16.789,sleep,15303,480,7368,16787,0,95,60.6,27.0,No,2400,2400,0,5557,125
16:31:17.789,sleep,15305,444,6790,16787,11,95,58.4,-0.0,No,2400,2400,0,5571,125
16:31:18.789,sleep,15296,476,7292,16788,8,95,56.8,1.0,No,2400,2400,0,5566,125
16:31:19.789,sleep,15303,436,6674,16788,10,95,57.9,0.7,No,2400,2400,0,5571,125
16:31:20.789,sleep,15299,524,7080,16788,7,95,56.2,0.2,No,2400,2400,0,5576,125
16:31:21.789,sleep,15299,464,7138,16789,9,95,55.1,0.2,No,1500,2400,0,5576,125
16:31:22.789,sleep,15288,460,5266,16788,13,95,54.0,-0.0,No,1500,2400,0,5319,75
16:31:23.789,sleep,15301,432,6636,16788,13,95,54.0,0.0,No,1500,2400,0,3706,75
16:31:24.789,sleep,15294,474,7272,16789,15,95,54.0,0.3,No,1500,2400,0,3475,75
16:31:25.789,sleep,15299,478,4258,16790,19,95,52.9,0.2,No,1500,2400,0,3427,75
16:31:26.789,sleep,15294,520,7986,16790,19,95,52.9,0.5,No,1500,2400,0,3416,75
16:31:27.789,sleep,15294,356,5014,16791,21,95,52.4,0.0,No,1500,2400,0,3419,75
16:31:28.789,sleep,15296,534,8198,16790,16,95,52.4,0.3,No,1500,2400,0,3413,75
16:31:29.789,sleep,15294,382,4996,16789,15,95,51.8,-0.0,No,1500,2400,0,3406,75
16:31:30.789,sleep,15299,272,4166,16790,15,95,51.2,0.2,No,1500,2400,0,3405,75
16:31:31.793,active,15318,450,7350,16788,10,95,55.6,33.8,No,2400,2400,0,3372,75
16:31:32.790,active,15303,454,6964,16788,0,95,56.2,51.9,No,2400,2400,0,3341,75
16:31:33.789,active,15271,706,10842,16788,0,95,56.8,53.6,No,2400,2400,0,3337,75
16:31:34.789,active,15311,680,9606,16786,-4,95,57.9,54.1,No,2400,2400,0,3325,75
16:31:35.789,active,15303,672,10320,16787,0,95,59.0,52.0,No,2400,2400,0,3311,75
16:31:36.793,active,15296,666,10282,16787,0,95,59.5,52.0,No,2400,2400,0,3298,75
16:31:37.789,active,15296,678,10398,16787,0,95,59.0,51.0,No,2400,2400,0,3303,75
16:31:38.789,active,15292,708,10938,16787,0,95,60.0,51.8,No,2400,2400,0,5040,125
16:31:39.790,active,15299,716,10976,16787,0,95,60.0,54.1,No,2400,2400,0,5407,125
16:31:40.789,active,15292,748,11382,16787,-3,95,60.0,55.4,No,2400,2400,0,5424,125
16:31:41.789,active,15299,766,11748,16786,0,95,59.5,53.4,No,2400,2400,0,5437,125
16:31:42.789,active,15301,764,11670,16785,-3,95,60.0,52.4,No,2400,2400,0,5429,125
16:31:43.792,active,15264,658,12056,16787,0,95,61.7,53.3,No,2400,2400,0,5431,125
16:31:44.789,active,15311,752,11498,16786,0,95,61.7,55.2,No,2400,2400,0,5428,125
16:31:45.791,active,15266,756,11266,16786,-3,95,61.1,56.6,No,2400,2400,0,5439,125
16:31:46.792,active,15271,752,11498,16787,0,95,61.1,56.6,No,2400,2400,0,5432,125
16:31:47.789,active,15271,736,13388,16786,0,95,60.6,57.2,No,2400,2400,0,5432,125
16:31:48.789,active,15256,718,10996,16788,0,95,62.2,57.1,No,2400,2400,0,5436,125
16:31:49.789,active,15262,992,12134,16785,0,95,62.2,57.1,No,2400,2400,0,5447,125
16:31:50.789,active,15266,700,10726,16785,-7,95,62.2,56.0,No,2400,2400,0,5447,125
16:31:51.789,active,15296,532,8198,16785,-7,95,61.7,56.3,No,2400,2400,0,5453,125
16:31:52.791,active,15296,714,6964,16785,-6,95,61.7,56.9,No,2400,2400,0,5456,125
16:31:53.797,active,15354,490,7522,16785,-5,95,62.2,57.5,No,2400,2400,0,5460,125
16:31:54.789,active,15294,728,7638,16786,0,95,61.7,58.4,No,2400,2400,0,5469,125
16:31:55.789,active,15350,536,8256,16785,0,95,62.8,58.0,No,2400,2400,0,5466,125
16:31:56.793,active,15329,584,7234,16785,0,95,63.4,57.3,No,2400,2400,0,5473,125
16:31:57.789,active,15350,526,8102,16786,-3,95,62.8,57.5,No,2400,2400,0,5477,125
16:31:58.790,active,15352,278,6944,16786,-7,95,62.8,58.3,No,2400,2400,0,5489,125
16:31:59.792,active,15331,492,7562,16786,-4,95,62.2,57.1,No,2400,2400,0,5476,125
16:32:00.789,active,15277,490,7522,16786,0,95,62.2,58.7,No,2400,2400,0,5486,125
16:32:01.789,active,15294,774,11728,16787,0,95,62.2,58.8,No,2400,2400,0,5478,125
16:32:02.789,active,15279,826,12654,16786,0,95,63.4,58.8,No,2400,2400,0,5491,125
16:32:03.789,active,15273,860,11844,16786,0,95,62.8,58.1,No,2400,2400,0,5488,125
16:32:04.789,active,15309,744,11440,16785,-4,95,63.4,57.4,No,2400,2400,0,5492,125
16:32:05.793,active,15288,774,11478,16785,0,95,63.4,57.3,No,2400,2400,0,5500,125
16:32:06.792,active,15301,762,11690,16786,0,95,62.2,52.7,No,2400,2400,0,5498,125
16:32:07.792,active,15303,766,11400,16785,0,95,61.1,51.7,No,2400,2400,0,5504,125
16:32:08.789,active,15301,748,11478,16785,0,95,62.2,52.5,No,2400,2400,0,5508,125
16:32:09.789,active,15299,686,10494,16785,0,95,62.2,52.8,No,2400,2400,0,5513,125
16:32:10.792,active,15307,450,10880,16784,-5,95,62.2,52.5,No,2400,2400,0,5511,125
16:32:11.789,active,15264,704,10764,16784,-6,95,63.4,57.5,No,2400,2400,0,5506,125
16:32:12.792,active,15314,528,12038,16785,-4,95,62.8,59.4,No,2400,2400,0,5505,125
16:32:13.793,active,15264,814,12480,16786,-3,95,61.7,58.8,No,2400,2400,0,5504,125
16:32:14.790,active,15296,592,12366,16786,0,95,61.7,58.9,No,2400,2400,0,5508,125
16:32:15.789,active,15251,772,11806,16785,0,95,62.8,59.0,No,2400,2400,0,5510,125
16:32:16.789,active,15262,976,12192,16785,0,95,63.4,59.2,No,2400,2400,0,5515,125
16:32:17.789,active,15264,750,11458,16785,0,95,63.4,59.0,No,2400,2400,0,5513,125
16:32:18.789,active,15264,938,14372,16787,0,95,62.8,58.9,No,2400,2400,0,5525,125
16:32:19.792,active,15294,744,8816,16787,-3,95,63.9,58.7,No,2400,2400,0,5516,125
16:32:20.793,active,15299,732,11226,16787,0,95,62.8,58.9,No,2400,2400,0,5519,125
16:32:21.794,active,15296,726,8178,16786,-3,95,61.7,58.7,No,2400,2400,0,5522,125
16:32:22.789,active,15357,486,7484,16786,0,95,62.2,59.5,No,2400,2400,0,5530,125
16:32:23.793,active,15296,652,8120,16785,0,95,63.4,58.6,No,2400,2400,0,5527,125
16:32:24.792,active,15335,498,7658,16785,0,95,63.4,58.6,No,2400,2400,0,5520,125
16:32:25.789,active,15352,518,7966,16785,0,95,62.8,57.0,No,2400,2400,0,5522,125
16:32:26.791,active,15320,576,8834,16786,0,95,63.4,55.4,No,2400,2400,0,5520,125
16:32:27.793,active,15346,524,8044,16785,0,95,62.8,54.9,No,2400,2400,0,5529,125
16:32:28.789,active,15290,698,9934,16786,0,95,62.8,55.8,No,2400,2400,0,5533,125
16:32:29.789,active,15260,926,14178,16786,0,95,62.2,59.6,No,2400,2400,0,5531,125
16:32:30.789,active,15307,734,10880,16786,0,95,62.8,52.8,No,2400,2400,0,5537,125
16:32:31.789,sleep,15296,456,6982,16787,0,95,59.5,27.6,No,2400,2400,0,5552,125
16:32:32.789,sleep,15294,452,7214,16789,12,95,57.9,0.0,No,2400,2400,0,5572,125
16:32:33.789,sleep,15292,484,7408,16789,14,95,57.3,0.0,No,2400,2400,0,5580,125
16:32:34.789,sleep,15292,538,8236,16788,12,95,56.8,0.0,No,2400,2400,0,5575,125
16:32:35.789,sleep,15290,406,6250,16788,16,95,56.8,-0.0,No,2400,2400,0,5575,125
16:32:36.789,sleep,15290,454,6964,16790,19,95,55.1,0.3,No,1500,2400,0,5582,125
16:32:37.789,sleep,15290,476,4340,16790,19,95,54.5,0.0,No,1500,2400,0,5597,125
16:32:38.789,sleep,15292,334,5130,16789,17,95,54.0,-0.0,No,1500,2400,0,4662,75
16:32:39.789,sleep,15294,284,7716,16790,21,95,54.0,0.3,No,1500,2400,0,3621,75
16:32:40.789,sleep,15296,612,9394,16790,16,95,53.5,0.2,No,1500,2400,0,3461,75
16:32:41.789,sleep,15292,398,6114,16791,19,95,52.9,0.3,No,1500,2400,0,3429,75
16:32:42.789,sleep,15296,222,3394,16790,20,95,52.4,-0.0,No,1500,2400,0,3425,75
16:32:43.789,sleep,15299,490,7504,16791,19,95,52.4,0.0,No,1500,2400,0,3423,75
16:32:44.789,sleep,15290,524,8044,16789,16,95,52.4,-0.0,No,1500,2400,0,3408,75
16:32:45.789,sleep,15296,228,3510,16790,19,95,51.8,0.3,No,1500,2400,0,3409,75
16:32:46.793,active,15253,810,10282,16789,12,95,55.6,32.2,No,2400,2400,0,3388,75
16:32:47.789,active,15350,490,7542,16788,-4,95,57.3,51.9,No,2400,2400,0,3354,75
16:32:48.794,active,15331,514,7890,16787,-6,95,57.3,52.8,No,2400,2400,0,3336,75
16:32:49.789,active,15303,712,7846,16787,0,95,57.9,53.4,No,2400,2400,0,3312,75
16:32:50.789,active,15350,534,8218,16786,0,95,59.0,53.5,No,2400,2400,0,3326,75
16:32:51.789,active,15341,490,6558,16785,0,95,59.5,54.7,No,2400,2400,0,3322,75
16:32:52.793,active,15318,462,7118,16786,-3,95,59.5,51.8,No,2400,2400,0,3311,75
16:32:53.789,active,15318,508,7368,16786,0,95,59.5,51.4,No,2400,2400,0,3314,75
16:32:54.789,active,15311,506,7774,16786,0,95,60.0,51.3,No,2400,2400,0,3310,75
16:32:55.790,active,15316,508,7832,16785,-5,95,59.5,51.7,No,2400,2400,0,3309,125
16:32:56.789,active,15283,744,10652,16786,-4,95,60.6,56.4,No,2400,2400,0,5164,125
16:32:57.789,active,15275,702,10744,16787,0,95,60.6,56.8,No,2400,2400,0,5411,125
16:32:58.793,active,15307,726,11882,16787,4,95,60.6,56.6,No,2400,2400,0,5425,125
16:32:59.789,active,15301,782,11998,16787,0,95,61.1,56.2,No,2400,2400,0,5425,125
16:33:00.790,active,15311,738,11092,16786,0,95,62.2,56.4,No,2400,2400,0,5422,125
16:33:01.795,active,15296,728,11170,16785,0,95,61.1,57.3,No,2400,2400,0,5422,125
16:33:02.790,active,15316,708,11170,16785,0,95,61.1,56.0,No,2400,2400,0,5422,125
16:33:03.789,active,15307,750,11498,16785,0,95,61.1,58.4,No,2400,2400,0,5428,125
16:33:04.789,active,15307,744,11420,16785,-3,95,62.8,59.7,No,2400,2400,0,5428,125
16:33:05.793,active,15314,486,12578,16787,-4,95,63.4,58.4,No,2400,2400,0,5437,125
16:33:06.789,active,15275,756,11574,16787,-7,95,62.8,57.0,No,2400,2400,0,5437,125
16:33:07.789,active,15294,682,10956,16786,-8,95,62.8,57.8,No,2400,2400,0,5450,125
16:33:08.792,active,15271,854,13078,16786,-5,95,62.2,59.5,No,2400,2400,0,5453,125
16:33:09.791,active,15260,626,10880,16784,-4,95,61.7,58.2,No,2400,2400,0,5443,125
16:33:10.789,active,15260,880,13464,16784,-4,95,61.7,54.0,No,2400,2400,0,5451,125
16:33:11.789,active,15260,794,13600,16785,0,95,63.4,52.0,No,2400,2400,0,5456,125
16:33:12.789,active,15258,908,13890,16787,0,95,62.2,51.9,No,2400,2400,0,5464,125
16:33:13.789,active,15256,696,10686,16786,0,95,62.8,51.5,No,2400,2400,0,5470,125
16:33:14.789,active,15350,504,7678,16787,3,95,62.2,51.7,No,2400,2400,0,5471,125
16:33:15.793,active,15344,542,8334,16787,3,95,61.7,51.8,No,2400,2400,0,5473,125
16:33:16.790,active,15359,506,7850,16786,0,95,61.1,51.0,No,2400,2400,0,5480,125
16:33:17.789,active,15324,524,8044,16787,0,95,61.1,52.2,No,2400,2400,0,5475,125
16:33:18.789,active,15346,522,7870,16786,0,95,62.2,52.4,No,2400,2400,0,5480,125
16:33:19.789,active,15309,522,8006,16788,0,95,62.2,54.5,No,2400,2400,0,5484,125
16:33:20.792,active,15296,528,8102,16786,0,95,62.8,58.7,No,2400,2400,0,5485,125
16:33:21.792,active,15354,516,7928,16787,0,95,61.1,58.5,No,2400,2400,0,5479,125
16:33:22.793,active,15294,510,7850,16786,0,95,62.2,57.6,No,2400,2400,0,5496,125
16:33:23.789,active,15266,894,11516,16787,0,95,61.7,57.8,No,2400,2400,0,5497,125
16:33:24.789,active,15307,758,11632,16786,3,95,62.2,59.2,No,2400,2400,0,5498,125
16:33:25.792,active,15275,672,10282,16786,0,95,62.8,59.1,No,2400,2400,0,5501,125
16:33:26.789,active,15286,718,11014,16786,0,95,63.4,59.4,No,2400,2400,0,5502,125
16:33:27.789,active,15299,778,11922,16787,0,95,63.4,58.2,No,2400,2400,0,5504,125
16:33:28.793,active,15305,724,11092,16788,0,95,63.4,60.1,No,2400,2400,0,5502,125
16:33:29.790,active,15305,728,11170,16787,-3,95,62.2,59.7,No,2400,2400,0,5497,125
16:33:30.789,active,15301,730,12232,16786,0,95,62.2,59.5,No,2400,2400,0,5498,125
16:33:31.789,active,15307,720,11034,16786,0,95,62.8,58.9,No,2400,2400,0,5506,125
16:33:32.793,active,15305,750,10880,16786,0,95,61.7,59.4,No,2400,2400,0,5511,125
16:33:33.789,active,15279,654,10012,16787,0,95,63.4,60.1,No,2400,2400,0,5498,125
16:33:34.789,active,15303,736,11266,16788,0,95,62.8,58.5,No,2400,2400,0,5512,125
16:33:35.790,active,15277,714,10918,16788,0,95,62.8,58.5,No,2400,2400,0,5514,125
16:33:36.797,active,15316,840,12866,16787,0,95,63.4,57.1,No,2400,2400,0,5513,125
16:33:37.789,active,15277,682,11224,16785,0,95,62.8,56.9,No,2400,2400,0,5511,125
16:33:38.789,active,15251,918,14062,16785,0,95,62.8,54.8,No,2400,2400,0,5518,125
16:33:39.789,active,15258,820,12636,16785,-3,95,63.4,54.9,No,2400,2400,0,5519,125
16:33:40.793,active,15279,862,13176,16787,0,95,62.8,54.8,No,2400,2400,0,5526,125
16:33:41.789,active,15299,536,10956,16788,0,95,62.8,59.0,No,2400,2400,0,5515,125
16:33:42.789,active,15348,510,7850,16787,0,95,62.2,52.1,No,2400,2400,0,5523,125
16:33:43.790,active,15331,506,7754,16787,0,95,61.7,51.3,No,2400,2400,0,5527,125
16:33:44.789,active,15357,462,7630,16786,0,95,61.7,51.5,No,2400,2400,0,5525,125
16:33:45.789,active,15352,474,7292,16786,0,95,62.2,52.2,No,2400,2400,0,5530,125
16:33:46.789,sleep,15296,514,8198,16788,0,95,59.5,31.1,No,2400,2400,0,5555,125
16:33:47.789,sleep,15299,514,7870,16789,13,95,58.4,0.2,No,2400,2400,0,5566,125
16:33:48.789,sleep,15294,570,8950,16789,16,95,57.9,-0.0,No,2400,2400,0,5576,125
16:33:49.789,sleep,15294,484,7408,16788,14,95,57.3,0.3,No,2400,2400,0,5572,125
16:33:50.789,sleep,15292,534,9066,16789,15,95,56.2,-0.0,No,2400,2400,0,5563,125
16:33:51.789,sleep,15292,280,7484,16788,13,95,55.1,0.2,No,1500,2400,0,5572,125
16:33:52.789,sleep,15292,470,7194,16791,17,95,55.1,0.3,No,1500,2400,0,4144,75
16:33:53.789,sleep,15292,578,8430,16791,18,95,54.5,-0.0,No,1500,2400,0,3537,75
16:33:54.789,sleep,15290,284,4340,16792,19,95,52.9,0.0,No,1500,2400,0,3444,75
16:33:55.789,sleep,15296,532,8546,16790,17,95,54.5,0.3,No,1500,2400,0,3430,75
16:33:56.789,sleep,15294,572,8758,16790,18,95,53.5,0.3,No,1500,2400,0,3419,75
16:33:57.789,sleep,15294,544,5998,16790,19,95,52.4,0.0,No,1500,2400,0,3414,75
16:33:58.789,sleep,15292,490,7504,16790,16,95,52.4,0.0,No,1500,2400,0,3405,75
16:33:59.789,sleep,15294,460,7040,16790,15,95,51.8,0.3,No,1500,2400,0,3400,75
16:34:00.789,sleep,15299,516,7426,16790,14,95,52.4,0.0,No,1500,2400,0,3407,75
16:34:01.793,active,15247,622,9490,16787,7,95,55.6,28.4,No,2400,2400,0,3382,75
16:34:02.789,active,15251,554,10514,16786,-5,95,56.8,53.5,No,2400,2400,0,3333,75
16:34:03.789,active,15271,766,11728,16786,-5,95,57.3,52.3,No,2400,2400,0,3331,75
16:34:04.790,active,15275,682,11324,16786,-5,95,57.9,56.2,No,2400,2400,0,3330,75
16:34:05.789,active,15256,764,11690,16787,-5,95,59.0,55.2,No,2400,2400,0,3322,75
16:34:06.789,active,15245,774,13098,16787,-6,95,59.5,58.0,No,2400,2400,0,3322,75
16:34:07.789,active,15256,940,14372,16787,-5,95,60.0,52.7,No,2400,2400,0,4000,125
16:34:08.789,active,15264,762,11710,16785,-4,95,60.6,52.0,No,2400,2400,0,5340,125
16:34:09.789,active,15354,496,6886,16785,-7,95,59.5,51.9,No,2400,2400,0,5437,125
16:34:10.793,active,15333,494,7600,16787,-3,95,60.6,51.6,No,2400,2400,0,5441,125
16:34:11.790,active,15296,686,6982,16786,-3,95,59.5,55.5,No,2400,2400,0,5434,125
16:34:12.789,active,15359,458,7040,16787,0,95,61.1,57.7,No,2400,2400,0,5433,125
16:34:13.789,active,15299,764,7272,16787,0,95,61.7,56.9,No,2400,2400,0,5428,125
16:34:14.789,active,15296,576,8834,16785,-5,95,61.1,58.0,No,2400,2400,0,5436,125
16:34:15.789,active,15350,258,7484,16785,-4,95,61.1,56.6,No,2400,2400,0,5440,125
16:34:16.791,active,15318,568,8718,16785,-6,95,62.2,56.4,No,2400,2400,0,5438,125
16:34:17.793,active,15352,530,8160,16786,-4,95,62.2,55.7,No,2400,2400,0,5445,125
16:34:18.790,active,15266,950,10186,16785,-8,95,61.1,57.4,No,2400,2400,0,5445,125
16:34:19.789,active,15294,752,11536,16786,-4,95,62.2,58.9,No,2400,2400,0,5445,125
16:34:20.792,active,15283,944,11054,16785,-5,95,62.2,59.4,No,2400,2400,0,5449,125
16:34:21.793,active,15279,784,12018,16785,-6,95,62.8,57.4,No,2400,2400,0,5454,125
16:34:22.789,active,15277,604,11440,16787,-4,95,62.8,58.0,No,2400,2400,0,5463,125
16:34:23.789,active,15311,762,11690,16787,-5,95,62.2,58.4,No,2400,2400,0,5467,125
16:34:24.793,active,15268,698,10706,16787,0,95,62.8,59.1,No,2400,2400,0,5470,125
16:34:25.791,active,15303,732,11226,16786,0,95,62.8,59.6,No,2400,2400,0,5468,125
16:34:26.789,active,15275,776,11902,16785,0,95,63.4,57.9,No,2400,2400,0,5470,125
16:34:27.789,active,15314,454,10262,16786,0,95,62.8,57.8,No,2400,2400,0,5462,125
16:34:28.789,active,15260,684,10474,16787,0,95,62.8,58.2,No,2400,2400,0,5477,125
16:34:29.792,active,15316,730,11170,16787,0,95,62.8,59.2,No,2400,2400,0,5483,125
16:34:30.793,active,15277,764,11690,16787,0,95,63.4,58.1,No,2400,2400,0,5484,125
16:34:31.793,active,15279,698,10686,16786,0,95,62.8,59.2,No,2400,2400,0,5482,125
16:34:32.791,active,15264,584,12278,16786,0,95,61.7,57.5,No,2400,2400,0,5494,125
16:34:33.789,active,15271,786,12038,16785,0,95,62.2,58.1,No,2400,2400,0,5488,125
16:34:34.793,active,15271,728,14160,16786,0,95,62.8,58.7,No,2400,2400,0,5492,125
16:34:35.793,active,15264,740,11324,16786,0,95,63.4,57.1,No,2400,2400,0,5496,125
16:34:36.789,active,15299,920,11034,16787,0,95,62.8,54.2,No,2400,2400,0,5500,125
16:34:37.790,active,15350,528,8140,16788,0,95,62.2,51.9,No,2400,2400,0,5504,125
16:34:38.790,active,15305,532,8198,16786,0,95,62.2,52.0,No,2400,2400,0,5511,125
16:34:39.789,active,15346,530,8006,16786,0,95,61.1,53.0,No,2400,2400,0,5500,125
16:34:40.789,active,15354,484,7426,16786,0,95,61.7,54.7,No,2400,2400,0,5503,125
16:34:41.789,active,15326,522,7118,16785,-3,95,62.2,55.0,No,2400,2400,0,5518,125
16:34:42.789,active,15318,498,7658,16788,0,95,63.4,54.3,No,2400,2400,0,5511,125
16:34:43.789,active,15331,516,8236,16787,0,95,62.2,54.1,No,2400,2400,0,5517,125
16:34:44.793,active,15314,444,6828,16787,0,95,62.2,54.3,No,2400,2400,0,5516,125
16:34:45.790,active,15359,484,8024,16788,0,95,62.2,57.3,No,2400,2400,0,5518,125
16:34:46.789,active,15277,754,11554,16786,0,95,62.2,59.6,No,2400,2400,0,5515,125
16:34:47.789,active,15279,752,11554,16786,0,95,62.8,58.7,No,2400,2400,0,5516,125
16:34:48.789,active,15311,740,12130,16785,-3,95,62.8,59.7,No,2400,2400,0,5515,125
16:34:49.789,active,15279,658,10088,16785,-5,95,63.4,59.3,No,2400,2400,0,5515,125
16:34:50.789,active,15305,706,11014,16785,-3,95,62.2,57.5,No,2400,2400,0,5522,125
16:34:51.793,active,15307,658,10108,16785,-6,95,62.2,54.4,No,2400,2400,0,5528,125
16:34:52.790,active,15296,770,11130,16785,0,95,61.1,53.9,No,2400,2400,0,5524,125
16:34:53.789,active,15303,740,11362,16786,0,95,61.7,54.3,No,2400,2400,0,5526,125
16:34:54.789,active,15309,734,11034,16786,0,95,62.2,59.4,No,2400,2400,0,5524,125
16:34:55.792,active,15320,668,10244,16785,0,95,62.8,57.4,No,2400,2400,0,5523,125
16:34:56.793,active,15309,744,11382,16786,0,95,62.8,55.0,No,2400,2400,0,5522,125
16:34:57.789,active,15258,620,13074,16787,0,95,62.2,54.6,No,2400,2400,0,5533,125
16:34:58.789,active,15305,868,13272,16787,0,95,62.2,54.2,No,2400,2400,0,5527,125
16:34:59.789,active,15279,658,13234,16787,0,95,61.1,58.8,No,2400,2400,0,5523,125
16:35:00.789,active,15305,814,12462,16786,0,95,62.2,54.2,No,2400,2400,0,5523,125
16:35:01.789,sleep,15305,462,7022,16787,4,95,59.5,34.7,No,2400,2400,0,5550,125
16:35:02.789,sleep,15294,558,8564,16789,14,95,58.4,-0.0,No,2400,2400,0,5582,125
16:35:03.789,sleep,15299,520,9664,16790,15,95,57.9,0.3,No,2400,2400,0,5581,125
16:35:04.789,sleep,15296,484,7426,16790,16,95,57.3,-0.0,No,2400,2400,0,5578,125
16:35:05.789,sleep,15301,522,8024,16788,12,95,55.6,0.0,No,2400,2400,0,5585,125
16:35:06.789,sleep,15296,444,6384,16789,12,95,55.6,0.0,No,1500,2400,0,5586,125
16:35:07.789,sleep,15299,390,5998,16789,17,95,54.5,0.3,No,1500,2400,0,5590,125
16:35:08.789,sleep,15299,444,6384,16790,16,95,54.0,0.0,No,1500,2400,0,3905,75
16:35:09.789,sleep,15296,310,4764,16790,16,95,54.0,0.0,No,1500,2400,0,3504,75
16:35:10.789,sleep,15301,388,8392,16791,16,95,53.5,0.3,No,1500,2400,0,3439,75
16:35:11.789,sleep,15294,508,7792,16790,12,95,54.5,0.2,No,1500,2400,0,3431,75
16:35:12.789,sleep,15290,258,5940,16790,17,95,52.4,0.0,No,1500,2400,0,3408,75
16:35:13.789,sleep,15290,440,7600,16789,17,95,52.9,0.3,No,1500,2400,0,3402,75
16:35:14.789,sleep,15296,388,5940,16790,14,95,52.4,0.0,No,1500,2400,0,3407,75
16:35:15.789,sleep,15294,574,8584,16791,16,95,52.4,0.0,No,1500,2400,0,3402,75
16:35:16.789,active,15305,714,10938,16790,12,95,55.6,24.8,No,2400,2400,0,3389,75
16:35:17.789,active,15303,660,10610,16787,0,95,56.8,51.7,No,2400,2400,0,3358,75
16:35:18.791,active,15299,742,11382,16787,0,95,57.9,51.7,No,2400,2400,0,3334,75
16:35:19.793,active,15301,676,11536,16786,0,95,57.9,51.3,No,2400,2400,0,3330,75
16:35:20.790,active,15301,708,10860,16787,-4,95,57.9,53.6,No,2400,2400,0,3309,75
16:35:21.789,active,15299,690,10572,16787,0,95,58.4,53.4,No,2400,2400,0,3321,75
16:35:22.789,active,15303,690,10572,16788,0,95,60.0,54.6,No,2400,2400,0,3309,75
16:35:23.789,active,15251,596,9124,16787,0,95,60.6,52.6,No,2400,2400,0,3309,75
16:35:24.789,active,15307,604,12442,16786,0,95,60.0,52.7,No,2400,2400,0,3314,75
16:35:25.789,active,15273,756,11574,16786,0,95,60.0,53.2,No,2400,2400,0,4543,125
16:35:26.793,active,15294,864,13214,16787,0,95,59.5,55.8,No,2400,2400,0,5373,125
16:35:27.789,active,15243,802,12268,16787,0,95,60.0,51.9,No,2400,2400,0,5430,125
16:35:28.789,active,15256,868,13272,16787,0,95,59.0,52.9,No,2400,2400,0,5423,125
16:35:29.789,active,15256,652,9972,16786,0,95,61.1,54.0,No,2400,2400,0,5404,125
16:35:30.789,active,15275,712,10898,16785,-3,95,62.2,56.4,No,2400,2400,0,5419,125
16:35:31.796,active,15264,774,13620,16785,-5,95,61.7,56.2,No,2400,2400,0,5430,125
16:35:32.791,active,15301,706,10842,16785,-7,95,61.1,56.3,No,2400,2400,0,5434,125
16:35:33.796,active,15301,746,11440,16785,-5,95,61.1,56.2,No,2400,2400,0,5425,125
16:35:34.789,active,15301,520,7966,16785,-6,95,60.6,56.7,No,2400,2400,0,5430,125
16:35:35.789,active,15299,578,8854,16787,-4,95,61.7,56.3,No,2400,2400,0,5442,125
16:35:36.793,active,15314,424,7524,16786,0,95,61.7,58.2,No,2400,2400,0,5440,125
16:35:37.793,active,15299,498,7658,16785,-3,95,62.2,58.2,No,2400,2400,0,5443,125
16:35:38.789,active,15326,462,7696,16786,0,95,61.1,53.0,No,2400,2400,0,5458,125
16:35:39.789,active,15333,510,7850,16787,3,95,62.2,51.7,No,2400,2400,0,5457,125
16:35:40.790,active,15337,514,7890,16786,0,95,60.6,51.3,No,2400,2400,0,5463,125
16:35:41.789,active,15264,910,13928,16785,0,95,61.1,58.8,No,2400,2400,0,5457,125
16:35:42.789,active,15268,738,11304,16786,0,95,62.2,58.8,No,2400,2400,0,5462,125
16:35:43.789,active,15281,778,10386,16787,0,95,62.8,58.4,No,2400,2400,0,5467,125
16:35:44.789,active,15266,656,10070,16787,0,95,62.2,57.6,No,2400,2400,0,5467,125
16:35:45.791,active,15279,808,11498,16786,-3,95,62.8,58.1,No,2400,2400,0,5471,125
16:35:46.792,active,15273,728,11170,16785,-4,95,62.2,60.3,No,2400,2400,0,5473,125
16:35:47.792,active,15303,752,11170,16785,0,95,62.2,58.1,No,2400,2400,0,5479,125
16:35:48.789,active,15303,732,11246,16786,0,95,61.7,58.2,No,2400,2400,0,5474,125
16:35:49.789,active,15311,742,10398,16786,0,95,62.8,58.8,No,2400,2400,0,5477,125
16:35:50.793,active,15326,724,11112,16786,-4,95,62.8,57.5,No,2400,2400,0,5481,125
16:35:51.789,active,15322,710,10880,16784,-5,95,62.8,57.7,No,2400,2400,0,5491,125
16:35:52.789,active,15311,768,12152,16786,0,95,62.8,57.3,No,2400,2400,0,5487,125
16:35:53.790,active,15314,650,9934,16785,-3,95,61.7,57.8,No,2400,2400,0,5492,125
16:35:54.790,active,15253,662,11940,16786,0,95,61.7,56.9,No,2400,2400,0,5486,125
16:35:55.789,active,15309,752,11498,16787,0,95,62.2,57.3,No,2400,2400,0,5498,125
16:35:56.789,active,15279,672,11864,16787,0,95,63.9,58.6,No,2400,2400,0,5498,125
16:35:57.789,active,15277,720,11034,16787,0,95,63.4,58.8,No,2400,2400,0,5497,125
16:35:58.789,active,15251,746,12848,16786,0,95,62.8,58.8,No,2400,2400,0,5502,125
16:35:59.792,active,15277,760,11632,16786,0,95,63.4,58.7,No,2400,2400,0,5503,125
16:36:00.792,active,15296,750,11516,16785,0,95,62.8,58.4,No,2400,2400,0,5511,125
16:36:01.793,active,15301,704,6828,16784,-6,95,61.7,59.7,No,2400,2400,0,5505,125
16:36:02.789,active,15301,706,10822,16785,-5,95,62.8,58.8,No,2400,2400,0,5514,125
16:36:03.789,active,15299,720,8064,16786,-5,95,62.2,59.1,No,2400,2400,0,5511,125
16:36:04.793,active,15305,536,8218,16785,-8,95,63.4,58.6,No,2400,2400,0,5511,125
16:36:05.789,active,15296,606,6906,16785,-9,95,62.8,58.2,No,2400,2400,0,5511,125
16:36:06.789,active,15357,510,7870,16784,-8,95,62.2,58.6,No,2400,2400,0,5512,125
16:36:07.793,active,15290,780,7928,16785,-6,95,63.4,59.1,No,2400,2400,0,5516,125
16:36:08.792,active,15354,484,7446,16785,-7,95,62.8,59.5,No,2400,2400,0,5510,125
16:36:09.789,active,15271,822,12596,16785,-4,95,63.4,60.7,No,2400,2400,0,5512,125
16:36:10.789,active,15266,930,11440,16785,-3,95,63.4,58.5,No,2400,2400,0,5519,125
16:36:11.793,active,15271,724,11112,16785,-5,95,63.4,58.2,No,2400,2400,0,5519,125
16:36:12.789,active,15283,752,10976,16785,-5,95,63.4,57.1,No,2400,2400,0,5523,125
16:36:13.789,active,15305,782,11998,16785,-3,95,62.2,55.4,No,2400,2400,0,5516,125
16:36:14.790,active,15311,770,11072,16786,-4,95,61.7,55.0,No,2400,2400,0,5518,125
16:36:15.796,active,15307,750,11498,16786,-5,95,62.8,54.9,No,2400,2400,0,5520,125
16:36:16.789,sleep,15299,470,7214,16787,0,95,60.0,45.4,No,2400,2400,0,5527,125
16:36:17.789,sleep,15299,524,8044,16789,11,95,58.4,0.3,No,2400,2400,0,5565,125
16:36:18.789,sleep,15303,394,6056,16788,10,95,56.8,-0.0,No,2400,2400,0,5574,125
16:36:19.789,sleep,15301,530,6964,16788,11,95,56.8,0.0,No,2400,2400,0,5568,125
16:36:20.789,sleep,15292,470,7214,16787,7,95,56.2,-0.0,No,2400,2400,0,5575,125
16:36:21.789,sleep,15290,402,6154,16788,7,95,56.8,0.0,No,1500,2400,0,5577,125
16:36:22.789,sleep,15301,300,4610,16788,11,95,55.6,0.2,No,1500,2400,0,5590,125
16:36:23.789,sleep,15294,558,8564,16790,15,95,54.0,-0.0,No,1500,2400,0,5425,75
16:36:24.789,sleep,15294,276,4224,16788,16,95,55.1,0.3,No,1500,2400,0,3733,75
16:36:25.789,sleep,15303,406,6230,16789,15,95,52.9,0.0,No,1500,2400,0,3470,75
16:36:26.789,sleep,15290,484,5360,16790,14,95,52.9,-0.0,No,1500,2400,0,3430,75
16:36:27.789,sleep,15296,306,4706,16790,12,95,52.4,0.3,No,1500,2400,0,3412,75
16:36:28.789,sleep,15299,372,7466,16788,13,95,52.4,0.0,No,1500,2400,0,3411,75
16:36:29.789,sleep,15296,222,3414,16788,11,95,51.8,0.2,No,1500,2400,0,3412,75
16:36:30.789,sleep,15296,412,6308,16788,8,95,52.4,-0.0,No,1500,2400,0,3405,75
16:36:31.789,active,15344,474,7292,16789,8,95,54.5,22.4,No,2400,2400,0,3394,75
16:36:32.793,active,15301,470,7214,16786,-11,95,56.8,52.0,No,2400,2400,0,3360,75
16:36:33.789,active,15329,496,7638,16785,-11,95,58.4,51.0,No,2400,2400,0,3339,75
16:36:34.791,active,15354,496,7620,16785,-8,95,58.4,51.5,No,2400,2400,0,3339,75
16:36:35.793,active,15331,478,6944,16785,0,95,57.9,51.3,No,2400,2400,0,3330,75
16:36:36.789,active,15307,736,11304,16786,0,95,58.4,51.7,No,2400,2400,0,3320,75
16:36:37.789,active,15268,744,11420,16786,0,95,59.5,52.0,No,2400,2400,0,3320,75
16:36:38.789,active,15303,610,9356,16786,0,95,59.5,52.0,No,2400,2400,0,3311,75
16:36:39.789,active,15266,764,11728,16785,0,95,60.6,54.7,No,2400,2400,0,4987,125
16:36:40.789,active,15301,718,10204,16785,0,95,60.6,54.1,No,2400,2400,0,5406,125
16:36:41.790,active,15301,724,11092,16784,0,95,61.1,52.9,No,2400,2400,0,5435,125
16:36:42.794,active,15309,664,12674,16786,-3,95,61.1,53.9,No,2400,2400,0,5422,125
16:36:43.789,active,15299,694,10628,16787,-6,95,59.5,53.3,No,2400,2400,0,5419,125
16:36:44.789,active,15296,658,9876,16787,-6,95,61.7,55.3,No,2400,2400,0,5427,125
16:36:45.789,active,15311,474,11980,16787,0,95,60.6,52.3,No,2400,2400,0,5429,125
16:36:46.793,active,15277,648,9934,16784,-7,95,61.1,51.8,No,2400,2400,0,5438,125
16:36:47.789,active,15311,766,12018,16784,-3,95,61.1,56.1,No,2400,2400,0,5434,125
16:36:48.790,active,15260,664,10166,16785,0,95,61.1,55.4,No,2400,2400,0,5431,125
16:36:49.794,active,15262,680,10398,16785,-6,95,60.6,56.9,No,2400,2400,0,5438,125
16:36:50.789,active,15256,712,10898,16787,-3,95,61.7,56.8,No,2400,2400,0,5440,125
16:36:51.789,active,15277,762,11670,16786,0,95,61.7,57.6,No,2400,2400,0,5444,125
16:36:52.789,active,15266,642,10606,16786,0,95,63.9,56.5,No,2400,2400,0,5452,125
16:36:53.789,active,15256,698,10686,16784,0,95,62.2,57.2,No,2400,2400,0,5457,125
16:36:54.791,active,15296,510,7850,16786,0,95,62.8,58.5,No,2400,2400,0,5454,125
16:36:55.796,active,15294,698,10706,16787,0,95,62.2,59.1,No,2400,2400,0,5460,125
16:36:56.789,active,15294,538,8276,16786,0,95,61.7,58.5,No,2400,2400,0,5452,125
16:36:57.789,active,15296,712,10918,16787,0,95,62.2,59.3,No,2400,2400,0,5463,125
16:36:58.789,active,15322,444,6810,16786,0,95,63.4,59.1,No,2400,2400,0,5471,125
16:36:59.793,active,15296,724,8584,16786,0,95,63.4,57.9,No,2400,2400,0,5468,125
16:37:00.789,active,15296,546,8410,16786,0,95,63.4,58.0,No,2400,2400,0,5470,125
16:37:01.789,active,15299,534,8854,16787,0,95,62.8,56.9,No,2400,2400,0,5472,125
16:37:02.789,active,15348,530,8160,16788,0,95,62.2,58.2,No,2400,2400,0,5479,125
16:37:03.789,active,15264,760,7948,16786,0,95,62.2,58.2,No,2400,2400,0,5485,125
16:37:04.789,active,15303,738,11304,16787,3,95,62.2,58.5,No,2400,2400,0,5479,125
16:37:05.789,active,15273,732,11246,16788,4,95,62.8,57.7,No,2400,2400,0,5491,125
16:37:06.789,active,15309,724,11284,16788,3,95,62.8,57.6,No,2400,2400,0,5484,125
16:37:07.789,active,15271,806,12366,16787,4,95,62.2,57.7,No,2400,2400,0,5492,125
16:37:08.792,active,15273,928,12172,16787,4,95,62.2,59.3,No,2400,2400,0,5500,125
16:37:09.790,active,15296,712,10918,16787,0,95,62.8,57.0,No,2400,2400,0,5502,125
16:37:10.790,active,15271,946,11458,16785,0,95,62.2,57.9,No,2400,2400,0,5494,125
16:37:11.789,active,15307,724,11092,16785,0,95,62.8,59.4,No,2400,2400,0,5494,125
16:37:12.793,active,15311,704,10802,16788,0,95,63.4,58.2,No,2400,2400,0,5503,125
16:37:13.793,active,15309,704,11824,16788,0,95,62.8,58.4,No,2400,2400,0,5503,125
16:37:14.789,active,15266,724,11072,16788,0,95,64.5,58.8,No,2400,2400,0,5504,125
16:37:15.790,active,15275,680,11188,16785,0,95,62.8,58.3,No,2400,2400,0,5507,125
16:37:16.793,active,15258,766,11728,16785,0,95,62.8,59.4,No,2400,2400,0,5502,125
16:37:17.789,active,15279,988,12056,16786,0,95,62.8,58.0,No,2400,2400,0,5502,125
16:37:18.789,active,15277,752,11536,16786,0,95,62.2,58.8,No,2400,2400,0,5506,125
16:37:19.793,active,15260,766,11748,16787,0,95,62.8,59.3,No,2400,2400,0,5509,125
16:37:20.793,active,15279,678,10398,16787,0,95,62.8,59.0,No,2400,2400,0,5513,125
16:37:21.789,active,15258,798,12230,16787,0,95,62.8,58.9,No,2400,2400,0,5509,125
16:37:22.789,active,15299,696,7948,16786,0,95,62.8,58.9,No,2400,2400,0,5509,125
16:37:23.793,active,15296,686,10514,16785,-3,95,62.2,58.3,No,2400,2400,0,5518,125
16:37:24.790,active,15292,680,8064,16786,-3,95,63.4,59.4,No,2400,2400,0,5516,125
16:37:25.790,active,15299,520,7966,16787,0,95,63.4,59.2,No,2400,2400,0,5521,125
16:37:26.789,active,15339,506,7754,16787,0,95,62.2,58.6,No,2400,2400,0,5520,125
16:37:27.793,active,15352,536,8256,16786,0,95,62.8,58.2,No,2400,2400,0,5525,125
16:37:28.789,active,15344,490,7522,16786,0,95,62.8,56.9,No,2400,2400,0,5521,125
16:37:29.791,active,15333,470,7746,16786,0,95,63.9,55.6,No,2400,2400,0,5524,125
16:37:30.794,active,15337,496,7600,16787,0,95,61.7,54.3,No,2400,2400,0,5518,125
16:37:31.789,sleep,15296,272,7832,16787,3,95,60.0,43.3,No,2400,2400,0,5529,125
16:37:32.789,sleep,15294,486,7446,16790,14,95,59.0,0.0,No,2400,2400,0,5573,125
16:37:33.789,sleep,15296,568,8718,16790,11,95,57.3,1.0,No,2400,2400,0,5575,125
16:37:34.789,sleep,15294,490,7504,16789,10,95,57.9,0.0,No,2400,2400,0,5569,125
16:37:35.789,sleep,15299,444,6810,16788,7,95,56.2,0.2,No,2400,2400,0,5573,125
16:37:36.789,sleep,15292,418,6148,16788,9,95,55.1,0.0,No,1500,2400,0,5582,125
16:37:37.789,sleep,15290,406,6230,16789,12,95,54.5,-0.0,No,1500,2400,0,5584,125
16:37:38.789,sleep,15299,552,6134,16790,13,95,54.5,0.3,No,1500,2400,0,4689,75
16:37:39.789,sleep,15296,378,5806,16790,17,95,52.9,0.0,No,1500,2400,0,3615,75
16:37:40.789,sleep,15299,538,8256,16789,15,95,53.5,0.0,No,1500,2400,0,3457,75
16:37:41.789,sleep,15299,214,3278,16789,13,95,54.0,0.3,No,1500,2400,0,3436,75
16:37:42.789,sleep,15294,582,8932,16790,16,95,51.8,0.3,No,1500,2400,0,3426,75
16:37:43.789,sleep,15301,264,8448,16790,14,95,52.4,0.0,No,1500,2400,0,3420,75
16:37:44.789,sleep,15305,462,7080,16790,13,95,52.9,-0.0,No,1500,2400,0,3412,75
16:37:45.789,sleep,15296,548,6674,16790,12,95,51.8,0.3,No,1500,2400,0,3414,75
16:37:46.789,active,15256,920,14062,16788,9,95,54.0,19.0,No,2400,2400,0,3395,75
16:37:47.789,active,15228,836,13484,16787,-6,95,56.8,52.2,No,2400,2400,0,3356,75
16:37:48.793,active,15256,806,12308,16786,-3,95,57.3,51.7,No,2400,2400,0,3340,75
16:37:49.789,active,15296,508,7812,16785,-5,95,58.4,51.3,No,2400,2400,0,3337,75
16:37:50.790,active,15350,518,7870,16786,-5,95,59.0,51.7,No,2400,2400,0,3361,125
16:37:51.794,active,15344,470,7234,16785,-6,95,59.5,53.5,No,2400,2400,0,5263,125
16:37:52.789,active,15344,506,7754,16785,-7,95,59.0,54.5,No,2400,2400,0,5438,125
16:37:53.789,active,15326,580,8912,16786,-4,95,59.0,52.6,No,2400,2400,0,5454,125
16:37:54.789,active,15333,508,7792,16785,-4,95,60.0,52.0,No,2400,2400,0,5456,125
16:37:55.789,active,15311,496,7876,16785,-4,95,60.0,52.7,No,2400,2400,0,5454,125
16:37:56.789,active,15326,474,7272,16785,-5,95,59.5,52.8,No,2400,2400,0,5452,125
16:37:57.790,active,15314,480,6578,16785,-4,95,59.5,52.3,No,2400,2400,0,5462,125
16:37:58.794,active,15299,552,8468,16786,-6,95,60.0,53.2,No,2400,2400,0,5457,125
16:37:59.789,active,15286,704,10784,16787,-3,95,60.0,55.3,No,2400,2400,0,5454,125
16:38:00.789,active,15301,692,11890,16785,-7,95,61.1,56.9,No,2400,2400,0,5444,125
16:38:01.789,active,15314,738,11304,16785,0,95,61.1,52.9,No,2400,2400,0,5460,125
16:38:02.789,active,15303,736,11400,16785,0,95,61.7,57.2,No,2400,2400,0,5464,125
16:38:03.791,active,15301,760,11652,16785,0,95,61.1,56.7,No,2400,2400,0,5461,125
16:38:04.793,active,15301,728,10744,16785,-5,95,62.2,56.4,No,2400,2400,0,5470,125
16:38:05.790,active,15299,738,11324,16786,0,95,60.6,57.9,No,2400,2400,0,5464,125
16:38:06.789,active,15305,702,10784,16786,-3,95,61.1,57.0,No,2400,2400,0,5476,125
16:38:07.789,active,15251,680,12848,16785,-5,95,61.7,57.6,No,2400,2400,0,5480,125
16:38:08.789,active,15281,700,10706,16785,0,95,62.2,57.1,No,2400,2400,0,5473,125
16:38:09.789,active,15266,950,14526,16786,-4,95,61.7,52.2,No,2400,2400,0,5485,125
16:38:10.789,active,15258,844,12906,16785,0,95,61.7,51.2,No,2400,2400,0,5480,125
16:38:11.790,active,15262,730,11188,16785,-5,95,61.7,55.8,No,2400,2400,0,5485,125
16:38:12.790,active,15275,794,13774,16786,-5,95,61.1,59.1,No,2400,2400,0,5471,125
16:38:13.789,active,15283,828,12694,16785,-5,95,62.2,58.1,No,2400,2400,0,5483,125
16:38:14.789,active,15283,752,15510,16786,0,95,62.2,58.9,No,2400,2400,0,5483,125
16:38:15.789,active,15292,682,10456,16785,0,95,62.8,58.5,No,2400,2400,0,5489,125
16:38:16.789,active,15296,512,7870,16786,-4,95,62.8,58.5,No,2400,2400,0,5498,125
16:38:17.791,active,15296,654,8236,16787,-3,95,62.8,57.8,No,2400,2400,0,5498,125
16:38:18.793,active,15329,490,7542,16787,0,95,62.8,58.0,No,2400,2400,0,5497,125
16:38:19.789,active,15339,468,7194,16785,-4,95,61.7,58.6,No,2400,2400,0,5497,125
16:38:20.789,active,15318,460,7080,16785,0,95,62.2,57.9,No,2400,2400,0,5497,125
16:38:21.792,active,15333,512,7850,16786,0,95,62.8,58.8,No,2400,2400,0,5500,125
16:38:22.793,active,15320,534,11054,16786,0,95,62.8,56.6,No,2400,2400,0,5497,125
16:38:23.789,active,15309,430,6596,16786,0,95,62.2,59.2,No,2400,2400,0,5502,125
16:38:24.789,active,15320,450,11014,16784,-4,95,62.8,57.1,No,2400,2400,0,5512,125
16:38:25.795,active,15314,758,10282,16784,-7,95,62.2,58.3,No,2400,2400,0,5522,125
16:38:26.790,active,15301,776,11922,16784,-7,95,62.2,56.7,No,2400,2400,0,5513,125
16:38:27.789,active,15303,754,11498,16784,-8,95,61.1,57.9,No,2400,2400,0,5510,125
16:38:28.791,active,15303,764,11728,16785,-5,95,62.2,58.9,No,2400,2400,0,5510,125
16:38:29.793,active,15299,774,11882,16787,0,95,62.2,58.6,No,2400,2400,0,5518,125
16:38:30.789,active,15299,684,8190,16785,-4,95,62.8,57.8,No,2400,2400,0,5513,125
16:38:31.796,active,15303,754,11554,16785,-3,95,63.4,58.6,No,2400,2400,0,5519,125
16:38:32.793,active,15299,742,8990,16785,-5,95,61.7,58.8,No,2400,2400,0,5518,125
16:38:33.789,active,15299,728,11150,16785,-8,95,62.2,58.5,No,2400,2400,0,5518,125
16:38:34.789,active,15264,970,14834,16786,-5,95,62.2,59.3,No,2400,2400,0,5515,125
16:38:35.793,active,15283,756,14062,16785,0,95,63.4,58.8,No,2400,2400,0,5510,125
16:38:36.789,active,15262,988,15104,16786,0,95,62.8,59.0,No,2400,2400,0,5511,125
16:38:37.789,active,15283,826,13948,16785,-4,95,63.4,58.3,No,2400,2400,0,5522,125
16:38:38.796,active,15296,806,12366,16785,-3,95,63.4,59.5,No,2400,2400,0,5529,125
16:38:39.793,active,15268,686,10552,16785,-4,95,62.2,59.0,No,2400,2400,0,5519,125
16:38:40.789,active,15290,694,10628,16785,-3,95,62.2,58.6,No,2400,2400,0,5524,125
16:38:41.789,active,15266,684,10514,16786,-4,95,61.7,59.7,No,2400,2400,0,5523,125
16:38:42.793,active,15279,806,11226,16784,-6,95,63.9,59.6,No,2400,2400,0,5526,125
16:38:43.789,active,15316,508,7792,16786,-6,95,63.4,60.5,No,2400,2400,0,5527,125
16:38:44.789,active,15316,530,8120,16785,-7,95,62.8,57.2,No,2400,2400,0,5524,125
16:38:45.789,active,15309,434,10474,16785,0,95,62.2,55.3,No,2400,2400,0,5528,125
16:38:46.789,sleep,15301,456,7002,16785,-6,95,59.5,46.3,No,2400,2400,0,5536,125
16:38:47.789,sleep,15301,520,6906,16787,7,95,58.4,0.0,No,2400,2400,0,5573,125
16:38:48.789,sleep,15301,438,6732,16787,9,95,58.4,1.0,No,2400,2400,0,5586,125
16:38:49.789,sleep,15296,552,7966,16787,5,95,57.3,0.5,No,2400,2400,0,5584,125
16:38:50.789,sleep,15301,508,7792,16788,7,95,56.2,0.0,No,2400,2400,0,5569,125
16:38:51.789,sleep,15301,410,6268,16788,10,95,55.6,0.3,No,1500,2400,0,5579,125
16:38:52.789,sleep,15294,348,5382,16788,14,95,54.5,0.3,No,1500,2400,0,5591,125
16:38:53.789,sleep,15294,326,4996,16789,14,95,53.5,0.0,No,1500,2400,0,4214,75
16:38:54.789,sleep,15290,456,5940,16789,15,95,53.5,0.0,No,1500,2400,0,3543,75
16:38:55.789,sleep,15296,404,6212,16789,13,95,52.9,0.2,No,1500,2400,0,3444,75
16:38:56.789,sleep,15294,316,4842,16789,12,95,52.4,-0.0,No,1500,2400,0,3424,75
16:38:57.789,sleep,15292,452,6944,16789,13,95,52.4,0.3,No,1500,2400,0,3419,75
16:38:58.789,sleep,15303,376,5768,16788,12,95,51.8,-0.0,No,1500,2400,0,3418,75
16:38:59.789,sleep,15292,380,4802,16788,11,95,51.8,0.3,No,1500,2400,0,3399,75
16:39:00.789,sleep,15292,312,4802,16788,10,95,51.2,-0.0,No,1500,2400,0,3396,75
16:39:01.789,active,15275,882,13504,16790,10,95,53.5,15.3,No,2400,2400,0,3399,75
16:39:02.793,active,15273,898,10572,16786,-9,95,56.2,54.0,No,2400,2400,0,3351,75
16:39:03.792,active,15301,688,10552,16786,-3,95,56.8,52.8,No,2400,2400,0,3338,75
16:39:04.793,active,15268,936,10186,16786,-3,95,58.4,56.1,No,2400,2400,0,3323,75
16:39:05.789,active,15309,706,10822,16785,0,95,59.5,53.0,No,2400,2400,0,3329,75
16:39:06.790,active,15309,692,10628,16785,-4,95,60.0,53.3,No,2400,2400,0,3323,75
16:39:07.794,active,15303,688,10552,16786,0,95,59.0,54.6,No,2400,2400,0,3324,75
16:39:08.789,active,15301,704,10802,16786,-4,95,60.6,54.1,No,2400,2400,0,3834,125
16:39:09.789,active,15299,656,11092,16785,-10,95,60.6,52.0,No,2400,2400,0,5328,125
16:39:10.790,active,15309,476,7330,16786,-4,95,60.6,52.2,No,2400,2400,0,5436,125
16:39:11.793,active,15309,748,11458,16786,0,95,60.6,52.5,No,2400,2400,0,5436,125
16:39:12.789,active,15305,510,12964,16786,0,95,61.1,53.6,No,2400,2400,0,5435,125
16:39:13.790,active,15275,682,10436,16787,0,95,60.6,53.5,No,2400,2400,0,5436,125
16:39:14.794,active,15262,694,11652,16786,-7,95,60.6,55.0,No,2400,2400,0,5431,125
16:39:15.789,active,15258,860,13156,16785,-5,95,60.6,55.6,No,2400,2400,0,5435,125
16:39:16.789,active,15243,920,13118,16785,-4,95,61.1,52.5,No,2400,2400,0,5446,125
16:39:17.793,active,15249,818,12500,16785,-5,95,62.2,52.6,No,2400,2400,0,5447,125
16:39:18.789,active,15247,922,14120,16786,0,95,61.1,52.0,No,2400,2400,0,5449,125
16:39:19.789,active,15303,498,8334,16786,-6,95,61.1,52.0,No,2400,2400,0,5449,125
16:39:20.793,active,15333,526,8082,16784,-8,95,61.1,52.0,No,2400,2400,0,5453,125
16:39:21.792,active,15301,540,8294,16784,-5,95,60.6,52.5,No,2400,2400,0,5462,125
16:39:22.789,active,15324,520,8006,16785,-3,95,60.0,53.1,No,2400,2400,0,5463,125
16:39:23.789,active,15350,432,6616,16786,0,95,61.1,52.2,No,2400,2400,0,5467,125
16:39:24.789,active,15322,540,7870,16785,0,95,61.1,52.0,No,2400,2400,0,5467,125
16:39:25.789,active,15352,518,7966,16785,0,95,61.7,50.9,No,2400,2400,0,5485,125
16:39:26.792,active,15320,526,7736,16784,-5,95,61.1,52.3,No,2400,2400,0,5478,125
16:39:27.793,active,15307,510,7850,16785,-5,95,60.0,51.5,No,2400,2400,0,5479,125
16:39:28.789,active,15294,706,10822,16785,0,95,60.0,51.0,No,2400,2400,0,5478,125
16:39:29.789,active,15314,678,11940,16787,0,95,61.7,53.2,No,2400,2400,0,5490,125
16:39:30.789,active,15318,670,10282,16787,0,95,62.8,57.6,No,2400,2400,0,5476,125
16:39:31.789,active,15307,740,11266,16786,0,95,62.2,59.5,No,2400,2400,0,5483,125
16:39:32.791,active,15309,764,11728,16785,0,95,62.2,57.4,No,2400,2400,0,5487,125
16:39:33.793,active,15307,710,10898,16785,0,95,61.7,58.1,No,2400,2400,0,5487,125
16:39:34.790,active,15309,818,12558,16785,-3,95,61.7,59.2,No,2400,2400,0,5495,125
16:39:35.789,active,15305,768,11786,16785,0,95,61.7,58.6,No,2400,2400,0,5491,125
16:39:36.789,active,15303,784,11998,16785,0,95,62.8,58.4,No,2400,2400,0,5498,125
16:39:37.789,active,15256,672,10282,16785,0,95,62.2,58.9,No,2400,2400,0,5501,125
16:39:38.789,active,15316,814,12442,16784,-5,95,61.7,57.7,No,2400,2400,0,5506,125
16:39:39.790,active,15268,736,12526,16785,-3,95,62.2,59.0,No,2400,2400,0,5499,125
16:39:40.790,active,15256,662,10166,16785,-3,95,62.2,57.6,No,2400,2400,0,5495,125
16:39:41.789,active,15260,834,11902,16786,0,95,62.8,57.1,No,2400,2400,0,5494,125
16:39:42.789,active,15288,810,12424,16786,0,95,62.2,57.6,No,2400,2400,0,5505,125
16:39:43.789,active,15247,798,13562,16786,0,95,61.7,58.9,No,2400,2400,0,5502,125
16:39:44.789,active,15266,840,12866,16784,-4,95,62.2,58.8,No,2400,2400,0,5500,125
16:39:45.789,active,15288,894,13696,16785,-7,95,63.4,58.5,No,2400,2400,0,5509,125
16:39:46.792,active,15301,666,7870,16784,-5,95,62.8,58.4,No,2400,2400,0,5507,125
16:39:47.793,active,15322,522,8024,16786,-4,95,62.8,58.2,No,2400,2400,0,5508,125
16:39:48.792,active,15326,754,8120,16787,-3,95,61.7,53.7,No,2400,2400,0,5510,125
16:39:49.789,active,15314,452,6964,16785,-5,95,61.1,54.3,No,2400,2400,0,5511,125
16:39:50.789,active,15320,442,6790,16787,0,95,61.7,54.8,No,2400,2400,0,5517,125
16:39:51.790,active,15314,554,8526,16785,0,95,62.2,55.0,No,2400,2400,0,5518,125
16:39:52.792,active,15324,462,7080,16785,-4,95,61.7,54.3,No,2400,2400,0,5518,125
16:39:53.789,active,15305,510,9722,16785,0,95,61.7,54.1,No,2400,2400,0,5524,125
16:39:54.790,active,15307,536,8236,16785,-4,95,61.7,54.0,No,2400,2400,0,5520,125
16:39:55.792,active,15303,708,10860,16787,0,95,61.1,54.1,No,2400,2400,0,5522,125
16:39:56.789,active,15307,696,10942,16785,0,95,62.8,59.5,No,2400,2400,0,5517,125
16:39:57.789,active,15264,770,11806,16785,0,95,62.2,59.5,No,2400,2400,0,5516,125
16:39:58.791,active,15301,724,10610,16785,0,95,62.8,56.0,No,2400,2400,0,5524,125
16:39:59.793,active,15296,688,10552,16786,0,95,62.2,55.5,No,2400,2400,0,5526,125
16:40:00.789,active,15299,760,10880,16786,-5,95,61.7,55.6,No,2400,2400,0,5531,125
16:40:01.789,sleep,15299,508,7792,16787,0,95,60.0,49.0,No,2400,2400,0,5527,125
16:40:02.789,sleep,15292,522,8006,16788,14,95,58.4,0.5,No,2400,2400,0,5572,125
16:40:03.789,sleep,15296,542,8314,16789,17,95,57.3,0.3,No,2400,2400,0,5581,125
16:40:04.789,sleep,15288,496,7620,16790,17,95,56.8,0.7,No,2400,2400,0,5572,125
16:40:05.789,sleep,15296,504,7138,16789,14,95,56.2,0.0,No,2400,2400,0,5576,125
16:40:06.789,sleep,15290,352,5400,16788,11,95,55.1,0.3,No,1500,2400,0,5580,125
16:40:07.789,sleep,15290,442,6770,16789,16,95,54.5,0.2,No,1500,2400,0,5592,125
16:40:08.789,sleep,15290,482,5084,16790,16,95,54.0,0.0,No,1500,2400,0,3916,75
16:40:09.789,sleep,15292,488,7484,16790,17,95,53.5,0.3,No,1500,2400,0,3498,75
16:40:10.789,sleep,15292,578,6462,16790,15,95,52.9,0.0,No,1500,2400,0,3426,75
16:40:11.789,sleep,15290,460,7040,16789,12,95,52.9,0.2,No,1500,2400,0,3392,75
16:40:12.789,sleep,15296,416,8448,16790,17,95,52.9,0.5,No,1500,2400,0,3399,75
16:40:13.789,sleep,15299,482,5786,16790,17,95,51.2,0.0,No,1500,2400,0,3401,75
16:40:14.789,sleep,15290,562,8604,16789,17,95,52.4,-0.0,No,1500,2400,0,3409,75
16:40:15.789,sleep,15290,546,8874,16789,16,95,52.4,0.0,No,1500,2400,0,3411,75
16:40:16.789,active,15299,592,9104,16791,17,95,53.5,12.5,No,2400,2400,0,3402,75
16:40:17.789,active,15305,736,10070,16788,0,95,55.6,52.3,No,2400,2400,0,3347,75
16:40:18.789,active,15301,486,7466,16788,0,95,56.8,52.2,No,2400,2400,0,3332,75
16:40:19.793,active,15307,644,9858,16788,3,95,58.4,52.2,No,2400,2400,0,3320,75
16:40:20.793,active,15305,432,6636,16786,4,95,58.4,51.0,No,2400,2400,0,3316,75
16:40:21.789,active,15305,624,9548,16787,0,95,59.0,53.5,No,2400,2400,0,3314,75
16:40:22.790,active,15299,728,11536,16787,0,95,59.0,51.4,No,2400,2400,0,3300,75
16:40:23.789,active,15301,626,9626,16787,0,95,59.0,53.0,No,2400,2400,0,3305,75
16:40:24.789,active,15301,540,8294,16788,0,95,59.0,52.2,No,2400,2400,0,3306,75
16:40:25.789,active,15296,738,7484,16787,0,95,60.6,52.0,No,2400,2400,0,3306,75
16:40:26.790,active,15294,512,7890,16786,0,95,59.5,52.0,No,2400,2400,0,4420,125
16:40:27.789,active,15294,750,8120,16786,0,95,60.0,50.8,No,2400,2400,0,5335,125
16:40:28.790,active,15354,472,7252,16786,0,95,60.6,51.8,No,2400,2400,0,5415,125
16:40:29.794,active,15296,774,7792,16787,0,95,59.5,51.4,No,2400,2400,0,5417,125
16:40:30.789,active,15294,686,10532,16786,-5,95,60.0,54.2,No,2400,2400,0,5419,125
16:40:31.789,active,15251,942,14410,16786,0,95,60.6,52.9,No,2400,2400,0,5421,125
16:40:32.789,active,15260,952,11324,16786,-4,95,60.6,52.4,No,2400,2400,0,5411,125
16:40:33.789,active,15268,914,13986,16785,-8,95,61.1,52.4,No,2400,2400,0,5431,125
16:40:34.789,active,15251,646,10842,16785,-6,95,60.0,51.9,No,2400,2400,0,5427,125
16:40:35.792,active,15309,716,10996,16785,-6,95,61.7,52.5,No,2400,2400,0,5431,125
16:40:36.794,active,15258,726,11130,16787,0,95,60.6,52.6,No,2400,2400,0,5436,125
16:40:37.789,active,15271,950,11218,16786,0,95,61.1,56.9,No,2400,2400,0,5432,125
16:40:38.789,active,15279,864,13234,16786,0,95,61.1,56.8,No,2400,2400,0,5433,125
16:40:39.791,active,15273,986,10610,16786,0,95,62.2,57.3,No,2400,2400,0,5444,125
16:40:40.789,active,15350,456,7002,16786,0,95,61.7,58.4,No,2400,2400,0,5445,125
16:40:41.791,active,15346,534,8218,16786,0,95,61.7,59.1,No,2400,2400,0,5453,125
16:40:42.791,active,15341,552,9274,16786,0,95,61.7,58.1,No,2400,2400,0,5453,125
16:40:43.792,active,15329,498,7658,16785,0,95,61.7,58.8,No,2400,2400,0,5461,125
16:40:44.789,active,15322,518,11612,16786,0,95,62.8,59.1,No,2400,2400,0,5461,125
16:40:45.789,active,15311,682,10474,16785,-3,95,63.4,59.1,No,2400,2400,0,5461,125
16:40:46.793,active,15318,506,12384,16786,-3,95,63.4,57.9,No,2400,2400,0,5464,125
16:40:47.789,active,15266,592,9086,16787,0,95,62.2,58.2,No,2400,2400,0,5478,125
16:40:48.789,active,15314,788,12752,16785,0,95,62.8,59.0,No,2400,2400,0,5479,125
16:40:49.789,active,15301,786,11554,16786,0,95,62.2,56.9,No,2400,2400,0,5485,125
16:40:50.790,active,15296,724,11092,16786,-3,95,60.0,57.9,No,2400,2400,0,5481,125
16:40:51.789,active,15299,754,7986,16785,-4,95,62.2,57.4,No,2400,2400,0,5491,125
16:40:52.789,active,15292,742,11362,16785,-6,95,62.8,59.0,No,2400,2400,0,5475,125
16:40:53.789,active,15301,780,11960,16785,0,95,63.4,59.0,No,2400,2400,0,5483,125
16:40:54.789,active,15303,696,10686,16785,-3,95,62.8,56.8,No,2400,2400,0,5487,125
16:40:55.792,active,15301,694,10648,16786,-4,95,63.4,57.4,No,2400,2400,0,5488,125
16:40:56.793,active,15296,736,8044,16786,0,95,63.4,57.8,No,2400,2400,0,5494,125
16:40:57.790,active,15301,510,7850,16786,0,95,62.2,57.7,No,2400,2400,0,5494,125
16:40:58.789,active,15279,830,12712,16786,0,95,62.2,58.1,No,2400,2400,0,5494,125
16:40:59.789,active,15279,836,12552,16785,0,95,63.4,59.0,No,2400,2400,0,5498,125
16:41:00.789,active,15262,746,11440,16787,0,95,62.8,54.9,No,2400,2400,0,5503,125
16:41:01.789,active,15309,696,11768,16788,4,95,62.2,54.2,No,2400,2400,0,5505,125
16:41:02.789,active,15303,678,10398,16787,3,95,62.2,54.2,No,2400,2400,0,5506,125
16:41:03.793,active,15309,764,10494,16787,0,95,62.2,54.3,No,2400,2400,0,5506,125
16:41:04.792,active,15305,682,10474,16786,0,95,61.7,54.0,No,2400,2400,0,5506,125
16:41:05.789,active,15305,668,10244,16785,0,95,61.1,54.5,No,2400,2400,0,5510,125
16:41:06.789,active,15296,704,10802,16787,0,95,62.2,54.8,No,2400,2400,0,5515,125
16:41:07.792,active,15305,492,7542,16787,0,95,62.2,54.7,No,2400,2400,0,5518,125
16:41:08.793,active,15305,518,10474,16787,4,95,61.7,54.3,No,2400,2400,0,5518,125
16:41:09.789,active,15301,496,7620,16786,0,95,61.1,53.9,No,2400,2400,0,5520,125
16:41:10.793,active,15307,754,11516,16786,4,95,62.2,54.3,No,2400,2400,0,5513,125
16:41:11.793,active,15307,706,14150,16786,4,95,60.0,54.0,No,2400,2400,0,5524,125
16:41:12.789,active,15303,790,12076,16786,0,95,61.1,54.5,No,2400,2400,0,5522,125
16:41:13.789,active,15273,630,14294,16788,4,95,61.7,55.2,No,2400,2400,0,5519,125
16:41:14.789,active,15256,756,11574,16788,6,95,62.8,54.7,No,2400,2400,0,5525,125
16:41:15.789,active,15275,812,14468,16787,3,95,62.2,54.0,No,2400,2400,0,5522,125
16:41:16.789,sleep,15296,592,7550,16786,0,95,60.6,52.3,No,2400,2400,0,5525,125
16:41:17.789,sleep,15299,496,7620,16788,11,95,58.4,0.3,No,2400,2400,0,5564,125
16:41:18.789,sleep,15292,506,8276,16789,9,95,57.3,1.2,No,2400,2400,0,5567,125
16:41:19.789,sleep,15296,568,8700,16790,9,95,56.8,0.5,No,2400,2400,0,5577,125
16:41:20.789,sleep,15301,480,6810,16790,11,95,55.6,-0.0,No,2400,2400,0,5572,125
16:41:21.789,sleep,15294,464,7138,16789,11,95,55.6,0.0,No,2400,2400,0,5579,125
16:41:22.789,sleep,15292,432,6616,16789,17,95,54.5,0.5,No,1500,2400,0,5419,75
16:41:23.789,sleep,15292,346,5324,16788,17,95,53.5,-0.0,No,1500,2400,0,3723,75
16:41:24.789,sleep,15296,578,8874,16789,15,95,53.5,0.0,No,1500,2400,0,3473,75
16:41:25.789,sleep,15294,276,7252,16789,12,95,52.9,0.3,No,1500,2400,0,3436,75
16:41:26.789,sleep,15296,326,4996,16789,11,95,52.9,0.3,No,1600,2400,0,3407,75
16:41:27.789,sleep,15292,612,9374,16789,9,95,52.4,0.3,No,1500,2400,0,3406,75
16:41:28.789,sleep,15292,406,6250,16788,11,95,51.8,0.0,No,1500,2400,0,3392,75
16:41:29.789,sleep,15290,272,4166,16789,14,95,52.9,0.2,No,1500,2400,0,3400,75
16:41:30.789,sleep,15294,488,8252,16789,12,95,51.8,0.0,No,1500,2400,0,3384,75
16:41:31.798,active,15275,626,9606,16790,12,95,53.5,7.5,No,1600,2400,0,3392,75
16:41:32.789,active,15307,654,10378,16786,-4,95,55.6,54.4,No,2400,2400,0,3348,75
16:41:33.789,active,15301,726,11150,16785,-5,95,56.2,52.0,No,2400,2400,0,3338,75
16:41:34.789,active,15324,620,9472,16787,0,95,57.3,54.0,No,2400,2400,0,3324,75
16:41:35.789,active,15309,518,12558,16787,0,95,58.4,51.5,No,2400,2400,0,3327,75
16:41:36.789,active,15296,790,12076,16786,0,95,59.0,51.5,No,2400,2400,0,3325,75
16:41:37.790,active,15288,716,13194,16786,-4,95,59.5,51.3,No,2400,2400,0,3319,75
16:41:38.794,active,15262,670,10244,16785,-5,95,59.0,54.6,No,2400,2400,0,3307,75
16:41:39.789,active,15251,602,10956,16784,-8,95,59.5,53.8,No,2400,2400,0,4959,125
16:41:40.789,active,15256,834,12770,16784,-12,95,59.5,55.5,No,2400,2400,0,5399,125
16:41:41.792,active,15262,976,14912,16786,-5,95,60.6,52.2,No,2400,2400,0,5426,125
16:41:42.789,active,15253,880,13464,16786,0,95,60.0,51.5,No,2400,2400,0,5424,125
16:41:43.789,active,15341,480,7388,16784,-4,95,62.2,51.5,No,2400,2400,0,5429,125
16:41:44.789,active,15299,574,8816,16785,0,95,60.0,55.2,No,2400,2400,0,5416,125
16:41:45.792,active,15352,512,7890,16786,0,95,60.0,56.4,No,2400,2400,0,5421,125
16:41:46.789,active,15294,544,8372,16786,-4,95,60.6,56.7,No,2400,2400,0,5422,125
16:41:47.789,active,15296,608,7138,16788,0,95,60.6,56.6,No,2400,2400,0,5437,125
16:41:48.793,active,15299,564,8680,16787,0,95,61.7,58.1,No,2400,2400,0,5437,125
16:41:49.789,active,15339,496,7812,16786,0,95,61.7,56.1,No,2400,2400,0,5429,125
16:41:50.789,active,15307,490,7504,16786,0,95,61.1,53.8,No,2400,2400,0,5446,125
16:41:51.789,active,15314,602,7408,16786,0,95,61.1,52.6,No,2400,2400,0,5450,125
16:41:52.796,active,15264,456,7022,16785,0,95,61.7,56.7,No,2400,2400,0,5450,125
16:41:53.789,active,15305,690,10590,16786,-5,95,61.7,57.1,No,2400,2400,0,5451,125
16:41:54.789,active,15275,854,11324,16786,-5,95,61.7,57.8,No,2400,2400,0,5452,125
16:41:55.793,active,15305,764,11728,16785,-4,95,62.2,58.4,No,2400,2400,0,5455,125
16:41:56.789,active,15311,712,10726,16785,-7,95,61.7,57.9,No,2400,2400,0,5459,125
16:41:57.790,active,15301,752,11536,16785,-9,95,61.7,57.5,No,2400,2400,0,5465,125
16:41:58.792,active,15314,762,11670,16785,-6,95,62.2,58.5,No,2400,2400,0,5466,125
16:41:59.789,active,15303,750,11498,16785,-9,95,62.2,57.9,No,2400,2400,0,5468,125
16:42:00.789,active,15309,746,11440,16785,-7,95,62.8,58.5,No,2400,2400,0,5476,125
16:42:01.789,active,15316,508,12578,16785,-5,95,62.8,58.2,No,2400,2400,0,5482,125
16:42:02.789,active,15266,744,11400,16784,-5,95,62.2,57.8,No,2400,2400,0,5479,125
16:42:03.789,active,15311,706,10802,16784,-6,95,62.8,57.9,No,2400,2400,0,5484,125
16:42:04.790,active,15271,846,12944,16785,-6,95,62.2,57.7,No,2400,2400,0,5482,125
16:42:05.795,active,15258,694,10628,16786,-4,95,62.2,57.4,No,2400,2400,0,5492,125
16:42:06.790,active,15256,750,15202,16786,-5,95,61.7,57.5,No,2400,2400,0,5492,125
16:42:07.789,active,15258,766,11748,16786,0,95,62.2,58.2,No,2400,2400,0,5494,125
16:42:08.791,active,15266,736,14102,16785,0,95,62.8,57.8,No,2400,2400,0,5488,125
16:42:09.791,active,15271,852,13022,16784,-5,95,63.9,58.2,No,2400,2400,0,5500,125
16:42:10.789,active,15301,418,6442,16785,-5,95,62.2,56.8,No,2400,2400,0,5500,125
16:42:11.794,active,15350,552,7890,16784,-8,95,62.8,54.8,No,2400,2400,0,5492,125
16:42:12.796,active,15299,536,8236,16784,-7,95,62.2,57.1,No,2400,2400,0,5495,125
16:42:13.790,active,15294,768,6596,16785,-8,95,61.7,59.0,No,2400,2400,0,5496,125
16:42:14.789,active,15324,502,7696,16784,-6,95,62.2,59.0,No,2400,2400,0,5507,125
16:42:15.789,active,15294,504,7542,16784,-6,95,63.4,59.4,No,2400,2400,0,5513,125
16:42:16.789,active,15352,546,8410,16784,-8,95,63.4,59.7,No,2400,2400,0,5513,125
16:42:17.789,active,15335,468,7176,16784,-10,95,63.4,58.5,No,2400,2400,0,5517,125
16:42:18.792,active,15324,528,8102,16785,-5,95,63.4,59.3,No,2400,2400,0,5512,125
16:42:19.793,active,15333,450,6906,16785,-4,95,62.2,58.5,No,2400,2400,0,5506,125
16:42:20.790,active,15277,852,10358,16786,-6,95,62.2,57.9,No,2400,2400,0,5512,125
16:42:21.789,active,15303,718,11014,16785,-3,95,61.7,58.7,No,2400,2400,0,5510,125
16:42:22.792,active,15307,760,11670,16784,-6,95,63.4,59.0,No,2400,2400,0,5513,125
16:42:23.792,active,15301,680,10416,16784,-7,95,63.4,58.7,No,2400,2400,0,5515,125
16:42:24.792,active,15305,764,11728,16784,-7,95,63.4,59.6,No,2400,2400,0,5518,125
16:42:25.790,active,15296,718,10758,16785,-5,95,62.8,58.7,No,2400,2400,0,5519,125
16:42:26.793,active,15303,726,11150,16785,-9,95,63.4,59.5,No,2400,2400,0,5521,125
16:42:27.790,active,15296,724,9992,16785,-9,95,62.2,58.8,No,2400,2400,0,5520,125
16:42:28.789,active,15292,776,11882,16785,-4,95,62.8,56.0,No,2400,2400,0,5520,125
16:42:29.789,active,15301,860,13176,16785,0,95,62.8,55.2,No,2400,2400,0,5523,125
16:42:30.793,active,15247,758,15434,16784,0,95,64.5,54.4,No,2400,2400,0,5522,125
16:42:31.789,sleep,15251,878,13426,16783,-6,95,63.4,55.4,No,2400,2400,0,5526,125
16:42:32.789,sleep,15294,418,8160,16788,3,95,60.0,4.8,No,2400,2400,0,5568,125
16:42:33.789,sleep,15294,500,7678,16790,13,95,57.9,0.0,No,2400,2400,0,5575,125
16:42:34.789,sleep,15290,490,6752,16788,8,95,56.8,-0.0,No,2400,2400,0,5573,125
16:42:35.789,sleep,15290,484,7426,16787,9,95,56.8,0.0,No,2400,2400,0,5569,125
16:42:36.789,sleep,15292,488,8392,16787,9,95,56.8,0.0,No,2400,2400,0,5564,125
16:42:37.789,sleep,15294,386,5902,16788,12,95,55.6,0.3,No,1500,2400,0,5584,125
16:42:38.789,sleep,15290,462,7098,16789,15,95,54.0,0.3,No,1500,2400,0,4729,75
16:42:39.789,sleep,15292,376,5342,16789,14,95,52.9,0.0,No,1500,2400,0,3623,75
16:42:40.789,sleep,15296,368,5632,16789,13,95,53.5,-0.0,No,1500,2400,0,3445,75
16:42:41.789,sleep,15292,514,6558,16789,14,95,52.9,0.3,No,1500,2400,0,3428,75
16:42:42.789,sleep,15303,480,7368,16788,13,95,53.5,-0.0,No,1500,2400,0,3421,75
16:42:43.789,sleep,15292,418,7408,16788,12,95,52.4,0.5,No,1500,2400,0,3416,75
16:42:44.789,sleep,15294,502,7678,16788,13,95,52.4,0.0,No,1500,2400,0,3403,75
16:42:45.789,sleep,15292,568,8738,16790,15,95,51.8,0.0,No,1500,2400,0,3402,75
16:42:46.796,active,15301,464,7118,16790,15,95,51.8,1.2,No,1500,2400,0,3390,75
16:42:47.794,active,15299,654,10030,16785,-4,95,55.1,57.3,No,2400,2400,0,3359,75
16:42:48.789,active,15307,722,11188,16786,0,95,56.2,52.2,No,2400,2400,0,3348,75
16:42:49.789,active,15307,728,11188,16785,0,95,57.3,52.2,No,2400,2400,0,3347,75
16:42:50.789,active,15299,694,10416,16788,0,95,58.4,52.4,No,2400,2400,0,3335,75
16:42:51.789,active,15296,714,10938,16787,-3,95,59.5,51.5,No,2400,2400,0,3328,75
16:42:52.789,active,15296,600,9220,16787,-3,95,59.5,51.3,No,2400,2400,0,3324,75
16:42:53.790,active,15305,686,10532,16786,-6,95,59.5,53.1,No,2400,2400,0,3314,75
16:42:54.790,active,15303,500,7678,16784,-7,95,59.0,54.2,No,2400,2400,0,3303,75
16:42:55.789,active,15303,714,7610,16785,-6,95,59.5,54.2,No,2400,2400,0,3301,75
16:42:56.789,active,15271,836,12808,16786,-6,95,61.1,56.6,No,2400,2400,0,5152,125
16:42:57.789,active,15247,910,13928,16786,-6,95,61.1,53.7,No,2400,2400,0,5409,125
16:42:58.789,active,15262,830,12694,16786,-6,95,61.1,52.7,No,2400,2400,0,5416,125
16:42:59.789,active,15258,728,11150,16786,-3,95,60.6,51.8,No,2400,2400,0,5421,125
16:43:00.793,active,15260,864,11166,16785,-6,95,61.1,52.2,No,2400,2400,0,5416,125
16:43:01.794,active,15256,640,9818,16784,-8,95,61.7,51.9,No,2400,2400,0,5422,125
16:43:02.789,active,15283,758,13620,16785,-6,95,61.1,53.8,No,2400,2400,0,5423,125
16:43:03.793,active,15286,798,12230,16785,-3,95,61.7,57.7,No,2400,2400,0,5422,125
16:43:04.789,active,15264,900,12056,16786,-4,95,61.7,56.9,No,2400,2400,0,5425,125
16:43:05.790,active,15331,528,8120,16785,-3,95,61.7,56.7,No,2400,2400,0,5431,125
16:43:06.791,active,15294,482,7408,16784,-6,95,62.2,56.5,No,2400,2400,0,5441,125
16:43:07.793,active,15348,512,7620,16785,-4,95,61.7,58.0,No,2400,2400,0,5425,125
16:43:08.790,active,15320,460,7060,16784,-10,95,61.1,57.9,No,2400,2400,0,5431,125
16:43:09.789,active,15333,470,6442,16785,-7,95,62.2,58.1,No,2400,2400,0,5433,125
16:43:10.793,active,15322,526,8082,16785,-5,95,60.6,58.4,No,2400,2400,0,5447,125
16:43:11.789,active,15329,484,6538,16785,-5,95,62.8,57.6,No,2400,2400,0,5445,125
16:43:12.789,active,15314,508,7812,16785,-3,95,62.2,58.0,No,2400,2400,0,5456,125
16:43:13.790,active,15350,712,10898,16785,0,95,62.8,59.2,No,2400,2400,0,5453,125
16:43:14.793,active,15305,716,6924,16786,-3,95,62.2,57.8,No,2400,2400,0,5467,125
16:43:15.789,active,15303,692,10628,16786,-3,95,61.7,58.0,No,2400,2400,0,5467,125
16:43:16.789,active,15305,696,11536,16785,0,95,62.2,57.6,No,2400,2400,0,5481,125
16:43:17.793,active,15296,700,10744,16786,-3,95,62.8,59.5,No,2400,2400,0,5475,125
16:43:18.789,active,15303,694,10648,16784,-4,95,63.4,56.8,No,2400,2400,0,5459,125
16:43:19.789,active,15301,688,10552,16785,-3,95,63.4,57.3,No,2400,2400,0,5476,125
16:43:20.793,active,15299,730,11188,16786,0,95,62.8,56.8,No,2400,2400,0,5477,125
16:43:21.790,active,15303,742,8064,16787,0,95,61.7,58.4,No,2400,2400,0,5485,125
16:43:22.789,active,15296,706,10842,16785,0,95,62.2,56.4,No,2400,2400,0,5483,125
16:43:23.789,active,15266,914,13986,16785,0,95,62.8,58.6,No,2400,2400,0,5486,125
16:43:24.789,active,15266,786,13830,16785,-3,95,62.8,58.5,No,2400,2400,0,5485,125
16:43:25.789,active,15249,720,11034,16785,0,95,64.5,56.8,No,2400,2400,0,5495,125
16:43:26.789,active,15277,684,14758,16785,0,95,63.4,60.3,No,2400,2400,0,5498,125
16:43:27.792,active,15290,754,11554,16786,0,95,62.8,57.8,No,2400,2400,0,5494,125
16:43:28.790,active,15260,978,12018,16787,0,95,61.7,58.4,No,2400,2400,0,5497,125
16:43:29.789,active,15307,748,11478,16786,0,95,62.2,54.0,No,2400,2400,0,5503,125
16:43:30.789,active,15268,750,11498,16786,0,95,62.2,55.6,No,2400,2400,0,5507,125
16:43:31.793,active,15262,958,14660,16785,0,95,62.8,59.1,No,2400,2400,0,5507,125
16:43:32.789,active,15316,544,8372,16785,0,95,63.4,58.4,No,2400,2400,0,5503,125
16:43:33.789,active,15331,546,6982,16785,0,95,62.8,59.7,No,2400,2400,0,5506,125
16:43:34.796,active,15311,552,8468,16785,0,95,63.4,58.6,No,2400,2400,0,5523,125
16:43:35.793,active,15333,438,6712,16785,0,95,62.8,58.6,No,2400,2400,0,5521,125
16:43:36.789,active,15309,498,7638,16785,0,95,61.7,57.7,No,2400,2400,0,5509,125
16:43:37.789,active,15314,510,7850,16784,0,95,62.2,54.9,No,2400,2400,0,5513,125
16:43:38.790,active,15301,458,11886,16786,-3,95,62.8,54.9,No,2400,2400,0,5517,125
16:43:39.793,active,15305,648,9916,16787,0,95,62.2,54.6,No,2400,2400,0,5522,125
16:43:40.789,active,15305,552,11768,16787,0,95,62.2,53.7,No,2400,2400,0,5519,125
16:43:41.789,active,15296,774,11864,16787,0,95,61.1,54.3,No,2400,2400,0,5521,125
16:43:42.789,active,15299,726,11130,16787,3,95,61.7,53.7,No,2400,2400,0,5516,125
16:43:43.789,active,15294,718,7174,16786,0,95,61.7,55.3,No,2400,2400,0,5516,125
16:43:44.789,active,15299,596,9124,16786,0,95,62.8,55.2,No,2400,2400,0,5524,125
16:43:45.789,active,15301,716,8970,16785,0,95,62.8,55.5,No,2400,2400,0,5522,125
16:43:46.789,active,15329,518,7966,16786,-4,95,62.8,55.3,No,2400,2400,0,5527,125
16:43:47.789,sleep,15296,508,8082,16788,7,95,59.0,4.3,No,2400,2400,0,5568,125
16:43:48.789,sleep,15296,496,7600,16787,9,95,57.3,-0.0,No,2400,2400,0,5571,125
16:43:49.789,sleep,15299,568,7176,16788,12,95,57.3,0.0,No,2400,2400,0,5572,125
16:43:50.789,sleep,15290,446,8294,16788,9,95,56.2,0.2,No,2400,2400,0,5569,125
16:43:51.789,sleep,15294,472,7252,16787,6,95,56.2,0.3,No,2400,2400,0,5567,125
16:43:52.789,sleep,15292,404,6924,16788,12,95,54.5,0.3,No,1500,2400,0,5576,125
16:43:53.789,sleep,15292,516,7928,16790,16,95,54.0,0.0,No,1500,2400,0,4221,75
16:43:54.789,sleep,15294,496,7792,16790,16,95,52.9,0.3,No,1500,2400,0,3538,75
16:43:55.789,sleep,15292,364,5574,16790,16,95,53.5,0.0,No,1500,2400,0,3441,75
16:43:56.789,sleep,15294,286,6770,16789,18,95,53.5,-0.0,No,1500,2400,0,3428,75
16:43:57.789,sleep,15292,286,4398,16789,15,95,52.9,0.3,No,1500,2400,0,3428,75
16:43:58.789,sleep,15286,560,7948,16789,17,95,52.9,0.0,No,1500,2400,0,3408,75
16:43:59.789,sleep,15288,400,6114,16789,17,95,51.8,0.3,No,1500,2400,0,3395,75
16:44:00.789,sleep,15294,360,5516,16790,14,95,51.8,0.0,No,1500,2400,0,3382,75
16:44:01.789,sleep,15294,384,8410,16790,16,95,51.8,0.0,No,1500,2400,0,3399,75
16:44:02.790,active,15318,462,7098,16787,3,95,55.6,55.5,No,2400,2400,0,3354,75
16:44:03.794,active,15307,520,10726,16785,0,95,56.8,52.6,No,2400,2400,0,3339,75
16:44:04.789,active,15303,440,6770,16786,0,95,56.8,51.8,No,2400,2400,0,3333,75
16:44:05.789,active,15305,552,13214,16785,0,95,57.9,52.2,No,2400,2400,0,3321,75
16:44:06.793,active,15305,472,7234,16787,0,95,58.4,51.8,No,2400,2400,0,3316,75
16:44:07.789,active,15301,1016,12770,16788,0,95,59.0,51.7,No,2400,2400,0,3312,75
16:44:08.789,active,15303,734,11266,16787,-5,95,60.0,51.1,No,2400,2400,0,3316,75
16:44:09.790,active,15305,696,10668,16785,0,95,59.0,52.6,No,2400,2400,0,3305,75
16:44:10.789,active,15301,716,8372,16785,0,95,60.0,54.7,No,2400,2400,0,3299,75
16:44:11.789,active,15303,786,12056,16785,0,95,60.0,55.5,No,2400,2400,0,3513,125
16:44:12.789,active,15294,720,7870,16784,-8,95,60.6,53.0,No,2400,2400,0,5262,125
16:44:13.793,active,15303,708,10860,16786,-7,95,61.1,52.9,No,2400,2400,0,5401,125
16:44:14.789,active,15296,724,7678,16786,-4,95,61.1,56.6,No,2400,2400,0,5410,125
16:44:15.790,active,15299,692,10628,16786,0,95,61.1,56.8,No,2400,2400,0,5415,125
16:44:16.793,active,15301,514,11516,16785,-4,95,61.1,56.0,No,2400,2400,0,5415,125
16:44:17.789,active,15296,732,11246,16785,-3,95,60.6,56.7,No,2400,2400,0,5402,125
16:44:18.789,active,15271,908,13908,16785,-6,95,61.1,58.9,No,2400,2400,0,5414,125
16:44:19.793,active,15273,896,13832,16785,0,95,62.2,57.5,No,2400,2400,0,5410,125
16:44:20.789,active,15296,690,10572,16786,0,95,61.7,55.1,No,2400,2400,0,5418,125
16:44:21.789,active,15260,652,10166,16786,-6,95,61.7,51.8,No,2400,2400,0,5420,125
16:44:22.790,active,15290,776,11882,16785,-6,95,61.7,51.5,No,2400,2400,0,5437,125
16:44:23.793,active,15288,870,13310,16784,-10,95,62.2,58.5,No,2400,2400,0,5435,125
16:44:24.789,active,15271,930,14256,16784,-6,95,62.2,59.4,No,2400,2400,0,5435,125
16:44:25.789,active,15279,746,11458,16785,-6,95,62.2,58.9,No,2400,2400,0,5437,125
16:44:26.789,active,15266,952,14564,16785,-4,95,62.8,58.5,No,2400,2400,0,5447,125
16:44:27.789,active,15352,576,8854,16785,0,95,62.8,58.1,No,2400,2400,0,5453,125
16:44:28.792,active,15346,500,7368,16786,0,95,62.8,56.7,No,2400,2400,0,5453,125
16:44:29.789,active,15333,518,7966,16785,-3,95,61.7,58.5,No,2400,2400,0,5457,125
16:44:30.789,active,15335,480,7368,16785,-4,95,61.7,56.5,No,2400,2400,0,5458,125
16:44:31.789,active,15314,516,7928,16784,-4,95,61.7,57.4,No,2400,2400,0,5463,125
16:44:32.789,active,15311,514,7870,16785,0,95,62.2,52.2,No,2400,2400,0,5467,125
16:44:33.789,active,15314,470,7234,16784,-3,95,62.8,54.7,No,2400,2400,0,5476,125
16:44:34.789,active,15324,692,10590,16786,0,95,62.8,57.1,No,2400,2400,0,5466,125
16:44:35.791,active,15318,498,12010,16785,-3,95,63.4,57.8,No,2400,2400,0,5474,125
16:44:36.790,active,15311,800,12288,16786,-3,95,62.8,58.2,No,2400,2400,0,5478,125
16:44:37.792,active,15309,786,12096,16786,0,95,62.8,58.5,No,2400,2400,0,5481,125
16:44:38.789,active,15296,778,11940,16785,0,95,61.1,58.9,No,2400,2400,0,5492,125
16:44:39.789,active,15303,634,9742,16785,0,95,62.8,58.1,No,2400,2400,0,5493,125
16:44:40.792,active,15294,706,10842,16785,0,95,63.4,57.5,No,2400,2400,0,5483,125
16:44:41.789,active,15299,786,12056,16786,0,95,62.8,58.3,No,2400,2400,0,5484,125
16:44:42.792,active,15301,704,10784,16785,-4,95,63.9,59.1,No,2400,2400,0,5492,125
16:44:43.793,active,15303,728,11170,16786,-4,95,62.8,59.8,No,2400,2400,0,5489,125
16:44:44.793,active,15303,746,11184,16784,-5,95,62.8,59.9,No,2400,2400,0,5496,125
16:44:45.789,active,15301,746,11440,16784,-7,95,62.8,58.9,No,2400,2400,0,5497,125
16:44:46.793,active,15273,1012,14430,16785,-4,95,62.8,60.2,No,2400,2400,0,5499,125
16:44:47.789,active,15286,720,11054,16784,-6,95,63.9,58.9,No,2400,2400,0,5509,125
16:44:48.789,active,15279,894,13678,16785,-7,95,63.4,59.1,No,2400,2400,0,5508,125
16:44:49.789,active,15264,766,11710,16784,-7,95,63.4,58.6,No,2400,2400,0,5517,125
16:44:50.793,active,15283,914,13986,16785,-8,95,61.7,58.6,No,2400,2400,0,5525,125
16:44:51.792,active,15266,930,14256,16785,-3,95,62.2,58.6,No,2400,2400,0,5508,125
16:44:52.789,active,15279,870,13330,16784,-4,95,62.8,58.8,No,2400,2400,0,5510,125
16:44:53.789,active,15266,840,12336,16785,-5,95,63.4,58.9,No,2400,2400,0,5515,125
16:44:54.793,active,15262,678,10416,16786,0,95,63.4,57.6,No,2400,2400,0,5514,125
16:44:55.789,active,15326,494,7580,16785,-4,95,63.4,56.8,No,2400,2400,0,5519,125
16:44:56.789,active,15296,756,11612,16786,-3,95,63.4,55.8,No,2400,2400,0,5518,125
16:44:57.790,active,15316,514,7890,16785,-5,95,62.8,54.5,No,2400,2400,0,5518,125
16:44:58.796,active,15311,544,8372,16784,0,95,61.7,55.2,No,2400,2400,0,5525,125
16:44:59.789,active,15307,462,7098,16786,0,95,62.2,59.2,No,2400,2400,0,5522,125
16:45:00.789,active,15307,536,8236,16787,0,95,62.2,53.2,No,2400,2400,0,5525,125
16:45:01.793,active,15303,486,7466,16786,0,95,62.8,51.8,No,2400,2400,0,5528,125
16:45:02.789,sleep,15299,474,7292,16788,10,95,59.0,7.1,No,2400,2400,0,5571,125
16:45:03.789,sleep,15296,476,7310,16788,14,95,58.4,0.0,No,2400,2400,0,5574,125
16:45:04.789,sleep,15294,740,8218,16787,9,95,56.8,0.0,No,2400,2400,0,5578,125
16:45:05.789,sleep,15301,406,6250,16788,10,95,56.8,0.3,No,2400,2400,0,5578,125
16:45:06.789,sleep,15296,516,8218,16788,11,95,56.8,0.0,No,2400,2400,0,5581,125
16:45:07.789,sleep,15296,406,6250,16789,10,95,55.6,0.0,No,1500,2400,0,5585,125
16:45:08.789,sleep,15292,552,8448,16790,15,95,54.5,0.0,No,1500,2400,0,5587,125
16:45:09.789,sleep,15290,322,4958,16788,15,95,54.5,0.3,No,1500,2400,0,3956,75
16:45:10.789,sleep,15296,558,8564,16789,17,95,54.0,-0.0,No,1500,2400,0,3510,75
16:45:11.789,sleep,15294,472,7234,16788,15,95,53.5,0.3,No,1500,2400,0,3441,75
16:45:12.789,sleep,15294,340,5208,16791,20,95,52.9,-0.0,No,1500,2400,0,3418,75
16:45:13.789,sleep,15296,442,4244,16789,20,95,52.9,0.2,No,1500,2400,0,3423,75
16:45:14.789,sleep,15292,412,6326,16789,17,95,52.4,0.0,No,1500,2400,0,3418,75
16:45:15.789,sleep,15301,576,4572,16789,17,95,52.4,0.0,No,1500,2400,0,3414,75
16:45:16.789,sleep,15290,310,4744,16790,14,95,52.4,0.3,No,1500,2400,0,3411,75
16:45:17.790,active,15251,598,9934,16787,4,95,56.8,51.4,No,2400,2400,0,3373,75
16:45:18.794,active,15260,940,14372,16786,-4,95,56.8,51.1,No,2400,2400,0,3348,75
16:45:19.789,active,15251,638,9780,16786,-5,95,57.3,51.7,No,2400,2400,0,3339,75
16:45:20.789,active,15279,702,10744,16785,-4,95,57.9,52.7,No,2400,2400,0,3332,75
16:45:21.790,active,15273,926,14178,16786,0,95,59.5,55.0,No,2400,2400,0,3330,75
16:45:22.789,active,15305,650,10760,16786,-4,95,59.5,55.4,No,2400,2400,0,3323,75
16:45:23.789,active,15346,546,8392,16787,0,95,60.0,54.5,No,2400,2400,0,4584,125
16:45:24.790,active,15350,274,7330,16786,-6,95,60.6,55.2,No,2400,2400,0,5385,125
16:45:25.797,active,15320,490,7504,16786,-4,95,60.0,55.6,No,2400,2400,0,5441,125
16:45:26.789,active,15322,468,7194,16785,-4,95,59.5,57.3,No,2400,2400,0,5436,125
16:45:27.789,active,15320,436,6712,16785,-6,95,60.6,57.0,No,2400,2400,0,5440,125
16:45:28.793,active,15324,498,7658,16784,-9,95,61.1,58.4,No,2400,2400,0,5436,125
16:45:29.789,active,15316,438,6732,16785,-6,95,61.7,53.7,No,2400,2400,0,5443,125
16:45:30.789,active,15318,730,11208,16784,-6,95,61.7,57.4,No,2400,2400,0,5440,125
16:45:31.790,active,15311,512,11454,16786,0,95,61.1,55.9,No,2400,2400,0,5438,125
16:45:32.789,active,15296,764,11728,16785,0,95,60.6,56.4,No,2400,2400,0,5443,125
16:45:33.789,active,15320,766,10436,16785,0,95,61.1,58.0,No,2400,2400,0,5451,125
16:45:34.789,active,15303,754,11574,16786,0,95,62.2,58.9,No,2400,2400,0,5452,125
16:45:35.793,active,15301,696,10686,16787,0,95,62.2,57.6,No,2400,2400,0,5452,125
16:45:36.789,active,15303,770,11806,16785,0,95,62.8,59.0,No,2400,2400,0,5454,125
16:45:37.789,active,15303,786,12038,16783,-7,95,62.8,60.5,No,2400,2400,0,5452,125
16:45:38.789,active,15296,754,11298,16784,-5,95,61.7,56.5,No,2400,2400,0,5459,125
16:45:39.789,active,15309,726,11130,16784,-4,95,61.1,60.8,No,2400,2400,0,5471,125
16:45:40.789,active,15288,840,11440,16786,0,95,62.8,59.9,No,2400,2400,0,5474,125
16:45:41.789,active,15277,732,11208,16787,-3,95,62.2,58.5,No,2400,2400,0,5468,125
16:45:42.789,active,15268,806,12366,16788,0,95,62.8,57.3,No,2400,2400,0,5480,125
16:45:43.789,active,15288,738,11324,16786,-5,95,62.8,58.2,No,2400,2400,0,5479,125
16:45:44.792,active,15266,836,12790,16785,0,95,63.4,57.6,No,2400,2400,0,5486,125
16:45:45.795,active,15283,738,13504,16784,-3,95,63.4,58.0,No,2400,2400,0,5480,125
16:45:46.792,active,15281,976,14932,16785,0,95,62.8,59.5,No,2400,2400,0,5485,125
16:45:47.789,active,15262,870,11516,16786,0,95,62.2,57.2,No,2400,2400,0,5480,125
16:45:48.789,active,15275,918,14062,16785,-5,95,63.4,58.5,No,2400,2400,0,5495,125
16:45:49.793,active,15262,854,11324,16785,-3,95,63.4,58.1,No,2400,2400,0,5490,125
16:45:50.789,active,15357,560,8622,16786,0,95,62.8,57.1,No,2400,2400,0,5498,125
16:45:51.792,active,15303,564,8662,16784,-3,95,62.8,57.4,No,2400,2400,0,5502,125
16:45:52.792,active,15331,512,7614,16785,0,95,63.4,57.5,No,2400,2400,0,5501,125
16:45:53.790,active,15341,464,7118,16785,0,95,62.2,57.4,No,2400,2400,0,5503,125
16:45:54.789,active,15324,494,7484,16785,0,95,62.2,58.9,No,2400,2400,0,5503,125
16:45:55.793,active,15354,478,7350,16785,-3,95,63.4,60.0,No,2400,2400,0,5497,125
16:45:56.793,active,15320,526,10956,16785,0,95,63.4,59.5,No,2400,2400,0,5509,125
16:45:57.789,active,15316,496,7620,16785,-3,95,63.4,58.8,No,2400,2400,0,5518,125
16:45:58.789,active,15320,476,9220,16784,-5,95,63.4,58.3,No,2400,2400,0,5512,125
16:45:59.793,active,15307,466,7156,16786,-3,95,62.2,59.1,No,2400,2400,0,5505,125
16:46:00.789,active,15309,724,11112,16785,-5,95,62.8,58.2,No,2400,2400,0,5512,125
16:46:01.790,active,15299,738,11324,16784,-5,95,64.5,59.9,No,2400,2400,0,5511,125
16:46:02.792,active,15309,686,10514,16784,-4,95,63.4,59.3,No,2400,2400,0,5512,125
16:46:03.789,active,15303,714,10700,16785,0,95,63.4,58.9,No,2400,2400,0,5515,125
16:46:04.789,active,15294,790,12134,16785,-4,95,64.5,58.4,No,2400,2400,0,5527,125
16:46:05.793,active,15299,720,10648,16786,-6,95,63.4,58.8,No,2400,2400,0,5540,125
16:46:06.794,active,15307,760,11652,16785,-6,95,62.8,58.7,No,2400,2400,0,5526,125
16:46:07.790,active,15299,774,10628,16785,-4,95,62.8,58.5,No,2400,2400,0,5513,125
16:46:08.793,active,15303,760,11652,16786,0,95,63.4,58.9,No,2400,2400,0,5523,125
16:46:09.789,active,15271,876,13406,16784,0,95,62.8,57.2,No,2400,2400,0,5534,125
16:46:10.793,active,15247,878,13406,16785,-7,95,63.4,54.7,No,2400,2400,0,5534,125
16:46:11.789,active,15258,970,14834,16787,-3,95,62.8,54.9,No,2400,2400,0,5524,125
16:46:12.789,active,15264,828,12674,16785,-5,95,63.4,58.5,No,2400,2400,0,5523,125
16:46:13.790,active,15232,944,14448,16786,-3,95,62.8,53.5,No,2400,2400,0,5525,125
16:46:14.789,active,15260,982,12448,16785,-3,95,61.1,51.5,No,2400,2400,0,5528,125
16:46:15.789,active,15241,938,14372,16783,-4,95,62.2,54.1,No,2400,2400,0,5533,125
16:46:16.793,active,15271,798,12326,16783,-8,95,63.4,53.9,No,2400,2400,0,5525,125
16:46:17.789,sleep,15290,452,6924,16787,5,95,59.5,10.9,No,2400,2400,0,5574,125
16:46:18.789,sleep,15301,476,7310,16788,8,95,58.4,0.0,No,2400,2400,0,5577,125
16:46:19.789,sleep,15296,494,7580,16787,8,95,57.3,-0.0,No,2400,2400,0,5576,125
16:46:20.789,sleep,15294,508,7812,16787,7,95,56.8,0.2,No,2400,2400,0,5587,125
16:46:21.789,sleep,15303,522,8006,16787,8,95,56.2,0.0,No,2400,2400,0,5589,125
16:46:22.789,sleep,15292,490,7522,16788,10,95,55.1,-0.0,No,1500,2400,0,5589,125
16:46:23.789,sleep,15290,464,7138,16788,10,95,54.5,0.2,No,1500,2400,0,5591,125
16:46:24.789,sleep,15294,620,9510,16789,12,95,54.5,0.3,No,1500,2400,0,5553,75
16:46:25.789,sleep,15294,488,7484,16790,16,95,54.0,0.3,No,1500,2400,0,3757,75
16:46:26.789,sleep,15292,460,7060,16790,15,95,53.5,0.0,No,1500,2400,0,3488,75
16:46:27.789,sleep,15294,490,6752,16789,17,95,52.9,0.0,No,1500,2400,0,3436,75
16:46:28.789,sleep,15294,262,4012,16788,13,95,52.9,0.3,No,1500,2400,0,3399,75
16:46:29.789,sleep,15294,540,8488,16790,15,95,52.4,0.0,No,1500,2400,0,3405,75
16:46:30.789,sleep,15292,558,8564,16790,15,95,51.8,-0.0,No,1500,2400,0,3404,75
16:46:31.789,sleep,15296,536,9124,16791,15,95,52.4,0.3,No,1500,2400,0,3405,75
16:46:32.793,active,15309,708,10880,16786,0,95,56.2,48.0,No,2400,2400,0,3375,75
16:46:33.790,active,15303,690,10572,16786,-6,95,57.3,53.5,No,2400,2400,0,3356,75
16:46:34.794,active,15301,708,10860,16785,-5,95,57.9,54.6,No,2400,2400,0,3340,75
16:46:35.789,active,15309,706,10842,16785,0,95,58.4,53.8,No,2400,2400,0,3324,75
16:46:36.789,active,15316,692,10610,16785,0,95,59.0,57.5,No,2400,2400,0,3320,75
16:46:37.789,active,15236,846,12924,16787,0,95,59.5,52.5,No,2400,2400,0,3337,75
16:46:38.789,active,15256,724,12404,16787,0,95,60.6,52.0,No,2400,2400,0,3333,75
16:46:39.791,active,15264,774,11844,16785,-3,95,61.7,56.1,No,2400,2400,0,3322,75
16:46:40.793,active,15266,742,12654,16786,0,95,60.6,56.0,No,2400,2400,0,4930,125
16:46:41.793,active,15266,826,12636,16785,-3,95,61.1,57.0,No,2400,2400,0,5408,125
16:46:42.789,active,15271,946,13350,16785,0,95,60.6,55.6,No,2400,2400,0,5438,125
16:46:43.789,active,15268,764,11690,16786,0,95,60.6,57.2,No,2400,2400,0,5437,125
16:46:44.793,active,15264,958,14660,16786,0,95,62.2,56.9,No,2400,2400,0,5431,125
16:46:45.789,active,15260,956,14622,16787,0,95,61.7,56.7,No,2400,2400,0,5431,125
16:46:46.790,active,15314,532,8178,16787,0,95,62.2,56.3,No,2400,2400,0,5435,125
16:46:47.791,active,15290,774,7466,16785,-4,95,62.2,56.8,No,2400,2400,0,5432,125
16:46:48.790,active,15344,526,8102,16786,-4,95,61.1,57.8,No,2400,2400,0,5441,125
16:46:49.789,active,15331,462,7408,16785,0,95,61.7,51.9,No,2400,2400,0,5449,125
16:46:50.789,active,15316,522,8024,16786,0,95,61.1,52.2,No,2400,2400,0,5446,125
16:46:51.789,active,15296,650,7138,16786,0,95,62.8,57.3,No,2400,2400,0,5446,125
16:46:52.789,active,15333,496,7638,16786,-3,95,62.8,57.4,No,2400,2400,0,5453,125
16:46:53.791,active,15341,516,7928,16786,-4,95,62.8,58.3,No,2400,2400,0,5457,125
16:46:54.792,active,15324,518,7966,16786,0,95,62.2,57.3,No,2400,2400,0,5454,125
16:46:55.789,active,15273,896,13716,16785,0,95,62.8,58.7,No,2400,2400,0,5457,125
16:46:56.789,active,15275,920,11690,16784,-4,95,62.2,59.2,No,2400,2400,0,5467,125
16:46:57.790,active,15286,702,10764,16784,-4,95,62.8,58.6,No,2400,2400,0,5475,125
16:46:58.791,active,15275,748,10822,16786,-4,95,63.4,58.2,No,2400,2400,0,5474,125
16:46:59.789,active,15307,714,10956,16786,-4,95,62.8,57.7,No,2400,2400,0,5477,125
16:47:00.791,active,15305,724,10282,16787,-4,95,63.4,57.8,No,2400,2400,0,5484,125
16:47:01.790,active,15316,808,12404,16786,-6,95,61.7,58.7,No,2400,2400,0,5480,125
16:47:02.790,active,15299,764,11824,16784,0,95,62.2,57.3,No,2400,2400,0,5485,125
16:47:03.789,active,15301,740,11362,16784,0,95,63.4,57.3,No,2400,2400,0,5491,125
16:47:04.789,active,15320,782,11612,16786,0,95,62.2,58.6,No,2400,2400,0,5492,125
16:47:05.789,active,15316,450,6906,16786,0,95,62.8,58.0,No,2400,2400,0,5492,125
16:47:06.789,active,15309,696,10668,16786,0,95,62.8,58.5,No,2400,2400,0,5489,125
16:47:07.793,active,15311,682,10474,16786,0,95,63.9,58.0,No,2400,2400,0,5495,125
16:47:08.793,active,15307,816,12480,16785,-3,95,61.7,58.6,No,2400,2400,0,5498,125
16:47:09.789,active,15247,864,13726,16786,3,95,61.7,54.5,No,2400,2400,0,5507,125
16:47:10.789,active,15305,856,13098,16786,3,95,61.7,54.8,No,2400,2400,0,5518,125
16:47:11.789,active,15234,800,13522,16786,0,95,62.2,55.0,No,2400,2400,0,5514,125
16:47:12.789,active,15309,806,12346,16785,0,95,62.8,58.8,No,2400,2400,0,5511,125
16:47:13.789,active,15256,792,13252,16786,0,95,63.9,58.7,No,2400,2400,0,5512,125
16:47:14.790,active,15294,750,11516,16786,-4,95,62.8,58.0,No,2400,2400,0,5514,125
16:47:15.790,active,15294,460,7080,16785,-3,95,62.8,59.3,No,2400,2400,0,5513,125
16:47:16.790,active,15294,716,10976,16785,-4,95,63.9,60.0,No,2400,2400,0,5507,125
16:47:17.789,active,15294,558,8584,16785,0,95,62.8,58.7,No,2400,2400,0,5517,125
16:47:18.789,active,15294,720,7450,16785,0,95,62.8,59.3,No,2400,2400,0,5530,125
16:47:19.789,active,15299,496,7638,16787,0,95,63.9,58.7,No,2400,2400,0,5521,125
16:47:20.789,active,15352,506,7908,16787,0,95,62.8,58.5,No,2400,2400,0,5527,125
16:47:21.790,active,15337,522,8006,16786,-3,95,62.2,57.3,No,2400,2400,0,5519,125
16:47:22.793,active,15324,556,8102,16788,0,95,62.8,56.5,No,2400,2400,0,5526,125
16:47:23.789,active,15296,674,10358,16786,0,95,61.7,55.0,No,2400,2400,0,5535,125
16:47:24.793,active,15275,752,11536,16786,0,95,63.4,56.7,No,2400,2400,0,5520,125
16:47:25.792,active,15281,852,13040,16786,3,95,63.4,61.5,No,2400,2400,0,5529,125
16:47:26.793,active,15305,740,11362,16785,0,95,62.2,53.3,No,2400,2400,0,5537,125
16:47:27.789,active,15277,902,11824,16786,0,95,63.9,52.2,No,2400,2400,0,5533,125
16:47:28.789,active,15309,644,9858,16785,0,95,63.4,53.5,No,2400,2400,0,5535,125
16:47:29.790,active,15299,806,11266,16785,0,95,62.2,51.3,No,2400,2400,0,5536,125
16:47:30.789,active,15294,744,11400,16785,4,95,62.2,51.5,No,2400,2400,0,5534,125
16:47:31.789,active,15294,690,10628,16788,0,95,61.7,52.4,No,2400,2400,0,5525,125
16:47:32.789,sleep,15299,446,6828,16788,6,95,59.0,13.9,No,2400,2400,0,5567,125
16:47:33.789,sleep,15305,428,6558,16788,14,95,57.9,0.0,No,2400,2400,0,5588,125
16:47:34.789,sleep,15305,484,7446,16788,14,95,57.3,0.0,No,2400,2400,0,5576,125
16:47:35.789,sleep,15294,574,8796,16788,14,95,56.8,-0.0,No,2400,2400,0,5580,125
16:47:36.789,sleep,15299,446,8620,16788,14,95,55.6,0.5,No,2400,2400,0,5584,125
16:47:37.789,sleep,15288,514,7870,16790,16,95,54.5,0.3,No,1500,2400,0,5594,125
16:47:38.789,sleep,15296,468,5940,16790,20,95,54.5,0.0,No,1500,2400,0,5594,125
16:47:39.789,sleep,15294,460,7060,16789,20,95,54.0,-0.0,No,1500,2400,0,5593,125
16:47:40.789,sleep,15288,320,5864,16789,19,95,53.5,0.0,No,1500,2400,0,4900,75
16:47:41.789,sleep,15294,328,6442,16790,21,95,52.9,0.3,No,1500,2400,0,3666,75
16:47:42.789,sleep,15290,504,7716,16790,19,95,53.5,0.2,No,1500,2400,0,3473,75
16:47:43.789,sleep,15288,380,5826,16791,22,95,52.4,0.0,No,1500,2400,0,3445,75
16:47:44.789,sleep,15288,354,5440,16790,21,95,52.4,0.0,No,1500,2400,0,3434,75
16:47:45.789,sleep,15288,498,7638,16790,19,95,52.9,0.3,No,1500,2400,0,3430,75
16:47:46.789,sleep,15292,306,4686,16790,18,95,51.8,0.0,No,1500,2400,0,3429,75
16:47:47.793,active,15339,474,7804,16788,7,95,56.2,45.5,No,2400,2400,0,3393,75
16:47:48.789,active,15294,410,6308,16786,-5,95,57.9,55.4,No,2400,2400,0,3369,75
16:47:49.790,active,15333,532,7678,16786,-5,95,57.3,51.9,No,2400,2400,0,3361,75
16:47:50.794,active,15352,518,7948,16788,0,95,57.3,52.8,No,2400,2400,0,3343,75
16:47:51.789,active,15256,776,11922,16787,-4,95,58.4,56.2,No,2400,2400,0,3338,75
16:47:52.793,active,15299,702,10764,16787,0,95,59.5,53.4,No,2400,2400,0,3344,125
16:47:53.793,active,15266,756,11612,16785,-4,95,61.1,56.3,No,2400,2400,0,5227,125
16:47:54.789,active,15290,758,10378,16785,-5,95,60.6,56.4,No,2400,2400,0,5451,125
16:47:55.789,active,15271,728,11170,16785,-3,95,61.1,57.1,No,2400,2400,0,5463,125
16:47:56.791,active,15294,942,12134,16785,-6,95,60.6,57.6,No,2400,2400,0,5454,125
16:47:57.790,active,15290,718,10996,16786,-3,95,60.6,56.9,No,2400,2400,0,5452,125
16:47:58.789,active,15299,612,12538,16785,-3,95,61.1,56.9,No,2400,2400,0,5453,125
16:47:59.791,active,15301,740,11362,16786,0,95,61.1,56.4,No,2400,2400,0,5447,125
16:48:00.789,active,15316,682,10456,16785,-3,95,61.7,56.4,No,2400,2400,0,5452,125
16:48:01.789,active,15305,490,12038,16786,0,95,61.7,58.1,No,2400,2400,0,5450,125
16:48:02.791,active,15266,626,9588,16787,0,95,62.8,58.4,No,2400,2400,0,5461,125
16:48:03.797,active,15316,568,10802,16786,0,95,61.7,57.2,No,2400,2400,0,5470,125
16:48:04.790,active,15262,740,11324,16785,0,95,61.1,57.9,No,2400,2400,0,5468,125
16:48:05.789,active,15266,608,11362,16785,-3,95,61.7,58.9,No,2400,2400,0,5466,125
16:48:06.789,active,15251,788,12038,16785,0,95,61.1,52.2,No,2400,2400,0,5484,125
16:48:07.789,active,15273,1000,14082,16786,0,95,62.2,51.7,No,2400,2400,0,5479,125
16:48:08.789,active,15262,910,13928,16785,0,95,61.1,51.7,No,2400,2400,0,5485,125
16:48:09.792,active,15299,436,6712,16784,-5,95,61.7,51.3,No,2400,2400,0,5485,125
16:48:10.793,active,15333,488,7484,16784,-4,95,61.7,51.4,No,2400,2400,0,5497,125
16:48:11.790,active,15354,530,8178,16786,-3,95,60.6,51.3,No,2400,2400,0,5498,125
16:48:12.789,active,15352,518,7792,16786,0,95,61.1,52.2,No,2400,2400,0,5492,125
16:48:13.789,active,15337,562,8642,16785,-5,95,61.1,52.3,No,2400,2400,0,5500,125
16:48:14.789,active,15350,752,8178,16786,-3,95,61.7,51.8,No,2400,2400,0,5497,125
16:48:15.789,active,15331,526,8082,16786,0,95,61.1,51.6,No,2400,2400,0,5502,125
16:48:16.793,active,15341,464,7118,16786,-3,95,62.2,52.0,No,2400,2400,0,5509,125
16:48:17.793,active,15318,534,8218,16786,0,95,61.7,52.0,No,2400,2400,0,5500,125
16:48:18.789,active,15305,754,11574,16787,0,95,62.2,52.3,No,2400,2400,0,5506,125
16:48:19.789,active,15271,832,11806,16787,4,95,61.1,53.3,No,2400,2400,0,5512,125
16:48:20.789,active,15275,914,13986,16787,0,95,62.2,54.9,No,2400,2400,0,5512,125
16:48:21.789,active,15271,692,10880,16785,-4,95,62.2,58.5,No,2400,2400,0,5506,125
16:48:22.792,active,15303,754,11554,16784,-5,95,62.2,59.7,No,2400,2400,0,5508,125
16:48:23.792,active,15277,770,11824,16785,-3,95,62.2,59.5,No,2400,2400,0,5506,125
16:48:24.793,active,15296,716,10976,16785,-5,95,62.8,60.7,No,2400,2400,0,5514,125
16:48:25.789,active,15283,654,10030,16784,-6,95,61.7,58.4,No,2400,2400,0,5517,125
16:48:26.789,active,15301,662,11226,16784,-4,95,62.8,59.2,No,2400,2400,0,5513,125
16:48:27.793,active,15311,554,11632,16785,0,95,63.4,59.2,No,2400,2400,0,5514,125
16:48:28.789,active,15316,702,10744,16784,-3,95,63.4,58.6,No,2400,2400,0,5518,125
16:48:29.789,active,15288,642,11118,16786,0,95,63.4,58.9,No,2400,2400,0,5518,125
16:48:30.790,active,15303,770,11768,16787,0,95,62.2,55.4,No,2400,2400,0,5524,125
16:48:31.792,active,15264,646,13522,16786,0,95,62.8,53.7,No,2400,2400,0,5528,125
16:48:32.789,active,15264,826,12654,16785,0,95,61.7,54.5,No,2400,2400,0,5527,125
16:48:33.789,active,15258,700,12770,16785,0,95,63.4,58.7,No,2400,2400,0,5523,125
16:48:34.792,active,15256,894,13678,16784,-3,95,62.8,57.2,No,2400,2400,0,5524,125
16:48:35.793,active,15243,690,14584,16785,-3,95,62.2,55.8,No,2400,2400,0,5527,125
16:48:36.789,active,15326,510,7338,16786,0,95,61.7,54.5,No,2400,2400,0,5529,125
16:48:37.789,active,15292,534,8236,16787,-4,95,62.8,54.4,No,2400,2400,0,5526,125
16:48:38.796,active,15346,530,9124,16786,0,95,62.2,60.5,No,2400,2400,0,5522,125
16:48:39.789,active,15299,462,7118,16786,0,95,62.8,52.1,No,2400,2400,0,5524,125
16:48:40.789,active,15348,492,6654,16784,-5,95,61.7,52.0,No,2400,2400,0,5531,125
16:48:41.793,active,15335,540,8314,16785,0,95,63.4,53.3,No,2400,2400,0,5534,125
16:48:42.789,active,15301,630,7696,16785,0,95,63.4,52.9,No,2400,2400,0,5533,125
16:48:43.789,active,15318,500,7678,16785,0,95,62.8,52.9,No,2400,2400,0,5528,125
16:48:44.790,active,15329,742,7948,16785,-3,95,62.2,53.6,No,2400,2400,0,5534,125
16:48:45.795,active,15279,906,13022,16785,0,95,61.7,52.7,No,2400,2400,0,5531,125
16:48:46.789,active,15279,796,12210,16785,0,95,61.1,52.6,No,2400,2400,0,5522,125
16:48:47.789,sleep,15294,492,7754,16789,12,95,59.5,17.7,No,2400,2400,0,5568,125
16:48:48.789,sleep,15292,492,7542,16788,14,95,57.3,0.0,No,2400,2400,0,5578,125
16:48:49.789,sleep,15294,518,6674,16788,11,95,57.3,0.0,No,2400,2400,0,5582,125
16:48:50.789,sleep,15294,516,7928,16788,11,95,56.8,0.3,No,2400,2400,0,5579,125
16:48:51.789,sleep,15290,508,7986,16788,10,95,55.6,0.3,No,2400,2400,0,5581,125
16:48:52.789,sleep,15288,472,7252,16788,12,95,55.6,-0.0,No,1500,2400,0,5594,125
16:48:53.789,sleep,15292,318,7272,16788,15,95,54.0,0.2,No,1500,2400,0,4257,75
16:48:54.789,sleep,15294,446,6828,16790,18,95,54.0,0.0,No,1500,2400,0,3545,75
16:48:55.789,sleep,15294,600,9202,16789,17,95,54.5,0.0,No,1500,2400,0,3442,75
16:48:56.789,sleep,15299,340,6404,16789,18,95,52.9,0.5,No,1500,2400,0,3412,75
16:48:57.789,sleep,15292,468,7156,16790,19,95,52.4,0.0,No,1500,2400,0,3411,75
16:48:58.789,sleep,15301,624,7176,16790,19,95,52.4,-0.0,No,1500,2400,0,3408,75
16:48:59.789,sleep,15296,448,6866,16790,15,95,51.8,0.3,No,1500,2400,0,3409,75
16:49:00.789,sleep,15301,446,8044,16790,19,95,51.8,0.3,No,1500,2400,0,3409,75
16:49:01.789,sleep,15290,366,5612,16790,17,95,51.8,0.0,No,1500,2400,0,3402,75
16:49:02.793,active,15241,868,13272,16787,0,95,55.6,42.0,No,2400,2400,0,3369,75
16:49:03.789,active,15279,794,12152,16786,-5,95,56.8,55.3,No,2400,2400,0,3346,75
16:49:04.793,active,15296,738,11304,16786,-3,95,58.4,57.1,No,2400,2400,0,3336,75
16:49:05.793,active,15299,672,8314,16787,-3,95,58.4,57.0,No,2400,2400,0,3331,75
16:49:06.789,active,15352,424,6520,16787,-3,95,59.0,56.1,No,2400,2400,0,3314,75
16:49:07.789,active,15299,656,8198,16787,-4,95,59.0,56.6,No,2400,2400,0,3316,75
16:49:08.789,active,15344,432,6636,16786,0,95,60.6,56.7,No,2400,2400,0,3308,75
16:49:09.789,active,15344,736,8314,16785,-3,95,60.6,56.6,No,2400,2400,0,3303,75
16:49:10.789,active,15341,526,8082,16786,0,95,60.6,55.8,No,2400,2400,0,3545,125
16:49:11.791,active,15357,526,8064,16785,-3,95,60.6,56.4,No,2400,2400,0,5281,125
16:49:12.794,active,15354,520,8006,16785,-6,95,60.6,56.2,No,2400,2400,0,5420,125
16:49:13.789,active,15307,720,11054,16785,-6,95,60.6,56.7,No,2400,2400,0,5421,125
16:49:14.789,active,15279,938,11170,16786,0,95,61.7,59.1,No,2400,2400,0,5397,125
16:49:15.793,active,15268,934,14294,16785,0,95,62.2,58.5,No,2400,2400,0,5415,125
16:49:16.789,active,15264,896,10726,16785,0,95,61.1,59.1,No,2400,2400,0,5420,125
16:49:17.790,active,15314,730,11208,16785,-4,95,61.7,57.3,No,2400,2400,0,5423,125
16:49:18.793,active,15262,680,11440,16786,-4,95,61.7,58.9,No,2400,2400,0,5423,125
16:49:19.792,active,15311,770,11824,16786,0,95,61.7,57.1,No,2400,2400,0,5422,125
16:49:20.789,active,15314,844,12964,16784,-4,95,61.7,58.0,No,2400,2400,0,5434,125
16:49:21.789,active,15307,740,11342,16785,-3,95,63.4,59.0,No,2400,2400,0,5429,125
16:49:22.793,active,15273,670,10262,16784,-4,95,62.8,57.5,No,2400,2400,0,5437,125
16:49:23.789,active,15314,562,11054,16786,-4,95,62.8,58.7,No,2400,2400,0,5441,125
16:49:24.789,active,15260,674,10300,16786,-3,95,62.8,58.2,No,2400,2400,0,5443,125
16:49:25.794,active,15275,606,11188,16787,0,95,62.8,58.1,No,2400,2400,0,5452,125
16:49:26.793,active,15256,690,10532,16786,0,95,62.2,57.1,No,2400,2400,0,5449,125
16:49:27.789,active,15279,686,10706,16785,0,95,61.7,56.6,No,2400,2400,0,5461,125
16:49:28.789,active,15256,780,11922,16785,0,95,63.9,58.3,No,2400,2400,0,5463,125
16:49:29.793,active,15256,980,12346,16784,-5,95,63.4,58.4,No,2400,2400,0,5466,125
16:49:30.789,active,15266,844,12924,16784,-5,95,63.4,57.6,No,2400,2400,0,5468,125
16:49:31.789,active,15301,680,12982,16785,-6,95,64.5,57.9,No,2400,2400,0,5470,125
16:49:32.790,active,15299,672,7620,16785,-8,95,62.2,57.4,No,2400,2400,0,5483,125
16:49:33.790,active,15296,764,11710,16785,-4,95,62.2,59.3,No,2400,2400,0,5473,125
16:49:34.789,active,15299,752,6906,16786,-3,95,62.2,58.4,No,2400,2400,0,5482,125
16:49:35.789,active,15305,530,8120,16784,0,95,63.4,59.0,No,2400,2400,0,5484,125
16:49:36.793,active,15301,674,6268,16785,-3,95,63.4,59.1,No,2400,2400,0,5489,125
16:49:37.789,active,15350,486,7484,16786,0,95,62.8,58.1,No,2400,2400,0,5493,125
16:49:38.790,active,15290,654,8410,16786,0,95,63.4,59.3,No,2400,2400,0,5489,125
16:49:39.793,active,15350,494,7600,16787,0,95,63.4,58.7,No,2400,2400,0,5493,125
16:49:40.789,active,15331,476,7330,16786,0,95,61.7,58.7,No,2400,2400,0,5497,125
16:49:41.789,active,15273,926,10398,16786,0,95,61.7,60.1,No,2400,2400,0,5496,125
16:49:42.789,active,15307,712,10938,16784,-4,95,63.4,59.4,No,2400,2400,0,5495,125
16:49:43.789,active,15303,800,10842,16785,0,95,62.8,54.7,No,2400,2400,0,5509,125
16:49:44.789,active,15268,958,14660,16786,0,95,63.9,55.9,No,2400,2400,0,5504,125
16:49:45.789,active,15260,728,11748,16786,0,95,63.4,59.7,No,2400,2400,0,5501,125
16:49:46.793,active,15296,770,11806,16786,0,95,63.4,56.9,No,2400,2400,0,5506,125
16:49:47.796,active,15311,754,11554,16785,0,95,63.4,56.7,No,2400,2400,0,5512,125
16:49:48.789,active,15301,644,9876,16786,0,95,62.8,54.7,No,2400,2400,0,5514,125
16:49:49.789,active,15301,780,11960,16785,0,95,63.4,56.4,No,2400,2400,0,5508,125
16:49:50.793,active,15344,490,10514,16785,0,95,63.9,59.7,No,2400,2400,0,5516,125
16:49:51.789,active,15277,686,10514,16787,3,95,62.8,55.6,No,2400,2400,0,5516,125
16:49:52.789,active,15307,770,12326,16787,-3,95,62.8,52.4,No,2400,2400,0,5526,125
16:49:53.793,active,15247,798,12210,16787,0,95,62.2,51.3,No,2400,2400,0,5518,125
16:49:54.789,active,15307,806,12326,16786,0,95,61.7,51.3,No,2400,2400,0,5521,125
16:49:55.789,active,15243,864,13214,16784,-3,95,61.7,52.2,No,2400,2400,0,5522,125
16:49:56.789,active,15314,874,13368,16785,-3,95,62.8,52.0,No,2400,2400,0,5525,125
16:49:57.789,active,15234,796,12152,16785,-4,95,62.2,51.8,No,2400,2400,0,5528,125
16:49:58.789,active,15247,978,14970,16786,-3,95,62.8,51.7,No,2400,2400,0,5528,125
16:49:59.790,active,15294,694,9066,16786,0,95,62.8,51.3,No,2400,2400,0,5531,125
16:50:00.793,active,15311,494,7580,16785,0,95,63.4,51.4,No,2400,2400,0,5537,125
16:50:01.789,active,15294,698,8546,16785,0,95,62.2,51.2,No,2400,2400,0,5536,125
16:50:02.789,sleep,15299,604,9278,16787,4,95,59.0,20.7,No,2400,2400,0,5573,125
16:50:03.789,sleep,15296,530,8120,16788,15,95,58.4,0.0,No,2400,2400,0,5576,125
16:50:04.789,sleep,15296,516,7928,16789,14,95,57.9,0.3,No,2400,2400,0,5563,125
16:50:05.789,sleep,15292,478,7330,16789,13,95,56.8,0.0,No,2400,2400,0,5576,125
16:50:06.789,sleep,15294,450,6906,16788,12,95,56.2,0.3,No,2400,2400,0,5576,125
16:50:07.789,sleep,15286,496,7600,16788,12,95,55.6,0.2,No,1500,2400,0,5588,125
16:50:08.789,sleep,15296,506,7522,16788,15,95,55.1,0.3,No,1500,2400,0,5586,125
16:50:09.789,sleep,15288,380,5826,16789,17,95,54.0,-0.0,No,1500,2400,0,3960,75
16:50:10.789,sleep,15286,274,6596,16790,16,95,54.0,0.0,No,1500,2400,0,3506,75
16:50:11.789,sleep,15290,398,6114,16791,15,95,54.0,-0.0,No,1500,2400,0,3446,75
16:50:12.789,sleep,15292,452,4302,16789,11,95,52.4,0.3,No,1500,2400,0,3425,75
16:50:13.789,sleep,15294,354,5440,16788,10,95,52.9,0.0,No,1500,2400,0,3414,75
16:50:14.789,sleep,15290,406,6230,16789,18,95,52.4,-0.0,No,1500,2400,0,3414,75
16:50:15.789,sleep,15292,510,7812,16788,12,95,52.4,0.3,No,1500,2400,0,3407,75
16:50:16.789,sleep,15290,382,5864,16788,8,95,51.8,0.3,No,1500,2400,0,3403,75
16:50:17.789,active,15311,680,10436,16784,0,95,56.2,40.2,No,2400,2400,0,3367,75
16:50:18.789,active,15311,350,5382,16783,-11,95,57.3,52.8,No,2400,2400,0,3351,75
16:50:19.789,active,15303,434,11112,16785,-9,95,58.4,56.0,No,2400,2400,0,3329,75
16:50:20.791,active,15314,666,10224,16784,-7,95,59.5,57.1,No,2400,2400,0,3332,75
16:50:21.794,active,15305,422,11072,16784,-8,95,59.0,56.5,No,2400,2400,0,3331,75
16:50:22.789,active,15258,610,9336,16785,-8,95,60.0,57.5,No,2400,2400,0,3315,75
16:50:23.789,active,15307,522,11998,16785,-7,95,60.0,58.2,No,2400,2400,0,3311,75
16:50:24.789,active,15262,712,10898,16786,-4,95,60.6,57.0,No,2400,2400,0,4470,125
16:50:25.791,active,15305,756,11612,16785,-4,95,61.1,57.4,No,2400,2400,0,5360,125
16:50:26.791,active,15268,716,10956,16785,-6,95,60.0,56.7,No,2400,2400,0,5426,125
16:50:27.790,active,15301,670,10282,16785,-5,95,61.7,59.0,No,2400,2400,0,5432,125
16:50:28.794,active,15301,736,8448,16786,-4,95,60.6,57.2,No,2400,2400,0,5424,125
16:50:29.789,active,15303,802,12308,16785,-4,95,61.7,58.9,No,2400,2400,0,5423,125
16:50:30.789,active,15299,704,8064,16785,-3,95,61.1,58.9,No,2400,2400,0,5431,125
16:50:31.789,active,15296,712,10918,16785,-4,95,62.2,57.6,No,2400,2400,0,5425,125
16:50:32.789,active,15290,770,7948,16785,-5,95,62.2,58.3,No,2400,2400,0,5436,125
16:50:33.791,active,15299,718,10996,16786,0,95,63.4,59.3,No,2400,2400,0,5436,125
16:50:34.792,active,15299,716,7638,16786,-3,95,62.8,57.5,No,2400,2400,0,5440,125
16:50:35.790,active,15290,628,9626,16786,-3,95,61.7,58.3,No,2400,2400,0,5445,125
16:50:36.789,active,15279,922,14120,16785,-5,95,61.7,56.7,No,2400,2400,0,5445,125
16:50:37.789,active,15301,730,11208,16785,-5,95,61.1,53.1,No,2400,2400,0,5450,125
16:50:38.789,active,15258,684,10514,16785,-5,95,62.8,51.9,No,2400,2400,0,5462,125
16:50:39.789,active,15303,708,11882,16787,0,95,61.7,51.8,No,2400,2400,0,5468,125
16:50:40.789,active,15262,726,11150,16787,0,95,61.7,51.5,No,2400,2400,0,5468,125
16:50:41.793,active,15305,728,11014,16786,-4,95,62.2,52.1,No,2400,2400,0,5468,125
16:50:42.789,active,15301,724,11112,16785,-5,95,61.1,51.3,No,2400,2400,0,5480,125
16:50:43.789,active,15296,728,11710,16784,-5,95,62.2,52.9,No,2400,2400,0,5475,125
16:50:44.789,active,15301,764,11710,16785,0,95,61.7,53.0,No,2400,2400,0,5480,125
16:50:45.789,active,15316,446,6828,16785,0,95,62.8,54.2,No,2400,2400,0,5484,125
16:50:46.789,active,15309,546,11304,16785,0,95,61.7,54.3,No,2400,2400,0,5486,125
16:50:47.789,active,15316,498,7638,16784,-6,95,62.2,54.1,No,2400,2400,0,5492,125
16:50:48.793,active,15305,522,12752,16784,-7,95,62.2,54.4,No,2400,2400,0,5496,125
16:50:49.790,active,15303,680,10416,16784,-4,95,61.1,53.8,No,2400,2400,0,5494,125
16:50:50.789,active,15303,428,12886,16784,-3,95,61.1,54.7,No,2400,2400,0,5487,125
16:50:51.789,active,15247,678,10358,16785,-3,95,61.7,54.9,No,2400,2400,0,5501,125
16:50:52.789,active,15311,890,13600,16786,0,95,62.2,54.7,No,2400,2400,0,5503,125
16:50:53.789,active,15264,682,10456,16785,-5,95,62.2,54.1,No,2400,2400,0,5497,125
16:50:54.793,active,15292,690,10572,16786,4,95,62.2,56.5,No,2400,2400,0,5498,125
16:50:55.793,active,15299,742,11284,16785,0,95,62.8,59.2,No,2400,2400,0,5502,125
16:50:56.790,active,15294,672,10300,16785,0,95,61.7,58.5,No,2400,2400,0,5505,125
16:50:57.789,active,15299,670,10262,16786,0,95,62.2,59.2,No,2400,2400,0,5502,125
16:50:58.793,active,15294,674,10358,16787,0,95,62.8,58.7,No,2400,2400,0,5516,125
16:50:59.789,active,15296,520,7966,16787,0,95,62.2,57.7,No,2400,2400,0,5510,125
16:51:00.789,active,15354,518,7966,16786,0,95,62.8,54.3,No,2400,2400,0,5513,125
16:51:01.791,active,15301,514,7890,16786,0,95,62.8,54.3,No,2400,2400,0,5513,125
16:51:02.793,active,15352,500,7658,16785,0,95,61.1,54.3,No,2400,2400,0,5515,125
16:51:03.789,active,15281,774,8044,16785,-3,95,61.1,59.9,No,2400,2400,0,5518,125
16:51:04.789,active,15260,754,11574,16785,-3,95,61.7,54.8,No,2400,2400,0,5516,125
16:51:05.789,active,15309,762,11710,16785,0,95,62.2,52.0,No,2400,2400,0,5517,125
16:51:06.793,active,15262,686,10532,16785,-4,95,62.2,51.7,No,2400,2400,0,5520,125
16:51:07.789,active,15303,728,10402,16786,0,95,62.2,51.3,No,2400,2400,0,5520,125
16:51:08.789,active,15275,684,10494,16785,0,95,62.2,51.7,No,2400,2400,0,5529,125
16:51:09.790,active,15307,708,12848,16785,0,95,62.2,51.0,No,2400,2400,0,5527,125
16:51:10.789,active,15307,760,11652,16787,0,95,61.1,53.7,No,2400,2400,0,5524,125
16:51:11.789,active,15309,696,10668,16784,0,95,62.2,53.5,No,2400,2400,0,5522,125
16:51:12.789,active,15301,756,11612,16785,0,95,61.7,53.6,No,2400,2400,0,5517,125
16:51:13.789,active,15307,630,9644,16785,-3,95,62.8,52.3,No,2400,2400,0,5520,125
16:51:14.789,active,15305,520,12062,16785,-3,95,62.8,54.1,No,2400,2400,0,5510,125
16:51:15.790,active,15307,620,9472,16785,0,95,61.7,55.4,No,2400,2400,0,5521,125
16:51:16.793,active,15311,532,12964,16785,-3,95,61.7,53.3,No,2400,2400,0,5527,125
16:51:17.789,sleep,15294,498,7658,16786,0,95,59.5,23.3,No,2400,2400,0,5564,125
16:51:18.789,sleep,15296,440,8044,16787,9,95,58.4,0.3,No,2400,2400,0,5578,125
16:51:19.789,sleep,15294,452,6944,16788,9,95,57.9,0.0,No,2400,2400,0,5580,125
16:51:20.789,sleep,15301,438,8218,16788,11,95,56.2,-0.0,No,2400,2400,0,5577,125
16:51:21.789,sleep,15299,516,7908,16788,8,95,56.2,0.3,No,2400,2400,0,5589,125
16:51:22.789,sleep,15290,496,7600,16788,10,95,54.5,0.0,No,1500,2400,0,5582,125
16:51:23.789,sleep,15290,480,8718,16788,13,95,54.5,-0.0,No,1500,2400,0,5544,75
16:51:24.789,sleep,15294,318,4880,16788,14,95,54.0,0.3,No,1500,2400,0,3764,75
16:51:25.789,sleep,15296,572,8044,16788,10,95,53.5,0.0,No,1500,2400,0,3489,75
16:51:26.789,sleep,15292,444,6790,16789,11,95,53.5,0.3,No,1500,2400,0,3446,75
16:51:27.789,sleep,15286,540,7908,16790,11,95,52.9,0.5,No,1500,2400,0,3425,75
16:51:28.789,sleep,15286,440,6752,16790,17,95,52.4,0.3,No,1500,2400,0,3420,75
16:51:29.789,sleep,15292,534,8758,16789,17,95,52.4,0.0,No,1500,2400,0,3414,75
16:51:30.789,sleep,15296,492,7542,16788,13,95,52.4,0.3,No,1500,2400,0,3411,75
16:51:31.789,sleep,15292,372,5710,16788,13,95,51.8,-0.0,No,1500,2400,0,3404,75
16:51:32.789,active,15271,842,10070,16786,3,95,55.1,36.8,No,2400,2400,0,3375,75
16:51:33.790,active,15296,668,10244,16786,-3,95,56.8,53.0,No,2400,2400,0,3355,75
16:51:34.793,active,15307,630,10842,16785,-7,95,57.9,52.4,No,2400,2400,0,3331,75
16:51:35.790,active,15307,680,10436,16786,0,95,57.9,55.6,No,2400,2400,0,3330,75
16:51:36.790,active,15307,766,11516,16785,-4,95,59.0,56.4,No,2400,2400,0,3328,75
16:51:37.790,active,15309,694,10668,16786,-5,95,59.0,57.3,No,2400,2400,0,3321,75
16:51:38.789,active,15277,694,10668,16785,-8,95,59.5,58.2,No,2400,2400,0,3314,75
16:51:39.793,active,15311,726,11150,16786,-4,95,59.5,57.4,No,2400,2400,0,3305,75
16:51:40.793,active,15307,556,8546,16785,-6,95,60.0,57.5,No,2400,2400,0,4902,125
16:51:41.789,active,15314,498,11710,16785,-4,95,61.7,57.7,No,2400,2400,0,5394,125
16:51:42.789,active,15283,660,10108,16783,-4,95,60.6,58.5,No,2400,2400,0,5419,125
16:51:43.794,active,15318,536,9916,16783,-5,95,61.7,58.6,No,2400,2400,0,5422,125
16:51:44.791,active,15271,678,10378,16784,-8,95,60.6,59.5,No,2400,2400,0,5422,125
16:51:45.789,active,15307,742,11342,16786,-6,95,61.7,59.3,No,2400,2400,0,5422,125
16:51:46.789,active,15256,720,11014,16787,-3,95,62.2,59.1,No,2400,2400,0,5410,125
16:51:47.789,active,15262,760,11632,16786,0,95,61.7,59.6,No,2400,2400,0,5422,125
16:51:48.789,active,15253,728,12686,16784,-5,95,62.8,56.7,No,2400,2400,0,5420,125
16:51:49.791,active,15294,748,11458,16785,-6,95,61.1,57.6,No,2400,2400,0,5428,125
16:51:50.794,active,15299,792,12152,16786,-3,95,61.7,57.1,No,2400,2400,0,5438,125
16:51:51.790,active,15294,742,11382,16786,0,95,61.1,58.5,No,2400,2400,0,5436,125
16:51:52.789,active,15299,496,7638,16786,0,95,61.7,57.7,No,2400,2400,0,5444,125
16:51:53.791,active,15296,516,7928,16786,0,95,62.2,58.6,No,2400,2400,0,5456,125
16:51:54.789,active,15294,752,11516,16786,-3,95,63.4,59.3,No,2400,2400,0,5451,125
16:51:55.789,active,15292,774,11882,16785,0,95,62.8,57.1,No,2400,2400,0,5458,125
16:51:56.792,active,15301,490,7542,16784,0,95,62.2,57.3,No,2400,2400,0,5465,125
16:51:57.793,active,15292,566,7912,16785,-5,95,62.2,57.7,No,2400,2400,0,5466,125
16:51:58.789,active,15268,914,8082,16787,-4,95,61.7,59.8,No,2400,2400,0,5468,125
16:51:59.789,active,15262,624,11324,16786,0,95,62.2,58.3,No,2400,2400,0,5466,125
16:52:00.793,active,15279,728,11170,16785,0,95,62.8,59.2,No,2400,2400,0,5465,125
16:52:01.793,active,15264,730,11208,16786,0,95,63.4,58.2,No,2400,2400,0,5471,125
16:52:02.789,active,15303,724,11112,16786,0,95,63.9,58.4,No,2400,2400,0,5475,125
16:52:03.793,active,15260,740,11342,16785,0,95,62.8,59.7,No,2400,2400,0,5485,125
16:52:04.793,active,15266,972,14892,16785,0,95,62.8,58.7,No,2400,2400,0,5488,125
16:52:05.789,active,15264,742,11400,16786,0,95,62.2,58.6,No,2400,2400,0,5486,125
16:52:06.789,active,15314,744,11440,16785,-4,95,62.8,58.3,No,2400,2400,0,5490,125
16:52:07.793,active,15288,670,10262,16785,-3,95,63.4,58.6,No,2400,2400,0,5494,125
16:52:08.789,active,15303,516,10070,16785,0,95,62.8,54.6,No,2400,2400,0,5501,125
16:52:09.789,active,15303,586,8990,16786,0,95,61.7,54.3,No,2400,2400,0,5505,125
16:52:10.793,active,15299,1022,12056,16786,0,95,62.8,54.1,No,2400,2400,0,5504,125
16:52:11.793,active,15292,682,10474,16785,0,95,62.2,54.4,No,2400,2400,0,5499,125
16:52:12.789,active,15311,824,12596,16786,0,95,62.2,54.8,No,2400,2400,0,5504,125
16:52:13.789,active,15258,672,10282,16785,0,95,61.1,55.0,No,2400,2400,0,5514,125
16:52:14.789,active,15311,880,13446,16784,0,95,62.2,54.8,No,2400,2400,0,5509,125
16:52:15.789,active,15264,704,10784,16786,-3,95,63.4,57.9,No,2400,2400,0,5506,125
16:52:16.789,active,15262,864,13214,16785,-8,95,62.2,53.0,No,2400,2400,0,5516,125
16:52:17.793,active,15299,762,8680,16786,-8,95,63.4,51.7,No,2400,2400,0,5506,125
16:52:18.793,active,15296,716,10976,16785,-6,95,62.2,51.8,No,2400,2400,0,5517,125
16:52:19.789,active,15301,512,7870,16784,-5,95,61.1,51.3,No,2400,2400,0,5522,125
16:52:20.789,active,15299,682,10474,16783,-6,95,62.2,52.0,No,2400,2400,0,5522,125
16:52:21.789,active,15299,588,9046,16783,-9,95,62.8,52.3,No,2400,2400,0,5512,125
16:52:22.789,active,15346,506,7774,16784,-5,95,62.8,51.4,No,2400,2400,0,5518,125
16:52:23.789,active,15296,526,8082,16785,-4,95,62.2,52.8,No,2400,2400,0,5519,125
16:52:24.789,active,15346,526,8044,16785,-7,95,62.2,54.9,No,2400,2400,0,5516,125
16:52:25.795,active,15296,494,7600,16784,-4,95,61.7,52.8,No,2400,2400,0,5514,125
16:52:26.789,active,15275,728,11150,16785,-6,95,62.2,52.1,No,2400,2400,0,5520,125
16:52:27.789,active,15277,818,12538,16784,-4,95,61.1,53.1,No,2400,2400,0,5521,125
16:52:28.792,active,15262,724,11112,16785,-3,95,62.2,52.0,No,2400,2400,0,5528,125
16:52:29.793,active,15305,794,12172,16785,-3,95,62.2,51.3,No,2400,2400,0,5530,125
16:52:30.789,active,15266,754,11554,16784,-4,95,62.2,51.4,No,2400,2400,0,5527,125
16:52:31.789,active,15305,700,11238,16784,-11,95,62.8,51.5,No,2400,2400,0,5521,125
16:52:32.789,sleep,15296,546,8372,16786,-5,95,59.0,26.1,No,2400,2400,0,5560,125
16:52:33.789,sleep,15294,480,7890,16786,6,95,57.9,0.3,No,2400,2400,0,5571,125
16:52:34.789,sleep,15290,514,7890,16788,9,95,56.8,0.0,No,2400,2400,0,5574,125
16:52:35.789,sleep,15290,516,7928,16787,9,95,56.2,0.0,No,2400,2400,0,5586,125
16:52:36.789,sleep,15294,400,6134,16787,8,95,56.2,-0.0,No,2400,2400,0,5579,125
16:52:37.789,sleep,15292,290,4456,16788,7,95,55.6,0.3,No,1500,2400,0,5583,125
16:52:38.789,sleep,15292,362,5536,16788,12,95,55.1,0.0,No,1500,2400,0,5590,125
16:52:39.789,sleep,15301,288,4416,16787,7,95,54.0,-0.0,No,1500,2400,0,4883,75
16:52:40.789,sleep,15296,570,5342,16788,11,95,53.5,0.3,No,1500,2400,0,3625,75
16:52:41.789,sleep,15294,586,8990,16787,13,95,54.5,0.0,No,1500,2400,0,3453,75
16:52:42.789,sleep,15301,352,5498,16788,12,95,52.4,0.3,No,1500,2400,0,3430,75
16:52:43.789,sleep,15296,206,3182,16788,12,95,53.5,0.0,No,1500,2400,0,3423,75
16:52:44.789,sleep,15301,544,8352,16789,13,95,51.8,0.0,No,1500,2400,0,3419,75
16:52:45.789,sleep,15296,550,7138,16789,12,95,51.2,0.3,No,1500,2400,0,3417,75
16:52:46.789,sleep,15288,370,5670,16788,11,95,51.8,0.2,No,1500,2400,0,3404,75
16:52:47.789,active,15301,656,7022,16785,9,95,55.1,33.8,No,2400,2400,0,3373,75
16:52:48.789,active,15331,462,7118,16785,-3,95,55.6,53.3,No,2400,2400,0,3343,75
16:52:49.793,active,15296,502,7774,16785,-4,95,57.3,52.4,No,2400,2400,0,3333,75
16:52:50.789,active,15324,460,7060,16785,-6,95,59.0,51.4,No,2400,2400,0,3332,75
16:52:51.789,active,15352,490,7522,16786,-7,95,58.4,51.5,No,2400,2400,0,3337,75
16:52:52.790,active,15322,492,7562,16786,-6,95,58.4,50.9,No,2400,2400,0,3339,75
16:52:53.790,active,15281,774,8372,16785,-5,95,58.4,51.5,No,2400,2400,0,3327,75
16:52:54.789,active,15275,822,10146,16784,0,95,59.5,52.0,No,2400,2400,0,3306,75
16:52:55.789,active,15309,690,10590,16786,0,95,59.5,52.0,No,2400,2400,0,3310,75
16:52:56.789,active,15294,656,10050,16786,0,95,60.0,51.4,No,2400,2400,0,3301,75
16:52:57.789,active,15309,682,10456,16785,-3,95,61.1,60.1,No,2400,2400,0,3263,75
16:52:58.792,active,15292,738,11284,16785,-5,95,60.6,57.8,No,2400,2400,0,5065,125
16:52:59.793,active,15307,738,11324,16784,-7,95,61.1,58.6,No,2400,2400,0,5394,125
16:53:00.789,active,15307,784,12018,16784,-3,95,60.0,52.2,No,2400,2400,0,5416,125
16:53:01.789,active,15311,760,10282,16785,-4,95,61.1,56.8,No,2400,2400,0,5417,125
16:53:02.793,active,15271,716,10996,16786,0,95,61.7,57.9,No,2400,2400,0,5411,125
16:53:03.789,active,15311,654,10012,16786,-5,95,62.2,58.4,No,2400,2400,0,5399,125
16:53:04.789,active,15309,462,7098,16785,-3,95,62.2,57.2,No,2400,2400,0,5421,125
16:53:05.794,active,15318,704,10784,16784,-6,95,61.7,57.3,No,2400,2400,0,5420,125
16:53:06.790,active,15275,638,9780,16784,-5,95,61.7,58.5,No,2400,2400,0,5427,125
16:53:07.789,active,15318,768,11748,16785,-3,95,62.2,58.2,No,2400,2400,0,5431,125
16:53:08.789,active,15264,826,13446,16786,0,95,62.2,58.8,No,2400,2400,0,5427,125
16:53:09.789,active,15309,792,12114,16784,-5,95,62.2,59.2,No,2400,2400,0,5438,125
16:53:10.789,active,15262,788,12462,16785,-4,95,62.2,58.7,No,2400,2400,0,5438,125
16:53:11.790,active,15260,812,12442,16785,0,95,62.8,59.5,No,2400,2400,0,5440,125
16:53:12.790,active,15296,702,10744,16786,0,95,62.8,58.4,No,2400,2400,0,5450,125
16:53:13.790,active,15292,748,8386,16785,0,95,62.8,59.3,No,2400,2400,0,5447,125
16:53:14.789,active,15299,580,8892,16786,0,95,61.7,57.6,No,2400,2400,0,5449,125
16:53:15.789,active,15290,694,7678,16786,0,95,62.8,59.0,No,2400,2400,0,5452,125
16:53:16.789,active,15296,520,8006,16785,0,95,62.8,59.3,No,2400,2400,0,5462,125
16:53:17.789,active,15290,724,8198,16785,0,95,63.4,58.6,No,2400,2400,0,5471,125
16:53:18.792,active,15350,528,8140,16785,0,95,62.8,59.1,No,2400,2400,0,5473,125
16:53:19.793,active,15305,546,7580,16784,0,95,63.4,59.1,No,2400,2400,0,5471,125
16:53:20.792,active,15316,502,7696,16786,0,95,62.2,58.8,No,2400,2400,0,5478,125
16:53:21.789,active,15262,728,11170,16785,0,95,62.2,59.8,No,2400,2400,0,5476,125
16:53:22.789,active,15264,978,11498,16784,0,95,62.8,59.0,No,2400,2400,0,5484,125
16:53:23.793,active,15266,782,11980,16786,0,95,63.4,57.4,No,2400,2400,0,5488,125
16:53:24.789,active,15301,730,10552,16786,0,95,62.8,55.4,No,2400,2400,0,5489,125
16:53:25.789,active,15299,778,11922,16786,0,95,62.8,56.0,No,2400,2400,0,5490,125
16:53:26.789,active,15309,694,11440,16784,-4,95,63.4,54.2,No,2400,2400,0,5498,125
16:53:27.789,active,15296,680,10436,16785,0,95,61.7,58.3,No,2400,2400,0,5498,125
16:53:28.789,active,15294,996,11768,16784,0,95,61.7,57.3,No,2400,2400,0,5497,125
16:53:29.789,active,15301,730,11188,16786,3,95,62.8,52.0,No,2400,2400,0,5507,125
16:53:30.789,active,15309,458,7040,16788,5,95,62.2,52.0,No,2400,2400,0,5504,125
16:53:31.789,active,15316,476,11670,16787,0,95,62.8,52.7,No,2400,2400,0,5508,125
16:53:32.793,active,15279,720,11034,16786,0,95,62.8,52.6,No,2400,2400,0,5511,125
16:53:33.790,active,15299,446,11324,16786,0,95,62.8,53.6,No,2400,2400,0,5517,125
16:53:34.790,active,15260,694,10610,16785,0,95,61.7,54.8,No,2400,2400,0,5512,125
16:53:35.789,active,15303,562,12808,16785,0,95,62.8,55.4,No,2400,2400,0,5515,125
16:53:36.789,active,15262,738,11304,16785,0,95,62.2,53.9,No,2400,2400,0,5514,125
16:53:37.789,active,15314,1014,13330,16786,0,95,62.8,54.6,No,2400,2400,0,5511,125
16:53:38.789,active,15271,692,10610,16786,0,95,63.4,53.0,No,2400,2400,0,5518,125
16:53:39.790,active,15296,666,10204,16785,-4,95,62.8,53.5,No,2400,2400,0,5520,125
16:53:40.793,active,15296,706,11902,16785,0,95,63.9,55.5,No,2400,2400,0,5524,125
16:53:41.794,active,15294,458,7022,16785,0,95,61.7,53.5,No,2400,2400,0,5522,125
16:53:42.789,active,15303,772,8468,16785,0,95,61.7,53.4,No,2400,2400,0,5524,125
16:53:43.793,active,15352,530,8160,16784,-5,95,62.8,57.1,No,2400,2400,0,5525,125
16:53:44.793,active,15294,280,7040,16785,-4,95,63.4,56.9,No,2400,2400,0,5529,125
16:53:45.789,active,15294,700,10744,16786,0,95,63.4,55.0,No,2400,2400,0,5527,125
16:53:46.789,active,15344,464,7138,16786,0,95,62.8,51.9,No,2400,2400,0,5527,125
16:53:47.789,sleep,15296,450,6906,16788,8,95,60.0,30.7,No,2400,2400,0,5554,125
16:53:48.789,sleep,15294,510,7812,16788,18,95,59.0,0.0,No,2400,2400,0,5577,125
16:53:49.789,sleep,15288,450,7812,16790,17,95,57.3,0.3,No,2400,2400,0,5579,125
16:53:50.789,sleep,15290,502,7696,16790,14,95,56.2,0.0,No,2400,2400,0,5576,125
16:53:51.789,sleep,15294,492,7792,16789,12,95,56.8,0.0,No,2400,2400,0,5576,125
16:53:52.789,sleep,15290,474,7272,16789,14,95,55.6,0.2,No,1500,2400,0,5581,125
16:53:53.789,sleep,15296,540,4282,16789,17,95,55.1,0.3,No,1500,2400,0,4288,75
16:53:54.789,sleep,15299,412,6326,16788,16,95,54.5,0.0,No,1500,2400,0,3559,75
16:53:55.789,sleep,15294,706,8990,16789,19,95,53.5,0.3,No,1500,2400,0,3450,75
16:53:56.789,sleep,15292,550,8430,16790,21,95,52.9,0.3,No,1500,2400,0,3429,75
16:53:57.789,sleep,15290,506,7754,16789,17,95,52.9,0.0,No,1500,2400,0,3411,75
16:53:58.789,sleep,15290,552,5498,16790,17,95,52.4,0.3,No,1500,2400,0,3398,75
16:53:59.789,sleep,15303,560,8604,16790,17,95,54.0,0.0,No,1500,2400,0,3405,75
16:54:00.789,sleep,15288,340,4416,16789,15,95,52.4,0.2,No,1500,2400,0,3389,75
16:54:01.789,sleep,15299,462,7080,16790,19,95,52.4,0.0,No,1500,2400,0,3383,75
16:54:02.789,active,15299,446,11632,16788,9,95,55.1,30.0,No,2400,2400,0,3365,75
16:54:03.789,active,15258,686,10514,16787,0,95,56.8,52.4,No,2400,2400,0,3353,75
16:54:04.793,active,15316,998,13600,16786,-3,95,58.4,58.2,No,2400,2400,0,3344,75
16:54:05.789,active,15260,720,11014,16785,-3,95,59.5,57.5,No,2400,2400,0,3330,75
16:54:06.789,active,15311,770,11768,16787,-4,95,60.0,58.0,No,2400,2400,0,3867,125
16:54:07.794,active,15294,754,9722,16786,0,95,60.0,58.3,No,2400,2400,0,5336,125
16:54:08.789,active,15296,716,10996,16786,-4,95,59.5,57.9,No,2400,2400,0,5467,125
16:54:09.789,active,15301,744,8604,16784,-9,95,60.0,58.2,No,2400,2400,0,5452,125
16:54:10.789,active,15299,750,11498,16785,-4,95,61.1,60.1,No,2400,2400,0,5429,125
16:54:11.789,active,15301,780,7272,16786,0,95,61.1,56.8,No,2400,2400,0,5441,125
16:54:12.789,active,15294,686,10532,16785,-4,95,61.1,58.1,No,2400,2400,0,5448,125
16:54:13.791,active,15294,648,9934,16785,-4,95,61.1,57.5,No,2400,2400,0,5447,125
16:54:14.792,active,15348,522,8024,16786,0,95,61.7,57.7,No,2400,2400,0,5449,125
16:54:15.789,active,15292,472,7272,16785,0,95,61.1,57.2,No,2400,2400,0,5459,125
16:54:16.789,active,15277,784,14758,16785,0,95,62.2,58.6,No,2400,2400,0,5453,125
16:54:17.789,active,15301,728,11170,16785,0,95,60.6,52.7,No,2400,2400,0,5461,125
16:54:18.789,active,15299,756,11420,16785,0,95,61.7,52.8,No,2400,2400,0,5451,125
16:54:19.789,active,15301,688,10552,16787,-5,95,62.2,53.0,No,2400,2400,0,5459,125
16:54:20.789,active,15303,748,10108,16787,0,95,61.1,53.1,No,2400,2400,0,5470,125
16:54:21.793,active,15303,708,10880,16785,-4,95,61.7,54.5,No,2400,2400,0,5472,125
16:54:22.792,active,15301,720,11054,16786,0,95,60.6,53.9,No,2400,2400,0,5471,125
16:54:23.789,active,15307,690,10572,16784,-5,95,61.7,59.3,No,2400,2400,0,5474,125
16:54:24.793,active,15286,936,14314,16784,-4,95,62.8,60.0,No,2400,2400,0,5478,125
16:54:25.789,active,15320,530,11940,16784,-5,95,62.8,59.4,No,2400,2400,0,5477,125
16:54:26.789,active,15311,516,7928,16785,0,95,62.2,58.1,No,2400,2400,0,5481,125
16:54:27.792,active,15322,484,12808,16784,-3,95,61.7,58.6,No,2400,2400,0,5480,125
16:54:28.790,active,15307,438,6712,16784,-4,95,62.2,58.2,No,2400,2400,0,5488,125
16:54:29.791,active,15309,546,12964,16786,0,95,61.7,58.4,No,2400,2400,0,5484,125
16:54:30.789,active,15311,476,7330,16786,0,95,62.2,58.6,No,2400,2400,0,5485,125
16:54:31.789,active,15303,542,13330,16785,0,95,62.8,59.7,No,2400,2400,0,5491,125
16:54:32.793,active,15286,684,10494,16785,0,95,62.8,58.2,No,2400,2400,0,5496,125
16:54:33.789,active,15318,972,11998,16786,0,95,62.8,59.5,No,2400,2400,0,5504,125
16:54:34.789,active,15268,756,11574,16785,-3,95,62.8,59.4,No,2400,2400,0,5505,125
16:54:35.790,active,15296,638,9780,16785,0,95,61.7,55.5,No,2400,2400,0,5500,125
16:54:36.796,active,15296,678,8430,16785,0,95,61.1,54.3,No,2400,2400,0,5503,125
16:54:37.789,active,15299,586,9008,16785,0,95,61.7,54.1,No,2400,2400,0,5514,125
16:54:38.789,active,15294,770,10224,16787,0,95,61.7,55.4,No,2400,2400,0,5521,125
16:54:39.793,active,15290,582,8932,16787,-4,95,61.7,56.4,No,2400,2400,0,5519,125
16:54:40.789,active,15296,726,8006,16787,-3,95,62.2,55.9,No,2400,2400,0,5516,125
16:54:41.789,active,15296,582,8950,16786,0,95,62.2,51.4,No,2400,2400,0,5510,125
16:54:42.793,active,15329,488,8410,16784,-3,95,62.2,51.5,No,2400,2400,0,5514,125
16:54:43.789,active,15296,734,11246,16785,-3,95,61.7,54.5,No,2400,2400,0,5513,125
16:54:44.789,active,15271,904,13832,16785,-4,95,61.7,55.2,No,2400,2400,0,5516,125
16:54:45.789,active,15260,878,13446,16786,0,95,62.8,53.4,No,2400,2400,0,5519,125
16:54:46.789,active,15256,776,11922,16787,0,95,62.2,52.9,No,2400,2400,0,5518,125
16:54:47.789,active,15258,960,14700,16785,0,95,62.2,52.8,No,2400,2400,0,5535,125
16:54:48.790,active,15249,714,10956,16786,0,95,62.8,51.4,No,2400,2400,0,5534,125
16:54:49.793,active,15307,784,12038,16785,0,95,61.7,51.4,No,2400,2400,0,5531,125
16:54:50.789,active,15253,748,11458,16785,0,95,62.2,51.0,No,2400,2400,0,5529,125
16:54:51.789,active,15307,798,11226,16785,0,95,61.1,52.0,No,2400,2400,0,5527,125
16:54:52.789,active,15264,760,11652,16786,0,95,61.7,52.2,No,2400,2400,0,5526,125
16:54:53.789,active,15333,926,10668,16786,0,95,62.8,53.0,No,2400,2400,0,5523,125
16:54:54.789,active,15311,472,7234,16786,0,95,62.8,54.1,No,2400,2400,0,5519,125
16:54:55.790,active,15352,530,8120,16785,0,95,62.8,54.8,No,2400,2400,0,5518,125
16:54:56.793,active,15309,530,8140,16786,0,95,62.8,54.0,No,2400,2400,0,5525,125
16:54:57.789,active,15316,504,7716,16787,0,95,61.7,53.9,No,2400,2400,0,5527,125
16:54:58.789,active,15305,444,6810,16787,5,95,61.7,53.1,No,2400,2400,0,5528,125
16:54:59.789,active,15311,622,9530,16786,0,95,62.8,52.2,No,2400,2400,0,5530,125
16:55:00.789,active,15301,484,7426,16786,4,95,62.2,52.8,No,2400,2400,0,5533,125
16:55:01.789,active,15307,608,9318,16787,5,95,61.7,51.3,No,2400,2400,0,5538,125
16:55:02.789,sleep,15296,526,7552,16787,3,95,59.5,32.3,No,2400,2400,0,5563,125
16:55:03.789,sleep,15292,504,7716,16788,12,95,58.4,0.3,No,2400,2400,0,5580,125
16:55:04.789,sleep,15290,500,6924,16788,14,95,56.2,0.0,No,2400,2400,0,5597,125
16:55:05.789,sleep,15305,510,7832,16788,13,95,56.8,0.0,No,2400,2400,0,5582,125
16:55:06.789,sleep,15296,750,9028,16788,11,95,56.8,0.0,No,2400,2400,0,5581,125
16:55:07.789,sleep,15290,368,5652,16788,12,95,55.1,0.5,No,1500,2400,0,5582,125
16:55:08.789,sleep,15296,306,4686,16788,13,95,54.0,0.0,No,1500,2400,0,5591,125
16:55:09.789,sleep,15292,426,6520,16790,14,95,54.0,0.3,No,1500,2400,0,3972,75
16:55:10.789,sleep,15290,528,8102,16790,14,95,53.5,0.0,No,1500,2400,0,3519,75
16:55:11.789,sleep,15292,464,7138,16790,12,95,54.0,0.0,No,1500,2400,0,3443,75
16:55:12.789,sleep,15286,258,3934,16788,14,95,52.4,0.0,No,1500,2400,0,3428,75
16:55:13.789,sleep,15303,218,7080,16788,14,95,52.4,0.3,No,1500,2400,0,3408,75
16:55:14.789,sleep,15290,534,8198,16788,14,95,52.4,0.0,No,1500,2400,0,3395,75
16:55:15.789,sleep,15290,298,6538,16790,14,95,51.8,0.3,No,1500,2400,0,3406,75
16:55:16.789,sleep,15292,486,7466,16789,14,95,51.8,0.0,No,1500,2400,0,3404,75
16:55:17.790,active,15251,866,10668,16785,8,95,54.5,26.6,No,2400,2400,0,3387,75
16:55:18.789,active,15271,776,11882,16787,-3,95,56.8,52.6,No,2400,2400,0,3362,75
16:55:19.789,active,15281,812,13040,16785,-7,95,57.3,58.7,No,2400,2400,0,3345,75
16:55:20.789,active,15275,818,12520,16785,-5,95,59.0,58.0,No,2400,2400,0,3341,75
16:55:21.789,active,15299,458,7040,16785,-5,95,59.5,58.6,No,2400,2400,0,3330,75
16:55:22.792,active,15301,620,6076,16785,0,95,59.5,59.0,No,2400,2400,0,3320,75
16:55:23.792,active,15324,504,7736,16786,-3,95,60.6,57.8,No,2400,2400,0,4509,125
16:55:24.793,active,15357,480,7678,16785,-5,95,60.0,58.2,No,2400,2400,0,5376,125
16:55:25.789,active,15318,598,9182,16785,-4,95,60.0,57.6,No,2400,2400,0,5436,125
16:55:26.789,active,15341,506,8718,16786,-3,95,60.0,58.7,No,2400,2400,0,5437,125
16:55:27.793,active,15309,532,8178,16785,0,95,61.1,57.7,No,2400,2400,0,5435,125
16:55:28.789,active,15322,690,10590,16787,0,95,61.7,57.8,No,2400,2400,0,5434,125
16:55:29.790,active,15320,508,7812,16787,-5,95,62.2,59.5,No,2400,2400,0,5427,125
16:55:30.789,active,15303,564,8642,16785,-4,95,61.7,58.8,No,2400,2400,0,5432,125
16:55:31.792,active,15316,662,11188,16786,-6,95,61.1,58.1,No,2400,2400,0,5435,125
16:55:32.789,active,15301,726,11130,16785,0,95,61.7,58.2,No,2400,2400,0,5434,125
16:55:33.793,active,15307,700,11632,16785,0,95,61.7,59.3,No,2400,2400,0,5448,125
16:55:34.793,active,15296,756,11612,16785,0,95,61.7,59.0,No,2400,2400,0,5453,125
16:55:35.789,active,15305,708,11554,16784,-4,95,62.2,58.6,No,2400,2400,0,5444,125
16:55:36.790,active,15303,754,11574,16785,-7,95,62.2,60.0,No,2400,2400,0,5452,125
16:55:37.793,active,15303,702,11284,16784,-6,95,62.2,58.9,No,2400,2400,0,5459,125
16:55:38.790,active,15303,692,10628,16785,-6,95,61.1,58.9,No,2400,2400,0,5462,125
16:55:39.789,active,15296,926,11960,16786,-3,95,61.1,59.6,No,2400,2400,0,5459,125
16:55:40.792,active,15260,670,11034,16785,0,95,62.2,58.6,No,2400,2400,0,5472,125
16:55:41.793,active,15271,768,11768,16785,0,95,62.8,59.5,No,2400,2400,0,5471,125
16:55:42.789,active,15264,774,12866,16784,0,95,61.7,58.9,No,2400,2400,0,5474,125
16:55:43.793,active,15281,820,12558,16784,-3,95,62.2,59.3,No,2400,2400,0,5474,125
16:55:44.789,active,15253,672,13504,16786,0,95,61.1,58.6,No,2400,2400,0,5475,125
16:55:45.790,active,15268,720,11034,16786,0,95,61.1,59.2,No,2400,2400,0,5486,125
16:55:46.789,active,15266,820,13406,16786,0,95,62.2,58.6,No,2400,2400,0,5486,125
16:55:47.793,active,15275,784,12018,16785,0,95,63.4,58.8,No,2400,2400,0,5495,125
16:55:48.789,active,15260,870,11786,16786,0,95,62.8,57.4,No,2400,2400,0,5494,125
16:55:49.789,active,15335,544,7604,16785,0,95,62.8,54.1,No,2400,2400,0,5493,125
16:55:50.800,active,15339,458,7022,16785,0,95,62.8,54.9,No,2400,2400,0,5503,125
16:55:51.793,active,15318,532,7966,16785,0,95,61.7,54.2,No,2400,2400,0,5503,125
16:55:52.789,active,15337,464,7118,16785,0,95,61.7,57.6,No,2400,2400,0,5497,125
16:55:53.789,active,15324,532,6596,16785,0,95,61.1,52.0,No,2400,2400,0,5501,125
16:55:54.789,active,15324,500,7678,16785,0,95,61.7,52.2,No,2400,2400,0,5503,125
16:55:55.793,active,15320,498,8178,16785,0,95,61.1,51.5,No,2400,2400,0,5507,125
16:55:56.789,active,15303,498,7638,16787,0,95,61.7,51.3,No,2400,2400,0,5508,125
16:55:57.790,active,15329,444,9664,16787,0,95,62.8,54.2,No,2400,2400,0,5500,125
16:55:58.790,active,15301,714,8160,16787,0,95,62.2,52.6,No,2400,2400,0,5504,125
16:55:59.789,active,15266,764,11710,16785,0,95,62.8,53.4,No,2400,2400,0,5510,125
16:56:00.793,active,15307,714,11212,16784,-4,95,61.7,53.5,No,2400,2400,0,5516,125
16:56:01.789,active,15307,704,10802,16785,0,95,62.8,55.2,No,2400,2400,0,5519,125
16:56:02.789,active,15311,756,10514,16784,0,95,62.8,56.0,No,2400,2400,0,5517,125
16:56:03.789,active,15292,704,10802,16785,-5,95,61.1,55.4,No,2400,2400,0,5511,125
16:56:04.790,active,15299,724,10706,16786,0,95,62.2,54.8,No,2400,2400,0,5520,125
16:56:05.797,active,15303,752,11554,16785,-3,95,61.7,54.2,No,2400,2400,0,5523,125
16:56:06.789,active,15299,744,11034,16784,0,95,61.7,55.6,No,2400,2400,0,5521,125
16:56:07.789,active,15299,660,10128,16784,-4,95,61.7,54.9,No,2400,2400,0,5514,125
16:56:08.793,active,15316,764,11670,16786,0,95,63.4,54.5,No,2400,2400,0,5513,125
16:56:09.789,active,15245,836,12790,16786,0,95,63.4,54.0,No,2400,2400,0,5519,125
16:56:10.789,active,15314,880,13446,16786,0,95,63.4,51.5,No,2400,2400,0,5526,125
16:56:11.793,active,15234,762,13424,16785,-4,95,62.2,51.4,No,2400,2400,0,5538,125
16:56:12.794,active,15258,872,13350,16785,-4,95,62.2,52.0,No,2400,2400,0,5524,125
16:56:13.789,active,15249,848,13310,16784,-6,95,62.2,53.5,No,2400,2400,0,5527,125
16:56:14.789,active,15234,974,14912,16784,-5,95,62.8,55.5,No,2400,2400,0,5526,125
16:56:15.790,active,15251,872,11632,16784,0,95,62.2,52.2,No,2400,2400,0,5528,125
16:56:16.793,active,15243,962,14718,16786,0,95,62.2,52.0,No,2400,2400,0,5531,125
16:56:17.789,sleep,15290,560,8584,16785,0,95,59.5,35.1,No,2400,2400,0,5543,125
16:56:18.789,sleep,15292,484,7426,16787,12,95,57.9,0.0,No,2400,2400,0,5564,125
16:56:19.789,sleep,15292,532,8160,16787,13,95,57.3,0.3,No,2400,2400,0,5573,125
16:56:20.789,sleep,15296,432,6616,16789,12,95,56.8,0.3,No,2400,2400,0,5575,125
16:56:21.789,sleep,15288,508,7792,16787,8,95,56.2,0.3,No,2400,2400,0,5581,125
16:56:22.789,sleep,15288,450,6886,16788,8,95,54.5,0.3,No,1500,2400,0,5582,125
16:56:23.789,sleep,15292,560,8564,16788,15,95,54.5,0.0,No,1500,2400,0,5593,75
16:56:24.789,sleep,15294,518,7160,16788,15,95,54.5,0.0,No,1500,2400,0,3842,75
16:56:25.789,sleep,15296,476,7310,16789,18,95,53.5,0.3,No,1500,2400,0,3487,75
16:56:26.789,sleep,15299,470,5246,16790,16,95,52.9,0.0,No,1500,2400,0,3436,75
16:56:27.789,sleep,15294,380,5844,16790,15,95,52.4,0.3,No,1500,2400,0,3408,75
16:56:28.789,sleep,15290,398,6114,16790,20,95,52.9,0.0,No,1500,2400,0,3375,75
16:56:29.789,sleep,15292,518,7948,16789,15,95,52.9,0.3,No,1500,2400,0,3398,75
16:56:30.789,sleep,15292,264,4070,16789,14,95,52.4,0.0,No,1500,2400,0,3413,75
16:56:31.789,sleep,15294,370,5690,16788,14,95,51.2,0.3,No,1500,2400,0,3411,75
16:56:32.793,active,15303,670,10282,16789,10,95,55.1,24.9,No,2400,2400,0,3379,75
16:56:33.790,active,15301,694,10648,16786,-6,95,55.6,50.8,No,2400,2400,0,3342,75
16:56:34.789,active,15303,672,10320,16785,-7,95,56.2,52.0,No,2400,2400,0,3328,75
16:56:35.789,active,15294,720,11054,16784,-8,95,57.3,52.0,No,2400,2400,0,3318,75
16:56:36.789,active,15241,822,12558,16784,-7,95,58.4,51.9,No,2400,2400,0,3331,75
16:56:37.789,active,15301,510,12770,16784,-6,95,59.0,51.3,No,2400,2400,0,3328,75
16:56:38.789,active,15234,768,11728,16785,-4,95,59.5,51.7,No,2400,2400,0,3323,75
16:56:39.793,active,15309,674,11728,16786,0,95,60.6,51.8,No,2400,2400,0,3318,75
16:56:40.790,active,15247,776,11864,16786,0,95,58.4,51.0,No,2400,2400,0,3310,75
16:56:41.789,active,15253,802,13542,16786,-3,95,60.6,52.3,No,2400,2400,0,3302,75
16:56:42.789,active,15260,772,11806,16784,-7,95,60.6,58.1,No,2400,2400,0,4619,125
16:56:43.789,active,15273,794,12152,16785,-6,95,61.1,58.8,No,2400,2400,0,5359,125
16:56:44.789,active,15258,784,11998,16783,-8,95,61.7,58.7,No,2400,2400,0,5410,125
16:56:45.792,active,15299,766,11748,16785,-8,95,61.7,57.4,No,2400,2400,0,5415,125
16:56:46.793,active,15296,674,8468,16786,-4,95,60.6,58.4,No,2400,2400,0,5406,125
16:56:47.789,active,15296,768,11786,16786,-5,95,60.6,59.5,No,2400,2400,0,5412,125
16:56:48.790,active,15303,716,7426,16785,-4,95,62.2,59.2,No,2400,2400,0,5409,125
16:56:49.791,active,15357,484,7446,16784,-7,95,62.2,59.4,No,2400,2400,0,5407,125
16:56:50.793,active,15299,524,8064,16784,-6,95,62.2,59.7,No,2400,2400,0,5421,125
16:56:51.789,active,15333,516,7928,16785,0,95,62.2,59.2,No,2400,2400,0,5419,125
16:56:52.790,active,15301,508,7812,16785,0,95,61.7,59.0,No,2400,2400,0,5426,125
16:56:53.793,active,15333,498,7678,16786,0,95,61.1,58.6,No,2400,2400,0,5439,125
16:56:54.790,active,15273,964,14776,16786,0,95,62.2,58.5,No,2400,2400,0,5439,125
16:56:55.789,active,15273,714,10938,16785,0,95,62.2,59.7,No,2400,2400,0,5432,125
16:56:56.793,active,15281,758,11612,16786,0,95,62.8,59.1,No,2400,2400,0,5441,125
16:56:57.793,active,15273,994,15220,16785,0,95,62.8,59.1,No,2400,2400,0,5444,125
16:56:58.789,active,15314,712,10938,16786,0,95,63.4,60.5,No,2400,2400,0,5447,125
16:56:59.790,active,15314,742,11382,16786,0,95,62.8,57.7,No,2400,2400,0,5450,125
16:57:00.790,active,15309,738,11594,16786,0,95,61.7,57.6,No,2400,2400,0,5461,125
16:57:01.789,active,15303,798,12250,16785,0,95,61.7,54.6,No,2400,2400,0,5470,125
16:57:02.789,active,15299,690,10320,16786,0,95,61.1,55.2,No,2400,2400,0,5474,125
16:57:03.792,active,15309,540,8276,16785,0,95,62.2,57.9,No,2400,2400,0,5478,125
16:57:04.793,active,15305,814,12442,16785,0,95,62.8,57.0,No,2400,2400,0,5480,125
16:57:05.789,active,15288,646,9916,16785,0,95,62.2,51.3,No,2400,2400,0,5480,125
16:57:06.793,active,15307,800,12230,16785,0,95,61.7,51.4,No,2400,2400,0,5485,125
16:57:07.794,active,15264,712,16000,16786,0,95,61.7,51.4,No,2400,2400,0,5484,125
16:57:08.789,active,15311,876,13406,16786,0,95,61.1,53.4,No,2400,2400,0,5488,125
16:57:09.789,active,15275,708,11226,16785,0,95,62.8,54.1,No,2400,2400,0,5496,125
16:57:10.789,active,15262,842,12886,16785,-4,95,62.2,54.8,No,2400,2400,0,5498,125
16:57:11.789,active,15262,864,11612,16786,0,95,62.2,52.1,No,2400,2400,0,5492,125
16:57:12.789,active,15294,756,11594,16786,0,95,62.2,54.1,No,2400,2400,0,5493,125
16:57:13.790,active,15290,546,8410,16785,0,95,61.7,52.7,No,2400,2400,0,5498,125
16:57:14.789,active,15292,752,11516,16787,0,95,61.1,53.3,No,2400,2400,0,5496,125
16:57:15.789,active,15296,518,7966,16788,0,95,61.7,53.5,No,2400,2400,0,5503,125
16:57:16.789,active,15350,498,7658,16787,0,95,62.2,52.5,No,2400,2400,0,5505,125
16:57:17.789,active,15292,596,9162,16786,3,95,62.8,55.0,No,2400,2400,0,5507,125
16:57:18.789,active,15299,556,8064,16786,3,95,62.2,52.5,No,2400,2400,0,5510,125
16:57:19.790,active,15296,478,7350,16786,0,95,62.2,54.2,No,2400,2400,0,5506,125
16:57:20.790,active,15301,744,9858,16786,0,95,62.2,54.4,No,2400,2400,0,5509,125
16:57:21.789,active,15299,564,8662,16786,0,95,61.7,53.2,No,2400,2400,0,5512,125
16:57:22.789,active,15296,736,11304,16786,0,95,61.1,54.6,No,2400,2400,0,5514,125
16:57:23.789,active,15305,726,11130,16786,0,95,61.7,53.8,No,2400,2400,0,5509,125
16:57:24.789,active,15301,686,10532,16786,0,95,62.2,52.2,No,2400,2400,0,5513,125
16:57:25.789,active,15303,670,11562,16786,4,95,61.7,51.3,No,2400,2400,0,5524,125
16:57:26.789,active,15299,750,11498,16787,0,95,62.2,52.0,No,2400,2400,0,5527,125
16:57:27.790,active,15268,866,10842,16785,0,95,62.2,53.7,No,2400,2400,0,5521,125
16:57:28.790,active,15279,706,10842,16786,0,95,62.2,54.0,No,2400,2400,0,5517,125
16:57:29.789,active,15299,768,11748,16785,0,95,61.7,54.7,No,2400,2400,0,5522,125
16:57:30.789,active,15301,708,10860,16785,0,95,61.7,52.3,No,2400,2400,0,5526,125
16:57:31.789,active,15305,724,11072,16785,0,95,62.8,52.8,No,2400,2400,0,5526,125
16:57:32.789,sleep,15303,498,7658,16787,3,95,60.0,38.9,No,2400,2400,0,5536,125
16:57:33.789,sleep,15296,394,6038,16790,14,95,58.4,0.0,No,2400,2400,0,5573,125
16:57:34.789,sleep,15299,424,7544,16791,16,95,57.9,0.0,No,2400,2400,0,5571,125
16:57:35.789,sleep,15290,516,7908,16790,18,95,56.8,0.0,No,2400,2400,0,5576,125
16:57:36.789,sleep,15296,492,6518,16790,18,95,55.6,0.3,No,2400,2400,0,5579,125
16:57:37.789,sleep,15290,464,7118,16788,15,95,55.1,0.0,No,1500,2400,0,5584,125
16:57:38.789,sleep,15290,488,7118,16790,22,95,54.0,0.3,No,1500,2400,0,5587,125
16:57:39.789,sleep,15296,368,5632,16790,19,95,54.5,0.0,No,1500,2400,0,5245,75
16:57:40.789,sleep,15290,224,3432,16790,19,95,54.0,0.3,No,1500,2400,0,3697,75
16:57:41.789,sleep,15294,358,5498,16789,17,95,53.5,0.0,No,1500,2400,0,3451,75
16:57:42.789,sleep,15292,404,6212,16789,17,95,52.4,0.0,No,1500,2400,0,3428,75
16:57:43.789,sleep,15292,500,7658,16789,16,95,52.9,0.3,No,1500,2400,0,3424,75
16:57:44.789,sleep,15296,286,4378,16789,16,95,52.4,0.0,No,1500,2400,0,3418,75
16:57:45.789,sleep,15288,446,6848,16790,16,95,51.8,0.3,No,1500,2400,0,3411,75
16:57:46.789,sleep,15292,352,5400,16790,16,95,51.8,0.0,No,1500,2400,0,3406,75
16:57:47.792,active,15294,672,10320,16789,13,95,54.5,21.5,No,2400,2400,0,3396,75
16:57:48.795,active,15303,522,8024,16785,-8,95,55.6,58.1,No,2400,2400,0,3351,75
16:57:49.789,active,15279,764,15240,16785,-7,95,57.3,57.8,No,2400,2400,0,3327,75
16:57:50.789,active,15266,952,14584,16785,-5,95,57.9,57.3,No,2400,2400,0,3295,75
16:57:51.789,active,15266,750,11498,16786,-4,95,59.5,57.9,No,2400,2400,0,3284,75
16:57:52.789,active,15275,874,13388,16786,0,95,59.5,57.9,No,2400,2400,0,3304,75
16:57:53.789,active,15268,898,13754,16787,0,95,60.6,58.5,No,2400,2400,0,3321,75
16:57:54.792,active,15283,728,11170,16787,0,95,59.5,57.3,No,2400,2400,0,5095,125
16:57:55.793,active,15271,734,11266,16786,0,95,60.0,58.5,No,2400,2400,0,5422,125
16:57:56.789,active,15281,670,10794,16786,0,95,59.5,58.2,No,2400,2400,0,5430,125
16:57:57.789,active,15299,768,11786,16786,-5,95,60.6,58.6,No,2400,2400,0,5433,125
16:57:58.793,active,15309,776,10108,16785,-7,95,61.7,60.0,No,2400,2400,0,5437,125
16:57:59.789,active,15309,450,6906,16786,-4,95,62.2,58.2,No,2400,2400,0,5432,125
16:58:00.789,active,15309,740,11324,16785,-5,95,62.2,58.2,No,2400,2400,0,5428,125
16:58:01.793,active,15316,652,10012,16784,-5,95,61.1,58.6,No,2400,2400,0,5445,125
16:58:02.790,active,15316,790,12096,16786,-4,95,61.1,59.6,No,2400,2400,0,5438,125
16:58:03.789,active,15253,622,9510,16787,0,95,61.7,58.9,No,2400,2400,0,5446,125
16:58:04.789,active,15314,670,10244,16787,0,95,61.7,59.2,No,2400,2400,0,5443,125
16:58:05.789,active,15275,674,10832,16787,-4,95,62.2,59.2,No,2400,2400,0,5437,125
16:58:06.789,active,15296,692,10610,16785,-5,95,62.2,58.6,No,2400,2400,0,5446,125
16:58:07.792,active,15253,710,11786,16784,0,95,61.1,58.3,No,2400,2400,0,5444,125
16:58:08.790,active,15294,796,12210,16785,0,95,62.2,60.2,No,2400,2400,0,5459,125
16:58:09.795,active,15296,634,9742,16786,0,95,61.7,59.3,No,2400,2400,0,5458,125
16:58:10.789,active,15294,718,10996,16786,0,95,61.1,57.8,No,2400,2400,0,5477,125
16:58:11.792,active,15296,502,7716,16786,0,95,62.2,57.7,No,2400,2400,0,5473,125
16:58:12.789,active,15352,488,7504,16786,0,95,62.8,57.4,No,2400,2400,0,5476,125
16:58:13.789,active,15294,568,8738,16786,0,95,63.9,54.0,No,2400,2400,0,5485,125
16:58:14.789,active,15344,464,7138,16785,0,95,62.2,54.3,No,2400,2400,0,5483,125
16:58:15.790,active,15292,520,7986,16786,0,95,61.7,57.1,No,2400,2400,0,5485,125
16:58:16.796,active,15333,418,7040,16785,-3,95,61.1,56.1,No,2400,2400,0,5485,125
16:58:17.789,active,15271,936,14314,16785,-4,95,61.1,51.5,No,2400,2400,0,5482,125
16:58:18.789,active,15258,776,11902,16785,-4,95,62.2,52.3,No,2400,2400,0,5498,125
16:58:19.793,active,15288,736,11284,16785,0,95,62.2,52.3,No,2400,2400,0,5493,125
16:58:20.789,active,15275,668,10262,16786,0,95,62.2,52.5,No,2400,2400,0,5500,125
16:58:21.789,active,15268,818,12500,16785,0,95,62.2,55.0,No,2400,2400,0,5505,125
16:58:22.790,active,15277,730,11208,16786,0,95,61.7,52.5,No,2400,2400,0,5506,125
16:58:23.795,active,15296,788,10796,16787,0,95,61.7,54.2,No,2400,2400,0,5506,125
16:58:24.789,active,15264,752,11536,16786,0,95,62.2,54.7,No,2400,2400,0,5512,125
16:58:25.789,active,15294,708,12192,16786,0,95,62.2,53.9,No,2400,2400,0,5505,125
16:58:26.789,active,15301,496,7620,16785,-4,95,62.8,53.2,No,2400,2400,0,5507,125
16:58:27.789,active,15307,626,9588,16784,-5,95,63.4,53.0,No,2400,2400,0,5504,125
16:58:28.790,active,15316,462,7098,16784,-5,95,62.2,53.0,No,2400,2400,0,5506,125
16:58:29.793,active,15294,698,10686,16784,-5,95,62.2,55.0,No,2400,2400,0,5516,125
16:58:30.794,active,15296,672,10320,16785,-3,95,61.7,52.9,No,2400,2400,0,5518,125
16:58:31.789,active,15301,728,11130,16785,0,95,61.1,54.5,No,2400,2400,0,5514,125
16:58:32.789,active,15251,658,14256,16785,0,95,61.7,52.0,No,2400,2400,0,5518,125
16:58:33.793,active,15303,884,13504,16784,-3,95,63.4,51.9,No,2400,2400,0,5520,125
16:58:34.789,active,15271,728,14352,16785,-4,95,62.2,51.4,No,2400,2400,0,5526,125
16:58:35.789,active,15294,726,12210,16785,-4,95,62.2,51.5,No,2400,2400,0,5516,125
16:58:36.793,active,15294,484,7466,16785,0,95,61.7,51.3,No,2400,2400,0,5517,125
16:58:37.794,active,15299,678,10378,16785,0,95,61.7,52.0,No,2400,2400,0,5527,125
16:58:38.789,active,15286,668,10244,16786,0,95,61.1,52.8,No,2400,2400,0,5523,125
16:58:39.789,active,15290,694,7812,16787,0,95,61.7,52.2,No,2400,2400,0,5526,125
16:58:40.793,active,15288,562,8622,16785,0,95,62.2,55.2,No,2400,2400,0,5524,125
16:58:41.789,active,15301,784,7890,16785,-3,95,63.4,55.7,No,2400,2400,0,5523,125
16:58:42.789,active,15357,520,8006,16784,-6,95,62.8,56.4,No,2400,2400,0,5521,125
16:58:43.793,active,15292,538,8294,16785,-6,95,61.7,57.3,No,2400,2400,0,5516,125
16:58:44.789,active,15301,774,11882,16786,-3,95,63.4,58.2,No,2400,2400,0,5515,125
16:58:45.789,active,15277,798,12230,16785,-3,95,62.8,57.5,No,2400,2400,0,5529,125
16:58:46.789,active,15266,900,13754,16785,0,95,62.8,55.9,No,2400,2400,0,5520,125
16:58:47.789,sleep,15292,438,6732,16786,0,95,60.0,46.0,No,2400,2400,0,5530,125
16:58:48.789,sleep,15290,508,7792,16788,16,95,59.0,0.0,No,2400,2400,0,5579,125
16:58:49.789,sleep,15294,568,8718,16789,19,95,57.9,0.0,No,2400,2400,0,5574,125
16:58:50.789,sleep,15294,512,7176,16789,14,95,57.3,0.2,No,2400,2400,0,5573,125
16:58:51.789,sleep,15288,562,8622,16789,11,95,56.2,0.0,No,2400,2400,0,5583,125
16:58:52.789,sleep,15292,398,7736,16788,11,95,55.1,0.3,No,1500,2400,0,5581,125
16:58:53.789,sleep,15299,496,7620,16788,13,95,54.0,0.0,No,1500,2400,0,4500,75
16:58:54.789,sleep,15292,556,8546,16788,16,95,54.0,0.0,No,1500,2400,0,3583,75
16:58:55.789,sleep,15288,408,6250,16788,15,95,54.5,0.3,No,1500,2400,0,3446,75
16:58:56.789,sleep,15290,340,5208,16788,11,95,52.9,0.0,No,1500,2400,0,3428,75
16:58:57.789,sleep,15294,318,8854,16789,14,95,52.9,0.3,No,1500,2400,0,3423,75
16:58:58.789,sleep,15301,272,4186,16788,10,95,51.2,0.0,No,1500,2400,0,3416,75
16:58:59.789,sleep,15288,302,9722,16788,11,95,52.9,0.0,No,1500,2400,0,3412,75
16:59:00.789,sleep,15292,422,6482,16788,13,95,51.2,0.3,No,1500,2400,0,3414,75
16:59:01.789,sleep,15296,534,4958,16789,15,95,51.8,0.3,No,1500,2400,0,3404,75
16:59:02.790,active,15260,660,10088,16789,14,95,54.5,17.0,No,2400,2400,0,3391,75
16:59:03.791,active,15314,720,11034,16786,-6,95,57.3,59.1,No,2400,2400,0,3350,75
16:59:04.789,active,15299,718,10726,16786,-3,95,56.8,56.8,No,2400,2400,0,3326,75
16:59:05.789,active,15294,720,11034,16785,0,95,57.9,58.9,No,2400,2400,0,3325,75
16:59:06.789,active,15301,656,10648,16784,-8,95,59.0,59.7,No,2400,2400,0,3319,75
16:59:07.789,active,15305,706,10822,16784,-6,95,58.4,57.9,No,2400,2400,0,3314,75
16:59:08.789,active,15303,774,10860,16786,-5,95,60.6,58.4,No,2400,2400,0,3385,125
16:59:09.791,active,15301,636,9760,16787,-4,95,60.0,58.8,No,2400,2400,0,5248,125
16:59:10.792,active,15299,496,7638,16786,-7,95,60.0,58.8,No,2400,2400,0,5423,125
16:59:11.789,active,15324,470,7234,16784,-8,95,60.0,58.7,No,2400,2400,0,5427,125
16:59:12.789,active,15279,654,10030,16784,-7,95,60.6,55.3,No,2400,2400,0,5430,125
16:59:13.789,active,15273,894,10764,16785,-6,95,60.6,54.8,No,2400,2400,0,5438,125
16:59:14.789,active,15305,708,10880,16784,-8,95,60.6,54.8,No,2400,2400,0,5436,125
16:59:15.789,active,15277,656,10050,16785,-4,95,60.6,54.1,No,2400,2400,0,5438,125
16:59:16.789,active,15299,696,10668,16784,-7,95,61.1,54.4,No,2400,2400,0,5438,125
16:59:17.793,active,15299,758,11632,16785,-3,95,60.0,54.1,No,2400,2400,0,5445,125
16:59:18.792,active,15299,760,10648,16784,-6,95,60.6,54.1,No,2400,2400,0,5445,125
16:59:19.789,active,15296,680,10416,16785,-6,95,60.0,54.5,No,2400,2400,0,5460,125
16:59:20.789,active,15307,692,11652,16785,-3,95,61.7,58.3,No,2400,2400,0,5443,125
16:59:21.793,active,15314,506,11632,16785,-4,95,61.7,59.6,No,2400,2400,0,5448,125
16:59:22.789,active,15305,642,9818,16783,-8,95,62.2,59.2,No,2400,2400,0,5455,125
16:59:23.789,active,15311,516,11304,16785,0,95,62.2,57.5,No,2400,2400,0,5453,125
16:59:24.790,active,15262,702,10726,16786,-3,95,61.7,55.9,No,2400,2400,0,5468,125
16:59:25.796,active,15311,472,13716,16786,0,95,61.1,54.7,No,2400,2400,0,5472,125
16:59:26.789,active,15253,814,12462,16785,-3,95,61.1,54.7,No,2400,2400,0,5477,125
16:59:27.793,active,15283,738,11284,16784,-4,95,62.2,58.5,No,2400,2400,0,5491,125
16:59:28.793,active,15249,794,12134,16785,-4,95,61.7,56.3,No,2400,2400,0,5466,125
16:59:29.789,active,15251,924,14120,16784,-5,95,61.7,53.0,No,2400,2400,0,5478,125
16:59:30.789,active,15296,700,6694,16784,-9,95,62.2,51.7,No,2400,2400,0,5488,125
16:59:31.793,active,15337,520,7986,16786,0,95,61.1,51.4,No,2400,2400,0,5489,125
16:59:32.789,active,15294,482,7426,16786,0,95,61.7,51.0,No,2400,2400,0,5492,125
16:59:33.789,active,15341,528,8120,16785,-3,95,61.1,52.2,No,2400,2400,0,5494,125
16:59:34.789,active,15301,682,10456,16785,-3,95,62.2,53.6,No,2400,2400,0,5489,125
16:59:35.789,active,15333,476,5538,16785,0,95,61.7,53.0,No,2400,2400,0,5498,125
16:59:36.789,active,15294,528,8120,16786,0,95,63.9,54.1,No,2400,2400,0,5497,125
16:59:37.789,active,15326,522,8294,16787,0,95,61.7,54.0,No,2400,2400,0,5497,125
16:59:38.793,active,15318,482,7408,16786,0,95,61.1,52.8,No,2400,2400,0,5510,125
16:59:39.789,active,15264,766,11768,16787,3,95,61.1,53.0,No,2400,2400,0,5508,125
16:59:40.789,active,15307,720,11072,16786,0,95,62.2,55.6,No,2400,2400,0,5498,125
16:59:41.789,active,15275,726,11130,16785,0,95,62.2,55.0,No,2400,2400,0,5511,125
16:59:42.790,active,15299,732,11420,16786,0,95,62.2,51.9,No,2400,2400,0,5516,125
16:59:43.793,active,15303,694,10648,16784,-3,95,62.8,51.4,No,2400,2400,0,5513,125
16:59:44.789,active,15294,820,11362,16785,0,95,62.8,51.5,No,2400,2400,0,5515,125
16:59:45.794,active,15264,722,11072,16786,3,95,61.7,51.9,No,2400,2400,0,5518,125
16:59:46.789,active,15311,736,10514,16785,0,95,61.1,52.3,No,2400,2400,0,5527,125
16:59:47.789,active,15299,680,10416,16786,0,95,62.2,53.2,No,2400,2400,0,5517,125
16:59:48.789,active,15305,842,10764,16786,0,95,62.8,52.2,No,2400,2400,0,5520,125
16:59:49.793,active,15301,474,12648,16786,0,95,62.2,52.0,No,2400,2400,0,5513,125
16:59:50.789,active,15309,748,11440,16786,0,95,61.7,51.0,No,2400,2400,0,5514,125
16:59:51.789,active,15247,598,11844,16786,0,95,62.2,53.9,No,2400,2400,0,5523,125
16:59:52.790,active,15307,1000,15298,16785,0,95,60.0,51.3,No,2400,2400,0,5528,125
16:59:53.789,active,15275,742,14102,16784,0,95,60.6,52.8,No,2400,2400,0,5527,125
16:59:54.789,active,15232,820,12520,16785,0,95,61.7,52.2,No,2400,2400,0,5520,125
16:59:55.789,active,15245,758,14892,16785,0,95,61.7,52.4,No,2400,2400,0,5519,125
16:59:56.793,active,15273,718,11014,16786,-4,95,62.2,56.0,No,2400,2400,0,5539,125
16:59:57.789,active,15262,794,14062,16784,0,95,62.8,56.9,No,2400,2400,0,5527,125
16:59:58.793,active,15299,728,12430,16784,-4,95,60.6,57.6,No,2400,2400,0,5523,125
16:59:59.789,active,15299,592,9086,16785,-6,95,62.2,56.4,No,2400,2400,0,5526,125
17:00:00.789,active,15301,742,7446,16786,-4,95,62.8,57.5,No,2400,2400,0,5542,125
17:00:01.789,active,15301,538,8276,16786,-4,95,63.9,57.1,No,2400,2400,0,5527,125
17:00:02.789,sleep,15296,484,7368,16785,-4,95,60.6,50.1,No,2400,2400,0,5531,125
17:00:03.789,sleep,15294,504,7736,16786,9,95,59.0,0.0,No,2400,2400,0,5577,125
17:00:04.789,sleep,15294,434,6596,16788,13,95,57.9,0.0,No,2400,2400,0,5589,125
17:00:05.789,sleep,15296,502,7696,16788,13,95,56.8,0.3,No,2400,2400,0,5589,125
17:00:06.789,sleep,15296,570,7194,16790,14,95,56.2,0.3,No,2400,2400,0,5580,125
17:00:07.789,sleep,15290,512,7594,16790,13,95,55.1,0.2,No,1500,2400,0,5577,125
17:00:08.789,sleep,15292,428,6578,16789,13,95,54.5,0.0,No,1500,2400,0,5594,125
17:00:09.789,sleep,15292,318,4244,16788,15,95,54.5,0.0,No,1500,2400,0,4123,75
17:00:10.789,sleep,15296,450,6886,16789,19,95,54.0,0.0,No,1500,2400,0,3538,75
17:00:11.789,sleep,15294,586,4474,16789,19,95,53.5,0.3,No,1500,2400,0,3432,75
17:00:12.789,sleep,15290,366,5612,16789,18,95,52.4,0.3,No,1500,2400,0,3419,75
17:00:13.789,sleep,15290,330,5786,16790,16,95,52.4,0.0,No,1500,2400,0,3428,75
17:00:14.789,sleep,15296,530,8120,16789,15,95,52.4,0.3,No,1500,2400,0,3418,75
17:00:15.789,sleep,15292,350,5748,16789,13,95,52.9,0.0,No,1500,2400,0,3413,75
17:00:16.789,sleep,15290,500,8064,16788,11,95,51.8,0.0,No,1500,2400,0,3401,75
17:00:17.791,active,15301,502,7696,16788,11,95,54.5,14.0,No,2400,2400,0,3400,75
17:00:18.789,active,15316,520,10822,16785,-6,95,56.8,56.8,No,2400,2400,0,3355,75
17:00:19.793,active,15260,692,10572,16786,-6,95,57.9,59.3,No,2400,2400,0,3335,75
17:00:20.792,active,15320,498,13774,16786,-7,95,58.4,58.4,No,2400,2400,0,3328,75
17:00:21.789,active,15260,708,10822,16785,-6,95,57.9,57.2,No,2400,2400,0,3324,75
17:00:22.793,active,15309,712,10880,16784,-7,95,60.6,60.3,No,2400,2400,0,3322,75
17:00:23.789,active,15258,718,10996,16785,-3,95,59.5,59.7,No,2400,2400,0,3318,75
17:00:24.789,active,15266,806,12326,16787,0,95,59.5,59.0,No,2400,2400,0,4093,125
17:00:25.789,active,15299,792,8256,16787,0,95,60.6,60.0,No,2400,2400,0,5336,125
17:00:26.793,active,15299,722,11072,16787,0,95,61.1,58.9,No,2400,2400,0,5431,125
17:00:27.789,active,15292,740,6828,16786,0,95,59.5,58.7,No,2400,2400,0,5435,125
17:00:28.789,active,15301,558,8564,16784,-8,95,60.6,59.2,No,2400,2400,0,5434,125
17:00:29.793,active,15301,654,8006,16784,-7,95,61.7,59.0,No,2400,2400,0,5430,125
17:00:30.789,active,15331,498,7658,16783,-11,95,61.1,59.5,No,2400,2400,0,5425,125
17:00:31.789,active,15301,532,8178,16784,-9,95,61.7,58.7,No,2400,2400,0,5436,125
17:00:32.793,active,15357,476,7350,16784,-10,95,62.2,59.3,No,2400,2400,0,5436,125
17:00:33.793,active,15290,540,8314,16786,0,95,61.1,58.4,No,2400,2400,0,5436,125
17:00:34.790,active,15279,884,6790,16784,-5,95,61.1,58.5,No,2400,2400,0,5440,125
17:00:35.789,active,15260,904,13832,16785,-3,95,60.6,57.2,No,2400,2400,0,5443,125
17:00:36.791,active,15273,798,12038,16785,0,95,61.1,57.1,No,2400,2400,0,5449,125
17:00:37.793,active,15303,738,11304,16786,0,95,62.8,54.9,No,2400,2400,0,5458,125
17:00:38.794,active,15294,716,11400,16786,-5,95,61.1,54.8,No,2400,2400,0,5455,125
17:00:39.789,active,15301,800,12268,16785,0,95,61.7,60.5,No,2400,2400,0,5453,125
17:00:40.790,active,15303,744,11420,16784,-4,95,60.6,52.3,No,2400,2400,0,5461,125
17:00:41.789,active,15301,734,11266,16785,-6,95,61.1,51.4,No,2400,2400,0,5470,125
17:00:42.789,active,15305,762,11670,16784,0,95,61.1,52.0,No,2400,2400,0,5474,125
17:00:43.789,active,15294,742,11382,16785,-3,95,61.7,52.7,No,2400,2400,0,5480,125
17:00:44.793,active,15303,520,7966,16784,-5,95,61.7,54.2,No,2400,2400,0,5479,125
17:00:45.789,active,15311,470,12326,16784,-6,95,61.1,53.9,No,2400,2400,0,5475,125
17:00:46.790,active,15311,512,7870,16785,0,95,62.2,53.9,No,2400,2400,0,5478,125
17:00:47.794,active,15299,790,13620,16785,0,95,61.1,53.7,No,2400,2400,0,5484,125
17:00:48.789,active,15309,552,8488,16785,-3,95,60.6,52.9,No,2400,2400,0,5490,125
17:00:49.789,active,15314,798,12192,16786,0,95,61.7,54.0,No,2400,2400,0,5492,125
17:00:50.789,active,15241,820,12538,16785,0,95,62.8,52.8,No,2400,2400,0,5497,125
17:00:51.789,active,15311,738,11284,16785,0,95,62.2,53.9,No,2400,2400,0,5499,125
17:00:52.789,active,15260,738,11304,16785,0,95,62.2,53.6,No,2400,2400,0,5503,125
17:00:53.790,active,15294,736,11284,16786,0,95,61.7,51.9,No,2400,2400,0,5502,125
17:00:54.794,active,15294,496,7388,16785,-4,95,62.2,53.5,No,2400,2400,0,5498,125
17:00:55.789,active,15292,642,9838,16786,-8,95,61.1,54.2,No,2400,2400,0,5497,125
17:00:56.789,active,15294,468,7194,16786,-4,95,61.1,53.0,No,2400,2400,0,5495,125
17:00:57.792,active,15354,464,7138,16785,-4,95,62.2,51.9,No,2400,2400,0,5509,125
17:00:58.793,active,15294,506,7754,16784,-3,95,62.2,51.7,No,2400,2400,0,5506,125
17:00:59.789,active,15320,502,7542,16785,0,95,62.2,51.4,No,2400,2400,0,5509,125
17:01:00.789,active,15337,500,7678,16786,0,95,61.1,51.4,No,2400,2400,0,5510,125
17:01:01.790,active,15324,516,7080,16785,0,95,60.6,52.0,No,2400,2400,0,5513,125
17:01:02.789,active,15294,704,10784,16786,0,95,61.1,51.7,No,2400,2400,0,5513,125
17:01:03.789,active,15266,706,10842,16785,-3,95,60.6,52.2,No,2400,2400,0,5519,125
17:01:04.793,active,15268,910,13908,16784,-3,95,62.2,53.1,No,2400,2400,0,5517,125
17:01:05.789,active,15262,868,13310,16785,0,95,62.2,55.1,No,2400,2400,0,5518,125
17:01:06.789,active,15277,940,9702,16785,0,95,62.2,56.6,No,2400,2400,0,5511,125
17:01:07.791,active,15268,702,10764,16786,0,95,62.2,56.6,No,2400,2400,0,5515,125
17:01:08.789,active,15283,650,13774,16784,-4,95,62.2,58.1,No,2400,2400,0,5516,125
17:01:09.789,active,15301,750,11498,16785,0,95,61.7,56.4,No,2400,2400,0,5524,125
17:01:10.789,active,15311,752,12366,16785,0,95,62.2,57.4,No,2400,2400,0,5527,125
17:01:11.789,active,15305,500,7678,16786,4,95,62.2,56.9,No,2400,2400,0,5519,125
17:01:12.789,active,15311,828,12674,16787,0,95,62.8,56.1,No,2400,2400,0,5517,125
17:01:13.791,active,15311,496,9530,16787,0,95,62.8,56.8,No,2400,2400,0,5523,125
17:01:14.792,active,15316,586,8970,16786,0,95,63.9,56.9,No,2400,2400,0,5521,125
17:01:15.790,active,15305,504,11940,16785,0,95,61.7,57.6,No,2400,2400,0,5522,125
17:01:16.789,active,15234,852,13022,16784,0,95,61.7,51.9,No,2400,2400,0,5530,125
17:01:17.789,sleep,15309,502,6636,16785,0,95,60.6,48.6,No,2400,2400,0,5522,125
17:01:18.789,sleep,15299,474,7272,16788,10,95,58.4,0.0,No,2400,2400,0,5572,125
17:01:19.789,sleep,15296,494,7812,16789,17,95,57.3,0.0,No,2400,2400,0,5576,125
17:01:20.789,sleep,15290,478,8314,16789,15,95,56.8,0.3,No,2400,2400,0,5580,125
17:01:21.789,sleep,15294,526,8064,16788,16,95,56.2,0.3,No,2400,2400,0,5573,125
17:01:22.789,sleep,15294,566,7388,16788,15,95,55.6,0.2,No,1500,2400,0,5578,125
17:01:23.789,sleep,15286,426,6520,16789,17,95,54.5,0.0,No,1500,2400,0,5590,75
17:01:24.789,sleep,15290,502,7388,16788,20,95,54.5,0.0,No,1500,2400,0,3845,75
17:01:25.789,sleep,15288,390,5980,16790,20,95,54.5,0.0,No,1500,2400,0,3483,75
17:01:26.789,sleep,15288,632,9336,16790,22,95,52.9,0.5,No,1500,2400,0,3443,75
17:01:27.789,sleep,15296,444,6810,16790,18,95,53.5,0.5,No,1500,2400,0,3420,75
17:01:28.789,sleep,15292,486,7466,16790,19,95,52.9,0.0,No,1500,2400,0,3413,75
17:01:29.789,sleep,15288,412,5458,16790,18,95,52.4,0.3,No,1500,2400,0,3404,75
17:01:30.789,sleep,15292,530,8140,16789,19,95,52.4,0.0,No,1500,2400,0,3411,75
17:01:31.789,sleep,15292,476,7600,16789,17,95,51.8,0.0,No,1500,2400,0,3409,75
17:01:32.790,active,15275,580,8892,16790,20,95,53.5,9.8,No,2400,2400,0,3400,75
17:01:33.793,active,15262,586,10514,16787,0,95,56.8,59.8,No,2400,2400,0,3355,75
17:01:34.789,active,15303,678,10398,16787,-4,95,57.9,59.0,No,2400,2400,0,3330,75
17:01:35.793,active,15273,732,11226,16787,0,95,58.4,59.1,No,2400,2400,0,3325,75
17:01:36.789,active,15296,720,11054,16786,0,95,59.0,59.5,No,2400,2400,0,3322,75
17:01:37.789,active,15296,680,10416,16785,-4,95,59.5,58.7,No,2400,2400,0,3322,75
17:01:38.793,active,15305,732,11014,16787,-3,95,59.5,59.0,No,2400,2400,0,4783,125
17:01:39.793,active,15311,484,7446,16786,-5,95,60.6,58.1,No,2400,2400,0,5393,125
17:01:40.789,active,15307,738,11304,16787,0,95,60.6,59.3,No,2400,2400,0,5443,125
17:01:41.790,active,15309,598,9162,16787,0,95,60.6,58.6,No,2400,2400,0,5440,125
17:01:42.793,active,15309,754,11536,16785,0,95,60.6,58.7,No,2400,2400,0,5435,125
17:01:43.790,active,15273,562,11072,16785,0,95,60.6,58.5,No,2400,2400,0,5437,125
17:01:44.790,active,15311,682,10436,16785,-3,95,62.2,59.1,No,2400,2400,0,5437,125
17:01:45.793,active,15268,740,12346,16786,0,95,61.7,58.8,No,2400,2400,0,5435,125
17:01:46.793,active,15260,858,13136,16787,0,95,61.7,58.9,No,2400,2400,0,5443,125
17:01:47.789,active,15251,912,12866,16786,0,95,61.1,57.3,No,2400,2400,0,5462,125
17:01:48.789,active,15311,482,6712,16785,0,95,61.1,54.0,No,2400,2400,0,5456,125
17:01:49.790,active,15294,490,7542,16785,0,95,60.6,54.1,No,2400,2400,0,5456,125
17:01:50.789,active,15322,532,7156,16786,0,95,61.1,54.0,No,2400,2400,0,5460,125
17:01:51.789,active,15292,514,7870,16786,0,95,61.7,60.9,No,2400,2400,0,5457,125
17:01:52.791,active,15350,438,7562,16786,0,95,61.7,53.7,No,2400,2400,0,5464,125
17:01:53.793,active,15318,440,6770,16786,0,95,62.2,51.5,No,2400,2400,0,5472,125
17:01:54.789,active,15341,472,7736,16786,0,95,62.2,51.3,No,2400,2400,0,5482,125
17:01:55.793,active,15318,444,6810,16786,0,95,61.1,51.3,No,2400,2400,0,5479,125
17:01:56.794,active,15320,460,7060,16786,0,95,60.6,51.5,No,2400,2400,0,5482,125
17:01:57.789,active,15299,734,10108,16787,0,95,61.1,51.3,No,2400,2400,0,5483,125
17:01:58.789,active,15303,694,10668,16787,0,95,61.1,52.0,No,2400,2400,0,5488,125
17:01:59.789,active,15307,686,10262,16788,0,95,61.1,52.2,No,2400,2400,0,5489,125
17:02:00.789,active,15299,734,11266,16787,4,95,61.7,51.5,No,2400,2400,0,5484,125
17:02:01.789,active,15301,686,10532,16786,0,95,61.1,51.5,No,2400,2400,0,5484,125
17:02:02.793,active,15296,782,11998,16785,0,95,61.7,51.7,No,2400,2400,0,5487,125
17:02:03.792,active,15303,750,11498,16787,0,95,60.6,50.9,No,2400,2400,0,5498,125
17:02:04.789,active,15292,786,10520,16787,3,95,60.6,52.0,No,2400,2400,0,5501,125
17:02:05.789,active,15296,696,10686,16786,3,95,61.7,52.2,No,2400,2400,0,5506,125
17:02:06.789,active,15301,894,13658,16785,0,95,60.6,52.2,No,2400,2400,0,5508,125
17:02:07.789,active,15307,662,10166,16786,0,95,62.2,51.5,No,2400,2400,0,5507,125
17:02:08.789,active,15305,806,12326,16784,0,95,61.1,51.2,No,2400,2400,0,5504,125
17:02:09.790,active,15264,596,13456,16787,0,95,61.7,53.1,No,2400,2400,0,5504,125
17:02:10.794,active,15303,814,12462,16787,0,95,61.1,53.7,No,2400,2400,0,5506,125
17:02:11.789,active,15243,788,14082,16787,0,95,62.2,51.5,No,2400,2400,0,5507,125
17:02:12.790,active,15258,840,12828,16786,0,95,61.7,52.4,No,2400,2400,0,5508,125
17:02:13.789,active,15258,818,12192,16786,0,95,62.2,53.6,No,2400,2400,0,5513,125
17:02:14.789,active,15266,756,11594,16786,0,95,61.1,52.3,No,2400,2400,0,5521,125
17:02:15.789,active,15294,738,11324,16787,0,95,61.7,56.2,No,2400,2400,0,5519,125
17:02:16.790,active,15294,644,7716,16785,0,95,61.7,52.8,No,2400,2400,0,5510,125
17:02:17.794,active,15335,460,7080,16785,0,95,61.1,55.1,No,2400,2400,0,5510,125
17:02:18.789,active,15296,478,7272,16786,0,95,62.2,55.9,No,2400,2400,0,5515,125
17:02:19.790,active,15346,526,8082,16785,0,95,63.4,57.5,No,2400,2400,0,5521,125
17:02:20.792,active,15294,560,8604,16786,0,95,62.8,56.1,No,2400,2400,0,5522,125
17:02:21.793,active,15311,492,7542,16785,0,95,61.7,53.1,No,2400,2400,0,5519,125
17:02:22.790,active,15335,556,8526,16785,0,95,62.8,57.3,No,2400,2400,0,5521,125
17:02:23.790,active,15322,524,7658,16786,0,95,62.2,56.5,No,2400,2400,0,5519,125
17:02:24.790,active,15307,750,11516,16786,0,95,61.7,57.8,No,2400,2400,0,5519,125
17:02:25.789,active,15258,736,11284,16787,0,95,62.8,57.7,No,2400,2400,0,5524,125
17:02:26.793,active,15307,798,12250,16786,0,95,62.2,58.2,No,2400,2400,0,5519,125
17:02:27.791,active,15264,740,11362,16786,0,95,63.4,57.9,No,2400,2400,0,5519,125
17:02:28.789,active,15301,730,11478,16785,0,95,62.8,58.3,No,2400,2400,0,5513,125
17:02:29.789,active,15268,762,11690,16785,0,95,63.4,59.0,No,2400,2400,0,5525,125
17:02:30.796,active,15303,702,11246,16786,0,95,62.8,57.5,No,2400,2400,0,5527,125
17:02:31.791,active,15299,774,11882,16786,0,95,61.7,58.4,No,2400,2400,0,5518,125
17:02:32.789,sleep,15303,694,11246,16786,0,95,63.4,58.9,No,2400,2400,0,5519,125
17:02:33.789,sleep,15303,438,5964,16788,11,95,59.0,0.0,No,2400,2400,0,5573,125
17:02:34.789,sleep,15294,506,7754,16787,10,95,58.4,0.0,No,2400,2400,0,5574,125
17:02:35.789,sleep,15299,400,8276,16788,11,95,56.8,0.3,No,2400,2400,0,5572,125
17:02:36.789,sleep,15288,472,7234,16789,13,95,56.2,0.0,No,2400,2400,0,5577,125
17:02:37.789,sleep,15296,442,7890,16789,14,95,55.1,0.0,No,2400,2400,0,5586,125
17:02:38.789,sleep,15286,502,7696,16789,15,95,54.5,0.5,No,1500,2400,0,5581,125
17:02:39.789,sleep,15294,494,6134,16790,22,95,54.5,0.0,No,1500,2400,0,5291,75
17:02:40.789,sleep,15283,510,7832,16790,25,95,54.0,0.0,No,1500,2400,0,3707,75
17:02:41.789,sleep,15290,382,5864,16790,25,95,53.5,0.2,No,1500,2400,0,3476,75
17:02:42.789,sleep,15288,514,8700,16791,21,95,52.4,0.0,No,1500,2400,0,3439,75
17:02:43.789,sleep,15292,574,8816,16791,20,95,52.9,0.2,No,1500,2400,0,3416,75
17:02:44.789,sleep,15294,340,7580,16791,19,95,51.8,0.0,No,1500,2400,0,3410,75
17:02:45.789,sleep,15294,500,7678,16791,18,95,51.2,0.0,No,1500,2400,0,3411,75
17:02:46.789,sleep,15296,396,6366,16790,20,95,51.8,0.3,No,1500,2400,0,3397,75
17:02:47.794,active,15292,372,5710,16791,24,95,52.4,2.8,No,1500,2400,0,3403,75
17:02:48.789,active,15354,534,8218,16786,0,95,56.8,62.8,No,2400,2400,0,3361,75
17:02:49.792,active,15331,514,7908,16786,0,95,57.3,58.9,No,2400,2400,0,3342,75
17:02:50.790,active,15331,492,7562,16787,0,95,59.5,59.0,No,2400,2400,0,3331,75
17:02:51.789,active,15273,900,11092,16786,0,95,59.5,59.5,No,2400,2400,0,3323,75
17:02:52.789,active,15307,662,10166,16787,3,95,59.5,58.9,No,2400,2400,0,3327,75
17:02:53.789,active,15299,678,10378,16787,0,95,60.6,59.4,No,2400,2400,0,3308,75
17:02:54.789,active,15296,782,11980,16786,0,95,60.0,60.1,No,2400,2400,0,5065,125
17:02:55.789,active,15277,726,11150,16786,0,95,60.6,60.1,No,2400,2400,0,5414,125
17:02:56.792,active,15301,704,11314,16788,0,95,60.6,59.4,No,2400,2400,0,5446,125
17:02:57.793,active,15299,706,10842,16787,0,95,61.7,59.7,No,2400,2400,0,5439,125
17:02:58.789,active,15303,736,11208,16787,0,95,59.0,57.5,No,2400,2400,0,5440,125
17:02:59.789,active,15294,702,10744,16785,0,95,60.6,57.1,No,2400,2400,0,5440,125
17:03:00.789,active,15305,882,13484,16788,0,95,60.0,55.0,No,2400,2400,0,5436,125
17:03:01.789,active,15243,868,14040,16787,0,95,61.1,54.9,No,2400,2400,0,5432,125
17:03:02.789,active,15305,846,12944,16786,0,95,61.7,56.4,No,2400,2400,0,5443,125
17:03:03.789,active,15245,834,13716,16786,0,95,62.2,57.5,No,2400,2400,0,5451,125
17:03:04.793,active,15247,902,13792,16786,3,95,60.6,51.5,No,2400,2400,0,5453,125
17:03:05.796,active,15258,844,11112,16786,0,95,61.1,51.0,No,2400,2400,0,5459,125
17:03:06.789,active,15273,884,13542,16786,0,95,60.6,51.7,No,2400,2400,0,5459,125
17:03:07.789,active,15260,904,11574,16787,0,95,61.1,52.0,No,2400,2400,0,5460,125
17:03:08.791,active,15277,766,11728,16788,4,95,61.1,52.2,No,2400,2400,0,5469,125
17:03:09.793,active,15260,678,11498,16787,0,95,62.2,53.1,No,2400,2400,0,5468,125
17:03:10.789,active,15350,484,7272,16788,4,95,61.7,55.3,No,2400,2400,0,5465,125
17:03:11.790,active,15316,510,7832,16787,4,95,62.2,55.2,No,2400,2400,0,5471,125
17:03:12.796,active,15324,472,7446,16787,3,95,61.1,54.0,No,2400,2400,0,5482,125
17:03:13.789,active,15322,550,8448,16788,3,95,61.1,54.4,No,2400,2400,0,5480,125
17:03:14.789,active,15309,518,7080,16788,0,95,61.1,55.3,No,2400,2400,0,5489,125
17:03:15.791,active,15311,486,7466,16788,0,95,61.7,52.0,No,2400,2400,0,5503,125
17:03:16.793,active,15314,512,7850,16787,3,95,62.2,51.0,No,2400,2400,0,5483,125
17:03:17.789,active,15303,490,7504,16786,0,95,62.2,54.0,No,2400,2400,0,5496,125
17:03:18.790,active,15311,496,7620,16787,0,95,61.1,51.5,No,2400,2400,0,5504,125
17:03:19.794,active,15309,774,10456,16787,4,95,61.1,53.2,No,2400,2400,0,5474,125
17:03:20.789,active,15299,714,10938,16786,0,95,62.2,53.6,No,2400,2400,0,5493,125
17:03:21.793,active,15311,748,11478,16787,0,95,62.8,53.2,No,2400,2400,0,5505,125
17:03:22.793,active,15294,744,11400,16786,0,95,62.2,53.5,No,2400,2400,0,5506,125
17:03:23.789,active,15311,746,11440,16786,0,95,62.8,54.4,No,2400,2400,0,5504,125
17:03:24.789,active,15301,734,11266,16785,0,95,62.2,54.4,No,2400,2400,0,5502,125
17:03:25.790,active,15292,774,11864,16787,0,95,62.2,53.5,No,2400,2400,0,5512,125
17:03:26.794,active,15296,744,7928,16786,0,95,61.7,55.2,No,2400,2400,0,5511,125
17:03:27.789,active,15294,668,10244,16787,0,95,61.1,53.0,No,2400,2400,0,5511,125
17:03:28.793,active,15299,914,13986,16786,0,95,61.7,53.0,No,2400,2400,0,5519,125
17:03:29.789,active,15264,704,10784,16785,0,95,61.7,55.6,No,2400,2400,0,5517,125
17:03:30.789,active,15256,810,12384,16785,0,95,63.4,56.3,No,2400,2400,0,5512,125
17:03:31.791,active,15266,798,12230,16786,0,95,62.2,56.4,No,2400,2400,0,5519,125
17:03:32.794,active,15266,882,13504,16789,5,95,63.4,55.9,No,2400,2400,0,5520,125
17:03:33.789,active,15260,810,13426,16788,5,95,61.7,55.7,No,2400,2400,0,5526,125
17:03:34.789,active,15262,920,14082,16787,0,95,61.7,57.3,No,2400,2400,0,5526,125
17:03:35.793,active,15275,958,14660,16787,0,95,63.4,56.7,No,2400,2400,0,5512,125
17:03:36.793,active,15260,964,14758,16786,4,95,62.8,57.1,No,2400,2400,0,5522,125
17:03:37.789,active,15322,510,7832,16786,0,95,62.8,56.5,No,2400,2400,0,5521,125
17:03:38.796,active,15350,486,6712,16786,0,95,62.8,57.6,No,2400,2400,0,5521,125
17:03:39.796,active,15339,550,8468,16786,0,95,62.8,58.1,No,2400,2400,0,5530,125
17:03:40.789,active,15350,480,7368,16786,0,95,61.7,57.5,No,2400,2400,0,5530,125
17:03:41.789,active,15329,482,7408,16786,0,95,62.8,59.3,No,2400,2400,0,5524,125
17:03:42.793,active,15331,514,7890,16785,-3,95,63.4,59.3,No,2400,2400,0,5520,125
17:03:43.793,active,15316,490,10320,16786,0,95,62.8,58.4,No,2400,2400,0,5519,125
17:03:44.789,active,15326,434,6654,16786,0,95,62.8,57.0,No,2400,2400,0,5524,125
17:03:45.790,active,15307,468,10610,16786,0,95,63.4,57.9,No,2400,2400,0,5524,125
17:03:46.792,active,15301,710,10898,16786,0,95,63.4,57.7,No,2400,2400,0,5529,125
17:03:47.789,active,15305,700,10744,16785,0,95,63.4,57.2,No,2400,2400,0,5522,125
17:03:48.789,sleep,15292,476,7804,16788,6,95,58.4,4.0,No,2400,2400,0,5574,125
17:03:49.789,sleep,15299,540,8276,16789,14,95,58.4,0.0,No,2400,2400,0,5585,125
17:03:50.789,sleep,15288,494,8120,16789,11,95,57.3,0.0,No,2400,2400,0,5582,125
17:03:51.789,sleep,15290,482,7408,16789,10,95,56.8,0.3,No,2400,2400,0,5585,125
17:03:52.789,sleep,15290,504,7484,16788,16,95,56.2,0.0,No,2400,2400,0,5585,125
17:03:53.789,sleep,15292,430,6596,16788,16,95,55.1,0.3,No,1500,2400,0,5589,125
17:03:54.789,sleep,15292,318,6712,16790,16,95,54.5,0.3,No,1500,2400,0,4573,75
17:03:55.789,sleep,15292,362,5044,16791,17,95,54.0,0.3,No,1500,2400,0,3600,75
17:03:56.789,sleep,15299,322,4938,16791,20,95,52.9,0.3,No,1500,2400,0,3455,75
17:03:57.789,sleep,15283,452,8430,16791,21,95,52.4,0.0,No,1500,2400,0,3433,75
17:03:58.789,sleep,15288,482,7388,16791,22,95,52.4,0.0,No,1500,2400,0,3410,75
17:03:59.789,sleep,15286,324,7214,16790,20,95,51.8,0.0,No,1500,2400,0,3409,75
17:04:00.789,sleep,15294,470,7214,16791,22,95,51.8,0.0,No,1500,2400,0,3408,75
17:04:01.789,sleep,15286,274,7600,16792,19,95,51.8,0.3,No,1500,2400,0,3411,75
17:04:02.789,sleep,15292,498,7638,16792,20,95,51.8,0.3,No,1500,2400,0,3410,75
17:04:03.793,active,15271,718,11014,16789,6,95,56.2,61.1,No,2400,2400,0,3359,75
17:04:04.789,active,15346,444,7388,16788,0,95,57.9,58.3,No,2400,2400,0,3350,75
17:04:05.789,active,15326,476,7330,16787,0,95,59.0,58.6,No,2400,2400,0,3328,75
17:04:06.790,active,15335,480,6732,16787,0,95,59.0,58.4,No,2400,2400,0,3328,75
17:04:07.791,active,15309,476,7330,16786,0,95,59.5,58.4,No,2400,2400,0,3413,125
17:04:08.789,active,15314,278,7310,16787,0,95,59.0,57.9,No,2400,2400,0,5271,125
17:04:09.793,active,15311,506,7754,16787,0,95,61.1,59.2,No,2400,2400,0,5443,125
17:04:10.792,active,15309,398,6096,16786,0,95,60.0,57.8,No,2400,2400,0,5448,125
17:04:11.789,active,15314,444,6828,16786,0,95,60.6,56.4,No,2400,2400,0,5450,125
17:04:12.791,active,15326,522,8006,16787,-3,95,61.1,55.6,No,2400,2400,0,5444,125
17:04:13.793,active,15320,644,13204,16786,-3,95,61.1,55.1,No,2400,2400,0,5446,125
17:04:14.794,active,15296,680,10436,16787,-5,95,59.5,55.3,No,2400,2400,0,5444,125
17:04:15.789,active,15301,706,10822,16786,0,95,60.6,56.7,No,2400,2400,0,5449,125
17:04:16.789,active,15294,744,11400,16786,0,95,60.6,53.2,No,2400,2400,0,5457,125
17:04:17.789,active,15301,708,10842,16786,0,95,61.1,51.8,No,2400,2400,0,5460,125
17:04:18.789,active,15296,684,10494,16786,0,95,61.7,51.8,No,2400,2400,0,5463,125
17:04:19.790,active,15296,576,8834,16787,0,95,62.2,51.3,No,2400,2400,0,5472,125
17:04:20.793,active,15292,762,7830,16788,0,95,60.6,51.4,No,2400,2400,0,5466,125
17:04:21.789,active,15296,622,9548,16788,3,95,60.6,52.8,No,2400,2400,0,5472,125
17:04:22.789,active,15299,720,8024,16787,0,95,60.6,52.9,No,2400,2400,0,5471,125
17:04:23.789,active,15245,836,12770,16786,-3,95,61.7,54.9,No,2400,2400,0,5469,125
17:04:24.789,active,15266,924,14160,16786,0,95,61.7,53.9,No,2400,2400,0,5479,125
17:04:25.789,active,15256,940,14390,16787,0,95,62.8,52.6,No,2400,2400,0,5481,125
17:04:26.793,active,15256,712,10918,16787,0,95,61.7,53.0,No,2400,2400,0,5475,125
17:04:27.796,active,15281,758,14684,16787,0,95,61.7,53.8,No,2400,2400,0,5485,125
17:04:28.789,active,15275,730,11208,16787,0,95,61.7,53.9,No,2400,2400,0,5487,125
17:04:29.789,active,15264,928,10686,16787,0,95,62.2,54.0,No,2400,2400,0,5493,125
17:04:30.789,active,15256,762,11710,16786,0,95,61.1,54.1,No,2400,2400,0,5498,125
17:04:31.789,active,15296,718,11516,16787,3,95,62.8,53.5,No,2400,2400,0,5500,125
17:04:32.789,active,15352,554,8526,16786,5,95,61.7,54.5,No,2400,2400,0,5494,125
17:04:33.790,active,15337,498,7638,16786,0,95,61.7,53.2,No,2400,2400,0,5499,125
17:04:34.793,active,15305,546,8392,16788,0,95,61.7,53.3,No,2400,2400,0,5503,125
17:04:35.789,active,15346,506,7774,16787,0,95,61.1,53.9,No,2400,2400,0,5506,125
17:04:36.789,active,15305,508,7022,16787,0,95,61.1,52.2,No,2400,2400,0,5519,125
17:04:37.789,active,15309,542,8334,16787,3,95,62.2,52.4,No,2400,2400,0,5517,125
17:04:38.790,active,15309,440,11536,16787,3,95,61.7,51.9,No,2400,2400,0,5508,125
17:04:39.789,active,15311,496,7620,16788,5,95,61.7,51.2,No,2400,2400,0,5507,125
17:04:40.793,active,15305,572,10262,16788,4,95,61.7,53.4,No,2400,2400,0,5515,125
17:04:41.790,active,15309,752,11536,16787,6,95,61.7,55.2,No,2400,2400,0,5509,125
17:04:42.789,active,15301,732,11246,16786,0,95,61.7,56.8,No,2400,2400,0,5512,125
17:04:43.789,active,15301,740,11342,16786,0,95,61.7,56.4,No,2400,2400,0,5513,125
17:04:44.793,active,15299,768,11786,16786,3,95,62.8,58.1,No,2400,2400,0,5515,125
17:04:45.793,active,15296,738,11560,16788,4,95,63.4,56.0,No,2400,2400,0,5515,125
17:04:46.789,active,15294,796,12192,16789,3,95,62.8,57.4,No,2400,2400,0,5522,125
17:04:47.790,active,15296,744,11324,16788,0,95,62.2,56.0,No,2400,2400,0,5520,125
17:04:48.797,active,15301,706,10842,16788,0,95,62.8,56.7,No,2400,2400,0,5524,125
17:04:49.789,active,15301,778,11362,16787,0,95,62.2,58.8,No,2400,2400,0,5526,125
17:04:50.789,active,15275,808,12384,16786,0,95,63.4,58.7,No,2400,2400,0,5521,125
17:04:51.793,active,15273,728,11130,16785,0,95,62.8,58.6,No,2400,2400,0,5526,125
17:04:52.789,active,15251,760,11612,16787,0,95,62.8,58.3,No,2400,2400,0,5522,125
17:04:53.790,active,15266,950,14526,16787,0,95,61.1,57.1,No,2400,2400,0,5523,125
17:04:54.792,active,15271,776,11882,16787,0,95,63.4,58.2,No,2400,2400,0,5523,125
17:04:55.790,active,15258,970,14834,16787,0,95,62.8,58.1,No,2400,2400,0,5534,125
17:04:56.789,active,15277,698,11454,16787,4,95,62.2,58.5,No,2400,2400,0,5524,125
17:04:57.789,active,15258,934,14276,16787,6,95,63.4,60.0,No,2400,2400,0,5527,125
17:04:58.789,active,15273,848,11498,16787,4,95,62.8,57.8,No,2400,2400,0,5536,125
17:04:59.789,active,15290,818,12538,16788,4,95,63.4,59.7,No,2400,2400,0,5531,125
17:05:00.791,active,15288,542,8314,16788,6,95,63.9,58.1,No,2400,2400,0,5526,125
17:05:01.793,active,15309,494,7580,16787,0,95,63.4,54.5,No,2400,2400,0,5535,125
17:05:02.794,active,15344,432,6616,16787,4,95,62.2,51.7,No,2400,2400,0,5543,125
17:05:03.789,sleep,15292,540,8294,16790,14,95,59.0,6.1,No,2400,2400,0,5573,125
17:05:04.789,sleep,15290,450,6906,16790,17,95,58.4,0.0,No,2400,2400,0,5573,125
17:05:05.789,sleep,15290,522,7256,16790,9,95,57.3,0.0,No,2400,2400,0,5581,125
17:05:06.789,sleep,15292,468,7176,16792,17,95,56.8,0.3,No,2400,2400,0,5582,125
17:05:07.789,sleep,15294,462,7060,16790,16,95,56.2,0.0,No,2400,2400,0,5583,125
17:05:08.789,sleep,15286,514,7890,16791,18,95,55.6,0.2,No,1500,2400,0,5593,125
17:05:09.789,sleep,15288,544,8334,16791,17,95,54.5,0.0,No,1500,2400,0,5604,125
17:05:10.789,sleep,15292,408,6250,16791,18,95,54.0,0.0,No,1500,2400,0,4172,75
17:05:11.789,sleep,15286,506,7754,16791,18,95,53.5,0.3,No,1500,2400,0,3533,75
17:05:12.789,sleep,15281,246,9136,16790,21,95,52.9,0.5,No,1500,2400,0,3449,75
17:05:13.789,sleep,15288,426,6538,16791,19,95,52.9,0.0,No,1500,2400,0,3425,75
17:05:14.789,sleep,15292,506,4958,16790,19,95,52.4,0.0,No,1500,2400,0,3426,75
17:05:15.789,sleep,15290,462,7098,16791,19,95,52.4,0.3,No,1500,2400,0,3420,75
17:05:16.789,sleep,15290,488,7522,16790,20,95,52.4,0.2,No,1500,2400,0,3411,75
17:05:17.789,sleep,15296,542,8314,16792,19,95,51.8,0.3,No,1500,2400,0,3400,75
17:05:18.789,active,15249,924,14120,16788,7,95,56.2,56.1,No,2400,2400,0,3369,75
17:05:19.793,active,15260,754,11554,16786,0,95,57.9,57.7,No,2400,2400,0,3355,75
17:05:20.793,active,15273,658,10070,16788,0,95,59.0,59.4,No,2400,2400,0,3341,75
17:05:21.789,active,15268,732,13060,16788,0,95,57.9,58.8,No,2400,2400,0,3344,75
17:05:22.790,active,15256,896,13734,16787,-4,95,59.5,57.2,No,2400,2400,0,3338,75
17:05:23.789,active,15258,890,10648,16788,0,95,59.0,54.7,No,2400,2400,0,3314,75
17:05:24.789,active,15264,790,12096,16787,0,95,59.5,55.1,No,2400,2400,0,3317,75
17:05:25.789,active,15262,896,11092,16787,0,95,59.5,54.9,No,2400,2400,0,3947,125
17:05:26.793,active,15258,968,14816,16786,0,95,60.6,59.4,No,2400,2400,0,5329,125
17:05:27.789,active,15357,496,7620,16786,0,95,60.6,55.4,No,2400,2400,0,5430,125
17:05:28.789,active,15331,480,8256,16787,0,95,60.6,52.8,No,2400,2400,0,5434,125
17:05:29.790,active,15346,546,8392,16787,0,95,60.0,51.0,No,2400,2400,0,5441,125
17:05:30.789,active,15318,562,6924,16787,4,95,61.1,51.4,No,2400,2400,0,5444,125
17:05:31.789,active,15314,470,7234,16788,0,95,60.0,52.0,No,2400,2400,0,5437,125
17:05:32.789,active,15314,494,8506,16787,0,95,60.6,52.2,No,2400,2400,0,5440,125
17:05:33.789,active,15309,534,8198,16788,0,95,61.1,51.7,No,2400,2400,0,5444,125
17:05:34.793,active,15320,510,7040,16787,0,95,61.1,53.7,No,2400,2400,0,5444,125
17:05:35.789,active,15320,498,7658,16788,0,95,62.2,54.6,No,2400,2400,0,5450,125
17:05:36.792,active,15307,670,7986,16786,0,95,61.7,55.5,No,2400,2400,0,5452,125
17:05:37.789,active,15305,724,11112,16786,0,95,60.6,54.4,No,2400,2400,0,5456,125
17:05:38.789,active,15296,708,10880,16787,0,95,60.6,53.6,No,2400,2400,0,5461,125
17:05:39.793,active,15296,950,11980,16787,0,95,62.2,53.7,No,2400,2400,0,5461,125
17:05:40.793,active,15294,740,11362,16787,0,95,61.1,52.6,No,2400,2400,0,5460,125
17:05:41.789,active,15296,720,11054,16788,4,95,60.6,52.2,No,2400,2400,0,5464,125
17:05:42.790,active,15292,744,11420,16787,4,95,62.2,54.0,No,2400,2400,0,5459,125
17:05:43.794,active,15294,544,8352,16788,4,95,61.1,54.9,No,2400,2400,0,5470,125
17:05:44.789,active,15294,708,8604,16787,3,95,61.1,53.9,No,2400,2400,0,5477,125
17:05:45.790,active,15249,852,13022,16787,4,95,62.8,54.1,No,2400,2400,0,5484,125
17:05:46.789,active,15268,910,13908,16788,0,95,62.8,53.1,No,2400,2400,0,5481,125
17:05:47.790,active,15258,924,14140,16788,0,95,61.7,51.8,No,2400,2400,0,5486,125
17:05:48.789,active,15238,1006,15394,16788,0,95,61.7,51.0,No,2400,2400,0,5483,125
17:05:49.793,active,15266,674,10340,16787,0,95,61.7,55.4,No,2400,2400,0,5493,125
17:05:50.790,active,15251,742,11400,16788,0,95,60.6,51.8,No,2400,2400,0,5489,125
17:05:51.789,active,15277,746,13724,16787,0,95,61.7,55.2,No,2400,2400,0,5486,125
17:05:52.793,active,15256,806,12326,16788,4,95,62.2,58.8,No,2400,2400,0,5490,125
17:05:53.789,active,15268,752,13464,16787,0,95,61.7,57.4,No,2400,2400,0,5496,125
17:05:54.789,active,15333,742,11400,16786,0,95,62.2,57.2,No,2400,2400,0,5498,125
17:05:55.789,active,15292,486,7466,16788,5,95,62.8,53.4,No,2400,2400,0,5506,125
17:05:56.793,active,15329,518,7948,16787,0,95,62.8,56.3,No,2400,2400,0,5501,125
17:05:57.789,active,15292,476,7310,16787,0,95,62.8,57.6,No,2400,2400,0,5508,125
17:05:58.789,active,15320,522,7908,16786,0,95,62.2,56.4,No,2400,2400,0,5513,125
17:05:59.789,active,15350,508,7812,16786,0,95,62.8,57.2,No,2400,2400,0,5513,125
17:06:00.789,active,15311,488,6366,16786,-3,95,63.4,56.7,No,2400,2400,0,5511,125
17:06:01.789,active,15305,560,8604,16787,0,95,62.8,57.3,No,2400,2400,0,5514,125
17:06:02.789,active,15333,502,9374,16787,0,95,62.8,57.4,No,2400,2400,0,5515,125
17:06:03.793,active,15305,550,8430,16788,0,95,62.8,57.7,No,2400,2400,0,5511,125
17:06:04.790,active,15260,736,11284,16788,0,95,62.8,58.7,No,2400,2400,0,5516,125
17:06:05.789,active,15309,736,11342,16786,0,95,62.8,58.4,No,2400,2400,0,5519,125
17:06:06.789,active,15307,744,11420,16785,0,95,63.4,58.2,No,2400,2400,0,5516,125
17:06:07.789,active,15303,700,11266,16787,0,95,63.4,58.7,No,2400,2400,0,5527,125
17:06:08.789,active,15314,704,10802,16787,0,95,62.8,57.4,No,2400,2400,0,5513,125
17:06:09.789,active,15307,736,10956,16787,0,95,63.4,58.2,No,2400,2400,0,5519,125
17:06:10.789,active,15299,744,11420,16788,0,95,62.8,59.6,No,2400,2400,0,5519,125
17:06:11.789,active,15303,748,10976,16787,0,95,62.2,58.2,No,2400,2400,0,5518,125
17:06:12.789,active,15292,752,11516,16787,4,95,63.4,59.2,No,2400,2400,0,5516,125
17:06:13.793,active,15281,726,11112,16787,0,95,63.9,58.8,No,2400,2400,0,5521,125
17:06:14.793,active,15247,798,13350,16787,0,95,63.9,57.9,No,2400,2400,0,5518,125
17:06:15.789,active,15268,742,11382,16788,0,95,63.4,57.6,No,2400,2400,0,5522,125
17:06:16.789,active,15271,766,15008,16787,0,95,63.4,57.7,No,2400,2400,0,5522,125
17:06:17.790,active,15283,760,11652,16787,0,95,62.8,58.4,No,2400,2400,0,5527,125
17:06:18.789,sleep,15286,502,7986,16788,8,95,59.5,11.1,No,2400,2400,0,5579,125
17:06:19.789,sleep,15290,546,8392,16789,17,95,58.4,0.0,No,2400,2400,0,5583,125
17:06:20.789,sleep,15283,554,6964,16789,11,95,57.3,0.0,No,2400,2400,0,5581,125
17:06:21.789,sleep,15294,554,8506,16791,17,95,56.8,0.0,No,2400,2400,0,5578,125
17:06:22.789,sleep,15292,516,7908,16792,17,95,56.2,-0.0,No,2400,2400,0,5575,125
17:06:23.789,sleep,15286,398,7022,16790,15,95,55.1,0.3,No,1500,2400,0,5586,125
17:06:24.789,sleep,15286,462,7098,16789,13,95,55.1,0.3,No,1500,2400,0,5594,125
17:06:25.789,sleep,15290,412,5170,16790,17,95,53.5,0.5,No,1500,2400,0,3896,75
17:06:26.789,sleep,15294,392,6018,16790,18,95,54.0,0.0,No,1500,2400,0,3507,75
17:06:27.789,sleep,15290,368,5728,16791,18,95,52.9,0.3,No,1500,2400,0,3418,75
17:06:28.789,sleep,15290,514,7890,16791,18,95,53.5,0.0,No,1500,2400,0,3412,75
17:06:29.789,sleep,15292,306,4706,16791,17,95,52.4,0.0,No,1500,2400,0,3414,75
17:06:30.789,sleep,15290,480,7368,16790,19,95,52.4,0.3,No,1500,2400,0,3405,75
17:06:31.789,sleep,15296,490,7522,16790,18,95,52.4,0.0,No,1500,2400,0,3399,75
17:06:32.789,sleep,15292,388,5652,16791,17,95,52.4,0.3,No,1500,2400,0,3405,75
17:06:33.789,active,15292,702,10744,16788,0,95,55.6,51.6,No,2400,2400,0,3367,75
17:06:34.789,active,15303,686,10880,16788,-3,95,56.8,54.8,No,2400,2400,0,3352,75
17:06:35.793,active,15296,740,11342,16787,-6,95,58.4,54.8,No,2400,2400,0,3337,75
17:06:36.789,active,15294,496,7620,16785,-9,95,58.4,54.0,No,2400,2400,0,3337,75
17:06:37.789,active,15294,756,11594,16785,-8,95,59.0,54.2,No,2400,2400,0,3332,75
17:06:38.790,active,15296,512,7870,16785,-5,95,58.4,57.2,No,2400,2400,0,3318,75
17:06:39.789,active,15294,748,7894,16788,-6,95,59.0,51.6,No,2400,2400,0,3319,75
17:06:40.789,active,15260,906,13850,16787,-5,95,60.0,52.2,No,2400,2400,0,4670,125
17:06:41.792,active,15260,924,14120,16786,-8,95,61.1,54.0,No,2400,2400,0,5390,125
17:06:42.793,active,15260,840,12828,16786,-7,95,60.6,53.2,No,2400,2400,0,5436,125
17:06:43.789,active,15247,984,15066,16785,-8,95,61.1,53.5,No,2400,2400,0,5440,125
17:06:44.789,active,15268,666,14352,16785,-6,95,61.1,53.5,No,2400,2400,0,5433,125
17:06:45.790,active,15303,678,10398,16787,-6,95,60.6,52.6,No,2400,2400,0,5433,125
17:06:46.789,active,15277,772,14024,16787,-4,95,60.6,52.2,No,2400,2400,0,5440,125
17:06:47.789,active,15264,872,13350,16786,0,95,61.7,53.6,No,2400,2400,0,5438,125
17:06:48.793,active,15273,596,11382,16787,0,95,61.1,53.4,No,2400,2400,0,5444,125
17:06:49.789,active,15326,510,7638,16786,0,95,61.1,53.0,No,2400,2400,0,5446,125
17:06:50.789,active,15309,520,7986,16787,-3,95,61.1,51.3,No,2400,2400,0,5453,125
17:06:51.789,active,15316,510,7678,16787,-5,95,61.1,51.6,No,2400,2400,0,5457,125
17:06:52.790,active,15320,548,8410,16788,0,95,60.6,52.4,No,2400,2400,0,5462,125
17:06:53.789,active,15320,506,6944,16786,0,95,61.1,53.2,No,2400,2400,0,5462,125
17:06:54.789,active,15307,522,8006,16785,-4,95,61.1,56.3,No,2400,2400,0,5465,125
17:06:55.789,active,15307,548,8410,16785,-9,95,61.7,52.0,No,2400,2400,0,5468,125
17:06:56.789,active,15307,494,7580,16785,-11,95,62.2,51.5,No,2400,2400,0,5469,125
17:06:57.789,active,15307,660,10108,16787,-4,95,61.7,53.1,No,2400,2400,0,5468,125
17:06:58.790,active,15301,716,9356,16786,-7,95,60.6,53.7,No,2400,2400,0,5468,125
17:06:59.794,active,15290,690,10572,16786,-4,95,60.0,52.0,No,2400,2400,0,5482,125
17:07:00.789,active,15283,744,11420,16785,-4,95,61.1,52.9,No,2400,2400,0,5479,125
17:07:01.789,active,15296,704,10784,16786,-3,95,62.2,54.0,No,2400,2400,0,5483,125
17:07:02.790,active,15307,696,10668,16788,3,95,62.2,53.8,No,2400,2400,0,5486,125
17:07:03.789,active,15303,728,11170,16788,0,95,62.2,54.1,No,2400,2400,0,5488,125
17:07:04.791,active,15299,760,11670,16787,0,95,61.7,55.6,No,2400,2400,0,5489,125
17:07:05.800,active,15292,730,9876,16787,-3,95,61.7,56.7,No,2400,2400,0,5491,125
17:07:06.790,active,15301,706,10842,16787,0,95,62.2,56.1,No,2400,2400,0,5489,125
17:07:07.789,active,15301,718,7832,16785,-6,95,62.2,56.2,No,2400,2400,0,5501,125
17:07:08.789,active,15271,666,10186,16785,-3,95,62.8,58.4,No,2400,2400,0,5502,125
17:07:09.789,active,15262,726,11112,16787,0,95,62.2,57.1,No,2400,2400,0,5506,125
17:07:10.789,active,15279,702,14092,16786,-8,95,62.8,56.2,No,2400,2400,0,5510,125
17:07:11.791,active,15281,956,14642,16787,-4,95,63.4,56.9,No,2400,2400,0,5505,125
17:07:12.794,active,15286,788,13850,16786,-6,95,62.2,56.9,No,2400,2400,0,5504,125
17:07:13.790,active,15279,940,14390,16785,-5,95,62.2,57.0,No,2400,2400,0,5507,125
17:07:14.789,active,15281,756,13890,16785,-5,95,62.2,57.7,No,2400,2400,0,5512,125
17:07:15.793,active,15294,858,13156,16786,-4,95,62.8,58.8,No,2400,2400,0,5513,125
17:07:16.789,active,15271,824,11324,16787,-3,95,62.8,57.6,No,2400,2400,0,5515,125
17:07:17.789,active,15333,554,7758,16787,0,95,63.4,58.2,No,2400,2400,0,5513,125
17:07:18.790,active,15352,528,8120,16786,0,95,63.4,58.8,No,2400,2400,0,5519,125
17:07:19.793,active,15348,600,6916,16786,0,95,63.9,59.6,No,2400,2400,0,5517,125
17:07:20.789,active,15339,516,7928,16786,-3,95,63.4,57.9,No,2400,2400,0,5524,125
17:07:21.789,active,15320,484,8392,16785,0,95,63.4,58.9,No,2400,2400,0,5525,125
17:07:22.791,active,15329,514,7890,16786,-5,95,63.4,58.5,No,2400,2400,0,5524,125
17:07:23.793,active,15331,500,9992,16786,-3,95,63.4,56.7,No,2400,2400,0,5516,125
17:07:24.789,active,15324,486,7466,16785,0,95,63.9,56.9,No,2400,2400,0,5518,125
17:07:25.790,active,15316,484,10204,16786,-4,95,62.8,58.2,No,2400,2400,0,5528,125
17:07:26.796,active,15303,790,11266,16785,-5,95,62.8,58.1,No,2400,2400,0,5520,125
17:07:27.790,active,15314,746,11458,16785,-3,95,62.2,57.5,No,2400,2400,0,5524,125
17:07:28.789,active,15299,756,11612,16785,-7,95,63.4,59.5,No,2400,2400,0,5522,125
17:07:29.793,active,15299,696,10668,16785,-5,95,63.9,57.4,No,2400,2400,0,5524,125
17:07:30.789,active,15299,730,10440,16785,-5,95,63.4,57.7,No,2400,2400,0,5528,125
17:07:31.789,active,15303,738,11304,16786,-5,95,62.8,58.1,No,2400,2400,0,5530,125
17:07:32.796,active,15292,728,11226,16787,0,95,64.5,58.8,No,2400,2400,0,5528,125
17:07:33.789,sleep,15292,518,7948,16789,7,95,59.5,14.5,No,2400,2400,0,5549,125
17:07:34.789,sleep,15294,448,8120,16788,11,95,57.9,0.0,No,2400,2400,0,5581,125
17:07:35.789,sleep,15296,444,6810,16788,10,95,57.3,0.0,No,2400,2400,0,5582,125
17:07:36.789,sleep,15294,492,7522,16788,10,95,56.8,0.0,No,2400,2400,0,5582,125
17:07:37.789,sleep,15283,522,8006,16789,10,95,56.2,0.3,No,2400,2400,0,5579,125
17:07:38.789,sleep,15290,390,5998,16790,11,95,55.1,0.0,No,1500,2400,0,5592,125
17:07:39.789,sleep,15288,530,7352,16790,12,95,55.6,0.5,No,1500,2400,0,5355,75
17:07:40.789,sleep,15296,404,6192,16790,14,95,53.5,0.0,No,1500,2400,0,3713,75
17:07:41.789,sleep,15286,510,5806,16788,15,95,53.5,0.2,No,1500,2400,0,3472,75
17:07:42.789,sleep,15288,312,4784,16788,13,95,52.9,0.0,No,1500,2400,0,3444,75
17:07:43.789,sleep,15292,378,8044,16790,15,95,52.4,0.0,No,1500,2400,0,3435,75
17:07:44.789,sleep,15288,598,9182,16789,12,95,52.4,0.3,No,1500,2400,0,3424,75
17:07:45.789,sleep,15292,364,5574,16789,12,95,52.4,0.3,No,1500,2400,0,3416,75
17:07:46.789,sleep,15294,348,5342,16789,10,95,52.4,0.0,No,1500,2400,0,3415,75
17:07:47.789,sleep,15296,480,7350,16789,13,95,52.4,0.3,No,1500,2400,0,3400,75
17:07:48.789,active,15307,424,6500,16786,0,95,55.6,49.3,No,2400,2400,0,3368,75
17:07:49.789,active,15320,492,7542,16788,0,95,56.8,52.2,No,2400,2400,0,3349,75
17:07:50.791,active,15314,496,9896,16787,-3,95,57.9,52.0,No,2400,2400,0,3344,75
17:07:51.789,active,15309,480,7368,16787,0,95,58.4,51.2,No,2400,2400,0,3344,75
17:07:52.789,active,15301,448,9742,16787,-3,95,59.0,51.5,No,2400,2400,0,3324,75
17:07:53.793,active,15318,530,8120,16786,-3,95,58.4,51.7,No,2400,2400,0,3331,75
17:07:54.789,active,15301,644,9876,16786,-3,95,59.0,51.3,No,2400,2400,0,3330,75
17:07:55.789,active,15301,714,10956,16786,0,95,60.0,53.5,No,2400,2400,0,5035,125
17:07:56.789,active,15311,656,10070,16787,0,95,60.0,54.6,No,2400,2400,0,5417,125
17:07:57.789,active,15299,652,11112,16787,-3,95,60.0,54.8,No,2400,2400,0,5436,125
17:07:58.789,active,15305,724,11092,16787,-4,95,60.6,54.2,No,2400,2400,0,5429,125
17:07:59.789,active,15296,746,11440,16788,0,95,61.7,52.6,No,2400,2400,0,5438,125
17:08:00.793,active,15303,700,10726,16785,0,95,60.6,55.4,No,2400,2400,0,5432,125
17:08:01.795,active,15292,766,8120,16785,0,95,59.5,52.2,No,2400,2400,0,5428,125
17:08:02.789,active,15299,726,11130,16786,0,95,60.6,53.7,No,2400,2400,0,5440,125
17:08:03.789,active,15268,946,14468,16785,-5,95,60.6,52.3,No,2400,2400,0,5438,125
17:08:04.793,active,15234,716,14004,16784,-7,95,61.1,51.9,No,2400,2400,0,5445,125
17:08:05.789,active,15262,954,14604,16786,-6,95,61.7,51.4,No,2400,2400,0,5444,125
17:08:06.789,active,15268,738,13716,16786,-3,95,62.2,51.7,No,2400,2400,0,5445,125
17:08:07.793,active,15273,756,11594,16785,-3,95,61.1,52.4,No,2400,2400,0,5446,125
17:08:08.794,active,15264,948,14332,16785,-8,95,61.1,56.8,No,2400,2400,0,5453,125
17:08:09.789,active,15273,882,13504,16786,0,95,61.1,52.0,No,2400,2400,0,5460,125
17:08:10.789,active,15260,704,10784,16787,0,95,61.7,52.2,No,2400,2400,0,5467,125
17:08:11.793,active,15271,786,12018,16786,-5,95,61.7,52.3,No,2400,2400,0,5468,125
17:08:12.789,active,15309,492,7562,16786,0,95,61.1,52.0,No,2400,2400,0,5466,125
17:08:13.789,active,15322,504,7736,16786,-4,95,61.1,51.9,No,2400,2400,0,5473,125
17:08:14.790,active,15311,468,7194,16786,-4,95,62.2,52.6,No,2400,2400,0,5482,125
17:08:15.790,active,15341,506,7754,16785,0,95,61.1,56.6,No,2400,2400,0,5482,125
17:08:16.789,active,15316,528,11574,16785,-9,95,62.2,58.2,No,2400,2400,0,5481,125
17:08:17.792,active,15333,496,7620,16785,-5,95,62.2,56.8,No,2400,2400,0,5484,125
17:08:18.789,active,15314,566,9548,16786,-4,95,62.2,57.9,No,2400,2400,0,5485,125
17:08:19.789,active,15318,580,8932,16787,0,95,62.8,57.6,No,2400,2400,0,5488,125
17:08:20.790,active,15318,508,10494,16786,0,95,61.7,57.5,No,2400,2400,0,5476,125
17:08:21.793,active,15314,700,11824,16784,-5,95,62.2,57.7,No,2400,2400,0,5486,125
17:08:22.789,active,15311,682,10456,16784,-5,95,62.2,57.3,No,2400,2400,0,5489,125
17:08:23.791,active,15299,714,11324,16785,-3,95,62.8,59.5,No,2400,2400,0,5494,125
17:08:24.789,active,15292,820,12558,16785,-7,95,61.7,55.4,No,2400,2400,0,5496,125
17:08:25.789,active,15299,774,8044,16787,0,95,62.8,51.7,No,2400,2400,0,5506,125
17:08:26.789,active,15294,716,10996,16787,-3,95,62.2,51.9,No,2400,2400,0,5504,125
17:08:27.793,active,15299,528,8120,16787,0,95,61.7,51.3,No,2400,2400,0,5509,125
17:08:28.793,active,15299,670,10282,16787,0,95,61.7,51.5,No,2400,2400,0,5512,125
17:08:29.789,active,15299,528,8120,16785,0,95,60.6,51.4,No,2400,2400,0,5509,125
17:08:30.789,active,15236,792,13040,16785,-3,95,61.7,52.4,No,2400,2400,0,5513,125
17:08:31.789,active,15258,930,14236,16785,-4,95,62.2,52.5,No,2400,2400,0,5513,125
17:08:32.789,active,15253,710,10898,16787,0,95,61.7,52.4,No,2400,2400,0,5514,125
17:08:33.789,active,15264,952,14564,16786,0,95,62.8,52.0,No,2400,2400,0,5525,125
17:08:34.793,active,15256,730,11208,16787,0,95,61.7,54.1,No,2400,2400,0,5516,125
17:08:35.792,active,15268,932,14276,16786,0,95,61.7,53.6,No,2400,2400,0,5521,125
17:08:36.789,active,15286,988,15124,16786,0,95,62.2,56.3,No,2400,2400,0,5519,125
17:08:37.789,active,15277,838,12828,16786,0,95,62.8,58.8,No,2400,2400,0,5516,125
17:08:38.793,active,15271,718,11014,16787,3,95,62.8,59.2,No,2400,2400,0,5519,125
17:08:39.789,active,15348,552,8236,16786,0,95,62.2,58.6,No,2400,2400,0,5519,125
17:08:40.789,active,15324,480,7388,16786,0,95,61.7,59.1,No,2400,2400,0,5517,125
17:08:41.790,active,15350,528,8102,16786,0,95,62.8,59.0,No,2400,2400,0,5517,125
17:08:42.791,active,15316,480,7368,16786,0,95,62.2,59.1,No,2400,2400,0,5521,125
17:08:43.789,active,15337,540,8294,16785,-4,95,62.8,58.5,No,2400,2400,0,5524,125
17:08:44.789,active,15309,506,7774,16787,-4,95,63.9,59.1,No,2400,2400,0,5525,125
17:08:45.792,active,15311,612,9374,16787,0,95,62.8,58.8,No,2400,2400,0,5525,125
17:08:46.789,active,15311,424,9572,16786,0,95,62.2,56.3,No,2400,2400,0,5519,125
17:08:47.789,active,15309,584,8932,16786,0,95,62.2,55.7,No,2400,2400,0,5514,125
17:08:48.789,sleep,15294,480,7214,16789,7,95,58.4,16.2,No,2400,2400,0,5563,125
17:08:49.789,sleep,15292,460,7060,16789,14,95,57.9,0.5,No,2400,2400,0,5580,125
17:08:50.789,sleep,15303,448,6906,16789,14,95,57.3,0.3,No,2400,2400,0,5578,125
17:08:51.789,sleep,15294,548,8410,16789,16,95,56.8,0.3,No,2400,2400,0,5579,125
17:08:52.789,sleep,15292,320,7408,16789,14,95,55.6,0.0,No,2400,2400,0,5584,125
17:08:53.789,sleep,15292,414,6346,16790,13,95,55.1,0.0,No,1500,2400,0,5589,125
17:08:54.789,sleep,15292,554,8506,16790,16,95,54.5,0.3,No,1500,2400,0,4613,75
17:08:55.789,sleep,15292,302,4630,16789,18,95,54.0,0.3,No,1500,2400,0,3613,75
17:08:56.789,sleep,15290,504,7716,16790,16,95,53.5,0.0,No,1500,2400,0,3447,75
17:08:57.789,sleep,15290,280,4282,16790,16,95,52.9,0.3,No,1500,2400,0,3422,75
17:08:58.789,sleep,15292,276,4244,16789,14,95,52.9,0.0,No,1500,2400,0,3427,75
17:08:59.789,sleep,15292,540,8546,16790,14,95,52.4,0.0,No,1500,2400,0,3421,75
17:09:00.789,sleep,15292,524,8044,16790,13,95,52.4,0.3,No,1500,2400,0,3412,75
17:09:01.789,sleep,15292,354,6288,16789,11,95,51.8,0.0,No,1500,2400,0,3400,75
17:09:02.789,sleep,15290,236,3626,16790,13,95,52.4,0.5,No,1500,2400,0,3382,75
17:09:03.794,active,15245,644,9876,16787,0,95,55.1,44.3,No,2400,2400,0,3364,75
17:09:04.789,active,15273,882,13522,16786,-5,95,56.8,51.7,No,2400,2400,0,3337,75
17:09:05.789,active,15260,668,10262,16786,-6,95,57.3,52.2,No,2400,2400,0,3335,75
17:09:06.793,active,15266,740,11324,16786,-5,95,59.0,53.6,No,2400,2400,0,3321,75
17:09:07.789,active,15311,474,7272,16785,-7,95,60.0,55.4,No,2400,2400,0,3321,75
17:09:08.789,active,15320,422,7194,16786,-7,95,58.4,52.3,No,2400,2400,0,3316,75
17:09:09.790,active,15301,476,7310,16785,-6,95,59.5,52.4,No,2400,2400,0,3315,75
17:09:10.789,active,15307,538,8256,16786,-4,95,59.5,54.2,No,2400,2400,0,3299,125
17:09:11.789,active,15326,464,7138,16786,-4,95,60.0,55.8,No,2400,2400,0,5206,125
17:09:12.793,active,15326,454,6964,16785,-5,95,60.6,56.6,No,2400,2400,0,5415,125
17:09:13.793,active,15316,498,7658,16786,-7,95,61.1,55.4,No,2400,2400,0,5432,125
17:09:14.789,active,15329,756,11612,16786,-7,95,60.6,56.6,No,2400,2400,0,5419,125
17:09:15.790,active,15318,526,10130,16787,-5,95,60.6,57.1,No,2400,2400,0,5426,125
17:09:16.794,active,15303,592,9066,16786,-5,95,61.7,56.5,No,2400,2400,0,5422,125
17:09:17.789,active,15301,736,10648,16785,-7,95,61.1,57.0,No,2400,2400,0,5427,125
17:09:18.789,active,15299,772,11844,16785,-4,95,62.2,56.2,No,2400,2400,0,5432,125
17:09:19.793,active,15301,670,10282,16786,-4,95,62.2,57.7,No,2400,2400,0,5423,125
17:09:20.793,active,15296,704,10802,16786,0,95,62.2,57.8,No,2400,2400,0,5429,125
17:09:21.789,active,15307,678,10378,16787,0,95,62.8,59.1,No,2400,2400,0,5437,125
17:09:22.790,active,15301,672,10064,16787,0,95,62.8,58.5,No,2400,2400,0,5458,125
17:09:23.796,active,15305,722,11072,16785,-3,95,61.7,56.3,No,2400,2400,0,5445,125
17:09:24.789,active,15301,824,10514,16785,-8,95,61.7,58.6,No,2400,2400,0,5443,125
17:09:25.793,active,15303,756,11594,16785,-6,95,62.2,58.9,No,2400,2400,0,5448,125
17:09:26.793,active,15262,828,12694,16786,-3,95,63.9,58.4,No,2400,2400,0,5458,125
17:09:27.789,active,15258,934,14294,16786,-3,95,62.8,55.4,No,2400,2400,0,5465,125
17:09:28.789,active,15225,970,14834,16788,0,95,61.7,51.1,No,2400,2400,0,5469,125
17:09:29.789,active,15256,882,10924,16786,0,95,62.2,51.5,No,2400,2400,0,5472,125
17:09:30.794,active,15247,960,14700,16785,-5,95,61.7,51.3,No,2400,2400,0,5478,125
17:09:31.789,active,15264,938,11440,16785,-6,95,60.6,51.7,No,2400,2400,0,5477,125
17:09:32.791,active,15251,784,11998,16786,-5,95,62.2,58.3,No,2400,2400,0,5482,125
17:09:33.789,active,15273,788,11014,16785,-4,95,62.8,58.6,No,2400,2400,0,5477,125
17:09:34.789,active,15301,1010,15472,16786,0,95,62.8,58.1,No,2400,2400,0,5488,125
17:09:35.789,active,15303,532,8160,16785,-3,95,62.8,56.8,No,2400,2400,0,5485,125
17:09:36.796,active,15346,490,7022,16785,0,95,61.7,59.0,No,2400,2400,0,5482,125
17:09:37.792,active,15301,492,7580,16786,0,95,62.2,59.0,No,2400,2400,0,5486,125
17:09:38.789,active,15344,436,6596,16784,-7,95,62.2,59.0,No,2400,2400,0,5483,125
17:09:39.789,active,15314,530,8140,16785,-7,95,62.8,59.5,No,2400,2400,0,5497,125
17:09:40.792,active,15322,528,9954,16785,0,95,62.8,58.6,No,2400,2400,0,5498,125
17:09:41.789,active,15316,514,7890,16785,-4,95,63.4,58.4,No,2400,2400,0,5501,125
17:09:42.792,active,15314,580,8874,16785,-5,95,62.8,58.8,No,2400,2400,0,5508,125
17:09:43.793,active,15305,518,7948,16787,0,95,62.8,58.2,No,2400,2400,0,5505,125
17:09:44.792,active,15299,722,11072,16787,-3,95,62.2,59.7,No,2400,2400,0,5510,125
17:09:45.789,active,15307,734,10764,16786,0,95,62.8,59.7,No,2400,2400,0,5506,125
17:09:46.789,active,15292,736,11266,16785,0,95,63.4,59.3,No,2400,2400,0,5504,125
17:09:47.792,active,15305,686,10860,16786,0,95,62.8,59.1,No,2400,2400,0,5498,125
17:09:48.789,active,15296,708,10880,16785,0,95,63.4,56.9,No,2400,2400,0,5510,125
17:09:49.791,active,15301,710,10898,16786,0,95,62.8,54.3,No,2400,2400,0,5510,125
17:09:50.793,active,15299,762,11670,16786,-3,95,61.1,54.8,No,2400,2400,0,5514,125
17:09:51.794,active,15294,532,8198,16787,0,95,62.2,56.9,No,2400,2400,0,5517,125
17:09:52.789,active,15299,738,11304,16786,0,95,62.2,55.1,No,2400,2400,0,5522,125
17:09:53.789,active,15258,900,13754,16786,0,95,61.7,52.4,No,2400,2400,0,5516,125
17:09:54.789,active,15251,916,13696,16786,0,95,62.2,54.0,No,2400,2400,0,5521,125
17:09:55.789,active,15281,784,12018,16786,0,95,62.8,56.2,No,2400,2400,0,5520,125
17:09:56.791,active,15249,968,14816,16786,0,95,62.2,55.0,No,2400,2400,0,5512,125
17:09:57.793,active,15260,1040,15914,16786,0,95,62.2,55.4,No,2400,2400,0,5510,125
17:09:58.789,active,15256,966,14776,16786,0,95,62.8,55.0,No,2400,2400,0,5519,125
17:09:59.789,active,15275,952,14564,16787,4,95,62.2,53.6,No,2400,2400,0,5524,125
17:10:00.790,active,15277,854,13060,16786,0,95,63.4,57.0,No,2400,2400,0,5522,125
17:10:01.793,active,15277,896,11208,16787,3,95,63.4,53.4,No,2400,2400,0,5528,125
17:10:02.789,active,15316,500,7678,16787,0,95,63.9,55.3,No,2400,2400,0,5526,125
17:10:03.789,sleep,15292,438,6712,16789,0,95,59.5,20.0,No,2400,2400,0,5565,125
17:10:04.789,sleep,15296,504,7736,16789,12,95,58.4,0.0,No,2400,2400,0,5575,125
17:10:05.789,sleep,15296,498,7658,16788,11,95,57.3,0.0,No,2400,2400,0,5581,125
17:10:06.789,sleep,15290,508,7792,16789,13,95,56.8,0.3,No,2400,2400,0,5576,125
17:10:07.789,sleep,15299,532,8160,16788,11,95,56.2,0.0,No,2400,2400,0,5579,125
17:10:08.789,sleep,15288,432,5748,16790,13,95,55.1,0.0,No,1500,2400,0,5583,125
17:10:09.789,sleep,15288,492,7542,16789,17,95,54.5,0.5,No,1500,2400,0,5588,125
17:10:10.789,sleep,15296,494,8198,16790,18,95,54.0,0.0,No,1500,2400,0,4194,75
17:10:11.789,sleep,15292,468,7156,16790,20,95,54.0,0.0,No,1500,2400,0,3554,75
17:10:12.789,sleep,15288,392,5998,16790,19,95,53.5,0.3,No,1500,2400,0,3445,75
17:10:13.789,sleep,15294,486,7446,16790,17,95,52.4,0.0,No,1500,2400,0,3438,75
17:10:14.789,sleep,15294,448,6866,16790,17,95,52.9,0.0,No,1500,2400,0,3425,75
17:10:15.789,sleep,15299,604,6444,16790,18,95,52.9,0.3,No,1500,2400,0,3411,75
17:10:16.789,sleep,15292,356,5478,16790,15,95,52.4,0.3,No,1500,2400,0,3407,75
17:10:17.789,sleep,15299,508,4630,16790,16,95,51.8,0.0,No,1500,2400,0,3398,75
17:10:18.793,active,15294,692,10610,16788,6,95,55.1,40.7,No,2400,2400,0,3376,75
17:10:19.789,active,15292,782,7118,16788,0,95,56.8,52.8,No,2400,2400,0,3357,75
17:10:20.793,active,15301,756,11612,16786,-3,95,59.0,58.1,No,2400,2400,0,3344,75
17:10:21.793,active,15266,930,14236,16787,-3,95,58.4,57.0,No,2400,2400,0,3318,75
17:10:22.789,active,15258,784,13022,16786,-5,95,59.5,57.7,No,2400,2400,0,3299,75
17:10:23.789,active,15264,826,12636,16786,-3,95,60.0,57.6,No,2400,2400,0,3302,75
17:10:24.793,active,15271,704,13870,16787,0,95,60.0,58.5,No,2400,2400,0,3313,75
17:10:25.791,active,15260,744,11420,16787,-3,95,59.5,51.9,No,2400,2400,0,3884,125
17:10:26.789,active,15279,794,11940,16786,0,95,59.5,52.0,No,2400,2400,0,5325,125
17:10:27.791,active,15288,638,9780,16785,-4,95,61.1,59.6,No,2400,2400,0,5426,125
17:10:28.793,active,15275,822,12326,16787,0,95,62.2,59.1,No,2400,2400,0,5438,125
17:10:29.789,active,15348,510,8082,16787,0,95,61.1,57.6,No,2400,2400,0,5437,125
17:10:30.789,active,15301,526,8082,16787,0,95,60.0,57.8,No,2400,2400,0,5414,125
17:10:31.790,active,15303,694,7928,16786,-5,95,62.2,59.2,No,2400,2400,0,5423,125
17:10:32.792,active,15316,504,7754,16787,-4,95,61.1,57.1,No,2400,2400,0,5425,125
17:10:33.789,active,15337,452,8024,16786,-4,95,61.1,57.5,No,2400,2400,0,5430,125
17:10:34.789,active,15316,498,7658,16785,-7,95,62.2,57.3,No,2400,2400,0,5439,125
17:10:35.793,active,15344,522,9028,16785,-5,95,62.2,58.2,No,2400,2400,0,5439,125
17:10:36.789,active,15309,514,7890,16786,0,95,62.2,56.8,No,2400,2400,0,5445,125
17:10:37.789,active,15324,708,10842,16786,-3,95,63.4,58.5,No,2400,2400,0,5467,125
17:10:38.793,active,15311,386,5922,16787,0,95,61.7,57.9,No,2400,2400,0,5454,125
17:10:39.790,active,15303,750,11516,16786,0,95,61.7,59.1,No,2400,2400,0,5452,125
17:10:40.789,active,15307,956,12366,16786,0,95,61.7,58.6,No,2400,2400,0,5463,125
17:10:41.789,active,15301,750,11498,16787,0,95,61.7,59.5,No,2400,2400,0,5465,125
17:10:42.792,active,15299,698,10706,16788,0,95,62.8,54.7,No,2400,2400,0,5475,125
17:10:43.793,active,15299,740,11342,16787,0,95,61.1,54.3,No,2400,2400,0,5475,125
17:10:44.789,active,15296,530,8120,16787,0,95,61.7,54.0,No,2400,2400,0,5475,125
17:10:45.793,active,15294,708,7532,16786,0,95,62.2,54.2,No,2400,2400,0,5483,125
17:10:46.792,active,15294,540,8314,16787,0,95,61.1,54.2,No,2400,2400,0,5479,125
17:10:47.789,active,15296,678,7176,16786,0,95,61.7,55.4,No,2400,2400,0,5491,125
17:10:48.793,active,15264,748,11440,16786,-3,95,62.8,59.3,No,2400,2400,0,5483,125
17:10:49.793,active,15266,972,14892,16788,-3,95,62.8,59.2,No,2400,2400,0,5490,125
17:10:50.789,active,15283,742,11382,16787,-3,95,63.4,58.9,No,2400,2400,0,5492,125
17:10:51.789,active,15273,848,12982,16786,-5,95,61.1,56.4,No,2400,2400,0,5497,125
17:10:52.790,active,15266,930,14256,16786,0,95,62.2,54.3,No,2400,2400,0,5494,125
17:10:53.789,active,15251,650,9972,16786,0,95,61.7,55.3,No,2400,2400,0,5491,125
17:10:54.789,active,15273,966,11744,16785,0,95,61.7,58.9,No,2400,2400,0,5501,125
17:10:55.789,active,15260,692,10628,16786,-3,95,62.2,55.2,No,2400,2400,0,5505,125
17:10:56.793,active,15303,740,11478,16786,0,95,62.2,52.8,No,2400,2400,0,5505,125
17:10:57.793,active,15318,530,8140,16787,0,95,62.2,51.3,No,2400,2400,0,5507,125
17:10:58.789,active,15314,526,8064,16786,0,95,62.2,51.3,No,2400,2400,0,5508,125
17:10:59.798,active,15314,494,7580,16787,0,95,61.7,51.6,No,2400,2400,0,5504,125
17:11:00.789,active,15311,544,8352,16787,0,95,62.2,54.5,No,2400,2400,0,5512,125
17:11:01.789,active,15322,464,7138,16785,-4,95,62.2,56.4,No,2400,2400,0,5511,125
17:11:02.792,active,15316,486,7466,16786,0,95,62.8,53.9,No,2400,2400,0,5509,125
17:11:03.789,active,15307,474,7272,16785,0,95,62.2,52.3,No,2400,2400,0,5521,125
17:11:04.793,active,15314,476,7310,16785,0,95,62.2,50.9,No,2400,2400,0,5520,125
17:11:05.789,active,15299,546,8372,16786,-4,95,62.2,52.1,No,2400,2400,0,5521,125
17:11:06.794,active,15303,748,7562,16786,0,95,61.1,51.3,No,2400,2400,0,5521,125
17:11:07.789,active,15309,762,10108,16787,0,95,62.2,51.5,No,2400,2400,0,5525,125
17:11:08.789,active,15309,686,10552,16786,3,95,61.7,52.2,No,2400,2400,0,5526,125
17:11:09.789,active,15299,692,10610,16786,0,95,61.1,52.2,No,2400,2400,0,5521,125
17:11:10.789,active,15299,728,11170,16786,0,95,62.2,51.5,No,2400,2400,0,5525,125
17:11:11.789,active,15292,738,11304,16786,0,95,62.2,52.8,No,2400,2400,0,5519,125
17:11:12.790,active,15299,728,11150,16787,0,95,62.8,54.2,No,2400,2400,0,5526,125
17:11:13.793,active,15294,688,10552,16787,0,95,61.7,51.5,No,2400,2400,0,5530,125
17:11:14.789,active,15296,746,11440,16786,0,95,62.2,54.0,No,2400,2400,0,5524,125
17:11:15.789,active,15251,724,11054,16786,0,95,61.7,52.8,No,2400,2400,0,5528,125
17:11:16.789,active,15251,806,14276,16785,-3,95,63.9,55.0,No,2400,2400,0,5527,125
17:11:17.793,active,15247,834,12752,16787,0,95,64.5,54.9,No,2400,2400,0,5530,125
17:11:18.789,sleep,15296,438,6712,16788,5,95,59.0,23.7,No,2400,2400,0,5562,125
17:11:19.789,sleep,15286,492,7542,16790,14,95,57.9,0.0,No,2400,2400,0,5573,125
17:11:20.789,sleep,15292,458,7022,16790,11,95,55.6,0.3,No,2400,2400,0,5573,125
17:11:21.789,sleep,15294,456,8262,16788,10,95,56.2,0.0,No,2400,2400,0,5569,125
17:11:22.789,sleep,15286,510,7812,16789,12,95,56.2,0.0,No,2400,2400,0,5566,125
17:11:23.789,sleep,15290,388,6500,16788,10,95,55.1,0.5,No,1500,2400,0,5577,125
17:11:24.789,sleep,15292,396,8024,16788,10,95,54.0,0.3,No,1500,2400,0,5583,125
17:11:25.789,sleep,15292,322,4958,16790,12,95,54.0,0.0,No,1500,2400,0,3895,75
17:11:26.789,sleep,15296,516,7928,16790,14,95,53.5,0.0,No,1500,2400,0,3500,75
17:11:27.789,sleep,15292,516,7908,16789,11,95,52.9,0.5,No,1500,2400,0,3441,75
17:11:28.789,sleep,15296,498,8662,16789,14,95,52.9,0.0,No,1500,2400,0,3428,75
17:11:29.789,sleep,15296,480,7350,16789,13,95,52.4,0.3,No,1500,2400,0,3416,75
17:11:30.789,sleep,15303,450,7080,16789,12,95,51.8,0.2,No,1500,2400,0,3405,75
17:11:31.789,sleep,15292,282,4340,16790,15,95,52.4,0.3,No,1500,2400,0,3393,75
17:11:32.789,sleep,15299,574,7272,16790,15,95,51.8,0.0,No,1500,2400,0,3384,75
17:11:33.793,active,15314,460,7060,16786,0,95,55.6,38.8,No,2400,2400,0,3363,75
17:11:34.794,active,15303,718,11014,16786,-4,95,55.6,53.3,No,2400,2400,0,3348,75
17:11:35.789,active,15299,700,10214,16786,-3,95,56.8,51.7,No,2400,2400,0,3338,75
17:11:36.789,active,15296,732,11246,16787,-4,95,58.4,51.9,No,2400,2400,0,3338,75
17:11:37.793,active,15305,754,9722,16787,-5,95,59.0,54.1,No,2400,2400,0,3333,75
17:11:38.789,active,15303,744,11420,16786,-7,95,58.4,57.3,No,2400,2400,0,3306,75
17:11:39.789,active,15305,704,9664,16786,-8,95,60.6,58.5,No,2400,2400,0,3306,75
17:11:40.793,active,15303,662,10146,16785,-7,95,59.5,60.3,No,2400,2400,0,4634,125
17:11:41.789,active,15305,720,10244,16784,-7,95,60.6,57.3,No,2400,2400,0,5379,125
17:11:42.789,active,15305,710,10898,16785,-7,95,60.0,59.6,No,2400,2400,0,5427,125
17:11:43.791,active,15275,756,11594,16785,0,95,61.1,59.3,No,2400,2400,0,5438,125
17:11:44.792,active,15268,738,14356,16785,-6,95,61.7,59.5,No,2400,2400,0,5428,125
17:11:45.789,active,15256,732,11208,16786,-6,95,62.8,58.4,No,2400,2400,0,5431,125
17:11:46.793,active,15279,812,14044,16786,-4,95,61.7,58.2,No,2400,2400,0,5431,125
17:11:47.793,active,15266,922,14120,16785,-4,95,61.7,59.3,No,2400,2400,0,5438,125
17:11:48.789,active,15281,778,13716,16785,-4,95,61.1,58.5,No,2400,2400,0,5437,125
17:11:49.789,active,15268,944,14448,16785,-7,95,61.1,58.3,No,2400,2400,0,5441,125
17:11:50.793,active,15281,788,14718,16787,-4,95,61.7,58.9,No,2400,2400,0,5439,125
17:11:51.789,active,15305,668,10262,16785,-3,95,61.7,54.8,No,2400,2400,0,5452,125
17:11:52.789,active,15346,502,7716,16786,-4,95,61.7,54.1,No,2400,2400,0,5457,125
17:11:53.790,active,15318,498,7658,16786,0,95,61.7,54.4,No,2400,2400,0,5466,125
17:11:54.793,active,15337,474,7272,16786,-3,95,61.1,54.1,No,2400,2400,0,5461,125
17:11:55.789,active,15316,468,7522,16786,-3,95,60.6,53.9,No,2400,2400,0,5460,125
17:11:56.789,active,15331,586,8990,16786,-4,95,62.2,55.8,No,2400,2400,0,5466,125
17:11:57.789,active,15320,450,7252,16786,0,95,61.7,55.8,No,2400,2400,0,5481,125
17:11:58.789,active,15307,504,7736,16785,-3,95,62.2,57.7,No,2400,2400,0,5476,125
17:11:59.789,active,15309,534,8622,16786,-3,95,61.7,51.3,No,2400,2400,0,5483,125
17:12:00.790,active,15299,500,7678,16786,0,95,61.1,51.4,No,2400,2400,0,5485,125
17:12:01.793,active,15309,404,10686,16786,0,95,60.6,51.0,No,2400,2400,0,5489,125
17:12:02.789,active,15301,770,11550,16786,0,95,61.1,51.4,No,2400,2400,0,5491,125
17:12:03.789,active,15296,770,11786,16786,0,95,61.1,52.0,No,2400,2400,0,5493,125
17:12:04.789,active,15296,768,11188,16786,0,95,62.2,52.6,No,2400,2400,0,5497,125
17:12:05.789,active,15299,666,10204,16788,5,95,62.2,52.4,No,2400,2400,0,5499,125
17:12:06.789,active,15316,772,11034,16787,3,95,62.2,56.3,No,2400,2400,0,5492,125
17:12:07.790,active,15301,722,11072,16788,0,95,63.4,52.6,No,2400,2400,0,5496,125
17:12:08.793,active,15301,738,10590,16786,0,95,62.2,55.2,No,2400,2400,0,5498,125
17:12:09.789,active,15294,674,10358,16785,-5,95,62.2,53.0,No,2400,2400,0,5510,125
17:12:10.789,active,15292,762,7484,16785,-4,95,62.2,54.5,No,2400,2400,0,5496,125
17:12:11.790,active,15241,728,11130,16785,-6,95,62.8,53.1,No,2400,2400,0,5502,125
17:12:12.789,active,15268,724,11072,16785,-5,95,62.8,53.2,No,2400,2400,0,5507,125
17:12:13.789,active,15256,868,13292,16787,0,95,62.2,52.8,No,2400,2400,0,5511,125
17:12:14.790,active,15266,932,14256,16787,0,95,62.8,54.1,No,2400,2400,0,5511,125
17:12:15.793,active,15262,938,11226,16786,0,95,61.7,55.5,No,2400,2400,0,5511,125
17:12:16.789,active,15243,860,13156,16785,0,95,61.1,53.5,No,2400,2400,0,5512,125
17:12:17.789,active,15251,962,10822,16786,0,95,61.7,54.2,No,2400,2400,0,5509,125
17:12:18.789,active,15303,732,11226,16785,-4,95,62.8,52.2,No,2400,2400,0,5513,125
17:12:19.790,active,15262,976,11516,16786,-4,95,62.8,51.6,No,2400,2400,0,5525,125
17:12:20.789,active,15326,482,7408,16786,0,95,62.8,51.5,No,2400,2400,0,5523,125
17:12:21.793,active,15341,438,6712,16786,0,95,62.8,51.6,No,2400,2400,0,5526,125
17:12:22.794,active,15357,462,7310,16786,0,95,62.2,56.4,No,2400,2400,0,5512,125
17:12:23.789,active,15344,516,7908,16785,-5,95,62.2,56.3,No,2400,2400,0,5522,125
17:12:24.789,active,15350,572,7466,16787,0,95,63.4,58.5,No,2400,2400,0,5527,125
17:12:25.789,active,15316,528,8102,16786,-3,95,63.4,56.3,No,2400,2400,0,5530,125
17:12:26.789,active,15309,546,8178,16787,-4,95,63.4,53.3,No,2400,2400,0,5528,125
17:12:27.789,active,15305,556,8526,16786,0,95,62.8,52.1,No,2400,2400,0,5522,125
17:12:28.792,active,15314,766,10474,16786,0,95,62.2,52.0,No,2400,2400,0,5525,125
17:12:29.797,active,15311,532,8160,16786,0,95,62.8,57.4,No,2400,2400,0,5524,125
17:12:30.789,active,15303,772,11824,16786,0,95,62.8,58.5,No,2400,2400,0,5527,125
17:12:31.793,active,15277,938,11554,16786,-3,95,63.4,59.1,No,2400,2400,0,5525,125
17:12:32.789,active,15303,770,11806,16786,-5,95,62.8,58.5,No,2400,2400,0,5528,125
17:12:33.789,sleep,15292,512,6654,16787,4,95,60.0,27.4,No,2400,2400,0,5558,125
17:12:34.789,sleep,15292,456,7002,16788,12,95,58.4,0.3,No,2400,2400,0,5576,125
17:12:35.789,sleep,15283,486,7194,16788,11,95,57.3,0.0,No,2400,2400,0,5582,125
17:12:36.789,sleep,15294,518,7948,16789,11,95,56.2,0.0,No,2400,2400,0,5583,125
17:12:37.789,sleep,15292,502,7696,16790,12,95,56.8,0.3,No,2400,2400,0,5582,125
17:12:38.789,sleep,15292,400,6866,16789,12,95,55.1,0.0,No,1500,2400,0,5589,125
17:12:39.789,sleep,15301,382,5864,16789,14,95,54.5,0.3,No,1500,2400,0,5385,75
17:12:40.789,sleep,15292,308,4842,16789,17,95,54.0,0.0,No,1500,2400,0,3723,75
17:12:41.789,sleep,15290,496,7600,16790,14,95,52.9,0.3,No,1500,2400,0,3473,75
17:12:42.789,sleep,15292,398,5690,16790,16,95,53.5,0.3,No,1500,2400,0,3439,75
17:12:43.789,sleep,15292,544,8352,16790,18,95,52.9,0.0,No,1500,2400,0,3419,75
17:12:44.789,sleep,15288,352,8468,16790,15,95,51.8,0.0,No,1500,2400,0,3403,75
17:12:45.789,sleep,15290,512,7850,16789,15,95,52.4,0.3,No,1500,2400,0,3415,75
17:12:46.789,sleep,15288,422,8294,16789,15,95,51.8,0.3,No,1500,2400,0,3413,75
17:12:47.789,sleep,15301,412,4516,16789,10,95,51.8,0.0,No,1500,2400,0,3396,75
17:12:48.793,active,15299,446,6866,16787,0,95,55.6,37.4,No,2400,2400,0,3378,75
17:12:49.793,active,15307,492,6288,16787,-6,95,56.8,59.1,No,2400,2400,0,3353,75
17:12:50.790,active,15301,464,7138,16786,-6,95,56.8,59.7,No,2400,2400,0,3340,75
17:12:51.789,active,15359,480,6770,16786,-9,95,59.0,58.8,No,2400,2400,0,3331,75
17:12:52.793,active,15309,434,6654,16785,-11,95,59.5,59.1,No,2400,2400,0,3320,75
17:12:53.793,active,15339,514,8006,16786,-4,95,60.0,59.2,No,2400,2400,0,3318,75
17:12:54.789,active,15311,494,7580,16786,-3,95,60.6,58.6,No,2400,2400,0,3315,75
17:12:55.789,active,15303,604,9278,16787,-3,95,60.0,59.5,No,2400,2400,0,3305,75
17:12:56.793,active,15324,506,7792,16785,-6,95,60.6,58.2,No,2400,2400,0,3296,75
17:12:57.790,active,15307,738,11324,16785,-10,95,60.6,59.2,No,2400,2400,0,4952,125
17:12:58.789,active,15307,674,11150,16784,-9,95,60.0,58.2,No,2400,2400,0,5393,125
17:12:59.789,active,15296,728,11170,16786,-7,95,60.6,55.2,No,2400,2400,0,5420,125
17:13:00.789,active,15294,704,10572,16786,-7,95,61.1,54.3,No,2400,2400,0,5430,125
17:13:01.789,active,15296,762,11670,16785,-4,95,61.1,54.4,No,2400,2400,0,5422,125
17:13:02.793,active,15301,728,11284,16784,-10,95,61.1,58.4,No,2400,2400,0,5429,125
17:13:03.790,active,15294,724,11112,16784,-14,95,61.1,52.6,No,2400,2400,0,5429,125
17:13:04.789,active,15296,742,11400,16784,-10,95,60.6,51.7,No,2400,2400,0,5428,125
17:13:05.789,active,15296,690,10590,16785,-3,95,61.1,54.0,No,2400,2400,0,5424,125
17:13:06.792,active,15258,708,10822,16786,-3,95,61.7,53.4,No,2400,2400,0,5431,125
17:13:07.793,active,15247,830,14758,16786,-6,95,62.2,52.5,No,2400,2400,0,5430,125
17:13:08.789,active,15253,1016,15530,16786,-8,95,62.2,51.7,No,2400,2400,0,5435,125
17:13:09.789,active,15245,830,14062,16786,0,95,61.7,51.9,No,2400,2400,0,5445,125
17:13:10.790,active,15251,926,14140,16785,-5,95,60.6,52.2,No,2400,2400,0,5454,125
17:13:11.789,active,15266,970,12636,16786,0,95,61.7,54.8,No,2400,2400,0,5473,125
17:13:12.789,active,15264,972,14874,16787,-3,95,61.1,53.2,No,2400,2400,0,5463,125
17:13:13.792,active,15256,786,12056,16786,-8,95,62.2,53.2,No,2400,2400,0,5461,125
17:13:14.793,active,15264,928,14218,16785,-4,95,62.2,53.1,No,2400,2400,0,5461,125
17:13:15.789,active,15301,656,10070,16785,0,95,61.7,54.4,No,2400,2400,0,5464,125
17:13:16.790,active,15346,450,7484,16785,-6,95,62.2,54.5,No,2400,2400,0,5470,125
17:13:17.790,active,15322,498,7658,16785,-4,95,61.1,52.7,No,2400,2400,0,5475,125
17:13:18.789,active,15335,520,8006,16785,-3,95,61.1,53.6,No,2400,2400,0,5475,125
17:13:19.789,active,15311,518,7966,16786,0,95,61.1,54.5,No,2400,2400,0,5476,125
17:13:20.790,active,15326,508,7812,16786,0,95,61.7,52.0,No,2400,2400,0,5488,125
17:13:21.793,active,15309,504,7736,16786,0,95,62.8,51.7,No,2400,2400,0,5488,125
17:13:22.789,active,15322,450,6906,16785,0,95,62.2,51.2,No,2400,2400,0,5488,125
17:13:23.789,active,15305,468,9298,16786,0,95,60.6,51.8,No,2400,2400,0,5490,125
17:13:24.794,active,15301,764,11728,16785,-3,95,61.1,51.5,No,2400,2400,0,5491,125
17:13:25.789,active,15303,772,11824,16785,-4,95,60.0,52.3,No,2400,2400,0,5496,125
17:13:26.789,active,15296,742,11382,16786,-3,95,61.7,53.0,No,2400,2400,0,5498,125
17:13:27.790,active,15296,718,11014,16786,0,95,62.2,53.3,No,2400,2400,0,5496,125
17:13:28.793,active,15296,766,11768,16787,3,95,62.2,52.0,No,2400,2400,0,5502,125
17:13:29.789,active,15301,752,11536,16787,0,95,62.2,51.8,No,2400,2400,0,5499,125
17:13:30.789,active,15299,678,10378,16786,0,95,62.2,52.6,No,2400,2400,0,5508,125
17:13:31.790,active,15301,740,11362,16786,0,95,60.6,52.4,No,2400,2400,0,5523,125
17:13:32.789,active,15301,690,8030,16786,0,95,62.2,52.9,No,2400,2400,0,5517,125
17:13:33.789,active,15236,924,14120,16786,0,95,62.2,52.5,No,2400,2400,0,5509,125
17:13:34.791,active,15258,1008,13484,16786,0,95,62.8,51.8,No,2400,2400,0,5514,125
17:13:35.791,active,15271,770,11768,16785,-7,95,62.8,55.3,No,2400,2400,0,5523,125
17:13:36.789,active,15245,950,14526,16785,-6,95,61.7,53.7,No,2400,2400,0,5491,125
17:13:37.790,active,15249,792,12114,16785,-6,95,60.6,51.1,No,2400,2400,0,5521,125
17:13:38.789,active,15268,876,13406,16784,-6,95,61.1,51.7,No,2400,2400,0,5517,125
17:13:39.789,active,15253,766,11710,16785,-5,95,61.7,59.2,No,2400,2400,0,5513,125
17:13:40.791,active,15264,788,12076,16786,-8,95,62.8,58.6,No,2400,2400,0,5512,125
17:13:41.789,active,15283,770,13322,16786,-3,95,63.4,57.6,No,2400,2400,0,5519,125
17:13:42.791,active,15262,764,11690,16786,-5,95,62.8,58.3,No,2400,2400,0,5516,125
17:13:43.792,active,15303,484,7426,16785,-3,95,63.4,60.1,No,2400,2400,0,5513,125
17:13:44.793,active,15301,578,8854,16784,-5,95,62.8,58.4,No,2400,2400,0,5516,125
17:13:45.790,active,15292,472,7252,16784,0,95,61.7,56.9,No,2400,2400,0,5518,125
17:13:46.789,active,15316,506,7754,16785,0,95,62.8,57.1,No,2400,2400,0,5521,125
17:13:47.789,active,15329,522,8006,16786,0,95,62.8,52.4,No,2400,2400,0,5526,125
17:13:48.789,sleep,15296,458,7022,16788,6,95,59.0,27.9,No,2400,2400,0,5545,125
17:13:49.789,sleep,15299,502,7678,16788,13,95,57.9,0.3,No,2400,2400,0,5564,125
17:13:50.789,sleep,15288,514,7890,16788,11,95,57.3,0.0,No,2400,2400,0,5569,125
17:13:51.789,sleep,15296,490,7522,16788,11,95,57.3,0.0,No,2400,2400,0,5579,125
17:13:52.789,sleep,15299,534,7504,16788,13,95,55.6,0.0,No,2400,2400,0,5565,125
17:13:53.789,sleep,15296,544,8352,16788,10,95,55.6,0.2,No,1500,2400,0,5583,125
17:13:54.789,sleep,15296,312,8488,16789,11,95,54.0,0.3,No,1500,2400,0,4646,75
17:13:55.789,sleep,15292,462,7080,16789,16,95,54.0,0.0,No,1500,2400,0,3608,75
17:13:56.789,sleep,15294,706,9144,16789,18,95,53.5,0.0,No,1500,2400,0,3453,75
17:13:57.789,sleep,15290,312,4802,16789,13,95,52.9,0.3,No,1500,2400,0,3429,75
17:13:58.789,sleep,15292,260,7408,16789,12,95,52.9,0.0,No,1500,2400,0,3421,75
17:13:59.789,sleep,15294,374,5728,16790,12,95,52.9,0.3,No,1500,2400,0,3407,75
17:14:00.789,sleep,15290,728,8738,16789,11,95,52.9,0.0,No,1500,2400,0,3410,75
17:14:01.789,sleep,15296,246,8102,16789,11,95,51.8,0.0,No,1500,2400,0,3409,75
17:14:02.789,sleep,15294,184,2816,16789,9,95,52.4,0.3,No,1500,2400,0,3405,75
17:14:03.792,active,15303,680,11768,16788,7,95,55.6,33.5,No,2400,2400,0,3368,75
17:14:04.793,active,15299,756,11574,16785,-10,95,56.8,55.8,No,2400,2400,0,3334,75
17:14:05.790,active,15251,820,14410,16784,-10,95,57.3,55.1,No,2400,2400,0,3319,75
17:14:06.789,active,15307,930,14236,16784,-9,95,58.4,54.9,No,2400,2400,0,3317,75
17:14:07.789,active,15236,802,12886,16786,-8,95,58.4,60.3,No,2400,2400,0,3326,75
17:14:08.791,active,15258,876,13388,16786,-5,95,59.5,53.2,No,2400,2400,0,3338,125
17:14:09.789,active,15256,770,11342,16786,-5,95,59.5,51.5,No,2400,2400,0,5247,125
17:14:10.789,active,15352,494,7600,16787,-5,95,60.0,51.3,No,2400,2400,0,5435,125
17:14:11.793,active,15294,542,8314,16786,-8,95,60.0,51.5,No,2400,2400,0,5449,125
17:14:12.794,active,15344,510,8106,16786,-5,95,59.5,51.5,No,2400,2400,0,5451,125
17:14:13.789,active,15296,540,8294,16785,-3,95,61.1,51.4,No,2400,2400,0,5443,125
17:14:14.789,active,15344,542,7774,16786,0,95,60.6,52.2,No,2400,2400,0,5436,125
17:14:15.789,active,15350,468,7176,16786,-4,95,60.6,52.3,No,2400,2400,0,5445,125
17:14:16.789,active,15339,490,8584,16785,-8,95,60.6,51.4,No,2400,2400,0,5440,125
17:14:17.789,active,15320,454,6982,16785,-12,95,60.6,51.3,No,2400,2400,0,5447,125
17:14:18.790,active,15344,476,8604,16785,-6,95,60.6,52.3,No,2400,2400,0,5444,125
17:14:19.789,active,15309,472,7252,16784,-8,95,60.6,52.7,No,2400,2400,0,5443,125
17:14:20.789,active,15275,728,11170,16785,-9,95,59.5,53.2,No,2400,2400,0,5449,125
17:14:21.789,active,15301,754,11420,16786,-6,95,60.6,54.2,No,2400,2400,0,5450,125
17:14:22.789,active,15311,704,10802,16785,-7,95,61.7,53.6,No,2400,2400,0,5454,125
17:14:23.789,active,15305,774,10456,16785,-5,95,61.7,51.4,No,2400,2400,0,5460,125
17:14:24.789,active,15303,698,10706,16784,-5,95,61.1,51.5,No,2400,2400,0,5471,125
17:14:25.790,active,15303,696,10610,16784,-7,95,60.6,53.5,No,2400,2400,0,5468,125
17:14:26.790,active,15296,686,10514,16783,-8,95,61.1,53.8,No,2400,2400,0,5469,125
17:14:27.789,active,15299,746,10822,16786,-9,95,61.1,55.4,No,2400,2400,0,5471,125
17:14:28.789,active,15301,730,11188,16785,-9,95,60.6,52.3,No,2400,2400,0,5479,125
17:14:29.789,active,15309,568,8700,16785,-10,95,60.0,52.5,No,2400,2400,0,5480,125
17:14:30.789,active,15309,568,12790,16785,-6,95,61.7,51.4,No,2400,2400,0,5489,125
17:14:31.789,active,15307,794,12114,16784,-8,95,61.7,51.7,No,2400,2400,0,5491,125
17:14:32.793,active,15299,690,13464,16784,-5,95,60.6,51.5,No,2400,2400,0,5492,125
17:14:33.790,active,15268,726,11112,16784,-9,95,59.5,55.9,No,2400,2400,0,5494,125
17:14:34.789,active,15258,678,11266,16785,-10,95,61.7,57.9,No,2400,2400,0,5498,125
17:14:35.789,active,15268,784,11998,16786,-3,95,62.2,58.1,No,2400,2400,0,5495,125
17:14:36.789,active,15262,714,13060,16785,-6,95,62.2,56.2,No,2400,2400,0,5499,125
17:14:37.789,active,15275,752,11516,16785,-5,95,62.8,55.8,No,2400,2400,0,5500,125
17:14:38.791,active,15299,608,9318,16785,-3,95,62.8,57.6,No,2400,2400,0,5495,125
17:14:39.793,active,15296,720,7504,16784,-6,95,62.2,57.4,No,2400,2400,0,5504,125
17:14:40.790,active,15296,726,11130,16785,0,95,61.7,58.2,No,2400,2400,0,5509,125
17:14:41.789,active,15299,728,7600,16786,-3,95,62.2,58.0,No,2400,2400,0,5503,125
17:14:42.792,active,15299,718,11014,16785,-4,95,61.7,58.2,No,2400,2400,0,5509,125
17:14:43.793,active,15303,746,7388,16786,0,95,62.8,59.0,No,2400,2400,0,5510,125
17:14:44.789,active,15299,650,9992,16785,0,95,63.4,58.5,No,2400,2400,0,5502,125
17:14:45.793,active,15294,486,7484,16786,0,95,62.8,58.3,No,2400,2400,0,5504,125
17:14:46.793,active,15346,538,8256,16786,-5,95,62.8,57.7,No,2400,2400,0,5512,125
17:14:47.789,active,15277,936,14332,16784,-7,95,61.1,58.4,No,2400,2400,0,5513,125
17:14:48.789,active,15275,904,11304,16785,-4,95,62.2,58.6,No,2400,2400,0,5510,125
17:14:49.793,active,15260,980,14988,16785,-3,95,63.4,57.1,No,2400,2400,0,5522,125
17:14:50.789,active,15268,938,11922,16786,-3,95,63.4,58.0,No,2400,2400,0,5521,125
17:14:51.789,active,15316,732,11246,16785,0,95,62.8,56.8,No,2400,2400,0,5522,125
17:14:52.790,active,15301,708,11710,16785,-3,95,62.8,57.6,No,2400,2400,0,5525,125
17:14:53.793,active,15303,714,10938,16784,-3,95,62.2,57.7,No,2400,2400,0,5522,125
17:14:54.789,active,15311,766,11748,16785,-3,95,62.8,57.9,No,2400,2400,0,5524,125
17:14:55.789,active,15303,754,11574,16783,-9,95,63.4,58.1,No,2400,2400,0,5518,125
17:14:56.793,active,15309,762,11670,16785,-9,95,62.8,58.7,No,2400,2400,0,5510,125
17:14:57.789,active,15314,470,11324,16786,-6,95,63.4,59.1,No,2400,2400,0,5526,125
17:14:58.789,active,15249,616,9414,16785,-3,95,63.9,58.1,No,2400,2400,0,5524,125
17:14:59.790,active,15305,790,12732,16784,-3,95,62.8,57.8,No,2400,2400,0,5516,125
17:15:00.792,active,15264,738,11284,16783,-7,95,62.2,58.8,No,2400,2400,0,5525,125
17:15:01.789,active,15288,720,11034,16785,-5,95,62.8,59.6,No,2400,2400,0,5522,125
17:15:02.789,active,15262,750,11478,16785,-4,95,62.2,58.8,No,2400,2400,0,5530,125
17:15:03.789,sleep,15303,494,7580,16786,0,95,60.0,34.7,No,2400,2400,0,5560,125
17:15:04.789,sleep,15296,494,7580,16786,9,95,58.4,0.0,No,2400,2400,0,5581,125
17:15:05.789,sleep,15299,460,8160,16786,4,95,57.9,0.3,No,2400,2400,0,5588,125
17:15:06.789,sleep,15296,492,8236,16785,0,95,57.3,0.0,No,2400,2400,0,5574,125
17:15:07.789,sleep,15296,548,8410,16787,4,95,56.2,-0.0,No,2400,2400,0,5576,125
17:15:08.789,sleep,15294,404,7426,16787,5,95,55.6,0.0,No,1500,2400,0,5589,125
17:15:09.789,sleep,15301,380,5844,16789,12,95,54.5,0.3,No,1500,2400,0,5597,125
17:15:10.789,sleep,15296,504,6018,16788,12,95,54.5,0.3,No,1500,2400,0,5597,125
17:15:11.789,sleep,15299,550,8430,16789,13,95,52.9,0.3,No,1500,2400,0,4247,75
17:15:12.789,sleep,15290,322,4958,16788,17,95,52.9,1.7,No,1500,2400,0,3557,75
17:15:13.789,sleep,15299,482,7408,16789,15,95,53.5,0.5,No,1500,2400,0,3455,75
17:15:14.789,sleep,15290,368,4822,16790,16,95,52.4,0.0,No,1500,2400,0,3434,75
17:15:15.789,sleep,15290,282,4590,16791,16,95,52.4,0.3,No,1500,2400,0,3405,75
17:15:16.789,sleep,15292,410,6268,16791,17,95,51.8,0.0,No,1500,2400,0,3413,75
17:15:17.789,sleep,15292,292,7948,16790,15,95,53.5,0.3,No,1500,2400,0,3402,75
17:15:18.789,active,15271,636,9760,16786,9,95,55.6,28.5,No,2400,2400,0,3386,75
17:15:19.789,active,15279,728,10532,16786,-3,95,57.3,53.5,No,2400,2400,0,3363,75
17:15:20.793,active,15301,686,10532,16786,-4,95,59.0,54.1,No,2400,2400,0,3347,75
17:15:21.794,active,15301,702,11208,16787,-3,95,57.3,52.3,No,2400,2400,0,3348,75
17:15:22.789,active,15301,690,10572,16786,0,95,58.4,53.2,No,2400,2400,0,3323,75
17:15:23.789,active,15303,692,11670,16786,-3,95,59.5,54.4,No,2400,2400,0,4034,125
17:15:24.789,active,15309,530,12236,16785,0,95,60.6,53.1,No,2400,2400,0,5351,125
17:15:25.789,active,15314,672,10300,16785,-3,95,60.6,53.6,No,2400,2400,0,5461,125
17:15:26.789,active,15320,560,12480,16786,-4,95,60.0,52.7,No,2400,2400,0,5462,125
17:15:27.790,active,15309,798,12230,16786,-5,95,60.0,55.8,No,2400,2400,0,5456,125
17:15:28.790,active,15290,624,10244,16786,-5,95,60.0,54.5,No,2400,2400,0,5464,125
17:15:29.789,active,15260,730,11170,16786,0,95,61.1,54.6,No,2400,2400,0,5463,125
17:15:30.789,active,15264,598,14390,16785,0,95,60.6,52.4,No,2400,2400,0,5466,125
17:15:31.789,active,15271,740,11342,16786,3,95,61.7,52.8,No,2400,2400,0,5462,125
17:15:32.789,active,15249,782,14024,16787,0,95,62.2,52.3,No,2400,2400,0,5465,125
17:15:33.790,active,15301,674,11574,16786,0,95,61.1,55.8,No,2400,2400,0,5460,125
17:15:34.790,active,15301,676,10358,16786,0,95,61.1,54.6,No,2400,2400,0,5464,125
17:15:35.790,active,15292,708,7194,16785,0,95,61.1,55.4,No,2400,2400,0,5467,125
17:15:36.789,active,15333,456,7022,16785,-3,95,61.1,56.9,No,2400,2400,0,5471,125
17:15:37.789,active,15299,618,7948,16785,-4,95,61.7,52.9,No,2400,2400,0,5477,125
17:15:38.789,active,15352,516,7948,16786,0,95,61.7,53.2,No,2400,2400,0,5475,125
17:15:39.789,active,15292,718,7580,16785,0,95,62.2,56.5,No,2400,2400,0,5478,125
17:15:40.792,active,15346,462,7098,16786,0,95,62.2,56.7,No,2400,2400,0,5478,125
17:15:41.795,active,15346,496,7194,16785,0,95,62.8,57.9,No,2400,2400,0,5481,125
17:15:42.789,active,15266,926,11612,16786,0,95,61.1,56.5,No,2400,2400,0,5489,125
17:15:43.789,active,15305,714,10938,16786,0,95,62.2,58.5,No,2400,2400,0,5490,125
17:15:44.789,active,15275,784,14622,16787,0,95,61.7,58.5,No,2400,2400,0,5476,125
17:15:45.789,active,15286,770,11786,16787,0,95,62.8,59.1,No,2400,2400,0,5483,125
17:15:46.789,active,15271,932,11998,16786,-6,95,62.8,57.0,No,2400,2400,0,5491,125
17:15:47.790,active,15316,660,10128,16785,-3,95,63.4,57.4,No,2400,2400,0,5499,125
17:15:48.790,active,15264,762,10186,16785,0,95,62.8,57.3,No,2400,2400,0,5501,125
17:15:49.789,active,15294,708,10860,16785,0,95,62.2,58.4,No,2400,2400,0,5499,125
17:15:50.789,active,15303,786,12056,16785,-5,95,62.8,59.4,No,2400,2400,0,5505,125
17:15:51.789,active,15316,782,11980,16785,-5,95,63.4,57.1,No,2400,2400,0,5504,125
17:15:52.789,active,15258,590,9028,16785,-3,95,63.4,58.1,No,2400,2400,0,5500,125
17:15:53.790,active,15324,554,11188,16785,0,95,63.4,57.3,No,2400,2400,0,5503,125
17:15:54.792,active,15271,702,10744,16785,0,95,62.2,56.7,No,2400,2400,0,5507,125
17:15:55.792,active,15309,572,10494,16784,0,95,62.8,56.9,No,2400,2400,0,5510,125
17:15:56.789,active,15258,716,10956,16787,0,95,62.8,57.3,No,2400,2400,0,5511,125
17:15:57.791,active,15311,902,13792,16787,0,95,63.4,57.9,No,2400,2400,0,5514,125
17:15:58.789,active,15260,798,12192,16787,0,95,62.8,57.8,No,2400,2400,0,5522,125
17:15:59.789,active,15260,856,13098,16786,0,95,63.9,56.9,No,2400,2400,0,5508,125
17:16:00.792,active,15266,820,12558,16785,0,95,63.4,57.1,No,2400,2400,0,5514,125
17:16:01.790,active,15292,734,11246,16785,0,95,63.4,57.6,No,2400,2400,0,5513,125
17:16:02.789,active,15292,716,8160,16786,0,95,62.8,58.2,No,2400,2400,0,5518,125
17:16:03.789,active,15344,540,8314,16786,-7,95,62.2,58.2,No,2400,2400,0,5515,125
17:16:04.789,active,15299,454,6982,16786,-3,95,63.4,59.6,No,2400,2400,0,5518,125
17:16:05.789,active,15294,474,7292,16786,-4,95,63.4,58.3,No,2400,2400,0,5525,125
17:16:06.789,active,15305,470,7234,16784,-3,95,63.4,58.3,No,2400,2400,0,5525,125
17:16:07.791,active,15354,484,7722,16785,0,95,63.9,58.1,No,2400,2400,0,5540,125
17:16:08.790,active,15299,442,6790,16786,0,95,63.4,58.3,No,2400,2400,0,5527,125
17:16:09.790,active,15301,756,7214,16786,0,95,62.8,59.3,No,2400,2400,0,5530,125
17:16:10.789,active,15264,898,13734,16786,0,95,62.2,58.6,No,2400,2400,0,5527,125
17:16:11.789,active,15292,696,10668,16786,0,95,62.8,55.0,No,2400,2400,0,5531,125
17:16:12.789,active,15309,734,10996,16785,0,95,63.4,54.8,No,2400,2400,0,5534,125
17:16:13.789,active,15271,694,10648,16786,0,95,63.4,57.6,No,2400,2400,0,5517,125
17:16:14.789,active,15307,818,12538,16786,0,95,62.8,57.9,No,2400,2400,0,5521,125
17:16:15.793,active,15296,772,11844,16786,0,95,62.8,56.7,No,2400,2400,0,5531,125
17:16:16.796,active,15311,772,10860,16786,3,95,62.2,54.9,No,2400,2400,0,5530,125
17:16:17.789,active,15296,700,10726,16787,3,95,62.2,55.0,No,2400,2400,0,5529,125
17:16:18.789,sleep,15296,436,7466,16786,4,95,59.5,44.1,No,2400,2400,0,5550,125
17:16:19.789,sleep,15301,410,7774,16789,14,95,58.4,0.5,No,2400,2400,0,5578,125
17:16:20.789,sleep,15292,504,7716,16789,18,95,57.9,0.2,No,2400,2400,0,5586,125
17:16:21.789,sleep,15299,450,6578,16788,16,95,57.3,0.0,No,2400,2400,0,5586,125
17:16:22.789,sleep,15299,460,7040,16790,14,95,57.3,0.0,No,2400,2400,0,5586,125
17:16:23.789,sleep,15299,396,5902,16789,14,95,55.6,0.0,No,1500,2400,0,5578,125
17:16:24.789,sleep,15301,296,4552,16789,16,95,54.5,0.3,No,1500,2400,0,5587,125
