Timestamp,Phase,Bus_V_mV,Bus_I_mA,Bus_P_mW,Bat_V_mV,Bat_I_mA,Bat_Pct,Temp_C,CPU_%,Throttled,CPU_MHz,Cap_MHz,UV,Fan_RPM,Fan_PWM
02:23:34.194,active,15311,426,6558,16788,0,95,47.4,,No,2400,2400,0,3093,75
02:23:35.184,active,15361,424,4802,16787,-3,95,50.1,9.6,No,2400,2400,0,3085,75
02:23:36.185,active,15372,438,6752,16784,-17,95,50.7,47.6,No,2400,2400,0,3048,75
02:23:37.185,active,15314,440,6790,16785,-17,95,50.7,50.5,No,2400,2400,0,3043,75
02:23:38.184,active,15294,638,9780,16785,-16,95,51.2,51.5,No,2400,2400,0,3039,75
02:23:39.184,active,15307,692,10628,16785,-14,95,52.9,51.5,No,2400,2400,0,3037,75
02:23:40.184,active,15307,632,9684,16784,-16,95,52.9,50.4,No,2400,2400,0,3044,75
02:23:41.185,active,15316,576,8834,16785,-18,95,53.5,51.3,No,2400,2400,0,3033,75
02:23:42.185,active,15335,592,9086,16784,-17,95,54.0,50.8,No,2400,2400,0,3035,75
02:23:43.185,active,15307,576,10030,16784,-16,95,53.5,50.6,No,2400,2400,0,3030,75
02:23:44.184,active,15318,388,5940,16785,-16,95,54.0,50.8,No,2400,2400,0,3017,75
02:23:45.184,active,15314,436,7194,16784,-18,95,55.1,47.9,No,2400,2400,0,3021,75
02:23:46.185,active,15320,436,6694,16784,-17,95,54.0,48.2,No,2400,2400,0,3030,75
02:23:47.185,active,15335,492,7234,16784,-21,95,54.5,48.3,No,2400,2400,0,3028,75
02:23:48.190,active,15361,432,6654,16784,-19,95,54.5,49.6,No,2400,2400,0,3022,75
02:23:49.185,active,15281,778,11940,16782,-16,95,54.5,48.2,No,2400,2400,0,3029,75
02:23:50.184,active,15286,624,11806,16783,-15,95,55.6,49.4,No,2400,2400,0,3024,75
02:23:51.184,active,15294,788,12076,16783,-17,95,55.1,49.7,No,2400,2400,0,3019,75
02:23:52.186,active,15268,718,11014,16785,-12,95,55.6,49.1,No,2400,2400,0,3018,75
02:23:53.186,active,15318,550,8448,16787,-11,95,55.6,50.8,No,2400,2400,0,3018,75
02:23:54.188,active,15256,878,13446,16786,-12,95,55.1,43.1,No,2400,2400,0,3019,75
02:23:55.184,active,15264,746,11458,16786,-13,95,55.1,43.5,No,2400,2400,0,3016,75
02:23:56.184,active,15301,612,9374,16785,-11,95,55.1,46.5,No,2400,2400,0,3022,75
02:23:57.185,active,15262,660,11652,16784,-11,95,56.2,46.1,No,2400,2400,0,3017,75
02:23:58.185,active,15283,726,11130,16784,-11,95,55.1,45.6,No,2400,2400,0,3009,75
02:23:59.185,active,15548,460,7080,16784,-9,95,56.2,46.4,No,2400,2400,0,3014,75
02:24:00.185,active,15320,656,7176,16784,-10,95,55.6,45.5,No,2400,2400,0,3019,75
02:24:01.184,active,15344,486,7466,16786,-7,95,56.2,45.5,No,2400,2400,0,3014,75
02:24:02.184,active,15341,284,7754,16786,-9,95,57.3,44.2,No,2400,2400,0,3015,75
02:24:03.184,active,15359,480,7388,16785,-9,95,56.2,43.7,No,2400,2400,0,3014,75
02:24:04.185,active,15324,504,7736,16784,-8,95,56.8,43.0,No,2400,2400,0,3021,75
02:24:05.188,active,15318,484,6146,16785,-10,95,55.6,43.4,No,2400,2400,0,3015,75
02:24:06.184,active,15275,636,9780,16784,-7,95,55.6,48.6,No,2400,2400,0,3012,75
02:24:07.184,active,15324,684,7252,16783,-9,95,55.6,49.1,No,2400,2400,0,3008,75
02:24:08.184,active,15299,438,6732,16784,-11,95,56.2,46.6,No,2400,2400,0,3011,75
02:24:09.185,active,15322,640,9818,16786,-6,95,56.8,48.9,No,2400,2400,0,3012,75
02:24:10.185,active,15301,490,9826,16787,-3,95,56.2,49.4,No,2400,2400,0,3012,75
02:24:11.187,active,15309,474,7292,16786,-7,95,55.6,44.7,No,2400,2400,0,3012,75
02:24:12.184,active,15305,480,7716,16785,-9,95,55.6,45.9,No,2400,2400,0,3007,75
02:24:13.184,active,15311,520,7986,16784,-10,95,56.2,49.1,No,2400,2400,0,2994,75
02:24:14.185,active,15311,476,7060,16785,-8,95,56.8,46.2,No,2400,2400,0,3004,75
02:24:15.189,active,15318,510,7850,16785,-6,95,57.3,46.4,No,2400,2400,0,2997,75
02:24:16.185,active,15320,430,7774,16786,-4,95,56.2,46.4,No,2400,2400,0,2992,75
02:24:17.185,active,15290,420,6442,16785,-6,95,56.8,49.3,No,2400,2400,0,2998,75
02:24:18.184,active,15273,794,12152,16785,-7,95,57.3,48.7,No,2400,2400,0,2999,75
02:24:19.184,active,15249,814,12616,16785,-7,95,56.8,47.8,No,2400,2400,0,2993,75
02:24:20.185,active,15268,748,11458,16783,-7,95,56.8,47.2,No,2400,2400,0,2997,75
02:24:21.185,active,15260,848,12134,16785,-9,95,57.3,46.3,No,2400,2400,0,2996,75
02:24:22.185,active,15238,766,11710,16785,-5,95,56.8,47.7,No,2400,2400,0,2988,75
02:24:23.184,active,15277,770,11786,16783,-6,95,58.4,48.7,No,2400,2400,0,2993,75
02:24:24.184,active,15243,762,11632,16785,-6,95,57.3,46.3,No,2400,2400,0,2988,75
02:24:25.184,active,15303,744,11382,16786,-4,95,59.0,47.6,No,2400,2400,0,2981,75
02:24:26.188,active,15281,542,12424,16786,-6,95,57.3,46.2,No,2400,2400,0,3000,75
02:24:27.185,active,15369,494,7620,16787,-5,95,55.6,46.1,No,2400,2400,0,2995,75
02:24:28.184,active,15296,434,6694,16786,-4,95,56.8,47.0,No,2400,2400,0,2990,75
02:24:29.184,active,15324,656,8448,16787,-7,95,57.9,49.2,No,2400,2400,0,2997,75
02:24:30.184,active,15555,470,7234,16786,-5,95,57.3,48.7,No,2400,2400,0,3001,75
02:24:31.185,active,15305,636,7870,16785,0,95,57.9,48.3,No,2400,2400,0,3004,75
02:24:32.185,active,15316,704,10822,16785,-4,95,57.3,47.6,No,2400,2400,0,2994,75
02:24:33.189,active,15283,584,8024,16785,0,95,57.9,48.0,No,2400,2400,0,2995,75
02:24:34.184,active,15292,686,10514,16786,0,95,56.8,50.0,No,2400,2400,0,2999,75
02:24:35.184,sleep,15292,436,6674,16788,5,95,53.5,3.3,No,2400,2400,0,3015,75
02:24:36.184,sleep,15299,442,6404,16788,9,95,54.0,0.0,No,2400,2400,0,3019,75
02:24:37.184,sleep,15292,462,7098,16788,7,95,52.9,-0.0,No,2400,2400,0,3011,75
02:24:38.184,sleep,15294,410,6268,16787,6,95,52.9,0.0,No,2400,2400,0,3019,75
02:24:39.185,sleep,15296,476,7310,16787,4,95,52.4,0.5,No,1500,2400,0,3016,75
02:24:40.185,sleep,15301,338,5188,16787,9,95,51.2,0.0,No,1500,2400,0,3016,75
02:24:41.185,sleep,15296,404,7678,16789,12,95,50.7,0.0,No,1500,2400,0,3019,75
02:24:42.185,sleep,15301,350,5382,16790,14,95,50.1,0.0,No,1500,2400,0,3026,75
02:24:43.185,sleep,15303,318,4282,16790,11,95,50.7,-0.0,No,1500,2400,0,3026,75
02:24:44.185,sleep,15307,468,7194,16788,9,95,50.7,0.0,No,1500,2400,0,3022,75
02:24:45.185,sleep,15305,486,7466,16788,7,95,50.1,-0.0,No,1500,2400,0,3012,75
02:24:46.185,sleep,15296,554,4686,16788,11,95,49.0,0.0,No,1500,2400,0,3019,75
02:24:47.185,sleep,15294,628,9626,16788,9,95,49.0,0.0,No,1500,2400,0,3023,75
02:24:48.185,sleep,15301,538,4282,16788,7,95,49.6,0.3,No,1500,2400,0,3029,75
02:24:49.185,sleep,15294,512,7850,16788,0,95,48.5,0.0,No,1500,2400,0,3025,75
02:24:50.185,active,15275,720,11014,16787,-14,95,51.8,56.6,No,2400,2400,0,2993,75
02:24:51.184,active,15268,640,9800,16786,-14,95,54.5,48.9,No,2400,2400,0,2990,75
02:24:52.184,active,15307,668,10224,16786,-12,95,54.5,50.3,No,2400,2400,0,2993,75
02:24:53.185,active,15307,640,9818,16785,-10,95,55.6,51.8,No,2400,2400,0,2991,75
02:24:54.187,active,15305,548,8410,16786,-11,95,55.1,51.5,No,2400,2400,0,2984,75
02:24:55.185,active,15294,298,7542,16784,-11,95,55.1,48.2,No,2400,2400,0,2984,75
02:24:56.184,active,15333,660,10146,16784,-8,95,55.1,48.7,No,2400,2400,0,2987,75
02:24:57.184,active,15279,800,12268,16785,-3,95,56.2,44.4,No,2400,2400,0,2994,75
02:24:58.184,active,15283,792,10598,16785,-6,95,57.3,47.5,No,2400,2400,0,2995,75
02:24:59.185,active,15273,846,12964,16785,-4,95,56.8,47.7,No,2400,2400,0,2987,75
02:25:00.189,active,15281,844,12288,16785,-9,95,56.2,48.3,No,2400,2400,0,2976,75
02:25:01.185,active,15283,808,12366,16785,-5,95,56.2,49.5,No,2400,2400,0,2979,75
02:25:02.184,active,15283,786,9838,16784,-9,95,56.8,49.0,No,2400,2400,0,2982,75
02:25:03.184,active,15275,778,11902,16786,-3,95,57.3,44.8,No,2400,2400,0,2990,75
02:25:04.184,active,15314,828,12694,16787,-3,95,58.4,46.3,No,2400,2400,0,2995,75
02:25:05.188,active,15316,486,6674,16786,0,95,56.8,43.9,No,2400,2400,0,2991,75
02:25:06.185,active,15314,492,7562,16786,0,95,56.8,46.1,No,2400,2400,0,2994,75
02:25:07.185,active,15324,404,7408,16785,-5,95,56.2,45.8,No,2400,2400,0,2985,75
02:25:08.184,active,15339,496,7638,16785,-6,95,57.9,46.9,No,2400,2400,0,2984,75
02:25:09.184,active,15348,496,7620,16784,-9,95,57.3,47.7,No,2400,2400,0,2986,75
02:25:10.185,active,15333,440,6906,16786,-6,95,58.4,44.7,No,2400,2400,0,2988,75
02:25:11.189,active,15316,462,7098,16784,-8,95,57.9,45.5,No,2400,2400,0,2984,75
02:25:12.187,active,15322,672,7252,16784,-7,95,57.9,46.2,No,2400,2400,0,2985,75
02:25:13.184,active,15318,670,10282,16784,-4,95,57.3,47.9,No,2400,2400,0,2982,75
02:25:14.184,active,15296,660,10108,16784,-7,95,57.9,52.6,No,2400,2400,0,2972,75
02:25:15.184,active,15279,706,13022,16785,-5,95,57.3,44.2,No,2400,2400,0,2981,75
02:25:16.185,active,15232,818,12500,16785,0,95,58.4,43.6,No,2400,2400,0,2986,75
02:25:17.185,active,15299,612,13368,16785,0,95,57.9,42.7,No,2400,2400,0,2977,75
02:25:18.185,active,15281,608,9298,16788,0,95,57.3,44.1,No,2400,2400,0,2977,75
02:25:19.184,active,15303,690,10552,16787,0,95,57.9,49.7,No,2400,2400,0,2991,75
02:25:20.184,active,15296,482,7408,16786,0,95,56.8,48.0,No,2400,2400,0,2992,75
02:25:21.185,active,15307,538,8218,16786,0,95,59.0,48.5,No,2400,2400,0,2994,75
02:25:22.187,active,15301,484,10744,16786,0,95,57.3,45.3,No,2400,2400,0,2994,75
02:25:23.185,active,15322,658,10108,16785,-3,95,57.9,44.6,No,2400,2400,0,2988,75
02:25:24.184,active,15275,802,12308,16786,-4,95,57.9,48.8,No,2400,2400,0,2991,75
02:25:25.184,active,15288,836,10088,16786,-4,95,57.3,48.4,No,2400,2400,0,2984,75
02:25:26.184,active,15283,648,9972,16787,-4,95,57.9,47.1,No,2400,2400,0,2992,75
02:25:27.187,active,15281,836,10262,16786,0,95,58.4,46.3,No,2400,2400,0,2983,75
02:25:28.185,active,15283,822,12596,16785,-4,95,58.4,46.4,No,2400,2400,0,2995,75
02:25:29.187,active,15286,562,10938,16785,-5,95,57.9,48.0,No,2400,2400,0,2996,75
02:25:30.184,active,15288,796,12210,16784,-4,95,57.9,47.9,No,2400,2400,0,2986,75
02:25:31.184,active,15271,878,13464,16785,0,95,58.4,48.6,No,2400,2400,0,2984,75
02:25:32.184,active,15281,806,12326,16786,0,95,59.0,48.1,No,2400,2400,0,2979,75
02:25:33.188,active,15320,498,7658,16785,0,95,57.3,47.9,No,2400,2400,0,2979,75
02:25:34.188,active,15324,498,7080,16785,0,95,58.4,48.7,No,2400,2400,0,2987,75
02:25:35.184,active,15309,486,7466,16785,-3,95,57.9,48.4,No,2400,2400,0,2991,75
02:25:36.184,active,15365,324,4996,16785,0,95,57.9,48.1,No,2400,2400,0,2988,75
02:25:37.185,active,15352,506,7280,16785,0,95,59.5,48.7,No,2400,2400,0,2994,75
02:25:38.184,active,15350,472,7234,16785,-3,95,59.0,47.9,No,2400,2400,0,2991,75
02:25:39.191,active,15363,478,7792,16786,0,95,59.0,45.7,No,2400,2400,0,2991,75
02:25:40.189,active,15324,450,6924,16784,-3,95,58.4,47.6,No,2400,2400,0,2990,75
02:25:41.184,active,15352,456,7600,16785,0,95,57.9,48.1,No,2400,2400,0,2994,75
02:25:42.184,active,15281,540,11824,16785,0,95,58.4,48.7,No,2400,2400,0,2983,75
02:25:43.184,active,15296,870,13272,16786,0,95,59.0,48.6,No,2400,2400,0,2992,75
02:25:44.185,active,15296,386,12038,16785,0,95,59.0,47.7,No,2400,2400,0,2997,75
02:25:45.185,active,15264,550,8430,16787,0,95,59.0,49.8,No,2400,2400,0,2997,75
02:25:46.188,active,15307,738,10436,16787,0,95,59.0,48.0,No,2400,2400,0,2996,75
02:25:47.184,active,15305,444,6810,16786,0,95,57.9,48.9,No,2400,2400,0,2992,75
02:25:48.184,active,15303,592,9086,16786,0,95,59.0,48.7,No,2400,2400,0,2995,75
02:25:49.184,active,15296,510,7812,16785,-4,95,59.5,48.8,No,2400,2400,0,3000,75
02:25:50.185,sleep,15301,272,4186,16788,7,95,55.1,3.7,No,1500,2400,0,3010,75
02:25:51.185,sleep,15294,514,2892,16789,14,95,53.5,2.0,No,1500,2400,0,3027,75
02:25:52.185,sleep,15299,524,8044,16790,13,95,53.5,0.0,No,1500,2400,0,3025,75
02:25:53.185,sleep,15299,350,5362,16789,9,95,52.9,0.0,No,1500,2400,0,3022,75
02:25:54.185,sleep,15296,340,5208,16787,9,95,52.9,-0.0,No,1500,2400,0,3032,75
02:25:55.185,sleep,15299,368,5652,16788,11,95,51.8,0.0,No,1500,2400,0,3028,75
02:25:56.185,sleep,15299,612,6462,16788,8,95,51.8,-0.0,No,1500,2400,0,3033,75
02:25:57.185,sleep,15296,406,6230,16789,12,95,50.7,0.0,No,1500,2400,0,3020,75
02:25:58.185,sleep,15301,316,8912,16789,10,95,51.2,0.0,No,1500,2400,0,3026,75
02:25:59.185,sleep,15290,466,7138,16789,7,95,49.6,0.0,No,1500,2400,0,3036,75
02:26:00.185,sleep,15299,546,4088,16790,9,95,50.7,0.0,No,1500,2400,0,3037,75
02:26:01.185,sleep,15299,562,9008,16787,6,95,50.7,-0.0,No,1500,2400,0,3021,75
02:26:02.185,sleep,15307,596,9144,16787,8,95,50.1,0.0,No,1500,2400,0,3029,75
02:26:03.184,sleep,15299,324,6982,16789,9,95,50.1,-0.0,No,1500,2400,0,3021,75
02:26:04.185,sleep,15303,378,5806,16787,8,95,50.1,0.0,No,1500,2400,0,3012,75
02:26:05.184,active,15354,440,7350,16783,-11,95,54.5,60.3,No,2400,2400,0,2989,75
02:26:06.184,active,15326,478,7350,16785,-10,95,55.1,50.9,No,2400,2400,0,2992,75
02:26:07.189,active,15320,480,7368,16784,-15,95,55.1,48.0,No,2400,2400,0,2985,75
02:26:08.189,active,15354,504,7774,16785,-12,95,55.1,47.6,No,2400,2400,0,2986,75
02:26:09.184,active,15329,448,6886,16784,-8,95,55.1,43.3,No,2400,2400,0,2993,75
02:26:10.184,active,15305,730,11246,16785,-8,95,56.2,45.5,No,2400,2400,0,2997,75
02:26:11.185,active,15316,382,5864,16784,-9,95,58.4,47.4,No,2400,2400,0,2991,75
02:26:12.185,active,15333,536,8218,16783,-15,95,57.9,47.8,No,2400,2400,0,2990,75
02:26:13.191,active,15311,486,10556,16783,-9,95,57.3,49.1,No,2400,2400,0,2997,75
02:26:14.184,active,15309,514,7890,16784,-9,95,56.8,48.3,No,2400,2400,0,3002,75
02:26:15.184,active,15316,466,8506,16785,-11,95,57.3,49.4,No,2400,2400,0,3004,75
02:26:16.184,active,15311,488,7484,16784,-8,95,58.4,47.9,No,2400,2400,0,3003,75
02:26:17.185,active,15311,496,6288,16785,-7,95,58.4,46.4,No,2400,2400,0,3004,75
02:26:18.187,active,15318,422,6482,16783,-6,95,57.3,46.0,No,2400,2400,0,2999,75
02:26:19.185,active,15329,472,7252,16785,-5,95,57.3,47.3,No,2400,2400,0,3008,75
02:26:20.184,active,15275,806,11806,16784,-4,95,57.9,45.3,No,2400,2400,0,3004,75
02:26:21.184,active,15286,750,11498,16785,-5,95,57.9,46.5,No,2400,2400,0,2995,75
02:26:22.185,active,15320,1014,12480,16786,-4,95,59.0,45.3,No,2400,2400,0,2996,75
02:26:23.185,active,15275,806,12346,16785,-7,95,58.4,46.4,No,2400,2400,0,3000,75
02:26:24.190,active,15268,816,12500,16785,-6,95,57.9,44.7,No,2400,2400,0,3005,75
02:26:25.186,active,15316,564,12246,16785,-4,95,57.3,46.2,No,2400,2400,0,2992,75
02:26:26.184,active,15271,738,11304,16785,-5,95,57.9,52.3,No,2400,2400,0,2994,75
02:26:27.184,active,15262,776,12288,16784,-4,95,59.0,51.9,No,2400,2400,0,2991,75
02:26:28.184,active,15277,808,12366,16784,-5,95,59.0,43.9,No,2400,2400,0,2992,75
02:26:29.185,active,15348,506,7774,16787,0,95,59.0,42.9,No,2400,2400,0,3003,75
02:26:30.185,active,15369,502,7736,16786,0,95,57.9,45.8,No,2400,2400,0,2999,75
02:26:31.184,active,15326,508,7812,16785,-3,95,57.9,46.8,No,2400,2400,0,4480,125
02:26:32.184,active,15354,516,7522,16786,0,95,57.9,47.0,No,2400,2400,0,5053,125
02:26:33.184,active,15341,506,7774,16785,0,95,59.0,49.1,No,2400,2400,0,5095,125
02:26:34.185,active,15294,848,7600,16785,0,95,59.0,46.6,No,2400,2400,0,5114,125
02:26:35.185,active,15322,660,10128,16785,-7,95,59.0,48.2,No,2400,2400,0,5111,125
02:26:36.188,active,15322,500,7696,16784,-6,95,59.0,45.2,No,2400,2400,0,5125,125
02:26:37.184,active,15294,764,11728,16783,-7,95,57.9,46.3,No,2400,2400,0,5125,125
02:26:38.184,active,15279,556,8526,16787,-7,95,59.0,47.1,No,2400,2400,0,5141,125
02:26:39.185,active,15314,766,11710,16785,-6,95,59.0,46.2,No,2400,2400,0,5149,125
02:26:40.188,active,15314,486,7484,16783,-6,95,57.9,48.8,No,2400,2400,0,5164,125
02:26:41.185,active,15309,492,7542,16785,-3,95,58.4,47.2,No,2400,2400,0,5173,125
02:26:42.185,active,15320,504,9784,16785,0,95,58.4,48.2,No,2400,2400,0,5186,125
02:26:43.184,active,15314,448,6886,16785,0,95,59.0,47.5,No,2400,2400,0,5212,125
02:26:44.184,active,15322,554,9240,16786,-4,95,59.5,48.4,No,2400,2400,0,5208,125
02:26:45.185,active,15318,476,7330,16784,-3,95,59.5,47.3,No,2400,2400,0,5230,125
02:26:46.185,active,15318,484,9452,16784,0,95,58.4,46.6,No,2400,2400,0,5231,125
02:26:47.185,active,15314,526,8064,16786,0,95,57.9,47.1,No,2400,2400,0,5258,125
02:26:48.184,active,15279,906,13890,16786,0,95,58.4,47.9,No,2400,2400,0,5268,125
02:26:49.184,active,15275,876,12790,16785,0,95,58.4,46.3,No,2400,2400,0,5274,125
02:26:50.184,active,15243,872,13368,16784,-3,95,60.0,47.2,No,2400,2400,0,5265,125
02:26:51.185,active,15273,808,11652,16785,0,95,59.0,47.9,No,2400,2400,0,5274,125
02:26:52.185,active,15277,824,12616,16785,0,95,59.0,47.0,No,2400,2400,0,5285,125
02:26:53.184,active,15247,826,12230,16785,-5,95,58.4,48.7,No,2400,2400,0,5296,125
02:26:54.184,active,15271,774,11864,16786,0,95,59.0,49.0,No,2400,2400,0,5306,125
02:26:55.184,active,15283,914,12172,16785,0,95,58.4,49.4,No,2400,2400,0,5314,125
02:26:56.185,active,15243,888,13580,16785,0,95,59.5,48.7,No,2400,2400,0,5324,125
02:26:57.185,active,15346,464,7138,16784,0,95,59.0,47.8,No,2400,2400,0,5326,125
02:26:58.189,active,15348,494,7754,16786,0,95,58.4,48.0,No,2400,2400,0,5331,125
02:26:59.184,active,15367,468,7214,16784,-6,95,57.3,47.8,No,2400,2400,0,5345,125
02:27:00.184,active,15324,376,6810,16785,0,95,57.9,49.2,No,2400,2400,0,5357,125
02:27:01.189,active,15318,464,7138,16785,-5,95,59.5,49.6,No,2400,2400,0,5342,125
02:27:02.185,active,15292,482,7426,16784,-6,95,58.4,51.1,No,2400,2400,0,5349,125
02:27:03.185,active,15333,668,10282,16786,-5,95,59.0,49.2,No,2400,2400,0,5352,125
02:27:04.185,active,15305,798,12230,16786,0,95,58.4,47.6,No,2400,2400,0,5360,125
02:27:05.185,sleep,15296,362,8468,16787,5,95,55.1,6.0,No,1500,2400,0,5413,125
02:27:06.185,sleep,15305,340,5208,16787,13,95,54.0,0.0,No,1500,2400,0,3808,75
02:27:07.185,sleep,15307,270,4146,16788,15,95,52.9,0.0,No,1500,2400,0,3344,75
02:27:08.184,sleep,15299,318,4880,16788,13,95,52.4,-0.0,No,1500,2400,0,3285,75
02:27:09.184,sleep,15303,590,9046,16789,13,95,52.9,0.3,No,1500,2400,0,3276,75
02:27:10.184,sleep,15307,396,7850,16788,15,95,51.8,0.0,No,1500,2400,0,3269,75
02:27:11.184,sleep,15303,440,6752,16791,15,95,50.7,-0.0,No,1500,2400,0,3259,75
02:27:12.184,sleep,15305,272,8044,16790,12,95,51.2,0.0,No,1500,2400,0,3255,75
02:27:13.184,sleep,15296,560,8584,16790,13,95,50.7,0.0,No,1500,2400,0,3255,75
02:27:14.184,sleep,15299,200,3760,16789,16,95,50.7,0.0,No,1500,2400,0,3257,75
02:27:15.184,sleep,15301,350,5382,16788,13,95,50.7,0.0,No,1500,2400,0,3241,75
02:27:16.184,sleep,15294,470,7194,16789,12,95,50.1,-0.0,No,1500,2400,0,3235,75
02:27:17.184,sleep,15286,520,5478,16789,10,95,50.1,0.0,No,1500,2400,0,3234,75
02:27:18.184,sleep,15299,416,6404,16791,15,95,50.1,-0.0,No,1500,2400,0,3235,75
02:27:19.184,sleep,15305,400,7562,16789,15,95,49.6,0.0,No,1500,2400,0,3229,75
02:27:20.186,active,15264,680,10416,16787,0,95,54.0,52.0,No,2400,2400,0,3184,75
02:27:21.184,active,15264,666,10204,16784,-5,95,54.0,47.7,No,2400,2400,0,3172,75
02:27:22.184,active,15264,662,10146,16786,-5,95,55.1,49.4,No,2400,2400,0,3161,75
02:27:23.184,active,15303,738,11284,16786,-5,95,55.1,46.5,No,2400,2400,0,3161,75
02:27:24.185,active,15307,560,10376,16786,0,95,56.2,45.1,No,2400,2400,0,3160,75
02:27:25.186,active,15307,668,10224,16785,0,95,56.2,48.4,No,2400,2400,0,3160,75
02:27:26.185,active,15286,614,8990,16785,0,95,56.2,50.0,No,2400,2400,0,3153,75
02:27:27.184,active,15281,826,12674,16785,0,95,56.2,49.9,No,2400,2400,0,3150,75
02:27:28.184,active,15279,766,11768,16786,0,95,56.2,47.2,No,2400,2400,0,3150,75
02:27:29.184,active,15288,684,10474,16785,0,95,56.8,44.5,No,2400,2400,0,3144,75
02:27:30.185,active,15266,884,13542,16785,0,95,56.2,43.6,No,2400,2400,0,3131,75
02:27:31.185,active,15279,686,12906,16785,-3,95,57.3,45.8,No,2400,2400,0,3116,75
02:27:32.185,active,15294,834,12790,16784,-6,95,57.3,46.3,No,2400,2400,0,3113,75
02:27:33.184,active,15266,834,12500,16786,0,95,56.8,46.7,No,2400,2400,0,3106,75
02:27:34.184,active,15271,854,13078,16785,-4,95,57.3,47.8,No,2400,2400,0,3110,75
02:27:35.185,active,15352,498,7658,16786,0,95,57.9,43.6,No,2400,2400,0,3111,75
02:27:36.189,active,15339,528,7334,16786,0,95,57.9,46.1,No,2400,2400,0,3119,75
02:27:37.185,active,15367,494,7600,16785,-3,95,57.3,46.0,No,2400,2400,0,3113,75
02:27:38.184,active,15369,438,7832,16784,-5,95,57.9,53.5,No,2400,2400,0,3103,75
02:27:39.184,active,15107,510,7850,16785,0,95,57.3,46.1,No,2400,2400,0,3108,75
02:27:40.184,active,15344,472,7504,16785,0,95,57.9,43.9,No,2400,2400,0,3096,75
02:27:41.187,active,15357,482,7408,16785,-3,95,57.9,48.0,No,2400,2400,0,3083,75
02:27:42.185,active,15367,496,7620,16784,-5,95,57.3,47.2,No,2400,2400,0,3088,75
02:27:43.184,active,15344,504,7736,16785,0,95,56.8,43.4,No,2400,2400,0,3090,75
02:27:44.184,active,15316,304,7446,16786,0,95,57.3,46.3,No,2400,2400,0,3091,75
02:27:45.184,active,15271,568,10224,16784,0,95,58.4,47.8,No,2400,2400,0,3083,75
02:27:46.185,active,15307,596,9124,16787,0,95,58.4,49.1,No,2400,2400,0,3069,75
02:27:47.189,active,15305,420,11594,16787,0,95,57.9,46.0,No,2400,2400,0,3081,75
02:27:48.188,active,15309,606,9298,16786,-4,95,57.9,48.4,No,2400,2400,0,3083,75
02:27:49.184,active,15309,450,10358,16784,-7,95,57.9,48.4,No,2400,2400,0,3068,75
02:27:50.184,active,15305,414,6366,16784,-7,95,58.4,49.5,No,2400,2400,0,3057,75
02:27:51.184,active,15303,488,6906,16784,-4,95,58.4,48.5,No,2400,2400,0,3054,75
02:27:52.188,active,15301,526,8082,16785,0,95,59.0,46.2,No,2400,2400,0,3054,75
02:27:53.185,active,15314,452,7580,16784,0,95,58.4,44.9,No,2400,2400,0,3061,75
02:27:54.185,active,15292,834,7870,16786,-3,95,58.4,46.3,No,2400,2400,0,3063,75
02:27:55.184,active,15292,798,12230,16785,0,95,57.3,47.9,No,2400,2400,0,3054,75
02:27:56.184,active,15286,808,12480,16787,0,95,57.9,46.7,No,2400,2400,0,3059,75
02:27:57.188,active,15288,716,10976,16785,-3,95,59.0,47.6,No,2400,2400,0,3050,75
02:27:58.188,active,15277,918,12134,16785,-3,95,59.0,48.0,No,2400,2400,0,3050,75
02:27:59.185,active,15281,644,9876,16785,-4,95,57.9,46.9,No,2400,2400,0,3057,75
02:28:00.184,active,15264,680,10416,16784,-5,95,57.3,46.9,No,2400,2400,0,3054,75
02:28:01.184,active,15281,770,11786,16785,-3,95,57.9,47.2,No,2400,2400,0,3050,75
02:28:02.184,active,15275,764,11710,16784,-3,95,59.0,47.9,No,2400,2400,0,3052,75
02:28:03.184,active,15268,754,12066,16786,-7,95,59.0,47.9,No,2400,2400,0,3047,75
02:28:04.185,active,15357,434,6694,16785,-7,95,59.0,47.2,No,2400,2400,0,3050,75
02:28:05.189,active,15322,482,7426,16784,-4,95,58.4,48.1,No,2400,2400,0,3048,75
02:28:06.184,active,15367,458,7060,16785,-4,95,57.9,48.3,No,2400,2400,0,3051,75
02:28:07.184,active,15326,484,7446,16784,-6,95,58.4,48.9,No,2400,2400,0,3045,75
02:28:08.184,active,15326,484,7446,16784,-4,95,58.4,48.9,No,2400,2400,0,3036,75
02:28:09.185,active,15292,494,7600,16784,-5,95,59.0,48.0,No,2400,2400,0,3031,75
02:28:10.185,active,15322,672,7966,16787,0,95,59.0,47.5,No,2400,2400,0,3043,75
02:28:11.184,active,15288,660,10146,16787,0,95,58.4,48.0,No,2400,2400,0,3046,75
02:28:12.184,active,15294,796,6866,16786,-4,95,59.0,48.8,No,2400,2400,0,3037,75
02:28:13.184,active,15314,672,10300,16785,-6,95,58.4,48.8,No,2400,2400,0,3028,75
02:28:14.185,active,15311,540,8276,16786,-3,95,59.5,51.7,No,2400,2400,0,3035,75
02:28:15.185,active,15301,522,8280,16783,-4,95,59.0,48.7,No,2400,2400,0,3036,75
02:28:16.189,active,15316,464,7138,16786,0,95,58.4,46.2,No,2400,2400,0,3029,75
02:28:17.184,active,15307,448,7040,16785,-4,95,58.4,46.1,No,2400,2400,0,3023,75
02:28:18.184,active,15307,472,7252,16783,-6,95,58.4,48.0,No,2400,2400,0,3030,75
02:28:19.189,active,15331,498,7966,16785,-4,95,60.6,49.0,No,2400,2400,0,3030,75
02:28:20.184,sleep,15303,378,5806,16787,4,95,56.2,6.5,No,2400,2400,0,3053,75
02:28:21.184,sleep,15301,418,6288,16787,0,95,56.2,0.0,No,2400,2400,0,3057,75
02:28:22.184,sleep,15301,430,6596,16788,0,95,54.5,0.0,No,2400,2400,0,3059,75
02:28:23.184,sleep,15296,386,5902,16787,0,95,54.0,0.0,No,2400,2400,0,3062,75
02:28:24.184,sleep,15305,524,6866,16787,4,95,54.5,-0.0,No,2400,2400,0,3051,75
02:28:25.185,sleep,15299,572,8758,16788,5,95,52.9,0.3,No,1500,2400,0,3063,75
02:28:26.185,sleep,15309,616,5150,16788,11,95,52.4,-0.0,No,1500,2400,0,3053,75
02:28:27.184,sleep,15301,528,8102,16786,8,95,52.4,0.0,No,1500,2400,0,3059,75
02:28:28.185,sleep,15311,456,7812,16786,6,95,51.2,0.0,No,1500,2400,0,3059,75
02:28:29.185,sleep,15299,560,8584,16787,8,95,50.7,0.0,No,1500,2400,0,3053,75
02:28:30.184,sleep,15305,592,9086,16789,12,95,51.2,0.0,No,1500,2400,0,3059,75
02:28:31.184,sleep,15309,356,5478,16787,11,95,50.7,0.0,No,1500,2400,0,3052,75
02:28:32.184,sleep,15303,242,3722,16789,11,95,51.2,-0.0,No,1500,2400,0,3059,75
02:28:33.184,sleep,15301,210,8990,16787,11,95,50.7,-0.0,No,1500,2400,0,3048,75
02:28:34.185,sleep,15294,540,8276,16788,11,95,50.7,0.0,No,1500,2400,0,3042,75
02:28:35.184,active,15286,516,9972,16785,0,95,54.5,52.3,No,2400,2400,0,3018,75
02:28:36.184,active,15296,794,12172,16786,-5,95,55.6,46.3,No,2400,2400,0,3014,75
02:28:37.185,active,15290,738,11324,16785,-4,95,56.2,44.6,No,2400,2400,0,3025,75
02:28:38.185,active,15277,770,11786,16786,0,95,55.1,43.7,No,2400,2400,0,3027,75
02:28:39.184,active,15292,814,12462,16785,-7,95,55.6,48.1,No,2400,2400,0,3027,75
02:28:40.184,active,15279,740,11882,16786,-5,95,56.2,47.3,No,2400,2400,0,3015,75
02:28:41.185,active,15292,694,10648,16785,-5,95,57.9,48.1,No,2400,2400,0,3021,75
02:28:42.185,active,15344,526,8082,16783,-7,95,57.3,46.2,No,2400,2400,0,3018,75
02:28:43.184,active,15331,502,7204,16784,-4,95,56.8,45.6,No,2400,2400,0,3007,75
02:28:44.185,active,15363,426,6558,16783,-6,95,56.8,46.8,No,2400,2400,0,3006,75
02:28:45.184,active,15318,478,7658,16784,-7,95,57.3,45.4,No,2400,2400,0,3000,75
02:28:46.184,active,15316,476,7330,16784,-4,95,57.9,47.0,No,2400,2400,0,3013,75
02:28:47.185,active,15376,462,6674,16785,-3,95,57.3,44.5,No,2400,2400,0,3021,75
02:28:48.185,active,15348,494,7600,16784,-3,95,57.9,45.5,No,2400,2400,0,3011,75
02:28:49.185,active,15374,460,7426,16786,-3,95,57.9,48.2,No,2400,2400,0,3015,75
02:28:50.187,active,15372,458,7060,16784,-6,95,56.8,51.6,No,2400,2400,0,3009,75
02:28:51.184,active,15359,296,7522,16786,-5,95,57.9,46.3,No,2400,2400,0,3000,75
02:28:52.184,active,15271,778,13176,16786,-3,95,58.4,44.2,No,2400,2400,0,3019,75
02:28:53.189,active,15273,712,10880,16786,0,95,58.4,46.7,No,2400,2400,0,3016,75
02:28:54.185,active,15311,684,10378,16784,0,95,58.4,48.2,No,2400,2400,0,3015,75
02:28:55.185,active,15288,690,10572,16786,-3,95,58.4,45.7,No,2400,2400,0,3015,75
02:28:56.184,active,15309,700,10802,16785,0,95,57.9,45.7,No,2400,2400,0,3005,75
02:28:57.184,active,15305,508,7812,16786,0,95,57.9,46.6,No,2400,2400,0,3018,75
02:28:58.184,active,15309,576,8816,16785,0,95,58.4,50.0,No,2400,2400,0,3005,75
02:28:59.187,active,15314,492,7542,16784,0,95,59.5,49.3,No,2400,2400,0,3013,75
02:29:00.190,active,15307,544,8352,16785,-3,95,58.4,45.6,No,2400,2400,0,3012,75
02:29:01.185,active,15281,826,13658,16789,0,95,57.9,48.5,No,2400,2400,0,3012,75
02:29:02.184,active,15290,824,12636,16787,-3,95,59.0,49.6,No,2400,2400,0,3015,75
02:29:03.184,active,15314,776,13734,16787,0,95,59.5,49.8,No,2400,2400,0,3017,75
02:29:04.184,active,15292,812,12442,16785,0,95,57.9,48.4,No,2400,2400,0,3009,75
02:29:05.185,active,15273,838,12848,16785,0,95,59.0,45.6,No,2400,2400,0,3004,75
02:29:06.185,active,15288,640,9818,16784,-5,95,59.0,46.6,No,2400,2400,0,3009,75
02:29:07.185,active,15258,838,12848,16783,-7,95,59.0,46.6,No,2400,2400,0,3009,75
02:29:08.184,active,15275,902,12532,16784,-5,95,58.4,48.1,No,2400,2400,0,3010,75
02:29:09.184,active,15266,808,12384,16786,-3,95,59.0,47.4,No,2400,2400,0,2999,75
02:29:10.188,active,15253,858,13194,16786,-3,95,59.5,48.1,No,2400,2400,0,4808,125
02:29:11.185,active,15335,460,7080,16785,-5,95,59.0,45.0,No,2400,2400,0,5095,125
02:29:12.185,active,15369,458,7040,16785,-6,95,59.0,47.6,No,2400,2400,0,5120,125
02:29:13.184,active,15354,440,8818,16784,-6,95,59.0,48.2,No,2400,2400,0,5118,125
02:29:14.184,active,15329,498,7658,16785,-3,95,57.9,46.7,No,2400,2400,0,5124,125
02:29:15.184,active,15350,480,6906,16785,-4,95,59.0,47.9,No,2400,2400,0,5127,125
02:29:16.189,active,15548,520,8024,16786,-3,95,59.5,47.8,No,2400,2400,0,5152,125
02:29:17.185,active,15326,664,7368,16786,-3,95,58.4,47.7,No,2400,2400,0,5158,125
02:29:18.184,active,15367,456,7022,16785,-4,95,57.9,48.0,No,2400,2400,0,5168,125
02:29:19.184,active,15288,730,6790,16787,0,95,58.4,48.7,No,2400,2400,0,5175,125
02:29:20.184,active,15309,544,8372,16785,0,95,59.0,49.5,No,2400,2400,0,5197,125
02:29:21.185,active,15311,474,7292,16785,0,95,60.0,49.6,No,2400,2400,0,5215,125
02:29:22.185,active,15307,470,8990,16784,0,95,59.0,47.6,No,2400,2400,0,5225,125
02:29:23.188,active,15320,474,7272,16784,0,95,59.0,48.0,No,2400,2400,0,5213,125
02:29:24.184,active,15309,484,7176,16787,3,95,58.4,48.6,No,2400,2400,0,5233,125
02:29:25.184,active,15311,450,6924,16786,0,95,57.9,48.8,No,2400,2400,0,5253,125
02:29:26.184,active,15316,432,7678,16785,0,95,59.0,52.8,No,2400,2400,0,5252,125
02:29:27.185,active,15318,480,7368,16786,-5,95,59.5,48.5,No,2400,2400,0,5259,125
02:29:28.185,active,15314,520,6866,16785,0,95,59.5,45.0,No,2400,2400,0,5271,125
02:29:29.186,active,15326,668,10262,16785,-4,95,58.4,46.4,No,2400,2400,0,5278,125
02:29:30.184,active,15273,706,10822,16786,-6,95,58.4,48.2,No,2400,2400,0,5295,125
02:29:31.184,active,15260,772,13002,16784,0,95,57.9,45.8,No,2400,2400,0,5302,125
02:29:32.184,active,15277,758,11594,16783,-5,95,59.0,46.4,No,2400,2400,0,5298,125
02:29:33.185,active,15251,750,12596,16784,-5,95,59.0,44.8,No,2400,2400,0,5312,125
02:29:34.188,active,15256,790,12076,16785,0,95,59.0,47.6,No,2400,2400,0,5316,125
02:29:35.185,sleep,15307,406,7832,16788,7,95,55.1,8.6,No,1500,2400,0,5364,125
02:29:36.185,sleep,15301,400,6154,16788,11,95,53.5,0.0,No,1500,2400,0,4694,75
02:29:37.184,sleep,15311,494,5420,16787,10,95,52.9,-0.0,No,1500,2400,0,3450,75
02:29:38.184,sleep,15311,180,2758,16788,11,95,52.4,-0.0,No,1500,2400,0,3282,75
02:29:39.185,sleep,15307,394,8662,16787,9,95,52.4,0.0,No,1500,2400,0,3264,75
02:29:40.185,sleep,15299,304,5940,16788,10,95,51.8,0.0,No,1500,2400,0,3260,75
02:29:41.185,sleep,15305,344,5286,16787,11,95,51.2,0.5,No,1500,2400,0,3247,75
02:29:42.184,sleep,15309,510,4416,16786,5,95,50.7,0.0,No,1500,2400,0,3240,75
02:29:43.184,sleep,15305,390,5980,16786,5,95,50.7,0.0,No,1500,2400,0,3239,75
02:29:44.184,sleep,15305,488,8082,16788,9,95,50.7,0.0,No,1500,2400,0,3227,75
02:29:45.184,sleep,15305,256,3934,16789,10,95,50.1,-0.0,No,1500,2400,0,3220,75
02:29:46.184,sleep,15301,552,4302,16789,10,95,50.1,-0.0,No,1500,2400,0,3235,75
02:29:47.184,sleep,15299,492,7542,16787,9,95,49.6,0.0,No,1500,2400,0,3228,75
02:29:48.184,sleep,15294,398,6886,16789,13,95,49.6,0.0,No,1500,2400,0,3203,75
02:29:49.185,sleep,15301,520,7986,16788,10,95,49.6,0.0,No,1500,2400,0,3206,75
02:29:50.188,active,15296,444,6828,16784,0,95,53.5,50.6,No,2400,2400,0,3180,75
02:29:51.185,active,15346,472,7528,16784,-5,95,53.5,48.9,No,2400,2400,0,3166,75
02:29:52.184,active,15324,504,7754,16784,-4,95,55.1,49.2,No,2400,2400,0,3151,75
02:29:53.184,active,15361,514,7426,16785,-4,95,56.8,48.1,No,2400,2400,0,3154,75
02:29:54.184,active,15107,476,7310,16784,0,95,56.2,45.8,No,2400,2400,0,3157,75
02:29:55.185,active,15322,638,7832,16784,0,95,55.6,44.9,No,2400,2400,0,3146,75
02:29:56.185,active,15333,476,7310,16785,-6,95,57.9,46.5,No,2400,2400,0,3131,75
02:29:57.187,active,15318,636,7330,16785,-3,95,56.2,46.6,No,2400,2400,0,3134,75
02:29:58.184,active,15324,648,9972,16784,-3,95,56.8,46.8,No,2400,2400,0,3138,75
02:29:59.184,active,15309,744,11400,16786,-4,95,57.3,47.0,No,2400,2400,0,3126,75
02:30:00.185,active,15305,414,12480,16786,-6,95,57.3,43.8,No,2400,2400,0,3123,75
02:30:01.189,active,15346,356,5478,16787,-7,95,57.3,48.2,No,2400,2400,0,3113,75
02:30:02.185,active,15311,432,9760,16787,0,95,57.3,48.5,No,2400,2400,0,3123,75
02:30:03.184,active,15303,498,7638,16784,-4,95,57.3,43.6,No,2400,2400,0,3113,75
02:30:04.184,active,15314,470,7388,16785,-3,95,57.3,44.0,No,2400,2400,0,3103,75
02:30:05.185,active,15307,484,7446,16786,-3,95,57.9,44.4,No,2400,2400,0,3112,75
02:30:06.185,active,15324,494,6636,16785,0,95,59.0,47.6,No,2400,2400,0,3108,75
02:30:07.185,active,15309,422,6462,16785,0,95,58.4,47.4,No,2400,2400,0,3106,75
02:30:08.185,active,15273,492,6694,16786,0,95,56.8,45.5,No,2400,2400,0,3103,75
02:30:09.184,active,15279,810,12308,16784,0,95,57.3,48.0,No,2400,2400,0,3097,75
02:30:10.184,active,15273,760,11652,16785,0,95,59.0,45.7,No,2400,2400,0,3078,75
02:30:11.184,active,15275,772,11998,16787,0,95,57.9,45.9,No,2400,2400,0,3074,75
02:30:12.185,active,15243,752,11536,16786,0,95,58.4,46.1,No,2400,2400,0,3076,75
02:30:13.185,active,15262,794,12076,16786,0,95,57.3,47.1,No,2400,2400,0,3075,75
02:30:14.184,active,15288,614,9432,16786,0,95,57.9,48.9,No,2400,2400,0,3086,75
02:30:15.184,active,15268,712,7792,16785,0,95,57.9,49.4,No,2400,2400,0,3081,75
02:30:16.184,active,15253,728,11150,16786,0,95,59.0,49.6,No,2400,2400,0,3083,75
02:30:17.188,active,15283,556,13504,16787,0,95,59.0,48.8,No,2400,2400,0,3080,75
02:30:18.185,active,15309,726,7546,16784,0,95,58.4,47.1,No,2400,2400,0,3075,75
02:30:19.185,active,15294,738,11342,16786,0,95,59.0,48.1,No,2400,2400,0,3074,75
02:30:20.184,active,15290,980,7022,16786,0,95,58.4,48.4,No,2400,2400,0,3078,75
02:30:21.184,active,15550,478,7368,16786,0,95,58.4,46.3,No,2400,2400,0,3067,75
02:30:22.184,active,15305,664,9028,16785,0,95,59.5,47.1,No,2400,2400,0,3043,75
02:30:23.185,active,15322,652,10012,16787,0,95,59.0,45.3,No,2400,2400,0,3050,75
02:30:24.186,active,15286,764,11188,16786,0,95,59.0,47.0,No,2400,2400,0,3055,75
02:30:25.184,active,15290,754,11554,16786,0,95,58.4,47.4,No,2400,2400,0,3057,75
02:30:26.184,active,15281,814,12480,16785,0,95,57.9,47.8,No,2400,2400,0,3060,75
02:30:27.184,active,15286,674,10320,16784,0,95,59.0,47.0,No,2400,2400,0,3045,75
02:30:28.189,active,15324,474,7272,16785,0,95,59.5,48.8,No,2400,2400,0,3049,75
02:30:29.185,active,15316,446,7176,16785,0,95,58.4,48.3,No,2400,2400,0,3035,75
02:30:30.189,active,15333,448,6886,16786,0,95,57.3,48.2,No,2400,2400,0,3052,75
02:30:31.184,active,15324,420,6578,16786,0,95,58.4,48.4,No,2400,2400,0,3055,75
02:30:32.184,active,15316,472,7234,16786,0,95,59.0,48.9,No,2400,2400,0,3054,75
02:30:33.184,active,15341,444,6752,16784,-5,95,59.0,48.8,No,2400,2400,0,3054,75
02:30:34.185,active,15331,514,7890,16784,-3,95,59.0,48.2,No,2400,2400,0,3054,75
02:30:35.185,active,15354,492,6096,16784,-7,95,58.4,47.7,No,2400,2400,0,3045,75
02:30:36.184,active,15344,474,7310,16783,-8,95,57.9,47.7,No,2400,2400,0,3048,75
02:30:37.184,active,15341,804,6886,16785,-7,95,57.9,52.2,No,2400,2400,0,3038,75
02:30:38.184,active,15288,702,12308,16786,0,95,59.5,54.1,No,2400,2400,0,3035,75
02:30:39.184,active,15305,788,12056,16787,-5,95,58.4,47.0,No,2400,2400,0,3041,75
02:30:40.185,active,15305,540,11998,16786,0,95,59.0,45.3,No,2400,2400,0,3036,75
02:30:41.189,active,15283,576,8834,16785,-6,95,58.4,50.0,No,2400,2400,0,3035,75
02:30:42.184,active,15309,434,11188,16785,0,95,57.9,45.4,No,2400,2400,0,3038,75
02:30:43.184,active,15307,432,6636,16785,0,95,59.0,48.2,No,2400,2400,0,3035,75
02:30:44.189,active,15311,516,7908,16785,0,95,60.0,48.5,No,2400,2400,0,3039,75
02:30:45.185,active,15303,484,7446,16785,0,95,59.0,46.1,No,2400,2400,0,3033,75
02:30:46.185,active,15314,310,4764,16785,0,95,59.0,46.9,No,2400,2400,0,3015,75
02:30:47.188,active,15281,768,12674,16785,0,95,58.4,50.6,No,2400,2400,0,3018,75
02:30:48.184,active,15288,820,12558,16784,0,95,59.0,51.0,No,2400,2400,0,3025,75
02:30:49.184,active,15283,820,12596,16785,0,95,60.0,50.6,No,2400,2400,0,3023,75
02:30:50.184,sleep,15301,490,7522,16786,4,95,55.6,10.8,No,2400,2400,0,3058,75
02:30:51.184,sleep,15296,470,7022,16788,10,95,55.6,0.0,No,2400,2400,0,3058,75
02:30:52.184,sleep,15301,566,8680,16787,12,95,55.1,0.0,No,2400,2400,0,3043,75
02:30:53.184,sleep,15301,412,6326,16788,12,95,55.1,0.0,No,2400,2400,0,3038,75
02:30:54.183,sleep,15299,472,7234,16788,11,95,54.0,-0.0,No,2400,2400,0,3055,75
02:30:55.185,sleep,15305,370,5670,16790,19,95,52.9,0.0,No,1500,2400,0,3062,75
02:30:56.185,sleep,15294,364,5574,16788,18,95,52.9,0.3,No,1500,2400,0,3061,75
02:30:57.184,sleep,15301,480,7368,16787,13,95,52.4,0.0,No,1500,2400,0,3057,75
02:30:58.184,sleep,15301,474,6424,16789,15,95,51.8,0.0,No,1500,2400,0,3066,75
02:30:59.184,sleep,15305,334,5130,16789,14,95,51.2,0.0,No,1500,2400,0,3054,75
02:31:00.184,sleep,15307,644,8776,16787,12,95,51.8,0.0,No,1500,2400,0,3067,75
02:31:01.184,sleep,15307,488,7484,16788,11,95,50.7,-0.0,No,1500,2400,0,3064,75
02:31:02.184,sleep,15303,552,8468,16787,9,95,50.7,-0.0,No,1500,2400,0,3054,75
02:31:03.185,sleep,15307,382,5864,16788,12,95,50.1,0.0,No,1500,2400,0,3054,75
02:31:04.185,sleep,15303,420,6424,16788,8,95,50.1,0.0,No,1500,2400,0,3060,75
02:31:05.184,active,15316,650,7688,16786,0,95,53.5,47.1,No,2400,2400,0,3023,75
02:31:06.184,active,15311,394,6056,16785,-6,95,54.5,46.7,No,2400,2400,0,3017,75
02:31:07.185,active,15314,480,7620,16785,-6,95,56.2,44.2,No,2400,2400,0,3018,75
02:31:08.185,active,15305,474,7272,16787,-3,95,56.2,45.2,No,2400,2400,0,3020,75
02:31:09.188,active,15314,468,7176,16785,0,95,56.2,43.7,No,2400,2400,0,3022,75
02:31:10.184,active,15322,452,6944,16784,0,95,56.2,46.4,No,2400,2400,0,3021,75
02:31:11.184,active,15337,500,7678,16785,-6,95,57.3,46.7,No,2400,2400,0,3025,75
02:31:12.185,active,15326,474,7350,16786,0,95,57.9,47.5,No,2400,2400,0,3021,75
02:31:13.185,active,15354,482,7408,16786,0,95,59.0,52.1,No,2400,2400,0,3012,75
02:31:14.185,active,15320,406,8448,16788,0,95,57.3,46.0,No,2400,2400,0,3026,75
02:31:15.184,active,15311,464,7118,16785,-3,95,56.2,43.1,No,2400,2400,0,3026,75
02:31:16.184,active,15273,806,12346,16787,0,95,57.9,44.5,No,2400,2400,0,3028,75
02:31:17.184,active,15288,672,11324,16785,-4,95,58.4,49.6,No,2400,2400,0,3028,75
02:31:18.184,active,15275,830,12712,16786,0,95,58.4,48.7,No,2400,2400,0,3013,75
02:31:19.185,active,15266,786,12250,16784,-5,95,58.4,43.8,No,2400,2400,0,3016,75
02:31:20.185,active,15279,838,12828,16785,0,95,57.3,44.0,No,2400,2400,0,3003,75
02:31:21.184,active,15275,296,7812,16783,-4,95,58.4,48.8,No,2400,2400,0,3015,75
02:31:22.184,active,15271,724,11092,16785,-4,95,57.9,47.6,No,2400,2400,0,3008,75
02:31:23.184,active,15281,764,11710,16786,-5,95,59.0,47.4,No,2400,2400,0,3026,75
02:31:24.185,active,15241,800,12210,16785,-3,95,59.0,47.0,No,2400,2400,0,3021,75
02:31:25.185,active,15359,522,8044,16785,0,95,58.4,45.3,No,2400,2400,0,3023,75
02:31:26.188,active,15290,656,10648,16784,0,95,57.9,48.5,No,2400,2400,0,3016,75
02:31:27.184,active,15322,678,10416,16785,0,95,58.4,48.6,No,2400,2400,0,3013,75
02:31:28.184,active,15288,658,10128,16786,-3,95,59.0,49.8,No,2400,2400,0,3023,75
02:31:29.184,active,15301,788,12096,16785,-5,95,59.0,48.5,No,2400,2400,0,3008,75
02:31:30.185,active,15290,658,10108,16785,0,95,59.0,47.0,No,2400,2400,0,3008,75
02:31:31.185,active,15290,858,9040,16786,0,95,58.4,48.4,No,2400,2400,0,3018,75
02:31:32.185,active,15283,870,13350,16787,0,95,58.4,47.5,No,2400,2400,0,3021,75
02:31:33.184,active,15292,804,10166,16785,-3,95,59.0,47.0,No,2400,2400,0,3011,75
02:31:34.184,active,15279,860,13176,16784,-4,95,60.0,48.5,No,2400,2400,0,3004,75
02:31:35.188,active,15318,456,7002,16785,0,95,59.5,47.4,No,2400,2400,0,3017,75
02:31:36.185,active,15307,468,7194,16786,-4,95,59.0,45.0,No,2400,2400,0,3020,75
02:31:37.185,active,15331,482,7388,16787,-5,95,58.4,46.6,No,2400,2400,0,3018,75
02:31:38.184,active,15318,464,7118,16786,-4,95,57.9,47.4,No,2400,2400,0,3019,75
02:31:39.184,active,15344,458,7022,16785,-5,95,58.4,48.7,No,2400,2400,0,3012,75
02:31:40.184,active,15326,516,7908,16785,-5,95,59.0,49.2,No,2400,2400,0,3988,125
02:31:41.185,active,15326,472,7272,16784,-3,95,59.0,48.2,No,2400,2400,0,5032,125
02:31:42.185,active,15346,434,8236,16784,-4,95,58.4,48.0,No,2400,2400,0,5115,125
02:31:43.184,active,15335,494,7580,16785,-4,95,58.4,48.1,No,2400,2400,0,5132,125
02:31:44.184,active,15286,866,13252,16786,-4,95,58.4,48.9,No,2400,2400,0,5137,125
02:31:45.184,active,15241,884,13658,16785,-4,95,59.0,48.8,No,2400,2400,0,5141,125
02:31:46.185,active,15311,830,12694,16786,-3,95,59.0,48.8,No,2400,2400,0,5144,125
02:31:47.185,active,15283,644,11382,16784,0,95,59.5,47.7,No,2400,2400,0,5154,125
02:31:48.189,active,15258,836,12808,16785,0,95,59.0,47.8,No,2400,2400,0,5168,125
02:31:49.184,active,15348,480,11554,16784,-4,95,59.0,53.6,No,2400,2400,0,5191,125
02:31:50.184,active,15279,594,9104,16786,0,95,59.0,49.9,No,2400,2400,0,5201,125
02:31:51.184,active,15301,514,11902,16787,0,95,58.4,46.7,No,2400,2400,0,5213,125
02:31:52.190,active,15331,432,6636,16787,0,95,60.0,47.9,No,2400,2400,0,5211,125
02:31:53.185,active,15346,498,9182,16784,-3,95,59.0,51.8,No,2400,2400,0,5223,125
02:31:54.185,active,15301,830,7774,16785,-8,95,59.0,47.0,No,2400,2400,0,5242,125
02:31:55.184,active,15283,850,13040,16784,-6,95,58.4,46.1,No,2400,2400,0,5246,125
02:31:56.184,active,15288,842,11420,16784,-6,95,60.6,46.5,No,2400,2400,0,5263,125
02:31:57.184,active,15268,830,12732,16784,-5,95,59.5,47.8,No,2400,2400,0,5277,125
02:31:58.185,active,15275,802,12462,16784,-5,95,59.5,44.9,No,2400,2400,0,5277,125
02:31:59.186,active,15281,842,12906,16783,-4,95,59.5,48.7,No,2400,2400,0,5290,125
02:32:00.184,active,15262,730,10628,16785,-3,95,59.0,52.9,No,2400,2400,0,5287,125
02:32:01.184,active,15292,746,11440,16784,0,95,59.5,52.9,No,2400,2400,0,5304,125
02:32:02.184,active,15247,742,12268,16786,-3,95,59.0,51.6,No,2400,2400,0,5309,125
02:32:03.185,active,15268,906,13870,16786,0,95,59.5,45.5,No,2400,2400,0,5321,125
02:32:04.185,active,15329,522,8044,16783,-5,95,59.5,50.6,No,2400,2400,0,5314,125
02:32:05.184,sleep,15305,538,8044,16786,6,95,56.2,12.8,No,2400,2400,0,5349,125
02:32:06.184,sleep,15299,458,7040,16786,6,95,55.1,-0.0,No,2400,2400,0,5364,125
02:32:07.184,sleep,15296,512,7234,16786,7,95,54.5,0.0,No,2400,2400,0,5360,125
02:32:08.184,sleep,15299,456,6982,16788,10,95,54.5,0.0,No,2400,2400,0,3839,75
02:32:09.184,sleep,15299,472,7426,16787,12,95,54.0,0.0,No,2400,2400,0,3337,75
02:32:10.184,sleep,15305,378,5806,16789,13,95,52.9,0.0,No,1500,2400,0,3255,75
02:32:11.184,sleep,15303,354,7832,16789,14,95,52.9,0.0,No,1500,2400,0,3243,75
02:32:12.184,sleep,15309,348,5342,16789,17,95,51.8,-0.0,No,1500,2400,0,3235,75
02:32:13.184,sleep,15301,474,7272,16790,17,95,51.8,0.0,No,1500,2400,0,3254,75
02:32:14.184,sleep,15307,574,8564,16789,12,95,51.2,-0.0,No,1500,2400,0,3251,75
02:32:15.184,sleep,15305,326,4996,16788,12,95,50.7,0.0,No,1500,2400,0,3248,75
02:32:16.184,sleep,15303,588,5188,16787,12,95,51.8,0.0,No,1500,2400,0,3240,75
02:32:17.184,sleep,15303,316,4842,16787,13,95,50.1,0.0,No,1500,2400,0,3239,75
02:32:18.184,sleep,15301,330,8564,16789,11,95,50.1,0.0,No,1500,2400,0,3221,75
02:32:19.184,sleep,15305,336,5150,16788,15,95,49.6,-0.0,No,1500,2400,0,3224,75
02:32:20.185,active,15348,476,7774,16785,0,95,53.5,46.9,No,2400,2400,0,3194,75
02:32:21.185,active,15339,486,7466,16785,-6,95,54.0,46.6,No,2400,2400,0,3168,75
02:32:22.187,active,15341,522,8024,16786,-6,95,54.5,45.7,No,2400,2400,0,3164,75
02:32:23.184,active,15273,616,12096,16784,-8,95,55.6,46.5,No,2400,2400,0,3153,75
02:32:24.184,active,15286,666,10204,16785,-4,95,57.3,48.1,No,2400,2400,0,3164,75
02:32:25.185,active,15266,618,10784,16784,-5,95,56.8,49.0,No,2400,2400,0,3161,75
02:32:26.185,active,15245,780,11922,16784,-7,95,56.8,44.8,No,2400,2400,0,3157,75
02:32:27.185,active,15275,566,12964,16785,-6,95,55.6,42.9,No,2400,2400,0,3147,75
02:32:28.184,active,15283,700,10726,16784,-4,95,56.8,44.8,No,2400,2400,0,3136,75
02:32:29.184,active,15299,776,11844,16784,-6,95,56.8,46.7,No,2400,2400,0,3124,75
02:32:30.189,active,15314,578,8892,16787,0,95,57.9,46.2,No,2400,2400,0,3137,75
02:32:31.185,active,15301,658,10088,16786,0,95,57.9,45.1,No,2400,2400,0,3140,75
02:32:32.185,active,15311,520,7986,16785,0,95,56.8,45.5,No,2400,2400,0,3128,75
02:32:33.186,active,15288,826,12674,16784,0,95,57.3,49.1,No,2400,2400,0,3116,75
02:32:34.184,active,15292,792,9780,16785,0,95,57.3,49.5,No,2400,2400,0,3105,75
02:32:35.184,active,15294,740,11362,16785,-4,95,57.9,48.7,No,2400,2400,0,3094,75
02:32:36.184,active,15292,536,10552,16783,0,95,58.4,46.3,No,2400,2400,0,3112,75
02:32:37.185,active,15299,732,11246,16786,-3,95,57.3,45.4,No,2400,2400,0,3103,75
02:32:38.185,active,15286,810,12404,16786,-6,95,57.3,48.5,No,2400,2400,0,3103,75
02:32:39.184,active,15292,840,12866,16785,0,95,58.4,48.5,No,2400,2400,0,3084,75
02:32:40.184,active,15275,820,12578,16785,-6,95,57.3,46.3,No,2400,2400,0,3078,75
02:32:41.184,active,15286,764,13246,16786,0,95,58.4,46.2,No,2400,2400,0,3088,75
02:32:42.188,active,15335,754,11574,16785,0,95,59.0,47.4,No,2400,2400,0,3095,75
02:32:43.185,active,15372,498,6712,16785,-5,95,58.4,47.2,No,2400,2400,0,3089,75
02:32:44.190,active,15318,480,7368,16786,-4,95,56.8,47.0,No,2400,2400,0,3090,75
02:32:45.184,active,15324,488,7504,16785,-6,95,57.3,47.1,No,2400,2400,0,3088,75
02:32:46.184,active,15331,516,7948,16784,0,95,58.4,47.9,No,2400,2400,0,3084,75
02:32:47.184,active,15363,464,7138,16785,0,95,59.0,48.1,No,2400,2400,0,3077,75
02:32:48.185,active,15354,434,6694,16785,-5,95,58.4,47.9,No,2400,2400,0,3066,75
02:32:49.185,active,15292,484,7466,16784,-3,95,57.9,47.2,No,2400,2400,0,3076,75
02:32:50.184,active,15376,486,8410,16785,0,95,57.3,46.9,No,2400,2400,0,4768,125
02:32:51.184,active,15565,464,7156,16786,0,95,57.3,48.9,No,2400,2400,0,5152,125
02:32:52.184,active,15305,598,9182,16785,0,95,58.4,48.9,No,2400,2400,0,5185,125
02:32:53.184,active,15299,440,6752,16785,0,95,59.5,48.8,No,2400,2400,0,5178,125
02:32:54.185,active,15314,526,8082,16784,0,95,59.0,47.7,No,2400,2400,0,5184,125
02:32:55.189,active,15309,472,8514,16785,0,95,58.4,48.2,No,2400,2400,0,5187,125
02:32:56.184,active,15314,574,8796,16785,0,95,57.3,47.9,No,2400,2400,0,5188,125
02:32:57.184,active,15320,494,7080,16784,0,95,57.9,48.9,No,2400,2400,0,5204,125
02:32:58.184,active,15311,494,7580,16784,0,95,59.0,49.0,No,2400,2400,0,5222,125
02:32:59.185,active,15316,522,7426,16786,0,95,59.5,48.1,No,2400,2400,0,5228,125
02:33:00.185,active,15309,494,7600,16786,0,95,57.9,47.7,No,2400,2400,0,5239,125
02:33:01.184,active,15279,800,12250,16786,0,95,57.9,51.7,No,2400,2400,0,5255,125
02:33:02.184,active,15279,794,13658,16784,0,95,58.4,47.7,No,2400,2400,0,5253,125
02:33:03.184,active,15275,808,12384,16786,0,95,57.9,46.1,No,2400,2400,0,5260,125
02:33:04.185,active,15275,852,11998,16784,-3,95,58.4,46.3,No,2400,2400,0,5265,125
02:33:05.188,active,15279,792,12134,16783,-6,95,59.0,46.6,No,2400,2400,0,5283,125
02:33:06.186,active,15268,782,13234,16786,-3,95,58.4,45.6,No,2400,2400,0,5285,125
02:33:07.184,active,15268,812,12442,16786,-5,95,58.4,45.7,No,2400,2400,0,5304,125
02:33:08.184,active,15281,726,11130,16784,-5,95,59.5,52.5,No,2400,2400,0,5311,125
02:33:09.184,active,15260,844,12906,16785,-5,95,59.0,49.6,No,2400,2400,0,5324,125
02:33:10.189,active,15277,704,10764,16783,0,95,59.5,49.6,No,2400,2400,0,5318,125
02:33:11.185,active,15365,518,7638,16784,0,95,58.4,49.2,No,2400,2400,0,5326,125
02:33:12.185,active,15346,452,6964,16783,-4,95,58.4,45.3,No,2400,2400,0,5337,125
02:33:13.184,active,15296,766,11728,16785,0,95,59.0,51.8,No,2400,2400,0,5326,125
02:33:14.184,active,15316,726,11150,16785,-3,95,59.5,53.0,No,2400,2400,0,5331,125
02:33:15.184,active,15320,470,7252,16786,0,95,60.6,49.4,No,2400,2400,0,5352,125
02:33:16.185,active,15286,834,11226,16785,-3,95,59.0,50.6,No,2400,2400,0,5349,125
02:33:17.186,active,15292,802,12308,16786,0,95,59.0,52.0,No,2400,2400,0,5364,125
02:33:18.184,active,15290,836,9394,16786,0,95,59.5,49.7,No,2400,2400,0,5356,125
02:33:19.184,active,15318,660,10146,16786,0,95,57.3,44.7,No,2400,2400,0,5354,125
02:33:20.184,sleep,15299,450,6924,16786,8,95,56.2,12.9,No,2400,2400,0,5389,125
02:33:21.184,sleep,15299,404,7562,16788,12,95,55.1,0.0,No,2400,2400,0,5396,125
02:33:22.184,sleep,15299,510,7812,16786,7,95,54.5,0.0,No,2400,2400,0,5410,75
02:33:23.184,sleep,15296,506,7870,16785,6,95,52.9,0.0,No,2400,2400,0,3636,75
02:33:24.184,sleep,15290,480,7368,16786,5,95,53.5,0.0,No,2400,2400,0,3312,75
02:33:25.185,sleep,15301,366,5632,16787,9,95,52.9,-0.0,No,1500,2400,0,3279,75
02:33:26.184,sleep,15301,576,8834,16787,14,95,52.4,0.0,No,1500,2400,0,3282,75
02:33:27.184,sleep,15303,154,2352,16787,13,95,52.4,-0.0,No,1500,2400,0,3282,75
02:33:28.184,sleep,15301,488,5324,16786,8,95,51.2,0.0,No,1500,2400,0,3282,75
02:33:29.184,sleep,15301,550,8430,16787,9,95,51.2,0.0,No,1500,2400,0,3272,75
02:33:30.184,sleep,15296,190,2912,16787,10,95,50.7,0.0,No,1500,2400,0,3270,75
02:33:31.184,sleep,15301,328,4610,16786,9,95,50.7,0.0,No,1500,2400,0,3258,75
02:33:32.184,sleep,15303,322,4958,16789,12,95,50.1,0.0,No,1500,2400,0,3252,75
02:33:33.184,sleep,15299,304,4358,16788,10,95,50.1,-0.0,No,1500,2400,0,3252,75
02:33:34.185,sleep,15299,406,6250,16788,8,95,49.6,0.3,No,1500,2400,0,3231,75
02:33:35.184,active,15238,764,11054,16786,0,95,52.9,43.9,No,2400,2400,0,3197,75
02:33:36.184,active,15271,700,10706,16785,-4,95,55.1,50.9,No,2400,2400,0,3193,75
02:33:37.184,active,15268,740,11342,16786,-3,95,55.1,48.2,No,2400,2400,0,3175,75
02:33:38.185,active,15253,812,12424,16785,-3,95,55.6,43.0,No,2400,2400,0,3177,75
02:33:39.185,active,15354,476,7330,16785,0,95,55.1,43.4,No,2400,2400,0,3181,75
02:33:40.185,active,15320,638,6866,16784,0,95,56.2,43.7,No,2400,2400,0,3169,75
02:33:41.184,active,15380,476,7350,16786,-3,95,55.6,45.1,No,2400,2400,0,3159,75
02:33:42.184,active,15320,484,7466,16785,-10,95,56.2,44.6,No,2400,2400,0,3143,75
02:33:43.184,active,15320,656,10070,16786,-5,95,56.8,45.2,No,2400,2400,0,3144,75
02:33:44.185,active,15292,650,10012,16785,-6,95,56.8,45.2,No,2400,2400,0,3146,75
02:33:45.185,active,15286,818,12538,16785,-6,95,57.3,50.4,No,2400,2400,0,3150,75
02:33:46.184,active,15294,738,11324,16783,-10,95,56.8,49.6,No,2400,2400,0,3146,75
02:33:47.184,active,15279,800,12578,16783,-7,95,56.8,50.1,No,2400,2400,0,3140,75
02:33:48.184,active,15322,444,6828,16784,-8,95,57.9,49.5,No,2400,2400,0,3113,75
02:33:49.185,active,15329,438,6712,16784,-3,95,57.9,46.2,No,2400,2400,0,3113,75
02:33:50.187,active,15311,488,7228,16783,-6,95,57.3,49.0,No,2400,2400,0,3111,75
02:33:51.185,active,15314,430,6596,16785,-5,95,56.8,46.7,No,2400,2400,0,3097,75
02:33:52.184,active,15322,496,8776,16785,-5,95,57.3,49.0,No,2400,2400,0,3101,75
02:33:53.184,active,15316,444,6810,16783,-8,95,57.3,47.8,No,2400,2400,0,3108,75
02:33:54.185,active,15329,456,7368,16783,-8,95,58.4,46.3,No,2400,2400,0,3108,75
02:33:55.185,active,15322,464,7138,16784,-7,95,57.9,45.5,No,2400,2400,0,3099,75
02:33:56.189,active,15341,484,7870,16783,-10,95,57.3,46.7,No,2400,2400,0,3098,75
02:33:57.184,active,15369,422,6500,16785,-6,95,57.9,49.6,No,2400,2400,0,3098,75
02:33:58.184,active,15264,820,12558,16785,0,95,57.9,48.2,No,2400,2400,0,3096,75
02:33:59.184,active,15251,690,11440,16783,-7,95,58.4,48.0,No,2400,2400,0,3091,75
02:34:00.185,active,15247,760,11612,16784,-6,95,59.0,47.6,No,2400,2400,0,3083,75
02:34:01.188,active,15281,544,11632,16784,-4,95,59.0,48.0,No,2400,2400,0,3087,75
02:34:02.185,active,15266,756,11574,16783,0,95,56.8,46.6,No,2400,2400,0,3086,75
02:34:03.184,active,15307,764,11690,16784,0,95,57.3,49.0,No,2400,2400,0,3080,75
02:34:04.184,active,15273,478,7330,16785,-4,95,58.4,49.0,No,2400,2400,0,3075,75
02:34:05.184,active,15307,690,10572,16786,-4,95,59.0,49.3,No,2400,2400,0,3077,75
02:34:06.185,active,15299,484,12326,16786,-6,95,59.0,48.2,No,2400,2400,0,3078,75
02:34:07.185,active,15322,638,9800,16784,0,95,57.3,48.1,No,2400,2400,0,3074,75
02:34:08.184,active,15292,474,7310,16784,0,95,57.3,47.7,No,2400,2400,0,3077,75
02:34:09.184,active,15296,662,7074,16785,0,95,57.9,48.8,No,2400,2400,0,3069,75
02:34:10.184,active,15292,672,10340,16785,0,95,59.0,48.8,No,2400,2400,0,3058,75
02:34:11.185,active,15296,834,7600,16785,0,95,58.4,48.6,No,2400,2400,0,3044,75
02:34:12.185,active,15290,744,11420,16786,0,95,58.4,51.4,No,2400,2400,0,3051,75
02:34:13.189,active,15292,872,9742,16786,0,95,58.4,48.4,No,2400,2400,0,3066,75
02:34:14.184,active,15296,802,12308,16786,0,95,57.3,46.1,No,2400,2400,0,3062,75
02:34:15.184,active,15299,692,11458,16786,0,95,59.5,47.3,No,2400,2400,0,3061,75
02:34:16.184,active,15281,796,12192,16786,0,95,59.5,51.4,No,2400,2400,0,3059,75
02:34:17.185,active,15339,532,8178,16784,0,95,59.5,52.0,No,2400,2400,0,3060,75
02:34:18.185,active,15279,892,7426,16785,-3,95,59.5,49.5,No,2400,2400,0,3056,75
02:34:19.188,active,15335,460,7060,16786,-3,95,57.9,46.1,No,2400,2400,0,3048,75
02:34:20.184,active,15335,456,7214,16787,-4,95,58.4,46.3,No,2400,2400,0,3024,75
02:34:21.184,active,15352,474,7292,16785,-8,95,58.4,47.1,No,2400,2400,0,3039,75
02:34:22.184,active,15329,524,8430,16785,-7,95,59.5,50.4,No,2400,2400,0,3049,75
02:34:23.185,active,15337,482,7408,16783,-7,95,59.5,47.4,No,2400,2400,0,3044,75
02:34:24.185,active,15299,716,12596,16783,-6,95,59.5,46.2,No,2400,2400,0,3042,75
02:34:25.184,active,15326,620,9510,16783,0,95,59.0,48.5,No,2400,2400,0,3045,75
02:34:26.184,active,15307,678,12828,16784,-4,95,59.5,47.9,No,2400,2400,0,3045,75
02:34:27.184,active,15307,494,9588,16785,-3,95,59.5,49.5,No,2400,2400,0,3040,75
02:34:28.185,active,15307,538,8256,16783,-5,95,59.5,49.7,No,2400,2400,0,3032,75
02:34:29.188,active,15316,518,10398,16785,-3,95,60.0,49.1,No,2400,2400,0,3037,75
02:34:30.185,active,15311,450,6906,16784,-3,95,57.9,46.4,No,2400,2400,0,3038,75
02:34:31.184,active,15316,450,8314,16785,0,95,59.5,49.0,No,2400,2400,0,3038,75
02:34:32.184,active,15337,490,7522,16784,0,95,59.5,48.2,No,2400,2400,0,3030,75
02:34:33.184,active,15307,490,8024,16783,-7,95,59.5,46.8,No,2400,2400,0,3032,75
02:34:34.185,active,15307,506,7754,16785,0,95,59.5,42.7,No,2400,2400,0,3025,75
02:34:35.184,sleep,15303,468,6268,16788,7,95,56.2,15.4,No,2400,2400,0,3043,75
02:34:36.184,sleep,15296,504,7716,16786,10,95,56.2,0.0,No,2400,2400,0,3054,75
02:34:37.184,sleep,15296,522,8006,16786,8,95,55.1,0.0,No,2400,2400,0,3051,75
02:34:38.184,sleep,15303,458,7022,16786,4,95,55.1,0.0,No,2400,2400,0,3044,75
02:34:39.184,sleep,15303,496,7620,16787,4,95,54.5,0.0,No,2400,2400,0,3048,75
02:34:40.185,sleep,15301,332,5112,16788,11,95,52.9,-0.0,No,1500,2400,0,3043,75
02:34:41.185,sleep,15305,356,5478,16788,12,95,52.9,0.3,No,1500,2400,0,3045,75
02:34:42.184,sleep,15303,504,7736,16787,12,95,52.4,-0.0,No,1500,2400,0,3059,75
02:34:43.184,sleep,15314,526,8064,16789,14,95,52.4,0.0,No,1500,2400,0,3043,75
02:34:44.184,sleep,15311,240,3684,16789,15,95,51.2,-0.0,No,1500,2400,0,3051,75
02:34:45.185,sleep,15309,278,4262,16788,14,95,50.7,0.0,No,1500,2400,0,3058,75
02:34:46.185,sleep,15305,520,7850,16788,10,95,51.8,0.0,No,1500,2400,0,3045,75
02:34:47.185,sleep,15303,528,8102,16789,14,95,51.2,0.2,No,1500,2400,0,3054,75
02:34:48.185,sleep,15303,284,4668,16789,12,95,50.7,0.3,No,1500,2400,0,3052,75
02:34:49.184,sleep,15296,308,4726,16788,12,95,50.1,0.0,No,1500,2400,0,3045,75
02:34:50.184,active,15288,626,9626,16785,0,95,54.0,44.0,No,2400,2400,0,3018,75
02:34:51.185,active,15296,930,14256,16784,-8,95,54.5,42.3,No,2400,2400,0,3010,75
02:34:52.185,active,15290,590,9066,16784,-8,95,55.1,44.0,No,2400,2400,0,3014,75
02:34:53.184,active,15292,878,13464,16784,-10,95,55.1,44.4,No,2400,2400,0,3022,75
02:34:54.184,active,15273,820,12578,16785,-11,95,56.2,46.1,No,2400,2400,0,3026,75
02:34:55.184,active,15333,758,13404,16786,-7,95,57.3,50.4,No,2400,2400,0,3014,75
02:34:56.188,active,15333,452,6944,16786,-4,95,57.3,48.0,No,2400,2400,0,3009,75
02:34:57.185,active,15348,432,6616,16786,-6,95,56.8,48.2,No,2400,2400,0,3020,75
02:34:58.186,active,15339,474,7310,16785,-6,95,56.8,48.8,No,2400,2400,0,3013,75
02:34:59.184,active,15335,484,7426,16784,-7,95,56.8,48.6,No,2400,2400,0,3018,75
02:35:00.184,active,15320,448,6886,16783,-7,95,57.3,46.3,No,2400,2400,0,3019,75
02:35:01.185,active,15316,440,6770,16783,-5,95,59.0,46.6,No,2400,2400,0,3008,75
02:35:02.191,active,15365,486,7484,16784,-6,95,58.4,47.8,No,2400,2400,0,3017,75
02:35:03.185,active,15372,426,6538,16783,-10,95,57.9,48.2,No,2400,2400,0,3019,75
02:35:04.184,active,15354,496,9606,16785,-7,95,57.3,47.3,No,2400,2400,0,3016,75
02:35:05.184,active,15256,784,11980,16785,-4,95,57.9,47.5,No,2400,2400,0,3012,75
02:35:06.184,active,15290,790,12096,16784,-7,95,58.4,48.5,No,2400,2400,0,3019,75
02:35:07.185,active,15290,616,9452,16784,-3,95,59.0,48.0,No,2400,2400,0,3005,75
02:35:08.185,active,15303,612,9374,16785,0,95,57.9,47.1,No,2400,2400,0,3009,75
02:35:09.185,active,15311,632,9702,16784,0,95,59.0,46.9,No,2400,2400,0,3016,75
02:35:10.184,active,15309,640,9818,16785,0,95,58.4,48.0,No,2400,2400,0,3009,75
02:35:11.184,active,15303,482,7408,16785,0,95,59.0,47.2,No,2400,2400,0,3019,75
02:35:12.184,active,15305,540,8276,16786,0,95,59.0,46.3,No,2400,2400,0,3016,75
02:35:13.185,active,15307,494,8468,16787,0,95,59.0,46.1,No,2400,2400,0,3015,75
02:35:14.185,active,15322,498,7638,16787,3,95,58.4,47.5,No,2400,2400,0,3941,125
02:35:15.184,active,15288,832,12752,16785,0,95,57.9,50.1,No,2400,2400,0,5018,125
02:35:16.184,active,15292,826,12674,16785,0,95,57.9,48.6,No,2400,2400,0,5086,125
02:35:17.184,active,15279,808,12384,16785,0,95,58.4,48.6,No,2400,2400,0,5093,125
02:35:18.184,active,15286,782,12472,16784,-3,95,58.4,48.5,No,2400,2400,0,5110,125
02:35:19.185,active,15273,788,12096,16786,-4,95,59.0,47.6,No,2400,2400,0,5117,125
02:35:20.189,active,15279,870,12018,16787,0,95,58.4,48.9,No,2400,2400,0,5149,125
02:35:21.184,active,15251,764,11710,16786,-5,95,57.9,47.8,No,2400,2400,0,5151,125
02:35:22.184,active,15271,776,12018,16785,-4,95,59.0,48.8,No,2400,2400,0,5184,125
02:35:23.184,active,15271,814,12462,16784,-5,95,59.5,48.8,No,2400,2400,0,5180,125
02:35:24.185,active,15365,532,8160,16785,-6,95,59.5,51.7,No,2400,2400,0,5184,125
02:35:25.185,active,15339,446,6866,16783,-5,95,59.0,46.5,No,2400,2400,0,5193,125
02:35:26.184,active,15309,472,7252,16783,-6,95,58.4,48.2,No,2400,2400,0,5218,125
02:35:27.184,active,15290,790,7250,16784,-4,95,59.0,49.6,No,2400,2400,0,5245,125
02:35:28.184,active,15322,462,7118,16784,-5,95,59.0,46.3,No,2400,2400,0,5238,125
02:35:29.184,active,15320,494,7176,16784,0,95,59.5,46.4,No,2400,2400,0,5242,125
02:35:30.185,active,15292,464,7156,16783,-4,95,59.0,44.8,No,2400,2400,0,5255,125
02:35:31.189,active,15326,654,7792,16785,0,95,60.0,47.9,No,2400,2400,0,5258,125
02:35:32.184,active,15283,796,12192,16783,-8,95,58.4,49.2,No,2400,2400,0,5266,125
02:35:33.184,active,15288,864,9992,16785,-7,95,58.4,46.4,No,2400,2400,0,5283,125
02:35:34.188,active,15322,480,7368,16785,-6,95,59.5,50.5,No,2400,2400,0,5284,125
02:35:35.191,active,15361,444,6810,16786,-3,95,60.0,52.0,No,2400,2400,0,5297,125
02:35:36.185,active,15350,502,9252,16784,-3,95,59.5,49.5,No,2400,2400,0,5308,125
02:35:37.185,active,15329,508,7792,16783,-3,95,59.0,50.0,No,2400,2400,0,5322,125
02:35:38.184,active,15372,448,8718,16784,-3,95,58.4,49.4,No,2400,2400,0,5312,125
02:35:39.184,active,15333,486,7466,16784,-4,95,60.0,50.9,No,2400,2400,0,5318,125
02:35:40.185,active,15320,706,7426,16784,0,95,59.5,49.2,No,2400,2400,0,5325,125
02:35:41.185,active,15318,506,7754,16785,0,95,59.0,49.6,No,2400,2400,0,5328,125
02:35:42.185,active,15329,496,7696,16786,0,95,58.4,42.7,No,2400,2400,0,5338,125
02:35:43.184,active,15346,492,7562,16783,0,95,59.0,48.5,No,2400,2400,0,5338,125
02:35:44.184,active,15271,808,12404,16784,-4,95,58.4,49.2,No,2400,2400,0,5363,125
02:35:45.184,active,15294,824,11632,16784,-3,95,59.5,47.6,No,2400,2400,0,5378,125
02:35:46.185,active,15277,772,11824,16784,-4,95,59.0,46.1,No,2400,2400,0,5365,125
02:35:47.185,active,15292,630,12538,16784,-4,95,59.0,42.3,No,2400,2400,0,5365,125
02:35:48.185,active,15251,778,11902,16784,-6,95,59.0,49.2,No,2400,2400,0,5360,125
02:35:49.184,active,15316,738,9472,16784,-5,95,57.9,50.0,No,2400,2400,0,5364,125
02:35:50.184,sleep,15305,460,7060,16786,0,95,56.2,16.4,No,2400,2400,0,5398,125
02:35:51.184,sleep,15299,432,6636,16786,5,95,54.5,0.0,No,2400,2400,0,5403,125
02:35:52.184,sleep,15307,396,6076,16785,4,95,54.5,0.0,No,2400,2400,0,5406,125
02:35:53.184,sleep,15296,482,7408,16786,7,95,54.0,-0.0,No,2400,2400,0,4283,75
02:35:54.184,sleep,15299,520,7986,16785,7,95,54.0,0.0,No,2400,2400,0,3426,75
02:35:55.184,sleep,15303,530,8120,16787,8,95,52.9,0.0,No,1500,2400,0,3305,75
02:35:56.185,sleep,15305,556,8526,16789,15,95,51.8,0.0,No,1500,2400,0,3284,75
02:35:57.184,sleep,15307,470,7194,16790,16,95,51.2,0.0,No,1500,2400,0,3275,75
02:35:58.184,sleep,15301,568,8738,16790,15,95,51.2,0.0,No,1500,2400,0,3273,75
02:35:59.184,sleep,15299,594,8592,16789,15,95,50.7,-0.0,No,1500,2400,0,3262,75
02:36:00.184,sleep,15294,428,6578,16788,13,95,50.1,-0.0,No,1500,2400,0,3274,75
02:36:01.184,sleep,15303,450,5478,16787,12,95,50.7,0.0,No,1500,2400,0,3276,75
02:36:02.184,sleep,15305,298,5980,16788,9,95,50.1,0.0,No,1500,2400,0,3264,75
02:36:03.184,sleep,15301,264,4050,16787,10,95,50.1,0.0,No,1500,2400,0,3253,75
02:36:04.185,sleep,15303,550,8942,16787,9,95,50.1,0.3,No,1500,2400,0,3241,75
02:36:05.184,active,15326,450,6924,16783,0,95,52.4,41.2,No,2400,2400,0,3214,75
02:36:06.184,active,15335,400,7736,16784,-7,95,53.5,49.9,No,2400,2400,0,3200,75
02:36:07.184,active,15341,426,6558,16785,-4,95,54.5,47.0,No,2400,2400,0,3200,75
02:36:08.184,active,15320,454,7446,16784,-3,95,55.1,45.7,No,2400,2400,0,3195,75
02:36:09.191,active,15354,432,6654,16784,-4,95,55.6,46.2,No,2400,2400,0,3172,75
02:36:10.185,active,15333,508,6732,16785,-7,95,55.1,46.7,No,2400,2400,0,3171,75
02:36:11.184,active,15367,424,6538,16785,-4,95,56.2,46.3,No,2400,2400,0,3169,75
02:36:12.184,active,15281,778,11922,16784,-5,95,56.2,49.1,No,2400,2400,0,3156,75
02:36:13.184,active,15275,502,9278,16783,-7,95,56.8,49.4,No,2400,2400,0,3146,75
02:36:14.188,active,15268,876,13406,16783,-7,95,57.3,46.2,No,2400,2400,0,3159,75
02:36:15.185,active,15305,458,12346,16784,0,95,56.2,45.2,No,2400,2400,0,3143,75
02:36:16.185,active,15260,664,10166,16785,0,95,56.8,47.1,No,2400,2400,0,3123,75
02:36:17.184,active,15316,494,10532,16786,0,95,56.8,49.5,No,2400,2400,0,3126,75
02:36:18.184,active,15307,472,7234,16786,0,95,57.3,46.4,No,2400,2400,0,3132,75
02:36:19.184,active,15305,560,8584,16784,0,95,57.9,46.0,No,2400,2400,0,3134,75
02:36:20.188,active,15305,424,6500,16785,0,95,57.3,45.9,No,2400,2400,0,3131,75
02:36:21.189,active,15316,472,7234,16784,0,95,57.3,46.6,No,2400,2400,0,3113,75
02:36:22.184,active,15294,894,10146,16784,0,95,56.8,47.4,No,2400,2400,0,3110,75
02:36:23.184,active,15296,788,12076,16783,-5,95,56.8,48.2,No,2400,2400,0,3102,75
02:36:24.184,active,15283,820,13522,16783,-4,95,57.3,47.1,No,2400,2400,0,3101,75
02:36:25.188,active,15286,852,13060,16785,0,95,57.9,47.9,No,2400,2400,0,3106,75
02:36:26.185,active,15277,1002,12018,16786,0,95,57.3,47.6,No,2400,2400,0,3109,75
02:36:27.185,active,15283,806,12346,16785,0,95,56.8,47.6,No,2400,2400,0,3104,75
02:36:28.184,active,15275,800,12268,16784,0,95,57.3,49.0,No,2400,2400,0,3104,75
02:36:29.184,active,15273,754,11554,16784,-3,95,57.9,49.0,No,2400,2400,0,3092,75
02:36:30.184,active,15247,782,11980,16785,0,95,58.4,48.9,No,2400,2400,0,3085,75
02:36:31.185,active,15348,438,7022,16785,-3,95,57.3,47.7,No,2400,2400,0,3085,75
02:36:32.185,active,15324,528,8102,16787,0,95,57.3,47.9,No,2400,2400,0,3066,75
02:36:33.184,active,15322,668,7716,16787,7,95,57.3,47.8,No,2400,2400,0,3067,75
02:36:34.184,active,15346,494,7600,16788,7,95,57.3,48.8,No,2400,2400,0,3074,75
02:36:35.184,active,15348,256,7040,16785,0,95,57.9,52.6,No,2400,2400,0,3074,75
02:36:36.185,active,15324,568,8718,16785,0,95,59.0,48.8,No,2400,2400,0,3072,75
02:36:37.185,active,15333,456,7002,16783,-6,95,57.3,47.0,No,2400,2400,0,3072,75
02:36:38.189,active,15318,470,7214,16783,-4,95,57.3,47.8,No,2400,2400,0,3068,75
02:36:39.184,active,15290,696,10668,16784,-4,95,58.4,47.8,No,2400,2400,0,3073,75
02:36:40.184,active,15329,656,10088,16785,-5,95,57.9,50.8,No,2400,2400,0,3064,75
02:36:41.184,active,15303,430,6596,16785,-4,95,59.0,46.5,No,2400,2400,0,3060,75
02:36:42.185,active,15309,520,8314,16785,-3,95,59.0,47.0,No,2400,2400,0,3065,75
02:36:43.185,active,15305,474,7292,16785,-3,95,58.4,45.1,No,2400,2400,0,3058,75
02:36:44.187,active,15316,496,7620,16785,0,95,58.4,46.8,No,2400,2400,0,3053,75
02:36:45.184,active,15372,464,7156,16785,0,95,59.0,51.2,No,2400,2400,0,3057,75
02:36:46.184,active,15314,440,6752,16784,0,95,59.0,46.3,No,2400,2400,0,3061,75
02:36:47.185,active,15322,474,7292,16785,0,95,59.0,48.7,No,2400,2400,0,3058,75
02:36:48.185,active,15359,514,7890,16786,0,95,60.0,49.9,No,2400,2400,0,3052,75
02:36:49.189,active,15363,452,5884,16785,0,95,59.5,51.4,No,2400,2400,0,3054,75
02:36:50.184,active,15288,704,7678,16785,-4,95,57.9,49.7,No,2400,2400,0,3036,75
02:36:51.184,active,15281,668,10244,16784,0,95,58.4,51.0,No,2400,2400,0,3037,75
02:36:52.185,active,15266,730,11188,16784,0,95,59.0,49.4,No,2400,2400,0,3037,75
02:36:53.188,active,15262,568,8700,16784,-3,95,59.0,47.2,No,2400,2400,0,3041,75
02:36:54.185,active,15251,672,10262,16783,0,95,59.5,48.6,No,2400,2400,0,3036,75
02:36:55.185,active,15307,700,10726,16783,-6,95,58.4,46.9,No,2400,2400,0,3029,125
02:36:56.184,active,15281,732,8666,16785,-5,95,58.4,49.1,No,2400,2400,0,4919,125
02:36:57.184,active,15314,762,11670,16785,-4,95,59.0,47.7,No,2400,2400,0,5131,125
02:36:58.185,active,15318,534,10108,16785,-3,95,59.5,49.2,No,2400,2400,0,5149,125
02:36:59.185,active,15290,622,9530,16785,-3,95,59.0,45.2,No,2400,2400,0,5150,125
02:37:00.185,active,15288,656,10070,16784,-3,95,58.4,44.1,No,2400,2400,0,5158,125
02:37:01.184,active,15290,884,13562,16784,0,95,57.9,49.4,No,2400,2400,0,5156,125
02:37:02.184,active,15279,706,10822,16783,-3,95,59.0,48.7,No,2400,2400,0,5166,125
02:37:03.184,active,15288,830,10706,16783,-4,95,60.6,46.7,No,2400,2400,0,5173,125
02:37:04.185,active,15292,678,10416,16785,0,95,59.5,46.1,No,2400,2400,0,5189,125
02:37:05.184,sleep,15299,484,7310,16787,5,95,56.8,15.2,No,2400,2400,0,5246,125
02:37:06.184,sleep,15303,482,7408,16787,6,95,56.2,0.0,No,2400,2400,0,5252,125
02:37:07.184,sleep,15307,544,8120,16786,3,95,55.1,-0.0,No,2400,2400,0,5264,125
02:37:08.184,sleep,15299,492,7562,16787,7,95,54.0,0.3,No,2400,2400,0,3751,75
02:37:09.184,sleep,15305,508,6924,16786,9,95,53.5,-0.0,No,2400,2400,0,3239,75
02:37:10.184,sleep,15309,440,7562,16788,9,95,52.9,0.0,No,1500,2400,0,3187,75
02:37:11.184,sleep,15299,522,8006,16789,15,95,51.8,0.0,No,1500,2400,0,3174,75
02:37:12.184,sleep,15305,346,7426,16790,17,95,51.8,0.0,No,1500,2400,0,3166,75
02:37:13.184,sleep,15303,486,7446,16790,17,95,52.4,0.0,No,1500,2400,0,3154,75
02:37:14.184,sleep,15301,486,5362,16788,17,95,51.2,-0.0,No,1500,2400,0,3169,75
02:37:15.184,sleep,15301,398,6114,16788,16,95,51.2,0.0,No,1500,2400,0,3176,75
02:37:16.184,sleep,15301,526,7696,16788,16,95,50.1,-0.0,No,1500,2400,0,3175,75
02:37:17.184,sleep,15305,590,9066,16788,14,95,50.1,0.0,No,1500,2400,0,3175,75
02:37:18.184,sleep,15303,498,7658,16788,15,95,50.1,0.0,No,1500,2400,0,3171,75
02:37:19.184,sleep,15305,504,4302,16788,13,95,50.7,0.0,No,1500,2400,0,3161,75
02:37:20.184,active,15275,784,12018,16784,0,95,54.0,41.6,No,2400,2400,0,3135,75
02:37:21.185,active,15301,370,9702,16784,-5,95,54.0,45.9,No,2400,2400,0,3118,75
02:37:22.185,active,15316,506,7774,16786,-3,95,55.1,48.5,No,2400,2400,0,3121,75
02:37:23.185,active,15305,662,10146,16785,0,95,54.5,46.0,No,2400,2400,0,3112,75
02:37:24.184,active,15305,502,7716,16785,-4,95,55.6,47.9,No,2400,2400,0,3113,75
02:37:25.184,active,15309,480,7368,16785,-6,95,56.8,47.8,No,2400,2400,0,3109,75
02:37:26.184,active,15316,374,7796,16786,-3,95,56.8,48.9,No,2400,2400,0,3106,75
02:37:27.185,active,15309,514,7870,16783,0,95,56.2,46.7,No,2400,2400,0,3094,75
02:37:28.185,active,15309,438,7638,16784,0,95,56.8,46.6,No,2400,2400,0,3088,75
02:37:29.184,active,15277,762,11670,16785,0,95,57.3,47.6,No,2400,2400,0,3080,75
02:37:30.184,active,15281,840,12866,16786,0,95,57.3,48.0,No,2400,2400,0,3082,75
02:37:31.184,active,15286,838,10032,16786,0,95,57.3,47.1,No,2400,2400,0,3083,75
02:37:32.185,active,15288,840,12848,16786,0,95,57.3,47.4,No,2400,2400,0,3091,75
02:37:33.185,active,15279,802,12308,16786,0,95,56.8,45.7,No,2400,2400,0,3087,75
02:37:34.185,active,15286,866,13272,16786,5,95,56.8,46.3,No,2400,2400,0,3076,75
02:37:35.184,active,15275,808,11652,16785,0,95,57.3,46.7,No,2400,2400,0,3084,75
02:37:36.184,active,15279,746,11420,16785,0,95,57.9,47.1,No,2400,2400,0,3070,75
02:37:37.184,active,15266,926,12346,16787,0,95,57.9,49.2,No,2400,2400,0,3066,75
02:37:38.189,active,15350,868,13292,16787,0,95,58.4,48.1,No,2400,2400,0,3060,75
02:37:39.185,active,15335,480,7388,16784,0,95,57.3,47.6,No,2400,2400,0,3063,75
02:37:40.184,active,15372,512,7542,16785,0,95,58.4,48.2,No,2400,2400,0,3057,75
02:37:41.184,active,15359,476,7350,16783,-3,95,57.3,49.2,No,2400,2400,0,3054,75
02:37:42.184,active,15320,420,6810,16784,-3,95,58.4,49.2,No,2400,2400,0,3054,75
02:37:43.184,active,15365,464,7156,16784,-3,95,57.9,49.0,No,2400,2400,0,3056,75
02:37:44.185,active,15311,496,7638,16785,0,95,58.4,48.0,No,2400,2400,0,3053,75
02:37:45.185,active,15324,662,10166,16784,-3,95,57.9,48.2,No,2400,2400,0,3057,75
02:37:46.184,active,15299,484,7466,16784,-5,95,57.9,49.5,No,2400,2400,0,3059,75
02:37:47.184,active,15290,650,6828,16787,0,95,57.9,51.9,No,2400,2400,0,3062,75
02:37:48.184,active,15301,494,7580,16783,-3,95,58.4,46.4,No,2400,2400,0,3049,75
02:37:49.185,active,15305,462,7098,16785,0,95,59.0,45.1,No,2400,2400,0,3044,75
02:37:50.185,active,15309,444,6810,16784,0,95,57.9,45.7,No,2400,2400,0,3044,75
02:37:51.184,active,15309,456,6982,16784,0,95,58.4,49.6,No,2400,2400,0,3046,75
02:37:52.184,active,15316,532,6326,16784,0,95,58.4,50.0,No,2400,2400,0,3054,75
02:37:53.184,active,15320,448,6866,16785,0,95,58.4,48.1,No,2400,2400,0,3045,75
02:37:54.185,active,15322,320,8064,16785,0,95,59.0,47.3,No,2400,2400,0,3045,75
02:37:55.185,active,15309,434,6654,16784,0,95,59.0,52.3,No,2400,2400,0,3046,75
02:37:56.190,active,15331,736,8178,16785,0,95,59.5,52.1,No,2400,2400,0,3045,75
02:37:57.184,active,15277,814,12230,16784,-4,95,57.9,50.0,No,2400,2400,0,3035,75
02:37:58.184,active,15281,812,12462,16785,0,95,59.5,53.8,No,2400,2400,0,3033,75
02:37:59.184,active,15275,668,11458,16783,0,95,60.0,50.4,No,2400,2400,0,3032,75
02:38:00.185,active,15288,766,11728,16784,-3,95,57.9,47.9,No,2400,2400,0,3040,75
02:38:01.185,active,15271,700,10340,16785,0,95,59.5,51.9,No,2400,2400,0,3040,75
02:38:02.188,active,15268,890,13638,16784,0,95,58.4,48.6,No,2400,2400,0,3041,75
02:38:03.184,active,15273,754,11554,16784,0,95,58.4,50.3,No,2400,2400,0,3041,75
02:38:04.184,active,15268,576,8834,16783,-6,95,59.5,48.6,No,2400,2400,0,3037,75
02:38:05.184,active,15271,830,12712,16784,-3,95,59.5,46.1,No,2400,2400,0,3020,75
02:38:06.185,active,15320,810,9374,16785,-3,95,59.5,42.9,No,2400,2400,0,3035,75
02:38:07.185,active,15369,484,7446,16786,0,95,59.0,45.3,No,2400,2400,0,3033,75
02:38:08.184,active,15290,680,10456,16785,0,95,59.5,47.7,No,2400,2400,0,3729,125
02:38:09.184,active,15292,852,13040,16784,-4,95,59.5,49.7,No,2400,2400,0,5014,125
02:38:10.184,active,15275,856,13118,16783,-5,95,60.0,49.4,No,2400,2400,0,5115,125
02:38:11.185,active,15288,798,10860,16784,-9,95,60.0,46.2,No,2400,2400,0,5131,125
02:38:12.189,active,15292,810,12424,16784,-8,95,59.5,49.1,No,2400,2400,0,5136,125
02:38:13.188,active,15292,858,7908,16785,-4,95,60.0,47.8,No,2400,2400,0,5136,125
02:38:14.184,active,15290,832,12752,16785,0,95,59.0,46.2,No,2400,2400,0,5145,125
02:38:15.184,active,15271,802,12906,16785,-3,95,60.0,45.8,No,2400,2400,0,5156,125
02:38:16.185,active,15322,420,7252,16784,0,95,59.5,45.8,No,2400,2400,0,5167,125
02:38:17.189,active,15341,528,8120,16784,-3,95,59.5,46.0,No,2400,2400,0,5178,125
02:38:18.185,active,15333,480,7600,16783,0,95,59.0,45.2,No,2400,2400,0,5194,125
02:38:19.184,active,15324,482,7388,16783,-3,95,59.0,44.8,No,2400,2400,0,5206,125
02:38:20.184,sleep,15307,500,7466,16785,0,95,56.8,17.1,No,2400,2400,0,5247,125
02:38:21.184,sleep,15307,554,8506,16787,8,95,56.2,0.0,No,2400,2400,0,5260,125
02:38:22.184,sleep,15303,694,8236,16785,8,95,55.6,0.0,No,2400,2400,0,5281,125
02:38:23.184,sleep,15296,574,8816,16787,3,95,54.5,0.0,No,2400,2400,0,5282,125
02:38:24.184,sleep,15296,434,6654,16789,9,95,54.5,0.0,No,2400,2400,0,3556,75
02:38:25.185,sleep,15296,292,4494,16787,12,95,52.9,-0.0,No,1500,2400,0,3237,75
02:38:26.184,sleep,15296,528,8102,16788,12,95,54.0,-0.0,No,1500,2400,0,3203,75
02:38:27.184,sleep,15301,564,8488,16787,14,95,52.4,0.0,No,1500,2400,0,3192,75
02:38:28.184,sleep,15303,220,3376,16788,15,95,51.2,0.0,No,1500,2400,0,3187,75
02:38:29.184,sleep,15307,374,5652,16788,15,95,51.2,0.0,No,1500,2400,0,3191,75
02:38:30.184,sleep,15303,152,2334,16787,12,95,51.2,0.0,No,1500,2400,0,3179,75
02:38:31.184,sleep,15305,244,3742,16788,12,95,51.2,0.3,No,1500,2400,0,3182,75
02:38:32.184,sleep,15301,610,9356,16789,12,95,50.7,0.0,No,1500,2400,0,3182,75
02:38:33.184,sleep,15303,282,4340,16788,11,95,50.7,0.0,No,1500,2400,0,3190,75
02:38:34.185,sleep,15305,204,9268,16787,6,95,50.7,-0.0,No,1500,2400,0,3180,75
02:38:35.185,active,15296,718,11014,16783,-3,95,53.5,40.5,No,2400,2400,0,3141,75
02:38:36.184,active,15301,514,7908,16784,-10,95,54.5,45.8,No,2400,2400,0,3136,75
02:38:37.184,active,15333,656,10088,16783,-10,95,55.1,46.3,No,2400,2400,0,3135,75
02:38:38.184,active,15283,634,9742,16785,-6,95,56.2,46.3,No,2400,2400,0,3136,75
02:38:39.185,active,15294,822,12596,16784,-7,95,57.3,45.8,No,2400,2400,0,3125,75
02:38:40.185,active,15288,806,12346,16785,-5,95,56.8,48.1,No,2400,2400,0,3118,75
02:38:41.190,active,15283,730,10146,16785,-5,95,56.2,47.6,No,2400,2400,0,3108,75
02:38:42.184,active,15273,784,11998,16784,-3,95,56.2,45.7,No,2400,2400,0,3114,75
02:38:43.184,active,15277,774,13002,16785,0,95,58.4,47.1,No,2400,2400,0,3104,75
02:38:44.184,active,15316,508,12500,16785,-3,95,57.9,47.9,No,2400,2400,0,3112,75
02:38:45.185,active,15337,534,8198,16784,-4,95,57.3,46.7,No,2400,2400,0,3105,75
02:38:46.189,active,15329,464,7774,16783,-7,95,57.3,46.5,No,2400,2400,0,3093,75
02:38:47.184,active,15337,472,7252,16783,-3,95,57.3,48.1,No,2400,2400,0,3094,75
02:38:48.184,active,15341,448,9028,16784,0,95,57.9,48.8,No,2400,2400,0,3094,75
02:38:49.184,active,15322,504,7736,16785,-4,95,59.0,48.8,No,2400,2400,0,3083,75
02:38:50.185,active,15359,496,7330,16785,0,95,58.4,48.3,No,2400,2400,0,3072,75
02:38:51.185,active,15337,428,6578,16786,0,95,58.4,48.0,No,2400,2400,0,3079,75
02:38:52.190,active,15361,556,8546,16784,0,95,57.9,48.1,No,2400,2400,0,3073,75
02:38:53.184,active,15359,516,7948,16784,0,95,57.9,49.4,No,2400,2400,0,3075,75
02:38:54.184,active,15245,824,12596,16785,0,95,58.4,48.8,No,2400,2400,0,3069,75
02:38:55.184,active,15305,622,11498,16784,0,95,59.0,49.3,No,2400,2400,0,3058,75
02:38:56.185,active,15286,694,10648,16784,0,95,59.0,47.7,No,2400,2400,0,3068,75
02:38:57.185,active,15303,924,13098,16786,0,95,57.9,47.9,No,2400,2400,0,3060,75
02:38:58.184,active,15301,518,7948,16787,0,95,58.4,52.7,No,2400,2400,0,3066,75
02:38:59.184,active,15309,524,8024,16787,0,95,58.4,48.5,No,2400,2400,0,3071,75
02:39:00.184,active,15305,494,7580,16784,0,95,58.4,46.0,No,2400,2400,0,3070,75
02:39:01.185,active,15311,386,5922,16785,-4,95,59.5,47.1,No,2400,2400,0,3062,75
02:39:02.185,active,15311,446,8006,16784,-3,95,59.0,46.4,No,2400,2400,0,3068,75
02:39:03.189,active,15316,512,7850,16784,0,95,58.4,48.1,No,2400,2400,0,3060,75
02:39:04.184,active,15283,798,12230,16783,0,95,57.9,45.6,No,2400,2400,0,3048,75
02:39:05.184,active,15307,728,11170,16784,0,95,59.0,46.9,No,2400,2400,0,3041,75
02:39:06.184,active,15290,748,11458,16785,0,95,59.0,49.1,No,2400,2400,0,3044,75
02:39:07.185,active,15279,854,12866,16786,-3,95,59.5,46.3,No,2400,2400,0,3053,75
02:39:08.185,active,15271,924,14160,16785,0,95,59.0,49.2,No,2400,2400,0,3049,75
02:39:09.185,active,15281,716,12906,16785,0,95,59.0,48.4,No,2400,2400,0,3035,75
02:39:10.184,active,15281,802,12288,16783,0,95,59.5,48.0,No,2400,2400,0,3037,75
02:39:11.184,active,15260,726,12056,16783,-6,95,59.5,54.9,No,2400,2400,0,3045,75
02:39:12.185,active,15271,708,10860,16785,0,95,59.5,50.0,No,2400,2400,0,3049,75
02:39:13.189,active,15286,714,10956,16784,-3,95,59.5,48.5,No,2400,2400,0,3029,75
02:39:14.185,active,15372,510,7562,16784,-6,95,59.0,51.1,No,2400,2400,0,3036,75
02:39:15.184,active,15357,484,7466,16784,0,95,58.4,49.7,No,2400,2400,0,3042,75
02:39:16.184,active,15290,666,7542,16785,0,95,59.0,48.2,No,2400,2400,0,3041,75
02:39:17.184,active,15326,692,10628,16785,3,95,59.5,46.9,No,2400,2400,0,3030,75
02:39:18.185,active,15299,510,7832,16785,0,95,59.5,47.9,No,2400,2400,0,3033,75
02:39:19.185,active,15367,498,7696,16784,0,95,59.0,44.4,No,2400,2400,0,4596,125
02:39:20.185,active,15286,578,8874,16786,0,95,58.4,47.4,No,2400,2400,0,5086,125
02:39:21.184,active,15277,778,12152,16785,0,95,60.0,49.9,No,2400,2400,0,5122,125
02:39:22.184,active,15309,576,8854,16785,0,95,59.0,45.9,No,2400,2400,0,5133,125
02:39:23.185,active,15344,668,10244,16784,-3,95,59.5,47.6,No,2400,2400,0,5133,125
02:39:24.189,active,15314,522,8024,16785,0,95,58.4,47.7,No,2400,2400,0,5150,125
02:39:25.188,active,15322,552,8468,16783,0,95,60.0,48.1,No,2400,2400,0,5165,125
02:39:26.184,active,15309,544,8314,16786,0,95,59.5,45.4,No,2400,2400,0,5171,125
02:39:27.184,active,15324,510,7850,16785,0,95,59.0,46.2,No,2400,2400,0,5184,125
02:39:28.184,active,15322,538,8024,16785,0,95,59.5,46.9,No,2400,2400,0,5191,125
02:39:29.189,active,15316,492,7562,16786,0,95,59.5,46.9,No,2400,2400,0,5204,125
02:39:30.184,active,15329,510,7850,16785,0,95,59.0,45.3,No,2400,2400,0,5211,125
02:39:31.185,active,15322,562,8622,16785,0,95,59.0,46.6,No,2400,2400,0,5220,125
02:39:32.184,active,15288,886,13580,16783,-3,95,59.0,46.6,No,2400,2400,0,5240,125
02:39:33.184,active,15294,726,13156,16784,-4,95,59.0,48.3,No,2400,2400,0,5240,125
02:39:34.185,active,15268,788,12076,16784,0,95,60.0,52.1,No,2400,2400,0,5247,125
02:39:35.184,sleep,15296,474,7272,16787,0,95,56.2,18.1,No,2400,2400,0,5291,125
02:39:36.184,sleep,15301,462,7098,16789,8,95,55.6,0.3,No,2400,2400,0,5316,125
02:39:37.184,sleep,15303,448,6866,16788,7,95,55.6,0.0,No,2400,2400,0,5321,125
02:39:38.184,sleep,15292,520,6866,16787,10,95,54.5,0.0,No,2400,2400,0,5321,125
02:39:39.184,sleep,15299,468,7176,16787,6,95,54.5,0.0,No,2400,2400,0,5262,75
02:39:40.185,sleep,15301,172,8950,16786,8,95,52.9,0.0,No,1500,2400,0,3519,75
02:39:41.185,sleep,15296,368,4116,16788,16,95,52.4,0.3,No,1500,2400,0,3252,75
02:39:42.185,sleep,15305,514,7870,16788,12,95,51.2,-0.0,No,1500,2400,0,3230,75
02:39:43.184,sleep,15305,302,8044,16789,15,95,51.8,0.0,No,1500,2400,0,3234,75
02:39:44.184,sleep,15305,428,6558,16789,14,95,52.9,-0.0,No,1500,2400,0,3228,75
02:39:45.184,sleep,15305,250,4494,16790,13,95,50.7,0.0,No,1500,2400,0,3211,75
02:39:46.185,sleep,15301,550,8430,16788,12,95,51.2,0.0,No,1500,2400,0,3213,75
02:39:47.185,sleep,15299,356,5478,16789,12,95,51.2,0.0,No,1500,2400,0,3208,75
02:39:48.184,sleep,15301,348,5342,16788,12,95,50.1,0.0,No,1500,2400,0,3208,75
02:39:49.185,sleep,15305,612,9394,16787,14,95,49.6,0.3,No,1500,2400,0,3213,75
02:39:50.184,active,15301,406,9086,16784,0,95,53.5,40.6,No,2400,2400,0,3186,75
02:39:51.184,active,15303,496,7600,16786,-8,95,54.5,48.1,No,2400,2400,0,3174,75
02:39:52.185,active,15307,664,8816,16786,0,95,55.6,46.5,No,2400,2400,0,3166,75
02:39:53.188,active,15314,394,6056,16785,-6,95,55.1,46.9,No,2400,2400,0,3165,75
02:39:54.184,active,15307,508,7792,16784,-5,95,55.1,46.7,No,2400,2400,0,3143,75
02:39:55.184,active,15311,548,8410,16784,-5,95,55.6,47.5,No,2400,2400,0,3139,75
02:39:56.184,active,15311,508,7792,16784,0,95,56.8,48.5,No,2400,2400,0,3128,75
02:39:57.188,active,15314,448,7060,16784,0,95,57.3,47.1,No,2400,2400,0,3131,75
02:39:58.185,active,15322,462,7080,16786,-4,95,57.3,45.9,No,2400,2400,0,3131,75
02:39:59.191,active,15322,466,6810,16784,0,95,56.8,46.7,No,2400,2400,0,3117,75
02:40:00.184,active,15286,760,11632,16785,-3,95,56.8,48.2,No,2400,2400,0,3113,75
02:40:01.184,active,15271,796,12192,16783,-5,95,57.3,49.4,No,2400,2400,0,3124,75
02:40:02.184,active,15279,832,12558,16785,-4,95,57.3,49.5,No,2400,2400,0,3111,75
02:40:03.185,active,15260,782,11980,16785,-4,95,57.9,47.8,No,2400,2400,0,3100,75
02:40:04.185,active,15273,828,13484,16785,0,95,57.3,48.0,No,2400,2400,0,3098,75
02:40:05.184,active,15277,816,12500,16785,0,95,57.3,49.8,No,2400,2400,0,3098,75
02:40:06.184,active,15273,644,11806,16783,0,95,57.3,48.8,No,2400,2400,0,3095,75
02:40:07.184,active,15245,732,11188,16784,0,95,58.4,48.8,No,2400,2400,0,3079,75
02:40:08.184,active,15273,774,12596,16786,0,95,59.0,49.3,No,2400,2400,0,3094,75
02:40:09.189,active,15277,612,9374,16787,0,95,57.3,48.7,No,2400,2400,0,3098,75
02:40:10.185,active,15352,480,7388,16784,0,95,57.3,52.7,No,2400,2400,0,3091,75
02:40:11.184,active,15322,630,7948,16785,0,95,57.3,47.6,No,2400,2400,0,3076,75
02:40:12.184,active,15352,462,7118,16786,0,95,57.3,47.4,No,2400,2400,0,3077,75
02:40:13.184,active,15290,474,7292,16784,0,95,59.0,46.3,No,2400,2400,0,3075,75
02:40:14.185,active,15316,618,9490,16786,0,95,58.4,47.2,No,2400,2400,0,3076,75
02:40:15.185,active,15290,536,8236,16785,0,95,57.9,47.1,No,2400,2400,0,3076,75
02:40:16.184,active,15296,818,6906,16785,0,95,57.9,48.5,No,2400,2400,0,3076,75
02:40:17.184,active,15283,656,10070,16784,0,95,57.9,46.1,No,2400,2400,0,3080,75
02:40:18.184,active,15288,808,9298,16783,0,95,58.4,48.1,No,2400,2400,0,3070,75
02:40:19.187,active,15314,490,7504,16784,0,95,59.0,49.1,No,2400,2400,0,3060,75
02:40:20.189,active,15324,496,7600,16784,-3,95,59.0,53.2,No,2400,2400,0,3059,75
02:40:21.185,active,15341,440,7538,16784,-3,95,57.3,48.7,No,2400,2400,0,3062,75
02:40:22.184,active,15333,414,6346,16784,0,95,59.5,53.2,No,2400,2400,0,3093,125
02:40:23.184,active,15316,666,7774,16785,0,95,59.5,47.8,No,2400,2400,0,4971,125
02:40:24.189,active,15316,516,7908,16785,0,95,60.0,50.8,No,2400,2400,0,5140,125
02:40:25.185,active,15314,742,7408,16785,0,95,60.0,50.6,No,2400,2400,0,5152,125
02:40:26.185,active,15320,522,8024,16785,0,95,59.0,50.1,No,2400,2400,0,5165,125
02:40:27.185,active,15331,436,7620,16784,0,95,58.4,47.3,No,2400,2400,0,5181,125
02:40:28.184,active,15281,610,12250,16786,3,95,59.0,48.3,No,2400,2400,0,5187,125
02:40:29.184,active,15318,682,10474,16784,0,95,59.0,47.9,No,2400,2400,0,5188,125
02:40:30.184,active,15266,774,13060,16785,3,95,60.0,44.9,No,2400,2400,0,5195,125
02:40:31.185,active,15290,704,10802,16787,0,95,59.0,46.7,No,2400,2400,0,5201,125
02:40:32.185,active,15260,658,10108,16788,4,95,59.0,48.6,No,2400,2400,0,5218,125
02:40:33.184,active,15271,596,9124,16787,5,95,58.4,49.7,No,2400,2400,0,5232,125
02:40:34.184,active,15281,710,10880,16786,6,95,58.4,49.2,No,2400,2400,0,5232,125
02:40:35.185,active,15318,672,11856,16785,3,95,59.0,46.8,No,2400,2400,0,5249,125
02:40:36.185,active,15314,652,9992,16787,8,95,59.0,45.9,No,2400,2400,0,5250,125
02:40:37.185,active,15290,712,12096,16787,6,95,59.0,45.4,No,2400,2400,0,5250,125
02:40:38.185,active,15288,848,13002,16787,6,95,57.9,46.9,No,2400,2400,0,5277,125
02:40:39.184,active,15283,766,11728,16785,3,95,59.0,46.6,No,2400,2400,0,5288,125
02:40:40.184,active,15292,716,10976,16785,3,95,59.0,47.2,No,2400,2400,0,5299,125
02:40:41.185,active,15273,866,13252,16786,4,95,59.0,46.4,No,2400,2400,0,5298,125
02:40:42.189,active,15283,808,13134,16785,4,95,59.5,46.3,No,2400,2400,0,5297,125
02:40:43.185,active,15299,770,11806,16785,3,95,58.4,45.8,No,2400,2400,0,5307,125
02:40:44.184,active,15286,802,10224,16786,0,95,59.0,45.5,No,2400,2400,0,5316,125
02:40:45.184,active,15277,814,12480,16786,0,95,59.0,51.1,No,2400,2400,0,5311,125
02:40:46.184,active,15320,768,13310,16787,0,95,59.5,51.0,No,2400,2400,0,5339,125
02:40:47.185,active,15322,502,7716,16785,0,95,59.5,48.4,No,2400,2400,0,5349,125
02:40:48.185,active,15350,510,7850,16785,0,95,59.0,48.6,No,2400,2400,0,5352,125
02:40:49.185,active,15318,494,7856,16785,0,95,57.9,48.5,No,2400,2400,0,5342,125
02:40:50.184,sleep,15301,500,7678,16787,4,95,56.2,19.8,No,2400,2400,0,5388,125
02:40:51.184,sleep,15299,460,7388,16787,7,95,55.1,0.0,No,2400,2400,0,5386,125
02:40:52.184,sleep,15307,458,7040,16785,8,95,54.5,0.0,No,2400,2400,0,5394,125
02:40:53.184,sleep,15296,472,8276,16788,10,95,54.0,0.0,No,2400,2400,0,4526,75
02:40:54.184,sleep,15301,482,7388,16787,9,95,53.5,0.0,No,2400,2400,0,3439,75
02:40:55.185,sleep,15305,360,6964,16788,12,95,52.9,0.0,No,1500,2400,0,3293,75
02:40:56.185,sleep,15301,490,7504,16789,15,95,51.8,-0.0,No,1500,2400,0,3277,75
02:40:57.185,sleep,15301,406,6230,16789,16,95,51.2,-0.0,No,1500,2400,0,3276,75
02:40:58.184,sleep,15307,516,5498,16789,17,95,51.2,0.0,No,1500,2400,0,3254,75
02:40:59.184,sleep,15305,600,9202,16787,14,95,51.2,0.3,No,1500,2400,0,3254,75
02:41:00.184,sleep,15299,292,3818,16789,11,95,50.1,0.0,No,1500,2400,0,3250,75
02:41:01.185,sleep,15311,562,8642,16790,15,95,50.7,0.0,No,1500,2400,0,3245,75
02:41:02.185,sleep,15305,554,3490,16788,15,95,50.1,0.0,No,1500,2400,0,3252,75
02:41:03.185,sleep,15303,352,5382,16788,14,95,50.1,0.0,No,1500,2400,0,3236,75
02:41:04.185,sleep,15299,512,4088,16788,14,95,49.0,-0.0,No,1500,2400,0,3243,75
02:41:05.185,active,15303,430,6596,16784,0,95,52.9,37.6,No,2400,2400,0,3217,75
02:41:06.185,active,15288,796,12192,16785,-7,95,52.9,47.4,No,2400,2400,0,3187,75
02:41:07.184,active,15288,800,10714,16785,-11,95,54.0,49.1,No,2400,2400,0,3180,75
02:41:08.184,active,15275,866,13252,16787,-5,95,56.2,46.9,No,2400,2400,0,3175,75
02:41:09.185,active,15290,700,12268,16785,0,95,55.6,46.7,No,2400,2400,0,3162,75
02:41:10.185,active,15275,790,12134,16786,-4,95,56.8,49.6,No,2400,2400,0,3161,75
02:41:11.189,active,15266,802,12152,16785,0,95,56.2,48.0,No,2400,2400,0,3163,75
02:41:12.184,active,15281,832,12732,16785,3,95,56.2,48.3,No,2400,2400,0,3153,75
02:41:13.184,active,15266,746,11902,16784,0,95,56.2,48.7,No,2400,2400,0,3149,75
02:41:14.184,active,15273,772,11824,16785,0,95,57.3,48.7,No,2400,2400,0,3154,75
02:41:15.188,active,15258,538,11748,16784,0,95,55.6,50.2,No,2400,2400,0,3133,75
02:41:16.185,active,15348,464,6982,16784,0,95,57.3,47.6,No,2400,2400,0,3117,75
02:41:17.191,active,15335,474,7292,16784,0,95,56.8,48.2,No,2400,2400,0,3124,75
02:41:18.184,active,15369,440,8352,16785,0,95,56.2,48.3,No,2400,2400,0,3130,75
02:41:19.184,active,15352,468,7194,16786,0,95,57.3,49.4,No,2400,2400,0,3129,75
02:41:20.184,active,15320,700,7870,16785,0,95,57.3,48.6,No,2400,2400,0,3121,75
02:41:21.185,active,15365,562,8642,16786,0,95,57.3,55.6,No,2400,2400,0,3118,75
02:41:22.185,active,15322,452,6982,16784,0,95,56.8,46.7,No,2400,2400,0,3121,75
02:41:23.184,active,15326,694,10648,16785,-3,95,56.8,45.3,No,2400,2400,0,3106,75
02:41:24.184,active,15292,476,7330,16784,0,95,57.9,51.1,No,2400,2400,0,3084,75
02:41:25.184,active,15299,448,10050,16785,0,95,59.5,47.7,No,2400,2400,0,3087,75
02:41:26.184,active,15303,494,7580,16784,-6,95,57.9,46.7,No,2400,2400,0,3090,75
02:41:27.189,active,15311,414,7696,16783,-7,95,59.0,46.3,No,2400,2400,0,3075,75
02:41:28.185,active,15303,472,7252,16785,-3,95,57.9,46.2,No,2400,2400,0,3086,75
02:41:29.184,active,15324,504,7330,16785,-7,95,58.4,49.4,No,2400,2400,0,3085,75
02:41:30.184,active,15307,472,7234,16785,0,95,58.4,49.2,No,2400,2400,0,3073,75
02:41:31.184,active,15339,502,7716,16784,0,95,58.4,51.3,No,2400,2400,0,3071,75
02:41:32.185,active,15329,464,7156,16784,-3,95,59.0,52.9,No,2400,2400,0,3069,75
02:41:33.185,active,15320,458,7060,16784,-3,95,58.4,49.6,No,2400,2400,0,3073,75
02:41:34.188,active,15341,444,7834,16784,-5,95,57.3,51.0,No,2400,2400,0,3076,75
02:41:35.184,active,15275,790,12114,16785,-5,95,58.4,47.5,No,2400,2400,0,3071,75
02:41:36.184,active,15277,866,12790,16785,-4,95,59.0,51.3,No,2400,2400,0,3068,75
02:41:37.185,active,15258,776,11882,16786,-3,95,58.4,48.5,No,2400,2400,0,3063,75
02:41:38.185,active,15286,814,12480,16784,-5,95,59.0,48.7,No,2400,2400,0,3065,75
02:41:39.189,active,15236,820,12520,16785,-5,95,58.4,46.0,No,2400,2400,0,3056,75
02:41:40.184,active,15314,586,8970,16784,-3,95,58.4,46.5,No,2400,2400,0,3065,75
02:41:41.184,active,15286,550,11014,16785,-3,95,58.4,49.1,No,2400,2400,0,3056,75
02:41:42.185,active,15249,814,12442,16786,0,95,58.4,46.8,No,2400,2400,0,3050,75
02:41:43.185,active,15305,506,12268,16787,-3,95,60.0,46.0,No,2400,2400,0,3043,75
02:41:44.185,active,15329,540,7270,16788,3,95,59.0,43.0,No,2400,2400,0,3051,75
02:41:45.185,active,15288,690,10572,16788,5,95,59.0,46.7,No,2400,2400,0,3059,75
02:41:46.184,active,15326,572,7522,16787,0,95,57.9,48.2,No,2400,2400,0,3052,75
02:41:47.184,active,15290,808,12384,16784,0,95,59.5,47.8,No,2400,2400,0,3047,75
02:41:48.185,active,15288,812,10572,16784,-3,95,58.4,46.8,No,2400,2400,0,3046,75
02:41:49.189,active,15283,770,11806,16783,-6,95,59.0,46.4,No,2400,2400,0,3045,75
02:41:50.186,active,15268,776,13406,16785,-4,95,57.9,46.4,No,2400,2400,0,3045,75
02:41:51.184,active,15279,870,13330,16786,0,95,58.4,45.9,No,2400,2400,0,3037,75
02:41:52.184,active,15262,800,12230,16785,-3,95,58.4,47.0,No,2400,2400,0,3040,75
02:41:53.184,active,15292,830,12712,16785,0,95,57.9,45.2,No,2400,2400,0,3046,75
02:41:54.185,active,15331,434,6674,16786,0,95,59.0,45.6,No,2400,2400,0,3041,75
02:41:55.187,active,15316,476,7040,16785,0,95,59.0,46.4,No,2400,2400,0,3033,75
02:41:56.185,active,15352,474,7310,16786,3,95,57.9,50.1,No,2400,2400,0,3030,75
02:41:57.184,active,15329,454,7118,16784,0,95,58.4,49.4,No,2400,2400,0,3037,75
02:41:58.184,active,15344,490,7522,16786,0,95,59.0,47.2,No,2400,2400,0,3041,75
02:41:59.186,active,15324,424,7484,16786,0,95,60.0,47.9,No,2400,2400,0,3040,75
02:42:00.185,active,15365,496,7638,16786,0,95,60.0,48.6,No,2400,2400,0,3031,75
02:42:01.188,active,15307,478,7368,16786,0,95,59.5,48.9,No,2400,2400,0,3037,75
02:42:02.184,active,15326,686,10532,16785,0,95,58.4,48.2,No,2400,2400,0,4702,125
02:42:03.184,active,15245,840,7812,16785,0,95,58.4,45.8,No,2400,2400,0,5102,125
02:42:04.184,active,15311,620,11208,16784,0,95,59.5,45.8,No,2400,2400,0,5135,125
02:42:05.184,sleep,15307,480,7350,16786,0,95,57.3,23.3,No,2400,2400,0,5149,125
02:42:06.184,sleep,15301,452,6366,16787,8,95,55.1,0.3,No,2400,2400,0,5173,125
02:42:07.184,sleep,15307,486,7466,16787,6,95,54.5,0.0,No,2400,2400,0,5176,125
02:42:08.184,sleep,15296,532,8178,16785,5,95,54.0,0.0,No,2400,2400,0,5185,125
02:42:09.184,sleep,15292,460,7060,16786,11,95,54.0,0.0,No,2400,2400,0,3899,75
02:42:10.184,sleep,15307,236,3606,16787,8,95,53.5,-0.0,No,1500,2400,0,3211,75
02:42:11.184,sleep,15305,416,6404,16787,17,95,52.4,0.0,No,1500,2400,0,3114,75
02:42:12.185,sleep,15303,554,8488,16789,18,95,53.5,-0.0,No,1500,2400,0,3126,75
02:42:13.185,sleep,15303,506,7774,16787,16,95,51.8,0.0,No,1500,2400,0,3124,75
02:42:14.185,sleep,15301,334,5130,16790,13,95,51.8,0.0,No,1500,2400,0,3131,75
02:42:15.185,sleep,15292,520,7966,16790,17,95,50.7,0.0,No,1500,2400,0,3120,75
02:42:16.185,sleep,15299,468,7176,16790,17,95,50.7,0.0,No,1500,2400,0,3125,75
02:42:17.185,sleep,15299,430,6596,16788,13,95,50.7,-0.0,No,1500,2400,0,3132,75
02:42:18.184,sleep,15296,306,4436,16788,13,95,50.7,0.0,No,1500,2400,0,3135,75
02:42:19.185,sleep,15296,330,5072,16788,18,95,50.1,-0.0,No,1500,2400,0,3131,75
02:42:20.184,active,15275,848,11710,16784,8,95,52.9,35.6,No,2400,2400,0,3103,75
02:42:21.184,active,15281,850,13022,16787,-3,95,54.0,47.6,No,2400,2400,0,3088,75
02:42:22.185,active,15341,454,11902,16786,-3,95,55.6,46.6,No,2400,2400,0,3076,75
02:42:23.185,active,15352,456,7002,16788,0,95,55.1,48.1,No,2400,2400,0,3080,75
02:42:24.185,active,15322,516,7928,16787,0,95,55.1,47.7,No,2400,2400,0,3078,75
02:42:25.184,active,15348,440,7484,16785,0,95,56.8,49.3,No,2400,2400,0,3066,75
02:42:26.184,active,15339,518,7966,16786,0,95,56.8,48.6,No,2400,2400,0,3075,75
02:42:27.184,active,15359,516,8044,16785,0,95,56.8,48.6,No,2400,2400,0,3075,75
02:42:28.185,active,15348,404,6230,16784,-3,95,57.3,48.2,No,2400,2400,0,3069,75
02:42:29.185,active,15320,574,7060,16786,0,95,55.1,47.9,No,2400,2400,0,3074,75
02:42:30.184,active,15324,662,10166,16785,0,95,56.8,49.0,No,2400,2400,0,3062,75
02:42:31.184,active,15281,856,12828,16786,0,95,56.8,49.4,No,2400,2400,0,3072,75
02:42:32.184,active,15305,464,9422,16787,0,95,57.3,51.8,No,2400,2400,0,3065,75
02:42:33.185,active,15320,456,6982,16785,0,95,57.9,48.8,No,2400,2400,0,3066,75
02:42:34.189,active,15305,504,7972,16786,0,95,58.4,46.4,No,2400,2400,0,3061,75
02:42:35.185,active,15318,506,7792,16786,0,95,57.9,47.6,No,2400,2400,0,3060,75
02:42:36.184,active,15361,498,7310,16785,0,95,57.3,49.2,No,2400,2400,0,3055,75
02:42:37.184,active,15548,486,7504,16786,6,95,57.9,48.9,No,2400,2400,0,3057,75
02:42:38.185,active,15311,518,7194,16787,3,95,59.0,46.5,No,2400,2400,0,3053,75
02:42:39.185,active,15314,482,7408,16788,3,95,59.0,47.8,No,2400,2400,0,3052,75
02:42:40.185,active,15320,658,8256,16787,0,95,57.9,46.3,No,2400,2400,0,3047,75
02:42:41.184,active,15339,480,7388,16785,0,95,59.0,49.6,No,2400,2400,0,3044,75
02:42:42.184,active,15286,726,11112,16787,0,95,57.9,51.5,No,2400,2400,0,3052,75
02:42:43.185,active,15262,734,12384,16784,0,95,59.5,50.1,No,2400,2400,0,3049,75
02:42:44.185,active,15281,688,10552,16786,0,95,59.5,49.6,No,2400,2400,0,3048,75
02:42:45.189,active,15281,606,11536,16786,4,95,59.0,48.2,No,2400,2400,0,3040,75
02:42:46.189,active,15268,764,11710,16786,0,95,57.3,49.4,No,2400,2400,0,3035,75
02:42:47.184,active,15286,696,10918,16786,0,95,58.4,48.7,No,2400,2400,0,3036,75
02:42:48.184,active,15262,730,11170,16787,5,95,59.0,49.5,No,2400,2400,0,3036,75
02:42:49.184,active,15324,630,9644,16785,0,95,59.5,51.5,No,2400,2400,0,3036,75
02:42:50.185,active,15277,588,9008,16785,3,95,59.0,45.2,No,2400,2400,0,3030,75
02:42:51.185,active,15301,614,9432,16785,0,95,58.4,47.2,No,2400,2400,0,3024,75
02:42:52.188,active,15292,340,6230,16785,4,95,58.4,49.0,No,2400,2400,0,3021,75
02:42:53.184,active,15288,852,13040,16785,0,95,58.4,47.4,No,2400,2400,0,3022,75
02:42:54.184,active,15281,892,13678,16787,7,95,59.5,48.5,No,2400,2400,0,3026,75
02:42:55.184,active,15326,636,9780,16786,8,95,59.5,44.8,No,2400,2400,0,3033,75
02:42:56.189,active,15277,842,12886,16785,3,95,59.0,45.0,No,2400,2400,0,3032,75
02:42:57.187,active,15286,848,13002,16788,3,95,59.0,49.2,No,2400,2400,0,3032,75
02:42:58.184,active,15277,756,11594,16789,0,95,59.5,49.2,No,2400,2400,0,3034,75
02:42:59.184,active,15264,752,12848,16789,4,95,59.5,49.0,No,2400,2400,0,3029,75
02:43:00.185,active,15275,798,12230,16787,3,95,59.5,46.3,No,2400,2400,0,3029,75
02:43:01.185,active,15318,422,6482,16786,0,95,59.0,45.3,No,2400,2400,0,3025,75
02:43:02.185,active,15318,408,6268,16785,0,95,58.4,43.0,No,2400,2400,0,3022,75
02:43:03.185,active,15376,502,7696,16785,4,95,59.0,45.9,No,2400,2400,0,3026,75
02:43:04.184,active,15357,482,7408,16786,0,95,58.4,46.9,No,2400,2400,0,3028,75
02:43:05.184,active,15324,508,7812,16785,3,95,59.5,46.6,No,2400,2400,0,3554,125
02:43:06.185,active,15354,566,7948,16785,3,95,59.5,46.6,No,2400,2400,0,5001,125
02:43:07.187,active,15281,694,10648,16785,0,95,59.5,50.1,No,2400,2400,0,5097,125
02:43:08.188,active,15311,694,7928,16787,0,95,59.5,49.2,No,2400,2400,0,5110,125
02:43:09.184,active,15324,512,7870,16786,0,95,59.5,45.0,No,2400,2400,0,5129,125
02:43:10.184,active,15314,768,11768,16785,0,95,59.5,44.2,No,2400,2400,0,5129,125
02:43:11.184,active,15296,656,10050,16786,0,95,59.0,45.5,No,2400,2400,0,5136,125
02:43:12.185,active,15307,742,11362,16786,0,95,59.5,46.2,No,2400,2400,0,5163,125
02:43:13.185,active,15318,530,10700,16786,0,95,59.5,49.0,No,2400,2400,0,5161,125
02:43:14.187,active,15311,538,8256,16786,0,95,59.0,46.1,No,2400,2400,0,5168,125
02:43:15.184,active,15314,510,10764,16785,0,95,59.5,46.5,No,2400,2400,0,5183,125
02:43:16.184,active,15307,434,6674,16786,0,95,59.0,45.3,No,2400,2400,0,5195,125
02:43:17.189,active,15316,522,9490,16784,0,95,60.0,49.0,No,2400,2400,0,5203,125
02:43:18.185,active,15309,462,7098,16786,7,95,60.0,47.4,No,2400,2400,0,5219,125
02:43:19.185,active,15311,492,8352,16786,5,95,59.0,46.4,No,2400,2400,0,5232,125
02:43:20.185,sleep,15305,470,7214,16787,5,95,56.2,23.7,No,1500,2400,0,5262,125
02:43:21.184,sleep,15296,342,5246,16787,14,95,55.1,0.0,No,1500,2400,0,5297,125
02:43:22.185,sleep,15299,404,6960,16789,13,95,54.0,0.0,No,1500,2400,0,5308,125
02:43:23.185,sleep,15301,450,6906,16789,16,95,54.0,0.3,No,1500,2400,0,3650,75
02:43:24.185,sleep,15290,506,7542,16787,15,95,52.4,0.0,No,1500,2400,0,3252,75
02:43:25.185,sleep,15303,420,6424,16787,10,95,52.4,-0.0,No,1500,2400,0,3203,75
02:43:26.185,sleep,15301,304,9104,16787,9,95,51.8,0.0,No,1500,2400,0,3200,75
02:43:27.185,sleep,15305,278,4262,16790,14,95,51.8,-0.0,No,1500,2400,0,3201,75
02:43:28.185,sleep,15305,520,7060,16789,14,95,51.8,0.0,No,1500,2400,0,3198,75
02:43:29.185,sleep,15292,306,4686,16789,14,95,51.8,0.0,No,1500,2400,0,3186,75
02:43:30.185,sleep,15305,516,7908,16788,13,95,50.7,0.0,No,1500,2400,0,3196,75
02:43:31.185,sleep,15305,496,5828,16789,13,95,50.7,0.0,No,1500,2400,0,3190,75
02:43:32.185,sleep,15305,414,6366,16788,12,95,50.1,-0.0,No,1500,2400,0,3189,75
02:43:33.184,sleep,15305,390,7292,16788,13,95,50.1,0.0,No,1500,2400,0,3175,75
02:43:34.185,sleep,15305,440,6770,16789,14,95,49.6,-0.0,No,1500,2400,0,3181,75
02:43:35.188,active,15324,670,7002,16788,9,95,53.5,35.1,No,2400,2400,0,3156,75
02:43:36.185,active,15318,560,8604,16784,-6,95,54.0,47.4,No,2400,2400,0,3131,75
02:43:37.184,active,15290,846,7138,16785,-5,95,54.0,49.3,No,2400,2400,0,3125,75
02:43:38.184,active,15320,638,9800,16784,-4,95,54.5,49.3,No,2400,2400,0,3125,75
02:43:39.184,active,15316,492,7562,16785,-4,95,55.6,48.8,No,2400,2400,0,3122,75
02:43:40.185,active,15309,520,8546,16785,-4,95,55.6,48.2,No,2400,2400,0,3107,75
02:43:41.185,active,15305,474,7292,16784,-6,95,56.2,48.0,No,2400,2400,0,3109,75
02:43:42.191,active,15307,506,6752,16785,0,95,56.2,48.0,No,2400,2400,0,3103,75
02:43:43.184,active,15307,482,7408,16786,0,95,56.2,49.0,No,2400,2400,0,3114,75
02:43:44.184,active,15316,414,7234,16786,0,95,56.2,51.7,No,2400,2400,0,3101,75
02:43:45.184,active,15311,450,6906,16785,0,95,56.8,47.6,No,2400,2400,0,3093,75
02:43:46.189,active,15318,506,7774,16785,0,95,58.4,48.4,No,2400,2400,0,3091,75
02:43:47.186,active,15329,492,7562,16785,-3,95,57.3,46.3,No,2400,2400,0,3099,75
02:43:48.184,active,15357,460,7080,16785,0,95,56.8,45.9,No,2400,2400,0,3091,75
02:43:49.184,active,15264,782,12442,16784,-3,95,57.3,46.6,No,2400,2400,0,3080,75
02:43:50.184,active,15275,848,12982,16786,0,95,57.3,46.4,No,2400,2400,0,3097,75
02:43:51.184,active,15283,698,9722,16786,0,95,58.4,50.0,No,2400,2400,0,3088,75
02:43:52.189,active,15264,636,9742,16785,-6,95,57.9,46.0,No,2400,2400,0,3093,75
02:43:53.185,active,15275,650,9954,16786,0,95,57.3,49.0,No,2400,2400,0,3078,75
02:43:54.184,active,15288,650,9954,16785,-3,95,57.3,49.7,No,2400,2400,0,3077,75
02:43:55.184,active,15305,728,11130,16785,-3,95,57.9,49.7,No,2400,2400,0,3074,75
02:43:56.184,active,15305,702,10070,16785,0,95,59.0,52.0,No,2400,2400,0,3073,75
02:43:57.185,active,15307,794,12134,16785,0,95,59.0,48.6,No,2400,2400,0,3079,75
02:43:58.185,active,15299,814,12480,16786,0,95,58.4,49.3,No,2400,2400,0,3074,75
02:43:59.191,active,15294,814,12500,16786,-4,95,58.4,51.0,No,2400,2400,0,3066,75
02:44:00.184,active,15288,758,11612,16785,-5,95,57.9,49.1,No,2400,2400,0,3053,75
02:44:01.184,active,15292,818,10216,16785,0,95,58.4,48.9,No,2400,2400,0,3060,75
02:44:02.185,active,15275,814,12480,16786,-3,95,58.4,45.9,No,2400,2400,0,3053,75
02:44:03.189,active,15283,788,12616,16785,0,95,59.0,47.2,No,2400,2400,0,3048,75
02:44:04.185,active,15283,800,12250,16787,0,95,59.5,48.2,No,2400,2400,0,3045,75
02:44:05.184,active,15286,788,12308,16786,0,95,59.0,48.3,No,2400,2400,0,3058,75
02:44:06.184,active,15275,760,11632,16785,-3,95,57.9,49.6,No,2400,2400,0,3059,75
02:44:07.184,active,15279,828,12326,16785,0,95,59.5,47.3,No,2400,2400,0,3048,75
02:44:08.189,active,15331,516,6288,16784,0,95,57.9,47.6,No,2400,2400,0,3045,75
02:44:09.185,active,15359,508,7812,16785,0,95,59.0,47.8,No,2400,2400,0,3044,75
02:44:10.191,active,15320,494,7234,16785,0,95,57.9,48.4,No,2400,2400,0,4733,125
02:44:11.184,active,15331,486,7484,16784,0,95,59.0,44.2,No,2400,2400,0,5117,125
02:44:12.184,active,15361,508,8546,16785,-4,95,59.5,46.4,No,2400,2400,0,5137,125
02:44:13.185,active,15359,496,7658,16785,-3,95,59.5,45.4,No,2400,2400,0,5145,125
02:44:14.189,active,15322,682,7292,16784,0,95,59.5,45.6,No,2400,2400,0,5148,125
02:44:15.185,active,15322,496,7638,16787,-3,95,57.9,46.8,No,2400,2400,0,5152,125
02:44:16.184,active,15329,680,7986,16785,0,95,58.4,46.3,No,2400,2400,0,5169,125
02:44:17.184,active,15288,634,10030,16785,-5,95,59.0,47.0,No,2400,2400,0,5188,125
02:44:18.185,active,15316,702,10744,16785,0,95,58.4,46.6,No,2400,2400,0,5189,125
02:44:19.185,active,15316,642,10956,16783,-6,95,59.0,52.0,No,2400,2400,0,5195,125
02:44:20.185,active,15294,574,8816,16785,-7,95,59.0,47.8,No,2400,2400,0,5208,125
02:44:21.188,active,15311,518,12674,16785,-3,95,59.0,43.3,No,2400,2400,0,5214,125
02:44:22.184,active,15311,534,8218,16785,-5,95,57.9,48.4,No,2400,2400,0,5220,125
02:44:23.184,active,15320,444,9278,16786,0,95,59.0,49.5,No,2400,2400,0,5242,125
02:44:24.185,active,15316,458,7022,16786,0,95,59.0,46.4,No,2400,2400,0,5258,125
02:44:25.185,active,15326,438,8256,16785,0,95,59.5,47.2,No,2400,2400,0,5255,125
02:44:26.188,active,15316,496,7620,16785,0,95,59.5,48.5,No,2400,2400,0,5292,125
02:44:27.185,active,15290,792,12134,16784,-6,95,57.9,48.4,No,2400,2400,0,5288,125
02:44:28.184,active,15275,812,12538,16785,-4,95,59.0,50.2,No,2400,2400,0,5287,125
02:44:29.184,active,15266,856,13118,16785,-5,95,59.5,49.1,No,2400,2400,0,5301,125
02:44:30.185,active,15277,926,12558,16785,0,95,59.0,48.0,No,2400,2400,0,5300,125
02:44:31.185,active,15281,798,12230,16784,0,95,59.0,45.8,No,2400,2400,0,5305,125
02:44:32.190,active,15271,678,12578,16785,-4,95,58.4,45.9,No,2400,2400,0,5315,125
02:44:33.184,active,15266,896,13734,16785,-5,95,57.3,47.7,No,2400,2400,0,5316,125
02:44:34.184,active,15245,848,12828,16784,0,95,58.4,46.3,No,2400,2400,0,5330,125
02:44:35.185,sleep,15303,466,7156,16786,0,95,55.6,24.9,No,1500,2400,0,5369,125
02:44:36.185,sleep,15309,490,7812,16788,12,95,53.5,0.0,No,1500,2400,0,5402,125
02:44:37.184,sleep,15309,550,5324,16787,12,95,53.5,0.0,No,1500,2400,0,5265,75
02:44:38.184,sleep,15307,596,9144,16789,15,95,52.4,0.0,No,1500,2400,0,3546,75
02:44:39.184,sleep,15305,328,4686,16789,13,95,51.8,0.0,No,1500,2400,0,3300,75
02:44:40.184,sleep,15299,494,7562,16788,12,95,51.8,-0.0,No,1500,2400,0,3263,75
02:44:41.184,sleep,15303,472,6944,16788,15,95,52.4,0.0,No,1500,2400,0,3252,75
02:44:42.184,sleep,15305,452,6944,16788,18,95,50.7,-0.0,No,1500,2400,0,3250,75
02:44:43.184,sleep,15303,274,5228,16788,15,95,51.2,0.0,No,1500,2400,0,3249,75
02:44:44.184,sleep,15303,626,9626,16789,14,95,50.1,0.0,No,1500,2400,0,3251,75
02:44:45.184,sleep,15303,512,7850,16790,16,95,50.1,0.0,No,1500,2400,0,3242,75
02:44:46.184,sleep,15299,512,4802,16789,13,95,50.1,0.0,No,1500,2400,0,3231,75
02:44:47.185,sleep,15303,332,5092,16789,17,95,50.1,0.0,No,1500,2400,0,3222,75
02:44:48.184,sleep,15307,604,6810,16790,16,95,50.1,-0.0,No,1500,2400,0,3226,75
02:44:49.185,sleep,15305,338,5188,16787,10,95,49.0,0.0,No,1500,2400,0,3218,75
02:44:50.184,active,15324,464,6790,16786,4,95,51.8,33.3,No,2400,2400,0,3196,75
02:44:51.184,active,15322,512,7870,16785,-5,95,53.5,48.8,No,2400,2400,0,3171,75
02:44:52.184,active,15322,470,5902,16787,-5,95,54.5,48.9,No,2400,2400,0,3170,75
02:44:53.188,active,15318,412,6326,16787,-6,95,54.5,48.1,No,2400,2400,0,3163,75
02:44:54.185,active,15359,450,6924,16788,-4,95,55.1,47.4,No,2400,2400,0,3158,75
02:44:55.184,active,15337,456,7022,16786,-6,95,54.5,51.5,No,2400,2400,0,3144,75
02:44:56.184,active,15264,794,12134,16785,0,95,55.1,46.4,No,2400,2400,0,3140,75
02:44:57.184,active,15290,580,11440,16786,0,95,56.2,47.9,No,2400,2400,0,3136,75
02:44:58.185,active,15243,778,11902,16785,-4,95,56.8,45.8,No,2400,2400,0,3146,75
02:44:59.185,active,15311,1010,11748,16785,0,95,56.8,45.2,No,2400,2400,0,3138,75
02:45:00.187,active,15286,564,8662,16784,-4,95,55.6,47.6,No,2400,2400,0,3127,75
02:45:01.184,active,15322,670,10262,16785,-5,95,58.4,49.7,No,2400,2400,0,3110,75
02:45:02.184,active,15309,480,7368,16786,0,95,57.3,48.0,No,2400,2400,0,3117,75
02:45:03.185,active,15318,576,8816,16786,-3,95,57.9,49.1,No,2400,2400,0,3117,75
02:45:04.185,active,15337,470,9774,16785,-4,95,57.9,50.1,No,2400,2400,0,3110,75
02:45:05.185,active,15318,492,7542,16785,-4,95,57.9,49.0,No,2400,2400,0,3101,75
02:45:06.184,active,15290,754,11574,16784,-6,95,57.3,50.0,No,2400,2400,0,3090,75
02:45:07.184,active,15294,802,12308,16784,-5,95,57.3,51.8,No,2400,2400,0,3093,75
02:45:08.184,active,15288,634,9742,16785,-5,95,57.3,47.9,No,2400,2400,0,3099,75
02:45:09.185,active,15290,770,11806,16786,-3,95,57.9,46.6,No,2400,2400,0,3092,75
02:45:10.189,active,15277,824,12616,16784,-8,95,57.9,51.5,No,2400,2400,0,3092,75
02:45:11.185,active,15299,756,11594,16785,-5,95,57.9,51.0,No,2400,2400,0,3077,75
02:45:12.184,active,15281,840,12866,16785,-5,95,57.9,49.4,No,2400,2400,0,3063,75
02:45:13.184,active,15283,838,12848,16785,-4,95,57.9,46.5,No,2400,2400,0,3059,75
02:45:14.184,active,15268,778,11940,16786,-5,95,57.3,43.8,No,2400,2400,0,3075,75
02:45:15.185,active,15359,468,6982,16784,-5,95,58.4,47.2,No,2400,2400,0,3069,75
02:45:16.185,active,15339,474,7292,16785,0,95,57.9,48.5,No,2400,2400,0,3071,75
02:45:17.185,active,15329,468,7194,16784,0,95,59.0,48.3,No,2400,2400,0,3059,75
02:45:18.184,active,15350,452,6964,16784,-5,95,58.4,49.4,No,2400,2400,0,3062,75
02:45:19.184,active,15374,418,6424,16783,0,95,59.5,47.8,No,2400,2400,0,3065,75
02:45:20.185,active,15299,910,13948,16785,0,95,59.0,44.3,No,2400,2400,0,3057,75
02:45:21.189,active,15290,638,9800,16785,0,95,59.0,49.1,No,2400,2400,0,3040,75
02:45:22.188,active,15294,880,7360,16784,0,95,58.4,47.2,No,2400,2400,0,3048,75
02:45:23.184,active,15290,680,10436,16785,0,95,58.4,47.4,No,2400,2400,0,3053,75
02:45:24.184,active,15301,838,7792,16786,0,95,58.4,46.9,No,2400,2400,0,3061,75
02:45:25.185,active,15305,516,7928,16786,4,95,59.5,46.2,No,2400,2400,0,3059,75
02:45:26.185,active,15316,462,7098,16785,0,95,58.4,44.4,No,2400,2400,0,3051,75
02:45:27.185,active,15303,516,7908,16786,0,95,58.4,45.9,No,2400,2400,0,3041,75
02:45:28.187,active,15318,472,7252,16786,-3,95,57.9,46.3,No,2400,2400,0,3036,75
02:45:29.184,active,15314,512,7870,16786,-3,95,59.0,46.9,No,2400,2400,0,3048,75
02:45:30.184,active,15344,468,7194,16786,0,95,59.5,51.5,No,2400,2400,0,3049,75
02:45:31.184,active,15318,526,8082,16785,-5,95,59.0,50.6,No,2400,2400,0,3036,75
02:45:32.185,active,15326,464,7138,16785,0,95,59.0,42.6,No,2400,2400,0,3040,75
02:45:33.185,active,15318,420,6462,16783,-4,95,57.9,43.4,No,2400,2400,0,3044,75
02:45:34.184,active,15283,476,7310,16784,-6,95,59.0,44.4,No,2400,2400,0,3037,75
02:45:35.184,active,15271,864,13252,16784,-6,95,58.4,44.3,No,2400,2400,0,3027,75
02:45:36.184,active,15281,856,13118,16783,-5,95,58.4,45.5,No,2400,2400,0,3036,75
02:45:37.185,active,15245,812,12462,16786,-3,95,58.4,44.4,No,2400,2400,0,3044,75
02:45:38.185,active,15273,802,12268,16785,-3,95,59.0,48.1,No,2400,2400,0,3023,75
02:45:39.187,active,15294,818,12538,16784,0,95,58.4,44.8,No,2400,2400,0,3036,75
02:45:40.184,active,15247,750,11458,16785,0,95,58.4,49.5,No,2400,2400,0,3034,75
02:45:41.184,active,15307,682,10456,16785,-3,95,58.4,46.5,No,2400,2400,0,3026,75
02:45:42.185,active,15283,526,10092,16784,-3,95,57.9,48.1,No,2400,2400,0,3024,75
02:45:43.188,active,15305,840,12828,16785,-4,95,59.5,47.0,No,2400,2400,0,3032,75
02:45:44.185,active,15292,876,6616,16785,0,95,59.0,48.1,No,2400,2400,0,3033,75
02:45:45.185,active,15292,770,11806,16785,-4,95,59.0,49.3,No,2400,2400,0,3033,75
02:45:46.184,active,15294,266,7850,16786,0,95,57.9,47.4,No,2400,2400,0,3021,75
02:45:47.184,active,15333,662,10186,16786,0,95,59.0,46.3,No,2400,2400,0,3016,75
02:45:48.184,active,15288,552,8468,16786,0,95,59.5,46.0,No,2400,2400,0,3019,75
02:45:49.185,active,15290,782,11998,16785,0,95,59.0,44.9,No,2400,2400,0,3012,75
02:45:50.185,sleep,15303,364,5594,16786,0,95,56.2,27.4,No,1500,2400,0,3018,75
02:45:51.184,sleep,15294,388,5940,16787,13,95,55.1,0.0,No,1500,2400,0,3056,75
02:45:52.184,sleep,15305,302,4630,16790,20,95,54.5,0.0,No,1500,2400,0,3043,75
02:45:53.184,sleep,15303,460,7060,16788,16,95,53.5,0.0,No,1500,2400,0,3059,75
02:45:54.184,sleep,15301,544,8352,16788,16,95,52.9,0.0,No,1500,2400,0,3046,75
02:45:55.184,sleep,15305,494,5478,16788,13,95,52.4,-0.0,No,1500,2400,0,3052,75
02:45:56.184,sleep,15307,436,6694,16788,12,95,52.4,0.0,No,1500,2400,0,3050,75
02:45:57.184,sleep,15305,612,8236,16788,11,95,51.8,0.0,No,1500,2400,0,3044,75
02:45:58.184,sleep,15301,252,3858,16789,12,95,50.7,0.0,No,1500,2400,0,3040,75
02:45:59.185,sleep,15309,506,7754,16788,13,95,50.7,0.3,No,1500,2400,0,3049,75
02:46:00.184,sleep,15303,496,7600,16787,11,95,52.4,0.0,No,1500,2400,0,3053,75
02:46:01.184,sleep,15303,330,5072,16787,11,95,51.8,0.0,No,1500,2400,0,3054,75
02:46:02.184,sleep,15301,300,4610,16788,13,95,50.7,0.0,No,1500,2400,0,3057,75
02:46:03.184,sleep,15309,288,8506,16788,12,95,50.1,-0.0,No,1500,2400,0,3049,75
02:46:04.185,sleep,15301,332,5130,16788,13,95,50.1,0.0,No,1500,2400,0,3036,75
02:46:05.188,active,15273,496,7580,16789,8,95,54.5,33.2,No,2400,2400,0,3044,75
02:46:06.185,active,15305,438,12964,16785,0,95,54.5,49.8,No,2400,2400,0,2994,75
02:46:07.185,active,15301,504,7716,16787,-4,95,55.1,48.3,No,2400,2400,0,2999,75
02:46:08.184,active,15303,578,8854,16785,-7,95,54.5,47.3,No,2400,2400,0,3011,75
02:46:09.184,active,15314,518,7966,16784,0,95,56.8,49.4,No,2400,2400,0,3019,75
02:46:10.184,active,15307,374,5728,16784,-8,95,56.8,52.2,No,2400,2400,0,3018,75
02:46:11.185,active,15348,462,7098,16785,-5,95,57.3,46.5,No,2400,2400,0,3019,75
02:46:12.185,active,15307,482,7408,16784,-6,95,56.8,47.7,No,2400,2400,0,3021,75
02:46:13.184,active,15279,764,13426,16785,0,95,56.8,46.4,No,2400,2400,0,3018,75
02:46:14.184,active,15294,790,12114,16784,-5,95,57.3,48.2,No,2400,2400,0,3011,75
02:46:15.185,active,15277,964,12480,16786,-5,95,58.4,47.4,No,2400,2400,0,3006,75
02:46:16.185,active,15288,670,10282,16783,-7,95,58.4,52.5,No,2400,2400,0,3010,75
02:46:17.189,active,15279,806,12346,16784,-10,95,57.9,51.5,No,2400,2400,0,3005,75
02:46:18.186,active,15277,786,12038,16784,-7,95,58.4,48.1,No,2400,2400,0,3017,75
02:46:19.184,active,15271,864,13234,16784,-4,95,57.9,45.6,No,2400,2400,0,2996,75
02:46:20.184,active,15277,738,11284,16784,-4,95,59.0,52.9,No,2400,2400,0,3011,75
02:46:21.184,active,15277,772,11824,16783,-3,95,59.0,51.9,No,2400,2400,0,3008,75
02:46:22.185,active,15271,644,12442,16785,-6,95,59.0,49.7,No,2400,2400,0,3012,75
02:46:23.185,active,15344,470,7234,16786,-4,95,58.4,52.0,No,2400,2400,0,3004,75
02:46:24.184,active,15292,496,7638,16786,0,95,58.4,47.9,No,2400,2400,0,4506,125
02:46:25.184,active,15296,800,12288,16784,0,95,58.4,49.1,No,2400,2400,0,5053,125
02:46:26.184,active,15286,666,10244,16785,-4,95,59.5,46.9,No,2400,2400,0,5096,125
02:46:27.185,active,15292,812,8878,16785,0,95,59.0,47.8,No,2400,2400,0,5103,125
02:46:28.184,active,15288,912,13966,16785,0,95,58.4,46.1,No,2400,2400,0,5116,125
02:46:29.185,active,15290,848,10320,16783,-6,95,58.4,49.9,No,2400,2400,0,5122,125
02:46:30.184,active,15283,874,13388,16786,-6,95,58.4,49.2,No,2400,2400,0,5138,125
02:46:31.184,active,15279,846,13002,16784,-5,95,60.0,49.6,No,2400,2400,0,5153,125
02:46:32.185,active,15318,472,7234,16785,-3,95,60.6,49.7,No,2400,2400,0,5165,125
02:46:33.185,active,15326,536,8236,16785,0,95,59.5,47.2,No,2400,2400,0,5170,125
02:46:34.191,active,15320,468,7194,16784,0,95,59.0,47.2,No,2400,2400,0,5181,125
02:46:35.185,active,15331,366,5632,16784,0,95,59.0,45.6,No,2400,2400,0,5202,125
02:46:36.184,active,15337,512,7138,16783,-7,95,58.4,47.0,No,2400,2400,0,5221,125
02:46:37.184,active,15354,404,6212,16783,-4,95,59.0,46.9,No,2400,2400,0,5221,125
02:46:38.185,active,15333,558,7870,16784,0,95,59.5,46.4,No,2400,2400,0,5231,125
02:46:39.189,active,15324,490,7522,16783,-6,95,58.4,46.3,No,2400,2400,0,5250,125
02:46:40.185,active,15363,484,6866,16783,-5,95,59.5,45.6,No,2400,2400,0,5250,125
02:46:41.184,active,15320,450,6906,16784,0,95,59.0,46.6,No,2400,2400,0,5261,125
02:46:42.184,active,15251,786,12056,16787,0,95,58.4,43.9,No,2400,2400,0,5267,125
02:46:43.184,active,15277,754,12308,16788,0,95,58.4,44.0,No,2400,2400,0,5277,125
02:46:44.185,active,15281,858,13156,16787,0,95,59.0,43.5,No,2400,2400,0,5297,125
02:46:45.188,active,15275,702,12578,16785,0,95,59.0,46.1,No,2400,2400,0,5291,125
02:46:46.185,active,15268,790,12114,16784,0,95,57.9,43.4,No,2400,2400,0,5306,125
02:46:47.184,active,15294,776,12134,16785,0,95,58.4,45.0,No,2400,2400,0,5299,125
02:46:48.184,active,15279,714,10918,16785,0,95,57.9,48.6,No,2400,2400,0,5311,125
02:46:49.185,active,15314,684,10474,16785,0,95,59.0,47.4,No,2400,2400,0,5322,125
02:46:50.185,active,15292,580,8892,16785,0,95,58.4,46.7,No,2400,2400,0,5324,125
02:46:51.185,active,15311,584,8950,16785,0,95,58.4,45.5,No,2400,2400,0,5333,125
02:46:52.184,active,15294,872,7600,16786,0,95,57.3,47.1,No,2400,2400,0,5329,125
02:46:53.184,active,15292,824,12654,16786,0,95,58.4,46.5,No,2400,2400,0,5346,125
02:46:54.184,active,15294,830,10146,16784,0,95,58.4,48.0,No,2400,2400,0,5347,125
02:46:55.185,active,15283,620,9490,16786,0,95,58.4,47.4,No,2400,2400,0,5352,125
02:46:56.185,active,15279,818,13426,16784,3,95,58.4,48.8,No,2400,2400,0,5354,125
02:46:57.185,active,15279,842,12886,16787,4,95,57.9,48.1,No,2400,2400,0,5360,125
02:46:58.184,active,15281,802,12308,16786,3,95,57.3,47.7,No,2400,2400,0,5358,125
02:46:59.184,active,15288,876,13426,16784,0,95,58.4,47.5,No,2400,2400,0,5366,125
02:47:00.184,active,15273,848,13002,16785,0,95,59.0,46.3,No,2400,2400,0,5375,125
02:47:01.185,active,15322,514,7446,16787,3,95,57.9,45.3,No,2400,2400,0,5378,125
02:47:02.185,active,15316,514,7890,16784,0,95,58.4,47.1,No,2400,2400,0,5377,125
02:47:03.184,active,15331,746,7948,16784,0,95,58.4,46.6,No,2400,2400,0,5378,125
02:47:04.184,active,15322,480,7388,16785,0,95,57.9,47.7,No,2400,2400,0,5403,125
02:47:05.185,sleep,15307,504,7736,16787,8,95,56.2,28.2,No,2400,2400,0,5426,125
02:47:06.185,sleep,15303,540,8294,16789,17,95,55.6,0.0,No,1500,2400,0,5451,125
02:47:07.184,sleep,15299,298,4572,16790,18,95,54.0,0.0,No,1500,2400,0,4060,75
02:47:08.184,sleep,15299,460,7040,16790,17,95,52.4,0.0,No,1500,2400,0,3404,75
02:47:09.184,sleep,15303,564,8662,16788,12,95,51.8,-0.0,No,1500,2400,0,3316,75
02:47:10.184,sleep,15307,604,6578,16788,14,95,51.2,0.3,No,1500,2400,0,3300,75
02:47:11.185,sleep,15296,514,7870,16788,14,95,51.2,-0.0,No,1500,2400,0,3301,75
02:47:12.185,sleep,15303,276,4244,16788,10,95,49.6,0.0,No,1500,2400,0,3272,75
02:47:13.185,sleep,15296,434,6654,16788,7,95,50.7,0.3,No,1500,2400,0,3281,75
02:47:14.185,sleep,15303,406,6250,16789,13,95,50.7,0.0,No,1500,2400,0,3289,75
02:47:15.185,sleep,15303,458,7040,16790,14,95,50.1,-0.0,No,1500,2400,0,3271,75
02:47:16.185,sleep,15303,430,6596,16789,11,95,50.7,0.0,No,1500,2400,0,3266,75
02:47:17.185,sleep,15299,496,7966,16790,17,95,49.6,-0.0,No,1500,2400,0,3255,75
02:47:18.184,sleep,15303,508,7792,16789,14,95,49.6,0.7,No,1500,2400,0,3238,75
02:47:19.185,sleep,15305,458,9452,16788,13,95,49.6,0.0,No,1500,2400,0,3229,75
02:47:20.184,active,15288,794,12172,16788,10,95,52.4,29.4,No,2400,2400,0,3215,75
02:47:21.184,active,15283,858,13176,16787,-6,95,52.9,46.1,No,2400,2400,0,3177,75
02:47:22.184,active,15292,814,10898,16787,-5,95,54.0,48.9,No,2400,2400,0,3185,75
02:47:23.185,active,15262,780,11960,16785,0,95,55.1,48.2,No,2400,2400,0,3188,75
02:47:24.185,active,15281,774,12654,16787,0,95,54.5,45.0,No,2400,2400,0,3177,75
02:47:25.188,active,15296,732,11246,16785,0,95,55.1,47.7,No,2400,2400,0,3170,75
02:47:26.184,active,15273,712,12906,16784,0,95,55.6,47.8,No,2400,2400,0,3169,75
02:47:27.184,active,15281,756,11594,16786,0,95,56.2,50.9,No,2400,2400,0,3157,75
02:47:28.185,active,15279,786,12038,16786,0,95,56.8,50.1,No,2400,2400,0,3156,75
02:47:29.185,active,15329,488,7966,16786,0,95,56.8,47.0,No,2400,2400,0,3155,75
02:47:30.185,active,15337,464,7156,16784,-3,95,56.2,50.8,No,2400,2400,0,3154,75
02:47:31.184,active,15294,488,6752,16786,-3,95,57.3,50.1,No,2400,2400,0,3124,75
02:47:32.184,active,15339,494,7600,16784,-8,95,56.8,50.9,No,2400,2400,0,3126,75
02:47:33.184,active,15301,848,13002,16785,0,95,57.3,49.0,No,2400,2400,0,3123,75
02:47:34.187,active,15333,476,7310,16784,-4,95,57.9,49.7,No,2400,2400,0,3114,75
02:47:35.185,active,15294,610,9356,16785,-5,95,57.9,49.6,No,2400,2400,0,3114,75
02:47:36.185,active,15314,750,7562,16784,-4,95,57.9,45.8,No,2400,2400,0,3119,75
02:47:37.184,active,15288,672,10340,16785,-5,95,57.3,47.3,No,2400,2400,0,3106,75
02:47:38.184,active,15311,778,8892,16786,-4,95,57.3,49.0,No,2400,2400,0,3105,75
02:47:39.184,active,15303,398,6096,16785,-7,95,58.4,46.1,No,2400,2400,0,3105,75
02:47:40.185,active,15307,548,8392,16785,-5,95,58.4,45.1,No,2400,2400,0,3104,75
02:47:41.191,active,15311,518,10590,16784,0,95,57.3,46.8,No,2400,2400,0,3088,75
02:47:42.187,active,15309,452,6924,16785,-3,95,57.9,46.0,No,2400,2400,0,3081,75
02:47:43.184,active,15326,440,8044,16784,-6,95,57.9,50.1,No,2400,2400,0,3077,75
02:47:44.184,active,15311,426,6558,16787,-3,95,58.4,48.1,No,2400,2400,0,3084,75
02:47:45.185,active,15326,470,7522,16786,-6,95,57.9,47.0,No,2400,2400,0,3091,75
02:47:46.189,active,15322,432,6616,16787,-4,95,57.9,46.4,No,2400,2400,0,3073,75
02:47:47.185,active,15341,716,8102,16785,-7,95,57.3,44.5,No,2400,2400,0,3081,75
02:47:48.184,active,15326,592,12114,16783,-4,95,57.3,46.4,No,2400,2400,0,3074,75
02:47:49.184,active,15264,690,10572,16785,-7,95,58.4,47.0,No,2400,2400,0,3078,75
02:47:50.184,active,15271,800,12056,16784,-7,95,57.9,46.1,No,2400,2400,0,3070,75
02:47:51.188,active,15316,552,8488,16784,-5,95,57.9,46.2,No,2400,2400,0,3070,75
02:47:52.185,active,15277,620,11324,16783,0,95,57.3,46.8,No,2400,2400,0,3054,75
02:47:53.187,active,15277,650,9972,16785,-5,95,57.3,52.0,No,2400,2400,0,3063,75
02:47:54.184,active,15262,646,9896,16786,-3,95,58.4,46.4,No,2400,2400,0,3071,75
02:47:55.184,active,15260,760,11632,16786,0,95,58.4,49.5,No,2400,2400,0,3065,75
02:47:56.185,active,15294,722,11054,16785,-4,95,59.5,48.9,No,2400,2400,0,3064,75
02:47:57.189,active,15279,580,9972,16786,0,95,58.4,47.9,No,2400,2400,0,3065,75
02:47:58.185,active,15329,674,10358,16785,0,95,57.9,48.7,No,2400,2400,0,3055,75
02:47:59.184,active,15290,642,9838,16784,-4,95,59.5,49.8,No,2400,2400,0,3056,75
02:48:00.184,active,15369,486,7228,16784,0,95,57.9,46.5,No,2400,2400,0,3062,75
02:48:01.184,active,15292,538,8276,16784,0,95,59.0,48.2,No,2400,2400,0,3056,75
02:48:02.185,active,15292,796,9644,16784,-4,95,59.0,48.9,No,2400,2400,0,3052,75
02:48:03.188,active,15324,662,10186,16785,-5,95,57.9,46.1,No,2400,2400,0,3044,75
02:48:04.186,active,15290,522,10186,16784,0,95,57.9,48.4,No,2400,2400,0,3040,75
02:48:05.184,active,15329,624,9588,16783,-4,95,57.3,46.9,No,2400,2400,0,3053,75
02:48:06.184,active,15292,468,7176,16784,-5,95,57.9,46.3,No,2400,2400,0,3041,75
02:48:07.189,active,15316,464,7310,16783,-5,95,59.0,48.8,No,2400,2400,0,3037,75
02:48:08.185,active,15314,478,7350,16785,0,95,59.0,48.1,No,2400,2400,0,3033,75
02:48:09.185,active,15318,484,6212,16786,0,95,58.4,47.7,No,2400,2400,0,3035,75
02:48:10.185,active,15318,460,7080,16784,-4,95,59.0,48.0,No,2400,2400,0,3041,75
02:48:11.184,active,15344,476,7310,16785,-4,95,59.0,48.1,No,2400,2400,0,3032,75
02:48:12.184,active,15318,510,7850,16785,-4,95,59.5,47.9,No,2400,2400,0,3030,75
02:48:13.184,active,15314,398,6096,16785,-3,95,59.0,48.2,No,2400,2400,0,3033,75
02:48:14.189,active,15324,550,8430,16782,-5,95,59.5,46.5,No,2400,2400,0,3039,75
02:48:15.186,active,15354,554,8506,16783,-6,95,57.9,47.4,No,2400,2400,0,3036,75
02:48:16.184,active,15256,780,12462,16784,0,95,57.3,46.7,No,2400,2400,0,3029,75
02:48:17.184,active,15262,798,12210,16784,0,95,59.0,47.8,No,2400,2400,0,3033,75
02:48:18.184,active,15236,808,12366,16785,-3,95,59.5,46.3,No,2400,2400,0,3038,75
02:48:19.185,active,15245,600,9162,16785,-4,95,59.5,47.1,No,2400,2400,0,3030,75
02:48:20.185,sleep,15303,428,6558,16786,0,95,56.2,31.0,No,1500,2400,0,4866,125
02:48:21.185,sleep,15307,456,6982,16786,11,95,55.1,-0.0,No,1500,2400,0,5148,125
02:48:22.184,sleep,15305,462,7098,16789,15,95,54.0,0.0,No,1500,2400,0,3509,75
02:48:23.184,sleep,15309,270,5246,16787,12,95,52.9,-0.0,No,1500,2400,0,3114,75
02:48:24.184,sleep,15303,566,8680,16787,14,95,52.9,0.0,No,1500,2400,0,3080,75
02:48:25.184,sleep,15307,220,7098,16788,13,95,52.4,0.0,No,1500,2400,0,3074,75
02:48:26.185,sleep,15303,342,5266,16787,9,95,51.8,0.0,No,1500,2400,0,3075,75
02:48:27.184,sleep,15301,314,4822,16788,15,95,51.2,0.0,No,1500,2400,0,3074,75
02:48:28.184,sleep,15299,390,5980,16787,13,95,51.8,-0.0,No,1500,2400,0,3072,75
02:48:29.184,sleep,15301,280,4302,16788,13,95,51.2,1.2,No,1500,2400,0,3075,75
02:48:30.184,sleep,15301,510,6552,16788,12,95,50.7,0.3,No,1500,2400,0,3065,75
02:48:31.184,sleep,15301,386,5902,16788,12,95,50.7,0.0,No,1500,2400,0,3083,75
02:48:32.184,sleep,15301,448,7292,16787,10,95,50.1,0.0,No,1500,2400,0,3078,75
02:48:33.185,sleep,15296,482,7388,16788,11,95,50.1,0.0,No,1500,2400,0,3076,75
02:48:34.185,sleep,15301,392,8410,16788,13,95,50.1,0.3,No,1500,2400,0,3078,75
02:48:35.184,active,15337,832,12732,16788,12,95,52.9,29.9,No,2400,2400,0,3060,75
02:48:36.185,active,15318,436,6674,16785,-6,95,53.5,45.3,No,2400,2400,0,3046,75
02:48:37.185,active,15314,440,6752,16784,-6,95,54.5,45.5,No,2400,2400,0,3031,75
02:48:38.184,active,15357,510,7832,16783,-5,95,54.5,45.3,No,2400,2400,0,3030,75
02:48:39.184,active,15352,474,7310,16785,-5,95,56.2,47.3,No,2400,2400,0,3029,75
02:48:40.184,active,15292,668,10244,16786,-3,95,56.8,51.3,No,2400,2400,0,3031,75
02:48:41.185,active,15309,612,12978,16786,-5,95,56.8,53.3,No,2400,2400,0,3019,75
02:48:42.189,active,15290,436,6712,16784,-4,95,56.8,52.3,No,2400,2400,0,3023,75
02:48:43.185,active,15341,506,7620,16783,-5,95,57.3,51.8,No,2400,2400,0,3023,75
02:48:44.184,active,15296,576,8854,16785,-4,95,56.8,49.4,No,2400,2400,0,3031,75
02:48:45.184,active,15331,824,12596,16784,0,95,57.9,49.6,No,2400,2400,0,3025,75
02:48:46.184,active,15311,486,7466,16784,0,95,58.4,50.5,No,2400,2400,0,3027,75
02:48:47.187,active,15307,522,8006,16785,-7,95,59.0,48.2,No,2400,2400,0,3012,75
02:48:48.185,active,15309,376,8858,16784,-5,95,57.3,51.1,No,2400,2400,0,3011,75
02:48:49.184,active,15305,442,6790,16785,-4,95,57.3,49.0,No,2400,2400,0,3021,75
02:48:50.184,active,15318,468,8352,16786,0,95,57.9,47.2,No,2400,2400,0,3013,75
02:48:51.184,active,15301,482,7408,16784,-3,95,57.9,46.9,No,2400,2400,0,3018,75
02:48:52.185,active,15322,458,6886,16785,-3,95,59.0,44.9,No,2400,2400,0,3012,75
02:48:53.187,active,15318,486,7466,16785,0,95,58.4,48.3,No,2400,2400,0,3010,75
02:48:54.185,active,15339,516,8662,16784,0,95,57.9,48.1,No,2400,2400,0,3012,75
02:48:55.184,active,15279,812,12674,16786,0,95,57.9,49.2,No,2400,2400,0,3015,75
02:48:56.184,active,15288,700,10706,16785,-3,95,59.5,45.1,No,2400,2400,0,3024,75
02:48:57.185,active,15299,774,12790,16786,-3,95,59.0,47.2,No,2400,2400,0,3015,75
02:48:58.185,active,15288,750,11498,16785,0,95,59.0,47.7,No,2400,2400,0,3009,75
02:48:59.185,active,15266,766,11748,16785,0,95,58.4,45.5,No,2400,2400,0,3000,75
02:49:00.187,active,15316,636,9780,16785,0,95,58.4,45.1,No,2400,2400,0,3021,75
02:49:01.184,active,15253,840,12866,16784,0,95,57.9,46.3,No,2400,2400,0,3024,75
02:49:02.184,active,15266,802,13036,16784,-3,95,56.8,44.7,No,2400,2400,0,3019,75
02:49:03.184,active,15264,816,12500,16786,0,95,59.0,45.5,No,2400,2400,0,3025,75
02:49:04.188,active,15322,630,8758,16785,0,95,59.0,45.1,No,2400,2400,0,3012,75
02:49:05.188,active,15318,526,8082,16785,0,95,57.3,46.6,No,2400,2400,0,3019,75
02:49:06.184,active,15290,470,7252,16786,0,95,57.9,45.7,No,2400,2400,0,3019,75
02:49:07.184,active,15320,630,7380,16786,0,95,59.5,46.9,No,2400,2400,0,3012,75
02:49:08.184,active,15299,472,7272,16784,-3,95,59.0,46.9,No,2400,2400,0,3020,75
02:49:09.185,active,15331,624,7908,16783,-7,95,59.0,46.0,No,2400,2400,0,3012,75
02:49:10.185,active,15316,584,8950,16784,-6,95,59.0,50.3,No,2400,2400,0,3011,75
02:49:11.185,active,15286,792,10956,16784,-5,95,59.0,51.5,No,2400,2400,0,3005,75
02:49:12.184,active,15320,566,8700,16783,-6,95,58.4,47.4,No,2400,2400,0,3008,75
02:49:13.184,active,15277,850,13368,16784,0,95,59.0,46.3,No,2400,2400,0,3013,75
02:49:14.188,active,15316,404,9278,16784,-5,95,60.0,46.6,No,2400,2400,0,3002,75
02:49:15.185,active,15326,458,7022,16784,0,95,59.0,48.7,No,2400,2400,0,3012,75
02:49:16.185,active,15311,484,7022,16785,-6,95,59.0,46.8,No,2400,2400,0,3015,75
02:49:17.184,active,15314,426,6538,16786,-4,95,59.5,44.0,No,2400,2400,0,3012,75
02:49:18.184,active,15326,410,6810,16786,-3,95,59.5,49.4,No,2400,2400,0,3016,75
02:49:19.184,active,15320,526,8082,16786,0,95,59.0,47.2,No,2400,2400,0,3009,75
02:49:20.185,active,15326,482,7408,16784,0,95,59.5,46.1,No,2400,2400,0,2999,75
02:49:21.185,active,15320,476,7310,16783,-3,95,58.4,44.8,No,2400,2400,0,3011,75
02:49:22.186,active,15354,480,7368,16785,0,95,59.0,48.0,No,2400,2400,0,3009,75
02:49:23.184,active,15273,796,12346,16786,-5,95,58.4,46.5,No,2400,2400,0,3003,75
02:49:24.184,active,15281,808,12366,16785,-6,95,59.0,46.0,No,2400,2400,0,4036,125
02:49:25.188,active,15268,762,9742,16785,-5,95,59.0,47.9,No,2400,2400,0,5028,125
02:49:26.185,active,15275,782,11960,16784,-4,95,59.5,47.0,No,2400,2400,0,5105,125
02:49:27.185,active,15290,794,12152,16785,0,95,59.0,47.1,No,2400,2400,0,5107,125
02:49:28.185,active,15247,874,13368,16783,-3,95,57.9,46.1,No,2400,2400,0,5110,125
02:49:29.184,active,15311,772,11806,16785,0,95,59.5,47.5,No,2400,2400,0,5125,125
02:49:30.184,active,15286,560,12442,16785,-4,95,59.0,47.4,No,2400,2400,0,5134,125
02:49:31.184,active,15309,890,13600,16784,-3,95,59.5,46.0,No,2400,2400,0,5146,125
02:49:32.185,active,15307,324,11786,16784,-3,95,59.5,45.3,No,2400,2400,0,5156,125
02:49:33.189,active,15294,812,12442,16786,-5,95,58.4,47.1,No,2400,2400,0,5167,125
02:49:34.184,active,15288,700,10744,16786,-5,95,59.0,48.5,No,2400,2400,0,5179,125
02:49:35.185,sleep,15301,398,7394,16785,0,95,56.2,31.6,No,1500,2400,0,5206,125
02:49:36.185,sleep,15303,494,7600,16787,10,95,55.1,-0.0,No,1500,2400,0,5250,125
02:49:37.185,sleep,15305,516,8834,16787,10,95,54.0,0.0,No,1500,2400,0,5160,75
02:49:38.185,sleep,15303,312,4802,16787,11,95,53.5,0.0,No,1500,2400,0,3449,75
02:49:39.185,sleep,15301,276,4842,16788,12,95,53.5,0.0,No,1500,2400,0,3202,75
02:49:40.185,sleep,15296,480,7350,16787,15,95,52.4,0.0,No,1500,2400,0,3176,75
02:49:41.185,sleep,15303,284,4358,16789,13,95,51.8,0.5,No,1500,2400,0,3164,75
02:49:42.185,sleep,15303,440,6616,16788,12,95,51.8,0.0,No,1500,2400,0,3162,75
02:49:43.184,sleep,15299,316,4860,16787,13,95,51.2,-0.0,No,1500,2400,0,3170,75
02:49:44.185,sleep,15305,644,5400,16788,13,95,50.7,0.0,No,1500,2400,0,3162,75
02:49:45.185,sleep,15303,338,5188,16787,11,95,50.7,0.0,No,1500,2400,0,3166,75
02:49:46.185,sleep,15301,516,8276,16788,14,95,51.2,0.0,No,1500,2400,0,3155,75
02:49:47.185,sleep,15303,522,8006,16790,12,95,50.7,0.0,No,1500,2400,0,3167,75
02:49:48.185,sleep,15307,476,7310,16790,14,95,50.7,0.0,No,1500,2400,0,3163,75
02:49:49.184,sleep,15299,492,7542,16789,15,95,51.2,-0.0,No,1500,2400,0,3156,75
02:49:50.188,active,15372,484,7446,16785,4,95,52.4,27.1,No,2400,2400,0,3136,75
02:49:51.184,active,15361,456,6234,16784,-7,95,52.9,48.4,No,2400,2400,0,3103,75
02:49:52.184,active,15243,790,12076,16785,-6,95,55.1,53.1,No,2400,2400,0,3115,75
02:49:53.184,active,15311,648,9916,16785,-3,95,56.2,46.5,No,2400,2400,0,3107,75
02:49:54.185,active,15288,540,8276,16786,-4,95,56.2,45.4,No,2400,2400,0,3102,75
02:49:55.185,active,15305,846,12924,16786,0,95,55.6,46.0,No,2400,2400,0,3091,75
02:49:56.184,active,15307,414,12766,16785,-6,95,56.2,45.5,No,2400,2400,0,3083,75
02:49:57.184,active,15305,454,6964,16785,-7,95,56.2,50.0,No,2400,2400,0,3086,75
02:49:58.184,active,15324,486,11226,16785,-8,95,57.3,48.2,No,2400,2400,0,3084,75
02:49:59.185,active,15303,472,7234,16785,-6,95,58.4,46.2,No,2400,2400,0,3078,75
02:50:00.187,active,15307,482,9510,16783,-8,95,57.9,48.9,No,2400,2400,0,3068,75
02:50:01.185,active,15281,786,11782,16784,-5,95,57.3,48.9,No,2400,2400,0,3071,75
02:50:02.184,active,15283,820,12578,16785,-5,95,57.9,46.9,No,2400,2400,0,3078,75
02:50:03.184,active,15286,796,13136,16785,-3,95,59.0,51.4,No,2400,2400,0,3079,75
02:50:04.184,active,15294,828,12694,16785,-3,95,58.4,50.9,No,2400,2400,0,3065,75
02:50:05.191,active,15275,750,11382,16783,-3,95,58.4,49.0,No,2400,2400,0,3064,75
02:50:06.185,active,15303,722,11072,16785,-4,95,58.4,53.6,No,2400,2400,0,3064,75
02:50:07.185,active,15277,834,12790,16784,-4,95,57.3,50.4,No,2400,2400,0,3064,75
02:50:08.184,active,15277,800,12268,16784,0,95,58.4,48.5,No,2400,2400,0,3057,75
02:50:09.184,active,15309,782,11960,16785,-5,95,59.0,48.4,No,2400,2400,0,3061,75
02:50:10.185,active,15283,692,10610,16787,0,95,59.5,50.5,No,2400,2400,0,3058,75
02:50:11.185,active,15316,444,6810,16788,0,95,59.0,48.9,No,2400,2400,0,3059,75
02:50:12.187,active,15333,452,6964,16786,0,95,57.3,45.0,No,2400,2400,0,3051,75
02:50:13.184,active,15339,444,6828,16787,0,95,57.3,47.6,No,2400,2400,0,3038,75
02:50:14.184,active,15296,456,7040,16784,-4,95,59.0,46.9,No,2400,2400,0,3051,75
02:50:15.184,active,15363,416,7172,16784,0,95,59.0,46.5,No,2400,2400,0,3053,75
02:50:16.185,active,15292,516,7948,16784,0,95,59.0,47.0,No,2400,2400,0,3051,75
02:50:17.191,active,15294,826,7792,16785,0,95,59.0,47.3,No,2400,2400,0,3035,75
02:50:18.185,active,15286,798,12230,16785,0,95,57.9,46.4,No,2400,2400,0,3041,75
02:50:19.184,active,15286,822,9972,16786,0,95,59.0,49.5,No,2400,2400,0,3031,75
02:50:20.184,active,15311,470,10494,16784,0,95,59.5,47.4,No,2400,2400,0,3090,125
02:50:21.184,active,15314,536,8218,16783,-3,95,59.5,47.6,No,2400,2400,0,4968,125
02:50:22.189,active,15309,430,10938,16784,-3,95,58.4,45.4,No,2400,2400,0,5133,125
02:50:23.188,active,15314,508,7792,16784,0,95,59.5,47.0,No,2400,2400,0,5151,125
02:50:24.184,active,15318,498,7002,16784,0,95,57.9,45.1,No,2400,2400,0,5157,125
02:50:25.184,active,15316,566,8680,16784,-3,95,58.4,46.6,No,2400,2400,0,5164,125
02:50:26.184,active,15324,286,7522,16784,0,95,59.5,47.0,No,2400,2400,0,5179,125
02:50:27.185,active,15352,508,7812,16785,-3,95,59.5,45.8,No,2400,2400,0,5182,125
02:50:28.184,active,15337,486,7466,16785,-3,95,58.4,45.7,No,2400,2400,0,5178,125
02:50:29.185,active,15326,506,7774,16784,-5,95,58.4,46.9,No,2400,2400,0,5193,125
02:50:30.184,active,15260,760,11632,16783,-5,95,58.4,46.6,No,2400,2400,0,5198,125
02:50:31.184,active,15279,810,12384,16783,-5,95,58.4,44.0,No,2400,2400,0,5213,125
02:50:32.185,active,15288,794,12172,16785,-5,95,59.0,43.8,No,2400,2400,0,5238,125
02:50:33.185,active,15279,580,11246,16783,-4,95,59.0,47.4,No,2400,2400,0,5248,125
02:50:34.185,active,15275,830,12712,16783,-3,95,59.0,43.2,No,2400,2400,0,5249,125
02:50:35.185,active,15262,716,10956,16783,-3,95,57.9,44.6,No,1900,2400,0,5259,125
02:50:36.184,active,15268,710,10860,16785,-3,95,58.4,45.2,No,2400,2400,0,5260,125
02:50:37.184,active,15292,686,10532,16785,0,95,59.5,46.2,No,2400,2400,0,5264,125
02:50:38.185,active,15273,784,8950,16783,-6,95,58.4,49.2,No,2400,2400,0,5273,125
02:50:39.189,active,15324,752,11516,16783,-3,95,59.0,48.4,No,2400,2400,0,5283,125
02:50:40.188,active,15283,706,10842,16785,0,95,59.0,48.7,No,2400,2400,0,5292,125
02:50:41.184,active,15292,756,11594,16784,0,95,58.4,48.6,No,2400,2400,0,5317,125
02:50:42.184,active,15281,870,13330,16784,0,95,59.0,49.7,No,2400,2400,0,5308,125
02:50:43.184,active,15324,686,7736,16784,0,95,59.0,47.5,No,2400,2400,0,5326,125
02:50:44.189,active,15277,848,12982,16784,0,95,59.0,47.0,No,2400,2400,0,5328,125
02:50:45.185,active,15292,840,10802,16785,-5,95,58.4,48.0,No,2400,2400,0,5321,125
02:50:46.185,active,15292,666,10204,16785,0,95,57.9,47.0,No,2400,2400,0,5337,125
02:50:47.184,active,15294,874,10610,16786,-3,95,58.4,47.1,No,2400,2400,0,5331,125
02:50:48.184,active,15288,828,12694,16786,0,95,58.4,46.5,No,2400,2400,0,5348,125
02:50:49.184,active,15316,482,7408,16785,-4,95,59.0,47.9,No,2400,2400,0,5355,125
02:50:50.184,sleep,15307,438,7620,16783,0,95,56.8,31.2,No,2400,2400,0,5367,125
02:50:51.184,sleep,15301,298,4572,16787,12,95,55.1,0.0,No,1500,2400,0,5412,125
02:50:52.184,sleep,15305,502,6790,16788,15,95,53.5,0.0,No,1500,2400,0,4573,75
02:50:53.184,sleep,15309,258,3974,16788,14,95,53.5,0.0,No,1500,2400,0,3456,75
02:50:54.184,sleep,15309,578,4900,16789,11,95,52.4,-0.0,No,1500,2400,0,3293,75
02:50:55.184,sleep,15301,490,7522,16788,13,95,52.4,0.0,No,1500,2400,0,3275,75
02:50:56.184,sleep,15299,486,7408,16789,15,95,51.2,-0.0,No,1500,2400,0,3267,75
02:50:57.184,sleep,15305,472,7234,16788,16,95,50.7,0.0,No,1500,2400,0,3274,75
02:50:58.184,sleep,15307,634,9722,16788,13,95,51.2,0.0,No,1500,2400,0,3266,75
02:50:59.184,sleep,15299,238,7194,16788,14,95,50.7,0.0,No,1500,2400,0,3261,75
02:51:00.184,sleep,15301,390,5980,16787,12,95,50.1,0.0,No,1500,2400,0,3245,75
02:51:01.184,sleep,15307,520,4340,16789,14,95,49.6,-0.0,No,1500,2400,0,3247,75
02:51:02.184,sleep,15309,226,3472,16789,14,95,50.1,0.0,No,1500,2400,0,3238,75
02:51:03.184,sleep,15303,586,2622,16787,9,95,49.6,-0.0,No,1500,2400,0,3234,75
02:51:04.185,sleep,15314,258,3954,16787,5,95,50.7,0.0,No,1500,2400,0,3226,75
02:51:05.184,active,15318,702,10532,16784,0,95,52.4,26.1,No,2400,2400,0,3204,75
02:51:06.184,active,15301,464,7138,16784,-12,95,54.0,48.5,No,2400,2400,0,3174,75
02:51:07.185,active,15314,618,9472,16783,-8,95,54.5,47.3,No,2400,2400,0,3183,75
02:51:08.185,active,15292,784,9818,16782,-13,95,54.0,47.5,No,2400,2400,0,3174,75
02:51:09.184,active,15296,816,12520,16784,-12,95,54.5,49.0,No,2400,2400,0,3173,75
02:51:10.184,active,15296,564,11150,16783,-10,95,54.0,50.1,No,2400,2400,0,3160,75
02:51:11.184,active,15294,806,12346,16783,-9,95,55.6,48.7,No,2400,2400,0,3150,75
02:51:12.188,active,15279,778,11922,16784,-6,95,57.3,48.0,No,2400,2400,0,3135,75
02:51:13.185,active,15301,736,11284,16783,-6,95,56.2,51.9,No,2400,2400,0,3128,75
02:51:14.184,active,15275,848,13022,16783,-8,95,56.8,46.7,No,2400,2400,0,3136,75
02:51:15.184,active,15281,812,12964,16785,-6,95,56.8,47.4,No,2400,2400,0,3137,75
02:51:16.184,active,15245,790,12114,16783,-4,95,56.8,47.6,No,2400,2400,0,3134,75
02:51:17.184,active,15273,912,10726,16783,-3,95,56.8,46.6,No,2400,2400,0,3128,75
02:51:18.185,active,15326,452,6944,16784,-3,95,57.3,46.6,No,2400,2400,0,3125,75
02:51:19.189,active,15354,510,7850,16783,-7,95,56.2,46.7,No,2400,2400,0,3117,75
02:51:20.184,active,15369,498,6906,16782,-7,95,56.8,49.0,No,2400,2400,0,3116,75
02:51:21.184,active,15107,442,6790,16783,-9,95,56.8,49.4,No,2400,2400,0,3103,75
02:51:22.184,active,15314,668,10456,16785,-6,95,57.9,49.6,No,2400,2400,0,3099,75
02:51:23.185,active,15376,488,7522,16786,-5,95,57.9,49.2,No,2400,2400,0,3091,75
02:51:24.185,active,15292,790,10378,16786,0,95,58.4,51.9,No,2400,2400,0,3097,75
02:51:25.185,active,15376,478,7368,16786,-5,95,56.2,51.0,No,2400,2400,0,3095,75
02:51:26.184,active,15292,344,7870,16785,0,95,57.9,48.0,No,2400,2400,0,3092,75
02:51:27.184,active,15311,444,10300,16784,-3,95,58.4,50.8,No,2400,2400,0,3090,75
02:51:28.188,active,15316,648,9934,16785,0,95,58.4,52.8,No,2400,2400,0,3082,75
02:51:29.185,active,15309,486,7986,16784,0,95,58.4,48.7,No,2400,2400,0,3073,75
02:51:30.185,active,15305,422,6482,16782,-4,95,57.9,46.7,No,2400,2400,0,3075,75
02:51:31.184,active,15352,444,7388,16783,-7,95,57.9,51.7,No,2400,2400,0,3080,75
02:51:32.184,active,15311,452,6944,16783,-5,95,57.9,49.9,No,2400,2400,0,3084,75
02:51:33.184,active,15320,266,6424,16784,-5,95,59.0,45.9,No,2400,2400,0,3071,75
02:51:34.185,active,15322,458,7040,16784,-4,95,58.4,46.9,No,2400,2400,0,3070,75
02:51:35.187,active,15316,476,7330,16784,-3,95,58.4,47.9,No,2400,2400,0,3067,75
02:51:36.185,active,15335,468,7176,16784,-5,95,57.3,48.7,No,2400,2400,0,3063,75
02:51:37.184,active,15294,636,9742,16784,-6,95,59.0,49.2,No,2400,2400,0,3069,75
02:51:38.184,active,15286,620,12114,16784,-3,95,58.4,49.0,No,2400,2400,0,3064,75
02:51:39.185,active,15281,616,9452,16785,0,95,59.5,48.6,No,2400,2400,0,3065,75
02:51:40.185,active,15241,814,12480,16786,0,95,58.4,46.2,No,2400,2400,0,3057,75
02:51:41.185,active,15281,596,9124,16785,-5,95,57.9,43.2,No,2400,2400,0,3056,75
02:51:42.184,active,15268,796,12210,16785,0,95,58.4,48.5,No,2400,2400,0,3057,75
02:51:43.184,active,15260,924,14140,16785,0,95,59.0,48.6,No,2400,2400,0,3059,75
02:51:44.184,active,15311,614,9414,16785,0,95,59.0,46.5,No,2400,2400,0,3056,75
02:51:45.185,active,15301,644,10648,16784,0,95,58.4,45.7,No,2400,2400,0,3053,75
02:51:46.187,active,15311,660,10108,16785,0,95,59.5,45.7,No,2400,2400,0,3050,75
02:51:47.185,active,15292,646,9916,16785,0,95,59.0,47.3,No,2400,2400,0,3050,75
02:51:48.184,active,15288,842,12906,16785,0,95,58.4,45.7,No,2400,2400,0,3050,75
02:51:49.184,active,15277,882,13522,16782,-5,95,59.0,47.8,No,2400,2400,0,3051,75
02:51:50.185,active,15288,888,13620,16783,-3,95,58.4,46.4,No,2400,2400,0,3038,75
02:51:51.185,active,15268,794,12172,16786,0,95,59.0,45.6,No,2400,2400,0,3029,75
02:51:52.185,active,15286,812,8834,16784,0,95,58.4,44.9,No,2400,2400,0,3029,75
02:51:53.184,active,15294,848,13002,16786,0,95,58.4,46.9,No,2400,2400,0,3034,75
02:51:54.184,active,15292,800,10822,16783,-3,95,59.0,44.0,No,2400,2400,0,3045,75
02:51:55.184,active,15290,822,12616,16784,0,95,59.0,44.7,No,2400,2400,0,3037,75
02:51:56.184,active,15316,494,7580,16786,4,95,59.0,43.9,No,2400,2400,0,3028,75
02:51:57.185,active,15314,474,7426,16784,0,95,58.4,43.8,No,2400,2400,0,3018,75
02:51:58.185,active,15320,520,7986,16784,0,95,58.4,43.7,No,2400,2400,0,3026,75
02:51:59.184,active,15333,486,7562,16785,-3,95,57.9,47.5,No,2400,2400,0,3028,75
02:52:00.184,active,15316,468,7176,16787,-4,95,60.0,47.8,No,2400,2400,0,3038,75
02:52:01.184,active,15365,522,5980,16786,0,95,59.5,49.1,No,2400,2400,0,3032,75
02:52:02.185,active,15326,438,6732,16786,0,95,59.0,46.7,No,2400,2400,0,3029,75
02:52:03.185,active,15374,416,6384,16786,0,95,59.5,45.2,No,2400,2400,0,3026,75
02:52:04.188,active,15335,484,7446,16783,-5,95,57.9,45.4,No,2400,2400,0,3033,75
02:52:05.184,sleep,15305,418,6424,16783,-3,95,56.8,33.5,No,2400,2400,0,3026,75
02:52:06.185,sleep,15309,394,4802,16786,6,95,55.1,0.3,No,1500,2400,0,3045,75
02:52:07.185,sleep,15301,270,4146,16786,10,95,52.9,0.0,No,1500,2400,0,3048,75
02:52:08.184,sleep,15303,282,7466,16788,10,95,52.4,0.0,No,1500,2400,0,3034,75
02:52:09.184,sleep,15307,530,8120,16786,10,95,52.9,0.0,No,1500,2400,0,3055,75
02:52:10.184,sleep,15303,406,6230,16786,8,95,52.4,0.0,No,1500,2400,0,3059,75
02:52:11.184,sleep,15309,410,6308,16788,11,95,51.2,-0.0,No,1500,2400,0,3052,75
02:52:12.184,sleep,15299,626,9606,16787,9,95,51.2,-0.0,No,1500,2400,0,3038,75
02:52:13.184,sleep,15309,554,2618,16786,6,95,51.2,0.0,No,1500,2400,0,3047,75
02:52:14.184,sleep,15307,284,4358,16787,6,95,50.7,0.0,No,1500,2400,0,3050,75
02:52:15.184,sleep,15299,322,5014,16787,7,95,50.1,0.0,No,1500,2400,0,3053,75
02:52:16.184,sleep,15307,448,6886,16786,10,95,50.7,0.0,No,1500,2400,0,3061,75
02:52:17.185,sleep,15305,506,7754,16786,8,95,50.7,-0.0,No,1500,2400,0,3062,75
02:52:18.184,sleep,15303,330,5054,16786,7,95,50.1,0.3,No,1500,2400,0,3058,75
02:52:19.184,sleep,15299,540,8294,16786,4,95,50.1,-0.0,No,1500,2400,0,3047,75
02:52:20.185,active,15307,772,11844,16786,4,95,54.0,24.6,No,2400,2400,0,3040,75
02:52:21.184,active,15273,772,11844,16784,-9,95,53.5,47.4,No,2400,2400,0,3018,75
02:52:22.184,active,15273,756,11594,16784,-9,95,54.0,49.3,No,2400,2400,0,3010,75
02:52:23.184,active,15258,754,11536,16783,-5,95,55.1,48.9,No,2400,2400,0,3016,75
02:52:24.184,active,15247,660,12712,16785,-7,95,55.6,48.6,No,2400,2400,0,3009,75
02:52:25.185,active,15333,474,7292,16786,0,95,55.6,48.0,No,2400,2400,0,3015,75
02:52:26.189,active,15374,480,7388,16785,-6,95,56.2,48.3,No,2400,2400,0,3015,75
02:52:27.184,active,15361,476,7350,16785,-5,95,56.8,48.4,No,2400,2400,0,3012,75
02:52:28.184,active,15320,502,7716,16784,-3,95,56.8,48.9,No,2400,2400,0,3010,75
02:52:29.184,active,15365,536,8256,16784,0,95,56.8,48.8,No,2400,2400,0,3018,75
02:52:30.185,active,15303,490,7542,16786,0,95,57.9,48.2,No,2400,2400,0,2998,75
02:52:31.185,active,15331,682,7466,16785,0,95,56.8,47.5,No,2400,2400,0,3016,75
02:52:32.185,active,15296,510,7850,16786,0,95,56.8,48.3,No,2400,2400,0,3018,75
02:52:33.184,active,15292,784,8776,16785,-3,95,56.8,52.8,No,2400,2400,0,3020,75
02:52:34.184,active,15299,876,13446,16785,0,95,57.9,47.0,No,2400,2400,0,3020,75
02:52:35.186,active,15309,464,7138,16783,0,95,58.4,47.1,No,2400,2400,0,3019,75
02:52:36.188,active,15320,480,7368,16784,0,95,57.9,48.2,No,2400,2400,0,3019,75
02:52:37.185,active,15320,494,7580,16785,0,95,57.9,44.4,No,2400,2400,0,3016,75
02:52:38.184,active,15311,468,6810,16784,-3,95,57.3,46.7,No,2400,2400,0,3010,75
02:52:39.184,active,15350,516,7908,16786,-3,95,58.4,52.5,No,2400,2400,0,2993,75
02:52:40.184,active,15324,492,7562,16783,-4,95,58.4,48.4,No,2400,2400,0,2994,75
02:52:41.185,active,15316,470,7214,16786,-4,95,58.4,46.3,No,2400,2400,0,3007,75
02:52:42.185,active,15339,488,6810,16785,-9,95,57.9,47.1,No,2400,2400,0,3013,75
02:52:43.185,active,15329,386,5940,16785,-8,95,57.3,48.6,No,2400,2400,0,3013,75
02:52:44.184,active,15266,790,12114,16783,-11,95,59.0,52.4,No,2400,2400,0,3013,75
02:52:45.184,active,15249,802,12288,16782,-10,95,57.3,48.7,No,2400,2400,0,3016,75
02:52:46.184,active,15290,756,11594,16781,-8,95,58.4,46.6,No,2400,2400,0,3005,75
02:52:47.187,active,15292,650,10378,16783,-12,95,59.0,49.5,No,2400,2400,0,3007,75
02:52:48.186,active,15283,692,10610,16783,-11,95,58.4,53.9,No,2400,2400,0,3001,75
02:52:49.184,active,15322,592,10744,16784,-6,95,58.4,53.3,No,2400,2400,0,3011,75
02:52:50.184,active,15290,566,8680,16785,-6,95,59.0,50.9,No,2400,2400,0,3012,75
02:52:51.184,active,15309,482,10146,16783,-10,95,59.5,49.9,No,2400,2400,0,4422,125
02:52:52.185,active,15314,504,7736,16783,-10,95,59.0,48.3,No,2400,2400,0,5043,125
02:52:53.187,active,15322,726,8294,16784,-5,95,59.0,45.5,No,2400,2400,0,5087,125
02:52:54.185,active,15294,846,10706,16783,-6,95,59.0,48.7,No,2400,2400,0,5094,125
02:52:55.184,active,15324,694,10648,16784,0,95,57.9,45.9,No,2400,2400,0,5116,125
02:52:56.184,active,15288,858,12538,16784,-3,95,59.0,49.2,No,2400,2400,0,5136,125
02:52:57.185,active,15294,822,12596,16783,-3,95,59.5,49.0,No,2400,2400,0,5139,125
02:52:58.189,active,15275,796,12366,16784,-4,95,59.0,49.3,No,2400,2400,0,5151,125
02:52:59.185,active,15286,798,12230,16783,-5,95,59.5,48.9,No,2400,2400,0,5156,125
02:53:00.187,active,15316,734,11246,16785,-4,95,59.0,49.7,No,2400,2400,0,5166,125
02:53:01.184,active,15271,826,12636,16783,0,95,59.5,49.4,No,2400,2400,0,5187,125
02:53:02.184,active,15279,800,12268,16785,0,95,60.0,48.8,No,2400,2400,0,5207,125
02:53:03.185,active,15320,558,12866,16785,3,95,59.5,46.5,No,2400,2400,0,5206,125
02:53:04.185,active,15357,332,5130,16783,-5,95,59.0,45.1,No,2400,2400,0,5221,125
02:53:05.185,active,15365,468,7194,16784,-3,95,59.0,46.5,No,2400,2400,0,5236,125
02:53:06.184,active,15344,458,7040,16783,-5,95,59.5,44.2,No,2400,2400,0,5243,125
02:53:07.184,active,15294,524,8082,16784,0,95,59.0,46.9,No,2400,2400,0,5249,125
02:53:08.184,active,15331,692,8068,16785,0,95,59.5,46.5,No,2400,2400,0,5250,125
02:53:09.185,active,15292,644,9896,16785,0,95,59.0,45.6,No,2400,2400,0,5280,125
02:53:10.190,active,15290,800,7696,16784,-5,95,58.4,46.7,No,2400,2400,0,5274,125
02:53:11.186,active,15294,782,11980,16783,-3,95,59.0,46.3,No,2400,2400,0,5277,125
02:53:12.184,active,15294,730,13890,16783,0,95,60.0,54.5,No,2400,2400,0,5282,125
02:53:13.184,active,15316,514,10450,16784,0,95,59.0,48.0,No,2400,2400,0,5304,125
02:53:14.184,active,15311,656,10070,16783,0,95,59.0,45.8,No,2400,2400,0,5297,125
02:53:15.185,active,15318,444,11902,16785,-3,95,59.0,43.0,No,2400,2400,0,5304,125
02:53:16.185,active,15322,522,8044,16783,-4,95,58.4,45.5,No,2400,2400,0,5310,125
02:53:17.184,active,15314,390,8758,16785,-6,95,59.5,49.9,No,2400,2400,0,5313,125
02:53:18.184,active,15311,486,7484,16785,-7,95,58.4,49.5,No,2400,2400,0,5321,125
02:53:19.184,active,15318,480,6018,16784,-4,95,58.4,48.1,No,2400,2400,0,5337,125
02:53:20.184,sleep,15309,486,7466,16784,0,95,56.2,33.2,No,2400,2400,0,5355,125
02:53:21.184,sleep,15309,496,7600,16786,13,95,55.6,0.0,No,2400,2400,0,5388,125
02:53:22.184,sleep,15305,452,6944,16785,8,95,55.1,-0.0,No,2400,2400,0,5379,125
02:53:23.184,sleep,15303,482,7388,16787,13,95,54.5,0.0,No,2400,2400,0,3746,75
02:53:24.184,sleep,15299,454,7080,16788,11,95,54.5,0.0,No,2400,2400,0,3321,75
02:53:25.185,sleep,15299,574,8796,16787,5,95,52.9,0.3,No,1500,2400,0,3259,75
02:53:26.185,sleep,15305,332,5748,16787,15,95,51.8,0.0,No,1500,2400,0,3247,75
02:53:27.184,sleep,15303,332,5112,16788,12,95,51.8,0.0,No,1500,2400,0,3251,75
02:53:28.185,sleep,15305,324,5806,16788,17,95,51.2,0.0,No,1500,2400,0,3262,75
02:53:29.185,sleep,15292,582,8932,16789,15,95,50.7,0.0,No,1500,2400,0,3252,75
02:53:30.185,sleep,15311,342,5246,16788,16,95,50.1,-0.0,No,1500,2400,0,3252,75
02:53:31.185,sleep,15305,242,3722,16788,15,95,51.2,-0.0,No,1500,2400,0,3231,75
02:53:32.185,sleep,15303,616,8334,16789,13,95,51.8,0.0,No,1500,2400,0,3233,75
02:53:33.185,sleep,15303,572,5130,16789,12,95,50.7,0.0,No,1500,2400,0,3232,75
02:53:34.185,sleep,15305,460,7060,16788,9,95,49.6,0.0,No,1500,2400,0,3232,75
02:53:35.184,active,15307,770,12404,16787,7,95,52.4,23.8,No,2400,2400,0,3209,75
02:53:36.184,active,15324,672,10320,16784,-6,95,53.5,46.3,No,2400,2400,0,3185,75
02:53:37.185,active,15296,660,10128,16785,-4,95,54.5,45.3,No,2400,2400,0,3177,75
02:53:38.185,active,15303,910,13948,16783,-7,95,55.1,47.5,No,2400,2400,0,3176,75
02:53:39.184,active,15290,658,10088,16784,-8,95,54.5,47.6,No,2400,2400,0,3171,75
02:53:40.184,active,15286,756,11594,16785,-4,95,55.1,48.5,No,2400,2400,0,3156,75
02:53:41.184,active,15281,822,12616,16784,-7,95,56.2,49.6,No,2400,2400,0,3138,75
02:53:42.184,active,15314,464,7638,16785,-3,95,56.8,48.7,No,2400,2400,0,3136,75
02:53:43.185,active,15307,468,7194,16785,0,95,57.3,47.8,No,2400,2400,0,3136,75
02:53:44.188,active,15322,542,8334,16785,-3,95,56.2,48.7,No,2400,2400,0,3125,75
02:53:45.184,active,15314,484,7446,16785,0,95,56.2,49.0,No,2400,2400,0,3129,75
02:53:46.184,active,15341,522,8006,16785,0,95,57.3,49.5,No,2400,2400,0,3133,75
02:53:47.184,active,15331,526,8064,16785,0,95,57.9,49.2,No,2400,2400,0,3128,75
02:53:48.185,active,15350,446,6848,16784,0,95,57.9,48.2,No,2400,2400,0,3122,75
02:53:49.185,active,15333,522,7330,16785,3,95,56.8,48.3,No,2400,2400,0,3117,75
02:53:50.185,active,15376,528,8120,16784,0,95,56.8,47.7,No,2400,2400,0,3107,75
02:53:51.184,active,15357,442,7908,16784,0,95,56.8,51.2,No,2400,2400,0,3095,75
02:53:52.184,active,15241,812,12404,16785,0,95,57.3,50.2,No,2400,2400,0,3095,75
02:53:53.184,active,15307,836,12808,16786,0,95,59.0,46.7,No,2400,2400,0,3098,75
02:53:54.189,active,15286,486,11818,16787,0,95,57.9,46.1,No,2400,2400,0,3096,75
02:53:55.185,active,15309,698,10686,16786,-5,95,57.9,46.2,No,2400,2400,0,3096,75
02:53:56.184,active,15305,464,10686,16786,-3,95,57.3,46.7,No,2400,2400,0,3093,75
02:53:57.184,active,15275,546,8372,16785,0,95,57.9,49.0,No,2400,2400,0,3088,75
02:53:58.189,active,15301,320,10572,16784,-6,95,58.4,47.5,No,2400,2400,0,3080,75
02:53:59.184,active,15303,440,6770,16784,-4,95,57.9,48.6,No,2400,2400,0,3075,75
02:54:00.185,active,15348,518,9162,16786,0,95,58.4,47.4,No,2400,2400,0,3062,75
02:54:01.186,active,15294,850,9954,16786,0,95,57.3,49.6,No,2400,2400,0,3051,75
02:54:02.184,active,15283,770,11806,16786,0,95,58.4,51.6,No,2400,2400,0,3057,75
02:54:03.184,active,15277,780,11844,16784,-3,95,59.0,51.6,No,2400,2400,0,3061,75
02:54:04.184,active,15283,808,12384,16785,0,95,59.0,52.5,No,2400,2400,0,3069,75
02:54:05.185,active,15281,838,11710,16784,0,95,58.4,48.1,No,2400,2400,0,3069,75
02:54:06.185,active,15281,806,12346,16785,0,95,59.0,49.0,No,2400,2400,0,3062,75
02:54:07.184,active,15260,928,12616,16785,0,95,58.4,53.9,No,2400,2400,0,3063,75
02:54:08.184,active,15279,748,11440,16786,4,95,58.4,48.6,No,2400,2400,0,3053,75
02:54:09.188,active,15286,668,10244,16786,3,95,59.5,50.7,No,2400,2400,0,3050,75
02:54:10.185,active,15283,596,9124,16785,0,95,59.0,49.4,No,2400,2400,0,3048,75
02:54:11.188,active,15324,476,7310,16786,0,95,59.0,44.2,No,2400,2400,0,3048,75
02:54:12.185,active,15320,674,7658,16786,0,95,59.5,46.5,No,2400,2400,0,3054,75
02:54:13.184,active,15322,642,9858,16786,5,95,59.0,49.7,No,2400,2400,0,3049,75
02:54:14.184,active,15348,454,6982,16785,3,95,58.4,47.6,No,2400,2400,0,3040,75
02:54:15.184,active,15361,520,8006,16785,4,95,57.9,43.7,No,2400,2400,0,3037,75
02:54:16.185,active,15290,662,10186,16784,0,95,59.5,46.5,No,2400,2400,0,3036,75
02:54:17.191,active,15290,818,8442,16787,0,95,59.5,49.5,No,2400,2400,0,3028,75
02:54:18.187,active,15283,796,12210,16785,0,95,59.0,48.9,No,2400,2400,0,3037,75
02:54:19.184,active,15286,812,10262,16786,0,95,59.0,49.4,No,2400,2400,0,3044,75
02:54:20.184,active,15311,458,12654,16785,0,95,59.5,50.0,No,2400,2400,0,3037,75
02:54:21.185,active,15326,596,9144,16785,6,95,59.5,47.0,No,2400,2400,0,3039,75
02:54:22.185,active,15303,486,7466,16785,0,95,59.5,44.4,No,2400,2400,0,3034,75
02:54:23.185,active,15318,492,7542,16786,0,95,59.0,42.4,No,2400,2400,0,3034,75
02:54:24.184,active,15311,530,7608,16786,3,95,57.9,45.4,No,2400,2400,0,3033,75
02:54:25.184,active,15337,462,7098,16785,0,95,59.5,47.3,No,2400,2400,0,3032,75
02:54:26.184,active,15322,502,7214,16784,0,95,60.0,47.0,No,2400,2400,0,3032,75
02:54:27.185,active,15378,494,7580,16784,0,95,59.0,45.9,No,2400,2400,0,3033,75
02:54:28.187,active,15365,484,8064,16784,0,95,59.0,45.0,No,2400,2400,0,3031,75
02:54:29.188,active,15322,470,7214,16784,-4,95,58.4,46.9,No,2400,2400,0,3032,75
02:54:30.184,active,15247,828,12694,16786,-3,95,58.4,45.1,No,2400,2400,0,3014,75
02:54:31.184,active,15266,848,12982,16787,0,95,59.5,48.7,No,2400,2400,0,3020,75
02:54:32.187,active,15292,674,10340,16787,0,95,58.4,45.5,No,2400,2400,0,3032,75
02:54:33.185,active,15249,724,12334,16785,-6,95,59.0,46.2,No,2400,2400,0,3028,75
02:54:34.185,active,15307,724,11072,16784,-6,95,59.0,44.2,No,2400,2400,0,3030,75
02:54:35.184,sleep,15307,354,8834,16783,0,95,57.3,35.2,No,2400,2400,0,3017,75
02:54:36.184,sleep,15309,394,6056,16785,8,95,56.2,0.0,No,2400,2400,0,3038,75
02:54:37.184,sleep,15299,392,7388,16786,11,95,55.1,0.0,No,2400,2400,0,3038,75
02:54:38.184,sleep,15305,452,6944,16787,12,95,55.1,0.0,No,2400,2400,0,3038,75
02:54:39.184,sleep,15296,476,7156,16786,9,95,54.0,0.0,No,2400,2400,0,3047,75
02:54:40.184,sleep,15309,624,6790,16787,4,95,52.4,-0.0,No,1500,2400,0,3037,75
02:54:41.184,sleep,15301,560,8584,16788,14,95,52.4,0.0,No,1500,2400,0,3045,75
02:54:42.184,sleep,15307,558,6268,16788,13,95,52.4,-0.0,No,1500,2400,0,3048,75
02:54:43.184,sleep,15307,330,5054,16787,13,95,51.2,0.0,No,1500,2400,0,3050,75
02:54:44.184,sleep,15305,414,7234,16787,10,95,51.8,0.0,No,1500,2400,0,3047,75
02:54:45.184,sleep,15303,332,5112,16788,10,95,51.8,0.0,No,1500,2400,0,3054,75
02:54:46.184,sleep,15301,376,5498,16787,10,95,51.2,0.0,No,1500,2400,0,3047,75
02:54:47.185,sleep,15294,272,4186,16789,11,95,50.7,-0.0,No,1500,2400,0,3054,75
02:54:48.184,sleep,15299,504,7716,16788,14,95,50.7,0.3,No,1500,2400,0,3041,75
02:54:49.184,sleep,15299,318,5980,16789,15,95,50.1,-0.0,No,1500,2400,0,3045,75
02:54:50.188,active,15286,738,11324,16787,9,95,54.0,22.5,No,2400,2400,0,3052,75
02:54:51.189,active,15341,514,7716,16784,-8,95,54.0,46.4,No,2400,2400,0,3018,75
02:54:52.184,active,15341,496,7638,16783,-6,95,54.5,46.8,No,2400,2400,0,3014,75
02:54:53.184,active,15329,550,8430,16783,-6,95,55.6,46.2,No,2400,2400,0,3013,75
02:54:54.184,active,15352,414,6384,16785,-7,95,56.8,47.3,No,2400,2400,0,3017,75
02:54:55.185,active,15329,488,7504,16787,-3,95,57.3,47.9,No,2400,2400,0,3018,75
02:54:56.185,active,15335,434,7310,16788,0,95,56.2,46.9,No,2400,2400,0,3016,75
02:54:57.185,active,15326,484,7466,16787,0,95,56.8,45.8,No,2400,2400,0,2996,75
02:54:58.184,active,15316,500,7620,16785,0,95,56.8,47.5,No,2400,2400,0,3006,75
02:54:59.184,active,15286,584,8950,16784,0,95,57.3,49.0,No,2400,2400,0,3004,75
02:55:00.185,active,15301,788,12038,16786,0,95,57.9,48.9,No,2400,2400,0,3003,75
02:55:01.189,active,15307,378,11806,16787,0,95,57.9,47.8,No,2400,2400,0,3006,75
02:55:02.185,active,15305,560,8584,16786,0,95,57.3,47.6,No,2400,2400,0,3010,75
02:55:03.184,active,15299,484,10784,16786,0,95,57.9,48.0,No,2400,2400,0,2995,75
02:55:04.184,active,15303,370,5690,16786,0,95,57.3,48.7,No,2400,2400,0,3013,75
02:55:05.185,active,15309,740,8140,16786,4,95,58.4,50.0,No,2400,2400,0,3006,75
02:55:06.188,active,15311,458,7040,16786,0,95,57.9,48.4,No,2400,2400,0,3014,75
02:55:07.185,active,15314,510,7832,16785,3,95,58.4,47.6,No,2400,2400,0,2998,75
02:55:08.192,active,15290,824,8412,16784,5,95,58.4,47.7,No,2400,2400,0,2995,75
02:55:09.184,active,15292,810,12404,16784,0,95,57.9,56.5,No,2400,2400,0,3005,75
02:55:10.184,active,15286,754,11574,16785,0,95,58.4,48.5,No,2400,2400,0,3003,75
02:55:11.184,active,15292,812,12462,16785,0,95,59.0,46.2,No,2400,2400,0,3010,75
02:55:12.188,active,15294,764,11710,16785,0,95,59.0,46.8,No,2400,2400,0,3006,75
02:55:13.186,active,15271,798,12346,16783,-4,95,59.0,49.7,No,2400,2400,0,3015,75
02:55:14.184,active,15283,726,11112,16784,-3,95,58.4,47.5,No,2400,2400,0,3015,75
02:55:15.184,active,15275,808,13696,16784,0,95,58.4,49.0,No,2400,2400,0,3013,75
02:55:16.184,active,15283,854,13078,16784,5,95,58.4,47.7,No,2400,2400,0,3006,75
02:55:17.188,active,15357,880,13464,16787,3,95,59.0,46.7,No,2400,2400,0,2986,75
02:55:18.188,active,15350,484,7580,16785,6,95,57.9,47.5,No,2400,2400,0,3007,75
02:55:19.185,active,15359,462,7118,16786,3,95,59.0,50.5,No,2400,2400,0,3001,75
02:55:20.184,active,15290,824,10668,16785,0,95,59.5,54.5,No,2400,2400,0,3001,75
02:55:21.184,active,15348,464,7156,16785,0,95,59.5,52.8,No,2400,2400,0,2989,75
02:55:22.184,active,15324,464,7138,16784,0,95,59.5,51.1,No,2400,2400,0,3003,75
02:55:23.188,active,15363,482,7426,16785,4,95,60.6,49.6,No,2400,2400,0,2995,75
02:55:24.185,active,15324,478,7368,16784,4,95,59.5,46.4,No,2400,2400,0,3000,75
02:55:25.187,active,15292,670,10262,16784,0,95,59.5,53.3,No,2400,2400,0,3006,75
02:55:26.184,active,15299,476,7350,16786,0,95,59.5,51.9,No,2400,2400,0,3005,75
02:55:27.184,active,15311,514,10186,16784,0,95,60.0,51.5,No,2400,2400,0,4842,125
02:55:28.184,active,15314,492,7542,16785,0,95,60.0,49.7,No,2400,2400,0,5077,125
02:55:29.188,active,15316,758,11284,16785,0,95,60.0,46.4,No,2400,2400,0,5095,125
02:55:30.185,active,15326,404,6212,16784,0,95,59.5,48.2,No,2400,2400,0,5096,125
02:55:31.184,active,15361,488,7504,16786,0,95,61.1,50.1,No,2400,2400,0,5109,125
02:55:32.184,active,15320,504,7754,16788,4,95,59.5,48.8,No,2400,2400,0,5122,125
02:55:33.184,active,15316,510,7850,16785,0,95,60.6,46.1,No,2400,2400,0,5148,125
02:55:34.185,active,15316,482,8392,16788,3,95,60.0,43.2,No,2400,2400,0,5139,125
02:55:35.185,active,15359,508,7812,16785,0,95,60.0,43.9,No,2400,2400,0,5150,125
02:55:36.185,active,15341,476,7330,16787,0,95,59.0,48.9,No,2400,2400,0,5164,125
02:55:37.184,active,15281,800,12268,16787,5,95,59.0,44.9,No,2400,2400,0,5185,125
02:55:38.184,active,15277,836,12790,16786,6,95,60.0,47.0,No,2400,2400,0,5192,125
02:55:39.185,active,15314,566,12264,16787,9,95,60.0,46.1,No,2400,2400,0,5205,125
02:55:40.188,active,15249,846,12964,16786,6,95,60.0,43.6,No,2400,2400,0,5222,125
02:55:41.185,active,15271,788,12790,16785,4,95,59.0,46.2,No,2400,2400,0,5231,125
02:55:42.184,active,15275,596,9144,16787,3,95,59.5,45.2,No,2400,2400,0,5237,125
02:55:43.184,active,15262,660,12924,16787,5,95,59.0,47.7,No,2400,2400,0,5249,125
02:55:44.184,active,15268,814,12480,16787,5,95,57.9,46.2,No,2400,2400,0,5258,125
02:55:45.185,active,15290,760,8392,16787,7,95,59.5,44.4,No,2400,2400,0,5266,125
02:55:46.187,active,15324,710,10898,16786,0,95,59.0,47.0,No,2400,2400,0,5269,125
02:55:47.185,active,15286,592,9086,16785,0,95,59.5,51.8,No,2400,2400,0,5287,125
02:55:48.184,active,15352,518,6942,16785,0,95,59.5,51.0,No,2400,2400,0,5295,125
02:55:49.184,active,15296,496,7638,16785,0,95,59.0,44.0,No,2400,2400,0,5294,125
02:55:50.184,sleep,15296,518,6154,16785,0,95,57.3,35.4,No,2400,2400,0,5307,125
02:55:51.184,sleep,15301,432,6616,16788,15,95,56.2,0.0,No,2400,2400,0,5364,125
02:55:52.184,sleep,15296,496,7792,16789,15,95,55.1,0.0,No,2400,2400,0,5347,125
02:55:53.184,sleep,15301,492,7542,16788,10,95,55.1,0.0,No,2400,2400,0,5346,125
02:55:54.183,sleep,15301,402,7986,16786,10,95,55.1,0.0,No,2400,2400,0,4690,75
02:55:55.184,sleep,15296,446,6848,16787,11,95,54.0,-0.0,No,2400,2400,0,3445,75
02:55:56.184,sleep,15305,452,6944,16788,15,95,52.9,0.0,No,1500,2400,0,3277,75
02:55:57.185,sleep,15301,346,5304,16788,18,95,51.8,-0.0,No,1500,2400,0,3250,75
02:55:58.185,sleep,15303,542,8334,16788,14,95,52.4,0.0,No,1500,2400,0,3239,75
02:55:59.184,sleep,15307,336,5150,16789,15,95,50.7,0.0,No,1500,2400,0,3236,75
02:56:00.184,sleep,15303,538,8256,16789,19,95,51.2,0.0,No,1500,2400,0,3232,75
02:56:01.184,sleep,15301,438,7580,16789,18,95,51.2,0.3,No,1500,2400,0,3237,75
02:56:02.184,sleep,15309,456,7002,16789,16,95,50.1,-0.0,No,1500,2400,0,3232,75
02:56:03.184,sleep,15307,542,7310,16789,17,95,50.1,0.0,No,1500,2400,0,3228,75
02:56:04.185,sleep,15307,380,5826,16789,19,95,50.7,-0.0,No,1500,2400,0,3226,75
02:56:05.188,active,15305,808,12770,16789,18,95,54.0,19.2,No,2400,2400,0,3223,75
02:56:06.184,active,15273,804,12924,16785,-3,95,55.1,47.6,No,2400,2400,0,3182,75
02:56:07.184,active,15256,708,10822,16785,0,95,55.6,46.0,No,2400,2400,0,3154,75
02:56:08.185,active,15277,502,11612,16787,0,95,55.6,45.2,No,2400,2400,0,3154,75
02:56:09.189,active,15262,708,10822,16787,0,95,55.6,46.5,No,2400,2400,0,3152,75
02:56:10.184,active,15311,484,11574,16786,-7,95,56.2,48.1,No,2400,2400,0,3145,75
02:56:11.184,active,15283,544,8352,16787,0,95,56.2,47.7,No,2400,2400,0,3142,75
02:56:12.184,active,15301,746,11246,16786,0,95,57.3,46.8,No,2400,2400,0,3134,75
02:56:13.185,active,15311,532,8160,16785,0,95,57.3,47.2,No,2400,2400,0,3143,75
02:56:14.185,active,15309,554,8506,16786,0,95,56.8,47.8,No,2400,2400,0,3132,75
02:56:15.192,active,15296,874,7388,16786,0,95,57.3,47.3,No,2400,2400,0,3125,75
02:56:16.184,active,15290,730,11208,16785,0,95,57.3,48.4,No,2400,2400,0,3126,75
02:56:17.184,active,15294,608,9644,16786,0,95,56.8,49.0,No,2400,2400,0,3116,75
02:56:18.186,active,15292,806,12366,16785,0,95,57.9,48.9,No,2400,2400,0,3097,75
02:56:19.185,active,15288,832,12752,16785,0,95,57.9,48.3,No,2400,2400,0,3115,75
02:56:20.185,active,15290,834,12790,16785,0,95,57.3,47.8,No,2400,2400,0,3115,75
02:56:21.184,active,15273,768,11786,16786,0,95,56.8,48.3,No,2400,2400,0,3116,75
02:56:22.184,active,15283,802,12308,16785,0,95,57.3,48.9,No,2400,2400,0,3105,75
02:56:23.184,active,15273,836,12828,16787,7,95,57.9,49.3,No,2400,2400,0,3091,75
02:56:24.184,active,15331,806,11998,16786,8,95,58.4,48.6,No,2400,2400,0,3085,75
02:56:25.185,active,15329,480,7388,16787,7,95,58.4,47.2,No,2400,2400,0,3090,75
02:56:26.190,active,15354,436,6712,16785,5,95,56.8,52.9,No,2400,2400,0,3095,75
02:56:27.184,active,15337,492,7580,16786,6,95,57.3,46.8,No,2400,2400,0,3091,75
02:56:28.184,active,15357,520,8006,16787,0,95,57.9,47.0,No,2400,2400,0,3089,75
02:56:29.185,active,15307,714,10170,16788,6,95,59.0,47.3,No,2400,2400,0,3083,75
02:56:30.185,active,15322,460,7080,16788,5,95,59.0,47.0,No,2400,2400,0,3085,75
02:56:31.185,active,15322,572,8178,16787,6,95,57.3,45.3,No,2400,2400,0,3080,75
02:56:32.184,active,15363,472,7272,16786,4,95,57.9,47.5,No,2400,2400,0,3081,75
02:56:33.184,active,15335,734,7194,16787,0,95,57.9,45.7,No,2400,2400,0,3070,75
02:56:34.184,active,15314,416,6384,16784,0,95,59.5,50.5,No,2400,2400,0,3920,125
02:56:35.184,active,15309,662,10146,16786,0,95,59.0,50.8,No,2400,2400,0,5074,125
02:56:36.189,active,15318,446,9664,16787,3,95,59.5,48.9,No,2400,2400,0,5149,125
02:56:37.185,active,15337,498,7658,16786,0,95,58.4,49.7,No,2400,2400,0,5165,125
02:56:38.184,active,15316,472,8932,16786,0,95,57.9,49.5,No,2400,2400,0,5176,125
02:56:39.184,active,15316,490,7504,16786,0,95,59.5,49.6,No,2400,2400,0,5192,125
02:56:40.184,active,15320,400,7234,16786,0,95,60.0,50.3,No,2400,2400,0,5178,125
02:56:41.185,active,15314,526,8064,16786,0,95,59.5,48.9,No,2400,2400,0,5197,125
02:56:42.192,active,15331,506,7774,16785,0,95,59.0,49.6,No,2400,2400,0,5206,125
02:56:43.188,active,15363,472,7272,16786,0,95,59.5,50.6,No,2400,2400,0,5211,125
02:56:44.184,active,15290,782,11998,16787,3,95,59.0,51.1,No,2400,2400,0,5221,125
02:56:45.184,active,15277,784,13022,16787,3,95,58.4,48.3,No,2400,2400,0,5245,125
02:56:46.185,active,15288,748,11478,16786,0,95,59.5,46.1,No,2400,2400,0,5249,125
02:56:47.189,active,15288,826,12654,16788,0,95,59.5,49.1,No,2400,2400,0,5265,125
02:56:48.185,active,15279,908,13908,16785,0,95,57.9,44.5,No,2400,2400,0,5271,125
02:56:49.184,active,15262,678,10378,16785,0,95,57.9,47.6,No,2400,2400,0,5278,125
02:56:50.184,active,15288,702,11864,16784,-3,95,58.4,50.1,No,2400,2400,0,5292,125
02:56:51.184,active,15294,840,12866,16786,0,95,58.4,44.2,No,2400,2400,0,5291,125
02:56:52.185,active,15268,740,12886,16785,0,95,59.0,46.4,No,2400,2400,0,5302,125
02:56:53.184,active,15324,692,10648,16783,-3,95,59.0,49.2,No,2400,2400,0,5303,125
02:56:54.185,active,15296,646,9916,16784,0,95,58.4,49.2,No,2400,2400,0,5317,125
02:56:55.184,active,15322,614,7600,16786,0,95,57.9,47.5,No,2400,2400,0,5313,125
02:56:56.184,active,15329,658,10108,16785,-3,95,59.0,46.5,No,2400,2400,0,5321,125
02:56:57.185,active,15288,898,9992,16785,0,95,59.5,46.3,No,2400,2400,0,5337,125
02:56:58.189,active,15292,914,14004,16786,0,95,59.0,45.6,No,2400,2400,0,5344,125
02:56:59.188,active,15283,852,14314,16785,0,95,59.0,44.9,No,2400,2400,0,5351,125
02:57:00.184,active,15292,776,11902,16785,0,95,57.9,46.5,No,2400,2400,0,5353,125
02:57:01.184,active,15273,822,12596,16785,-5,95,58.4,47.0,No,2400,2400,0,5336,125
02:57:02.184,active,15309,820,12578,16784,0,95,58.4,44.2,No,2400,2400,0,5348,125
02:57:03.185,active,15301,462,7080,16785,0,95,59.5,43.3,No,2400,2400,0,5352,125
02:57:04.185,active,15318,490,7388,16786,0,95,57.3,42.7,No,2400,2400,0,5374,125
02:57:05.185,sleep,15301,434,6674,16786,0,95,56.8,36.9,No,1500,2400,0,5370,125
02:57:06.185,sleep,15305,576,8834,16788,11,95,54.5,-0.0,No,1500,2400,0,5418,125
02:57:07.184,sleep,15307,542,8314,16789,13,95,53.5,0.0,No,1500,2400,0,4087,75
02:57:08.184,sleep,15303,554,8488,16788,16,95,53.5,-0.0,No,1500,2400,0,3404,75
02:57:09.184,sleep,15301,336,7710,16788,14,95,52.4,0.0,No,1500,2400,0,3300,75
02:57:10.184,sleep,15301,576,8854,16788,17,95,51.2,0.0,No,1500,2400,0,3279,75
02:57:11.184,sleep,15301,366,5786,16789,19,95,51.2,0.0,No,1500,2400,0,3280,75
02:57:12.184,sleep,15301,372,5710,16790,16,95,51.2,0.0,No,1500,2400,0,3260,75
02:57:13.184,sleep,15303,300,4610,16790,18,95,50.7,-0.0,No,1500,2400,0,3258,75
02:57:14.184,sleep,15294,302,4630,16789,15,95,50.7,0.0,No,1500,2400,0,3267,75
02:57:15.184,sleep,15305,502,7678,16788,14,95,50.1,-0.0,No,1500,2400,0,3267,75
02:57:16.185,sleep,15301,576,8990,16788,14,95,50.1,0.0,No,1500,2400,0,3249,75
02:57:17.184,sleep,15305,432,6636,16788,12,95,50.1,0.0,No,1500,2400,0,3242,75
02:57:18.185,sleep,15311,544,5304,16787,12,95,50.1,0.5,No,1500,2400,0,3232,75
02:57:19.185,sleep,15301,224,3432,16790,17,95,50.1,-0.0,No,1500,2400,0,3234,75
02:57:20.185,active,15294,776,13040,16788,15,95,51.8,15.8,No,2400,2400,0,3227,75
02:57:21.185,active,15305,464,7098,16785,-4,95,52.4,49.4,No,2400,2400,0,3185,75
02:57:22.185,active,15290,662,10166,16787,-5,95,52.9,48.5,No,2400,2400,0,3175,75
02:57:23.184,active,15286,782,11342,16787,-3,95,54.0,49.0,No,2400,2400,0,3175,75
02:57:24.184,active,15294,648,9972,16786,0,95,55.1,46.3,No,2400,2400,0,3179,75
02:57:25.184,active,15288,790,10204,16785,0,95,57.3,45.9,No,2400,2400,0,3172,75
02:57:26.185,active,15292,812,12462,16784,0,95,56.2,45.3,No,2400,2400,0,3162,75
02:57:27.185,active,15283,792,9722,16786,0,95,55.6,46.1,No,2400,2400,0,3149,75
02:57:28.184,active,15292,832,12752,16787,0,95,55.6,48.4,No,2400,2400,0,3137,75
02:57:29.184,active,15275,798,13542,16785,0,95,55.6,46.3,No,2400,2400,0,3137,75
02:57:30.184,active,15296,580,8912,16785,-4,95,56.2,47.9,No,1900,2400,0,3120,75
02:57:31.188,active,15273,824,11844,16785,0,95,57.3,47.5,No,2400,2400,0,3122,75
02:57:32.185,active,15320,474,8044,16786,0,95,57.3,47.7,No,2400,2400,0,3117,75
02:57:33.190,active,15320,510,7832,16786,0,95,56.2,47.9,No,2400,2400,0,3130,75
02:57:34.184,active,15333,484,7368,16785,0,95,56.2,48.1,No,2400,2400,0,3123,75
02:57:35.184,active,15329,458,7022,16786,0,95,56.8,48.8,No,2400,2400,0,3107,75
02:57:36.184,active,15354,700,8294,16787,0,95,57.9,51.0,No,2400,2400,0,3094,75
02:57:37.185,active,15344,438,6732,16784,0,95,57.3,47.7,No,2400,2400,0,3097,75
02:57:38.185,active,15346,524,8064,16786,-3,95,56.8,48.2,No,2400,2400,0,3095,75
02:57:39.184,active,15363,442,6810,16784,-4,95,56.8,48.3,No,2400,2400,0,3086,75
02:57:40.184,active,15326,440,6790,16785,-3,95,56.2,48.9,No,2400,2400,0,3101,75
02:57:41.184,active,15301,692,10572,16784,-3,95,57.9,49.4,No,2400,2400,0,3097,75
02:57:42.185,active,15279,530,8120,16786,0,95,58.4,54.1,No,2400,2400,0,3095,75
02:57:43.188,active,15309,690,10572,16787,0,95,58.4,48.0,No,2400,2400,0,3081,75
02:57:44.185,active,15301,496,7600,16786,4,95,56.8,45.6,No,2400,2400,0,3094,75
02:57:45.184,active,15314,518,7928,16786,0,95,57.9,48.7,No,2400,2400,0,3087,75
02:57:46.184,active,15337,456,9374,16785,0,95,58.4,50.3,No,2400,2400,0,3083,75
02:57:47.188,active,15309,510,7850,16784,-3,95,58.4,47.6,No,2400,2400,0,3073,75
02:57:48.185,active,15305,414,8680,16785,-4,95,59.0,47.3,No,2400,2400,0,3059,75
02:57:49.185,active,15314,462,7098,16785,0,95,57.9,47.8,No,2400,2400,0,3072,75
02:57:50.187,active,15281,878,7194,16786,-3,95,57.3,49.0,No,2400,2400,0,3073,75
02:57:51.184,active,15294,724,11112,16786,0,95,58.4,51.6,No,2400,2400,0,3071,75
02:57:52.184,active,15266,686,10514,16785,0,95,59.0,51.3,No,2400,2400,0,3074,75
02:57:53.185,active,15286,726,11922,16784,-5,95,60.0,53.2,No,2400,2400,0,3058,75
02:57:54.185,active,15249,912,13986,16785,-5,95,58.4,49.7,No,2400,2400,0,4297,125
02:57:55.188,active,15271,730,11998,16785,-4,95,58.4,50.0,No,2400,2400,0,5092,125
02:57:56.184,active,15288,580,8892,16784,-4,95,58.4,52.0,No,2400,2400,0,5146,125
02:57:57.184,active,15279,658,10224,16785,-5,95,60.0,52.2,No,2400,2400,0,5151,125
02:57:58.184,active,15264,828,12674,16784,-8,95,59.0,50.6,No,2400,2400,0,5167,125
02:57:59.190,active,15283,650,9972,16786,-7,95,59.0,50.6,No,2400,2400,0,5184,125
02:58:00.185,active,15329,694,7736,16785,-12,95,57.9,51.5,No,2400,2400,0,5194,125
02:58:01.188,active,15363,522,8064,16784,-6,95,58.4,47.1,No,2400,2400,0,5199,125
02:58:02.184,active,15292,798,7908,16785,-4,95,59.0,48.6,No,2400,2400,0,5216,125
02:58:03.184,active,15361,508,7812,16783,-7,95,58.4,46.4,No,2400,2400,0,5215,125
02:58:04.184,active,15322,392,7214,16784,-5,95,58.4,43.8,No,2400,2400,0,5221,125
02:58:05.185,active,15292,716,10976,16785,0,95,58.4,43.3,No,2400,2400,0,5234,125
02:58:06.188,active,15286,804,12326,16784,-5,95,59.5,49.1,No,2400,2400,0,5242,125
02:58:07.184,active,15292,936,14332,16785,0,95,57.3,48.3,No,2400,2400,0,5245,125
02:58:08.184,active,15286,890,13638,16785,0,95,57.9,49.0,No,2400,2400,0,5261,125
02:58:09.184,active,15318,472,7562,16786,-3,95,59.5,48.7,No,2400,2400,0,5271,125
02:58:10.185,active,15305,482,7388,16782,-5,95,59.0,48.5,No,2400,2400,0,5266,125
02:58:11.187,active,15314,482,7388,16785,-3,95,57.9,46.4,No,2400,2400,0,5281,125
02:58:12.185,active,15318,422,6482,16784,-5,95,59.0,46.4,No,2400,2400,0,5292,125
02:58:13.184,active,15305,438,6732,16784,0,95,57.3,44.6,No,2400,2400,0,5300,125
02:58:14.184,active,15311,530,7352,16785,0,95,58.4,43.8,No,2400,2400,0,5303,125
02:58:15.185,active,15348,576,8834,16786,0,95,59.0,45.5,No,2400,2400,0,5315,125
02:58:16.185,active,15344,542,7484,16784,0,95,58.4,45.2,No,2400,2400,0,5334,125
02:58:17.185,active,15357,500,7696,16786,0,95,58.4,46.5,No,2400,2400,0,5321,125
02:58:18.187,active,15357,486,7600,16787,4,95,57.3,46.4,No,2400,2400,0,5326,125
02:58:19.184,active,15279,720,12616,16785,0,95,59.5,47.8,No,2400,2400,0,5330,125
02:58:20.184,sleep,15299,472,7252,16783,0,95,56.8,45.9,No,2400,2400,0,5334,125
02:58:21.184,sleep,15301,452,7522,16787,10,95,55.1,0.0,No,2400,2400,0,5376,125
02:58:22.184,sleep,15296,484,7426,16787,8,95,54.5,0.0,No,2400,2400,0,5385,125
02:58:23.184,sleep,15301,670,8410,16785,7,95,55.1,0.0,No,2400,2400,0,3778,75
02:58:24.184,sleep,15301,368,5652,16787,8,95,53.5,0.0,No,2400,2400,0,3316,75
02:58:25.184,sleep,15299,436,6694,16787,10,95,52.9,0.0,No,2400,2400,0,3253,75
02:58:26.184,sleep,15307,212,3240,16788,7,95,52.9,-0.0,No,1500,2400,0,3266,75
02:58:27.184,sleep,15307,224,3452,16788,11,95,51.2,0.0,No,1500,2400,0,3272,75
02:58:28.184,sleep,15305,442,5112,16787,10,95,51.8,-0.0,No,1500,2400,0,3264,75
02:58:29.184,sleep,15299,524,8044,16789,16,95,50.7,0.0,No,1500,2400,0,3258,75
02:58:30.184,sleep,15296,334,5130,16788,15,95,50.1,0.0,No,1500,2400,0,3254,75
02:58:31.184,sleep,15303,366,5612,16787,15,95,50.1,0.0,No,1500,2400,0,3246,75
02:58:32.184,sleep,15301,548,8410,16790,14,95,50.1,0.0,No,1500,2400,0,3244,75
02:58:33.184,sleep,15301,522,8006,16790,13,95,50.1,-0.0,No,1500,2400,0,3243,75
02:58:34.185,sleep,15294,278,4262,16791,12,95,49.0,-0.0,No,1500,2400,0,3225,75
02:58:35.186,active,15307,530,9008,16788,13,95,51.8,12.5,No,2400,2400,0,3221,75
02:58:36.184,active,15281,800,12268,16786,-9,95,52.9,52.4,No,2400,2400,0,3188,75
02:58:37.184,active,15281,842,11998,16785,-7,95,53.5,46.3,No,2400,2400,0,3169,75
02:58:38.185,active,15324,458,7040,16785,-3,95,55.1,48.1,No,2400,2400,0,3164,75
02:58:39.185,active,15357,502,7696,16784,-5,95,55.1,46.7,No,2400,2400,0,3154,75
02:58:40.185,active,15326,444,7156,16785,-3,95,55.1,47.9,No,2400,2400,0,3155,75
02:58:41.184,active,15339,468,7176,16784,-4,95,55.1,47.7,No,2400,2400,0,3142,75
02:58:42.184,active,15346,472,7426,16786,0,95,55.6,46.5,No,2400,2400,0,3154,75
02:58:43.188,active,15352,480,7388,16785,0,95,56.8,46.7,No,2400,2400,0,3139,75
02:58:44.188,active,15329,484,6944,16787,0,95,56.8,47.6,No,2400,2400,0,3138,75
02:58:45.188,active,15363,460,7098,16784,-3,95,56.2,46.5,No,2400,2400,0,3136,75
02:58:46.184,active,15331,382,7118,16785,-5,95,55.6,47.0,No,2400,2400,0,3119,75
02:58:47.184,active,15275,484,13118,16785,-3,95,56.2,48.5,No,2400,2400,0,3117,75
02:58:48.184,active,15266,686,10494,16786,0,95,57.3,49.0,No,2400,2400,0,3104,75
02:58:49.185,active,15307,542,10938,16785,0,95,57.3,49.5,No,2400,2400,0,3109,75
02:58:50.185,active,15294,568,8718,16787,0,95,56.8,47.1,No,2400,2400,0,3113,75
02:58:51.190,active,15296,722,10842,16787,0,95,56.2,47.9,No,2400,2400,0,3110,75
02:58:52.184,active,15299,496,7600,16785,-4,95,56.8,48.2,No,2400,2400,0,3104,75
02:58:53.184,active,15311,480,7368,16784,-5,95,56.8,48.8,No,2400,2400,0,3106,75
02:58:54.184,active,15301,498,8938,16784,-6,95,57.9,48.9,No,2400,2400,0,3103,75
02:58:55.185,active,15307,468,7176,16785,-5,95,56.8,47.7,No,1900,2400,0,3091,75
02:58:56.185,active,15311,434,6462,16784,-4,95,56.8,48.8,No,2400,2400,0,3094,75
02:58:57.184,active,15294,778,11922,16784,-8,95,56.8,47.8,No,2400,2400,0,3079,75
02:58:58.184,active,15286,836,12828,16785,0,95,57.3,51.7,No,2400,2400,0,3087,75
02:58:59.184,active,15288,854,10956,16784,0,95,58.4,48.3,No,2400,2400,0,3081,75
02:59:00.185,active,15288,780,11960,16785,0,95,58.4,46.2,No,2400,2400,0,3078,75
02:59:01.189,active,15277,810,12500,16784,0,95,57.9,46.6,No,2400,2400,0,3088,75
02:59:02.185,active,15277,822,12578,16785,0,95,57.3,47.1,No,2400,2400,0,3078,75
02:59:03.184,active,15279,810,12404,16786,0,95,57.3,47.2,No,2400,2400,0,3070,75
02:59:04.184,active,15283,756,11594,16785,-3,95,59.0,48.1,No,2400,2400,0,3052,75
02:59:05.184,active,15268,818,12520,16783,-8,95,59.0,49.1,No,2400,2400,0,3054,75
02:59:06.185,active,15348,680,8006,16784,0,95,59.0,47.2,No,2400,2400,0,3060,75
02:59:07.185,active,15344,486,7466,16783,-4,95,58.4,47.1,No,2400,2400,0,3058,75
02:59:08.191,active,15322,428,6578,16786,-3,95,57.3,48.7,No,2400,2400,0,3063,75
02:59:09.184,active,15286,826,8046,16786,-4,95,58.4,50.0,No,2400,2400,0,3065,75
02:59:10.184,active,15322,492,7562,16784,0,95,57.9,48.6,No,2400,2400,0,3047,75
02:59:11.185,active,15372,476,7176,16787,0,95,59.0,48.7,No,2400,2400,0,3040,75
02:59:12.185,active,15361,428,6596,16786,0,95,58.4,49.7,No,2400,2400,0,3041,75
02:59:13.186,active,15326,668,7060,16784,-8,95,59.0,51.6,No,2400,2400,0,3042,75
02:59:14.184,active,15346,468,7214,16783,-5,95,58.4,49.5,No,2400,2400,0,3037,75
02:59:15.184,active,15292,324,6982,16784,-5,95,59.0,53.7,No,2400,2400,0,4475,125
02:59:16.184,active,15339,738,11632,16785,-5,95,59.0,49.5,No,2400,2400,0,5095,125
02:59:17.185,active,15322,434,6674,16783,-5,95,59.0,47.0,No,2400,2400,0,5140,125
02:59:18.185,active,15314,542,7638,16785,-5,95,59.0,46.1,No,2400,2400,0,5141,125
02:59:19.189,active,15311,534,8198,16785,-7,95,57.9,46.7,No,2400,2400,0,5152,125
02:59:20.184,active,15322,484,6346,16785,0,95,59.0,46.4,No,2400,2400,0,5156,125
02:59:21.184,active,15311,460,7060,16785,0,95,59.0,46.2,No,2400,2400,0,5166,125
02:59:22.184,active,15314,480,7350,16785,0,95,58.4,45.9,No,2400,2400,0,5182,125
02:59:23.185,active,15314,506,7754,16785,0,95,59.0,42.9,No,2400,2400,0,5193,125
02:59:24.185,active,15348,544,8372,16785,0,95,58.4,48.0,No,2400,2400,0,5195,125
02:59:25.184,active,15271,844,12924,16786,0,95,59.0,46.6,No,2400,2400,0,5215,125
02:59:26.184,active,15288,774,11864,16786,0,95,57.9,49.7,No,2400,2400,0,5228,125
02:59:27.184,active,15292,860,13176,16785,0,95,59.5,46.9,No,2400,2400,0,5249,125
02:59:28.185,active,15320,526,12928,16784,-4,95,58.4,45.6,No,2400,2400,0,5247,125
02:59:29.185,active,15288,794,12152,16784,0,95,58.4,46.1,No,2400,2400,0,5262,125
02:59:30.185,active,15271,798,12924,16784,0,95,58.4,45.7,No,2400,2400,0,5266,125
02:59:31.184,active,15316,574,8816,16784,-4,95,59.5,46.8,No,2400,2400,0,5278,125
02:59:32.184,active,15281,638,12462,16785,0,95,58.4,46.9,No,2400,2400,0,5277,125
02:59:33.185,active,15281,712,10898,16787,3,95,59.0,46.6,No,2400,2400,0,5295,125
02:59:34.185,active,15266,678,9104,16784,0,95,57.9,46.1,No,2400,2400,0,5305,125
02:59:35.184,sleep,15318,710,7562,16783,-3,95,58.4,45.1,No,2400,2400,0,5318,125
02:59:36.184,sleep,15305,506,7754,16788,7,95,55.1,0.5,No,2400,2400,0,5357,125
02:59:37.184,sleep,15303,474,7658,16789,11,95,54.5,-0.0,No,2400,2400,0,5348,125
02:59:38.184,sleep,15303,402,6172,16788,16,95,54.5,0.0,No,2400,2400,0,5341,75
02:59:39.184,sleep,15296,672,8024,16788,13,95,53.5,0.0,No,2400,2400,0,3556,75
02:59:40.184,sleep,15301,446,6848,16788,16,95,53.5,0.0,No,2400,2400,0,3283,75
02:59:41.184,sleep,15299,468,7176,16789,18,95,51.8,0.0,No,1500,2400,0,3241,75
02:59:42.185,sleep,15303,482,7388,16789,20,95,51.2,0.5,No,1500,2400,0,3248,75
02:59:43.185,sleep,15303,330,5072,16789,19,95,50.7,0.0,No,1500,2400,0,3246,75
02:59:44.184,sleep,15305,438,4648,16791,17,95,50.7,0.0,No,1500,2400,0,3231,75
02:59:45.184,sleep,15296,310,4764,16792,20,95,51.2,-0.0,No,1500,2400,0,3226,75
02:59:46.185,sleep,15301,464,7138,16790,18,95,50.1,-0.0,No,1500,2400,0,3224,75
02:59:47.185,sleep,15301,596,7426,16791,17,95,50.7,0.0,No,1500,2400,0,3216,75
02:59:48.184,sleep,15299,514,7890,16790,17,95,51.2,0.0,No,1500,2400,0,3215,75
02:59:49.184,sleep,15303,394,5556,16789,15,95,49.6,0.0,No,1500,2400,0,3204,75
02:59:50.187,active,15294,638,9800,16789,13,95,51.8,9.8,No,2400,2400,0,3206,75
02:59:51.185,active,15354,450,6924,16785,-3,95,52.9,53.4,No,2400,2400,0,3160,75
02:59:52.185,active,15314,406,6230,16787,0,95,54.0,48.2,No,2400,2400,0,3149,75
02:59:53.184,active,15286,840,12866,16787,0,95,54.5,47.2,No,2400,2400,0,3156,75
02:59:54.184,active,15273,546,11226,16787,0,95,54.0,48.5,No,2400,2400,0,3161,75
02:59:55.184,active,15281,766,11728,16788,4,95,55.6,47.4,No,2400,2400,0,3146,75
02:59:56.185,active,15249,750,11478,16786,4,95,56.8,47.5,No,2400,2400,0,3141,75
02:59:57.185,active,15268,760,12144,16785,0,95,56.2,46.1,No,2400,2400,0,3138,75
02:59:58.190,active,15288,742,11382,16785,0,95,56.8,46.0,No,2400,2400,0,3128,75
02:59:59.184,active,15245,752,12578,16785,0,95,56.2,47.0,No,2400,2400,0,3123,75
03:00:00.184,active,15253,708,10842,16787,3,95,55.6,47.4,No,2400,2400,0,3119,75
03:00:01.184,active,15281,826,12636,16788,3,95,56.8,48.5,No,2400,2400,0,3118,75
03:00:02.185,active,15264,764,11690,16788,3,95,57.3,46.3,No,2400,2400,0,3116,75
03:00:03.185,active,15350,462,7098,16786,3,95,56.8,47.6,No,2400,2400,0,3108,75
03:00:04.184,active,15322,492,7542,16786,0,95,56.8,48.1,No,2400,2400,0,3113,75
03:00:05.184,active,15378,452,6964,16785,0,95,57.3,49.3,No,2400,2400,0,3105,75
03:00:06.184,active,15314,554,8526,16785,0,95,57.3,49.0,No,2400,2400,0,3102,75
03:00:07.184,active,15329,682,7408,16787,0,95,57.3,49.2,No,2400,2400,0,3098,75
03:00:08.189,active,15372,476,7350,16788,0,95,57.3,47.6,No,2400,2400,0,3095,75
03:00:09.185,active,15307,616,6886,16785,0,95,56.8,47.7,No,2400,2400,0,3091,75
03:00:10.184,active,15357,572,8816,16786,-5,95,56.2,48.1,No,1900,2400,0,3087,75
03:00:11.184,active,15290,560,8604,16784,-5,95,56.2,51.0,No,2400,2400,0,3077,75
03:00:12.184,active,15309,510,5342,16785,-5,95,57.3,49.2,No,2400,2400,0,3065,75
03:00:13.185,active,15307,496,7600,16782,-8,95,58.4,49.8,No,2400,2400,0,3066,75
03:00:14.185,active,15320,442,6790,16784,-4,95,57.9,50.4,No,2400,2400,0,3068,75
03:00:15.186,active,15318,480,8136,16783,-6,95,56.8,45.5,No,2400,2400,0,3069,75
03:00:16.184,active,15320,460,7080,16785,-4,95,56.8,47.3,No,2400,2400,0,3059,75
03:00:17.184,active,15320,486,7986,16786,0,95,57.9,47.4,No,2400,2400,0,3054,75
03:00:18.184,active,15311,494,7600,16785,0,95,58.4,48.1,No,2400,2400,0,3066,75
03:00:19.185,active,15318,460,7060,16785,-3,95,57.3,46.5,No,2400,2400,0,3055,75
03:00:20.189,active,15316,398,6096,16784,-3,95,59.0,48.9,No,2400,2400,0,3048,75
03:00:21.184,active,15281,800,12250,16785,-4,95,57.3,48.3,No,2400,2400,0,3052,75
03:00:22.184,active,15271,766,11748,16787,-3,95,57.3,48.0,No,2400,2400,0,3056,75
03:00:23.185,active,15281,644,9876,16784,-7,95,58.4,50.5,No,2400,2400,0,3060,75
03:00:24.185,active,15286,692,10590,16784,-4,95,58.4,54.5,No,2400,2400,0,3028,75
03:00:25.185,active,15266,776,12694,16784,-3,95,58.4,48.9,No,2400,2400,0,3046,75
03:00:26.185,active,15281,706,10802,16784,-3,95,57.9,49.3,No,2400,2400,0,3052,75
03:00:27.184,active,15268,658,12636,16784,0,95,59.5,50.0,No,2400,2400,0,3049,75
03:00:28.185,active,15277,704,10784,16786,0,95,60.0,53.2,No,2400,2400,0,3037,75
03:00:29.185,active,15277,680,10398,16787,4,95,59.5,50.6,No,2400,2400,0,3039,75
03:00:30.189,active,15260,638,11316,16786,0,95,59.0,49.9,No,2400,2400,0,3040,75
03:00:31.188,active,15348,510,7850,16786,0,95,58.4,48.9,No,2400,2400,0,3038,75
03:00:32.184,active,15324,502,7696,16786,6,95,57.9,46.5,No,2400,2400,0,3035,75
03:00:33.184,active,15296,766,11748,16785,4,95,59.0,49.2,No,2400,2400,0,3039,75
03:00:34.184,active,15320,458,7060,16786,5,95,59.0,46.8,No,2400,2400,0,3034,75
03:00:35.185,active,15292,870,9916,16786,3,95,59.0,45.6,No,2400,2400,0,3041,75
03:00:36.188,active,15296,830,12712,16787,3,95,59.5,49.4,No,2400,2400,0,3038,75
03:00:37.185,active,15290,774,10590,16787,0,95,58.4,49.0,No,2400,2400,0,3031,75
03:00:38.184,active,15290,820,12558,16785,0,95,59.0,46.8,No,2400,2400,0,3032,75
03:00:39.184,active,15286,814,12480,16784,-3,95,58.4,48.2,No,2400,2400,0,3031,75
03:00:40.185,active,15324,570,8410,16785,0,95,59.0,46.5,No,2400,2400,0,3022,75
03:00:41.185,active,15318,478,7350,16785,3,95,59.5,47.9,No,2400,2400,0,3030,75
03:00:42.185,active,15331,516,7908,16784,0,95,58.4,47.2,No,2400,2400,0,3027,75
03:00:43.187,active,15322,504,7754,16785,0,95,59.0,46.6,No,2400,2400,0,3021,75
03:00:44.184,active,15346,476,7330,16786,0,95,59.0,46.6,No,2400,2400,0,3031,75
03:00:45.184,active,15329,498,7658,16787,0,95,59.0,45.7,No,2400,2400,0,3019,75
03:00:46.185,active,15322,518,7948,16788,0,95,59.0,45.5,No,2400,2400,0,3006,75
03:00:47.188,active,15354,534,8236,16786,-3,95,59.0,46.5,No,2400,2400,0,3025,75
03:00:48.185,active,15333,476,7310,16785,0,95,57.9,46.4,No,2400,2400,0,3027,75
03:00:49.184,active,15251,808,12384,16786,0,95,58.4,45.8,No,2400,2400,0,3023,75
03:00:50.184,sleep,15273,816,11864,16785,0,95,57.9,40.8,No,2400,2400,0,3017,75
03:00:51.184,sleep,15294,428,6578,16787,8,95,56.2,0.0,No,2400,2400,0,3033,75
03:00:52.184,sleep,15301,488,7792,16787,14,95,56.2,0.0,No,2400,2400,0,3048,75
03:00:53.184,sleep,15292,490,7522,16789,14,95,54.5,0.0,No,2400,2400,0,3029,75
03:00:54.184,sleep,15305,482,7408,16787,8,95,54.5,0.0,No,2400,2400,0,3033,75
03:00:55.184,sleep,15303,460,7234,16787,8,95,54.5,0.0,No,2400,2400,0,3031,75
03:00:56.184,sleep,15307,494,7580,16789,14,95,52.9,-0.0,No,1500,2400,0,3037,75
03:00:57.185,sleep,15309,412,6038,16788,18,95,52.9,0.0,No,1500,2400,0,3046,75
03:00:58.184,sleep,15301,288,4416,16788,15,95,52.4,-0.0,No,1500,2400,0,3039,75
03:00:59.184,sleep,15305,446,6828,16788,14,95,51.8,0.0,No,1500,2400,0,3037,75
03:01:00.184,sleep,15303,506,6924,16789,18,95,51.2,0.0,No,1500,2400,0,3049,75
03:01:01.184,sleep,15303,274,4204,16788,17,95,51.2,0.0,No,1500,2400,0,3054,75
03:01:02.184,sleep,15303,302,5594,16790,17,95,51.2,0.0,No,1500,2400,0,3047,75
03:01:03.184,sleep,15301,518,7948,16791,19,95,50.7,0.0,No,1500,2400,0,3053,75
03:01:04.185,sleep,15305,334,5130,16790,17,95,50.7,-0.0,No,1500,2400,0,3051,75
03:01:05.189,active,15290,584,9702,16790,17,95,51.8,7.3,No,1700,2400,0,3045,75
03:01:06.184,active,15288,674,10358,16786,0,95,53.5,53.5,No,2400,2400,0,3008,75
03:01:07.184,active,15292,818,7658,16786,0,95,54.0,46.6,No,2400,2400,0,2997,75
03:01:08.188,active,15305,494,8348,16786,0,95,56.2,47.1,No,2400,2400,0,3006,75
03:01:09.188,active,15339,462,7118,16786,-3,95,56.8,48.1,No,2400,2400,0,2994,75
03:01:10.186,active,15320,446,7870,16785,0,95,56.2,46.0,No,2400,2400,0,3009,75
03:01:11.184,active,15307,450,6906,16788,4,95,56.2,47.0,No,2400,2400,0,3015,75
03:01:12.184,active,15314,476,7446,16787,3,95,57.3,47.1,No,2400,2400,0,3020,75
03:01:13.184,active,15314,522,8024,16787,3,95,57.3,46.9,No,2400,2400,0,3015,75
03:01:14.185,active,15324,514,7890,16786,0,95,57.9,45.8,No,2400,2400,0,3009,75
03:01:15.185,active,15324,528,6848,16786,0,95,56.8,46.1,No,2400,2400,0,3000,75
03:01:16.185,active,15350,454,6982,16785,0,95,56.8,47.1,No,2400,2400,0,2999,75
03:01:17.184,active,15258,802,12288,16787,0,95,57.9,48.6,No,2400,2400,0,3013,75
03:01:18.184,active,15268,830,12694,16787,0,95,57.3,49.5,No,2400,2400,0,3014,75
03:01:19.184,active,15245,818,12520,16788,0,95,58.4,48.7,No,2400,2400,0,3011,75
03:01:20.187,active,15251,682,12674,16787,0,95,58.4,48.1,No,2400,2400,0,3011,75
03:01:21.185,active,15271,784,11998,16786,0,95,57.3,47.4,No,2400,2400,0,3016,75
03:01:22.184,active,15275,812,12384,16784,0,95,57.3,47.5,No,2400,2400,0,3017,75
03:01:23.184,active,15238,794,12134,16786,0,95,57.3,48.6,No,2400,2400,0,3015,75
03:01:24.184,active,15311,750,11478,16787,0,95,58.4,49.0,No,2400,2400,0,3017,75
03:01:25.184,active,15286,516,11218,16788,5,95,59.5,48.9,No,2400,2400,0,3013,75
03:01:26.188,active,15307,800,12230,16787,6,95,58.4,48.7,No,2400,2400,0,3017,75
03:01:27.188,active,15322,496,7638,16786,4,95,57.9,47.6,No,2400,2400,0,3013,75
03:01:28.184,active,15309,680,10436,16785,5,95,57.9,53.4,No,2400,2400,0,3009,75
03:01:29.184,active,15292,712,10918,16787,6,95,58.4,50.5,No,2400,2400,0,3002,75
03:01:30.184,active,15324,624,7600,16787,5,95,59.5,46.5,No,2400,2400,0,3000,75
03:01:31.188,active,15296,674,10340,16786,0,95,59.0,45.8,No,2400,2400,0,3007,75
03:01:32.185,active,15294,830,10166,16787,0,95,59.0,46.5,No,2400,2400,0,3000,75
03:01:33.187,active,15311,664,10186,16786,-3,95,59.0,51.1,No,2400,2400,0,2997,75
03:01:34.184,active,15292,750,11516,16787,0,95,58.4,47.7,No,2400,2400,0,3005,75
03:01:35.184,active,15292,858,13156,16786,4,95,57.9,47.5,No,2400,2400,0,3014,75
03:01:36.184,active,15305,464,7118,16786,0,95,59.0,48.2,No,2400,2400,0,3010,75
03:01:37.185,active,15372,532,6944,16786,0,95,59.5,49.2,No,2400,2400,0,3003,75
03:01:38.185,active,15335,502,7716,16786,0,95,58.4,48.9,No,2400,2400,0,3012,75
03:01:39.184,active,15286,472,7272,16786,0,95,59.0,52.0,No,2400,2400,0,2996,75
03:01:40.184,active,15320,600,9202,16785,-3,95,60.0,52.0,No,2400,2400,0,3261,125
03:01:41.189,active,15359,516,7928,16784,-4,95,59.5,49.6,No,2400,2400,0,4961,125
03:01:42.185,active,15348,486,7832,16784,-6,95,60.0,52.0,No,2400,2400,0,5075,125
03:01:43.189,active,15333,492,7562,16784,0,95,61.1,52.0,No,2400,2400,0,5089,125
03:01:44.190,active,15283,836,9954,16785,0,95,60.6,50.0,No,2400,2400,0,5100,125
03:01:45.184,active,15268,830,12152,16786,0,95,58.4,50.6,No,2400,2400,0,5110,125
03:01:46.184,active,15288,798,12210,16786,0,95,59.5,46.0,No,2400,2400,0,5129,125
03:01:47.184,active,15247,754,11612,16786,0,95,59.5,45.0,No,2400,2400,0,5133,125
03:01:48.185,active,15275,814,12480,16785,0,95,59.5,42.7,No,2400,2400,0,5150,125
03:01:49.187,active,15294,842,12114,16786,8,95,59.0,44.2,No,2400,2400,0,5172,125
03:01:50.184,active,15258,776,11882,16786,4,95,59.0,48.2,No,2400,2400,0,5175,125
03:01:51.184,active,15316,702,10744,16786,0,95,61.1,48.3,No,2400,2400,0,5183,125
03:01:52.184,active,15277,596,9124,16788,0,95,59.5,50.0,No,2400,2400,0,5196,125
03:01:53.189,active,15318,816,12480,16789,4,95,60.6,46.9,No,2400,2400,0,5196,125
03:01:54.185,active,15309,510,11710,16788,4,95,59.0,46.7,No,2400,2400,0,5210,125
03:01:55.185,active,15281,870,13350,16787,5,95,58.4,47.7,No,2400,2400,0,5227,125
03:01:56.184,active,15283,868,13330,16786,3,95,59.0,48.5,No,2400,2400,0,5254,125
03:01:57.184,active,15288,796,12210,16786,5,95,59.5,47.9,No,2400,2400,0,5250,125
03:01:58.185,active,15283,826,12674,16786,5,95,60.0,46.6,No,2400,2400,0,5253,125
03:01:59.185,active,15290,868,11006,16787,4,95,59.0,45.7,No,2400,2400,0,5258,125
03:02:00.185,active,15268,850,13040,16788,6,95,59.0,46.3,No,2400,2400,0,5274,125
03:02:01.184,active,15290,772,10166,16789,7,95,58.4,44.4,No,2400,2400,0,5291,125
03:02:02.184,active,15283,854,13078,16788,5,95,58.4,46.6,No,2400,2400,0,5290,125
03:02:03.184,active,15288,754,12982,16787,3,95,60.0,47.0,No,2400,2400,0,5327,125
03:02:04.185,active,15311,538,6976,16785,0,95,59.5,45.5,No,2400,2400,0,5322,125
03:02:05.184,sleep,15367,480,7368,16787,0,95,57.9,50.3,No,2400,2400,0,5311,125
03:02:06.184,sleep,15305,514,8102,16788,14,95,56.2,0.0,No,2400,2400,0,5350,125
03:02:07.184,sleep,15299,448,6866,16788,12,95,55.6,0.0,No,2400,2400,0,5370,125
03:02:08.184,sleep,15301,506,6712,16789,11,95,56.2,0.0,No,2400,2400,0,5371,125
03:02:09.184,sleep,15299,462,7080,16789,10,95,54.5,0.3,No,2400,2400,0,4153,75
03:02:10.184,sleep,15299,262,6308,16790,13,95,54.0,0.0,No,2400,2400,0,3374,75
03:02:11.184,sleep,15303,460,7060,16790,19,95,52.9,-0.0,No,1500,2400,0,3271,75
03:02:12.184,sleep,15301,480,7368,16790,20,95,52.4,0.0,No,1500,2400,0,3258,75
03:02:13.184,sleep,15309,564,8662,16790,17,95,51.8,-0.0,No,1500,2400,0,3247,75
03:02:14.184,sleep,15305,304,4648,16788,13,95,51.2,0.0,No,1500,2400,0,3250,75
03:02:15.184,sleep,15311,264,4860,16790,16,95,51.2,0.0,No,1500,2400,0,3242,75
03:02:16.184,sleep,15309,472,7234,16789,16,95,50.7,0.0,No,1500,2400,0,3239,75
03:02:17.184,sleep,15307,288,4416,16790,18,95,50.7,0.0,No,1500,2400,0,3233,75
03:02:18.184,sleep,15311,448,6886,16788,16,95,50.1,-0.0,No,1500,2400,0,3233,75
03:02:19.184,sleep,15305,572,8776,16790,16,95,50.1,0.0,No,1500,2400,0,3214,75
03:02:20.185,active,15307,364,5400,16789,15,95,51.2,2.8,No,1600,2400,0,3212,75
03:02:21.185,active,15316,414,6366,16787,4,95,54.0,54.0,No,2400,2400,0,3168,75
03:02:22.185,active,15311,472,8834,16786,3,95,54.5,48.0,No,2400,2400,0,3174,75
03:02:23.185,active,15288,906,14146,16786,0,95,54.5,48.4,No,2400,2400,0,3166,75
03:02:24.184,active,15288,802,12308,16786,0,95,55.1,48.9,No,2400,2400,0,3155,75
03:02:25.184,active,15294,764,9858,16786,0,95,56.2,46.3,No,2400,2400,0,3155,75
03:02:26.184,active,15292,846,12964,16786,0,95,56.8,47.5,No,2400,2400,0,3140,75
03:02:27.185,active,15286,554,11246,16788,0,95,56.8,45.4,No,2400,2400,0,3138,75
03:02:28.185,active,15286,766,11728,16789,0,95,56.2,46.5,No,2400,2400,0,3143,75
03:02:29.184,active,15279,806,12346,16786,0,95,56.2,46.4,No,2400,2400,0,3127,75
03:02:30.184,active,15286,826,12162,16788,0,95,56.8,47.7,No,2400,2400,0,3121,75
03:02:31.184,active,15273,772,11824,16787,0,95,57.3,47.6,No,2400,2400,0,3128,75
03:02:32.185,active,15341,770,12480,16785,0,95,57.9,47.7,No,2400,2400,0,3130,75
03:02:33.185,active,15329,430,6616,16786,0,95,57.9,48.3,No,2400,2400,0,3124,75
03:02:34.189,active,15363,488,7484,16785,0,95,55.6,48.6,No,2400,2400,0,3122,75
03:02:35.184,active,15329,516,7736,16786,0,95,57.3,48.4,No,2400,2400,0,3117,75
03:02:36.184,active,15320,436,6694,16786,0,95,57.3,48.9,No,2400,2400,0,3116,75
03:02:37.184,active,15372,456,7156,16784,-4,95,57.9,48.8,No,2400,2400,0,3119,75
03:02:38.185,active,15350,440,6770,16787,0,95,58.4,48.4,No,2400,2400,0,3116,75
03:02:39.185,active,15322,478,7350,16786,0,95,59.0,47.7,No,2400,2400,0,3096,75
03:02:40.188,active,15369,472,7272,16786,0,95,55.6,48.1,No,2400,2400,0,3095,75
03:02:41.184,active,15324,508,7812,16785,0,95,57.9,49.6,No,2400,2400,0,3086,75
03:02:42.184,active,15307,680,10514,16788,0,95,58.4,49.0,No,2400,2400,0,3095,75
03:02:43.184,active,15299,622,9530,16787,0,95,56.8,51.9,No,2400,2400,0,3096,75
03:02:44.188,active,15309,708,10860,16787,0,95,60.0,45.8,No,2400,2400,0,3075,75
03:02:45.185,active,15301,428,6558,16787,0,95,57.9,46.9,No,2400,2400,0,3068,75
03:02:46.184,active,15309,492,7562,16785,0,95,57.9,48.4,No,2400,2400,0,3081,75
03:02:47.184,active,15331,510,9432,16786,0,95,57.9,52.2,No,2400,2400,0,3084,75
03:02:48.184,active,15307,480,7368,16785,0,95,58.4,49.1,No,2400,2400,0,3079,75
03:02:49.185,active,15307,452,7060,16786,0,95,59.0,49.5,No,2400,2400,0,3069,75
03:02:50.185,active,15318,440,6770,16786,0,95,58.4,49.5,No,2400,2400,0,4465,125
03:02:51.187,active,15305,774,7562,16787,0,95,57.9,49.0,No,2400,2400,0,5113,125
03:02:52.184,active,15279,764,12222,16787,3,95,58.4,48.6,No,2400,2400,0,5163,125
03:02:53.185,active,15288,748,11478,16787,4,95,59.5,52.7,No,2400,2400,0,5168,125
03:02:54.185,active,15275,842,12366,16786,0,95,60.0,51.9,No,2400,2400,0,5166,125
03:02:55.185,active,15290,894,13696,16786,0,95,58.4,51.0,No,2400,2400,0,5168,125
03:02:56.185,active,15279,884,12210,16787,4,95,58.4,47.4,No,2400,2400,0,5187,125
03:02:57.184,active,15281,772,11824,16788,4,95,60.0,46.6,No,2400,2400,0,5193,125
03:02:58.184,active,15277,542,11342,16788,5,95,59.5,52.8,No,2400,2400,0,5202,125
03:02:59.184,active,15288,706,10822,16787,0,95,60.0,52.4,No,2400,2400,0,5226,125
03:03:00.185,active,15275,588,9028,16787,0,95,58.4,48.8,No,2400,2400,0,5233,125
03:03:01.185,active,15344,530,7890,16787,0,95,59.0,47.8,No,2400,2400,0,5246,125
03:03:02.185,active,15324,618,9490,16787,0,95,57.9,43.8,No,2400,2400,0,5253,125
03:03:03.184,active,15294,800,8642,16785,0,95,58.4,49.7,No,2400,2400,0,5253,125
03:03:04.184,active,15299,750,11498,16785,0,95,59.0,49.4,No,2400,2400,0,5266,125
03:03:05.185,active,15292,710,10918,16788,0,95,59.0,48.5,No,2400,2400,0,5278,125
03:03:06.185,active,15324,662,10166,16788,0,95,59.0,45.5,No,2400,2400,0,5289,125
03:03:07.185,active,15292,678,10398,16788,0,95,59.0,49.6,No,2400,2400,0,5294,125
03:03:08.185,active,15296,854,11030,16786,0,95,58.4,49.6,No,2400,2400,0,5310,125
03:03:09.184,active,15281,886,13580,16786,0,95,59.0,49.2,No,2400,2400,0,5294,125
03:03:10.184,active,15322,468,7194,16786,3,95,59.0,48.1,No,2400,2400,0,5303,125
03:03:11.185,active,15311,468,7176,16786,0,95,58.4,46.0,No,2400,2400,0,5317,125
03:03:12.187,active,15324,474,7292,16786,0,95,58.4,43.3,No,2400,2400,0,5329,125
03:03:13.185,active,15320,498,7138,16787,0,95,57.9,46.8,No,2400,2400,0,5336,125
03:03:14.184,active,15333,450,6924,16785,0,95,57.9,46.5,No,2400,2400,0,5339,125
03:03:15.184,active,15333,402,8334,16787,3,95,59.0,45.4,No,2400,2400,0,5339,125
03:03:16.184,active,15318,510,7850,16786,0,95,59.0,44.6,No,2400,2400,0,5352,125
03:03:17.185,active,15316,492,7080,16786,0,95,59.5,43.2,No,2400,2400,0,5355,125
03:03:18.190,active,15333,468,7194,16786,4,95,57.9,43.0,No,2400,2400,0,5369,125
03:03:19.186,active,15294,520,8024,16786,0,95,58.4,47.8,No,2400,2400,0,5360,125
03:03:20.184,active,15292,694,12616,16786,0,95,58.4,50.8,No,2400,2400,0,5364,125
03:03:21.184,sleep,15305,514,7890,16789,8,95,55.1,3.3,No,2400,2400,0,5391,125
03:03:22.184,sleep,15299,538,8236,16789,15,95,54.0,0.0,No,2400,2400,0,5405,125
03:03:23.184,sleep,15296,484,7426,16790,16,95,54.5,0.0,No,2400,2400,0,3807,75
03:03:24.184,sleep,15307,514,7870,16790,15,95,54.5,0.0,No,2400,2400,0,3343,75
03:03:25.184,sleep,15301,406,6506,16789,12,95,54.0,0.0,No,2400,2400,0,3274,75
03:03:26.184,sleep,15309,338,5188,16790,16,95,52.4,-0.0,No,1500,2400,0,3276,75
03:03:27.184,sleep,15311,596,4358,16790,20,95,51.8,0.0,No,1500,2400,0,3275,75
03:03:28.184,sleep,15303,342,5266,16788,17,95,51.2,-0.0,No,1500,2400,0,3271,75
03:03:29.184,sleep,15301,386,5902,16790,17,95,51.2,0.0,No,1500,2400,0,3267,75
03:03:30.184,sleep,15303,582,7620,16790,15,95,50.1,0.0,No,1500,2400,0,3256,75
03:03:31.184,sleep,15305,350,5382,16790,14,95,50.1,0.0,No,1500,2400,0,3255,75
03:03:32.184,sleep,15301,340,5884,16788,15,95,49.6,0.0,No,1500,2400,0,3259,75
03:03:33.184,sleep,15303,340,5228,16789,14,95,49.6,-0.0,No,1500,2400,0,3253,75
03:03:34.185,sleep,15301,312,4784,16789,13,95,49.6,0.0,No,1500,2400,0,3239,75
03:03:35.185,sleep,15303,492,7542,16789,13,95,49.6,-0.0,No,1500,2400,0,3231,75
03:03:36.185,active,15290,660,10146,16786,0,95,52.4,55.1,No,2400,2400,0,3194,75
03:03:37.184,active,15292,726,10340,16786,-3,95,54.0,47.9,No,2400,2400,0,3177,75
03:03:38.184,active,15314,382,13678,16785,-3,95,54.5,47.1,No,2400,2400,0,3174,75
03:03:39.185,active,15311,500,7678,16789,0,95,55.6,46.5,No,2400,2400,0,3170,75
03:03:40.185,active,15314,484,7310,16788,0,95,55.6,46.7,No,2400,2400,0,3173,75
03:03:41.185,active,15305,448,6866,16786,0,95,55.6,47.0,No,2400,2400,0,3138,75
03:03:42.184,active,15314,568,6694,16786,0,95,55.6,49.1,No,2400,2400,0,3156,75
03:03:43.184,active,15316,508,7812,16786,0,95,55.6,46.5,No,2400,2400,0,3157,75
03:03:44.184,active,15320,492,7542,16786,0,95,56.8,46.3,No,2400,2400,0,3137,75
03:03:45.188,active,15318,480,7368,16787,0,95,56.2,45.8,No,2400,2400,0,3128,75
03:03:46.185,active,15331,490,7504,16786,0,95,56.8,46.2,No,2400,2400,0,3130,75
03:03:47.184,active,15322,494,7928,16785,0,95,55.6,47.4,No,2400,2400,0,3133,75
03:03:48.184,active,15279,848,13002,16786,0,95,56.2,49.3,No,2400,2400,0,3117,75
03:03:49.184,active,15245,840,12866,16786,0,95,56.8,49.5,No,2400,2400,0,3119,75
03:03:50.185,active,15271,788,12076,16786,0,95,57.9,48.6,No,2400,2400,0,3121,75
03:03:51.189,active,15277,784,12018,16784,-6,95,57.9,48.2,No,2400,2400,0,3122,75
03:03:52.188,active,15251,814,11670,16785,-3,95,56.8,47.5,No,2400,2400,0,3103,75
03:03:53.184,active,15262,702,10744,16784,-3,95,56.2,48.9,No,2400,2400,0,3106,75
03:03:54.184,active,15290,638,11612,16786,0,95,56.2,48.8,No,2400,2400,0,3099,75
03:03:55.184,active,15241,760,11594,16786,0,95,57.3,48.8,No,2400,2400,0,3099,75
03:03:56.185,active,15305,754,11554,16786,0,95,57.3,48.8,No,2400,2400,0,3081,75
03:03:57.189,active,15303,572,8758,16785,0,95,56.8,52.1,No,2400,2400,0,3089,75
03:03:58.185,active,15326,608,9336,16786,-3,95,56.8,45.8,No,2400,2400,0,3091,75
03:03:59.184,active,15318,486,7484,16785,0,95,57.3,46.5,No,2400,2400,0,3072,75
03:04:00.184,active,15299,704,10784,16788,-3,95,57.9,47.2,No,2400,2400,0,3074,75
03:04:01.188,active,15290,748,11478,16785,0,95,57.9,47.5,No,2400,2400,0,3079,75
03:04:02.185,active,15309,654,10012,16788,0,95,58.4,51.4,No,2400,2400,0,3069,75
03:04:03.185,active,15296,702,10744,16787,0,95,56.2,49.2,No,2400,2400,0,3075,75
03:04:04.184,active,15290,832,9760,16785,0,95,57.3,45.1,No,2400,2400,0,3050,75
03:04:05.184,active,15290,848,13022,16786,0,95,57.9,51.6,No,2400,2400,0,3065,75
03:04:06.184,active,15277,818,12538,16787,0,95,58.4,48.0,No,2400,2400,0,3067,75
03:04:07.189,active,15322,474,7292,16785,0,95,59.0,49.9,No,2400,2400,0,3070,75
03:04:08.185,active,15372,448,6906,16785,0,95,58.4,53.6,No,2400,2400,0,3056,75
03:04:09.185,active,15318,506,7792,16786,0,95,57.3,47.0,No,2400,2400,0,3050,75
03:04:10.184,active,15318,424,6500,16785,0,95,57.9,50.1,No,2400,2400,0,3059,75
03:04:11.184,active,15335,490,7522,16786,0,95,58.4,51.5,No,2400,2400,0,3061,75
03:04:12.184,active,15333,486,7580,16784,0,95,59.5,46.5,No,2400,2400,0,3052,75
03:04:13.185,active,15113,444,6828,16785,-5,95,58.4,52.3,No,2400,2400,0,3037,75
03:04:14.185,active,15294,824,7716,16785,0,95,58.4,52.0,No,2400,2400,0,3038,75
03:04:15.184,active,15344,502,7716,16784,-3,95,57.9,49.6,No,2400,2400,0,3040,75
03:04:16.184,active,15249,574,8816,16785,-4,95,58.4,47.3,No,2400,2400,0,3050,75
03:04:17.184,active,15256,770,13002,16784,-3,95,57.9,46.4,No,2400,2400,0,3046,75
03:04:18.185,active,15290,630,9664,16785,0,95,59.5,46.6,No,2400,2400,0,3035,75
03:04:19.187,active,15275,674,8970,16786,0,95,58.4,44.3,No,2400,2400,0,3035,75
03:04:20.185,active,15256,602,9202,16787,0,95,57.9,50.0,No,2400,2400,0,3044,75
03:04:21.184,active,15311,596,9626,16786,-7,95,58.4,50.1,No,2400,2400,0,3034,75
03:04:22.184,active,15294,662,10146,16787,0,95,59.5,49.6,No,2400,2400,0,3024,75
03:04:23.184,active,15309,910,13908,16786,-4,95,59.0,46.5,No,2400,2400,0,3027,75
03:04:24.185,active,15296,446,11456,16785,-3,95,59.5,43.0,No,2400,2400,0,3032,75
03:04:25.185,active,15296,798,12250,16787,0,95,58.4,44.3,No,2400,2400,0,3034,75
03:04:26.184,active,15290,654,10050,16785,-4,95,58.4,46.4,No,2400,2400,0,3027,75
03:04:27.184,active,15290,772,11844,16786,0,95,58.4,47.4,No,2400,2400,0,3030,75
03:04:28.184,active,15292,694,10668,16786,-5,95,59.0,47.0,No,2400,2400,0,3030,75
03:04:29.185,active,15292,818,9742,16786,-4,95,59.0,46.2,No,2400,2400,0,3022,75
03:04:30.189,active,15281,764,11690,16786,0,95,59.0,46.7,No,2400,2400,0,3029,75
03:04:31.185,active,15286,826,11652,16786,0,95,59.0,45.8,No,2400,2400,0,3018,75
03:04:32.184,active,15288,800,12268,16785,0,95,58.4,46.6,No,2400,2400,0,3013,75
03:04:33.184,active,15292,708,10860,16786,3,95,59.5,47.8,No,2400,2400,0,3021,75
03:04:34.184,active,15283,852,13040,16787,0,95,59.5,51.4,No,2400,2400,0,3028,75
03:04:35.185,active,15307,506,7774,16785,0,95,60.6,43.5,No,2400,2400,0,3029,75
03:04:36.184,sleep,15299,504,7040,16790,5,95,56.2,3.5,No,2400,2400,0,3044,75
03:04:37.184,sleep,15299,532,8160,16788,7,95,56.8,-0.0,No,2400,2400,0,3048,75
03:04:38.184,sleep,15301,454,6964,16788,9,95,55.6,0.0,No,2400,2400,0,3051,75
03:04:39.184,sleep,15299,478,7330,16787,8,95,54.5,0.0,No,2400,2400,0,3047,75
03:04:40.184,sleep,15299,468,7176,16787,7,95,54.0,0.0,No,2400,2400,0,3039,75
03:04:41.184,sleep,15307,370,5806,16788,11,95,52.9,0.0,No,1500,2400,0,3041,75
03:04:42.184,sleep,15305,496,7600,16788,11,95,52.4,0.0,No,1500,2400,0,3041,75
03:04:43.184,sleep,15301,612,6752,16788,10,95,51.8,-0.0,No,1500,2400,0,3037,75
03:04:44.185,sleep,15299,174,5240,16787,11,95,51.8,-0.0,No,1500,2400,0,3041,75
03:04:45.184,sleep,15309,292,4474,16789,11,95,51.2,0.0,No,1500,2400,0,3035,75
03:04:46.184,sleep,15307,476,9240,16789,12,95,51.2,0.0,No,1500,2400,0,3036,75
03:04:47.184,sleep,15301,214,3298,16789,12,95,50.7,-0.0,No,1500,2400,0,3046,75
03:04:48.184,sleep,15305,594,7214,16789,13,95,50.1,0.0,No,1500,2400,0,3034,75
03:04:49.184,sleep,15311,554,8506,16788,13,95,50.1,0.0,No,1500,2400,0,3043,75
03:04:50.184,sleep,15305,562,8604,16789,10,95,50.1,-0.0,No,1500,2400,0,3042,75
03:04:51.184,active,15309,456,6982,16787,-6,95,54.5,55.8,No,2400,2400,0,3003,75
03:04:52.185,active,15309,452,6944,16787,-3,95,54.5,45.5,No,2400,2400,0,3011,75
03:04:53.185,active,15303,412,10678,16784,-5,95,55.1,46.6,No,2400,2400,0,3013,75
03:04:54.185,active,15292,678,10398,16785,-5,95,55.1,47.5,No,2400,2400,0,3008,75
03:04:55.184,active,15279,862,13214,16785,0,95,56.8,48.0,No,2400,2400,0,3005,75
03:04:56.184,active,15283,720,11034,16786,-3,95,56.8,47.9,No,2400,2400,0,3004,75
03:04:57.185,active,15288,734,11246,16786,-3,95,57.3,48.2,No,2400,2400,0,3010,75
03:04:58.185,active,15283,726,12462,16785,-3,95,56.8,46.1,No,2400,2400,0,3011,75
03:04:59.187,active,15283,798,12230,16785,-4,95,57.9,46.9,No,2400,2400,0,3000,75
03:05:00.184,active,15288,778,10070,16785,-3,95,56.2,47.0,No,2400,2400,0,2992,75
03:05:01.184,active,15288,816,12500,16786,0,95,56.8,49.4,No,2400,2400,0,2995,75
03:05:02.184,active,15266,782,11998,16787,0,95,58.4,49.6,No,2400,2400,0,3006,75
03:05:03.185,active,15326,488,7890,16787,3,95,58.4,48.9,No,2400,2400,0,3002,75
03:05:04.185,active,15318,496,7620,16787,0,95,57.9,48.0,No,2400,2400,0,3007,75
03:05:05.190,active,15346,480,7350,16786,-3,95,57.3,48.4,No,2400,2400,0,3007,75
03:05:06.184,active,15365,468,7214,16785,-5,95,57.3,48.6,No,2400,2400,0,3012,75
03:05:07.184,active,15361,520,8006,16784,-4,95,57.9,48.8,No,2400,2400,0,3010,75
03:05:08.184,active,15346,458,6982,16785,-3,95,58.4,48.8,No,2400,2400,0,3012,75
03:05:09.185,active,15335,560,8604,16787,-3,95,57.9,47.7,No,2400,2400,0,3002,75
03:05:10.188,active,15365,496,7310,16787,-3,95,57.9,48.0,No,2400,2400,0,3006,75
03:05:11.184,active,15352,496,7638,16787,-3,95,57.9,51.1,No,2400,2400,0,3008,75
03:05:12.184,active,15307,680,10398,16786,0,95,57.9,48.5,No,2400,2400,0,3001,75
03:05:13.184,active,15288,634,11632,16787,0,95,58.4,48.0,No,2400,2400,0,2999,75
03:05:14.185,active,15292,736,11266,16785,0,95,58.4,48.2,No,2400,2400,0,3000,75
03:05:15.185,active,15305,474,12268,16785,0,95,58.4,47.2,No,2400,2400,0,3005,75
03:05:16.185,active,15309,480,7350,16786,0,95,58.4,48.1,No,2400,2400,0,3004,75
03:05:17.184,active,15314,578,8874,16786,0,95,58.4,49.6,No,2400,2400,0,3010,75
03:05:18.184,active,15307,448,6886,16785,-3,95,57.9,46.3,No,2400,2400,0,3007,75
03:05:19.185,active,15309,444,6810,16786,0,95,59.5,47.7,No,2400,2400,0,3008,75
03:05:20.189,active,15320,494,9028,16784,0,95,59.5,49.7,No,2400,2400,0,3008,75
03:05:21.185,active,15307,480,7350,16785,-5,95,59.0,48.1,No,2400,2400,0,3004,125
03:05:22.184,active,15279,858,13156,16785,-4,95,58.4,51.1,No,2400,2400,0,4870,125
03:05:23.184,active,15281,814,11200,16785,-3,95,58.4,50.6,No,2400,2400,0,5076,125
03:05:24.184,active,15290,728,11170,16784,-8,95,59.5,49.1,No,2400,2400,0,5081,125
03:05:25.184,active,15281,762,12500,16785,-8,95,59.5,46.1,No,2400,2400,0,5095,125
03:05:26.185,active,15290,818,12520,16786,-9,95,59.0,51.4,No,2400,2400,0,5116,125
03:05:27.185,active,15277,856,12924,16785,-6,95,59.0,49.1,No,2400,2400,0,5129,125
03:05:28.184,active,15273,856,13098,16784,-4,95,59.5,48.6,No,2400,2400,0,5132,125
03:05:29.184,active,15275,822,12616,16784,-4,95,58.4,48.1,No,2400,2400,0,5144,125
03:05:30.184,active,15318,664,10204,16784,-6,95,59.5,45.6,No,2400,2400,0,5154,125
03:05:31.185,active,15350,498,7658,16785,-5,95,59.5,48.1,No,2400,2400,0,5161,125
03:05:32.185,active,15324,412,7620,16787,0,95,59.0,48.0,No,2400,2400,0,5173,125
03:05:33.184,active,15324,546,8410,16784,-4,95,59.0,48.7,No,2400,2400,0,5189,125
03:05:34.184,active,15374,482,7408,16784,-9,95,58.4,47.2,No,2400,2400,0,5221,125
03:05:35.184,active,15352,512,7890,16785,-6,95,59.5,45.4,No,2400,2400,0,5236,125
03:05:36.185,active,15288,710,10898,16785,0,95,58.4,45.4,No,2400,2400,0,5244,125
03:05:37.188,active,15290,810,7388,16784,-5,95,59.0,48.7,No,2400,2400,0,5242,125
03:05:38.185,active,15294,684,10494,16786,-4,95,58.4,48.5,No,2400,2400,0,5240,125
03:05:39.184,active,15288,810,11304,16784,-8,95,58.4,47.9,No,2400,2400,0,5260,125
03:05:40.184,active,15286,864,13252,16786,0,95,59.0,46.6,No,2400,2400,0,5264,125
03:05:41.184,active,15320,480,7350,16786,0,95,60.6,45.7,No,2400,2400,0,5275,125
03:05:42.185,active,15314,468,9800,16784,0,95,59.0,43.4,No,2400,2400,0,5283,125
03:05:43.185,active,15309,404,6192,16785,-3,95,58.4,46.4,No,2400,2400,0,5289,125
03:05:44.184,active,15324,488,9124,16784,-8,95,58.4,45.2,No,2400,2400,0,5318,125
03:05:45.184,active,15307,428,6558,16785,-6,95,58.4,46.5,No,2400,2400,0,5325,125
03:05:46.184,active,15316,452,6944,16786,-4,95,59.0,47.7,No,2400,2400,0,5310,125
03:05:47.189,active,15344,468,7194,16786,-4,95,59.5,50.5,No,2400,2400,0,5308,125
03:05:48.185,active,15324,532,8160,16787,-4,95,59.0,49.7,No,2400,2400,0,5320,125
03:05:49.185,active,15320,426,8074,16787,0,95,59.0,44.8,No,2400,2400,0,5328,125
03:05:50.184,active,15290,808,12384,16786,0,95,57.9,43.8,No,2400,2400,0,5336,125
03:05:51.184,sleep,15299,476,7292,16786,0,95,56.2,5.6,No,2400,2400,0,5373,125
03:05:52.184,sleep,15299,514,7890,16786,6,95,55.1,0.0,No,2400,2400,0,5398,125
03:05:53.184,sleep,15299,424,6500,16787,5,95,54.5,0.0,No,2400,2400,0,4751,75
03:05:54.184,sleep,15294,504,7040,16788,9,95,54.0,0.0,No,2400,2400,0,3469,75
03:05:55.184,sleep,15305,422,6482,16786,10,95,54.5,-0.0,No,2400,2400,0,3270,75
03:05:56.184,sleep,15301,490,7948,16788,11,95,52.9,0.0,No,1500,2400,0,3258,75
03:05:57.184,sleep,15303,314,4822,16788,14,95,51.8,0.0,No,1500,2400,0,3252,75
03:05:58.184,sleep,15307,592,8392,16788,13,95,51.2,-0.0,No,1500,2400,0,3245,75
03:05:59.184,sleep,15299,400,8256,16789,17,95,50.7,0.0,No,1500,2400,0,3244,75
03:06:00.184,sleep,15305,260,3992,16790,16,95,51.2,0.0,No,1500,2400,0,3256,75
03:06:01.184,sleep,15305,258,8044,16790,15,95,50.7,0.0,No,1500,2400,0,3246,75
03:06:02.184,sleep,15303,406,6230,16790,11,95,50.1,0.0,No,1500,2400,0,3240,75
03:06:03.184,sleep,15303,258,5498,16790,11,95,50.1,-0.0,No,1500,2400,0,3239,75
03:06:04.185,sleep,15307,486,7466,16789,12,95,50.1,0.0,No,1500,2400,0,3224,75
03:06:05.184,sleep,15303,392,4378,16790,14,95,49.6,-0.0,No,1500,2400,0,3220,75
03:06:06.184,active,15296,808,12384,16786,-4,95,52.9,52.9,No,2400,2400,0,3182,75
03:06:07.184,active,15288,716,10996,16785,-5,95,54.0,48.2,No,2400,2400,0,3178,75
03:06:08.184,active,15292,900,6880,16786,-3,95,54.5,46.2,No,2400,2400,0,3179,75
03:06:09.184,active,15305,498,7638,16786,-3,95,55.6,47.0,No,2400,2400,0,3173,75
03:06:10.185,active,15322,406,6250,16786,-4,95,55.1,47.3,No,2400,2400,0,3157,75
03:06:11.185,active,15307,446,6828,16784,-8,95,56.8,48.4,No,2400,2400,0,3150,75
03:06:12.184,active,15316,506,7774,16786,-8,95,56.2,48.4,No,2400,2400,0,3140,75
03:06:13.184,active,15316,498,6558,16784,-12,95,56.8,49.0,No,2400,2400,0,3139,75
03:06:14.184,active,15318,404,6192,16785,-8,95,57.3,47.9,No,2400,2400,0,3140,75
03:06:15.184,active,15316,540,8314,16784,-3,95,57.3,48.9,No,2400,2400,0,3119,75
03:06:16.185,active,15316,464,7138,16785,-5,95,56.2,47.7,No,2400,2400,0,3125,75
03:06:17.189,active,15324,496,7638,16784,-6,95,56.2,48.1,No,2400,2400,0,3121,75
03:06:18.184,active,15283,882,12288,16784,-6,95,56.8,48.2,No,2400,2400,0,3109,75
03:06:19.184,active,15238,812,12442,16786,-3,95,56.8,48.9,No,2400,2400,0,3111,75
03:06:20.184,active,15273,826,11478,16788,0,95,57.3,48.9,No,2400,2400,0,3118,75
03:06:21.185,active,15281,808,12366,16787,-3,95,57.9,48.6,No,2400,2400,0,3109,75
03:06:22.185,active,15245,902,11130,16786,-7,95,57.9,47.6,No,2400,2400,0,3101,75
03:06:23.185,active,15268,672,10300,16786,-3,95,56.8,47.9,No,2400,2400,0,3106,75
03:06:24.184,active,15286,914,11748,16784,-7,95,57.3,49.4,No,2400,2400,0,3095,75
03:06:25.184,active,15245,692,10572,16783,-5,95,57.3,55.8,No,2400,2400,0,3082,75
03:06:26.188,active,15303,694,10648,16786,0,95,59.0,46.2,No,2400,2400,0,3089,75
03:06:27.189,active,15279,538,8236,16786,0,95,59.0,48.4,No,2400,2400,0,3076,75
03:06:28.185,active,15329,682,10474,16786,0,95,58.4,47.7,No,2400,2400,0,3084,75
03:06:29.184,active,15294,500,7716,16786,-4,95,57.9,46.8,No,2400,2400,0,3079,75
03:06:30.184,active,15296,778,11922,16786,0,95,58.4,50.9,No,2400,2400,0,3080,75
03:06:31.184,active,15290,670,10300,16786,0,95,58.4,46.1,No,2400,2400,0,3088,75
03:06:32.185,active,15296,878,13464,16785,0,95,58.4,48.9,No,2400,2400,0,3079,75
03:06:33.185,active,15292,638,9780,16786,0,95,59.0,47.2,No,2400,2400,0,3065,75
03:06:34.185,active,15277,848,13716,16786,0,95,57.9,46.0,No,2400,2400,0,3069,75
03:06:35.184,active,15288,776,11902,16786,0,95,57.9,52.4,No,2400,2400,0,3057,75
03:06:36.184,active,15277,802,12558,16786,0,95,58.4,51.8,No,2400,2400,0,3067,75
03:06:37.184,active,15309,432,8408,16785,0,95,59.0,49.2,No,2400,2400,0,3049,75
03:06:38.185,active,15361,528,8102,16785,0,95,59.0,50.5,No,2400,2400,0,3061,75
03:06:39.186,active,15335,364,8990,16786,0,95,58.4,51.5,No,2400,2400,0,3049,75
03:06:40.184,active,15318,732,11246,16785,0,95,58.4,51.9,No,2400,2400,0,3055,75
03:06:41.184,active,15314,656,10474,16786,0,95,59.5,54.2,No,2400,2400,0,3050,75
03:06:42.184,active,15354,452,6964,16787,0,95,59.5,53.1,No,2400,2400,0,3045,75
03:06:43.185,active,15337,528,8120,16788,0,95,59.5,46.9,No,2400,2400,0,3057,75
03:06:44.184,active,15365,484,7466,16789,5,95,59.0,46.6,No,2400,2400,0,3052,75
03:06:45.185,active,15331,504,7754,16787,0,95,57.9,48.7,No,2400,2400,0,3046,75
03:06:46.184,active,15281,714,7098,16787,0,95,59.0,48.5,No,2400,2400,0,3044,75
03:06:47.184,active,15286,674,10340,16785,-3,95,59.0,49.5,No,2400,2400,0,3038,75
03:06:48.185,active,15288,770,11806,16786,0,95,59.0,46.6,No,2400,2400,0,3036,75
03:06:49.185,active,15256,764,11690,16785,0,95,59.5,48.3,No,2400,2400,0,3040,75
03:06:50.187,active,15301,752,11516,16784,-4,95,59.0,42.2,No,2400,2400,0,3048,75
03:06:51.191,active,15273,592,11370,16784,-4,95,58.4,44.7,No,2400,2400,0,3044,75
03:06:52.184,active,15303,682,10436,16786,0,95,59.0,44.2,No,2400,2400,0,3035,75
03:06:53.184,active,15305,450,10070,16784,0,95,59.5,46.0,No,2400,2400,0,3034,75
03:06:54.185,active,15309,574,8796,16786,0,95,59.5,46.2,No,2400,2400,0,3026,75
03:06:55.185,active,15322,410,9800,16785,-3,95,59.5,45.7,No,2400,2400,0,3033,75
03:06:56.185,active,15283,766,11748,16785,-4,95,59.5,46.2,No,2400,2400,0,3028,75
03:06:57.184,active,15273,784,12018,16785,-7,95,59.0,46.8,No,2400,2400,0,3017,75
03:06:58.184,active,15292,814,11612,16785,-6,95,60.0,46.1,No,2400,2400,0,3020,75
03:06:59.184,active,15279,818,12538,16784,-4,95,60.0,46.8,No,2400,2400,0,3024,75
03:07:00.185,active,15266,786,13966,16784,-6,95,60.0,46.4,No,2400,2400,0,3031,75
03:07:01.190,active,15292,882,13522,16784,-3,95,60.6,50.5,No,2400,2400,0,4629,125
03:07:02.185,active,15273,804,12326,16784,-6,95,57.9,47.4,No,2400,2400,0,5089,125
03:07:03.184,active,15286,796,12210,16785,0,95,59.0,44.3,No,2400,2400,0,5122,125
03:07:04.184,active,15275,814,12480,16786,-4,95,59.5,45.9,No,2400,2400,0,5126,125
03:07:05.187,active,15286,694,10648,16785,-4,95,60.0,45.0,No,2400,2400,0,5123,125
03:07:06.184,sleep,15296,468,7176,16787,3,95,56.2,5.8,No,2400,2400,0,5176,125
03:07:07.184,sleep,15307,492,7542,16786,5,95,55.6,-0.0,No,2400,2400,0,5188,125
03:07:08.184,sleep,15299,516,7928,16786,6,95,55.6,0.0,No,2400,2400,0,5208,125
03:07:09.184,sleep,15303,578,8874,16787,6,95,54.0,0.0,No,2400,2400,0,4035,75
03:07:10.184,sleep,15301,464,7716,16788,7,95,54.5,0.0,No,2400,2400,0,3234,75
03:07:11.184,sleep,15296,322,4938,16789,10,95,52.9,0.0,No,1500,2400,0,3134,75
03:07:12.185,sleep,15305,460,5304,16788,10,95,52.9,-0.0,No,1500,2400,0,3124,75
03:07:13.184,sleep,15307,546,8372,16788,11,95,51.8,0.0,No,1500,2400,0,3124,75
03:07:14.184,sleep,15299,394,6056,16787,9,95,51.8,-0.0,No,1500,2400,0,3135,75
03:07:15.184,sleep,15309,220,8604,16787,10,95,51.2,0.0,No,1500,2400,0,3145,75
03:07:16.185,sleep,15303,264,4070,16786,5,95,51.2,0.0,No,1500,2400,0,3140,75
03:07:17.185,sleep,15301,602,3106,16789,5,95,50.7,0.0,No,1500,2400,0,3129,75
03:07:18.185,sleep,15314,170,2604,16788,8,95,51.2,0.0,No,1500,2400,0,3127,75
03:07:19.185,sleep,15305,288,9510,16789,9,95,50.1,0.0,No,1500,2400,0,3115,75
03:07:20.185,sleep,15303,506,7754,16789,10,95,50.1,-0.0,No,1500,2400,0,3120,75
03:07:21.184,active,15299,666,10224,16786,-5,95,53.5,51.2,No,2400,2400,0,3095,75
03:07:22.184,active,15309,474,7292,16784,-9,95,54.5,46.1,No,2400,2400,0,3088,75
03:07:23.185,active,15316,476,7310,16784,-6,95,55.6,45.5,No,2400,2400,0,3083,75
03:07:24.189,active,15318,390,7292,16786,-6,95,55.6,48.0,No,2400,2400,0,3076,75
03:07:25.184,active,15294,830,12712,16785,-4,95,56.2,47.2,No,2400,2400,0,3076,75
03:07:26.184,active,15279,774,11864,16785,-4,95,56.2,47.6,No,2400,2400,0,3077,75
03:07:27.184,active,15279,844,12944,16785,0,95,57.3,47.1,No,2400,2400,0,3075,75
03:07:28.185,active,15271,842,12906,16785,0,95,57.3,47.4,No,2400,2400,0,3063,75
03:07:29.185,active,15281,830,13562,16785,0,95,56.8,47.8,No,2400,2400,0,3055,75
03:07:30.188,active,15281,830,12712,16784,-5,95,56.8,48.6,No,2400,2400,0,3059,75
03:07:31.184,active,15268,798,11362,16784,0,95,57.9,49.3,No,2400,2400,0,3068,75
03:07:32.184,active,15266,798,12210,16785,0,95,57.3,48.9,No,2400,2400,0,3060,75
03:07:33.185,active,15238,836,11786,16786,-3,95,58.4,48.7,No,2400,2400,0,3062,75
03:07:34.185,active,15348,530,8198,16785,-3,95,57.9,47.7,No,2400,2400,0,3061,75
03:07:35.188,active,15331,522,8044,16784,0,95,57.9,47.9,No,2400,2400,0,3059,75
03:07:36.184,active,15363,490,7194,16784,-3,95,57.3,48.2,No,2400,2400,0,3051,75
03:07:37.184,active,15352,506,7774,16786,-3,95,57.3,49.4,No,2400,2400,0,3058,75
03:07:38.184,active,15326,386,7716,16786,-3,95,58.4,49.4,No,2400,2400,0,3057,75
03:07:39.185,active,15369,448,6906,16786,-3,95,58.4,51.6,No,2400,2400,0,3054,75
03:07:40.189,active,15329,476,7350,16785,-7,95,57.9,45.4,No,2400,2400,0,3042,75
03:07:41.185,active,15329,688,10572,16784,-8,95,58.4,46.4,No,2400,2400,0,3048,75
03:07:42.184,active,15292,516,7966,16784,-5,95,57.9,46.4,No,2400,2400,0,3049,75
03:07:43.184,active,15311,658,6886,16785,0,95,58.4,46.8,No,2400,2400,0,3040,75
03:07:44.184,active,15307,412,6308,16786,-4,95,59.5,49.5,No,2400,2400,0,3044,75
03:07:45.185,active,15311,450,6924,16786,-3,95,59.0,45.4,No,2400,2400,0,3042,75
03:07:46.186,active,15322,502,7184,16786,0,95,59.0,46.4,No,2400,2400,0,3040,75
03:07:47.184,active,15357,506,7774,16786,-3,95,57.9,48.2,No,2400,2400,0,3031,75
03:07:48.184,active,15331,522,7350,16786,-5,95,58.4,49.1,No,2400,2400,0,3024,75
03:07:49.189,active,15307,506,7774,16784,-5,95,59.0,53.5,No,2400,2400,0,3024,75
03:07:50.185,active,15320,442,6848,16785,-4,95,59.5,51.9,No,2400,2400,0,3034,75
03:07:51.189,active,15318,522,8024,16784,-4,95,59.5,49.5,No,2400,2400,0,4347,125
03:07:52.188,active,15352,428,6596,16784,-5,95,59.5,52.8,No,2400,2400,0,5068,125
03:07:53.184,active,15283,668,11170,16786,-5,95,58.4,49.9,No,2400,2400,0,5133,125
03:07:54.186,active,15275,832,12732,16787,-5,95,60.0,51.9,No,2400,2400,0,5136,125
03:07:55.184,active,15260,964,12424,16786,-3,95,59.5,51.0,No,2400,2400,0,5143,125
03:07:56.185,active,15273,772,11824,16785,-6,95,60.0,49.1,No,2400,2400,0,5140,125
03:07:57.185,active,15256,670,10300,16783,-6,95,59.5,47.2,No,2400,2400,0,5152,125
03:07:58.184,active,15243,770,11768,16784,-6,95,58.4,47.3,No,2400,2400,0,5187,125
03:07:59.184,active,15286,682,10436,16784,-7,95,59.0,48.1,No,2400,2400,0,5191,125
03:08:00.184,active,15292,762,9838,16784,-3,95,59.5,47.3,No,2400,2400,0,5187,125
03:08:01.185,active,15303,840,12848,16785,-5,95,59.5,45.7,No,2400,2400,0,5196,125
03:08:02.185,active,15294,614,10012,16785,-5,95,59.0,44.8,No,2400,2400,0,5222,125
03:08:03.185,active,15324,592,9104,16784,-6,95,59.0,48.5,No,2400,2400,0,5239,125
03:08:04.184,active,15290,652,10012,16784,-3,95,57.9,48.7,No,2400,2400,0,5248,125
03:08:05.184,active,15307,698,7002,16783,-6,95,59.5,49.6,No,2400,2400,0,5244,125
03:08:06.185,active,15281,762,11670,16784,-3,95,59.5,48.2,No,2400,2400,0,5248,125
03:08:07.185,active,15296,868,6982,16785,0,95,59.0,44.2,No,2400,2400,0,5261,125
03:08:08.185,active,15283,796,12210,16785,0,95,59.0,45.1,No,2400,2400,0,5273,125
03:08:09.185,active,15286,806,12790,16785,-4,95,58.4,46.7,No,2400,2400,0,5295,125
03:08:10.184,active,15283,754,11574,16785,-7,95,58.4,47.4,No,2400,2400,0,5299,125
03:08:11.184,active,15264,812,12442,16784,-6,95,59.5,46.9,No,2400,2400,0,5302,125
03:08:12.184,active,15320,478,6770,16785,-4,95,59.0,44.0,No,2400,2400,0,5301,125
03:08:13.188,active,15324,508,7792,16784,-4,95,59.5,42.7,No,2400,2400,0,5321,125
03:08:14.188,active,15322,512,7908,16785,-4,95,58.4,47.4,No,2400,2400,0,5316,125
03:08:15.184,active,15316,474,7292,16786,0,95,59.0,47.7,No,2400,2400,0,5316,125
03:08:16.184,active,15331,484,7446,16786,0,95,59.0,48.2,No,2400,2400,0,5332,125
03:08:17.184,active,15337,540,8294,16785,-3,95,59.0,50.1,No,2400,2400,0,5339,125
03:08:18.187,active,15339,522,8024,16785,0,95,59.0,49.6,No,2400,2400,0,5351,125
03:08:19.185,active,15326,532,8178,16785,0,95,59.0,45.1,No,2400,2400,0,5351,125
03:08:20.187,active,15350,490,7522,16785,0,95,57.3,43.9,No,2400,2400,0,5357,125
03:08:21.184,sleep,15305,518,7658,16786,3,95,55.1,8.5,No,2400,2400,0,5393,125
03:08:22.184,sleep,15305,458,7040,16786,7,95,54.5,0.0,No,2400,2400,0,5392,125
03:08:23.184,sleep,15307,536,8218,16787,5,95,54.0,0.0,No,2400,2400,0,5397,125
03:08:24.184,sleep,15305,354,5440,16788,9,95,54.0,0.3,No,2400,2400,0,3844,75
03:08:25.184,sleep,15303,508,7812,16788,9,95,53.5,0.0,No,2400,2400,0,3345,75
03:08:26.185,sleep,15309,296,7092,16789,12,95,52.9,0.0,No,1500,2400,0,3289,75
03:08:27.185,sleep,15305,524,8044,16789,16,95,51.8,-0.0,No,1500,2400,0,3276,75
03:08:28.185,sleep,15303,428,6424,16789,17,95,51.2,0.0,No,1500,2400,0,3268,75
03:08:29.185,sleep,15307,308,4744,16788,18,95,51.2,-0.0,No,1500,2400,0,3269,75
03:08:30.185,sleep,15307,428,5728,16790,14,95,50.1,0.0,No,1500,2400,0,3264,75
03:08:31.185,sleep,15303,328,5034,16790,11,95,50.1,0.0,No,1500,2400,0,3264,75
03:08:32.185,sleep,15296,560,8604,16790,10,95,50.7,0.0,No,1500,2400,0,3246,75
03:08:33.185,sleep,15301,260,8088,16790,10,95,51.2,0.0,No,1500,2400,0,3248,75
03:08:34.185,sleep,15303,236,3626,16789,11,95,49.6,-0.0,No,1500,2400,0,3247,75
03:08:35.185,sleep,15296,468,4668,16788,10,95,49.6,0.0,No,1500,2400,0,3230,75
03:08:36.185,active,15268,800,12250,16785,0,95,53.5,49.3,No,2400,2400,0,3204,75
03:08:37.184,active,15281,702,12558,16784,-8,95,54.0,46.2,No,2400,2400,0,3200,75
03:08:38.184,active,15283,626,9588,16786,-3,95,54.0,48.5,No,2400,2400,0,3187,75
03:08:39.184,active,15271,786,12308,16786,-3,95,55.6,47.7,No,2400,2400,0,3167,75
03:08:40.184,active,15273,820,12558,16786,-5,95,56.2,47.5,No,2400,2400,0,3158,75
03:08:41.188,active,15352,546,8410,16787,0,95,56.2,45.3,No,2400,2400,0,3149,75
03:08:42.189,active,15339,468,6250,16786,0,95,55.6,48.0,No,2400,2400,0,3133,75
03:08:43.184,active,15357,470,7214,16784,-6,95,55.6,48.2,No,2400,2400,0,3151,75
03:08:44.184,active,15363,498,6964,16784,-8,95,56.2,49.0,No,2400,2400,0,3147,75
03:08:45.184,active,15341,510,7850,16784,-6,95,57.3,48.9,No,2400,2400,0,3143,75
03:08:46.185,active,15363,510,6866,16785,-4,95,56.8,48.1,No,2400,2400,0,3139,75
03:08:47.185,active,15359,476,7350,16785,0,95,56.8,48.6,No,2400,2400,0,3140,75
03:08:48.191,active,15329,650,7330,16783,-5,95,56.8,47.8,No,2400,2400,0,3129,75
03:08:49.184,active,15324,500,7678,16785,-7,95,56.8,48.8,No,2400,2400,0,3112,75
03:08:50.184,active,15316,398,7466,16785,-7,95,56.8,48.8,No,2400,2400,0,3106,75
03:08:51.184,active,15305,462,9162,16783,-8,95,57.9,48.7,No,2400,2400,0,3101,75
03:08:52.185,active,15307,374,5748,16784,-7,95,57.3,52.2,No,2400,2400,0,3094,75
03:08:53.185,active,15320,432,7252,16784,-6,95,57.3,46.7,No,2400,2400,0,3099,75
03:08:54.184,active,15305,514,7890,16785,0,95,57.3,45.6,No,2400,2400,0,3095,75
03:08:55.184,active,15320,626,7466,16785,0,95,59.0,50.9,No,2400,2400,0,3093,75
03:08:56.184,active,15322,508,7812,16785,-7,95,58.4,49.5,No,2400,2400,0,3092,75
03:08:57.185,active,15335,502,7696,16783,-6,95,57.9,46.1,No,2400,2400,0,3100,75
03:08:58.185,active,15318,420,6462,16783,-5,95,57.9,45.8,No,2400,2400,0,3096,75
03:08:59.188,active,15333,490,7522,16784,-6,95,57.3,50.5,No,2400,2400,0,3091,75
03:09:00.184,active,15266,832,12056,16785,0,95,57.9,48.4,No,2400,2400,0,3090,75
03:09:01.184,active,15281,754,11554,16784,-7,95,58.4,47.6,No,2400,2400,0,3088,75
03:09:02.185,active,15277,860,12366,16784,-8,95,59.0,51.8,No,2400,2400,0,3069,75
03:09:03.185,active,15266,690,10572,16784,-6,95,58.4,52.5,No,2400,2400,0,3067,75
03:09:04.185,active,15292,728,11150,16784,-5,95,59.0,50.3,No,2400,2400,0,3076,75
03:09:05.184,active,15279,708,10860,16785,-8,95,58.4,51.4,No,2400,2400,0,3058,75
03:09:06.184,active,15314,792,12114,16785,-7,95,58.4,50.3,No,2400,2400,0,3071,75
03:09:07.185,active,15288,598,10956,16785,-5,95,59.0,49.9,No,2400,2400,0,3065,75
03:09:08.185,active,15279,598,9162,16786,-4,95,59.0,53.3,No,2400,2400,0,3065,75
03:09:09.185,active,15309,480,11170,16784,-4,95,58.4,48.9,No,2400,2400,0,3061,75
03:09:10.185,active,15329,678,7344,16784,-3,95,57.9,47.0,No,2400,2400,0,3067,75
03:09:11.184,active,15292,744,11400,16783,-5,95,58.4,48.7,No,2400,2400,0,3059,75
03:09:12.184,active,15292,758,8064,16784,-6,95,59.0,48.6,No,2400,2400,0,3059,75
03:09:13.188,active,15290,816,12500,16785,-4,95,59.0,46.7,No,2400,2400,0,3059,75
03:09:14.185,active,15288,834,10956,16785,-5,95,59.0,47.6,No,2400,2400,0,3057,75
03:09:15.191,active,15294,870,13330,16783,-6,95,59.0,48.7,No,2400,2400,0,3058,75
03:09:16.185,active,15279,840,13484,16784,-7,95,57.9,48.8,No,2400,2400,0,3052,75
03:09:17.184,active,15286,824,12636,16783,-9,95,58.4,49.9,No,2400,2400,0,3051,75
03:09:18.184,active,15290,806,12346,16784,-4,95,59.5,50.0,No,2400,2400,0,3040,75
03:09:19.185,active,15348,490,7696,16783,0,95,59.5,48.9,No,2400,2400,0,3041,75
03:09:20.185,active,15331,492,7562,16783,-6,95,59.0,47.0,No,2400,2400,0,3046,75
03:09:21.184,active,15363,266,7310,16785,-3,95,59.0,44.9,No,2400,2400,0,3026,75
03:09:22.184,active,15329,444,6810,16785,-3,95,58.4,45.5,No,2400,2400,0,3029,75
03:09:23.184,active,15354,502,7696,16784,-5,95,59.5,46.6,No,2400,2400,0,3038,75
03:09:24.185,active,15326,710,7078,16783,-7,95,59.5,47.5,No,2400,2400,0,3035,75
03:09:25.185,active,15329,480,7368,16784,-4,95,58.4,46.8,No,2400,2400,0,3036,75
03:09:26.187,active,15333,498,6848,16784,-5,95,58.4,46.3,No,2400,2400,0,3035,75
03:09:27.184,active,15548,438,6752,16785,0,95,59.0,45.5,No,2400,2400,0,3035,75
03:09:28.184,active,15299,790,9490,16784,0,95,59.0,51.1,No,2400,2400,0,3020,75
03:09:29.184,active,15245,870,13310,16784,-3,95,59.5,47.6,No,2400,2400,0,3018,75
03:09:30.184,active,15311,756,11594,16784,0,95,59.5,45.1,No,2400,2400,0,3304,125
03:09:31.185,active,15290,510,10884,16785,0,95,59.0,42.7,No,2400,2400,0,4989,125
03:09:32.185,active,15309,774,11844,16785,0,95,58.4,43.2,No,2400,2400,0,5115,125
03:09:33.184,active,15318,490,11246,16783,0,95,59.0,48.4,No,2400,2400,0,5129,125
03:09:34.184,active,15279,592,9086,16785,0,95,59.0,47.6,No,2400,2400,0,5144,125
03:09:35.184,active,15309,450,10128,16785,0,95,59.5,45.5,No,2400,2400,0,5159,125
03:09:36.184,sleep,15311,464,7118,16786,4,95,55.6,10.3,No,2400,2400,0,5189,125
03:09:37.184,sleep,15299,450,6732,16786,8,95,55.6,0.0,No,2400,2400,0,5201,125
03:09:38.184,sleep,15301,438,6558,16786,9,95,55.1,-0.0,No,2400,2400,0,5214,125
03:09:39.184,sleep,15303,440,6752,16787,10,95,54.5,0.0,No,2400,2400,0,5211,125
03:09:40.184,sleep,15301,416,6848,16788,9,95,54.0,0.0,No,2400,2400,0,3473,75
03:09:41.184,sleep,15309,358,5498,16788,11,95,52.9,0.0,No,1500,2400,0,3175,75
03:09:42.185,sleep,15307,492,7504,16789,13,95,52.9,0.5,No,1500,2400,0,3143,75
03:09:43.184,sleep,15305,476,7330,16789,13,95,51.8,0.0,No,1500,2400,0,3139,75
03:09:44.185,sleep,15307,542,8352,16788,9,95,51.8,0.0,No,1500,2400,0,3142,75
03:09:45.184,sleep,15305,432,6636,16787,11,95,51.2,-0.0,No,1500,2400,0,3143,75
03:09:46.184,sleep,15301,392,6018,16787,12,95,51.2,0.0,No,1500,2400,0,3152,75
03:09:47.184,sleep,15296,334,5130,16788,10,95,51.8,-0.0,No,1500,2400,0,3134,75
03:09:48.184,sleep,15307,412,6326,16789,11,95,49.6,0.0,No,1500,2400,0,3138,75
03:09:49.184,sleep,15303,510,5844,16789,12,95,50.1,0.0,No,1500,2400,0,3133,75
03:09:50.184,sleep,15311,320,4918,16789,13,95,50.1,0.0,No,1500,2400,0,3147,75
03:09:51.184,active,15331,494,7580,16783,0,95,54.0,47.5,No,2400,2400,0,3102,75
03:09:52.184,active,15363,440,6790,16784,-9,95,54.5,46.3,No,2400,2400,0,3102,75
03:09:53.188,active,15333,438,6752,16784,-9,95,55.1,46.2,No,2400,2400,0,3095,75
03:09:54.185,active,15331,454,6848,16785,-6,95,55.1,46.3,No,2400,2400,0,3081,75
03:09:55.184,active,15376,452,6964,16785,-5,95,55.1,47.4,No,2400,2400,0,3089,75
03:09:56.184,active,15333,680,7812,16786,-3,95,55.6,49.4,No,2400,2400,0,3082,75
03:09:57.184,active,15311,472,11074,16784,-7,95,56.8,48.8,No,2400,2400,0,3089,75
03:09:58.185,active,15314,594,9104,16782,-8,95,57.3,48.8,No,2400,2400,0,3081,75
03:09:59.185,active,15307,416,10610,16784,-7,95,56.8,48.2,No,2400,2400,0,3079,75
03:10:00.188,active,15301,478,7330,16784,-6,95,57.3,48.2,No,2400,2400,0,3073,75
03:10:01.184,active,15318,440,8564,16784,-4,95,56.8,48.0,No,2400,2400,0,3075,75
03:10:02.184,active,15311,490,7504,16784,-6,95,56.8,49.2,No,2400,2400,0,3078,75
03:10:03.184,active,15322,490,7522,16783,-9,95,57.9,48.7,No,2400,2400,0,3075,75
03:10:04.185,active,15318,432,6616,16785,-5,95,58.4,48.2,No,2400,2400,0,3066,75
03:10:05.185,active,15320,506,7774,16786,-4,95,57.3,50.7,No,2400,2400,0,3058,75
03:10:06.185,active,15320,452,7476,16783,-6,95,56.8,50.3,No,2400,2400,0,3055,75
03:10:07.184,active,15299,844,12944,16784,-7,95,57.3,47.5,No,2400,2400,0,3054,75
03:10:08.184,active,15292,798,12250,16784,-6,95,58.4,48.6,No,2400,2400,0,3064,75
03:10:09.184,active,15286,788,12096,16786,-4,95,59.0,49.9,No,2400,2400,0,3056,75
03:10:10.185,active,15277,782,11980,16785,-8,95,57.9,47.6,No,2400,2400,0,3051,75
03:10:11.185,active,15292,686,10706,16784,-9,95,58.4,47.9,No,2400,2400,0,3050,75
03:10:12.184,active,15292,796,12192,16783,-5,95,57.3,47.0,No,2400,2400,0,3043,75
03:10:13.184,active,15277,810,12114,16784,0,95,57.9,48.7,No,2400,2400,0,3040,75
03:10:14.184,active,15275,838,12828,16786,0,95,57.9,47.1,No,2400,2400,0,3053,75
03:10:15.185,active,15277,812,12462,16785,-3,95,59.5,49.7,No,2400,2400,0,3044,75
03:10:16.189,active,15363,424,5806,16786,0,95,57.9,47.8,No,2400,2400,0,3045,75
03:10:17.185,active,15367,484,7466,16784,0,95,59.0,51.0,No,2400,2400,0,3042,75
03:10:18.184,active,15299,306,7850,16787,-3,95,59.0,54.2,No,2400,2400,0,3042,75
03:10:19.184,active,15333,676,10398,16785,0,95,59.0,51.5,No,2400,2400,0,3045,75
03:10:20.184,active,15296,410,6308,16785,0,95,59.5,53.0,No,2400,2400,0,3047,75
03:10:21.185,active,15294,728,11170,16784,-5,95,60.0,51.9,No,2400,2400,0,3036,75
03:10:22.186,active,15305,806,12366,16785,0,95,59.0,52.8,No,2400,2400,0,4906,125
03:10:23.184,active,15299,756,8352,16784,0,95,58.4,51.4,No,2400,2400,0,5115,125
03:10:24.184,active,15296,778,11922,16786,0,95,59.0,45.6,No,2400,2400,0,5136,125
03:10:25.184,active,15314,526,8082,16784,3,95,59.0,45.4,No,2400,2400,0,5149,125
03:10:26.185,active,15311,470,8750,16786,0,95,59.0,43.5,No,2400,2400,0,5165,125
03:10:27.185,active,15329,492,7542,16784,0,95,59.0,46.2,No,2400,2400,0,5152,125
03:10:28.185,active,15324,444,7484,16784,-4,95,58.4,49.2,No,2400,2400,0,5173,125
03:10:29.184,active,15311,502,7696,16784,0,95,58.4,47.4,No,2400,2400,0,5182,125
03:10:30.184,active,15320,444,6982,16785,0,95,58.4,44.0,No,2400,2400,0,5184,125
03:10:31.184,active,15314,508,7792,16786,0,95,59.0,44.4,No,2400,2400,0,5188,125
03:10:32.185,active,15354,560,8584,16787,0,95,59.5,46.4,No,2400,2400,0,5198,125
03:10:33.185,active,15344,522,7256,16786,-3,95,58.4,46.4,No,2400,2400,0,5208,125
03:10:34.184,active,15367,560,8604,16783,0,95,59.0,45.5,No,2400,2400,0,5222,125
03:10:35.184,active,15275,856,13098,16784,0,95,59.0,47.1,No,2400,2400,0,5231,125
03:10:36.184,active,15316,590,9066,16784,0,95,59.0,47.0,No,2400,2400,0,5247,125
03:10:37.185,active,15288,720,11054,16784,0,95,59.0,45.8,No,2400,2400,0,5253,125
03:10:38.185,active,15283,760,11728,16785,0,95,59.0,45.7,No,2400,2400,0,5276,125
03:10:39.187,active,15318,510,7832,16786,0,95,57.9,46.9,No,2400,2400,0,5283,125
03:10:40.184,active,15279,748,9606,16787,-3,95,57.9,46.2,No,2400,2400,0,5280,125
03:10:41.184,active,15273,678,10378,16786,-3,95,59.5,49.7,No,2400,2400,0,5283,125
03:10:42.184,active,15292,866,13252,16786,-4,95,59.0,51.5,No,2400,2400,0,5310,125
03:10:43.185,active,15277,684,10494,16784,-5,95,59.0,45.9,No,2400,2400,0,5327,125
03:10:44.185,active,15322,674,10358,16783,-7,95,59.0,48.6,No,2400,2400,0,5328,125
03:10:45.186,active,15299,288,7620,16783,-5,95,60.0,49.0,No,2400,2400,0,5335,125
03:10:46.184,active,15326,690,10610,16785,-6,95,58.4,48.7,No,2400,2400,0,5338,125
03:10:47.184,active,15292,692,10628,16783,-4,95,59.5,49.0,No,2400,2400,0,5335,125
03:10:48.185,active,15290,762,10134,16784,-5,95,59.5,49.2,No,2400,2400,0,5343,125
03:10:49.185,active,15286,748,11478,16783,-5,95,60.0,49.3,No,2400,2400,0,5343,125
03:10:50.185,active,15294,880,7446,16783,-5,95,59.0,49.1,No,2400,2400,0,5358,125
03:10:51.184,sleep,15305,480,7350,16785,7,95,56.8,11.3,No,2400,2400,0,5373,125
03:10:52.184,sleep,15305,530,8604,16787,9,95,56.8,-0.0,No,2400,2400,0,5388,125
03:10:53.184,sleep,15307,474,7292,16789,10,95,54.5,0.0,No,2400,2400,0,5116,75
03:10:54.184,sleep,15303,512,7850,16789,12,95,54.0,-0.0,No,2400,2400,0,3515,75
03:10:55.184,sleep,15301,468,6500,16788,8,95,54.0,0.0,No,2400,2400,0,3289,75
03:10:56.185,sleep,15301,452,6944,16788,11,95,53.5,0.0,No,1500,2400,0,3280,75
03:10:57.185,sleep,15303,432,6924,16788,18,95,51.2,0.0,No,1500,2400,0,3272,75
03:10:58.185,sleep,15305,560,8584,16789,19,95,51.2,0.0,No,1500,2400,0,3255,75
03:10:59.185,sleep,15303,468,7176,16788,15,95,51.8,0.0,No,1500,2400,0,3261,75
03:11:00.185,sleep,15301,334,5130,16790,18,95,50.7,-0.0,No,1500,2400,0,3264,75
03:11:01.185,sleep,15305,438,6732,16790,15,95,50.7,0.0,No,1500,2400,0,3253,75
03:11:02.185,sleep,15307,340,3160,16790,17,95,50.7,-0.0,No,1500,2400,0,3236,75
03:11:03.185,sleep,15301,592,9086,16789,11,95,49.6,0.0,No,1500,2400,0,3234,75
03:11:04.185,sleep,15301,330,5054,16788,11,95,50.1,0.0,No,1500,2400,0,3236,75
03:11:05.185,sleep,15299,362,5536,16788,11,95,49.6,0.0,No,1500,2400,0,3228,75
03:11:06.185,active,15283,828,12674,16786,0,95,52.9,46.3,No,2400,2400,0,3184,75
03:11:07.187,active,15247,788,11032,16785,-9,95,54.5,46.5,No,2400,2400,0,3177,75
03:11:08.184,active,15307,712,10898,16786,-6,95,54.5,47.1,No,2400,2400,0,3171,75
03:11:09.184,active,15288,620,12886,16786,-5,95,55.1,48.8,No,2400,2400,0,3165,75
03:11:10.184,active,15243,780,11922,16784,-5,95,56.2,49.0,No,2400,2400,0,3172,75
03:11:11.188,active,15301,472,11054,16785,0,95,56.8,48.3,No,2400,2400,0,3157,75
03:11:12.185,active,15326,556,8526,16786,0,95,56.2,47.4,No,2400,2400,0,3155,75
03:11:13.185,active,15299,452,6964,16785,-3,95,56.2,47.4,No,2400,2400,0,3142,75
03:11:14.184,active,15283,854,6636,16785,-4,95,55.6,48.8,No,2400,2400,0,3151,75
03:11:15.184,active,15283,674,10358,16786,0,95,56.8,49.0,No,2400,2400,0,3126,75
03:11:16.184,active,15290,774,10764,16784,-3,95,56.8,50.5,No,2400,2400,0,3125,75
03:11:17.188,active,15290,900,13792,16787,0,95,56.8,48.0,No,2400,2400,0,3124,75
03:11:18.185,active,15286,794,11632,16787,0,95,56.8,48.1,No,2400,2400,0,3118,75
03:11:19.184,active,15290,798,12230,16786,0,95,56.8,51.0,No,2400,2400,0,3107,75
03:11:20.184,active,15279,796,12018,16785,0,95,56.2,45.9,No,2400,2400,0,3120,75
03:11:21.184,active,15277,742,11362,16784,0,95,57.9,47.7,No,2400,2400,0,3109,75
03:11:22.185,active,15333,496,7620,16785,0,95,57.9,46.6,No,2400,2400,0,3100,75
03:11:23.189,active,15331,520,7214,16785,0,95,57.3,48.4,No,2400,2400,0,3107,75
03:11:24.187,active,15322,478,7350,16784,-4,95,56.8,45.7,No,2400,2400,0,3099,75
03:11:25.184,active,15372,516,7966,16786,-3,95,59.0,50.1,No,2400,2400,0,3088,75
03:11:26.184,active,15329,432,6636,16787,0,95,56.8,47.7,No,2400,2400,0,3092,75
03:11:27.184,active,15361,538,8256,16787,8,95,58.4,47.1,No,2400,2400,0,3083,75
03:11:28.187,active,15374,468,7194,16786,0,95,57.3,48.0,No,2400,2400,0,3089,75
03:11:29.185,active,15301,636,9780,16785,0,95,57.9,51.4,No,2400,2400,0,3095,75
03:11:30.184,active,15326,678,8350,16785,0,95,57.9,49.1,No,2400,2400,0,3086,75
03:11:31.184,active,15548,470,7234,16785,0,95,58.4,53.4,No,2400,2400,0,3083,75
03:11:32.184,active,15303,730,11170,16786,0,95,57.9,48.1,No,2400,2400,0,3086,75
03:11:33.185,active,15275,548,8392,16785,0,95,59.0,49.4,No,2400,2400,0,3053,75
03:11:34.189,active,15322,632,9684,16786,0,95,59.0,49.6,No,2400,2400,0,3072,75
03:11:35.185,active,15324,544,11680,16785,0,95,59.0,50.1,No,2400,2400,0,3072,75
03:11:36.184,active,15314,660,10128,16786,0,95,59.0,53.5,No,2400,2400,0,3075,75
03:11:37.184,active,15311,496,10436,16786,0,95,58.4,46.6,No,2400,2400,0,3064,75
03:11:38.184,active,15314,534,8218,16786,0,95,59.0,46.5,No,2400,2400,0,3059,75
03:11:39.185,active,15311,536,8276,16786,0,95,58.4,44.2,No,2400,2400,0,3063,75
03:11:40.185,active,15307,450,6906,16785,0,95,58.4,48.0,No,2400,2400,0,3063,75
03:11:41.187,active,15316,824,12636,16785,0,95,57.9,48.6,No,2400,2400,0,3061,75
03:11:42.184,active,15296,690,12152,16785,0,95,57.9,50.4,No,2400,2400,0,3064,75
03:11:43.184,active,15283,856,13136,16786,-3,95,58.4,46.6,No,2400,2400,0,3060,75
03:11:44.184,active,15279,808,13156,16786,0,95,59.5,47.0,No,2400,2400,0,3049,75
03:11:45.189,active,15281,756,11574,16784,0,95,59.5,44.1,No,2400,2400,0,3054,75
03:11:46.187,active,15288,712,13136,16785,0,95,59.0,48.1,No,2400,2400,0,3052,75
03:11:47.184,active,15303,468,7194,16785,0,95,59.0,46.4,No,2400,2400,0,3049,75
03:11:48.184,active,15258,666,8468,16785,0,95,58.4,46.9,No,2400,2400,0,3048,75
03:11:49.184,active,15286,624,9548,16785,0,95,59.0,46.6,No,2400,2400,0,3039,75
03:11:50.185,active,15292,612,9374,16787,0,95,58.4,46.1,No,2400,2400,0,3030,75
03:11:51.185,active,15322,650,7774,16787,0,95,59.0,46.3,No,2400,2400,0,3032,75
03:11:52.184,active,15339,434,6674,16785,0,95,57.9,43.2,No,2400,2400,0,3029,75
03:11:53.184,active,15294,364,6924,16785,0,95,58.4,47.0,No,2400,2400,0,3025,75
03:11:54.184,active,15329,710,10918,16784,0,95,59.5,47.6,No,2400,2400,0,3028,75
03:11:55.184,active,15329,448,6906,16785,0,95,60.0,50.0,No,2400,2400,0,3035,75
03:11:56.185,active,15322,526,8064,16785,0,95,59.5,43.0,No,2400,2400,0,3040,75
03:11:57.185,active,15290,700,10726,16785,0,95,59.5,44.5,No,2400,2400,0,3028,75
03:11:58.184,active,15326,678,10398,16787,0,95,58.4,48.1,No,2400,2400,0,3032,75
03:11:59.184,active,15290,668,10244,16785,4,95,59.0,47.3,No,2400,2400,0,3038,75
03:12:00.184,active,15314,760,8392,16786,4,95,59.0,44.8,No,2400,2400,0,3039,75
03:12:01.185,active,15311,426,6558,16785,0,95,58.4,47.6,No,2400,2400,0,3042,75
03:12:02.185,active,15326,514,7890,16784,0,95,59.0,48.9,No,2400,2400,0,3042,75
03:12:03.185,active,15318,492,7542,16785,0,95,57.9,48.6,No,2400,2400,0,3033,75
03:12:04.184,active,15339,406,6230,16786,0,95,59.5,48.5,No,2400,2400,0,3023,75
03:12:05.184,active,15309,438,7466,16785,0,95,59.0,47.6,No,2400,2400,0,3011,75
03:12:06.184,sleep,15301,486,7446,16788,12,95,56.8,12.5,No,2400,2400,0,3037,75
03:12:07.184,sleep,15294,540,6810,16788,17,95,55.6,0.0,No,2400,2400,0,3056,75
03:12:08.184,sleep,15299,440,6752,16788,13,95,54.5,-0.0,No,2400,2400,0,3051,75
03:12:09.184,sleep,15303,730,8006,16788,10,95,54.0,0.0,No,2400,2400,0,3043,75
03:12:10.184,sleep,15296,538,6404,16788,10,95,53.5,0.0,No,2400,2400,0,3027,75
03:12:11.184,sleep,15296,506,7774,16788,10,95,53.5,0.0,No,1500,2400,0,3050,75
03:12:12.184,sleep,15301,338,5420,16789,16,95,52.9,0.0,No,1500,2400,0,3059,75
03:12:13.184,sleep,15299,380,5826,16789,17,95,51.8,-0.0,No,1500,2400,0,3052,75
03:12:14.184,sleep,15309,270,5246,16790,21,95,50.7,0.3,No,1500,2400,0,3050,75
03:12:15.184,sleep,15309,434,6674,16790,21,95,51.2,-0.0,No,1500,2400,0,3049,75
03:12:16.184,sleep,15307,430,6596,16788,19,95,51.2,0.0,No,1500,2400,0,3044,75
03:12:17.184,sleep,15303,504,7716,16789,19,95,50.7,0.0,No,1500,2400,0,3045,75
03:12:18.184,sleep,15305,624,9568,16792,23,95,50.7,0.0,No,1500,2400,0,3045,75
03:12:19.184,sleep,15303,392,7696,16790,15,95,50.1,0.0,No,1500,2400,0,3053,75
03:12:20.184,sleep,15309,516,7928,16788,12,95,50.1,-0.0,No,1500,2400,0,3055,75
03:12:21.184,active,15301,406,6268,16785,0,95,52.9,45.5,No,2400,2400,0,3016,75
03:12:22.184,active,15296,728,11150,16785,-4,95,55.1,49.4,No,2400,2400,0,3011,75
03:12:23.185,active,15294,608,9356,16785,-3,95,55.6,48.7,No,2400,2400,0,3014,75
03:12:24.189,active,15299,812,7426,16785,-6,95,56.2,48.2,No,2400,2400,0,3021,75
03:12:25.189,active,15288,630,9684,16786,-6,95,56.8,48.0,No,2400,2400,0,3024,75
03:12:26.184,active,15296,846,9606,16784,-6,95,55.6,48.7,No,2400,2400,0,3027,75
03:12:27.184,active,15296,832,12770,16787,-3,95,55.6,48.9,No,2400,2400,0,3021,75
03:12:28.184,active,15314,542,11246,16787,0,95,57.3,48.7,No,2400,2400,0,3019,75
03:12:29.185,active,15311,514,7754,16786,0,95,57.3,48.2,No,2400,2400,0,3022,75
03:12:30.185,active,15311,446,6828,16785,0,95,56.8,47.6,No,2400,2400,0,3019,75
03:12:31.191,active,15316,464,7446,16785,0,95,57.3,48.3,No,2400,2400,0,3014,75
03:12:32.184,active,15307,492,7542,16786,0,95,57.3,51.5,No,2400,2400,0,3002,75
03:12:33.184,active,15320,508,7928,16786,0,95,57.3,47.8,No,2400,2400,0,3007,75
03:12:34.186,active,15326,502,7716,16784,0,95,58.4,46.7,No,2400,2400,0,3021,75
03:12:35.189,active,15329,474,7292,16786,0,95,58.4,45.5,No,2400,2400,0,3019,75
03:12:36.185,active,15324,482,7388,16786,0,95,57.9,44.9,No,2400,2400,0,3024,75
03:12:37.184,active,15292,698,10726,16786,0,95,59.0,50.4,No,2400,2400,0,3019,75
03:12:38.184,active,15281,630,10880,16786,0,95,57.9,49.9,No,2400,2400,0,3014,75
03:12:39.184,active,15262,806,12326,16785,0,95,58.4,46.7,No,2400,2400,0,3023,75
03:12:40.185,active,15266,638,10610,16786,-4,95,59.0,49.0,No,2400,2400,0,3023,75
03:12:41.189,active,15288,650,9954,16785,-3,95,59.5,47.7,No,2400,2400,0,3023,75
03:12:42.185,active,15314,642,9838,16784,-3,95,57.9,49.1,No,2400,2400,0,3016,75
03:12:43.184,active,15333,626,9644,16785,-4,95,58.4,51.8,No,2400,2400,0,3019,75
03:12:44.184,active,15307,656,10070,16785,-3,95,59.5,50.3,No,2400,2400,0,3003,75
03:12:45.185,active,15309,512,9876,16785,0,95,59.0,51.7,No,2400,2400,0,3005,75
03:12:46.185,active,15318,470,7234,16785,0,95,59.5,50.4,No,2400,2400,0,3012,75
03:12:47.185,active,15288,744,8758,16785,0,95,58.4,48.2,No,2400,2400,0,4292,125
03:12:48.184,active,15294,872,13388,16785,0,95,57.9,50.6,No,2400,2400,0,5035,125
03:12:49.184,active,15281,876,13446,16785,0,95,59.5,48.6,No,2400,2400,0,5095,125
03:12:50.184,active,15283,808,12866,16786,0,95,59.5,45.8,No,2400,2400,0,5116,125
03:12:51.185,active,15288,854,13098,16785,0,95,59.5,45.9,No,2400,2400,0,5119,125
03:12:52.187,active,15277,854,13272,16786,0,95,59.0,45.1,No,2400,2400,0,5122,125
03:12:53.185,active,15279,818,12520,16786,0,95,59.0,48.5,No,2400,2400,0,5136,125
03:12:54.184,active,15294,618,11844,16785,-3,95,59.5,49.2,No,2400,2400,0,5147,125
03:12:55.184,active,15283,708,10860,16786,0,95,59.5,48.5,No,2400,2400,0,5155,125
03:12:56.184,active,15279,888,12944,16785,0,95,59.0,46.4,No,2400,2400,0,5176,125
03:12:57.188,active,15344,492,7562,16784,0,95,59.5,47.5,No,2400,2400,0,5185,125
03:12:58.185,active,15326,472,7252,16784,0,95,59.0,46.4,No,2400,2400,0,5197,125
03:12:59.187,active,15352,510,6964,16786,3,95,58.4,48.0,No,2400,2400,0,5210,125
03:13:00.184,active,15324,532,8178,16787,0,95,58.4,46.1,No,2400,2400,0,5226,125
03:13:01.184,active,15348,504,7272,16788,0,95,58.4,43.8,No,2400,2400,0,5234,125
03:13:02.184,active,15333,558,8584,16787,0,95,59.0,43.7,No,2400,2400,0,5248,125
03:13:03.185,active,15361,492,7562,16786,0,95,59.0,44.9,No,2400,2400,0,5256,125
03:13:04.185,active,15333,528,8102,16785,0,95,58.4,45.1,No,2400,2400,0,5270,125
03:13:05.184,active,15290,574,8834,16785,0,95,58.4,46.0,No,2400,2400,0,5271,125
03:13:06.184,active,15290,544,10320,16785,0,95,58.4,47.4,No,2400,2400,0,5282,125
03:13:07.185,active,15271,696,10668,16786,0,95,60.6,48.2,No,2400,2400,0,5291,125
03:13:08.185,active,15329,768,11768,16785,0,95,59.5,53.4,No,2400,2400,0,5284,125
03:13:09.188,active,15281,598,9162,16787,0,95,59.0,45.2,No,2400,2400,0,5303,125
03:13:10.188,active,15318,818,12500,16785,0,95,57.9,43.8,No,2400,2400,0,5309,125
03:13:11.184,active,15309,536,11574,16785,0,95,58.4,47.5,No,2400,2400,0,5316,125
03:13:12.184,active,15311,488,7484,16786,4,95,57.9,45.0,No,2400,2400,0,5323,125
03:13:13.184,active,15318,508,7638,16786,5,95,59.0,44.8,No,2400,2400,0,5332,125
03:13:14.185,active,15309,460,7080,16786,0,95,58.4,44.3,No,2400,2400,0,5339,125
03:13:15.185,active,15314,464,7504,16787,0,95,57.9,44.3,No,2400,2400,0,5335,125
03:13:16.184,active,15277,888,13068,16786,0,95,58.4,50.1,No,2400,2400,0,5356,125
03:13:17.184,active,15311,778,11940,16787,5,95,59.0,49.6,No,2400,2400,0,5342,125
03:13:18.184,active,15283,790,12268,16786,0,95,59.0,50.0,No,2400,2400,0,5356,125
03:13:19.187,active,15288,738,11304,16785,0,95,58.4,48.9,No,2400,2400,0,5360,125
03:13:20.185,active,15277,852,12538,16786,4,95,59.0,46.1,No,2400,2400,0,5368,125
03:13:21.184,sleep,15303,516,7908,16787,13,95,55.6,14.5,No,2400,2400,0,5405,125
03:13:22.184,sleep,15292,492,7408,16787,9,95,55.1,0.0,No,2400,2400,0,5416,125
03:13:23.184,sleep,15301,516,7908,16788,5,95,54.0,0.0,No,2400,2400,0,5421,125
03:13:24.184,sleep,15309,502,7696,16786,5,95,54.0,-0.0,No,2400,2400,0,4008,75
03:13:25.184,sleep,15299,518,7040,16787,8,95,52.9,0.0,No,2400,2400,0,3370,75
03:13:26.185,sleep,15279,512,7850,16787,8,95,52.4,0.7,No,1500,2400,0,3300,75
03:13:27.185,sleep,15307,260,6964,16789,16,95,51.8,0.0,No,1500,2400,0,3292,75
03:13:28.184,sleep,15303,332,5112,16790,17,95,51.2,0.2,No,1500,2400,0,3289,75
03:13:29.184,sleep,15303,362,5556,16789,13,95,50.7,0.0,No,1500,2400,0,3280,75
03:13:30.184,sleep,15303,506,7774,16788,14,95,50.7,0.0,No,1500,2400,0,3249,75
03:13:31.184,sleep,15303,296,4532,16790,14,95,51.2,0.0,No,1500,2400,0,3271,75
03:13:32.184,sleep,15305,298,5806,16789,15,95,50.1,0.0,No,1500,2400,0,3276,75
03:13:33.184,sleep,15303,472,7234,16788,16,95,50.1,-0.0,No,1500,2400,0,3267,75
03:13:34.185,sleep,15303,366,4224,16788,15,95,50.1,-0.0,No,1500,2400,0,3252,75
03:13:35.185,sleep,15305,236,8234,16790,12,95,50.1,0.0,No,1500,2400,0,3248,75
03:13:36.185,active,15311,642,9818,16787,0,95,53.5,46.0,No,2400,2400,0,3217,75
03:13:37.188,active,15305,422,8604,16787,-4,95,54.0,47.6,No,2400,2400,0,3205,75
03:13:38.185,active,15301,462,7080,16787,-3,95,53.5,47.7,No,2400,2400,0,3192,75
03:13:39.184,active,15303,370,9028,16786,0,95,54.0,48.4,No,2400,2400,0,3189,75
03:13:40.184,active,15305,516,7908,16786,-3,95,54.5,48.8,No,2400,2400,0,3180,75
03:13:41.184,active,15309,474,7638,16785,-3,95,55.6,48.8,No,2400,2400,0,3177,75
03:13:42.185,active,15314,448,6886,16785,-3,95,56.2,48.3,No,2400,2400,0,3161,75
03:13:43.185,active,15318,440,6770,16786,-3,95,56.2,47.4,No,2400,2400,0,3150,75
03:13:44.184,active,15283,780,11980,16786,-6,95,55.6,49.4,No,2400,2400,0,3146,75
03:13:45.184,active,15292,838,12848,16786,-3,95,56.2,51.6,No,2400,2400,0,3152,75
03:13:46.184,active,15275,802,12288,16786,-4,95,56.8,47.0,No,2400,2400,0,3156,75
03:13:47.185,active,15277,666,10204,16786,0,95,56.8,45.5,No,2400,2400,0,3122,75
03:13:48.185,active,15266,812,12462,16785,0,95,56.8,46.1,No,2400,2400,0,3140,75
03:13:49.185,active,15271,746,11676,16785,0,95,56.2,47.8,No,2400,2400,0,3140,75
03:13:50.184,active,15245,842,12906,16786,0,95,56.8,47.9,No,2400,2400,0,3139,75
03:13:51.184,active,15264,750,13176,16786,0,95,56.8,48.9,No,2400,2400,0,3131,75
03:13:52.184,active,15266,724,11092,16787,0,95,57.3,48.0,No,2400,2400,0,3117,75
03:13:53.185,active,15359,484,7426,16786,0,95,57.3,44.9,No,2400,2400,0,3111,75
03:13:54.188,active,15374,510,7870,16785,0,95,56.8,48.5,No,2400,2400,0,3113,75
03:13:55.184,active,15301,476,7330,16786,0,95,56.8,49.4,No,2400,2400,0,3109,75
03:13:56.184,active,15322,626,6924,16786,0,95,56.8,46.5,No,2400,2400,0,3105,75
03:13:57.185,active,15337,520,8006,16787,0,95,58.4,49.4,No,2400,2400,0,3104,75
03:13:58.185,active,15296,386,7792,16787,0,95,57.9,52.1,No,2400,2400,0,3097,75
03:13:59.189,active,15329,654,10030,16787,0,95,58.4,49.2,No,2400,2400,0,3104,75
03:14:00.189,active,15288,730,11208,16787,0,95,57.9,49.4,No,2400,2400,0,3092,75
03:14:01.184,active,15292,690,10590,16788,3,95,57.3,47.9,No,2400,2400,0,3090,75
03:14:02.184,active,15288,670,10300,16785,0,95,57.9,50.5,No,2400,2400,0,3088,75
03:14:03.185,active,15309,622,9548,16786,0,95,57.3,45.4,No,2400,2400,0,3078,75
03:14:04.185,active,15316,492,7542,16785,0,95,59.0,47.0,No,2400,2400,0,3075,75
03:14:05.185,active,15318,502,7696,16785,0,95,57.3,47.3,No,2400,2400,0,3065,75
03:14:06.188,active,15318,436,7504,16785,0,95,57.3,49.1,No,2400,2400,0,3079,75
03:14:07.184,active,15320,506,7774,16787,0,95,57.3,49.4,No,2400,2400,0,3081,75
03:14:08.184,active,15322,484,6212,16786,0,95,57.9,45.1,No,2400,2400,0,3063,75
03:14:09.185,active,15324,476,7330,16785,0,95,58.4,46.4,No,2400,2400,0,3077,75
03:14:10.185,active,15314,432,6616,16785,0,95,57.9,46.9,No,2400,2400,0,3071,75
03:14:11.185,active,15314,512,7870,16785,0,95,57.9,42.6,No,2400,2400,0,3062,75
03:14:12.184,active,15260,802,12288,16786,4,95,57.9,45.1,No,2400,2400,0,3061,75
03:14:13.184,active,15277,790,12964,16784,0,95,57.3,44.9,No,2400,2400,0,3058,75
03:14:14.185,active,15320,516,7908,16786,0,95,59.0,46.1,No,2400,2400,0,3061,75
03:14:15.185,active,15279,820,12558,16786,0,95,59.0,46.0,No,2400,2400,0,3065,75
03:14:16.185,active,15283,614,9414,16786,0,95,59.0,46.4,No,2400,2400,0,4121,125
03:14:17.184,active,15262,554,8506,16787,0,95,57.3,46.8,No,2400,2400,0,5077,125
03:14:18.184,active,15281,712,11922,16785,4,95,59.5,46.8,No,2400,2400,0,5137,125
03:14:19.184,active,15288,784,11998,16786,0,95,59.5,45.7,No,2400,2400,0,5146,125
03:14:20.189,active,15273,684,11940,16786,0,95,59.0,49.1,No,2400,2400,0,5153,125
03:14:21.185,active,15320,530,8160,16785,0,95,58.4,49.1,No,2400,2400,0,5170,125
03:14:22.185,active,15326,566,8718,16786,0,95,57.3,45.1,No,2400,2400,0,5176,125
03:14:23.184,active,15359,484,7022,16786,4,95,57.9,43.7,No,2400,2400,0,5186,125
03:14:24.184,active,15324,498,7678,16785,0,95,57.9,44.3,No,2400,2400,0,5197,125
03:14:25.184,active,15305,684,7176,16784,0,95,59.0,45.8,No,2400,2400,0,5207,125
03:14:26.185,active,15290,750,11498,16785,0,95,58.4,48.2,No,2400,2400,0,5216,125
03:14:27.185,active,15290,596,10494,16786,0,95,57.9,48.8,No,2400,2400,0,5225,125
03:14:28.185,active,15290,888,13620,16786,0,95,57.9,48.6,No,2400,2400,0,5228,125
03:14:29.184,active,15290,720,11072,16787,0,95,57.9,49.1,No,2400,2400,0,5252,125
03:14:30.184,active,15286,776,11882,16787,0,95,59.0,49.8,No,2400,2400,0,5255,125
03:14:31.184,active,15303,492,7562,16787,0,95,59.0,47.6,No,2400,2400,0,5263,125
03:14:32.185,active,15318,600,9202,16788,0,95,59.5,45.3,No,2400,2400,0,5254,125
03:14:33.188,active,15311,438,6712,16786,0,95,58.4,46.0,No,2400,2400,0,5277,125
03:14:34.185,active,15326,544,8372,16785,0,95,57.9,48.4,No,2400,2400,0,5287,125
03:14:35.184,active,15322,514,7408,16785,0,95,57.9,49.5,No,2400,2400,0,5281,125
03:14:36.184,sleep,15307,528,8082,16788,4,95,55.6,16.7,No,2400,2400,0,5339,125
03:14:37.184,sleep,15305,496,6810,16788,8,95,55.1,0.3,No,2400,2400,0,5359,125
03:14:38.184,sleep,15296,480,7368,16788,10,95,54.5,0.0,No,2400,2400,0,5349,125
03:14:39.184,sleep,15294,746,8662,16787,7,95,53.5,-0.0,No,2400,2400,0,3667,75
03:14:40.184,sleep,15294,482,6886,16786,10,95,52.4,0.0,No,2400,2400,0,3292,75
03:14:41.185,sleep,15303,502,7696,16787,7,95,51.8,0.0,No,1500,2400,0,3248,75
03:14:42.185,sleep,15299,356,6056,16788,14,95,51.8,0.0,No,1500,2400,0,3243,75
03:14:43.185,sleep,15305,528,8102,16788,12,95,50.7,0.0,No,1500,2400,0,3227,75
03:14:44.185,sleep,15301,754,9124,16789,11,95,50.7,0.0,No,1500,2400,0,3224,75
03:14:45.185,sleep,15296,344,5266,16788,17,95,50.7,-0.0,No,1500,2400,0,3210,75
03:14:46.185,sleep,15301,364,5594,16788,14,95,50.1,0.0,No,1500,2400,0,3222,75
03:14:47.185,sleep,15303,412,6326,16788,14,95,49.6,-0.0,No,1500,2400,0,3231,75
03:14:48.185,sleep,15311,550,8448,16788,16,95,49.6,0.0,No,1500,2400,0,3213,75
03:14:49.184,sleep,15301,328,7350,16788,16,95,50.1,0.0,No,1500,2400,0,3204,75
03:14:50.184,sleep,15305,312,4784,16789,14,95,49.0,0.0,No,1500,2400,0,3218,75
03:14:51.184,active,15329,470,7234,16785,6,95,51.2,43.5,No,2400,2400,0,3185,75
03:14:52.184,active,15333,448,6886,16787,0,95,53.5,48.7,No,2400,2400,0,3169,75
03:14:53.184,active,15294,444,6828,16786,0,95,54.5,48.9,No,2400,2400,0,3151,75
03:14:54.185,active,15329,662,8044,16786,-5,95,55.1,48.7,No,2400,2400,0,3151,75
03:14:55.185,active,15292,426,6558,16786,0,95,55.1,47.6,No,2400,2400,0,3146,75
03:14:56.185,active,15292,890,8410,16787,0,95,55.1,48.0,No,2400,2400,0,3142,75
03:14:57.184,active,15331,696,10706,16784,0,95,55.1,54.3,No,2400,2400,0,3148,75
03:14:58.184,active,15290,738,8140,16786,0,95,55.6,48.4,No,2400,2400,0,3141,75
03:14:59.184,active,15303,412,8294,16787,0,95,57.3,46.8,No,2400,2400,0,3137,75
03:15:00.188,active,15314,514,7890,16785,0,95,56.8,44.8,No,2400,2400,0,3122,75
03:15:01.185,active,15309,476,8082,16786,0,95,56.2,46.2,No,2400,2400,0,3118,75
03:15:02.184,active,15352,492,7562,16786,-3,95,56.2,48.5,No,2400,2400,0,3125,75
03:15:03.184,active,15363,470,7002,16784,0,95,56.8,47.0,No,2400,2400,0,3117,75
03:15:04.184,active,15311,490,7504,16786,0,95,57.3,49.9,No,2400,2400,0,3102,75
03:15:05.184,active,15314,422,6482,16785,0,95,57.3,46.2,No,2400,2400,0,3105,75
03:15:06.185,active,15333,440,6258,16784,0,95,56.8,47.6,No,2400,2400,0,3107,75
03:15:07.190,active,15290,626,9606,16784,-4,95,57.3,53.1,No,2400,2400,0,3096,75
03:15:08.184,active,15266,764,11710,16785,-6,95,57.3,50.0,No,2400,2400,0,3092,75
03:15:09.184,active,15268,764,11710,16784,-9,95,57.3,51.5,No,2400,2400,0,3100,75
03:15:10.185,active,15266,688,10552,16786,-4,95,57.9,51.0,No,2400,2400,0,3101,75
03:15:11.185,active,15251,784,13252,16787,0,95,57.9,46.7,No,2400,2400,0,3101,75
03:15:12.185,active,15262,742,11342,16786,0,95,57.9,48.7,No,2400,2400,0,3089,75
03:15:13.184,active,15268,582,11554,16786,0,95,57.3,50.4,No,2400,2400,0,3079,75
03:15:14.184,active,15277,696,10668,16785,0,95,57.3,52.3,No,2400,2400,0,3078,75
03:15:15.184,active,15305,794,12152,16786,0,95,57.3,47.5,No,2400,2400,0,3080,75
03:15:16.185,active,15286,714,10956,16787,0,95,58.4,44.8,No,2400,2400,0,3078,75
03:15:17.187,active,15322,694,11188,16786,0,95,57.3,45.6,No,2400,2400,0,3050,75
03:15:18.185,active,15294,538,11440,16787,6,95,57.3,46.3,No,2400,2400,0,3052,75
03:15:19.184,active,15314,688,10572,16787,0,95,57.9,48.6,No,2400,2400,0,3069,75
03:15:20.184,active,15292,614,9432,16786,5,95,57.9,49.0,No,2400,2400,0,3052,75
03:15:21.185,active,15296,780,12728,16786,7,95,57.9,46.4,No,2400,2400,0,3060,75
03:15:22.185,active,15283,820,12558,16786,4,95,58.4,49.2,No,2400,2400,0,3058,75
03:15:23.185,active,15286,868,10686,16788,8,95,57.9,49.1,No,2400,2400,0,3062,75
03:15:24.187,active,15292,854,13098,16787,0,95,57.9,49.6,No,2400,2400,0,3042,75
03:15:25.184,active,15281,790,12404,16787,0,95,57.9,47.0,No,2400,2400,0,3054,75
03:15:26.184,active,15286,780,11960,16786,0,95,58.4,46.1,No,2400,2400,0,3045,75
03:15:27.185,active,15314,524,8044,16788,6,95,59.0,46.1,No,2400,2400,0,3046,75
03:15:28.189,active,15314,432,7890,16788,3,95,58.4,46.3,No,2400,2400,0,3038,75
03:15:29.187,active,15314,474,7272,16787,0,95,57.9,46.0,No,2400,2400,0,3052,75
03:15:30.184,active,15335,514,7890,16787,6,95,57.9,46.1,No,2400,2400,0,3052,75
03:15:31.184,active,15307,504,6964,16786,0,95,57.3,46.6,No,2400,2400,0,3057,75
03:15:32.184,active,15109,456,7022,16785,0,95,59.0,45.1,No,2400,2400,0,3051,75
03:15:33.185,active,15335,460,7542,16786,0,95,59.5,49.4,No,2400,2400,0,3046,75
03:15:34.185,active,15316,484,7426,16786,3,95,58.4,47.9,No,2400,2400,0,3048,75
03:15:35.188,active,15318,488,7484,16790,7,95,58.4,44.8,No,2400,2400,0,3045,75
03:15:36.184,active,15264,818,12250,16789,6,95,58.4,46.8,No,2400,2400,0,3033,75
03:15:37.184,active,15290,656,10070,16786,0,95,59.0,50.4,No,2400,2400,0,3012,75
03:15:38.185,active,15264,750,11400,16786,0,95,59.5,47.2,No,2400,2400,0,3041,75
03:15:39.187,active,15271,806,12346,16785,3,95,59.5,47.1,No,2400,2400,0,3034,75
03:15:40.185,active,15275,702,10764,16786,0,95,58.4,46.9,No,2400,2400,0,3037,75
03:15:41.184,active,15241,892,13638,16787,4,95,57.9,45.6,No,2400,2400,0,3037,75
03:15:42.184,active,15299,758,11594,16788,4,95,58.4,47.2,No,2400,2400,0,3039,75
03:15:43.184,active,15290,740,11882,16787,4,95,58.4,46.3,No,2400,2400,0,3039,75
03:15:44.185,active,15296,842,12866,16787,3,95,59.0,45.6,No,2400,2400,0,3038,75
03:15:45.188,active,15322,556,12982,16787,6,95,59.0,45.5,No,2400,2400,0,3032,75
03:15:46.188,active,15361,450,6924,16786,7,95,58.4,47.8,No,2400,2400,0,3041,75
03:15:47.184,active,15292,458,7040,16788,9,95,58.4,46.0,No,2400,2400,0,3011,75
03:15:48.184,active,15324,666,7118,16788,6,95,58.4,46.2,No,2400,2400,0,3008,75
03:15:49.184,active,15337,452,6964,16787,6,95,59.0,46.3,No,2400,2400,0,3020,75
03:15:50.185,active,15292,796,8024,16788,7,95,59.0,46.3,No,2400,2400,0,3029,75
03:15:51.185,sleep,15299,522,8006,16789,12,95,56.8,17.8,No,1500,2400,0,3051,75
03:15:52.185,sleep,15296,334,5112,16789,20,95,55.1,-0.0,No,1500,2400,0,3066,75
03:15:53.185,sleep,15294,450,6906,16790,22,95,53.5,0.0,No,1500,2400,0,3064,75
03:15:54.185,sleep,15299,348,5342,16790,23,95,52.9,-0.0,No,1500,2400,0,3048,75
03:15:55.185,sleep,15303,314,4822,16790,22,95,52.9,0.0,No,1500,2400,0,3053,75
03:15:56.185,sleep,15305,508,7792,16793,22,95,51.8,0.0,No,1500,2400,0,3057,75
03:15:57.185,sleep,15309,352,5400,16792,22,95,51.8,0.0,No,1500,2400,0,3062,75
03:15:58.185,sleep,15299,460,5228,16791,17,95,50.7,0.3,No,1500,2400,0,3060,75
03:15:59.184,sleep,15305,282,4340,16789,14,95,50.7,-0.0,No,1500,2400,0,3050,75
03:16:00.184,sleep,15307,372,4146,16790,16,95,50.7,0.0,No,1500,2400,0,3060,75
03:16:01.184,sleep,15301,330,5072,16789,15,95,51.8,-0.0,No,1500,2400,0,3061,75
03:16:02.184,sleep,15299,452,6924,16790,16,95,50.1,0.0,No,1500,2400,0,3064,75
03:16:03.184,sleep,15303,316,4842,16789,17,95,50.7,0.0,No,1500,2400,0,3067,75
03:16:04.185,sleep,15296,434,6654,16790,15,95,49.6,0.0,No,1500,2400,0,3063,75
03:16:05.185,sleep,15299,322,4958,16790,15,95,50.1,0.0,No,1500,2400,0,3057,75
03:16:06.184,active,15262,754,11536,16786,5,95,52.9,42.4,No,2400,2400,0,3029,75
03:16:07.185,active,15253,766,11728,16785,-7,95,54.0,47.7,No,2400,2400,0,3003,75
03:16:08.189,active,15251,746,11998,16787,0,95,54.5,47.9,No,2400,2400,0,3019,75
03:16:09.184,active,15264,830,12694,16787,0,95,54.5,48.0,No,2400,2400,0,3027,75
03:16:10.184,active,15260,802,12538,16787,0,95,55.6,52.3,No,2400,2400,0,3030,75
03:16:11.184,active,15241,766,11710,16788,0,95,56.2,48.1,No,2400,2400,0,3028,75
03:16:12.185,active,15294,588,9008,16786,0,95,56.2,46.6,No,2400,2400,0,3025,75
03:16:13.188,active,15365,476,6134,16785,0,95,56.8,47.3,No,2400,2400,0,3026,75
03:16:14.185,active,15357,484,7446,16787,-3,95,55.6,46.1,No,2400,2400,0,3028,75
03:16:15.184,active,15329,456,7002,16786,0,95,56.8,47.3,No,2400,2400,0,3025,75
03:16:16.184,active,15359,426,6712,16787,-4,95,56.8,51.3,No,2400,2400,0,3020,75
03:16:17.184,active,15354,406,6268,16787,-3,95,57.3,47.3,No,2400,2400,0,3018,75
03:16:18.185,active,15322,634,7272,16786,-4,95,57.9,48.4,No,2400,2400,0,3020,75
03:16:19.185,active,15296,712,10918,16785,-5,95,57.9,50.4,No,2400,2400,0,3015,75
03:16:20.184,active,15296,854,13078,16785,-3,95,57.3,49.1,No,2400,2400,0,3011,75
03:16:21.184,active,15296,858,7800,16786,-3,95,58.4,51.8,No,2400,2400,0,2999,75
03:16:22.184,active,15303,510,7832,16786,-3,95,59.0,49.6,No,2400,2400,0,3005,75
03:16:23.187,active,15309,484,7426,16786,0,95,57.9,51.8,No,2400,2400,0,3010,75
03:16:24.189,active,15305,544,10144,16787,0,95,58.4,51.4,No,2400,2400,0,3024,75
03:16:25.189,active,15337,488,7484,16787,0,95,59.0,53.1,No,2400,2400,0,3023,75
03:16:26.184,active,15314,468,8314,16785,0,95,57.3,51.7,No,2400,2400,0,3014,75
03:16:27.184,active,15307,450,6906,16785,-5,95,58.4,48.9,No,2400,2400,0,3026,75
03:16:28.184,active,15326,438,6732,16787,0,95,58.4,45.1,No,2400,2400,0,3030,75
03:16:29.185,active,15307,446,6848,16787,-5,95,58.4,46.1,No,2400,2400,0,3022,75
03:16:30.185,active,15320,474,7292,16787,0,95,58.4,47.0,No,2400,2400,0,3027,75
03:16:31.185,active,15307,800,12288,16787,0,95,58.4,48.2,No,2400,2400,0,3024,75
03:16:32.184,active,15266,802,12288,16786,0,95,58.4,49.4,No,2400,2400,0,3015,75
03:16:33.184,active,15281,634,9722,16785,0,95,59.5,49.7,No,2400,2400,0,3021,75
03:16:34.185,active,15311,736,12564,16785,-4,95,57.3,48.7,No,2400,2400,0,3021,75
03:16:35.184,active,15279,662,10166,16786,0,95,59.5,49.9,No,2400,2400,0,3022,75
03:16:36.185,active,15288,752,11940,16786,0,95,57.9,50.1,No,2400,2400,0,3018,75
03:16:37.184,active,15279,802,12308,16787,0,95,58.4,45.5,No,2400,2400,0,3020,75
03:16:38.184,active,15262,980,12018,16788,0,95,59.0,44.7,No,2400,2400,0,3022,75
03:16:39.185,active,15286,714,10938,16786,0,95,60.0,45.4,No,2400,2400,0,3018,75
03:16:40.185,active,15281,592,9086,16787,0,95,59.0,45.9,No,2400,2400,0,3012,75
03:16:41.185,active,15324,626,7426,16786,0,95,58.4,46.1,No,2400,2400,0,3016,75
03:16:42.184,active,15350,532,8178,16786,0,95,58.4,46.3,No,2400,2400,0,3009,75
03:16:43.184,active,15361,438,6732,16786,0,95,57.3,45.9,No,2400,2400,0,3004,75
03:16:44.184,active,15359,478,7368,16787,0,95,58.4,45.9,No,2400,2400,0,3019,75
03:16:45.185,active,15288,442,6810,16785,0,95,59.0,47.8,No,2400,2400,0,3023,75
03:16:46.189,active,15318,684,7522,16786,0,95,59.5,52.7,No,2400,2400,0,4830,125
03:16:47.185,active,15292,696,10686,16787,0,95,58.4,47.4,No,2400,2400,0,5082,125
03:16:48.184,active,15324,616,8352,16786,0,95,59.5,45.9,No,2400,2400,0,5108,125
03:16:49.184,active,15314,528,8102,16785,0,95,58.4,43.9,No,2400,2400,0,5114,125
03:16:50.184,active,15314,580,8874,16786,0,95,59.0,44.6,No,2400,2400,0,5130,125
03:16:51.187,active,15303,516,12096,16786,0,95,59.0,44.6,No,2400,2400,0,5146,125
03:16:52.185,active,15309,468,7194,16786,0,95,59.0,43.9,No,2400,2400,0,5137,125
03:16:53.187,active,15307,524,8604,16787,0,95,58.4,44.9,No,2400,2400,0,5159,125
03:16:54.184,active,15314,562,8622,16787,0,95,59.0,49.0,No,2400,2400,0,5167,125
03:16:55.184,active,15318,506,7754,16785,0,95,58.4,49.5,No,2400,2400,0,5181,125
03:16:56.187,active,15309,438,6712,16786,0,95,59.0,49.1,No,2400,2400,0,5189,125
03:16:57.185,active,15314,450,6924,16786,3,95,59.0,45.5,No,2400,2400,0,5210,125
03:16:58.188,active,15329,578,7774,16786,3,95,58.4,47.5,No,2400,2400,0,5235,125
03:16:59.186,active,15283,790,12114,16787,5,95,56.8,48.4,No,2400,2400,0,5242,125
03:17:00.184,active,15283,802,12288,16788,3,95,59.0,48.9,No,2400,2400,0,5248,125
03:17:01.184,active,15299,622,13132,16785,0,95,59.0,49.0,No,2400,2400,0,5252,125
03:17:02.184,active,15260,822,12596,16788,0,95,59.0,46.2,No,2400,2400,0,5265,125
03:17:03.185,active,15266,844,12616,16787,0,95,58.4,46.5,No,2400,2400,0,5277,125
03:17:04.185,active,15277,806,12346,16787,4,95,58.4,45.7,No,2400,2400,0,5278,125
03:17:05.184,active,15253,784,13658,16786,3,95,58.4,49.2,No,2400,2400,0,5277,125
03:17:06.184,sleep,15292,504,7736,16787,4,95,56.2,18.5,No,2400,2400,0,5320,125
03:17:07.184,sleep,15307,530,8120,16788,14,95,55.6,0.0,No,2400,2400,0,5358,125
03:17:08.184,sleep,15303,490,7522,16789,11,95,54.5,0.0,No,2400,2400,0,5355,125
03:17:09.184,sleep,15303,450,6924,16788,11,95,54.5,0.0,No,2400,2400,0,4441,75
03:17:10.184,sleep,15299,510,6790,16789,11,95,53.5,0.0,No,2400,2400,0,3396,75
03:17:11.184,sleep,15299,450,6906,16791,19,95,52.4,0.0,No,1500,2400,0,3258,75
03:17:12.184,sleep,15299,464,7118,16790,24,95,52.9,0.0,No,1500,2400,0,3253,75
03:17:13.184,sleep,15296,568,4088,16790,20,95,51.8,-0.0,No,1500,2400,0,3237,75
03:17:14.184,sleep,15299,516,7908,16792,24,95,50.7,0.0,No,1500,2400,0,3219,75
03:17:15.184,sleep,15301,328,5228,16791,21,95,51.2,-0.0,No,1500,2400,0,3227,75
03:17:16.184,sleep,15296,278,4262,16791,17,95,50.1,0.3,No,1500,2400,0,3224,75
03:17:17.184,sleep,15296,226,3472,16792,16,95,50.7,0.0,No,1500,2400,0,3228,75
03:17:18.184,sleep,15296,452,5768,16791,15,95,49.6,0.0,No,1500,2400,0,3219,75
03:17:19.184,sleep,15303,566,8700,16789,11,95,49.0,0.0,No,1500,2400,0,3215,75
03:17:20.184,sleep,15303,322,9490,16788,9,95,50.1,-0.0,No,1500,2400,0,3205,75
03:17:21.189,active,15303,436,6674,16786,0,95,52.4,40.4,No,2400,2400,0,3176,75
03:17:22.184,active,15311,494,7562,16787,-6,95,52.9,50.0,No,2400,2400,0,3158,75
03:17:23.184,active,15301,492,7562,16786,0,95,55.1,51.2,No,2400,2400,0,3149,75
03:17:24.184,active,15320,566,8680,16788,-5,95,55.6,47.9,No,2400,2400,0,3145,75
03:17:25.188,active,15309,516,7716,16788,-5,95,55.6,46.2,No,2400,2400,0,3137,75
03:17:26.185,active,15307,470,7194,16785,-5,95,56.2,47.3,No,2400,2400,0,3122,75
03:17:27.184,active,15268,794,12152,16787,-4,95,56.2,45.4,No,2400,2400,0,3122,75
03:17:28.184,active,15286,702,11728,16785,-8,95,56.2,49.4,No,2400,2400,0,3133,75
03:17:29.184,active,15256,780,11960,16785,-5,95,56.8,50.6,No,2400,2400,0,3120,75
03:17:30.188,active,15258,692,12366,16786,-3,95,57.3,48.4,No,2400,2400,0,3121,75
03:17:31.189,active,15275,732,11208,16786,-3,95,57.3,47.0,No,2400,2400,0,3114,75
03:17:32.185,active,15268,690,10572,16785,-4,95,57.3,49.9,No,2400,2400,0,3113,75
03:17:33.184,active,15262,780,11940,16786,-4,95,57.3,51.1,No,2400,2400,0,3113,75
03:17:34.184,active,15281,778,11902,16785,-6,95,57.3,50.6,No,2400,2400,0,3115,75
03:17:35.184,active,15279,674,11856,16785,-6,95,58.4,46.7,No,2400,2400,0,3101,75
03:17:36.185,active,15307,782,11960,16787,-5,95,59.0,48.0,No,2400,2400,0,3102,75
03:17:37.185,active,15320,506,7792,16784,-3,95,56.8,46.9,No,2400,2400,0,3101,75
03:17:38.184,active,15322,648,9954,16785,-3,95,57.9,53.9,No,2400,2400,0,3095,75
03:17:39.184,active,15292,900,13774,16784,-9,95,57.3,49.1,No,2400,2400,0,3088,75
03:17:40.185,active,15320,586,7098,16784,-7,95,59.0,51.3,No,2400,2400,0,3089,75
03:17:41.185,active,15290,738,11324,16786,0,95,58.4,46.8,No,2400,2400,0,3092,75
03:17:42.185,active,15283,808,9896,16786,-3,95,58.4,47.0,No,2400,2400,0,3076,75
03:17:43.185,active,15290,810,12424,16787,0,95,57.3,48.5,No,2400,2400,0,3081,75
03:17:44.184,active,15286,692,10628,16786,-4,95,57.9,48.6,No,2400,2400,0,3065,75
03:17:45.184,active,15281,840,12866,16785,0,95,57.9,49.4,No,2400,2400,0,3069,75
03:17:46.184,active,15307,490,7504,16785,-5,95,58.4,49.1,No,2400,2400,0,3066,75
03:17:47.185,active,15309,424,6482,16784,-5,95,58.4,47.7,No,2400,2400,0,3065,75
03:17:48.185,active,15309,534,8218,16785,-5,95,59.0,48.5,No,2400,2400,0,3064,75
03:17:49.191,active,15309,482,7408,16785,-3,95,57.9,44.8,No,2400,2400,0,3062,75
03:17:50.184,active,15311,468,7194,16784,0,95,57.9,43.6,No,2400,2400,0,3062,75
03:17:51.184,active,15322,468,7176,16784,-6,95,58.4,43.6,No,2400,2400,0,3063,75
03:17:52.185,active,15335,508,6924,16785,-10,95,58.4,45.6,No,2400,2400,0,3060,75
03:17:53.187,active,15329,526,8082,16783,-7,95,58.4,46.0,No,2400,2400,0,3050,75
03:17:54.188,active,15326,460,6790,16784,-9,95,57.9,46.6,No,2400,2400,0,3056,75
03:17:55.184,active,15258,790,11840,16783,-8,95,57.9,46.5,No,2400,2400,0,3053,75
03:17:56.184,active,15256,530,8160,16783,-7,95,59.0,47.5,No,2400,2400,0,3053,75
03:17:57.184,active,15277,668,11882,16784,-6,95,57.9,46.9,No,2400,2400,0,3050,75
03:17:58.185,active,15283,698,10686,16783,-5,95,57.9,50.0,No,2400,2400,0,3047,75
03:17:59.185,active,15256,724,12230,16787,0,95,58.4,47.8,No,2400,2400,0,3041,75
03:18:00.188,active,15243,756,11554,16784,-4,95,57.9,43.3,No,2400,2400,0,3050,75
03:18:01.184,active,15301,660,10108,16786,0,95,57.9,48.4,No,2400,2400,0,3040,75
03:18:02.184,active,15290,670,10282,16784,-5,95,58.4,47.5,No,2400,2400,0,3036,75
03:18:03.189,active,15303,726,11112,16785,-4,95,59.0,46.3,No,2400,2400,0,3038,75
03:18:04.185,active,15314,556,11536,16785,0,95,59.0,45.8,No,2400,2400,0,3042,75
03:18:05.188,active,15294,806,12346,16786,0,95,58.4,48.6,No,2400,2400,0,3043,75
03:18:06.184,active,15292,494,7600,16785,-5,95,57.9,45.3,No,2400,2400,0,3038,75
03:18:07.184,active,15324,660,7568,16785,0,95,59.0,48.5,No,2400,2400,0,3034,75
03:18:08.184,active,15286,864,13252,16785,0,95,58.4,47.2,No,2400,2400,0,3035,75
03:18:09.188,active,15290,760,10648,16784,-4,95,59.5,48.6,No,2400,2400,0,3018,75
03:18:10.185,active,15331,578,8892,16785,-6,95,58.4,47.5,No,2400,2400,0,3011,75
03:18:11.188,active,15299,828,10532,16784,-5,95,57.9,45.3,No,2400,2400,0,3026,75
03:18:12.184,active,15294,830,12732,16785,-5,95,59.0,47.8,No,2400,2400,0,3026,75
03:18:13.184,active,15290,688,10552,16784,-5,95,59.0,46.3,No,2400,2400,0,3023,75
03:18:14.184,active,15311,460,7792,16785,0,95,59.0,46.3,No,2400,2400,0,3024,75
03:18:15.185,active,15309,480,7368,16785,0,95,59.5,46.2,No,2400,2400,0,3025,75
03:18:16.186,active,15326,502,6192,16785,0,95,57.9,47.6,No,2400,2400,0,3021,75
03:18:17.185,active,15333,436,6694,16786,0,95,58.4,48.2,No,2400,2400,0,3016,75
03:18:18.184,active,15354,748,8044,16785,-5,95,59.0,47.5,No,2400,2400,0,3020,75
03:18:19.184,active,15322,494,7580,16787,-3,95,59.5,47.6,No,2400,2400,0,3009,75
03:18:20.184,active,15335,492,7542,16786,-5,95,59.0,46.0,No,2400,2400,0,3021,75
03:18:21.185,sleep,15307,462,7080,16786,0,95,56.2,18.8,No,1500,2400,0,3030,75
03:18:22.185,sleep,15303,518,7948,16787,10,95,55.6,0.0,No,1500,2400,0,3053,75
03:18:23.184,sleep,15305,438,4958,16787,13,95,52.9,0.0,No,1500,2400,0,3057,75
03:18:24.184,sleep,15305,536,8218,16788,12,95,52.9,0.0,No,1500,2400,0,3050,75
03:18:25.184,sleep,15314,682,9162,16788,11,95,51.8,0.0,No,1500,2400,0,3049,75
03:18:26.185,sleep,15309,244,3742,16788,9,95,52.4,-0.0,No,1500,2400,0,3045,75
03:18:27.184,sleep,15301,586,8990,16789,12,95,51.2,0.0,No,1500,2400,0,3050,75
03:18:28.184,sleep,15307,292,4474,16787,8,95,51.2,-0.0,No,1500,2400,0,3052,75
03:18:29.184,sleep,15303,262,4012,16787,6,95,51.2,0.3,No,1500,2400,0,3050,75
03:18:30.184,sleep,15311,416,6404,16788,10,95,50.7,0.0,No,1500,2400,0,3052,75
03:18:31.184,sleep,15303,332,5112,16787,9,95,50.7,0.0,No,1500,2400,0,3044,75
03:18:32.184,sleep,15307,592,3934,16787,5,95,50.7,0.0,No,1500,2400,0,3033,75
03:18:33.184,sleep,15303,316,4860,16788,7,95,50.1,-0.0,No,1500,2400,0,3048,75
03:18:34.185,sleep,15301,590,9066,16790,8,95,50.1,0.0,No,1500,2400,0,3037,75
03:18:35.184,sleep,15303,520,7986,16790,8,95,49.6,0.3,No,1500,2400,0,3034,75
03:18:36.184,active,15281,840,12886,16789,0,95,53.5,39.4,No,2400,2400,0,3023,75
03:18:37.185,active,15283,784,11710,16786,-4,95,54.5,45.2,No,2400,2400,0,3008,75
03:18:38.188,active,15288,856,13136,16785,-11,95,55.1,46.3,No,2400,2400,0,3005,75
03:18:39.185,active,15279,764,11882,16785,-11,95,54.5,46.2,No,2400,2400,0,2991,75
03:18:40.184,active,15288,798,12230,16783,-10,95,55.1,48.5,No,2400,2400,0,3003,75
03:18:41.184,active,15271,532,11536,16783,-8,95,55.6,46.6,No,2400,2400,0,3008,75
03:18:42.184,active,15277,782,11980,16784,-5,95,57.3,47.7,No,2400,2400,0,3003,75
03:18:43.185,active,15335,498,7658,16783,-4,95,56.8,45.7,No,2400,2400,0,3007,75
03:18:44.186,active,15372,440,6924,16786,-5,95,56.8,47.0,No,2400,2400,0,3010,75
03:18:45.184,active,15294,872,13368,16785,-9,95,57.3,51.8,No,2400,2400,0,3003,75
03:18:46.184,active,15324,516,7928,16783,-11,95,56.2,50.8,No,2400,2400,0,3001,75
03:18:47.189,active,15369,476,7330,16784,-8,95,59.0,51.5,No,2400,2400,0,3001,75
03:18:48.185,active,15309,480,7408,16784,-7,95,58.4,53.3,No,2400,2400,0,3000,75
03:18:49.189,active,15329,630,7620,16785,-3,95,57.9,49.4,No,2400,2400,0,3001,75
03:18:50.185,active,15311,686,10552,16785,-4,95,57.9,49.6,No,2400,2400,0,2992,75
03:18:51.184,active,15292,720,12366,16785,-11,95,57.9,51.9,No,2400,2400,0,2994,75
03:18:52.184,active,15314,656,10070,16784,-8,95,57.9,48.9,No,2400,2400,0,2998,75
03:18:53.184,active,15316,458,7022,16785,-8,95,58.4,46.1,No,2400,2400,0,3003,75
03:18:54.185,active,15314,428,10648,16783,-11,95,58.4,47.2,No,2400,2400,0,2996,75
03:18:55.185,active,15311,434,6674,16783,-9,95,57.9,45.1,No,2400,2400,0,3004,75
03:18:56.185,active,15318,534,9220,16784,-7,95,57.3,49.4,No,2400,2400,0,3008,75
03:18:57.184,active,15322,502,7696,16785,-6,95,58.4,50.3,No,2400,2400,0,3000,75
03:18:58.184,active,15329,448,6886,16786,-4,95,58.4,44.8,No,2400,2400,0,3005,75
03:18:59.185,active,15316,554,6478,16784,0,95,59.0,43.6,No,2400,2400,0,3008,75
03:19:00.187,active,15357,460,7060,16786,0,95,57.9,45.8,No,2400,2400,0,3008,75
03:19:01.187,active,15346,458,7812,16785,-5,95,58.4,48.7,No,2400,2400,0,3004,75
03:19:02.184,active,15299,734,11266,16784,-6,95,58.4,48.7,No,2400,2400,0,3003,75
03:19:03.184,active,15286,774,11844,16784,-6,95,59.0,48.1,No,2400,2400,0,3005,75
03:19:04.184,active,15277,810,12366,16785,0,95,59.0,45.2,No,2400,2400,0,2997,75
03:19:05.185,active,15273,704,10822,16786,0,95,59.0,44.4,No,2400,2400,0,3000,75
03:19:06.185,active,15283,778,13234,16786,-5,95,57.9,45.9,No,2400,2400,0,2991,75
03:19:07.184,active,15290,526,8044,16787,0,95,58.4,46.6,No,2400,2400,0,2992,75
03:19:08.184,active,15245,814,12404,16784,-5,95,57.9,45.6,No,2400,2400,0,2996,75
03:19:09.184,active,15286,688,10552,16785,-5,95,59.5,46.1,No,2400,2400,0,3004,75
03:19:10.185,active,15286,674,10340,16785,-3,95,59.0,46.4,No,2400,2400,0,3003,75
03:19:11.185,active,15359,486,12964,16784,0,95,59.5,44.4,No,2400,2400,0,3003,75
03:19:12.185,active,15348,464,7156,16788,0,95,57.9,46.7,No,2400,2400,0,2999,75
03:19:13.184,active,15322,308,7176,16787,0,95,58.4,43.6,No,2400,2400,0,2985,75
03:19:14.184,active,15288,772,11844,16786,-4,95,58.4,46.7,No,2400,2400,0,2995,75
03:19:15.184,active,15329,508,7812,16787,-5,95,59.0,48.5,No,2400,2400,0,3000,75
03:19:16.185,active,15292,864,13252,16786,-3,95,59.0,43.8,No,2400,2400,0,2999,75
03:19:17.185,active,15294,456,7040,16786,0,95,59.0,48.2,No,2400,2400,0,2996,75
03:19:18.187,active,15311,720,7408,16785,0,95,57.9,44.6,No,2400,2400,0,2984,75
03:19:19.184,active,15294,650,10012,16786,0,95,58.4,45.1,No,2400,2400,0,2982,75
03:19:20.184,active,15288,794,11072,16785,0,95,59.0,49.2,No,2400,2400,0,2980,75
03:19:21.184,active,15309,510,7832,16785,0,95,59.5,45.9,No,2400,2400,0,2977,75
03:19:22.189,active,15326,488,7484,16784,-5,95,60.0,46.2,No,2400,2400,0,2996,75
03:19:23.185,active,15307,438,7870,16788,0,95,57.9,45.8,No,2400,2400,0,3002,75
03:19:24.185,active,15350,432,6616,16786,-5,95,58.4,48.4,No,2400,2400,0,2992,75
03:19:25.184,active,15316,458,6442,16786,-3,95,57.9,46.3,No,2400,2400,0,2985,75
03:19:26.184,active,15333,448,6886,16785,-4,95,60.0,49.0,No,2400,2400,0,2983,75
03:19:27.184,active,15359,476,7658,16784,0,95,58.4,49.6,No,2400,2400,0,2987,75
03:19:28.185,active,15324,452,6964,16784,0,95,59.0,45.1,No,2400,2400,0,2997,75
03:19:29.190,active,15344,488,7504,16784,-3,95,59.0,48.4,No,2400,2400,0,3054,125
03:19:30.184,active,15253,832,13754,16784,-5,95,59.0,47.1,No,2400,2400,0,4905,125
03:19:31.184,active,15268,866,13252,16785,-3,95,58.4,46.7,No,2400,2400,0,5072,125
03:19:32.184,active,15245,784,12018,16787,0,95,59.0,46.3,No,2400,2400,0,5086,125
03:19:33.189,active,15251,724,11072,16786,0,95,59.0,45.5,No,2400,2400,0,5084,125
03:19:34.185,active,15271,852,13040,16783,-3,95,59.0,46.9,No,2400,2400,0,5090,125
03:19:35.184,active,15275,700,10976,16785,0,95,59.0,47.9,No,2400,2400,0,5103,125
03:19:36.185,sleep,15307,328,5034,16785,0,95,56.2,22.4,No,1500,2400,0,5136,125
03:19:37.185,sleep,15305,336,7812,16786,11,95,54.5,-0.0,No,1500,2400,0,5174,125
03:19:38.185,sleep,15299,486,7446,16788,11,95,54.0,-0.0,No,1500,2400,0,3497,75
03:19:39.185,sleep,15305,336,5170,16787,10,95,53.5,0.0,No,1500,2400,0,3132,75
03:19:40.185,sleep,15299,312,3934,16789,12,95,52.4,-0.0,No,1500,2400,0,3082,75
03:19:41.185,sleep,15301,480,7368,16788,13,95,52.4,0.0,No,1500,2400,0,3099,75
03:19:42.185,sleep,15303,410,7388,16788,13,95,51.8,0.5,No,1500,2400,0,3093,75
03:19:43.185,sleep,15307,458,7022,16788,12,95,51.8,0.0,No,1500,2400,0,3109,75
03:19:44.185,sleep,15301,250,3838,16788,8,95,51.2,-0.0,No,1500,2400,0,3103,75
03:19:45.185,sleep,15299,534,8198,16788,13,95,51.2,0.0,No,1500,2400,0,3113,75
03:19:46.185,sleep,15305,612,9394,16789,12,95,50.7,-0.0,No,1500,2400,0,3115,75
03:19:47.185,sleep,15305,272,4764,16790,12,95,50.7,0.0,No,1500,2400,0,3115,75
03:19:48.185,sleep,15305,340,5208,16789,9,95,50.7,0.7,No,1500,2400,0,3110,75
03:19:49.185,sleep,15301,306,4686,16789,8,95,50.1,0.2,No,1500,2400,0,3104,75
03:19:50.185,sleep,15303,434,5394,16789,10,95,50.1,0.3,No,1500,2400,0,3102,75
03:19:51.185,active,15329,420,6442,16785,0,95,53.5,37.2,No,2400,2400,0,3063,75
03:19:52.184,active,15316,528,7350,16784,-7,95,54.5,48.5,No,2400,2400,0,3049,75
03:19:53.184,active,15314,432,6616,16784,-6,95,54.5,47.0,No,2400,2400,0,3059,75
03:19:54.189,active,15348,438,8352,16785,-7,95,56.8,47.1,No,2400,2400,0,3059,75
03:19:55.185,active,15324,452,6964,16786,-6,95,56.2,50.0,No,2400,2400,0,3069,75
03:19:56.185,active,15374,478,7522,16785,-8,95,56.2,46.1,No,2400,2400,0,3053,75
03:19:57.188,active,15352,438,6752,16786,-3,95,56.2,51.1,No,2400,2400,0,3049,75
03:19:58.184,active,15271,446,6866,16785,0,95,56.2,48.6,No,2400,2400,0,3038,75
03:19:59.184,active,15268,554,10416,16786,0,95,56.2,51.4,No,2400,2400,0,3031,75
03:20:00.184,active,15268,726,11112,16785,0,95,57.9,53.0,No,2400,2400,0,3040,75
03:20:01.185,active,15275,764,11690,16787,0,95,57.9,49.9,No,2400,2400,0,3050,75
03:20:02.185,active,15260,706,10802,16787,0,95,57.9,51.1,No,2400,2400,0,3041,75
03:20:03.184,active,15324,774,11864,16785,0,95,57.3,53.0,No,2400,2400,0,3030,75
03:20:04.184,active,15286,484,11266,16785,-4,95,57.9,49.9,No,2400,2400,0,3033,75
03:20:05.184,active,15303,766,11748,16785,0,95,57.9,47.9,No,2400,2400,0,3049,75
03:20:06.185,active,15301,496,12596,16785,0,95,58.4,43.9,No,2400,2400,0,3045,75
03:20:07.188,active,15307,578,8874,16786,0,95,57.3,46.0,No,2400,2400,0,3038,75
03:20:08.185,active,15288,664,10204,16786,0,95,58.4,48.7,No,2400,2400,0,3029,75
03:20:09.184,active,15288,840,8738,16786,5,95,58.4,48.1,No,2400,2400,0,3190,125
03:20:10.184,active,15273,858,13136,16786,3,95,59.0,48.7,No,2400,2400,0,4983,125
03:20:11.184,active,15294,814,7850,16786,4,95,59.0,43.7,No,2400,2400,0,5115,125
03:20:12.185,active,15305,658,10108,16786,0,95,59.5,43.0,No,2400,2400,0,5129,125
03:20:13.185,active,15275,796,12424,16786,0,95,58.4,43.0,No,2400,2400,0,5139,125
03:20:14.187,active,15288,844,12924,16786,0,95,57.9,49.1,No,2400,2400,0,5144,125
03:20:15.184,active,15286,858,13136,16785,0,95,57.9,48.5,No,2400,2400,0,5154,125
03:20:16.184,active,15271,788,12056,16785,0,95,59.0,46.7,No,2400,2400,0,5171,125
03:20:17.187,active,15314,476,7330,16785,0,95,59.0,45.8,No,2400,2400,0,5173,125
03:20:18.185,active,15329,502,7350,16785,3,95,59.0,44.8,No,2400,2400,0,5186,125
03:20:19.185,active,15318,478,7350,16787,0,95,59.0,45.4,No,2400,2400,0,5202,125
03:20:20.184,active,15326,560,8584,16787,0,95,58.4,44.3,No,2400,2400,0,5212,125
03:20:21.184,active,15316,630,9684,16786,0,95,59.0,47.4,No,2400,2400,0,5219,125
03:20:22.184,active,15322,490,7522,16785,0,95,59.5,47.4,No,2400,2400,0,5231,125
03:20:23.185,active,15337,538,8000,16785,0,95,59.5,46.5,No,2400,2400,0,5238,125
03:20:24.188,active,15281,700,10726,16786,0,95,60.0,53.6,No,2400,2400,0,5245,125
03:20:25.188,active,15357,530,7484,16785,0,95,59.0,44.6,No,2400,2400,0,5259,125
03:20:26.184,active,15326,492,7542,16784,-3,95,58.4,43.8,No,2400,2400,0,5278,125
03:20:27.184,active,15299,794,12134,16785,-6,95,59.5,44.6,No,2400,2400,0,5284,125
03:20:28.185,active,15290,726,11112,16785,-6,95,59.0,49.9,No,2400,2400,0,5285,125
03:20:29.187,active,15311,830,12694,16785,-5,95,59.5,48.1,No,2400,2400,0,5293,125
03:20:30.185,active,15318,638,11170,16785,0,95,58.4,43.7,No,2400,2400,0,5293,125
03:20:31.184,active,15309,604,9260,16783,-3,95,58.4,48.2,No,2400,2400,0,5305,125
03:20:32.184,active,15316,498,10764,16784,-8,95,59.0,47.9,No,2400,2400,0,5315,125
03:20:33.184,active,15307,484,7446,16783,-7,95,58.4,49.1,No,2400,2400,0,5323,125
03:20:34.187,active,15309,486,8816,16785,-4,95,59.5,46.4,No,2400,2400,0,5327,125
03:20:35.185,active,15316,566,8680,16784,0,95,58.4,45.1,No,2400,2400,0,5329,125
03:20:36.185,active,15279,822,12616,16786,0,95,58.4,47.7,No,2400,2400,0,5342,125
03:20:37.184,active,15281,752,12828,16785,4,95,59.0,49.8,No,2400,2400,0,5344,125
03:20:38.184,active,15281,788,12076,16786,3,95,59.0,47.9,No,2400,2400,0,5360,125
03:20:39.184,active,15288,854,10918,16786,0,95,59.0,47.3,No,2400,2400,0,5354,125
03:20:40.185,active,15294,790,12134,16785,0,95,58.4,45.4,No,2400,2400,0,5361,125
03:20:41.186,active,15281,740,12268,16787,0,95,58.4,46.9,No,2400,2400,0,5362,125
03:20:42.185,active,15288,882,13522,16788,4,95,58.4,47.2,No,2400,2400,0,5384,125
03:20:43.184,active,15290,960,13118,16787,3,95,58.4,48.9,No,2400,2400,0,5370,125
03:20:44.184,active,15281,760,11632,16786,0,95,59.5,47.5,No,2400,2400,0,5376,125
03:20:45.185,active,15318,756,11594,16787,5,95,59.0,47.5,No,2400,2400,0,5382,125
03:20:46.185,active,15346,490,8392,16786,4,95,59.0,47.4,No,2400,2400,0,5384,125
03:20:47.189,active,15324,540,8314,16787,4,95,59.0,47.8,No,2400,2400,0,5384,125
03:20:48.184,active,15354,448,7022,16785,0,95,58.4,46.7,No,2400,2400,0,5389,125
03:20:49.184,active,15326,564,8662,16785,0,95,58.4,47.4,No,2400,2400,0,5387,125
03:20:50.184,active,15352,508,7812,16785,0,95,58.4,48.3,No,2400,2400,0,5381,125
03:20:51.184,sleep,15301,468,7176,16789,9,95,56.8,23.3,No,2400,2400,0,5407,125
03:20:52.184,sleep,15301,490,7522,16788,15,95,55.1,0.0,No,2400,2400,0,5436,125
03:20:53.184,sleep,15296,494,7580,16788,10,95,55.1,0.0,No,2400,2400,0,5439,125
03:20:54.184,sleep,15294,480,7350,16789,12,95,54.5,0.0,No,2400,2400,0,5308,75
03:20:55.184,sleep,15294,498,6790,16788,12,95,53.5,0.0,No,2400,2400,0,3590,75
03:20:56.185,sleep,15301,514,7870,16787,10,95,52.4,0.0,No,1500,2400,0,3337,75
03:20:57.184,sleep,15305,600,8276,16788,16,95,52.4,-0.0,No,1500,2400,0,3314,75
03:20:58.184,sleep,15301,256,3934,16788,14,95,52.9,-0.0,No,1500,2400,0,3316,75
03:20:59.184,sleep,15303,720,9240,16789,14,95,51.8,0.0,No,1500,2400,0,3302,75
03:21:00.184,sleep,15303,226,3472,16790,16,95,51.2,0.5,No,1500,2400,0,3308,75
03:21:01.184,sleep,15301,286,4378,16789,16,95,50.1,0.7,No,1500,2400,0,3286,75
03:21:02.184,sleep,15305,512,7850,16789,15,95,50.7,0.0,No,1500,2400,0,3272,75
03:21:03.184,sleep,15303,292,4494,16789,13,95,50.7,0.0,No,1500,2400,0,3260,75
03:21:04.185,sleep,15296,468,7176,16789,15,95,50.7,-0.0,No,1500,2400,0,3259,75
03:21:05.185,sleep,15305,420,6442,16789,13,95,49.6,0.0,No,1500,2400,0,3268,75
03:21:06.184,active,15279,808,12462,16786,4,95,52.9,36.3,No,2400,2400,0,3222,75
03:21:07.184,active,15290,754,11574,16786,-5,95,54.5,47.4,No,2400,2400,0,3211,75
03:21:08.185,active,15277,748,12114,16785,-7,95,55.1,45.3,No,2400,2400,0,3209,75
03:21:09.189,active,15281,796,12192,16786,0,95,53.5,45.4,No,2400,2400,0,3201,75
03:21:10.184,active,15273,724,11362,16785,0,95,55.6,47.8,No,2400,2400,0,3183,75
03:21:11.184,active,15283,724,11092,16785,-3,95,55.6,49.9,No,2400,2400,0,3180,75
03:21:12.184,active,15283,768,11768,16785,0,95,57.3,49.1,No,2400,2400,0,3168,75
03:21:13.185,active,15264,800,12230,16788,0,95,57.9,48.6,No,2400,2400,0,3162,75
03:21:14.189,active,15346,456,7002,16786,-4,95,57.3,48.7,No,2400,2400,0,3180,75
03:21:15.185,active,15335,468,8352,16786,-8,95,57.3,48.1,No,2400,2400,0,3160,75
03:21:16.184,active,15290,730,11188,16785,-7,95,57.3,52.4,No,2400,2400,0,3159,75
03:21:17.184,active,15292,730,7736,16785,0,95,57.9,51.5,No,2400,2400,0,3148,75
03:21:18.184,active,15344,548,8430,16785,0,95,57.9,46.3,No,2400,2400,0,3157,75
03:21:19.185,active,15290,540,10050,16784,-3,95,59.0,47.1,No,2400,2400,0,3142,75
03:21:20.185,active,15318,656,10088,16786,0,95,57.9,47.9,No,2400,2400,0,3135,75
03:21:21.185,active,15290,684,10494,16786,0,95,57.9,48.2,No,2400,2400,0,3144,75
03:21:22.184,active,15292,774,11864,16787,3,95,57.9,49.5,No,2400,2400,0,3141,75
03:21:23.184,active,15303,502,7696,16787,0,95,57.9,46.9,No,2400,2400,0,3150,75
03:21:24.184,active,15307,456,7194,16785,0,95,58.4,43.5,No,2400,2400,0,3134,75
03:21:25.188,active,15309,532,8178,16785,0,95,59.0,47.3,No,2400,2400,0,3118,75
03:21:26.185,active,15324,272,7060,16786,0,95,58.4,49.4,No,2400,2400,0,3113,75
03:21:27.184,active,15303,500,7678,16787,3,95,57.3,44.2,No,2400,2400,0,3111,75
03:21:28.191,active,15344,432,6636,16786,3,95,57.9,45.9,No,2400,2400,0,3109,75
03:21:29.185,active,15324,546,8410,16785,0,95,59.0,46.2,No,2400,2400,0,3103,75
03:21:30.185,active,15335,420,6442,16785,0,95,59.0,46.4,No,2400,2400,0,3108,75
03:21:31.185,active,15339,522,7788,16785,3,95,58.4,46.6,No,2400,2400,0,3111,75
03:21:32.184,active,15361,506,7774,16786,0,95,58.4,46.3,No,2400,2400,0,3105,75
03:21:33.184,active,15264,786,12694,16785,0,95,57.9,45.3,No,2400,2400,0,3103,75
03:21:34.184,active,15316,504,7754,16787,3,95,59.0,44.4,No,2400,2400,0,3098,75
03:21:35.187,active,15268,872,13350,16787,0,95,59.5,48.1,No,2400,2400,0,3254,125
03:21:36.185,active,15288,682,10456,16786,0,95,59.0,51.8,No,2400,2400,0,5042,125
03:21:37.185,active,15245,742,11362,16786,0,95,59.0,47.4,No,2400,2400,0,5187,125
03:21:38.184,active,15266,834,12752,16786,0,95,59.0,44.6,No,2400,2400,0,5183,125
03:21:39.184,active,15283,686,10514,16786,0,95,59.0,49.6,No,2400,2400,0,5187,125
03:21:40.184,active,15268,620,11008,16786,0,95,59.5,49.2,No,2400,2400,0,5209,125
03:21:41.187,active,15307,814,12480,16787,0,95,59.5,48.5,No,2400,2400,0,5211,125
03:21:42.185,active,15324,548,8236,16787,3,95,59.0,44.8,No,2400,2400,0,5213,125
03:21:43.187,active,15359,510,7850,16786,6,95,58.4,44.3,No,2400,2400,0,5219,125
03:21:44.184,active,15324,494,7600,16786,4,95,58.4,45.3,No,2400,2400,0,5241,125
03:21:45.184,active,15322,516,7908,16786,0,95,58.4,47.4,No,2400,2400,0,5262,125
03:21:46.184,active,15292,662,10166,16787,0,95,59.5,49.7,No,2400,2400,0,5249,125
03:21:47.189,active,15292,858,13156,16787,0,95,60.0,48.6,No,2400,2400,0,5252,125
03:21:48.185,active,15283,858,13176,16787,0,95,59.0,47.7,No,2400,2400,0,5275,125
03:21:49.185,active,15275,854,13060,16787,0,95,59.0,49.5,No,2400,2400,0,5285,125
03:21:50.184,active,15292,804,12326,16787,3,95,59.0,49.3,No,2400,2400,0,5285,125
03:21:51.184,active,15279,846,13220,16786,3,95,59.0,49.3,No,2400,2400,0,5291,125
03:21:52.188,active,15311,496,7600,16786,3,95,59.5,46.5,No,2400,2400,0,5308,125
03:21:53.190,active,15324,542,8334,16786,0,95,59.0,46.5,No,2400,2400,0,5314,125
03:21:54.185,active,15322,496,7638,16787,0,95,58.4,46.6,No,2400,2400,0,5325,125
03:21:55.184,active,15333,506,7754,16786,0,95,58.4,49.1,No,2400,2400,0,5334,125
03:21:56.184,active,15324,454,6982,16786,0,95,58.4,47.1,No,2400,2400,0,5339,125
03:21:57.184,active,15341,514,7890,16786,0,95,59.0,46.3,No,2400,2400,0,5343,125
03:21:58.185,active,15326,460,7592,16786,0,95,59.5,45.4,No,2400,2400,0,5346,125
03:21:59.185,active,15361,526,8064,16786,0,95,58.4,47.0,No,2400,2400,0,5357,125
03:22:00.184,active,15341,524,7542,16786,0,95,59.0,47.4,No,2400,2400,0,5361,125
03:22:01.184,active,15275,868,13292,16787,0,95,58.4,47.5,No,2400,2400,0,5368,125
03:22:02.184,active,15253,844,12828,16787,0,95,58.4,47.9,No,2400,2400,0,5378,125
03:22:03.184,active,15251,778,11902,16785,0,95,59.5,48.3,No,2400,2400,0,5374,125
03:22:04.185,active,15273,844,12906,16785,0,95,58.4,47.6,No,2400,2400,0,5382,125
03:22:05.185,active,15260,842,12866,16786,0,95,58.4,47.6,No,2400,2400,0,5388,125
03:22:06.185,sleep,15305,424,6500,16788,9,95,56.2,26.2,No,1500,2400,0,5407,125
03:22:07.185,sleep,15311,334,5130,16790,16,95,54.5,0.0,No,1500,2400,0,5431,125
03:22:08.184,sleep,15309,232,3568,16790,17,95,53.5,-0.0,No,1500,2400,0,4505,75
03:22:09.184,sleep,15309,460,7080,16791,18,95,54.0,0.0,No,1500,2400,0,3466,75
03:22:10.184,sleep,15307,382,5864,16791,18,95,52.4,-0.0,No,1500,2400,0,3316,75
03:22:11.184,sleep,15307,264,8448,16790,17,95,51.8,-0.0,No,1500,2400,0,3303,75
03:22:12.184,sleep,15303,322,4958,16789,16,95,51.8,0.5,No,1500,2400,0,3301,75
03:22:13.184,sleep,15303,536,7696,16790,16,95,52.4,0.7,No,1500,2400,0,3286,75
03:22:14.184,sleep,15309,366,5612,16788,14,95,51.2,0.0,No,1500,2400,0,3266,75
03:22:15.184,sleep,15301,354,7350,16790,17,95,51.2,-0.0,No,1500,2400,0,3279,75
03:22:16.184,sleep,15305,514,7870,16789,18,95,50.1,0.0,No,1500,2400,0,3262,75
03:22:17.184,sleep,15301,322,6404,16791,19,95,50.7,-0.0,No,1500,2400,0,3267,75
03:22:18.184,sleep,15301,288,4416,16790,19,95,51.2,0.0,No,1500,2400,0,3255,75
03:22:19.184,sleep,15292,330,5072,16791,16,95,50.1,0.0,No,1500,2400,0,3249,75
03:22:20.184,sleep,15301,516,5516,16789,16,95,49.6,0.0,No,1500,2400,0,3258,75
03:22:21.185,active,15318,470,7214,16788,13,95,52.9,33.2,No,2400,2400,0,3220,75
03:22:22.188,active,15365,510,7194,16786,0,95,53.5,49.1,No,2400,2400,0,3200,75
03:22:23.184,active,15322,474,7292,16786,0,95,54.0,46.4,No,2400,2400,0,3202,75
03:22:24.184,active,15369,428,7214,16787,0,95,56.2,49.1,No,2400,2400,0,3186,75
03:22:25.185,active,15350,506,7792,16787,0,95,57.3,51.0,No,2400,2400,0,3190,75
03:22:26.187,active,15318,644,7504,16786,0,95,56.8,51.8,No,2400,2400,0,3175,75
03:22:27.185,active,15372,508,7832,16786,0,95,56.8,50.9,No,2400,2400,0,3164,75
03:22:28.184,active,15294,714,11208,16786,0,95,56.8,51.5,No,2400,2400,0,3166,75
03:22:29.184,active,15329,640,9838,16787,0,95,56.8,50.3,No,2400,2400,0,3149,75
03:22:30.184,active,15309,658,10070,16787,0,95,58.4,46.8,No,2400,2400,0,3147,75
03:22:31.185,active,15301,450,10996,16788,4,95,58.4,45.7,No,2400,2400,0,3154,75
03:22:32.188,active,15271,552,8448,16786,0,95,56.2,46.0,No,2400,2400,0,3155,75
03:22:33.185,active,15311,370,11478,16788,5,95,57.3,43.8,No,2400,2400,0,3127,75
03:22:34.184,active,15305,454,6964,16786,0,95,57.9,48.2,No,2400,2400,0,3127,75
03:22:35.184,active,15303,426,8758,16786,0,95,57.3,47.7,No,2400,2400,0,3135,75
03:22:36.184,active,15309,534,8218,16786,0,95,59.5,49.0,No,2400,2400,0,3123,75
03:22:37.185,active,15305,754,8024,16786,0,95,58.4,47.9,No,2400,2400,0,3139,75
03:22:38.185,active,15309,454,6964,16787,0,95,57.9,42.3,No,2400,2400,0,3141,75
03:22:39.185,active,15286,768,11768,16788,0,95,57.9,43.0,No,2400,2400,0,3134,75
03:22:40.184,active,15268,802,12462,16788,0,95,57.9,45.2,No,2400,2400,0,3131,75
03:22:41.184,active,15290,796,12210,16787,0,95,59.0,46.9,No,2400,2400,0,3120,75
03:22:42.185,active,15294,764,12712,16786,0,95,58.4,46.2,No,2400,2400,0,3124,75
03:22:43.189,active,15266,870,13330,16786,0,95,59.0,45.4,No,2400,2400,0,3115,75
03:22:44.185,active,15314,832,13368,16787,5,95,57.9,46.2,No,2400,2400,0,3120,75
03:22:45.184,active,15273,832,12752,16787,5,95,58.4,46.6,No,2400,2400,0,3109,75
03:22:46.184,active,15266,840,12636,16788,7,95,58.4,43.9,No,2400,2400,0,3102,75
03:22:47.184,active,15277,832,12732,16787,0,95,59.0,49.2,No,2400,2400,0,4307,125
03:22:48.185,active,15268,700,11554,16786,0,95,59.0,47.1,No,2400,2400,0,5134,125
03:22:49.185,active,15316,696,7634,16786,0,95,59.0,49.0,No,2400,2400,0,5198,125
03:22:50.185,active,15316,516,7928,16787,0,95,57.9,47.1,No,2400,2400,0,5205,125
03:22:51.184,active,15363,474,8572,16786,0,95,58.4,44.7,No,2400,2400,0,5211,125
03:22:52.184,active,15288,638,9800,16786,0,95,59.5,49.1,No,2400,2400,0,5211,125
03:22:53.185,active,15301,638,7658,16786,0,95,59.5,48.9,No,2400,2400,0,5227,125
03:22:54.189,active,15288,674,10340,16787,0,95,58.4,48.6,No,2400,2400,0,5233,125
03:22:55.188,active,15286,874,11130,16785,0,95,59.0,48.4,No,2400,2400,0,5233,125
03:22:56.184,active,15301,872,13388,16787,0,95,59.0,48.6,No,2400,2400,0,5241,125
03:22:57.184,active,15283,794,11864,16785,0,95,59.5,48.9,No,2400,2400,0,5254,125
03:22:58.184,active,15311,476,7310,16785,-3,95,59.5,49.8,No,2400,2400,0,5275,125
03:22:59.188,active,15311,448,6886,16786,-5,95,59.5,48.3,No,2400,2400,0,5280,125
03:23:00.185,active,15311,474,7272,16788,0,95,59.0,46.8,No,2400,2400,0,5283,125
03:23:01.185,active,15318,510,7850,16788,5,95,57.9,47.2,No,2400,2400,0,5291,125
03:23:02.184,active,15316,458,7040,16787,0,95,58.4,47.7,No,2400,2400,0,5302,125
03:23:03.184,active,15320,492,7562,16787,5,95,59.0,46.8,No,2400,2400,0,5311,125
03:23:04.184,active,15316,530,7884,16787,4,95,59.5,46.5,No,2400,2400,0,5297,125
03:23:05.189,active,15324,524,8044,16787,4,95,59.0,45.7,No,2400,2400,0,5317,125
03:23:06.188,active,15329,534,7678,16787,0,95,58.4,48.0,No,2400,2400,0,5331,125
03:23:07.184,active,15337,460,7060,16787,0,95,57.3,47.4,No,2400,2400,0,5329,125
03:23:08.184,active,15279,864,12500,16787,0,95,58.4,47.5,No,2400,2400,0,5340,125
03:23:09.184,active,15279,794,12152,16787,0,95,59.0,48.2,No,2400,2400,0,5348,125
03:23:10.184,active,15247,828,12694,16787,5,95,58.4,48.6,No,2400,2400,0,5356,125
03:23:11.185,active,15275,830,12712,16786,0,95,59.0,48.0,No,2400,2400,0,5358,125
03:23:12.189,active,15271,832,12752,16786,0,95,58.4,48.0,No,2400,2400,0,5362,125
03:23:13.184,active,15247,728,11130,16788,0,95,58.4,48.7,No,2400,2400,0,5375,125
03:23:14.184,active,15277,880,13484,16789,7,95,59.0,48.9,No,2400,2400,0,5369,125
03:23:15.184,active,15264,806,12346,16789,9,95,59.5,48.9,No,2400,2400,0,5379,125
03:23:16.185,active,15311,776,11864,16789,6,95,59.0,48.9,No,2400,2400,0,5383,125
03:23:17.185,active,15320,672,8178,16788,3,95,58.4,48.2,No,2400,2400,0,5374,125
03:23:18.185,active,15314,668,10262,16788,5,95,57.9,48.5,No,2400,2400,0,5402,125
03:23:19.184,active,15299,872,7832,16786,4,95,57.9,51.5,No,2400,2400,0,5395,125
03:23:20.184,active,15314,746,11458,16786,3,95,59.0,47.5,No,2400,2400,0,5399,125
03:23:21.185,sleep,15301,424,7002,16789,9,95,55.6,25.9,No,1500,2400,0,5423,125
03:23:22.185,sleep,15303,422,6482,16791,23,95,54.5,-0.0,No,1500,2400,0,5449,125
03:23:23.185,sleep,15296,426,4996,16791,21,95,53.5,-0.0,No,1500,2400,0,4050,75
03:23:24.184,sleep,15303,308,4744,16791,21,95,52.9,0.0,No,1500,2400,0,3412,75
03:23:25.185,sleep,15305,460,5382,16790,18,95,52.4,0.0,No,1500,2400,0,3316,75
03:23:26.185,sleep,15301,318,4880,16790,20,95,52.4,0.0,No,1500,2400,0,3299,75
03:23:27.184,sleep,15305,438,6712,16790,19,95,51.8,0.0,No,1500,2400,0,3289,75
03:23:28.184,sleep,15305,512,3858,16790,18,95,51.2,0.0,No,1500,2400,0,3287,75
03:23:29.185,sleep,15299,464,7138,16790,17,95,51.2,-0.0,No,1500,2400,0,3276,75
03:23:30.185,sleep,15303,446,5786,16791,15,95,50.7,-0.0,No,1500,2400,0,3278,75
03:23:31.185,sleep,15303,484,7426,16790,16,95,50.7,0.5,No,1500,2400,0,3292,75
03:23:32.185,sleep,15303,478,7850,16790,16,95,51.2,0.0,No,1500,2400,0,3288,75
03:23:33.184,sleep,15303,262,4012,16790,16,95,50.1,0.0,No,1500,2400,0,3274,75
03:23:34.185,sleep,15305,532,8314,16789,15,95,49.6,0.0,No,1500,2400,0,3276,75
03:23:35.185,sleep,15305,386,5922,16790,15,95,50.1,0.3,No,1500,2400,0,3267,75
03:23:36.184,active,15264,682,10436,16789,10,95,52.4,32.2,No,2400,2400,0,3243,75
03:23:37.184,active,15251,714,10898,16786,0,95,54.0,43.8,No,2400,2400,0,3222,75
03:23:38.185,active,15305,856,13078,16786,0,95,54.5,45.9,No,2400,2400,0,3213,75
03:23:39.184,active,15271,556,8506,16788,0,95,55.1,45.1,No,2400,2400,0,3203,75
03:23:40.185,active,15303,724,11072,16788,0,95,55.1,49.4,No,2400,2400,0,3198,75
03:23:41.184,active,15311,520,7986,16786,-5,95,55.6,49.7,No,2400,2400,0,3176,75
03:23:42.184,active,15320,524,8024,16787,-3,95,56.8,49.4,No,2400,2400,0,3182,75
03:23:43.184,active,15318,494,11164,16786,0,95,57.9,47.2,No,2400,2400,0,3178,75
03:23:44.185,active,15320,394,6056,16786,0,95,56.2,45.2,No,2400,2400,0,3174,75
03:23:45.185,active,15337,508,8604,16785,0,95,56.8,47.2,No,2400,2400,0,3167,75
03:23:46.191,active,15288,794,12172,16787,0,95,57.3,45.2,No,2400,2400,0,3169,75
03:23:47.184,active,15324,842,12906,16788,0,95,56.8,44.8,No,2400,2400,0,3162,75
03:23:48.184,active,15258,804,12308,16789,0,95,57.9,47.7,No,2400,2400,0,3151,75
03:23:49.185,active,15301,818,12520,16788,0,95,57.9,45.7,No,2400,2400,0,3142,75
03:23:50.185,active,15316,610,9374,16787,0,95,57.9,50.3,No,2400,2400,0,3126,75
03:23:51.188,active,15266,806,12346,16787,-3,95,57.9,49.7,No,2400,2400,0,3123,75
03:23:52.184,active,15271,762,11652,16785,-3,95,57.3,43.8,No,2400,2400,0,3145,75
03:23:53.184,active,15271,660,10128,16786,0,95,58.4,49.7,No,2400,2400,0,3146,75
03:23:54.189,active,15260,748,11440,16786,0,95,59.0,48.6,No,2400,2400,0,3133,75
03:23:55.185,active,15359,640,9818,16786,0,95,58.4,47.8,No,2400,2400,0,3127,75
03:23:56.186,active,15320,674,7426,16788,5,95,57.9,48.9,No,2400,2400,0,3120,75
03:23:57.186,active,15365,548,8448,16788,7,95,57.9,50.0,No,2400,2400,0,3133,75
03:23:58.184,active,15318,736,7696,16788,4,95,58.4,49.7,No,2400,2400,0,3132,75
03:23:59.191,active,15322,658,10108,16787,4,95,58.4,49.5,No,2400,2400,0,3118,75
03:24:00.185,active,15292,592,8854,16787,5,95,58.4,46.3,No,2400,2400,0,3116,75
03:24:01.185,active,15296,934,14314,16788,4,95,57.9,50.4,No,2400,2400,0,3115,75
03:24:02.185,active,15294,678,10416,16788,3,95,58.4,48.9,No,2400,2400,0,3106,75
03:24:03.184,active,15322,604,9298,16787,0,95,58.4,48.4,No,2400,2400,0,3113,75
03:24:04.184,active,15288,532,8178,16788,3,95,58.4,47.5,No,2400,2400,0,3113,75
03:24:05.184,active,15314,572,9046,16788,6,95,59.5,48.9,No,2400,2400,0,3103,75
03:24:06.185,active,15311,458,7022,16786,0,95,60.0,48.0,No,2400,2400,0,4613,125
03:24:07.185,active,15316,440,9008,16786,0,95,59.5,47.2,No,2400,2400,0,5163,125
03:24:08.185,active,15314,520,8006,16786,0,95,59.5,48.0,No,2400,2400,0,5195,125
03:24:09.184,active,15316,486,7272,16788,0,95,58.4,48.2,No,2400,2400,0,5208,125
03:24:10.184,active,15309,502,7716,16788,0,95,59.0,46.3,No,2400,2400,0,5207,125
03:24:11.188,active,15326,482,7022,16789,0,95,59.5,46.7,No,2400,2400,0,5226,125
03:24:12.189,active,15333,406,6250,16785,0,95,60.0,47.4,No,2400,2400,0,5222,125
03:24:13.185,active,15331,286,7812,16788,0,95,59.0,46.9,No,2400,2400,0,5239,125
03:24:14.184,active,15333,486,7484,16787,0,95,59.0,48.1,No,2400,2400,0,5247,125
03:24:15.184,active,15273,710,10880,16788,3,95,58.4,49.3,No,2400,2400,0,5255,125
03:24:16.184,active,15260,700,11400,16788,0,95,59.5,49.4,No,2400,2400,0,5263,125
03:24:17.188,active,15266,846,12964,16788,0,95,59.5,48.4,No,2400,2400,0,5276,125
03:24:18.185,active,15245,748,12462,16787,3,95,59.5,48.1,No,2400,2400,0,5291,125
03:24:19.185,active,15260,844,12906,16787,0,95,57.9,47.7,No,2400,2400,0,5291,125
03:24:20.184,active,15283,612,12114,16786,3,95,58.4,48.3,No,2400,2400,0,5293,125
03:24:21.184,active,15249,798,12192,16786,0,95,59.0,48.8,No,2400,2400,0,5309,125
03:24:22.184,active,15314,448,12038,16786,0,95,60.6,49.8,No,2400,2400,0,5321,125
03:24:23.189,active,15283,600,9182,16786,-3,95,59.0,49.8,No,2400,2400,0,5328,125
03:24:24.185,active,15290,504,7754,16788,0,95,59.0,47.1,No,2400,2400,0,5329,125
03:24:25.184,active,15326,672,7780,16787,0,95,57.9,46.5,No,2400,2400,0,5328,125
03:24:26.184,active,15292,490,7522,16786,0,95,58.4,47.2,No,2400,2400,0,5352,125
03:24:27.185,active,15296,872,10146,16786,0,95,59.5,50.3,No,2400,2400,0,5351,125
03:24:28.188,active,15288,598,9182,16786,0,95,59.5,51.5,No,2400,2400,0,5352,125
03:24:29.185,active,15292,864,7812,16787,0,95,57.9,45.5,No,2400,2400,0,5362,125
03:24:30.185,active,15294,752,11536,16787,0,95,59.0,48.9,No,2400,2400,0,5362,125
03:24:31.184,active,15286,830,13446,16787,0,95,59.0,52.1,No,2400,2400,0,5371,125
03:24:32.184,active,15288,840,12866,16786,0,95,59.5,53.4,No,2400,2400,0,5375,125
03:24:33.189,active,15294,798,10494,16787,0,95,60.0,52.1,No,2400,2400,0,5375,125
03:24:34.185,active,15320,528,7890,16786,0,95,59.5,51.0,No,2400,2400,0,5373,125
03:24:35.187,active,15348,494,7580,16787,0,95,59.5,51.5,No,2400,2400,0,5381,125
03:24:36.184,sleep,15303,456,7696,16788,5,95,56.8,30.1,No,2400,2400,0,5408,125
03:24:37.184,sleep,15303,494,7580,16789,12,95,56.2,-0.0,No,2400,2400,0,5429,125
03:24:38.184,sleep,15303,544,6964,16789,11,95,56.2,0.0,No,2400,2400,0,5432,125
03:24:39.184,sleep,15303,404,6192,16788,10,95,55.6,-0.0,No,2400,2400,0,5430,125
03:24:40.184,sleep,15299,492,7850,16788,10,95,54.0,0.0,No,2400,2400,0,5445,125
03:24:41.184,sleep,15301,354,5420,16789,12,95,52.9,0.0,No,1500,2400,0,3818,75
03:24:42.184,sleep,15303,316,8276,16790,18,95,52.9,0.0,No,1500,2400,0,3388,75
03:24:43.184,sleep,15303,316,4842,16790,15,95,51.8,0.0,No,1500,2400,0,3328,75
03:24:44.184,sleep,15307,352,5382,16791,14,95,51.2,-0.0,No,1500,2400,0,3308,75
03:24:45.184,sleep,15314,280,6094,16792,18,95,50.7,0.0,No,1500,2400,0,3308,75
03:24:46.184,sleep,15303,222,3394,16791,15,95,51.2,0.0,No,1500,2400,0,3302,75
03:24:47.185,sleep,15303,574,7536,16791,12,95,51.2,-0.0,No,1500,2400,0,3288,75
03:24:48.184,sleep,15305,492,7542,16789,13,95,50.7,0.0,No,1500,2400,0,3292,75
03:24:49.184,sleep,15303,242,2758,16789,14,95,50.1,0.0,No,1500,2400,0,3292,75
03:24:50.184,sleep,15305,382,5864,16789,14,95,49.6,0.0,No,1500,2400,0,3279,75
03:24:51.189,active,15311,466,7504,16785,5,95,52.9,30.8,No,2400,2400,0,3252,75
03:24:52.185,active,15307,468,7176,16786,-7,95,54.0,45.1,No,2400,2400,0,3226,75
03:24:53.184,active,15266,786,12038,16788,0,95,54.5,45.5,No,2400,2400,0,3224,75
03:24:54.184,active,15290,770,11786,16786,-4,95,55.6,50.1,No,2400,2400,0,3229,75
03:24:55.184,active,15292,668,10244,16786,-5,95,55.6,46.4,No,2400,2400,0,3226,75
03:24:56.187,active,15292,878,13464,16785,-8,95,57.3,43.7,No,2400,2400,0,3214,75
03:24:57.185,active,15281,890,13638,16786,0,95,55.6,43.1,No,2400,2400,0,3209,75
03:24:58.186,active,15281,856,12586,16787,0,95,56.2,46.3,No,2400,2400,0,3198,75
03:24:59.184,active,15283,662,10166,16787,0,95,56.2,49.2,No,2400,2400,0,3200,75
03:25:00.184,active,15301,574,12404,16788,0,95,57.3,49.6,No,2400,2400,0,3193,75
03:25:01.184,active,15268,830,12732,16787,0,95,57.3,49.3,No,2400,2400,0,3183,75
03:25:02.185,active,15331,442,6790,16787,0,95,57.9,44.4,No,2400,2400,0,3181,75
03:25:03.185,active,15320,508,7792,16787,-3,95,56.8,44.6,No,2400,2400,0,3183,75
03:25:04.185,active,15341,488,7504,16787,0,95,57.3,45.4,No,2400,2400,0,3171,75
03:25:05.184,active,15367,506,7792,16786,-3,95,57.3,49.1,No,2400,2400,0,3169,75
03:25:06.184,active,15382,494,7600,16786,-3,95,58.4,49.4,No,2400,2400,0,3165,75
03:25:07.185,active,15326,480,7644,16786,-6,95,59.0,48.9,No,2400,2400,0,3158,75
03:25:08.188,active,15339,448,6886,16786,-3,95,59.0,48.9,No,2400,2400,0,3148,75
03:25:09.184,active,15322,700,6732,16787,-3,95,57.3,46.0,No,2400,2400,0,3155,75
03:25:10.184,active,15292,520,8006,16787,0,95,57.9,49.0,No,2400,2400,0,3143,75
03:25:11.184,active,15305,690,6674,16787,0,95,58.4,47.9,No,2400,2400,0,3131,75
03:25:12.184,active,15314,572,8776,16786,0,95,59.0,47.4,No,2400,2400,0,3141,75
03:25:13.188,active,15311,558,8546,16787,0,95,59.5,48.0,No,2400,2400,0,3119,75
03:25:14.185,active,15307,558,8564,16785,0,95,58.4,45.8,No,2400,2400,0,3122,75
03:25:15.185,active,15309,498,7638,16786,0,95,58.4,45.7,No,2400,2400,0,3129,75
03:25:16.184,active,15314,494,9104,16787,0,95,59.0,48.9,No,2400,2400,0,3122,75
03:25:17.184,active,15316,446,6848,16789,3,95,59.0,47.8,No,2400,2400,0,3125,75
03:25:18.185,active,15309,544,6944,16789,0,95,59.0,48.3,No,2400,2400,0,3121,75
03:25:19.188,active,15322,476,7310,16787,0,95,59.5,48.0,No,2400,2400,0,3122,75
03:25:20.189,active,15316,464,8796,16788,0,95,57.9,47.8,No,2400,2400,0,3125,75
03:25:21.184,active,15290,812,12462,16786,0,95,58.4,48.3,No,2400,2400,0,3114,75
03:25:22.184,active,15279,840,12866,16786,-3,95,57.9,48.9,No,2400,2400,0,3102,75
03:25:23.184,active,15286,880,13484,16785,0,95,58.4,48.9,No,2400,2400,0,3109,75
03:25:24.185,active,15273,812,12462,16787,0,95,59.0,48.2,No,2400,2400,0,3111,75
03:25:25.185,active,15275,788,12056,16786,0,95,59.5,48.8,No,2400,2400,0,3109,75
03:25:26.191,active,15238,802,12288,16788,0,95,57.9,47.9,No,2400,2400,0,3099,75
03:25:27.184,active,15266,758,11594,16787,0,95,58.4,48.4,No,2400,2400,0,3099,75
03:25:28.184,active,15281,806,12346,16787,0,95,60.0,52.3,No,2400,2400,0,3096,75
03:25:29.186,active,15241,686,11754,16786,-5,95,59.5,47.6,No,2400,2400,0,3091,75
03:25:30.185,active,15314,718,10996,16786,-4,95,59.5,45.5,No,2400,2400,0,3096,75
03:25:31.185,active,15303,1002,12538,16785,-6,95,59.5,50.8,No,2400,2400,0,3085,75
03:25:32.184,active,15354,486,7504,16787,0,95,59.0,46.7,No,2400,2400,0,3083,75
03:25:33.184,active,15294,488,7522,16787,0,95,59.0,47.4,No,2400,2400,0,3084,75
03:25:34.184,active,15363,482,7426,16787,0,95,59.0,48.6,No,2400,2400,0,4507,125
03:25:35.184,active,15316,462,7118,16786,0,95,60.6,47.1,No,2400,2400,0,5146,125
03:25:36.189,active,15296,736,11284,16787,0,95,60.0,48.6,No,2400,2400,0,5192,125
03:25:37.185,active,15288,710,10918,16786,-3,95,59.0,50.5,No,2400,2400,0,5191,125
03:25:38.184,active,15294,896,13734,16786,0,95,57.3,49.5,No,2400,2400,0,5193,125
03:25:39.184,active,15290,878,13446,16786,0,95,59.5,51.0,No,2400,2400,0,5200,125
03:25:40.184,active,15316,504,7156,16786,0,95,59.5,50.8,No,2400,2400,0,5206,125
03:25:41.192,active,15320,490,7522,16786,0,95,59.5,50.9,No,2400,2400,0,5218,125
03:25:42.185,active,15320,480,7368,16786,-3,95,59.0,47.7,No,2400,2400,0,5234,125
03:25:43.185,active,15322,512,7870,16785,-4,95,59.0,49.9,No,2400,2400,0,5242,125
03:25:44.184,active,15335,530,8140,16786,-5,95,59.0,44.7,No,2400,2400,0,5255,125
03:25:45.184,active,15346,468,7982,16786,0,95,60.0,48.8,No,2400,2400,0,5262,125
03:25:46.185,active,15352,468,7176,16785,0,95,59.5,48.2,No,2400,2400,0,5276,125
03:25:47.184,active,15339,504,7522,16785,-4,95,59.0,48.5,No,2400,2400,0,5291,125
03:25:48.185,active,15324,432,6636,16785,-3,95,58.4,48.8,No,2400,2400,0,5287,125
03:25:49.184,active,15333,476,7214,16785,-3,95,59.0,46.1,No,2400,2400,0,5317,125
03:25:50.184,active,15283,580,8892,16786,0,95,60.0,47.8,No,2400,2400,0,5307,125
03:25:51.184,sleep,15303,484,7408,16788,0,95,56.8,29.8,No,2400,2400,0,5331,125
03:25:52.184,sleep,15303,332,7652,16788,5,95,55.6,0.0,No,2400,2400,0,5360,125
03:25:53.184,sleep,15305,566,8680,16786,4,95,55.1,0.3,No,2400,2400,0,5363,125
03:25:54.184,sleep,15303,440,7522,16789,9,95,54.5,-0.0,No,2400,2400,0,5281,75
03:25:55.184,sleep,15301,422,6482,16788,10,95,54.0,0.0,No,2400,2400,0,3548,75
03:25:56.184,sleep,15307,140,7080,16787,7,95,52.9,-0.0,No,1500,2400,0,3287,75
03:25:57.185,sleep,15309,560,8584,16788,10,95,52.9,0.0,No,1500,2400,0,3259,75
03:25:58.184,sleep,15301,342,9260,16790,15,95,51.8,0.0,No,1500,2400,0,3266,75
03:25:59.184,sleep,15303,280,8758,16790,14,95,51.2,0.0,No,1500,2400,0,3267,75
03:26:00.184,sleep,15305,458,7040,16790,13,95,51.2,0.0,No,1500,2400,0,3266,75
03:26:01.184,sleep,15301,458,4900,16790,13,95,51.2,0.0,No,1500,2400,0,3262,75
03:26:02.184,sleep,15303,356,5458,16789,14,95,51.2,-0.0,No,1500,2400,0,3261,75
03:26:03.184,sleep,15301,578,5092,16788,12,95,51.2,-0.0,No,1500,2400,0,3256,75
03:26:04.185,sleep,15307,274,4204,16788,13,95,51.2,0.0,No,1500,2400,0,3253,75
03:26:05.184,sleep,15303,286,7466,16789,11,95,50.1,0.0,No,1500,2400,0,3242,75
03:26:06.184,active,15296,788,12096,16788,4,95,52.4,30.1,No,2400,2400,0,3227,75
03:26:07.184,active,15283,704,10802,16787,-3,95,53.5,45.2,No,2400,2400,0,3205,75
03:26:08.185,active,15331,494,7098,16786,0,95,55.1,48.6,No,2400,2400,0,3201,75
03:26:09.189,active,15320,508,7792,16786,0,95,56.2,48.8,No,2400,2400,0,3188,75
03:26:10.185,active,15337,538,8082,16787,0,95,56.2,48.6,No,2400,2400,0,3176,75
03:26:11.184,active,15341,420,6442,16786,0,95,56.2,49.1,No,2400,2400,0,3179,75
03:26:12.184,active,15352,476,7446,16787,0,95,56.2,49.5,No,2400,2400,0,3171,75
03:26:13.184,active,15354,502,7736,16788,0,95,57.3,49.5,No,2400,2400,0,3167,75
03:26:14.188,active,15354,452,6964,16788,0,95,57.9,48.1,No,2400,2400,0,3155,75
03:26:15.185,active,15339,458,7060,16789,0,95,56.8,45.0,No,2400,2400,0,3139,75
03:26:16.185,active,15367,402,6192,16788,0,95,56.8,47.9,No,2400,2400,0,3147,75
03:26:17.184,active,15354,634,9760,16788,0,95,57.3,46.9,No,2400,2400,0,3149,75
03:26:18.184,active,15260,836,12790,16788,0,95,57.3,47.9,No,2400,2400,0,3145,75
03:26:19.184,active,15301,576,11498,16788,0,95,57.9,46.5,No,2400,2400,0,3144,75
03:26:20.188,active,15288,692,10610,16787,0,95,57.3,46.9,No,2400,2400,0,3139,75
03:26:21.185,active,15303,778,11902,16787,0,95,57.9,46.0,No,2400,2400,0,3143,75
03:26:22.184,active,15318,660,10128,16786,0,95,57.3,47.5,No,2400,2400,0,3134,75
03:26:23.184,active,15305,614,9394,16786,0,95,58.4,47.8,No,2400,2400,0,3129,75
03:26:24.184,active,15303,478,7330,16788,0,95,57.9,49.0,No,2400,2400,0,3133,75
03:26:25.188,active,15311,460,7080,16786,0,95,59.0,48.7,No,2400,2400,0,3133,75
03:26:26.185,active,15307,484,7446,16787,0,95,58.4,48.2,No,2400,2400,0,3120,75
03:26:27.188,active,15294,444,6810,16789,0,95,58.4,48.0,No,2400,2400,0,3122,75
03:26:28.184,active,15288,808,10378,16788,0,95,57.9,48.2,No,2400,2400,0,3124,75
03:26:29.184,active,15292,816,12520,16788,0,95,58.4,48.8,No,2400,2400,0,3118,75
03:26:30.188,active,15279,778,13368,16786,0,95,57.9,49.2,No,2400,2400,0,3105,75
03:26:31.185,active,15296,798,12250,16785,-5,95,59.0,48.2,No,2400,2400,0,3109,75
03:26:32.185,active,15277,832,12752,16785,0,95,58.4,48.6,No,2400,2400,0,3107,75
03:26:33.185,active,15290,830,12712,16787,0,95,57.9,51.0,No,2400,2400,0,3117,75
03:26:34.184,active,15268,806,12366,16788,0,95,57.9,48.2,No,2400,2400,0,3117,75
03:26:35.184,active,15275,822,12578,16788,0,95,59.0,47.4,No,2400,2400,0,3113,75
03:26:36.184,active,15251,760,11652,16785,0,95,59.0,46.1,No,2400,2400,0,3109,75
03:26:37.185,active,15354,438,7252,16786,-3,95,60.0,45.3,No,2400,2400,0,3103,75
03:26:38.188,active,15333,522,8024,16786,0,95,58.4,46.6,No,2400,2400,0,3107,75
03:26:39.184,active,15372,510,7138,16787,0,95,58.4,48.6,No,2400,2400,0,3098,75
03:26:40.184,active,15350,472,7272,16788,0,95,57.9,48.4,No,2400,2400,0,3102,75
03:26:41.184,active,15292,492,7562,16788,0,95,59.5,49.2,No,2400,2400,0,3097,75
03:26:42.189,active,15320,672,10340,16788,0,95,59.0,48.9,No,2400,2400,0,3097,75
03:26:43.185,active,15303,456,7002,16788,0,95,59.0,47.5,No,2400,2400,0,3101,75
03:26:44.185,active,15303,730,11208,16787,0,95,59.0,46.6,No,2400,2400,0,3095,75
03:26:45.184,active,15290,720,11054,16786,0,95,59.5,50.6,No,2400,2400,0,3088,75
03:26:46.188,active,15305,638,10474,16786,0,95,59.5,49.6,No,2400,2400,0,3088,75
03:26:47.185,active,15309,462,7080,16787,0,95,59.5,49.7,No,2400,2400,0,3080,75
03:26:48.185,active,15314,470,7214,16788,3,95,59.5,49.1,No,2400,2400,0,3083,75
03:26:49.185,active,15316,480,7368,16788,0,95,59.5,49.7,No,2400,2400,0,4832,125
03:26:50.184,active,15329,578,8892,16789,0,95,59.5,47.8,No,2400,2400,0,5165,125
03:26:51.184,active,15322,508,7792,16788,0,95,59.0,49.4,No,2400,2400,0,5191,125
03:26:52.184,active,15318,484,7446,16788,0,95,59.5,46.4,No,2400,2400,0,5195,125
03:26:53.188,active,15331,478,8118,16787,0,95,59.5,44.1,No,2400,2400,0,5200,125
03:26:54.188,active,15363,494,7580,16786,-4,95,59.5,48.6,No,2400,2400,0,5209,125
03:26:55.185,active,15346,514,7466,16787,0,95,58.4,48.7,No,2400,2400,0,5216,125
03:26:56.184,active,15292,654,10030,16786,0,95,60.0,50.1,No,2400,2400,0,5227,125
03:26:57.184,active,15290,776,11902,16787,0,95,59.5,50.1,No,2400,2400,0,5233,125
03:26:58.184,active,15275,912,13948,16788,3,95,59.5,43.7,No,2400,2400,0,5248,125
03:26:59.185,active,15256,556,8564,16788,0,95,59.5,44.0,No,2400,2400,0,5255,125
03:27:00.185,active,15288,648,12886,16787,0,95,59.5,46.6,No,2400,2400,0,5277,125
03:27:01.187,active,15294,638,9760,16786,0,95,58.4,46.5,No,2400,2400,0,5290,125
03:27:02.184,active,15262,768,7774,16786,-3,95,59.5,46.9,No,2400,2400,0,5288,125
03:27:03.184,active,15283,686,10532,16787,0,95,58.4,44.9,No,2400,2400,0,5298,125
03:27:04.185,active,15296,574,10996,16786,0,95,59.5,46.4,No,2400,2400,0,5309,125
03:27:05.187,active,15277,704,10784,16787,0,95,60.0,45.5,No,2400,2400,0,5322,125
03:27:06.184,sleep,15292,402,6154,16786,0,95,57.3,34.6,No,2400,2400,0,5345,125
03:27:07.184,sleep,15303,424,7040,16787,9,95,56.2,-0.0,No,2400,2400,0,5368,125
03:27:08.184,sleep,15301,486,7466,16788,12,95,55.1,0.0,No,2400,2400,0,5380,125
03:27:09.184,sleep,15299,554,7600,16789,9,95,55.1,-0.0,No,2400,2400,0,5380,125
03:27:10.184,sleep,15303,456,6982,16789,5,95,54.5,0.0,No,2400,2400,0,4628,75
03:27:11.184,sleep,15303,332,5342,16789,8,95,54.0,0.0,No,1500,2400,0,3449,75
03:27:12.185,sleep,15303,560,8584,16790,16,95,52.9,0.0,No,1500,2400,0,3301,75
03:27:13.184,sleep,15303,214,3298,16790,13,95,52.4,0.0,No,1500,2400,0,3278,75
03:27:14.185,sleep,15303,286,4378,16790,16,95,52.4,0.0,No,1500,2400,0,3270,75
03:27:15.184,sleep,15301,264,4050,16789,11,95,51.8,0.0,No,1500,2400,0,3275,75
03:27:16.184,sleep,15305,314,5400,16790,11,95,51.2,-0.0,No,1500,2400,0,3272,75
03:27:17.184,sleep,15307,364,5594,16790,11,95,51.2,0.0,No,1500,2400,0,3267,75
03:27:18.184,sleep,15301,278,4186,16790,10,95,50.7,0.0,No,1500,2400,0,3269,75
03:27:19.184,sleep,15299,340,5208,16790,10,95,51.2,0.0,No,1500,2400,0,3262,75
03:27:20.185,sleep,15301,294,4514,16790,10,95,50.1,0.0,No,1500,2400,0,3261,75
03:27:21.188,active,15320,414,6346,16788,5,95,53.5,29.3,No,2400,2400,0,3250,75
03:27:22.185,active,15341,542,8314,16786,-9,95,54.5,44.9,No,2400,2400,0,3210,75
03:27:23.185,active,15333,484,8044,16786,-8,95,54.5,46.4,No,2400,2400,0,3202,75
03:27:24.184,active,15258,706,10802,16787,-9,95,55.1,48.0,No,2400,2400,0,3202,75
03:27:25.184,active,15260,754,11554,16787,-10,95,56.2,47.7,No,2400,2400,0,3194,75
03:27:26.184,active,15256,740,11324,16788,-6,95,56.8,47.5,No,2400,2400,0,3188,75
03:27:27.188,active,15286,870,13310,16787,-4,95,57.3,46.8,No,2400,2400,0,3187,75
03:27:28.185,active,15271,698,11966,16786,-9,95,56.8,46.6,No,2400,2400,0,3188,75
03:27:29.184,active,15303,752,11478,16785,-6,95,56.8,47.0,No,2400,2400,0,3182,75
03:27:30.184,active,15271,584,10996,16784,-7,95,56.8,48.5,No,2400,2400,0,3178,75
03:27:31.184,active,15266,814,12480,16786,0,95,57.9,49.6,No,2400,2400,0,3168,75
03:27:32.185,active,15307,448,11864,16787,-3,95,57.3,49.2,No,2400,2400,0,3161,75
03:27:33.185,active,15281,538,8256,16784,-5,95,57.9,48.7,No,2400,2400,0,3162,75
03:27:34.189,active,15281,694,10648,16787,0,95,58.4,48.1,No,2400,2400,0,3158,75
03:27:35.184,active,15296,860,7466,16787,0,95,57.3,47.9,No,2400,2400,0,3157,75
03:27:36.184,active,15288,688,10552,16786,0,95,57.9,48.8,No,2400,2400,0,3154,75
03:27:37.184,active,15290,750,10378,16785,-4,95,57.9,48.7,No,2400,2400,0,3140,75
03:27:38.185,active,15288,782,11980,16785,-6,95,58.4,48.1,No,2400,2400,0,3150,75
03:27:39.185,active,15286,804,10744,16786,-7,95,59.0,49.2,No,2400,2400,0,3152,75
03:27:40.184,active,15286,824,12616,16786,-4,95,57.9,50.6,No,2400,2400,0,3141,75
03:27:41.184,active,15277,828,12694,16786,-5,95,57.9,46.3,No,2400,2400,0,3146,75
03:27:42.188,active,15292,622,9548,16787,-5,95,59.0,46.8,No,2400,2400,0,3136,75
03:27:43.185,active,15318,496,7638,16787,0,95,59.0,49.4,No,2400,2400,0,3139,75
03:27:44.189,active,15296,630,7928,16788,0,95,59.0,47.5,No,2400,2400,0,3131,75
03:27:45.185,active,15322,476,7310,16786,0,95,59.0,45.5,No,2400,2400,0,3136,75
03:27:46.184,active,15354,510,5014,16786,0,95,57.9,48.5,No,2400,2400,0,3128,75
03:27:47.184,active,15324,518,7948,16786,0,95,59.5,49.6,No,2400,2400,0,3124,75
03:27:48.190,active,15359,526,8064,16786,-4,95,59.5,51.6,No,2400,2400,0,3110,75
03:27:49.185,active,15363,458,7060,16785,-4,95,59.5,50.5,No,2400,2400,0,3119,75
03:27:50.185,active,15305,646,9934,16786,-8,95,59.5,50.1,No,2400,2400,0,3119,75
03:27:51.188,active,15348,448,7654,16785,-8,95,58.4,48.0,No,2400,2400,0,3113,75
03:27:52.184,active,15318,506,7774,16786,-7,95,59.0,51.4,No,2400,2400,0,3923,125
03:27:53.184,active,15311,772,11824,16784,-9,95,58.4,48.9,No,2400,2400,0,5120,125
03:27:54.185,active,15292,654,10012,16785,-6,95,59.5,51.9,No,2400,2400,0,5204,125
03:27:55.185,active,15301,666,10166,16784,-8,95,59.5,51.8,No,2400,2400,0,5219,125
03:27:56.186,active,15305,528,8102,16786,-6,95,59.5,46.5,No,2400,2400,0,5219,125
03:27:57.184,active,15299,566,8680,16786,-9,95,59.0,46.1,No,2400,2400,0,5233,125
03:27:58.184,active,15309,514,12242,16786,-9,95,59.5,46.5,No,2400,2400,0,5232,125
03:27:59.184,active,15314,442,6790,16785,-9,95,59.5,46.1,No,2400,2400,0,5242,125
03:28:00.185,active,15318,470,7580,16787,-4,95,59.5,45.0,No,2400,2400,0,5250,125
03:28:01.189,active,15326,530,8140,16785,-6,95,59.5,48.5,No,2400,2400,0,5266,125
03:28:02.185,active,15262,806,12366,16785,-7,95,59.5,49.0,No,2400,2400,0,5277,125
03:28:03.184,active,15277,724,11092,16784,-5,95,59.0,49.6,No,2400,2400,0,5287,125
03:28:04.184,active,15309,798,12230,16786,-4,95,59.5,45.4,No,2400,2400,0,5298,125
03:28:05.185,active,15299,808,12916,16787,0,95,59.5,47.4,No,2400,2400,0,5299,125
03:28:06.185,active,15268,852,13040,16787,0,95,60.0,44.8,No,2400,2400,0,5312,125
03:28:07.185,active,15296,562,11864,16786,-4,95,59.5,44.7,No,2400,2400,0,5322,125
03:28:08.184,active,15322,560,8584,16785,-4,95,59.0,47.0,No,2400,2400,0,5327,125
03:28:09.184,active,15286,708,12114,16786,0,95,59.5,46.6,No,2400,2400,0,5334,125
03:28:10.184,active,15283,634,9722,16785,-5,95,58.4,46.8,No,2400,2400,0,5343,125
03:28:11.187,active,15264,730,9144,16784,-4,95,60.0,44.8,No,2400,2400,0,5352,125
03:28:12.188,active,15341,504,7986,16785,-3,95,59.0,45.6,No,2400,2400,0,5355,125
03:28:13.185,active,15546,444,6848,16785,-3,95,58.4,52.9,No,2400,2400,0,5349,125
03:28:14.184,active,15326,590,8334,16787,0,95,59.0,50.3,No,2400,2400,0,5364,125
03:28:15.184,active,15314,566,8680,16786,0,95,59.5,49.9,No,2400,2400,0,5367,125
03:28:16.186,active,15339,472,8024,16785,-3,95,60.0,48.1,No,2400,2400,0,5376,125
03:28:17.189,active,15296,658,10108,16786,0,95,60.0,48.8,No,2400,2400,0,5377,125
03:28:18.188,active,15288,634,9722,16785,0,95,59.0,46.9,No,2400,2400,0,5377,125
03:28:19.186,active,15314,582,8932,16785,0,95,59.0,49.0,No,2400,2400,0,5393,125
03:28:20.184,active,15294,530,8160,16787,0,95,58.4,46.5,No,2400,2400,0,5400,125
03:28:21.184,sleep,15296,486,7620,16787,0,95,56.8,30.2,No,2400,2400,0,5414,125
03:28:22.184,sleep,15301,432,6616,16788,8,95,56.2,0.0,No,2400,2400,0,5437,125
03:28:23.184,sleep,15303,426,6230,16787,7,95,55.1,0.0,No,2400,2400,0,5447,125
03:28:24.184,sleep,15299,464,7138,16788,5,95,54.5,0.0,No,2400,2400,0,5452,125
03:28:25.184,sleep,15299,422,6924,16789,6,95,54.5,-0.0,No,2400,2400,0,4151,75
03:28:26.184,sleep,15301,554,8506,16788,7,95,52.9,0.0,No,1500,2400,0,3439,75
03:28:27.184,sleep,15299,456,6982,16790,14,95,52.9,-0.0,No,1500,2400,0,3345,75
03:28:28.184,sleep,15301,474,7272,16788,11,95,52.4,0.0,No,1500,2400,0,3336,75
03:28:29.184,sleep,15305,422,6482,16788,9,95,52.4,0.0,No,1500,2400,0,3321,75
03:28:30.184,sleep,15303,516,7928,16788,10,95,51.8,0.0,No,1500,2400,0,3313,75
03:28:31.184,sleep,15299,382,5884,16790,14,95,51.2,0.0,No,1500,2400,0,3317,75
03:28:32.184,sleep,15290,498,7658,16791,13,95,51.2,-0.0,No,1500,2400,0,3313,75
03:28:33.184,sleep,15299,332,5112,16790,12,95,50.7,0.3,No,1500,2400,0,3306,75
03:28:34.185,sleep,15296,424,7330,16789,9,95,50.7,0.0,No,1500,2400,0,3301,75
03:28:35.185,sleep,15294,534,8178,16789,10,95,50.7,0.0,No,1500,2400,0,3290,75
03:28:36.184,active,15281,648,9916,16789,9,95,52.4,25.5,No,2400,2400,0,3267,75
03:28:37.184,active,15241,802,12268,16786,-5,95,53.5,48.7,No,2400,2400,0,3251,75
03:28:38.184,active,15305,850,12982,16785,0,95,55.1,49.0,No,2400,2400,0,3242,75
03:28:39.185,active,15264,534,12786,16785,-5,95,56.2,48.2,No,2400,2400,0,3234,75
03:28:40.185,active,15361,484,7446,16786,0,95,55.6,47.8,No,2400,2400,0,3228,75
03:28:41.185,active,15324,528,8120,16786,-5,95,55.6,47.7,No,2400,2400,0,3211,75
03:28:42.184,active,15331,624,9606,16786,-6,95,55.6,48.6,No,2400,2400,0,3207,75
03:28:43.184,active,15294,454,7002,16784,-9,95,57.3,48.7,No,2400,2400,0,3213,75
03:28:44.184,active,15305,642,6530,16785,-5,95,56.8,48.8,No,2400,2400,0,3210,75
03:28:45.188,active,15294,672,10340,16784,-11,95,57.9,47.9,No,2400,2400,0,3205,75
03:28:46.185,active,15296,760,7658,16785,-9,95,56.8,53.7,No,2400,2400,0,3199,75
03:28:47.184,active,15288,692,10628,16785,-8,95,56.8,47.0,No,2400,2400,0,3196,75
03:28:48.184,active,15290,822,9876,16785,-7,95,56.8,46.9,No,2400,2400,0,3179,75
03:28:49.184,active,15299,798,12230,16784,-11,95,57.9,46.3,No,2400,2400,0,3178,75
03:28:50.185,active,15314,470,7194,16783,-15,95,58.4,46.4,No,2400,2400,0,3175,75
03:28:51.185,active,15322,478,7080,16783,-12,95,58.4,48.5,No,2400,2400,0,3155,75
03:28:52.190,active,15344,446,6848,16785,-9,95,58.4,46.7,No,2400,2400,0,3167,75
03:28:53.184,active,15326,460,7562,16784,-8,95,57.9,49.9,No,2400,2400,0,3164,75
03:28:54.184,active,15320,482,7408,16786,-8,95,57.9,49.2,No,2400,2400,0,3161,75
03:28:55.189,active,15376,466,8796,16785,-11,95,59.5,49.5,No,2400,2400,0,3160,75
03:28:56.185,active,15326,464,7138,16786,-10,95,59.0,50.1,No,2400,2400,0,3153,75
03:28:57.185,active,15352,474,7292,16786,-7,95,59.5,49.0,No,2400,2400,0,3153,75
03:28:58.185,active,15335,508,7832,16786,-5,95,59.0,49.9,No,2400,2400,0,3150,75
03:28:59.184,active,15268,726,11112,16786,-4,95,58.4,49.9,No,2400,2400,0,3141,75
03:29:00.184,active,15286,704,12848,16785,-7,95,59.0,52.3,No,2400,2400,0,3137,75
03:29:01.195,active,15271,770,11786,16785,-7,95,59.0,51.1,No,2400,2400,0,3132,75
03:29:02.188,active,15316,586,10784,16784,-9,95,59.5,50.5,No,2400,2400,0,3135,75
03:29:03.185,active,15290,660,10128,16783,-11,95,58.4,45.1,No,2400,2400,0,4726,125
03:29:04.184,active,15309,766,11728,16784,-7,95,59.0,49.0,No,2400,2400,0,5202,125
03:29:05.184,active,15320,522,8024,16787,0,95,59.0,49.2,No,2400,2400,0,5233,125
03:29:06.184,active,15305,578,8854,16785,-3,95,59.0,44.5,No,2400,2400,0,5245,125
03:29:07.188,active,15309,448,10982,16784,-8,95,59.0,44.1,No,2400,2400,0,5256,125
03:29:08.185,active,15320,520,7986,16786,-9,95,59.5,48.6,No,2400,2400,0,5247,125
03:29:09.185,active,15281,824,12636,16787,-5,95,59.0,47.1,No,2400,2400,0,5265,125
03:29:10.184,active,15281,776,11902,16785,0,95,59.5,50.1,No,2400,2400,0,5270,125
03:29:11.184,active,15268,870,13350,16785,0,95,59.5,48.2,No,2400,2400,0,5272,125
03:29:12.185,active,15273,872,12344,16783,-4,95,59.5,46.8,No,2400,2400,0,5286,125
03:29:13.189,active,15316,812,12442,16785,0,95,58.4,46.2,No,2400,2400,0,5294,125
03:29:14.185,active,15266,776,12848,16786,0,95,60.0,46.9,No,2400,2400,0,5304,125
03:29:15.184,active,15273,798,12210,16786,-3,95,59.0,46.4,No,2400,2400,0,5311,125
03:29:16.184,active,15322,592,12596,16786,0,95,59.0,46.8,No,2400,2400,0,5319,125
03:29:17.184,active,15266,780,11940,16785,0,95,60.0,47.0,No,2400,2400,0,5326,125
03:29:18.185,active,15357,514,7890,16785,0,95,59.5,46.1,No,2400,2400,0,5338,125
03:29:19.185,active,15339,528,8294,16785,0,95,59.0,49.6,No,2400,2400,0,5340,125
03:29:20.185,active,15318,406,6250,16785,-3,95,58.4,51.6,No,2400,2400,0,5341,125
03:29:21.184,active,15337,496,7388,16785,-5,95,58.4,45.9,No,2400,2400,0,5346,125
03:29:22.184,active,15326,484,7446,16786,0,95,59.5,44.2,No,2400,2400,0,5360,125
03:29:23.184,active,15344,448,7562,16788,0,95,59.0,43.9,No,2400,2400,0,5360,125
03:29:24.189,active,15359,520,8006,16787,0,95,59.0,48.1,No,2400,2400,0,5379,125
03:29:25.185,active,15307,520,8006,16785,0,95,59.0,48.1,No,2400,2400,0,5382,125
03:29:26.185,active,15346,538,8276,16785,0,95,58.4,46.7,No,2400,2400,0,5387,125
03:29:27.184,active,15320,484,7446,16785,-3,95,59.0,45.6,No,2400,2400,0,5389,125
03:29:28.191,active,15318,468,12268,16784,-5,95,59.5,48.6,No,2400,2400,0,5400,125
03:29:29.185,active,15294,528,8102,16785,-4,95,59.5,46.5,No,2400,2400,0,5399,125
03:29:30.185,active,15311,688,9394,16786,0,95,59.0,47.1,No,2400,2400,0,5398,125
03:29:31.185,active,15283,496,7620,16788,0,95,59.5,48.9,No,2400,2400,0,5403,125
03:29:32.184,active,15316,692,10628,16787,0,95,58.4,49.1,No,2400,2400,0,5405,125
03:29:33.184,active,15309,532,8160,16785,-4,95,59.5,48.0,No,2400,2400,0,5407,125
03:29:34.187,active,15316,516,7908,16786,-4,95,59.5,47.9,No,2400,2400,0,5414,125
03:29:35.188,active,15314,494,9648,16784,-5,95,59.5,47.0,No,2400,2400,0,5417,125
03:29:36.184,sleep,15292,492,7542,16785,-4,95,56.8,32.7,No,2400,2400,0,5441,125
03:29:37.184,sleep,15299,436,7600,16788,5,95,55.1,0.0,No,2400,2400,0,5463,125
03:29:38.184,sleep,15299,522,8024,16788,6,95,55.6,0.0,No,2400,2400,0,5466,125
03:29:39.184,sleep,15299,550,8448,16788,6,95,54.5,0.3,No,2400,2400,0,5470,125
03:29:40.184,sleep,15296,462,7080,16788,6,95,54.5,-0.0,No,2400,2400,0,3845,75
03:29:41.185,sleep,15294,480,7350,16788,6,95,52.9,0.0,No,1500,2400,0,3410,75
03:29:42.185,sleep,15299,476,7310,16788,11,95,52.4,0.3,No,1500,2400,0,3346,75
03:29:43.184,sleep,15301,334,5112,16788,12,95,52.4,0.0,No,1500,2400,0,3336,75
03:29:44.184,sleep,15301,476,7310,16788,9,95,52.4,0.0,No,1500,2400,0,3337,75
03:29:45.184,sleep,15296,534,8198,16789,12,95,51.2,0.0,No,1500,2400,0,3335,75
03:29:46.184,sleep,15299,382,5150,16790,11,95,51.2,0.0,No,1500,2400,0,3326,75
03:29:47.185,sleep,15305,304,4648,16790,10,95,51.2,-0.0,No,1500,2400,0,3326,75
03:29:48.185,sleep,15301,462,7098,16788,10,95,50.7,0.0,No,1500,2400,0,3312,75
03:29:49.184,sleep,15305,348,5342,16788,7,95,50.7,-0.0,No,1500,2400,0,3295,75
03:29:50.184,sleep,15303,388,5960,16788,7,95,50.7,0.0,No,1500,2400,0,3298,75
03:29:51.186,active,15367,398,7414,16788,9,95,53.5,26.2,No,2400,2400,0,3277,75
03:29:52.185,active,15335,462,7098,16786,-14,95,54.5,48.6,No,2400,2400,0,3256,75
03:29:53.186,active,15294,698,9838,16786,-7,95,55.6,52.8,No,2400,2400,0,3252,75
03:29:54.184,active,15320,650,9972,16787,-3,95,54.5,49.9,No,2400,2400,0,3240,75
03:29:55.184,active,15324,706,7466,16786,-3,95,55.6,48.2,No,2400,2400,0,3236,75
03:29:56.184,active,15305,480,7350,16785,-5,95,56.8,50.8,No,2400,2400,0,3234,75
03:29:57.185,active,15311,554,8488,16785,-6,95,56.8,46.7,No,2400,2400,0,3228,75
03:29:58.185,active,15299,492,6732,16785,0,95,56.8,44.7,No,2400,2400,0,3218,75
03:29:59.188,active,15309,446,6828,16787,0,95,57.3,46.9,No,2400,2400,0,3212,75
03:30:00.184,active,15314,472,6366,16786,-6,95,57.3,48.6,No,2400,2400,0,3213,75
03:30:01.184,active,15341,486,7466,16785,-11,95,57.3,47.3,No,2400,2400,0,3204,75
03:30:02.184,active,15322,530,8448,16785,-10,95,59.0,48.2,No,2400,2400,0,3199,75
03:30:03.185,active,15314,490,7504,16785,-7,95,58.4,52.4,No,2400,2400,0,3172,75
03:30:04.185,active,15329,494,6886,16785,-7,95,58.4,48.7,No,2400,2400,0,3183,75
03:30:05.184,active,15326,412,6346,16783,-10,95,57.9,50.4,No,2400,2400,0,3191,75
03:30:06.184,active,15253,818,12520,16784,-8,95,58.4,51.3,No,2400,2400,0,3183,75
03:30:07.184,active,15264,830,11902,16785,-7,95,59.5,51.8,No,2400,2400,0,3172,75
03:30:08.185,active,15281,674,10340,16787,-5,95,59.0,48.4,No,2400,2400,0,3167,75
03:30:09.189,active,15275,686,12308,16787,-5,95,59.5,47.6,No,2400,2400,0,3166,75
03:30:10.189,active,15268,878,13446,16787,-4,95,58.4,46.1,No,2400,2400,0,3162,75
03:30:11.184,active,15281,794,12152,16786,0,95,57.9,43.2,No,2400,2400,0,3149,75
03:30:12.184,active,15253,660,10108,16784,-5,95,59.0,48.6,No,2400,2400,0,3146,75
03:30:13.184,active,15301,784,11998,16784,-4,95,58.4,46.5,No,2400,2400,0,3160,75
03:30:14.185,active,15286,642,9838,16785,-4,95,58.4,45.9,No,2400,2400,0,3159,75
03:30:15.185,active,15324,614,9432,16785,0,95,58.4,46.6,No,2400,2400,0,3155,75
03:30:16.185,active,15290,348,7156,16785,-6,95,58.4,49.0,No,2400,2400,0,3148,75
03:30:17.184,active,15290,834,12770,16784,-6,95,59.0,49.5,No,2400,2400,0,3133,75
03:30:18.184,active,15288,630,9664,16785,-5,95,59.5,50.5,No,2400,2400,0,3136,75
03:30:19.185,active,15290,854,13078,16786,-4,95,59.5,46.7,No,2400,2400,0,3129,75
03:30:20.185,active,15281,840,12886,16784,-6,95,60.0,45.7,No,2400,2400,0,3128,75
03:30:21.185,active,15286,780,8854,16784,-7,95,59.0,46.2,No,2400,2400,0,3131,75
03:30:22.184,active,15268,834,12770,16785,-4,95,59.0,46.5,No,2400,2400,0,3130,75
03:30:23.184,active,15275,770,11382,16786,-3,95,59.0,45.5,No,2400,2400,0,3135,75
03:30:24.184,active,15288,824,12636,16785,0,95,59.5,46.4,No,2400,2400,0,3120,75
03:30:25.185,active,15339,496,7620,16785,-3,95,59.5,45.6,No,2400,2400,0,3124,75
03:30:26.185,active,15337,426,6538,16786,-5,95,59.5,46.8,No,2400,2400,0,3112,75
03:30:27.188,active,15318,450,6924,16785,-6,95,59.0,51.1,No,2400,2400,0,3112,75
03:30:28.184,active,15320,482,6810,16785,-4,95,58.4,43.6,No,2400,2400,0,3111,75
03:30:29.184,active,15339,478,7350,16784,-7,95,60.0,43.9,No,2400,2400,0,3109,75
03:30:30.185,active,15346,480,9046,16785,-6,95,60.0,45.5,No,2400,2400,0,4641,125
03:30:31.189,active,15354,512,7890,16784,-6,95,60.0,49.3,No,2400,2400,0,5178,125
03:30:32.185,active,15324,516,6674,16784,-7,95,60.0,48.9,No,2400,2400,0,5219,125
03:30:33.184,active,15331,538,8256,16785,-3,95,59.0,49.2,No,2400,2400,0,5221,125
03:30:34.184,active,15288,802,12288,16785,-4,95,59.5,48.0,No,2400,2400,0,5225,125
03:30:35.184,active,15238,832,13098,16785,-6,95,59.5,45.6,No,2400,2400,0,5233,125
03:30:36.188,active,15268,794,12134,16785,-5,95,59.5,46.3,No,2400,2400,0,5246,125
03:30:37.185,active,15273,516,13426,16785,0,95,59.5,47.8,No,2400,2400,0,5253,125
03:30:38.190,active,15266,680,10398,16785,-3,95,59.5,47.4,No,2400,2400,0,5262,125
03:30:39.184,active,15309,856,13098,16784,-5,95,59.0,49.2,No,2400,2400,0,5270,125
03:30:40.185,active,15286,532,8160,16786,-4,95,59.5,47.8,No,2400,2400,0,5282,125
03:30:41.188,active,15309,668,10224,16785,-3,95,59.5,50.0,No,2400,2400,0,5295,125
03:30:42.185,active,15305,434,12306,16786,-7,95,60.0,47.6,No,2400,2400,0,5298,125
03:30:43.186,active,15288,802,9008,16785,-6,95,59.5,47.0,No,2400,2400,0,5310,125
03:30:44.185,active,15286,772,11998,16785,-4,95,60.0,47.8,No,2400,2400,0,5323,125
03:30:45.184,active,15294,754,11554,16784,-3,95,59.0,47.4,No,2400,2400,0,5333,125
03:30:46.184,active,15292,730,11208,16784,-4,95,59.5,46.3,No,2400,2400,0,5336,125
03:30:47.184,active,15301,776,11922,16784,-4,95,61.1,46.2,No,2400,2400,0,5346,125
03:30:48.188,active,15288,838,12848,16784,-5,95,60.0,47.2,No,2400,2400,0,5350,125
03:30:49.189,active,15281,782,11960,16785,-4,95,59.5,47.1,No,2400,2400,0,5353,125
03:30:50.184,active,15279,776,11882,16786,-4,95,59.0,46.7,No,2400,2400,0,5369,125
03:30:51.184,sleep,15301,498,7382,16786,-3,95,57.9,34.8,No,2400,2400,0,5385,125
03:30:52.184,sleep,15294,468,7176,16787,9,95,56.2,0.0,No,2400,2400,0,5410,125
03:30:53.184,sleep,15309,488,7310,16786,3,95,55.6,0.0,No,2400,2400,0,5412,125
03:30:54.184,sleep,15296,510,7812,16786,3,95,54.5,0.0,No,2400,2400,0,5426,125
03:30:55.184,sleep,15290,472,7234,16787,5,95,55.6,0.0,No,2400,2400,0,5393,75
03:30:56.185,sleep,15303,370,5670,16788,9,95,53.5,0.0,No,1500,2400,0,3614,75
03:30:57.184,sleep,15299,522,8006,16789,16,95,54.0,-0.0,No,1500,2400,0,3347,75
03:30:58.184,sleep,15307,494,6300,16789,15,95,52.4,0.0,No,1500,2400,0,3318,75
03:30:59.184,sleep,15299,518,7966,16788,10,95,51.8,-0.0,No,1500,2400,0,3316,75
03:31:00.184,sleep,15296,540,8294,16787,9,95,51.8,0.0,No,1500,2400,0,3313,75
03:31:01.184,sleep,15305,380,5844,16788,12,95,51.8,2.0,No,1500,2400,0,3307,75
03:31:02.184,sleep,15307,540,8758,16789,9,95,51.2,0.3,No,1500,2400,0,3294,75
03:31:03.184,sleep,15303,282,4340,16789,15,95,51.8,0.0,No,1500,2400,0,3301,75
03:31:04.185,sleep,15301,294,4514,16790,16,95,51.2,0.0,No,1500,2400,0,3293,75
03:31:05.185,sleep,15305,544,8352,16789,14,95,50.7,-0.0,No,1500,2400,0,3290,75
03:31:06.185,active,15305,764,11728,16788,10,95,52.4,23.5,No,2400,2400,0,3279,75
03:31:07.184,active,15307,354,5440,16785,-10,95,54.0,45.9,No,2400,2400,0,3245,75
03:31:08.184,active,15311,480,7368,16785,-10,95,55.6,49.2,No,2400,2400,0,3236,75
03:31:09.185,active,15307,476,10262,16786,-3,95,55.6,46.8,No,2400,2400,0,3219,75
03:31:10.185,active,15320,496,7620,16784,0,95,56.2,53.3,No,2400,2400,0,3212,75
03:31:11.185,active,15311,512,8178,16784,-5,95,56.8,51.0,No,2400,2400,0,3209,75
03:31:12.184,active,15286,786,12056,16785,-5,95,57.3,51.4,No,2400,2400,0,3197,75
03:31:13.184,active,15275,790,12114,16784,-4,95,57.9,51.9,No,2400,2400,0,3207,75
03:31:14.184,active,15288,766,11728,16785,-6,95,58.4,49.5,No,2400,2400,0,3198,75
03:31:15.185,active,15279,730,11170,16785,-7,95,58.4,49.5,No,2400,2400,0,3196,75
03:31:16.189,active,15277,786,12366,16785,-4,95,58.4,48.5,No,2400,2400,0,3194,75
03:31:17.185,active,15283,874,13388,16788,0,95,58.4,49.2,No,2400,2400,0,3187,75
03:31:18.184,active,15277,622,11864,16787,0,95,58.4,47.8,No,2400,2400,0,3187,75
03:31:19.184,active,15305,706,10822,16787,0,95,58.4,47.5,No,2400,2400,0,3185,75
03:31:20.185,active,15275,634,10590,16784,-5,95,59.0,47.5,No,2400,2400,0,3180,75
03:31:21.185,active,15344,806,12326,16784,-5,95,57.9,46.1,No,2400,2400,0,3178,75
03:31:22.185,active,15292,412,6326,16784,-5,95,58.4,46.6,No,2400,2400,0,3172,75
03:31:23.185,active,15320,764,7716,16786,-3,95,56.8,48.1,No,2400,2400,0,3168,75
03:31:24.184,active,15290,478,7350,16785,-4,95,58.4,49.2,No,2400,2400,0,3167,75
03:31:25.184,active,15290,692,7774,16785,-6,95,59.0,49.4,No,2400,2400,0,3160,75
03:31:26.185,active,15367,474,7292,16785,-6,95,59.5,48.2,No,2400,2400,0,3158,75
03:31:27.189,active,15290,788,13078,16786,0,95,58.4,47.2,No,2400,2400,0,3892,125
03:31:28.188,active,15290,812,12442,16786,-5,95,59.0,45.4,No,2400,2400,0,5159,125
03:31:29.184,active,15288,702,10784,16786,0,95,58.4,46.2,No,2400,2400,0,5254,125
03:31:30.184,active,15283,826,12674,16785,0,95,59.5,46.9,No,2400,2400,0,5265,125
03:31:31.185,active,15303,542,8314,16786,0,95,60.0,46.5,No,2400,2400,0,5265,125
03:31:32.185,active,15305,474,8680,16787,0,95,58.4,45.4,No,2400,2400,0,5265,125
03:31:33.185,active,15311,476,7330,16786,0,95,59.0,44.8,No,2400,2400,0,5274,125
03:31:34.184,active,15309,482,9374,16785,0,95,59.0,43.3,No,2400,2400,0,5278,125
03:31:35.184,active,15316,504,7754,16785,0,95,58.4,47.4,No,2400,2400,0,5291,125
03:31:36.184,active,15314,518,7966,16785,0,95,59.5,44.0,No,2400,2400,0,5298,125
03:31:37.185,active,15318,516,7908,16786,0,95,59.0,46.2,No,2400,2400,0,5308,125
03:31:38.188,active,15337,464,7138,16787,0,95,59.0,47.6,No,2400,2400,0,5313,125
03:31:39.185,active,15326,464,7394,16787,0,95,58.4,49.2,No,2400,2400,0,5335,125
03:31:40.184,active,15283,832,12752,16785,0,95,58.4,48.9,No,2400,2400,0,5337,125
03:31:41.184,active,15286,842,12886,16786,0,95,59.5,47.6,No,2400,2400,0,5340,125
03:31:42.184,active,15286,732,11208,16787,0,95,60.0,47.0,No,2400,2400,0,5343,125
03:31:43.188,active,15266,784,12038,16785,-4,95,60.0,48.6,No,2400,2400,0,5351,125
03:31:44.187,active,15279,740,10830,16786,0,95,58.4,48.9,No,2400,2400,0,5359,125
03:31:45.188,active,15253,814,12480,16785,0,95,59.0,48.6,No,2400,2400,0,5363,125
03:31:46.184,active,15241,700,13022,16784,-3,95,59.0,47.5,No,2400,2400,0,5374,125
03:31:47.184,active,15277,624,9548,16784,0,95,59.5,47.9,No,2400,2400,0,5373,125
03:31:48.185,active,15275,770,12076,16784,-3,95,59.5,49.0,No,2400,2400,0,5381,125
03:31:49.189,active,15277,712,10898,16785,-3,95,59.0,47.5,No,2400,2400,0,5392,125
03:31:50.185,active,15296,490,7542,16785,-4,95,59.5,47.2,No,2400,2400,0,5397,125
03:31:51.185,active,15316,638,7292,16787,-3,95,57.9,46.7,No,2400,2400,0,5402,125
03:31:52.184,active,15292,578,8892,16787,-4,95,59.0,47.6,No,2400,2400,0,5403,125
03:31:53.184,active,15292,844,7928,16785,-5,95,60.0,47.5,No,2400,2400,0,5408,125
03:31:54.185,active,15331,634,9760,16784,-4,95,60.0,47.0,No,2400,2400,0,5408,125
03:31:55.189,active,15290,868,9916,16784,-7,95,59.5,46.9,No,2400,2400,0,5414,125
03:31:56.185,active,15288,756,11594,16784,-5,95,59.0,46.5,No,2400,2400,0,5421,125
03:31:57.184,active,15292,674,10378,16785,-4,95,59.0,47.0,No,2400,2400,0,5421,125
03:31:58.184,active,15283,776,11882,16785,-4,95,58.4,47.6,No,2400,2400,0,5424,125
03:31:59.191,active,15286,800,12268,16786,-3,95,59.0,48.2,No,2400,2400,0,5425,125
03:32:00.189,active,15311,404,6944,16785,-6,95,60.0,48.4,No,2400,2400,0,5429,125
03:32:01.185,active,15301,504,7736,16784,0,95,58.4,48.0,No,2400,2400,0,5436,125
03:32:02.184,active,15318,526,8082,16784,0,95,59.0,48.1,No,2400,2400,0,5439,125
03:32:03.184,active,15316,536,8236,16785,0,95,57.9,48.8,No,2400,2400,0,5436,125
03:32:04.184,active,15320,462,7098,16786,0,95,59.5,49.0,No,2400,2400,0,5445,125
03:32:05.184,active,15318,562,8642,16786,0,95,59.5,48.6,No,2400,2400,0,5452,125
03:32:06.185,sleep,15301,488,7484,16786,0,95,56.8,36.6,No,1500,2400,0,5457,125
03:32:07.185,sleep,15303,366,5120,16788,11,95,55.6,-0.0,No,1500,2400,0,5497,125
03:32:08.184,sleep,15303,552,8468,16786,8,95,53.5,0.0,No,1500,2400,0,4631,75
03:32:09.184,sleep,15301,608,8082,16787,9,95,53.5,1.2,No,1500,2400,0,3538,75
03:32:10.184,sleep,15294,470,7194,16786,6,95,52.4,0.5,No,1500,2400,0,3368,75
03:32:11.184,sleep,15303,480,7350,16786,5,95,52.4,0.0,No,1500,2400,0,3350,75
03:32:12.184,sleep,15303,328,5014,16788,8,95,51.2,0.0,No,1500,2400,0,3351,75
03:32:13.185,sleep,15307,606,9298,16789,8,95,50.7,0.0,No,1500,2400,0,3331,75
03:32:14.184,sleep,15303,544,8352,16786,8,95,51.2,0.0,No,1500,2400,0,3326,75
03:32:15.184,sleep,15303,456,6982,16789,7,95,51.2,-0.0,No,1500,2400,0,3332,75
03:32:16.184,sleep,15307,428,4274,16788,9,95,50.7,-0.0,No,1500,2400,0,3316,75
03:32:17.184,sleep,15301,252,3876,16788,9,95,50.7,0.0,No,1500,2400,0,3320,75
03:32:18.184,sleep,15303,484,7426,16788,9,95,49.0,0.0,No,1500,2400,0,3308,75
03:32:19.184,sleep,15303,182,2796,16788,7,95,50.1,0.3,No,1500,2400,0,3309,75
03:32:20.184,sleep,15294,510,7832,16788,8,95,50.1,0.0,No,1500,2400,0,3311,75
03:32:21.184,active,15303,856,13136,16788,12,95,52.4,23.5,No,2400,2400,0,3303,75
03:32:22.185,active,15271,812,12442,16783,-7,95,54.0,51.9,No,2400,2400,0,3263,75
03:32:23.189,active,15279,748,13136,16785,-5,95,55.6,50.0,No,2400,2400,0,3249,75
03:32:24.185,active,15286,766,11728,16785,-5,95,55.6,50.8,No,2400,2400,0,3242,75
03:32:25.184,active,15286,792,9954,16784,-7,95,56.2,49.5,No,2400,2400,0,3246,75
03:32:26.184,active,15271,840,12866,16784,-7,95,56.8,46.6,No,2400,2400,0,3220,75
03:32:27.185,active,15354,494,7600,16786,-6,95,58.4,46.6,No,2400,2400,0,3229,75
03:32:28.189,active,15337,512,7234,16787,0,95,57.3,46.4,No,2400,2400,0,3226,75
03:32:29.185,active,15354,494,7600,16786,0,95,56.2,48.3,No,2400,2400,0,3213,75
03:32:30.184,active,15357,394,7774,16785,0,95,57.3,49.2,No,2400,2400,0,3216,75
03:32:31.184,active,15326,538,8256,16785,-4,95,57.3,50.6,No,2400,2400,0,3209,75
03:32:32.184,active,15346,472,7040,16785,0,95,59.0,49.6,No,2400,2400,0,3209,75
03:32:33.185,active,15367,466,7176,16785,-4,95,58.4,49.5,No,2400,2400,0,3200,75
03:32:34.187,active,15329,524,8064,16785,-6,95,58.4,47.8,No,2400,2400,0,3196,75
03:32:35.185,active,15363,416,6424,16785,-3,95,57.3,46.6,No,2400,2400,0,3183,75
03:32:36.184,active,15288,474,7292,16785,-3,95,57.9,45.6,No,2400,2400,0,3183,75
03:32:37.184,active,15264,758,9162,16786,0,95,58.4,46.9,No,2400,2400,0,3180,75
03:32:38.184,active,15249,700,10706,16785,0,95,58.4,47.0,No,2400,2400,0,3177,75
03:32:39.185,active,15286,562,11170,16784,0,95,58.4,43.5,No,2400,2400,0,3174,75
03:32:40.185,active,15281,612,9374,16785,-3,95,58.4,46.5,No,2400,2400,0,3162,75
03:32:41.186,active,15303,818,12480,16785,0,95,57.9,44.6,No,2400,2400,0,3172,75
03:32:42.184,active,15311,584,8950,16786,0,95,59.0,45.7,No,2400,2400,0,3162,75
03:32:43.184,active,15307,656,10070,16786,0,95,59.5,52.8,No,2400,2400,0,3164,75
03:32:44.184,active,15311,480,12726,16787,0,95,59.5,49.1,No,2400,2400,0,3159,75
03:32:45.185,active,15307,604,9278,16787,0,95,59.0,43.0,No,2400,2400,0,3156,75
03:32:46.185,active,15279,806,12346,16786,0,95,59.0,47.5,No,2400,2400,0,3153,75
03:32:47.184,active,15292,716,10976,16786,4,95,57.9,44.8,No,2400,2400,0,3143,75
03:32:48.184,active,15266,824,12616,16787,0,95,59.0,46.8,No,2400,2400,0,3146,75
03:32:49.184,active,15279,836,12808,16787,0,95,60.0,49.8,No,2400,2400,0,3138,75
03:32:50.185,active,15288,724,11092,16785,-7,95,59.0,46.7,No,2400,2400,0,4071,125
03:32:51.185,active,15288,836,10012,16785,-5,95,59.0,45.2,No,2400,2400,0,5164,125
03:32:52.185,active,15305,712,10898,16784,-5,95,58.4,48.5,No,2400,2400,0,5234,125
03:32:53.184,active,15281,740,12924,16784,-6,95,59.0,49.4,No,2400,2400,0,5251,125
03:32:54.184,active,15271,744,11400,16784,-5,95,58.4,48.9,No,2400,2400,0,5256,125
03:32:55.184,active,15268,788,12982,16785,0,95,60.0,46.4,No,2400,2400,0,5261,125
03:32:56.185,active,15326,462,7098,16785,0,95,59.0,45.4,No,2400,2400,0,5268,125
03:32:57.185,active,15352,440,6752,16785,-3,95,58.4,48.1,No,2400,2400,0,5275,125
03:32:58.184,active,15348,442,6810,16785,-4,95,58.4,47.6,No,2400,2400,0,5280,125
03:32:59.184,active,15294,440,6790,16786,0,95,59.0,48.2,No,2400,2400,0,5298,125
03:33:00.184,active,15359,502,7716,16785,0,95,59.5,47.6,No,2400,2400,0,5300,125
03:33:01.185,active,15288,492,7542,16786,4,95,60.0,48.0,No,2400,2400,0,5306,125
03:33:02.185,active,15320,506,7832,16785,0,95,59.0,46.6,No,2400,2400,0,5319,125
03:33:03.185,active,15546,520,8024,16787,4,95,59.0,46.7,No,2400,2400,0,5330,125
03:33:04.184,active,15318,706,8160,16786,0,95,59.0,48.0,No,2400,2400,0,5333,125
03:33:05.184,active,15309,636,9780,16785,0,95,59.0,47.2,No,2400,2400,0,5350,125
03:33:06.184,active,15311,642,9838,16785,0,95,59.5,47.5,No,2400,2400,0,5355,125
03:33:07.188,active,15305,488,7484,16786,-3,95,60.0,47.7,No,2400,2400,0,5360,125
03:33:08.185,active,15309,604,9278,16786,-3,95,59.0,47.8,No,2400,2400,0,5370,125
03:33:09.184,active,15309,492,7908,16785,-5,95,58.4,48.1,No,2400,2400,0,5381,125
03:33:10.184,active,15320,540,8276,16784,-3,95,58.4,48.9,No,2400,2400,0,5380,125
03:33:11.184,active,15307,510,7118,16784,-4,95,59.5,48.7,No,2400,2400,0,5388,125
03:33:12.185,active,15309,450,6906,16785,0,95,60.0,48.4,No,2400,2400,0,5387,125
03:33:13.185,active,15309,458,6404,16785,0,95,59.0,47.7,No,2400,2400,0,5395,125
03:33:14.188,active,15309,386,5922,16785,0,95,58.4,47.8,No,2400,2400,0,5403,125
03:33:15.184,active,15275,860,13176,16786,0,95,57.9,48.0,No,2400,2400,0,5398,125
03:33:16.184,active,15283,896,14488,16785,0,95,59.0,48.8,No,2400,2400,0,5404,125
03:33:17.184,active,15271,806,12346,16786,0,95,59.5,54.7,No,2400,2400,0,5415,125
03:33:18.188,active,15277,766,11670,16785,0,95,59.5,48.1,No,2400,2400,0,5422,125
03:33:19.185,active,15294,678,10378,16784,-4,95,59.5,44.9,No,2400,2400,0,5427,125
03:33:20.185,active,15241,854,12442,16787,0,95,58.4,49.7,No,2400,2400,0,5425,125
03:33:21.184,sleep,15301,450,6906,16786,-4,95,57.3,36.9,No,2400,2400,0,5438,125
03:33:22.184,sleep,15305,476,7948,16788,9,95,57.9,-0.0,No,2400,2400,0,5468,125
03:33:23.184,sleep,15299,462,7080,16788,7,95,55.1,0.0,No,2400,2400,0,5468,125
03:33:24.184,sleep,15294,478,7522,16788,9,95,55.1,0.0,No,2400,2400,0,5476,125
03:33:25.184,sleep,15296,486,7466,16786,6,95,54.0,0.0,No,2400,2400,0,5480,125
03:33:26.184,sleep,15296,492,7542,16786,6,95,54.5,0.0,No,2400,2400,0,4245,75
03:33:27.184,sleep,15299,352,8314,16788,13,95,52.4,0.0,No,1500,2400,0,3479,75
03:33:28.184,sleep,15299,398,6114,16789,14,95,52.9,-0.0,No,1500,2400,0,3355,75
03:33:29.184,sleep,15305,576,4880,16788,17,95,52.4,0.0,No,1500,2400,0,3342,75
03:33:30.184,sleep,15303,520,7966,16790,17,95,51.8,-0.0,No,1500,2400,0,3346,75
03:33:31.184,sleep,15301,528,7812,16788,14,95,51.2,0.0,No,1500,2400,0,3345,75
03:33:32.184,sleep,15303,616,9472,16788,13,95,50.7,0.0,No,1500,2400,0,3331,75
03:33:33.184,sleep,15299,296,6096,16788,13,95,51.2,0.0,No,1500,2400,0,3318,75
03:33:34.185,sleep,15294,512,7850,16788,14,95,50.7,0.3,No,1500,2400,0,3328,75
03:33:35.184,sleep,15301,530,8120,16789,14,95,50.7,-0.0,No,1500,2400,0,3325,75
03:33:36.189,active,15296,820,13330,16789,11,95,54.0,21.3,No,2400,2400,0,3317,75
03:33:37.184,active,15350,536,8236,16786,-3,95,53.5,44.9,No,2400,2400,0,3281,75
03:33:38.184,active,15337,484,7022,16785,-5,95,55.1,48.2,No,2400,2400,0,3268,75
03:33:39.184,active,15314,444,6828,16785,-6,95,56.2,43.7,No,2400,2400,0,3265,75
03:33:40.185,active,15357,434,7156,16784,-7,95,57.3,43.9,No,2400,2400,0,3253,75
03:33:41.184,active,15333,436,6712,16785,-4,95,56.8,48.5,No,2400,2400,0,3248,75
03:33:42.185,active,15318,498,7678,16786,-4,95,56.2,49.6,No,2400,2400,0,3242,75
03:33:43.184,active,15273,716,11420,16785,-4,95,56.8,46.3,No,2400,2400,0,3232,75
03:33:44.184,active,15277,818,12520,16785,0,95,57.3,47.0,No,2400,2400,0,3233,75
03:33:45.185,active,15281,612,11246,16785,0,95,57.9,47.0,No,2400,2400,0,3224,75
03:33:46.185,active,15281,598,9144,16785,0,95,57.9,46.2,No,2400,2400,0,3224,75
03:33:47.185,active,15247,826,12636,16786,0,95,58.4,43.4,No,2400,2400,0,3225,75
03:33:48.184,active,15279,648,9934,16786,0,95,57.3,47.3,No,2400,2400,0,3215,75
03:33:49.184,active,15273,752,11536,16785,0,95,57.9,47.9,No,2400,2400,0,3214,75
03:33:50.185,active,15314,654,10306,16784,0,95,59.5,47.0,No,2400,2400,0,3204,75
03:33:51.187,active,15331,710,10880,16786,0,95,59.0,54.3,No,2400,2400,0,3189,75
03:33:52.185,active,15309,382,12596,16785,3,95,57.9,43.1,No,2400,2400,0,3199,75
03:33:53.185,active,15322,674,10378,16788,6,95,59.0,43.4,No,2400,2400,0,3186,75
03:33:54.184,active,15275,802,12308,16787,0,95,57.9,47.9,No,2400,2400,0,3192,75
03:33:55.184,active,15281,724,10416,16787,0,95,58.4,45.4,No,2400,2400,0,3173,75
03:33:56.185,active,15281,638,9800,16787,0,95,58.4,47.2,No,2400,2400,0,3178,75
03:33:57.188,active,15294,860,6810,16787,0,95,58.4,45.6,No,2400,2400,0,3180,75
03:33:58.185,active,15292,698,10706,16786,0,95,58.4,44.0,No,2400,2400,0,3179,75
03:33:59.186,active,15290,762,12404,16785,-3,95,57.9,45.8,No,2400,2400,0,3171,75
03:34:00.184,active,15290,826,12674,16785,0,95,58.4,48.5,No,2400,2400,0,3166,75
03:34:01.184,active,15273,856,13136,16786,0,95,59.5,48.4,No,2400,2400,0,3166,75
03:34:02.185,active,15322,436,8506,16786,0,95,60.0,48.5,No,2400,2400,0,3159,75
03:34:03.185,active,15309,520,7986,16786,-5,95,59.0,48.3,No,2400,2400,0,3164,75
03:34:04.185,active,15318,456,7908,16785,-7,95,59.0,48.1,No,2400,2400,0,3155,75
03:34:05.184,active,15329,448,6886,16785,-5,95,59.5,48.0,No,2400,2400,0,4655,125
03:34:06.184,active,15329,476,6964,16785,0,95,57.9,48.0,No,2400,2400,0,5221,125
03:34:07.184,active,15348,492,7562,16785,0,95,60.0,48.2,No,2400,2400,0,5267,125
03:34:08.185,active,15357,464,7098,16786,-4,95,59.0,48.6,No,2400,2400,0,5265,125
03:34:09.185,active,15337,584,8990,16783,-3,95,59.5,47.2,No,2400,2400,0,5266,125
03:34:10.190,active,15350,516,7908,16786,-3,95,59.0,45.7,No,2400,2400,0,5264,125
03:34:11.184,active,15348,468,7214,16786,0,95,59.0,47.0,No,2400,2400,0,5279,125
03:34:12.184,active,15275,770,11786,16785,0,95,60.0,48.7,No,2400,2400,0,5281,125
03:34:13.185,active,15281,646,10802,16785,0,95,60.0,47.4,No,2400,2400,0,5302,125
03:34:14.185,active,15256,894,13678,16785,3,95,59.5,47.9,No,2400,2400,0,5304,125
03:34:15.185,active,15307,744,11420,16787,0,95,59.0,46.0,No,2400,2400,0,5317,125
03:34:16.184,active,15288,730,11188,16787,0,95,59.0,48.4,No,2400,2400,0,5326,125
03:34:17.184,active,15303,806,12308,16787,0,95,59.0,48.9,No,2400,2400,0,5338,125
03:34:18.184,active,15311,560,11932,16787,0,95,59.0,48.7,No,2400,2400,0,5347,125
03:34:19.184,active,15309,690,10572,16785,-4,95,59.0,48.4,No,2400,2400,0,5349,125
03:34:20.185,active,15314,530,12732,16787,0,95,59.5,48.1,No,2400,2400,0,5355,125
03:34:21.189,active,15296,800,12288,16787,0,95,59.0,48.1,No,1900,2400,0,5350,125
03:34:22.184,active,15292,676,10398,16786,0,95,59.0,48.9,No,2400,2400,0,5372,125
03:34:23.184,active,15290,806,8506,16786,0,95,58.4,48.8,No,2400,2400,0,5377,125
03:34:24.184,active,15283,866,13272,16786,0,95,60.0,48.7,No,2400,2400,0,5385,125
03:34:25.185,active,15290,810,10918,16787,6,95,58.4,50.6,No,2400,2400,0,5387,125
03:34:26.185,active,15277,806,12346,16786,0,95,58.4,49.1,No,2400,2400,0,5385,125
03:34:27.184,active,15286,872,13040,16786,3,95,58.4,45.2,No,2400,2400,0,5397,125
03:34:28.184,active,15286,830,12732,16786,0,95,59.0,46.9,No,2400,2400,0,5406,125
03:34:29.184,active,15273,866,12520,16786,0,95,59.5,49.2,No,2400,2400,0,5408,125
03:34:30.195,active,15316,480,12520,16785,-5,95,59.0,47.9,No,2400,2400,0,5405,125
03:34:31.185,active,15333,496,7600,16786,0,95,59.5,45.2,No,2400,2400,0,5414,125
03:34:32.189,active,15326,486,7368,16785,0,95,59.0,45.6,No,2400,2400,0,5426,125
03:34:33.184,active,15331,470,7214,16786,0,95,59.5,47.5,No,2400,2400,0,5429,125
03:34:34.184,active,15290,726,7870,16786,0,95,59.0,49.6,No,2400,2400,0,5426,125
03:34:35.189,active,15335,462,7098,16786,-3,95,60.0,50.8,No,2400,2400,0,5428,125
03:34:36.184,sleep,15307,566,8140,16786,0,95,57.3,43.3,No,2400,2400,0,5436,125
03:34:37.184,sleep,15301,456,6982,16788,12,95,56.2,-0.0,No,2400,2400,0,5475,125
03:34:38.184,sleep,15303,496,7330,16786,10,95,55.6,0.0,No,2400,2400,0,5478,125
03:34:39.184,sleep,15303,444,6810,16786,5,95,54.5,0.0,No,2400,2400,0,5487,125
03:34:40.184,sleep,15303,428,6578,16787,3,95,54.5,0.0,No,2400,2400,0,5485,125
03:34:41.184,sleep,15296,460,5844,16788,4,95,54.0,0.0,No,2400,2400,0,3902,75
03:34:42.184,sleep,15307,526,8082,16789,11,95,52.9,0.0,No,1500,2400,0,3440,75
03:34:43.185,sleep,15303,538,4224,16790,15,95,52.9,0.0,No,1500,2400,0,3377,75
03:34:44.184,sleep,15305,328,5034,16789,18,95,51.8,0.0,No,1500,2400,0,3357,75
03:34:45.185,sleep,15290,444,7986,16790,13,95,51.8,0.0,No,1500,2400,0,3345,75
03:34:46.184,sleep,15301,362,5536,16788,14,95,51.8,-0.0,No,1500,2400,0,3346,75
03:34:47.185,sleep,15305,394,6056,16789,15,95,51.2,0.0,No,1500,2400,0,3340,75
03:34:48.184,sleep,15296,520,7986,16790,12,95,51.2,0.0,No,1500,2400,0,3338,75
03:34:49.184,sleep,15296,446,6848,16790,8,95,51.2,0.0,No,1500,2400,0,3334,75
03:34:50.184,sleep,15299,266,5150,16790,12,95,51.2,0.0,No,1500,2400,0,3319,75
03:34:51.185,active,15292,580,8912,16790,13,95,53.5,17.0,No,2400,2400,0,3315,75
03:34:52.185,active,15311,590,12038,16787,0,95,55.1,47.9,No,2400,2400,0,3284,75
03:34:53.189,active,15296,694,10628,16787,0,95,55.1,44.7,No,2400,2400,0,3272,75
03:34:54.185,active,15271,804,12308,16786,0,95,55.6,46.2,No,2400,2400,0,3261,75
03:34:55.184,active,15311,530,8140,16786,-5,95,55.6,46.7,No,2400,2400,0,3254,75
03:34:56.184,active,15249,888,13600,16787,-4,95,56.2,44.0,No,2400,2400,0,3257,75
03:34:57.184,active,15279,758,11612,16786,-5,95,57.3,46.4,No,2400,2400,0,3249,75
03:34:58.185,active,15260,566,8700,16786,0,95,57.9,45.7,No,2400,2400,0,3250,75
03:34:59.185,active,15288,558,9432,16787,0,95,57.3,51.1,No,2400,2400,0,3234,75
03:35:00.188,active,15333,528,8120,16784,0,95,57.3,47.6,No,2400,2400,0,3230,75
03:35:01.184,active,15365,532,8160,16786,0,95,57.3,44.6,No,2400,2400,0,3227,75
03:35:02.184,active,15344,502,7736,16787,0,95,57.3,44.0,No,2400,2400,0,3223,75
03:35:03.185,active,15322,460,7080,16787,0,95,57.9,44.9,No,2400,2400,0,3213,75
03:35:04.187,active,15372,516,7692,16787,0,95,58.4,44.0,No,2400,2400,0,3210,75
03:35:05.185,active,15322,530,8160,16787,-4,95,57.9,43.9,No,2400,2400,0,3207,75
03:35:06.186,active,15283,602,7716,16785,0,95,57.3,46.5,No,1900,2400,0,3206,75
03:35:07.184,active,15550,520,8006,16784,0,95,57.3,49.6,No,2400,2400,0,3203,75
03:35:08.184,active,15307,634,9722,16785,0,95,57.9,49.1,No,2400,2400,0,3201,75
03:35:09.184,active,15296,486,7446,16787,0,95,59.0,49.8,No,2400,2400,0,3192,75
03:35:10.185,active,15307,566,8680,16787,3,95,59.0,45.0,No,2400,2400,0,3194,75
03:35:11.185,active,15309,492,8892,16786,0,95,59.0,45.3,No,2400,2400,0,3183,75
03:35:12.184,active,15314,402,6154,16787,0,95,57.9,45.9,No,2400,2400,0,3182,75
03:35:13.184,active,15326,440,8102,16786,0,95,58.4,47.1,No,2400,2400,0,3176,75
03:35:14.184,active,15314,502,7716,16785,0,95,58.4,49.5,No,2400,2400,0,3168,75
03:35:15.185,active,15314,414,7252,16786,0,95,59.0,46.3,No,2400,2400,0,3171,75
03:35:16.185,active,15311,446,6828,16786,0,95,59.5,47.4,No,2400,2400,0,3152,75
03:35:17.185,active,15322,700,7928,16786,0,95,58.4,47.8,No,2400,2400,0,3142,75
03:35:18.184,active,15279,862,12114,16786,0,95,59.0,48.1,No,2400,2400,0,3153,75
03:35:19.184,active,15281,788,12076,16785,0,95,59.0,46.3,No,2400,2400,0,3156,75
03:35:20.185,active,15271,860,12906,16786,0,95,60.0,46.9,No,2400,2400,0,3159,75
03:35:21.188,active,15275,846,12944,16785,0,95,59.0,46.2,No,2400,2400,0,3155,75
03:35:22.189,active,15245,818,11246,16786,0,95,58.4,46.7,No,2400,2400,0,3155,75
03:35:23.184,active,15264,804,12308,16787,0,95,59.0,46.3,No,2400,2400,0,3155,75
03:35:24.184,active,15268,870,11882,16787,0,95,59.5,49.4,No,2400,2400,0,3134,75
03:35:25.184,active,15245,788,12056,16788,0,95,59.5,49.0,No,2400,2400,0,3139,75
03:35:26.188,active,15296,872,13350,16787,0,95,59.5,48.4,No,2400,2400,0,3146,75
03:35:27.185,active,15374,510,6346,16786,0,95,59.0,47.6,No,2400,2400,0,3149,75
03:35:28.185,active,15361,478,7368,16785,0,95,59.5,47.6,No,2400,2400,0,3142,75
03:35:29.184,active,15324,648,7658,16785,0,95,59.0,49.9,No,2400,2400,0,3141,75
03:35:30.184,active,15369,490,7542,16786,0,95,59.0,48.7,No,2400,2400,0,3137,75
03:35:31.184,active,15316,526,8082,16786,-4,95,60.0,48.6,No,2400,2400,0,4598,125
03:35:32.188,active,15324,680,10456,16786,0,95,60.6,49.2,No,2400,2400,0,5188,125
03:35:33.185,active,15290,468,7194,16786,-5,95,59.0,47.5,No,2400,2400,0,5240,125
03:35:34.184,active,15294,722,11072,16786,0,95,59.5,52.0,No,2400,2400,0,5243,125
03:35:35.184,active,15283,672,10340,16787,0,95,60.0,46.9,No,2400,2400,0,5251,125
03:35:36.184,active,15299,854,7466,16785,0,95,59.5,46.1,No,2400,2400,0,5257,125
03:35:37.184,active,15339,508,7832,16785,-3,95,60.0,47.6,No,2400,2400,0,5267,125
03:35:38.185,active,15311,426,6558,16785,0,95,59.5,46.6,No,2400,2400,0,5279,125
03:35:39.189,active,15307,500,7678,16787,0,95,59.5,45.5,No,2400,2400,0,5287,125
03:35:40.184,active,15309,488,7504,16787,0,95,59.0,48.5,No,2400,2400,0,5301,125
03:35:41.184,active,15320,480,7388,16786,0,95,60.6,51.4,No,2400,2400,0,5307,125
03:35:42.188,active,15339,510,7850,16785,-4,95,61.1,46.6,No,2400,2400,0,5313,125
03:35:43.185,active,15322,566,7656,16785,-4,95,60.6,48.1,No,2400,2400,0,5328,125
03:35:44.185,active,15333,502,7696,16785,0,95,59.5,49.0,No,2400,2400,0,5323,125
03:35:45.185,active,15359,510,7426,16785,0,95,60.0,50.1,No,2400,2400,0,5339,125
03:35:46.184,active,15262,778,11902,16786,0,95,59.5,48.7,No,2400,2400,0,5349,125
03:35:47.185,active,15273,726,11130,16786,0,95,61.1,49.7,No,2400,2400,0,5358,125
03:35:48.185,active,15279,710,10880,16787,0,95,61.1,50.3,No,2400,2400,0,5368,125
03:35:49.189,active,15281,760,11632,16786,0,95,60.0,49.2,No,2400,2400,0,5369,125
03:35:50.185,active,15275,706,10822,16788,0,95,59.5,49.9,No,2400,2400,0,5377,125
03:35:51.184,sleep,15305,478,7330,16787,3,95,58.4,42.3,No,2400,2400,0,5381,125
03:35:52.184,sleep,15307,434,6654,16787,11,95,56.8,0.0,No,2400,2400,0,5425,125
03:35:53.184,sleep,15299,394,6038,16787,10,95,56.2,-0.0,No,2400,2400,0,5433,125
03:35:54.184,sleep,15301,474,7908,16788,7,95,55.1,0.0,No,2400,2400,0,5437,125
03:35:55.184,sleep,15301,436,6694,16789,10,95,54.5,0.0,No,2400,2400,0,5441,125
03:35:56.184,sleep,15303,504,7716,16790,11,95,55.6,0.0,No,2400,2400,0,5445,75
03:35:57.184,sleep,15305,470,7214,16792,18,95,53.5,0.3,No,1500,2400,0,3676,75
03:35:58.184,sleep,15301,334,5130,16790,17,95,53.5,0.0,No,1500,2400,0,3379,75
03:35:59.184,sleep,15303,308,5512,16790,16,95,52.9,-0.0,No,1500,2400,0,3333,75
03:36:00.184,sleep,15303,260,3974,16789,17,95,52.4,0.0,No,1500,2400,0,3317,75
03:36:01.184,sleep,15303,414,4744,16789,18,95,51.8,-0.0,No,1500,2400,0,3327,75
03:36:02.184,sleep,15294,398,6114,16790,19,95,51.8,0.0,No,1500,2400,0,3322,75
03:36:03.184,sleep,15301,336,5748,16791,17,95,51.2,0.0,No,1500,2400,0,3324,75
03:36:04.185,sleep,15296,468,7156,16790,17,95,50.7,0.0,No,1500,2400,0,3313,75
03:36:05.184,sleep,15299,404,6192,16791,20,95,51.2,0.0,No,1500,2400,0,3311,75
03:36:06.185,active,15303,576,8834,16790,20,95,52.9,14.1,No,2400,2400,0,3307,75
03:36:07.185,active,15309,490,7522,16787,0,95,54.5,50.0,No,2400,2400,0,3270,75
03:36:08.184,active,15322,464,7138,16786,0,95,55.6,48.5,No,2400,2400,0,3264,75
03:36:09.184,active,15337,488,7484,16788,4,95,55.6,45.7,No,2400,2400,0,3257,75
03:36:10.186,active,15363,474,7292,16787,5,95,56.2,46.3,No,2400,2400,0,3254,75
03:36:11.187,active,15320,482,7426,16788,0,95,57.3,49.0,No,2400,2400,0,3238,75
03:36:12.185,active,15339,482,7152,16788,3,95,56.8,45.9,No,2400,2400,0,3233,75
03:36:13.184,active,15369,498,7658,16788,4,95,56.2,43.7,No,2400,2400,0,3234,75
03:36:14.184,active,15324,634,7658,16787,3,95,57.3,46.8,No,2400,2400,0,3229,75
03:36:15.184,active,15281,512,7850,16786,0,95,59.0,49.6,No,2400,2400,0,3215,75
03:36:16.185,active,15301,948,13040,16786,-3,95,58.4,45.8,No,2400,2400,0,3212,75
03:36:17.185,active,15307,354,5440,16786,0,95,57.9,45.1,No,2400,2400,0,3198,75
03:36:18.185,active,15307,520,7966,16787,0,95,57.3,47.8,No,2400,2400,0,3198,75
03:36:19.184,active,15305,490,7522,16789,4,95,59.0,49.5,No,2400,2400,0,3201,75
03:36:20.184,active,15311,426,6538,16789,0,95,58.4,46.5,No,2400,2400,0,3201,75
03:36:21.184,active,15303,478,7330,16786,0,95,59.0,46.8,No,2400,2400,0,3197,75
03:36:22.189,active,15318,496,7620,16789,7,95,59.0,45.9,No,2400,2400,0,3193,75
03:36:23.186,active,15322,482,7408,16788,6,95,59.5,48.9,No,2400,2400,0,3190,75
03:36:24.185,active,15292,804,12326,16787,0,95,57.9,48.0,No,2400,2400,0,3186,75
03:36:25.184,active,15281,698,11324,16788,0,95,59.0,48.2,No,2400,2400,0,3179,75
03:36:26.184,active,15290,824,12636,16787,0,95,59.0,46.9,No,2400,2400,0,3172,75
03:36:27.185,active,15283,762,11670,16786,0,95,59.5,47.6,No,2400,2400,0,3173,75
03:36:28.188,active,15286,706,10822,16786,0,95,59.0,48.1,No,2400,2400,0,3171,75
03:36:29.189,active,15266,798,12230,16787,0,95,59.5,47.1,No,2400,2400,0,3166,75
03:36:30.184,active,15279,764,11690,16787,0,95,59.5,47.6,No,2400,2400,0,3544,125
03:36:31.184,active,15245,826,12654,16786,0,95,59.0,47.7,No,2400,2400,0,5144,125
03:36:32.184,active,15266,816,12480,16786,-3,95,59.0,47.4,No,2400,2400,0,5276,125
03:36:33.185,active,15283,778,11922,16788,0,95,59.5,47.7,No,2400,2400,0,5280,125
03:36:34.185,active,15361,554,8140,16787,0,95,59.5,48.2,No,2400,2400,0,5287,125
03:36:35.191,active,15341,516,7928,16787,0,95,59.0,48.1,No,2400,2400,0,5282,125
03:36:36.184,active,15361,502,8352,16786,0,95,59.0,48.7,No,2400,2400,0,5288,125
03:36:37.184,active,15354,530,8178,16786,0,95,59.5,48.9,No,2400,2400,0,5298,125
03:36:38.184,active,15326,706,7484,16788,4,95,60.0,48.9,No,2400,2400,0,5308,125
03:36:39.188,active,15361,510,7870,16788,6,95,60.0,47.6,No,2400,2400,0,5316,125
03:36:40.185,active,15299,714,8178,16788,3,95,59.0,48.0,No,2400,2400,0,5320,125
03:36:41.184,active,15290,824,12636,16788,0,95,59.5,48.7,No,2400,2400,0,5326,125
03:36:42.184,active,15294,394,7600,16786,0,95,59.0,49.2,No,2400,2400,0,5344,125
03:36:43.184,active,15307,484,7350,16787,3,95,59.5,51.6,No,2400,2400,0,5348,125
03:36:44.185,active,15318,458,7022,16787,0,95,60.0,47.4,No,2400,2400,0,5348,125
03:36:45.188,active,15322,510,7292,16786,0,95,60.0,46.4,No,2400,2400,0,5362,125
03:36:46.185,active,15337,506,7754,16786,0,95,59.0,47.3,No,2400,2400,0,5366,125
03:36:47.184,active,15316,522,8082,16786,0,95,59.5,47.0,No,2400,2400,0,5373,125
03:36:48.184,active,15311,462,7098,16788,0,95,59.5,46.7,No,2400,2400,0,5385,125
03:36:49.184,active,15324,496,7986,16787,0,95,60.0,46.2,No,2400,2400,0,5396,125
03:36:50.185,active,15322,492,7542,16786,0,95,59.5,45.3,No,2400,2400,0,5399,125
03:36:51.185,active,15361,472,7870,16786,0,95,57.9,46.1,No,1900,2400,0,5396,125
03:36:52.184,active,15367,452,6964,16785,0,95,59.5,53.8,No,2400,2400,0,5390,125
03:36:53.184,active,15268,706,10822,16787,0,95,60.0,52.3,No,2400,2400,0,5411,125
03:36:54.184,active,15273,820,12558,16788,3,95,60.0,51.8,No,2400,2400,0,5412,125
03:36:55.185,active,15273,776,11882,16789,6,95,59.5,50.8,No,2400,2400,0,5417,125
03:36:56.189,active,15262,700,12242,16788,7,95,60.6,51.6,No,2400,2400,0,5421,125
03:36:57.190,active,15314,710,10880,16789,4,95,59.5,50.8,No,2400,2400,0,5426,125
03:36:58.184,active,15277,552,12076,16787,4,95,60.0,50.8,No,2400,2400,0,5426,125
03:36:59.184,active,15268,732,11226,16786,0,95,59.5,48.5,No,2400,2400,0,5435,125
03:37:00.184,active,15296,494,12654,16786,0,95,60.0,44.8,No,2400,2400,0,5434,125
03:37:01.185,active,15290,610,9336,16787,0,95,59.5,45.7,No,2400,2400,0,5445,125
03:37:02.185,active,15314,526,11324,16786,0,95,59.5,47.6,No,2400,2400,0,5441,125
03:37:03.185,active,15281,832,13244,16787,0,95,59.0,49.2,No,2400,2400,0,5439,125
03:37:04.184,active,15286,702,10784,16787,0,95,59.5,48.1,No,2400,2400,0,5450,125
03:37:05.184,active,15283,784,14102,16787,0,95,60.0,48.1,No,2400,2400,0,5454,125
03:37:06.184,sleep,15301,410,6268,16786,0,95,58.4,43.2,No,2400,2400,0,5455,125
03:37:07.184,sleep,15299,462,8564,16788,12,95,56.8,-0.0,No,2400,2400,0,5492,125
03:37:08.184,sleep,15296,472,7252,16788,10,95,56.2,0.0,No,2400,2400,0,5493,125
03:37:09.184,sleep,15294,506,8082,16790,12,95,55.6,-0.0,No,2400,2400,0,5493,125
03:37:10.184,sleep,15301,480,7368,16790,13,95,55.1,0.0,No,2400,2400,0,5504,125
03:37:11.184,sleep,15294,478,8314,16788,10,95,55.1,0.0,No,2400,2400,0,5508,125
03:37:12.184,sleep,15299,290,8564,16790,15,95,52.4,0.2,No,1500,2400,0,4958,75
03:37:13.185,sleep,15301,526,8064,16791,22,95,52.4,0.0,No,1500,2400,0,3606,75
03:37:14.184,sleep,15301,514,5632,16791,20,95,52.9,0.0,No,1500,2400,0,3390,75
03:37:15.184,sleep,15299,506,7774,16791,22,95,52.4,0.0,No,1500,2400,0,3365,75
03:37:16.184,sleep,15294,536,5844,16790,19,95,50.7,-0.0,No,1500,2400,0,3365,75
03:37:17.184,sleep,15303,392,6018,16790,20,95,51.8,0.0,No,1500,2400,0,3365,75
03:37:18.184,sleep,15299,486,7678,16790,20,95,51.2,-0.0,No,1500,2400,0,3351,75
03:37:19.185,sleep,15296,288,4416,16790,16,95,51.2,0.0,No,1500,2400,0,3340,75
03:37:20.185,sleep,15301,478,8372,16791,16,95,50.7,0.0,No,1500,2400,0,3345,75
03:37:21.191,active,15271,820,12578,16791,17,95,52.9,12.0,No,2400,2400,0,3343,75
03:37:22.184,active,15303,636,9742,16788,0,95,54.5,53.8,No,2400,2400,0,3297,75
03:37:23.185,active,15311,614,9414,16788,-3,95,55.1,48.8,No,2400,2400,0,3282,75
03:37:24.187,active,15305,606,9278,16787,-3,95,56.2,48.6,No,2400,2400,0,3277,75
03:37:25.185,active,15303,484,7426,16786,0,95,55.6,48.5,No,2400,2400,0,3271,75
03:37:26.184,active,15305,568,8718,16785,-3,95,56.2,48.4,No,2400,2400,0,3271,75
03:37:27.184,active,15311,450,6924,16787,0,95,56.8,47.4,No,2400,2400,0,3263,75
03:37:28.187,active,15318,466,7156,16787,0,95,57.9,49.8,No,2400,2400,0,3264,75
03:37:29.185,active,15314,440,6770,16789,0,95,59.0,48.6,No,2400,2400,0,3261,75
03:37:30.185,active,15314,422,6462,16788,0,95,57.9,46.8,No,2400,2400,0,3247,75
03:37:31.185,active,15286,756,9260,16788,0,95,57.3,45.3,No,2400,2400,0,3247,75
03:37:32.184,active,15277,788,12076,16787,-4,95,57.9,47.2,No,2400,2400,0,3239,75
03:37:33.184,active,15275,784,12230,16785,-4,95,58.4,49.2,No,2400,2400,0,3236,75
03:37:34.184,active,15286,818,12538,16786,0,95,59.0,48.4,No,2400,2400,0,3233,75
03:37:35.185,active,15262,850,13040,16786,0,95,59.0,47.1,No,2400,2400,0,3227,75
03:37:36.189,active,15281,848,12982,16787,0,95,58.4,47.5,No,2400,2400,0,3226,75
03:37:37.184,active,15281,734,11266,16786,-3,95,58.4,48.7,No,2400,2400,0,3215,75
03:37:38.184,active,15262,754,11536,16786,-4,95,59.0,48.0,No,2400,2400,0,3210,75
03:37:39.184,active,15271,704,10802,16787,-3,95,59.5,47.4,No,2400,2400,0,3198,75
03:37:40.185,active,15281,668,9992,16786,0,95,59.0,46.9,No,2400,2400,0,3195,75
03:37:41.185,active,15350,516,7928,16786,0,95,58.4,48.3,No,2400,2400,0,3206,75
03:37:42.185,active,15318,496,7620,16786,0,95,58.4,47.3,No,2400,2400,0,3200,75
03:37:43.184,active,15361,440,6790,16786,-4,95,59.0,49.5,No,2400,2400,0,3201,75
03:37:44.184,active,15324,476,7330,16785,0,95,59.0,48.6,No,2400,2400,0,3192,75
03:37:45.184,active,15309,470,8140,16787,0,95,59.5,48.3,No,2400,2400,0,3187,75
03:37:46.185,active,15288,472,7252,16787,0,95,58.4,47.6,No,1900,2400,0,4339,125
03:37:47.189,active,15322,698,7484,16786,0,95,59.0,48.9,No,2400,2400,0,5226,125
03:37:48.184,active,15318,670,10282,16786,0,95,59.0,48.3,No,2400,2400,0,5291,125
03:37:49.184,active,15292,858,7792,16787,0,95,59.5,49.2,No,2400,2400,0,5299,125
03:37:50.184,active,15307,456,11866,16787,0,95,59.5,48.8,No,2400,2400,0,5306,125
03:37:51.185,active,15305,534,8218,16788,0,95,59.5,50.0,No,2400,2400,0,5310,125
03:37:52.189,active,15311,566,8662,16787,0,95,59.5,51.4,No,2400,2400,0,5313,125
03:37:53.185,active,15316,510,7850,16787,0,95,60.0,44.9,No,2400,2400,0,5319,125
03:37:54.184,active,15307,512,7484,16786,0,95,59.0,47.1,No,2400,2400,0,5321,125
03:37:55.184,active,15305,460,7060,16786,0,95,60.0,49.0,No,2400,2400,0,5327,125
03:37:56.184,active,15311,450,6906,16786,0,95,59.0,45.8,No,2400,2400,0,5344,125
03:37:57.185,active,15307,578,8874,16787,0,95,59.5,45.5,No,2400,2400,0,5355,125
03:37:58.185,active,15316,454,6964,16787,0,95,59.5,45.1,No,2400,2400,0,5352,125
03:37:59.184,active,15283,798,12790,16785,0,95,59.0,47.1,No,2400,2400,0,5361,125
03:38:00.184,active,15283,900,13774,16787,0,95,60.0,47.6,No,2400,2400,0,5367,125
03:38:01.185,active,15279,756,11612,16786,0,95,60.0,51.6,No,2400,2400,0,5363,125
03:38:02.185,active,15275,898,13754,16788,0,95,60.0,50.1,No,2400,2400,0,5381,125
03:38:03.189,active,15260,864,13214,16787,0,95,61.7,51.1,No,2400,2400,0,5384,125
03:38:04.185,active,15283,728,11150,16788,0,95,59.5,52.6,No,2400,2400,0,5395,125
03:38:05.184,active,15273,702,10744,16789,0,95,60.0,49.7,No,2400,2400,0,5407,125
03:38:06.184,active,15262,742,11612,16788,3,95,61.1,51.5,No,2400,2400,0,5410,125
03:38:07.184,active,15273,720,11054,16786,0,95,60.6,51.1,No,2400,2400,0,5420,125
03:38:08.185,active,15256,682,12906,16787,3,95,60.6,50.0,No,2400,2400,0,5418,125
03:38:09.185,active,15318,598,9182,16787,4,95,59.5,45.0,No,2400,2400,0,5424,125
03:38:10.185,active,15318,516,7928,16787,0,95,59.5,48.6,No,2400,2400,0,5423,125
03:38:11.184,active,15296,842,7948,16786,0,95,59.0,48.0,No,2400,2400,0,5427,125
03:38:12.184,active,15286,656,10070,16788,0,95,60.0,47.4,No,2400,2400,0,5437,125
03:38:13.185,active,15290,812,9318,16787,0,95,59.5,46.8,No,2400,2400,0,5432,125
03:38:14.184,active,15281,686,10532,16786,0,95,60.0,48.9,No,2400,2400,0,5436,125
03:38:15.185,active,15286,916,9472,16787,0,95,59.5,49.2,No,2400,2400,0,5449,125
03:38:16.184,active,15281,834,12790,16786,0,95,58.4,50.4,No,2400,2400,0,5446,125
03:38:17.184,active,15283,678,7542,16787,0,95,59.5,45.3,No,2400,2400,0,5453,125
03:38:18.184,active,15309,472,7234,16787,0,95,60.0,44.9,No,2400,2400,0,5454,125
03:38:19.185,active,15318,514,7870,16788,0,95,60.0,44.1,No,2400,2400,0,5454,125
03:38:20.191,active,15309,416,8140,16788,0,95,59.5,46.9,No,2400,2400,0,5457,125
03:38:21.184,sleep,15324,504,7736,16786,0,95,59.5,41.5,No,2400,2400,0,5466,125
03:38:22.184,sleep,15301,462,8120,16790,14,95,56.8,0.0,No,2400,2400,0,5499,125
03:38:23.184,sleep,15296,544,8352,16789,14,95,57.3,-0.0,No,2400,2400,0,5504,125
03:38:24.184,sleep,15299,514,6694,16790,10,95,55.1,0.0,No,2400,2400,0,5506,125
03:38:25.184,sleep,15301,514,7870,16789,8,95,55.1,0.0,No,2400,2400,0,5505,125
03:38:26.184,sleep,15290,764,8622,16792,13,95,55.1,0.0,No,2400,2400,0,5515,125
03:38:27.184,sleep,15290,422,7138,16791,18,95,54.0,0.0,No,1500,2400,0,4351,75
03:38:28.184,sleep,15301,282,4340,16791,19,95,52.9,0.0,No,1500,2400,0,3519,75
03:38:29.185,sleep,15286,392,3896,16790,18,95,52.4,0.3,No,1500,2400,0,3404,75
03:38:30.185,sleep,15299,520,7986,16791,14,95,51.8,-0.0,No,1500,2400,0,3368,75
03:38:31.185,sleep,15301,274,7928,16789,15,95,51.8,0.0,No,1500,2400,0,3358,75
03:38:32.184,sleep,15299,414,6366,16789,16,95,51.2,-0.0,No,1500,2400,0,3363,75
03:38:33.185,sleep,15294,484,7754,16790,17,95,51.2,0.0,No,1500,2400,0,3345,75
03:38:34.185,sleep,15296,528,8082,16792,20,95,51.2,0.0,No,1500,2400,0,3346,75
03:38:35.185,sleep,15301,508,7466,16791,17,95,51.2,0.0,No,1500,2400,0,3342,75
03:38:36.189,active,15307,516,7928,16792,16,95,52.4,8.8,No,2400,2400,0,3334,75
03:38:37.185,active,15292,672,10320,16788,-3,95,54.0,54.8,No,2400,2400,0,3307,75
03:38:38.184,active,15290,846,7022,16787,-3,95,55.6,48.5,No,2400,2400,0,3286,75
03:38:39.184,active,15341,458,7040,16786,-5,95,55.1,46.5,No,2400,2400,0,3286,75
03:38:40.184,active,15279,774,10726,16787,0,95,57.3,46.8,No,2400,2400,0,3290,75
03:38:41.185,active,15322,790,12152,16787,0,95,56.2,47.9,No,2400,2400,0,3282,75
03:38:42.185,active,15292,598,10088,16787,0,95,56.8,46.8,No,2400,2400,0,3274,75
03:38:43.185,active,15292,872,13388,16787,-3,95,57.3,46.5,No,2400,2400,0,3263,75
03:38:44.184,active,15286,572,8776,16787,0,95,57.3,48.1,No,2400,2400,0,3258,75
03:38:45.184,active,15290,800,12268,16787,0,95,57.9,47.2,No,2400,2400,0,3258,75
03:38:46.184,active,15305,508,7792,16787,0,95,57.9,46.4,No,2400,2400,0,3254,75
03:38:47.185,active,15305,480,6038,16787,0,95,57.9,45.4,No,2400,2400,0,3233,75
03:38:48.185,active,15305,538,8256,16786,0,95,57.9,47.0,No,2400,2400,0,3237,75
03:38:49.184,active,15314,528,8082,16787,0,95,57.9,47.5,No,2400,2400,0,3232,75
03:38:50.184,active,15307,464,7138,16788,-3,95,58.4,47.4,No,2400,2400,0,3232,75
03:38:51.184,active,15314,526,8082,16787,0,95,58.4,48.8,No,2400,2400,0,3226,75
03:38:52.185,active,15309,492,8586,16786,0,95,58.4,48.9,No,2400,2400,0,3214,75
03:38:53.185,active,15331,476,7330,16786,0,95,57.3,47.4,No,2400,2400,0,3209,75
03:38:54.185,active,15316,468,6732,16786,0,95,57.9,47.5,No,2400,2400,0,3196,75
03:38:55.184,active,15341,506,7754,16786,0,95,58.4,48.4,No,2400,2400,0,3202,75
03:38:56.184,active,15251,824,12636,16786,0,95,58.4,49.2,No,1900,2400,0,3201,75
03:38:57.184,active,15266,832,12732,16786,0,95,59.0,50.7,No,2400,2400,0,3201,75
03:38:58.188,active,15249,808,12366,16788,0,95,59.5,48.5,No,2400,2400,0,3198,75
03:38:59.185,active,15249,764,13206,16788,0,95,59.0,48.1,No,2400,2400,0,3186,75
03:39:00.191,active,15266,774,11844,16788,0,95,58.4,48.5,No,2400,2400,0,3183,75
03:39:01.184,active,15247,832,12268,16787,3,95,58.4,52.1,No,2400,2400,0,3178,75
03:39:02.184,active,15299,656,10030,16786,0,95,59.0,46.7,No,2400,2400,0,3181,75
03:39:03.184,active,15275,536,12616,16786,0,95,60.0,48.0,No,2400,2400,0,3170,75
03:39:04.185,active,15262,782,11960,16786,0,95,59.5,48.0,No,2400,2400,0,3175,75
03:39:05.185,active,15283,634,9742,16787,3,95,59.0,45.6,No,2400,2400,0,3178,75
03:39:06.184,active,15309,690,10572,16788,5,95,58.4,45.9,No,2400,2400,0,3177,75
03:39:07.184,active,15281,780,11960,16787,0,95,57.9,46.7,No,2400,2400,0,3169,75
03:39:08.185,active,15288,824,7772,16787,0,95,60.0,46.5,No,2400,2400,0,3159,75
03:39:09.184,active,15286,654,10050,16787,0,95,58.4,48.5,No,2400,2400,0,3160,75
03:39:10.189,active,15299,678,10552,16788,0,95,60.0,51.8,No,2400,2400,0,4409,125
03:39:11.185,active,15277,806,12366,16787,0,95,59.5,51.8,No,2400,2400,0,5211,125
03:39:12.184,active,15279,798,13734,16789,0,95,60.0,52.2,No,2400,2400,0,5266,125
03:39:13.184,active,15283,856,13118,16788,3,95,60.0,49.4,No,2400,2400,0,5278,125
03:39:14.184,active,15320,514,12018,16788,6,95,60.0,47.3,No,2400,2400,0,5279,125
03:39:15.185,active,15324,498,7658,16789,0,95,60.0,46.9,No,2400,2400,0,5285,125
03:39:16.186,active,15339,568,8738,16787,0,95,59.5,51.5,No,2400,2400,0,5290,125
03:39:17.184,active,15359,500,7696,16788,0,95,59.0,51.8,No,2400,2400,0,5298,125
03:39:18.184,active,15357,544,8372,16787,0,95,60.0,47.7,No,2400,2400,0,5315,125
03:39:19.184,active,15322,494,8294,16786,-5,95,60.0,46.5,No,2400,2400,0,5314,125
03:39:20.185,active,15324,444,6828,16786,-3,95,60.6,45.3,No,2400,2400,0,5318,125
03:39:21.184,active,15311,646,7234,16786,-4,95,60.0,48.5,No,2400,2400,0,5324,125
03:39:22.185,active,15365,496,7638,16786,-4,95,59.5,49.1,No,2400,2400,0,5338,125
03:39:23.184,active,15322,640,7716,16787,0,95,60.6,49.6,No,2400,2400,0,5339,125
03:39:24.184,active,15258,670,9988,16788,0,95,59.5,45.7,No,2400,2400,0,5353,125
03:39:25.184,active,15309,632,9664,16787,0,95,60.0,49.6,No,2400,2400,0,5363,125
03:39:26.185,active,15288,610,9336,16787,-3,95,60.0,48.6,No,2400,2400,0,5372,125
03:39:27.185,active,15307,774,11824,16786,-4,95,59.5,46.6,No,2400,2400,0,5379,125
03:39:28.185,active,15303,612,10030,16786,0,95,59.0,45.8,No,2400,2400,0,5386,125
03:39:29.184,active,15286,546,8392,16787,0,95,60.0,47.3,No,2400,2400,0,5385,125
03:39:30.184,active,15305,592,12808,16788,0,95,60.6,46.6,No,2400,2400,0,5387,125
03:39:31.185,active,15301,472,7252,16788,0,95,61.1,45.6,No,2400,2400,0,5394,125
03:39:32.189,active,15309,528,9202,16788,0,95,60.0,47.1,No,2400,2400,0,5406,125
03:39:33.185,active,15288,836,7688,16786,0,95,59.5,43.5,No,2400,2400,0,5417,125
03:39:34.184,active,15277,840,12866,16787,0,95,59.5,43.3,No,2400,2400,0,5414,125
03:39:35.184,active,15281,832,10416,16786,0,95,60.6,45.0,No,2400,2400,0,5419,125
03:39:36.184,sleep,15273,858,13136,16787,0,95,59.0,43.3,No,2400,2400,0,5422,125
03:39:37.185,sleep,15296,502,7812,16789,10,95,55.6,0.0,No,1500,2400,0,5471,125
03:39:38.185,sleep,15290,448,6866,16789,9,95,55.1,0.0,No,1500,2400,0,5482,125
03:39:39.185,sleep,15296,416,5806,16790,14,95,54.5,0.8,No,1600,2400,0,3969,75
03:39:40.185,sleep,15292,360,5516,16790,16,95,54.0,0.0,No,1500,2400,0,3444,75
03:39:41.185,sleep,15301,528,8082,16789,14,95,53.5,-0.0,No,1500,2400,0,3360,75
03:39:42.185,sleep,15299,336,5170,16789,15,95,52.9,0.3,No,1500,2400,0,3345,75
03:39:43.185,sleep,15303,316,4860,16790,13,95,51.8,0.3,No,1500,2400,0,3335,75
03:39:44.185,sleep,15299,468,4532,16791,14,95,52.4,0.0,No,1500,2400,0,3335,75
03:39:45.185,sleep,15305,236,3626,16789,10,95,51.8,0.0,No,1500,2400,0,3334,75
03:39:46.184,sleep,15305,346,5304,16789,11,95,51.8,0.0,No,1500,2400,0,3338,75
03:39:47.185,sleep,15296,634,9722,16789,9,95,51.2,-0.0,No,1500,2400,0,3336,75
03:39:48.184,sleep,15290,574,8796,16788,7,95,50.7,-0.0,No,1500,2400,0,3321,75
03:39:49.184,sleep,15303,548,8410,16788,6,95,50.7,0.0,No,1500,2400,0,3310,75
03:39:50.184,sleep,15294,416,6384,16790,8,95,51.2,0.0,No,1500,2400,0,3297,75
03:39:51.188,active,15294,484,9356,16790,11,95,51.8,6.2,No,1500,2400,0,3291,75
03:39:52.184,active,15258,590,9028,16785,-5,95,54.5,55.4,No,2400,2400,0,3265,75
03:39:53.185,active,15303,802,12250,16785,-8,95,55.6,49.2,No,2400,2400,0,3258,75
03:39:54.188,active,15268,554,8468,16786,-10,95,57.3,46.9,No,2400,2400,0,3254,75
03:39:55.185,active,15301,670,10262,16786,-7,95,56.8,46.6,No,2400,2400,0,3244,75
03:39:56.184,active,15301,554,9256,16786,-8,95,56.8,47.6,No,2400,2400,0,3228,75
03:39:57.184,active,15311,486,7446,16785,-10,95,57.3,48.2,No,2400,2400,0,3230,75
03:39:58.184,active,15305,506,10282,16784,-11,95,58.4,48.5,No,2400,2400,0,3229,75
03:39:59.185,active,15299,420,6442,16784,-11,95,58.4,47.8,No,2400,2400,0,3217,75
03:40:00.188,active,15301,508,7678,16785,-8,95,57.9,46.8,No,2400,2400,0,3223,75
03:40:01.185,active,15290,724,8020,16787,-5,95,57.9,48.0,No,2400,2400,0,3215,75
03:40:02.184,active,15281,824,12636,16788,0,95,57.3,47.8,No,2400,2400,0,3213,75
03:40:03.184,active,15286,818,9818,16788,-3,95,59.0,48.6,No,2400,2400,0,3218,75
03:40:04.184,active,15273,826,12674,16788,0,95,58.4,49.0,No,2400,2400,0,3208,75
03:40:05.185,active,15279,824,12462,16788,0,95,60.0,48.2,No,2400,2400,0,3211,75
03:40:06.185,active,15279,870,13330,16786,0,95,58.4,47.9,No,2400,2400,0,3202,75
03:40:07.184,active,15275,810,12018,16786,0,95,58.4,48.1,No,2400,2400,0,3187,75
03:40:08.184,active,15275,808,12384,16786,0,95,57.9,49.0,No,2400,2400,0,3180,75
03:40:09.184,active,15260,782,12404,16787,0,95,59.0,48.7,No,2400,2400,0,3188,75
03:40:10.184,active,15273,828,12674,16787,0,95,59.5,51.9,No,2400,2400,0,3187,75
03:40:11.189,active,15309,522,8006,16787,0,95,59.5,47.4,No,2400,2400,0,3190,75
03:40:12.185,active,15329,474,7310,16787,3,95,58.4,46.0,No,2400,2400,0,3189,75
03:40:13.184,active,15322,492,7542,16786,0,95,58.4,45.4,No,2400,2400,0,3176,75
03:40:14.184,active,15348,458,8718,16785,-3,95,59.0,49.1,No,2400,2400,0,3166,75
03:40:15.184,active,15333,482,7408,16787,0,95,60.0,46.5,No,2400,2400,0,3169,75
03:40:16.185,active,15367,432,6636,16787,-3,95,60.0,48.4,No,2400,2400,0,3165,75
03:40:17.188,active,15352,452,6982,16786,-4,95,59.5,47.6,No,2400,2400,0,5003,125
03:40:18.187,active,15288,490,7542,16788,0,95,59.0,46.6,No,2400,2400,0,5259,125
03:40:19.184,active,15290,898,9124,16786,0,95,59.5,50.9,No,2400,2400,0,5287,125
03:40:20.184,active,15281,712,10918,16785,-6,95,60.0,50.3,No,2400,2400,0,5278,125
03:40:21.185,active,15318,680,10416,16785,0,95,59.5,50.4,No,2400,2400,0,5282,125
03:40:22.185,active,15320,648,9972,16785,-5,95,61.1,49.4,No,2400,2400,0,5291,125
03:40:23.188,active,15305,590,9028,16787,-5,95,60.0,49.1,No,2400,2400,0,5304,125
03:40:24.184,active,15303,396,8892,16787,-6,95,60.0,51.6,No,2400,2400,0,5308,125
03:40:25.184,active,15318,620,9530,16786,-7,95,60.0,53.3,No,2400,2400,0,5317,125
03:40:26.184,active,15303,452,10262,16786,-4,95,60.6,46.5,No,2400,2400,0,5326,125
03:40:27.185,active,15309,522,8006,16786,-5,95,60.6,44.6,No,2400,2400,0,5339,125
03:40:28.185,active,15307,486,8352,16786,0,95,59.5,42.7,No,2400,2400,0,5345,125
03:40:29.189,active,15286,540,8276,16788,0,95,60.0,42.9,No,2400,2400,0,5355,125
03:40:30.184,active,15262,808,12366,16787,0,95,60.0,47.5,No,2400,2400,0,5366,125
03:40:31.184,active,15264,810,12916,16788,0,95,59.5,49.4,No,2400,2400,0,5368,125
03:40:32.185,active,15277,876,13426,16786,-3,95,60.6,50.4,No,2400,2400,0,5372,125
03:40:33.185,active,15281,820,13022,16785,-5,95,60.0,49.5,No,2400,2400,0,5373,125
03:40:34.185,active,15286,788,12096,16785,-3,95,59.5,49.5,No,2400,2400,0,5392,125
03:40:35.185,active,15260,720,12828,16785,-4,95,60.0,49.1,No,2400,2400,0,5398,125
03:40:36.184,active,15305,654,10030,16787,0,95,60.6,49.2,No,2400,2400,0,5396,125
03:40:37.184,active,15275,732,11208,16786,0,95,60.6,46.8,No,2400,2400,0,5401,125
03:40:38.185,active,15268,652,9972,16787,-4,95,60.6,44.7,No,2400,2400,0,5411,125
03:40:39.188,active,15333,550,8448,16786,0,95,60.0,47.4,No,2400,2400,0,5417,125
03:40:40.185,active,15320,656,7812,16785,-4,95,59.5,46.6,No,2400,2400,0,5417,125
03:40:41.184,active,15322,472,7252,16785,-4,95,59.0,46.5,No,2400,2400,0,5425,125
03:40:42.184,active,15309,672,8604,16786,0,95,59.5,46.1,No,2400,2400,0,5422,125
03:40:43.185,active,15314,684,10494,16786,-4,95,61.1,47.3,No,2400,2400,0,5427,125
03:40:44.185,active,15303,848,13002,16785,-7,95,60.0,49.4,No,2400,2400,0,5430,125
03:40:45.185,active,15359,532,8198,16785,-3,95,60.0,48.0,No,2400,2400,0,5439,125
03:40:46.184,active,15314,462,7118,16786,0,95,59.5,43.4,No,2400,2400,0,5440,125
03:40:47.184,active,15316,516,7908,16785,-3,95,59.0,44.2,No,2400,2400,0,5442,125
03:40:48.184,active,15279,506,7736,16785,-3,95,60.0,47.8,No,2400,2400,0,5449,125
03:40:49.185,active,15305,520,10186,16787,0,95,61.1,48.7,No,2400,2400,0,5452,125
03:40:50.185,active,15314,452,6964,16786,0,95,61.1,49.4,No,2400,2400,0,5451,125
03:40:51.184,sleep,15309,560,8564,16787,0,95,59.5,48.1,No,2400,2400,0,5453,125
03:40:52.184,sleep,15299,486,7466,16788,7,95,57.3,-0.0,No,2400,2400,0,5495,125
03:40:53.184,sleep,15292,470,7194,16787,6,95,55.6,0.0,No,2400,2400,0,5501,125
03:40:54.184,sleep,15299,544,7328,16787,5,95,55.6,-0.0,No,2400,2400,0,5509,125
03:40:55.184,sleep,15296,474,7272,16787,9,95,55.1,0.0,No,2400,2400,0,5508,75
03:40:56.184,sleep,15292,392,6770,16789,5,95,54.5,0.0,No,2400,2400,0,3782,75
03:40:57.185,sleep,15299,420,6442,16791,14,95,54.0,0.0,No,1500,2400,0,3430,75
03:40:58.184,sleep,15301,600,9220,16791,19,95,52.9,0.0,No,1500,2400,0,3365,75
03:40:59.185,sleep,15299,476,7310,16790,14,95,54.0,0.0,No,1500,2400,0,3353,75
03:41:00.185,sleep,15296,582,8932,16789,15,95,51.8,-0.0,No,1500,2400,0,3359,75
03:41:01.185,sleep,15290,600,7410,16789,16,95,52.4,0.0,No,1500,2400,0,3360,75
03:41:02.185,sleep,15288,402,6172,16789,15,95,52.4,-0.0,No,1500,2400,0,3360,75
03:41:03.185,sleep,15288,250,8526,16791,17,95,51.2,0.0,No,1500,2400,0,3356,75
03:41:04.185,sleep,15296,474,7272,16791,18,95,51.2,0.0,No,1500,2400,0,3350,75
03:41:05.185,sleep,15294,324,5458,16790,16,95,51.8,0.0,No,1500,2400,0,3345,75
03:41:06.185,active,15256,598,9144,16789,11,95,50.7,2.3,No,1500,2400,0,3334,75
03:41:07.185,active,15361,426,6558,16786,-7,95,54.5,58.5,No,2400,2400,0,3289,75
03:41:08.185,active,15350,460,7426,16786,-3,95,55.1,47.6,No,2400,2400,0,3276,75
03:41:09.184,active,15316,470,7234,16785,-5,95,55.6,48.6,No,2400,2400,0,3275,75
03:41:10.184,active,15359,432,6810,16785,-6,95,56.2,48.8,No,2400,2400,0,3276,75
03:41:11.184,active,15348,448,6886,16786,-6,95,57.3,48.6,No,2400,2400,0,3262,75
03:41:12.185,active,15322,474,6732,16786,-4,95,57.3,47.5,No,2400,2400,0,3263,75
03:41:13.185,active,15361,444,6848,16785,-8,95,57.3,47.6,No,2400,2400,0,3255,75
03:41:14.184,active,15318,418,7176,16785,-6,95,57.3,47.7,No,2400,2400,0,4503,125
03:41:15.184,active,15318,574,8796,16787,-3,95,57.9,48.8,No,2400,2400,0,5309,125
03:41:16.184,active,15264,546,8372,16785,-4,95,59.0,48.8,No,2400,2400,0,5367,125
03:41:17.184,active,15299,440,9202,16786,0,95,59.5,50.2,No,2400,2400,0,5365,125
03:41:18.188,active,15303,494,7580,16787,0,95,59.0,47.7,No,2400,2400,0,5367,125
03:41:19.189,active,15309,548,8218,16786,0,95,57.3,50.0,No,2400,2400,0,5367,125
03:41:20.184,active,15311,520,7986,16787,0,95,57.9,47.8,No,2400,2400,0,5365,125
03:41:21.184,active,15307,516,7928,16786,0,95,58.4,46.6,No,2400,2400,0,5376,125
03:41:22.184,active,15307,466,10484,16787,0,95,58.4,47.2,No,2400,2400,0,5368,125
03:41:23.185,active,15314,492,7562,16785,0,95,59.0,48.1,No,2400,2400,0,5376,125
03:41:24.185,active,15314,564,7060,16786,-3,95,59.0,45.5,No,2400,2400,0,5390,125
03:41:25.187,active,15299,728,7562,16785,0,95,58.4,46.6,No,2400,2400,0,5395,125
03:41:26.184,active,15290,772,11824,16787,-4,95,58.4,51.6,No,2400,2400,0,5395,125
03:41:27.184,active,15279,796,12192,16787,0,95,59.0,46.5,No,2400,2400,0,5403,125
03:41:28.185,active,15283,842,12906,16787,0,95,59.5,50.0,No,2400,2400,0,5404,125
03:41:29.185,active,15283,706,13330,16789,0,95,59.0,51.5,No,2400,2400,0,5414,125
03:41:30.185,active,15271,796,12172,16788,0,95,59.0,52.4,No,2400,2400,0,5419,125
03:41:31.184,active,15262,770,11498,16787,0,95,59.5,50.0,No,2400,2400,0,5422,125
03:41:32.184,active,15292,674,10340,16785,0,95,60.0,52.4,No,2400,2400,0,5424,125
03:41:33.184,active,15260,772,11902,16786,0,95,59.5,50.9,No,2400,2400,0,5432,125
03:41:34.185,active,15283,712,10898,16787,0,95,60.0,48.0,No,2400,2400,0,5437,125
03:41:35.189,active,15331,426,6558,16787,0,95,60.6,51.5,No,2400,2400,0,5443,125
03:41:36.185,active,15354,474,8044,16787,0,95,58.4,46.7,No,2400,2400,0,5460,125
03:41:37.184,active,15318,500,7678,16786,0,95,58.4,44.2,No,2400,2400,0,5448,125
03:41:38.184,active,15363,526,8410,16787,0,95,59.5,45.2,No,2400,2400,0,5449,125
03:41:39.189,active,15281,876,13406,16787,0,95,59.5,45.8,No,2400,2400,0,5452,125
03:41:40.185,active,15292,776,13792,16786,0,95,59.5,47.2,No,2400,2400,0,5451,125
03:41:41.188,active,15286,882,13504,16787,0,95,59.5,49.5,No,2400,2400,0,5456,125
03:41:42.184,active,15283,760,10204,16787,-4,95,59.5,48.2,No,2400,2400,0,5462,125
03:41:43.184,active,15290,886,13580,16788,0,95,59.0,48.1,No,2400,2400,0,5461,125
03:41:44.184,active,15299,618,9490,16786,0,95,59.5,46.5,No,2400,2400,0,5466,125
03:41:45.185,active,15305,554,9838,16786,0,95,59.5,44.7,No,2400,2400,0,5470,125
03:41:46.187,active,15303,522,8024,16786,0,95,59.5,46.3,No,2400,2400,0,5466,125
03:41:47.185,active,15314,492,7792,16787,0,95,59.0,46.6,No,2400,2400,0,5468,125
03:41:48.184,active,15301,452,6944,16788,0,95,59.0,46.3,No,2400,2400,0,5463,125
03:41:49.184,active,15326,700,8738,16789,0,95,59.5,47.7,No,2400,2400,0,5474,125
03:41:50.184,active,15309,466,7156,16789,0,95,59.5,45.6,No,2400,2400,0,5477,125
03:41:51.185,active,15337,502,7696,16788,0,95,59.5,45.7,No,2400,2400,0,5478,125
03:41:52.187,active,15320,520,7986,16786,0,95,59.5,46.4,No,2400,2400,0,5472,125
03:41:53.184,active,15344,522,8006,16788,0,95,59.0,49.1,No,2400,2400,0,5481,125
03:41:54.184,active,15277,786,12674,16788,0,95,59.0,48.2,No,2400,2400,0,5481,125
03:41:55.184,active,15286,770,11806,16786,0,95,59.0,43.9,No,2400,2400,0,5490,125
03:41:56.185,active,15288,948,12346,16785,-5,95,59.0,46.2,No,2400,2400,0,5485,125
03:41:57.185,active,15277,786,12038,16785,-5,95,59.5,45.9,No,2400,2400,0,5494,125
03:41:58.185,active,15256,808,12366,16787,-3,95,59.0,43.2,No,2400,2400,0,5492,125
03:41:59.184,active,15268,754,11554,16787,0,95,59.0,44.3,No,2400,2400,0,5483,125
03:42:00.184,active,15271,770,11786,16786,0,95,59.5,47.1,No,2400,2400,0,5487,125
03:42:01.184,active,15258,662,10146,16786,0,95,59.5,50.3,No,2400,2400,0,5493,125
03:42:02.185,active,15301,738,11266,16787,0,95,59.5,48.5,No,2400,2400,0,5492,125
03:42:03.185,active,15307,438,6538,16786,0,95,59.0,46.3,No,2400,2400,0,5497,125
03:42:04.186,active,15314,720,11054,16786,0,95,59.0,49.0,No,2400,2400,0,5501,125
03:42:05.184,active,15283,680,10436,16786,0,95,59.0,47.9,No,2400,2400,0,5502,125
03:42:06.184,sleep,15314,632,9702,16786,0,95,59.5,48.3,No,2400,2400,0,5497,125
03:42:07.184,sleep,15299,496,7620,16789,5,95,56.2,0.0,No,2400,2400,0,5536,125
03:42:08.184,sleep,15294,506,7774,16789,9,95,56.8,0.0,No,2400,2400,0,5534,125
03:42:09.184,sleep,15294,462,7080,16788,12,95,55.1,-0.0,No,2400,2400,0,5535,125
03:42:10.184,sleep,15292,434,6654,16788,7,95,54.5,0.0,No,2400,2400,0,5201,75
03:42:11.184,sleep,15290,474,7272,16788,8,95,54.0,-0.0,No,2400,2400,0,3653,75
03:42:12.185,sleep,15294,312,8178,16789,10,95,52.9,0.0,No,1500,2400,0,3432,75
03:42:13.185,sleep,15299,596,9124,16790,17,95,51.8,0.0,No,1500,2400,0,3401,75
03:42:14.185,sleep,15301,346,3818,16790,18,95,51.8,0.0,No,1500,2400,0,3391,75
03:42:15.185,sleep,15303,506,7754,16790,14,95,51.8,0.0,No,1500,2400,0,3392,75
03:42:16.185,sleep,15296,556,4900,16790,17,95,51.2,-0.0,No,1500,2400,0,3374,75
03:42:17.185,sleep,15299,414,6366,16790,15,95,51.2,0.0,No,1500,2400,0,3374,75
03:42:18.184,sleep,15292,464,6596,16790,15,95,51.2,0.0,No,1500,2400,0,3371,75
03:42:19.184,sleep,15299,400,6154,16790,16,95,50.7,-0.0,No,1500,2400,0,3366,75
03:42:20.184,sleep,15294,632,8816,16791,16,95,51.2,0.0,No,1500,2400,0,3354,75
03:42:21.185,active,15299,406,6250,16792,15,95,50.1,0.3,No,1500,2400,0,3353,75
03:42:22.184,active,15241,824,12616,16789,3,95,54.0,58.7,No,2400,2400,0,3313,75
03:42:23.184,active,15249,782,12442,16789,0,95,55.1,48.6,No,2400,2400,0,3302,75
03:42:24.185,active,15283,792,12114,16788,0,95,55.6,48.3,No,2400,2400,0,3298,75
03:42:25.188,active,15243,790,13156,16787,0,95,56.8,48.6,No,2400,2400,0,3290,75
03:42:26.189,active,15303,802,12268,16786,0,95,56.8,47.6,No,2400,2400,0,3281,75
03:42:27.184,active,15273,546,13890,16786,-3,95,56.2,48.2,No,2400,2400,0,3268,75
03:42:28.184,active,15243,750,11458,16786,0,95,56.8,48.8,No,2400,2400,0,3262,75
03:42:29.184,active,15307,476,10514,16788,0,95,57.3,54.1,No,2400,2400,0,3251,75
03:42:30.185,active,15279,520,7966,16787,0,95,57.9,46.0,No,2400,2400,0,3244,75
03:42:31.185,active,15301,412,11170,16787,0,95,58.4,48.0,No,2400,2400,0,3242,75
03:42:32.184,active,15288,904,7470,16787,0,95,56.8,47.0,No,2400,2400,0,3232,75
03:42:33.184,active,15283,678,10398,16786,-3,95,56.8,48.4,No,2400,2400,0,3232,75
03:42:34.184,active,15288,848,9684,16786,0,95,58.4,48.1,No,2400,2400,0,3225,75
03:42:35.184,active,15290,890,13658,16787,-4,95,59.5,49.2,No,2400,2400,0,3227,75
03:42:36.185,active,15283,762,9260,16788,0,95,59.0,47.3,No,2400,2400,0,3224,75
03:42:37.189,active,15283,824,12616,16788,-3,95,58.4,46.9,No,2400,2400,0,3219,75
03:42:38.184,active,15288,618,11014,16788,0,95,58.4,50.5,No,2400,2400,0,3205,75
03:42:39.184,active,15277,840,12848,16787,0,95,58.4,54.0,No,2400,2400,0,3207,75
03:42:40.184,active,15281,776,11882,16787,0,95,59.5,51.1,No,2400,2400,0,3198,75
03:42:41.189,active,15320,448,7466,16788,0,95,59.5,49.0,No,2400,2400,0,3201,75
03:42:42.185,active,15324,546,8392,16787,0,95,59.0,51.0,No,2400,2400,0,4294,125
03:42:43.185,active,15331,548,6384,16786,-3,95,58.4,49.7,No,2400,2400,0,5231,125
03:42:44.184,active,15320,480,7368,16786,0,95,59.5,51.1,No,2400,2400,0,5303,125
03:42:45.184,active,15329,494,8680,16786,-3,95,59.0,49.7,No,2400,2400,0,5305,125
03:42:46.184,active,15316,504,7754,16787,0,95,60.0,46.4,No,2400,2400,0,5313,125
03:42:47.188,active,15314,404,7040,16787,-3,95,60.0,43.4,No,2400,2400,0,5314,125
03:42:48.188,active,15324,570,8758,16787,0,95,60.0,49.2,No,2400,2400,0,5321,125
03:42:49.184,active,15316,502,7716,16787,0,95,59.0,48.1,No,2400,2400,0,5319,125
03:42:50.184,active,15256,754,9490,16786,-5,95,59.0,49.4,No,2400,2400,0,5336,125
03:42:51.184,active,15260,642,9818,16787,0,95,59.5,48.0,No,2400,2400,0,5336,125
03:42:52.185,active,15279,588,12654,16786,0,95,60.0,46.7,No,2400,2400,0,5342,125
03:42:53.187,active,15260,812,12442,16788,0,95,60.0,48.5,No,2400,2400,0,5353,125
03:42:54.185,active,15307,518,10610,16789,0,95,59.0,49.0,No,2400,2400,0,5357,125
03:42:55.184,active,15275,554,8488,16789,0,95,59.0,47.9,No,2400,2400,0,5365,125
03:42:56.184,active,15305,662,10628,16788,0,95,59.5,46.7,No,2400,2400,0,5375,125
03:42:57.185,active,15309,390,5998,16786,0,95,59.5,46.4,No,2400,2400,0,5383,125
03:42:58.185,active,15318,592,9086,16786,0,95,59.5,46.0,No,2400,2400,0,5373,125
03:42:59.185,active,15314,490,7522,16788,3,95,59.5,45.1,No,2400,2400,0,5392,125
03:43:00.187,active,15279,810,12424,16787,3,95,60.0,46.1,No,2400,2400,0,5403,125
03:43:01.184,active,15251,806,12096,16786,0,95,59.0,44.2,No,2400,2400,0,5410,125
03:43:02.184,active,15273,832,12752,16788,0,95,59.5,46.6,No,2400,2400,0,5402,125
03:43:03.187,active,15311,584,10976,16787,-3,95,60.0,50.6,No,2400,2400,0,5405,125
03:43:04.185,active,15279,674,10340,16788,0,95,59.5,49.9,No,2400,2400,0,5422,125
03:43:05.185,active,15264,796,12192,16786,0,95,59.5,49.7,No,2400,2400,0,5404,125
03:43:06.184,active,15271,852,13040,16787,0,95,59.0,49.9,No,2400,2400,0,5422,125
03:43:07.184,active,15264,752,11516,16788,4,95,59.5,44.7,No,2400,2400,0,5433,125
03:43:08.187,active,15283,714,10938,16788,3,95,60.6,47.2,No,2400,2400,0,5435,125
03:43:09.185,active,15335,494,7600,16787,8,95,59.5,49.1,No,2400,2400,0,5435,125
03:43:10.186,active,15350,486,6442,16788,3,95,59.0,45.9,No,2400,2400,0,5440,125
03:43:11.185,active,15337,512,7870,16787,0,95,59.0,48.7,No,2400,2400,0,5441,125
03:43:12.184,active,15344,710,8256,16787,0,95,58.4,48.5,No,2400,2400,0,5440,125
03:43:13.184,active,15333,502,7716,16787,4,95,59.0,46.3,No,2400,2400,0,5447,125
03:43:14.185,active,15322,486,7484,16786,0,95,60.6,47.9,No,2400,2400,0,5445,125
03:43:15.188,active,15348,508,7832,16787,0,95,60.6,48.3,No,2400,2400,0,5452,125
03:43:16.185,active,15290,484,7446,16789,0,95,59.0,45.8,No,2400,2400,0,5457,125
03:43:17.184,active,15369,456,6528,16788,0,95,59.0,47.1,No,2400,2400,0,5463,125
03:43:18.184,active,15314,532,8198,16787,0,95,59.0,46.4,No,2400,2400,0,5468,125
03:43:19.184,active,15305,602,9220,16788,0,95,60.0,47.2,No,2400,2400,0,5469,125
03:43:20.188,active,15303,568,8718,16786,0,95,60.6,47.9,No,2400,2400,0,5469,125
03:43:21.185,active,15311,658,10070,16786,0,95,60.0,46.4,No,2400,2400,0,5472,125
03:43:22.184,sleep,15294,446,6828,16789,7,95,56.2,2.0,No,2400,2400,0,5517,125
03:43:23.184,sleep,15290,564,8662,16789,12,95,56.2,0.0,No,2400,2400,0,5513,125
03:43:24.184,sleep,15303,510,7118,16790,14,95,54.0,-0.0,No,2400,2400,0,5508,125
03:43:25.184,sleep,15294,554,8506,16789,14,95,54.5,0.0,No,2400,2400,0,5508,125
03:43:26.184,sleep,15294,476,7620,16789,11,95,55.1,0.0,No,2400,2400,0,4531,75
03:43:27.185,sleep,15292,476,7310,16791,13,95,53.5,0.0,No,1500,2400,0,3549,75
03:43:28.184,sleep,15296,406,6250,16792,18,95,52.9,0.0,No,1500,2400,0,3402,75
03:43:29.184,sleep,15286,486,6698,16792,16,95,53.5,0.0,No,1500,2400,0,3369,75
03:43:30.184,sleep,15294,280,4282,16791,18,95,52.4,-0.0,No,1500,2400,0,3358,75
03:43:31.184,sleep,15301,508,7716,16790,18,95,51.2,0.0,No,1500,2400,0,3356,75
03:43:32.184,sleep,15290,488,7484,16790,17,95,51.8,-0.0,No,1500,2400,0,3361,75
03:43:33.185,sleep,15294,486,6056,16791,21,95,51.8,0.0,No,1500,2400,0,3360,75
03:43:34.185,sleep,15296,556,8526,16791,19,95,50.7,0.0,No,1500,2400,0,3354,75
03:43:35.185,sleep,15299,270,7620,16791,16,95,50.7,0.0,No,1500,2400,0,3337,75
03:43:36.184,sleep,15299,564,8662,16790,13,95,50.7,0.0,No,1500,2400,0,3340,75
03:43:37.185,active,15350,482,7408,16788,0,95,54.5,57.9,No,2400,2400,0,3304,75
03:43:38.185,active,15331,560,6770,16788,0,95,54.5,49.0,No,2400,2400,0,3288,75
03:43:39.184,active,15367,488,7504,16786,0,95,54.5,49.1,No,2400,2400,0,3289,75
03:43:40.184,active,15352,466,7504,16788,0,95,56.2,46.3,No,2400,2400,0,3279,75
03:43:41.184,active,15331,480,7388,16788,0,95,57.3,46.5,No,2400,2400,0,3268,75
03:43:42.184,active,15365,480,7022,16789,5,95,59.0,46.4,No,2400,2400,0,3264,75
03:43:43.189,active,15314,588,9028,16788,0,95,57.9,46.3,No,2400,2400,0,3245,75
03:43:44.185,active,15316,740,6694,16788,0,95,56.2,47.3,No,2400,2400,0,3249,75
03:43:45.184,active,15288,724,11092,16788,0,95,57.9,49.1,No,2400,2400,0,3250,75
03:43:46.184,active,15305,458,7060,16787,3,95,57.3,47.7,No,2400,2400,0,3240,75
03:43:47.184,active,15299,518,11208,16788,0,95,58.4,48.6,No,2400,2400,0,3237,75
03:43:48.185,active,15301,576,8854,16788,0,95,59.0,51.5,No,2400,2400,0,3234,75
03:43:49.187,active,15301,450,8816,16789,0,95,59.0,50.3,No,2400,2400,0,3222,75
03:43:50.185,active,15314,474,7272,16789,0,95,56.8,50.4,No,2400,2400,0,3193,75
03:43:51.184,active,15301,642,9838,16788,0,95,57.9,51.3,No,2400,2400,0,3187,75
03:43:52.184,active,15322,484,7426,16785,-5,95,59.5,50.4,No,2400,2400,0,3199,75
03:43:53.185,active,15348,506,7774,16786,-5,95,60.0,54.0,No,2400,2400,0,3195,75
03:43:54.185,active,15348,548,8430,16786,0,95,60.0,51.5,No,2400,2400,0,3203,75
03:43:55.185,active,15326,456,6982,16787,0,95,59.0,50.5,No,2400,2400,0,3198,75
03:43:56.184,active,15299,984,12288,16788,0,95,60.0,45.6,No,2400,2400,0,3197,75
03:43:57.184,active,15271,708,10842,16788,0,95,60.0,49.9,No,2400,2400,0,3193,75
03:43:58.184,active,15275,824,12636,16787,0,95,60.6,48.3,No,2400,2400,0,3192,75
03:43:59.185,active,15294,590,9046,16788,4,95,60.0,47.7,No,2400,2400,0,3192,75
03:44:00.185,active,15273,702,10764,16788,4,95,59.5,48.0,No,2400,2400,0,3188,75
03:44:01.185,active,15275,636,9742,16788,3,95,59.0,48.7,No,2400,2400,0,3174,75
03:44:02.184,active,15251,700,10744,16787,3,95,59.0,49.1,No,2400,2400,0,3168,75
03:44:03.184,active,15277,694,11908,16789,7,95,59.5,49.6,No,2400,2400,0,4519,125
03:44:04.185,active,15279,656,10030,16787,0,95,60.0,49.1,No,2400,2400,0,5231,125
03:44:05.189,active,15322,748,8990,16787,-3,95,59.5,46.4,No,2400,2400,0,5278,125
03:44:06.188,active,15309,606,9298,16788,0,95,59.5,46.2,No,2400,2400,0,5286,125
03:44:07.184,active,15301,824,12616,16787,-3,95,59.0,47.3,No,2400,2400,0,5294,125
03:44:08.184,active,15359,456,7022,16787,0,95,59.5,44.3,No,2400,2400,0,5298,125
03:44:09.184,active,15283,560,8584,16787,0,95,60.0,46.5,No,2400,2400,0,5307,125
03:44:10.185,active,15281,902,7688,16787,0,95,60.6,45.7,No,2400,2400,0,5319,125
03:44:11.185,active,15281,678,10398,16788,0,95,59.0,45.9,No,2400,2400,0,5322,125
03:44:12.185,active,15283,840,9066,16788,0,95,59.0,46.5,No,2400,2400,0,5318,125
03:44:13.184,active,15283,452,6944,16788,0,95,59.5,48.7,No,2400,2400,0,5336,125
03:44:14.184,active,15277,812,7716,16787,0,95,59.5,43.8,No,2400,2400,0,5356,125
03:44:15.184,active,15299,530,8140,16788,0,95,59.5,44.0,No,2400,2400,0,5351,125
03:44:16.185,active,15307,574,8796,16788,0,95,59.5,43.5,No,2400,2400,0,5364,125
03:44:17.185,active,15303,528,8082,16788,0,95,59.0,43.0,No,2400,2400,0,5365,125
03:44:18.185,active,15309,494,7580,16788,4,95,59.0,44.0,No,2400,2400,0,5367,125
03:44:19.184,active,15305,500,8236,16789,0,95,59.0,45.2,No,2400,2400,0,5383,125
03:44:20.184,active,15322,574,8796,16788,0,95,60.6,48.2,No,2400,2400,0,5395,125
03:44:21.184,active,15307,550,8082,16788,0,95,59.5,46.0,No,2400,2400,0,5396,125
03:44:22.191,active,15359,502,7716,16787,0,95,60.0,48.5,No,2400,2400,0,5393,125
03:44:23.188,active,15326,540,7484,16787,0,95,59.5,48.1,No,2400,2400,0,5393,125
03:44:24.184,active,15286,604,9278,16786,0,95,59.0,48.5,No,2400,2400,0,5397,125
03:44:25.184,active,15243,804,12308,16786,-4,95,59.0,47.4,No,2400,2400,0,5407,125
03:44:26.185,active,15264,788,11564,16787,-4,95,60.0,46.8,No,2400,2400,0,5413,125
03:44:27.188,active,15243,800,12230,16788,0,95,60.6,45.7,No,2400,2400,0,5419,125
03:44:28.186,active,15253,792,12654,16787,0,95,59.0,47.5,No,2400,2400,0,5424,125
03:44:29.185,active,15262,786,12038,16787,-3,95,59.0,47.7,No,2400,2400,0,5431,125
03:44:30.184,active,15258,668,9760,16786,-6,95,59.5,48.2,No,2400,2400,0,5436,125
03:44:31.184,active,15241,838,12808,16787,0,95,59.5,46.4,No,2400,2400,0,5442,125
03:44:32.188,active,15266,544,10686,16788,0,95,59.5,47.3,No,2400,2400,0,5445,125
03:44:33.185,active,15357,756,11574,16788,3,95,59.5,46.5,No,2400,2400,0,5445,125
03:44:34.189,active,15309,458,7060,16788,0,95,59.5,46.1,No,2400,2400,0,5446,125
03:44:35.184,active,15309,602,7310,16788,0,95,59.0,46.0,No,2400,2400,0,5455,125
03:44:36.184,active,15365,450,6944,16788,3,95,60.0,48.4,No,2400,2400,0,5450,125
03:44:37.185,sleep,15290,544,9182,16790,13,95,55.6,3.3,No,1500,2400,0,5488,125
03:44:38.185,sleep,15292,560,8564,16790,16,95,54.5,0.3,No,1500,2400,0,5503,125
03:44:39.185,sleep,15292,500,5710,16789,15,95,54.0,-0.0,No,1500,2400,0,4007,75
03:44:40.185,sleep,15301,322,4958,16792,20,95,53.5,-0.0,No,1500,2400,0,3436,75
03:44:41.184,sleep,15294,576,8834,16793,19,95,51.8,0.0,No,1500,2400,0,3376,75
03:44:42.185,sleep,15296,542,8314,16791,17,95,52.4,0.0,No,1500,2400,0,3367,75
03:44:43.185,sleep,15294,484,7408,16791,18,95,52.9,0.0,No,1500,2400,0,3358,75
03:44:44.184,sleep,15296,432,5902,16791,17,95,52.4,0.0,No,1500,2400,0,3345,75
03:44:45.185,sleep,15296,522,8024,16792,18,95,51.8,0.0,No,1500,2400,0,3339,75
03:44:46.185,sleep,15290,664,7966,16791,13,95,51.2,-0.0,No,1500,2400,0,3341,75
03:44:47.185,sleep,15296,272,4186,16790,16,95,51.8,0.0,No,1500,2400,0,3328,75
03:44:48.184,sleep,15296,298,4590,16789,10,95,50.1,1.5,No,1500,2400,0,3325,75
03:44:49.184,sleep,15296,358,5498,16790,11,95,50.1,0.2,No,1500,2400,0,3320,75
03:44:50.184,sleep,15294,410,6288,16791,13,95,50.1,0.0,No,1500,2400,0,3323,75
03:44:51.184,sleep,15296,502,6160,16792,18,95,50.1,0.0,No,1500,2400,0,3315,75
03:44:52.184,active,15266,768,11748,16789,0,95,54.0,55.1,No,2400,2400,0,3281,75
03:44:53.184,active,15241,738,11304,16789,-3,95,55.6,51.9,No,2400,2400,0,3258,75
03:44:54.188,active,15258,744,11400,16788,-3,95,56.2,47.7,No,2400,2400,0,3262,75
03:44:55.185,active,15247,670,10244,16787,0,95,56.2,48.5,No,2400,2400,0,3256,75
03:44:56.185,active,15243,772,11806,16787,0,95,56.2,44.5,No,2400,2400,0,3243,75
03:44:57.184,active,15260,704,10764,16787,0,95,56.8,51.9,No,2400,2400,0,3243,75
03:44:58.184,active,15253,634,10686,16788,0,95,57.9,53.8,No,2400,2400,0,3235,75
03:44:59.184,active,15301,674,10320,16788,0,95,57.9,52.5,No,2400,2400,0,3219,75
03:45:00.185,active,15260,606,10938,16787,-3,95,59.0,49.6,No,2400,2400,0,3230,75
03:45:01.189,active,15258,618,9452,16787,0,95,58.4,51.0,No,2400,2400,0,3214,75
03:45:02.187,active,15283,626,9626,16787,0,95,57.9,49.4,No,2400,2400,0,3217,75
03:45:03.184,active,15281,812,10138,16788,0,95,57.9,49.6,No,2400,2400,0,3203,75
03:45:04.184,active,15288,642,9838,16787,0,95,59.0,52.4,No,2400,2400,0,3192,75
03:45:05.184,active,15290,846,7292,16787,-3,95,59.0,51.0,No,2400,2400,0,3189,75
03:45:06.185,active,15275,786,12038,16788,0,95,59.0,44.4,No,2400,2400,0,3199,75
03:45:07.185,active,15277,842,12056,16788,-3,95,58.4,48.3,No,2400,2400,0,3195,75
03:45:08.185,active,15281,882,13522,16787,0,95,58.4,49.2,No,2400,2400,0,3201,75
03:45:09.184,active,15275,860,13292,16786,-3,95,59.0,49.2,No,2400,2400,0,3201,75
03:45:10.185,active,15290,672,10300,16786,-3,95,59.0,49.4,No,2400,2400,0,3188,75
03:45:11.184,active,15305,518,7948,16787,0,95,59.5,47.4,No,2400,2400,0,3185,75
03:45:12.189,active,15322,556,6886,16787,-4,95,60.0,47.4,No,2400,2400,0,3177,75
03:45:13.184,active,15307,496,7600,16787,-8,95,59.0,49.1,No,2400,2400,0,3175,75
03:45:14.184,active,15322,480,6442,16788,-3,95,58.4,47.3,No,2400,2400,0,3181,75
03:45:15.184,active,15318,552,8488,16788,-3,95,59.0,47.0,No,2400,2400,0,3167,75
03:45:16.184,active,15309,506,7948,16787,0,95,59.5,46.7,No,2400,2400,0,3168,75
03:45:17.185,active,15305,466,7156,16787,0,95,59.0,43.4,No,2400,2400,0,3165,75
03:45:18.185,active,15335,528,8120,16787,0,95,59.5,43.9,No,2400,2400,0,3169,75
03:45:19.185,active,15335,520,8006,16787,0,95,59.0,46.0,No,2400,2400,0,4858,125
03:45:20.184,active,15283,556,8526,16786,0,95,60.0,47.4,No,2400,2400,0,5252,125
03:45:21.184,active,15271,748,12596,16787,0,95,60.0,46.8,No,2400,2400,0,5274,125
03:45:22.184,active,15292,702,10764,16786,0,95,60.6,48.1,No,2400,2400,0,5277,125
03:45:23.185,active,15288,586,10262,16788,-4,95,60.0,53.4,No,2400,2400,0,5281,125
03:45:24.185,active,15234,820,12538,16787,0,95,59.5,43.6,No,2400,2400,0,5284,125
03:45:25.187,active,15307,882,11980,16787,-3,95,59.0,43.4,No,2400,2400,0,5304,125
03:45:26.184,active,15281,652,9992,16787,-4,95,59.0,43.9,No,2400,2400,0,5308,125
03:45:27.184,active,15303,826,12636,16788,0,95,59.5,44.3,No,2400,2400,0,5319,125
03:45:28.185,active,15305,550,8448,16788,0,95,60.0,45.4,No,2400,2400,0,5322,125
03:45:29.188,active,15320,662,10166,16785,-6,95,59.5,46.6,No,2400,2400,0,5323,125
03:45:30.185,active,15283,864,9742,16785,0,95,59.5,48.6,No,2400,2400,0,5331,125
03:45:31.184,active,15281,790,12096,16786,-6,95,59.0,49.1,No,2400,2400,0,5339,125
03:45:32.184,active,15273,864,13562,16787,-3,95,59.0,49.9,No,2400,2400,0,5350,125
03:45:33.184,active,15292,888,13620,16786,0,95,60.6,49.6,No,2400,2400,0,5357,125
03:45:34.185,active,15286,714,10956,16787,0,95,59.5,47.5,No,2400,2400,0,5370,125
03:45:35.185,active,15288,790,12114,16786,0,95,59.0,46.1,No,2400,2400,0,5373,125
03:45:36.185,active,15277,856,13098,16787,0,95,59.0,48.5,No,2400,2400,0,5382,125
03:45:37.184,active,15279,832,12752,16786,-3,95,59.5,49.5,No,2400,2400,0,5385,125
03:45:38.184,active,15271,854,13078,16787,-3,95,60.0,48.9,No,2400,2400,0,5391,125
03:45:39.185,active,15311,490,7890,16787,-3,95,60.6,46.2,No,2400,2400,0,5395,125
03:45:40.185,active,15309,494,7600,16786,-4,95,59.0,45.6,No,2400,2400,0,5396,125
03:45:41.189,active,15333,528,8082,16786,-4,95,59.5,47.9,No,2400,2400,0,5400,125
03:45:42.184,active,15324,562,8642,16788,0,95,59.0,48.0,No,2400,2400,0,5408,125
03:45:43.184,active,15322,506,7754,16786,0,95,59.5,47.1,No,2400,2400,0,5418,125
03:45:44.184,active,15339,462,7118,16787,0,95,60.6,47.9,No,2400,2400,0,5427,125
03:45:45.185,active,15318,534,8198,16786,0,95,60.6,48.0,No,2400,2400,0,5427,125
03:45:46.185,active,15361,436,6732,16788,0,95,58.4,46.6,No,2400,2400,0,5436,125
03:45:47.185,active,15354,492,7542,16789,0,95,60.0,48.1,No,2400,2400,0,5435,125
03:45:48.184,active,15344,522,8044,16790,3,95,59.0,48.0,No,2400,2400,0,5440,125
03:45:49.184,active,15247,868,13252,16788,0,95,59.0,48.9,No,2400,2400,0,5453,125
03:45:50.184,active,15311,516,13022,16787,0,95,61.1,48.7,No,2400,2400,0,5465,125
03:45:51.185,active,15281,476,7310,16787,0,95,59.0,47.6,No,2400,2400,0,5453,125
03:45:52.185,sleep,15296,448,7176,16788,9,95,55.1,4.7,No,1500,2400,0,5507,125
03:45:53.185,sleep,15296,472,7252,16789,12,95,55.1,0.0,No,1500,2400,0,5505,75
03:45:54.184,sleep,15290,530,7850,16790,16,95,54.5,0.0,No,1500,2400,0,3761,75
03:45:55.185,sleep,15299,292,4474,16790,12,95,53.5,0.0,No,1500,2400,0,3420,75
03:45:56.184,sleep,15296,700,8604,16790,12,95,53.5,-0.0,No,1500,2400,0,3373,75
03:45:57.184,sleep,15294,356,5458,16790,11,95,53.5,0.0,No,1500,2400,0,3363,75
03:45:58.184,sleep,15290,350,5362,16789,11,95,52.4,1.7,No,1500,2400,0,3356,75
03:45:59.184,sleep,15299,290,5748,16790,14,95,51.8,0.5,No,1500,2400,0,3357,75
03:46:00.184,sleep,15294,432,6636,16789,9,95,51.8,0.0,No,1500,2400,0,3354,75
03:46:01.184,sleep,15296,328,5710,16791,13,95,51.2,0.0,No,1500,2400,0,3344,75
03:46:02.184,sleep,15292,264,4070,16791,13,95,50.7,0.0,No,1500,2400,0,3332,75
03:46:03.184,sleep,15296,298,6790,16790,10,95,51.8,-0.0,No,1500,2400,0,3302,75
03:46:04.185,sleep,15296,414,6346,16790,12,95,51.2,0.0,No,1500,2400,0,3306,75
03:46:05.184,sleep,15290,580,8120,16790,13,95,51.2,-0.0,No,1500,2400,0,3299,75
03:46:06.185,sleep,15292,318,4880,16790,14,95,50.7,0.0,No,1500,2400,0,3297,75
03:46:07.184,active,15258,742,11922,16788,4,95,55.1,54.1,No,2400,2400,0,3265,75
03:46:08.189,active,15333,426,6814,16789,0,95,55.6,49.2,No,2400,2400,0,3252,75
03:46:09.185,active,15311,604,9278,16788,-5,95,56.2,51.8,No,2400,2400,0,3256,75
03:46:10.184,active,15335,590,7504,16786,-5,95,55.6,48.4,No,2400,2400,0,3251,75
03:46:11.184,active,15318,476,7330,16786,-3,95,56.8,48.5,No,2400,2400,0,3241,75
03:46:12.184,active,15279,866,9626,16787,0,95,57.3,49.5,No,2400,2400,0,3243,75
03:46:13.191,active,15288,858,13156,16787,-3,95,57.9,50.5,No,2400,2400,0,3238,75
03:46:14.185,active,15290,742,9684,16787,-4,95,57.3,50.8,No,2400,2400,0,3214,75
03:46:15.185,active,15318,634,9722,16787,-7,95,56.8,48.3,No,2400,2400,0,3217,75
03:46:16.184,active,15288,812,9916,16788,-4,95,57.3,49.1,No,2400,2400,0,3212,75
03:46:17.184,active,15296,584,8950,16788,0,95,58.4,46.8,No,2400,2400,0,3212,75
03:46:18.185,active,15311,498,7658,16787,-5,95,59.0,47.7,No,2400,2400,0,3215,75
03:46:19.188,active,15303,470,7706,16788,-3,95,59.0,46.2,No,2400,2400,0,3209,75
03:46:20.189,active,15309,508,7792,16786,-6,95,58.4,49.0,No,2400,2400,0,3203,75
03:46:21.184,active,15311,494,5960,16787,-5,95,58.4,48.7,No,2400,2400,0,3182,75
03:46:22.184,active,15318,516,7908,16787,-7,95,59.5,49.5,No,2400,2400,0,3187,75
03:46:23.184,active,15309,450,8334,16788,-5,95,60.0,48.9,No,2400,2400,0,3190,75
03:46:24.185,active,15331,480,7350,16788,-4,95,60.0,47.4,No,2400,2400,0,3195,75
03:46:25.185,active,15307,450,7696,16787,-6,95,59.0,44.8,No,2400,2400,0,3192,75
03:46:26.185,active,15305,510,7832,16787,0,95,58.4,42.7,No,2400,2400,0,3186,75
03:46:27.184,active,15258,884,13542,16786,-3,95,59.0,45.5,No,2400,2400,0,3184,75
03:46:28.184,active,15314,448,6866,16786,0,95,59.0,47.2,No,2400,2400,0,3185,75
03:46:29.185,active,15275,736,11266,16787,0,95,59.5,45.1,No,2400,2400,0,3175,75
03:46:30.189,active,15266,730,11170,16788,0,95,59.5,46.3,No,2400,2400,0,3170,75
03:46:31.185,active,15245,530,8140,16787,0,95,59.5,45.8,No,2400,2400,0,3169,75
03:46:32.184,active,15266,724,13120,16787,-4,95,59.0,46.3,No,2400,2400,0,3174,75
03:46:33.184,active,15279,844,12924,16787,-4,95,57.9,52.8,No,2400,2400,0,3162,75
03:46:34.184,active,15241,716,12748,16787,0,95,60.0,44.2,No,2400,2400,0,3163,125
03:46:35.185,active,15303,732,11208,16785,-5,95,59.0,43.8,No,2400,2400,0,5042,125
03:46:36.188,active,15309,430,9858,16786,-4,95,59.5,49.1,No,2400,2400,0,5250,125
03:46:37.186,active,15303,686,10532,16787,-5,95,58.4,49.4,No,2400,2400,0,5265,125
03:46:38.184,active,15283,502,7716,16785,-4,95,59.0,48.6,No,2400,2400,0,5274,125
03:46:39.184,active,15311,506,7754,16787,-3,95,58.4,46.2,No,2400,2400,0,5285,125
03:46:40.188,active,15281,668,10224,16787,-3,95,60.0,47.5,No,2400,2400,0,5283,125
03:46:41.185,active,15288,822,12616,16787,0,95,59.5,47.0,No,2400,2400,0,5291,125
03:46:42.185,active,15283,402,6172,16787,-3,95,59.5,46.8,No,2400,2400,0,5304,125
03:46:43.185,active,15283,744,11420,16787,0,95,58.4,45.1,No,2400,2400,0,5305,125
03:46:44.184,active,15281,618,9490,16787,0,95,59.5,46.3,No,2400,2400,0,5318,125
03:46:45.184,active,15281,858,13136,16786,-8,95,59.0,46.2,No,2400,2400,0,5327,125
03:46:46.184,active,15311,470,7214,16785,-7,95,60.0,46.9,No,2400,2400,0,5337,125
03:46:47.185,active,15324,520,6964,16787,0,95,59.5,49.0,No,2400,2400,0,5348,125
03:46:48.185,active,15314,440,6752,16787,0,95,59.5,45.0,No,2400,2400,0,5360,125
03:46:49.184,active,15322,748,9008,16786,-5,95,59.5,47.8,No,2400,2400,0,5373,125
03:46:50.184,active,15316,560,8604,16785,-6,95,59.0,47.9,No,2400,2400,0,5368,125
03:46:51.184,active,15337,380,5826,16786,0,95,59.5,46.6,No,2400,2400,0,5375,125
03:46:52.188,active,15322,506,7774,16785,-3,95,60.6,46.3,No,2400,2400,0,5378,125
03:46:53.185,active,15348,516,7928,16787,-3,95,60.0,47.9,No,2400,2400,0,5375,125
03:46:54.184,active,15326,584,8970,16787,0,95,59.0,47.0,No,2400,2400,0,5386,125
03:46:55.184,active,15268,702,10726,16789,0,95,60.0,47.6,No,2400,2400,0,5398,125
03:46:56.184,active,15256,692,13234,16789,0,95,59.5,47.6,No,2400,2400,0,5413,125
03:46:57.184,active,15236,862,13176,16787,0,95,60.0,47.5,No,2400,2400,0,5410,125
03:46:58.188,active,15268,582,12250,16787,0,95,60.0,46.9,No,2400,2400,0,5418,125
03:46:59.185,active,15251,860,13156,16786,0,95,59.0,47.7,No,2400,2400,0,5421,125
03:47:00.184,active,15303,574,12076,16786,-4,95,59.5,47.7,No,2400,2400,0,5428,125
03:47:01.184,active,15279,590,9046,16787,0,95,59.5,48.6,No,2400,2400,0,5424,125
03:47:02.184,active,15299,478,10108,16786,0,95,59.5,49.6,No,2400,2400,0,5432,125
03:47:03.185,active,15301,434,6674,16787,0,95,60.0,48.9,No,2400,2400,0,5437,125
03:47:04.185,active,15305,704,9972,16787,0,95,59.5,47.8,No,2400,2400,0,5435,125
03:47:05.185,active,15290,880,8392,16786,0,95,59.0,48.0,No,2400,2400,0,5436,125
03:47:06.184,active,15281,732,11226,16787,0,95,59.5,48.9,No,2400,2400,0,5443,125
03:47:07.185,sleep,15294,536,5478,16789,9,95,56.2,7.0,No,1500,2400,0,5474,125
03:47:08.184,sleep,15292,506,7754,16789,14,95,55.6,1.5,No,1500,2400,0,5502,125
03:47:09.184,sleep,15290,498,8044,16790,17,95,54.0,0.3,No,1500,2400,0,5131,75
03:47:10.184,sleep,15296,322,4938,16792,18,95,52.9,0.0,No,1500,2400,0,3604,75
03:47:11.184,sleep,15292,372,8064,16792,20,95,52.9,-0.0,No,1500,2400,0,3392,75
03:47:12.184,sleep,15294,522,8024,16790,17,95,52.9,0.0,No,1500,2400,0,3351,75
03:47:13.184,sleep,15294,232,9202,16790,17,95,52.4,-0.0,No,1500,2400,0,3332,75
03:47:14.184,sleep,15301,456,7002,16790,16,95,52.4,0.0,No,1500,2400,0,3344,75
03:47:15.184,sleep,15294,354,5440,16789,14,95,52.4,0.0,No,1500,2400,0,3330,75
03:47:16.184,sleep,15301,528,5246,16791,16,95,51.8,0.0,No,1500,2400,0,3350,75
03:47:17.184,sleep,15301,466,7156,16792,14,95,50.7,0.3,No,1500,2400,0,3344,75
03:47:18.184,sleep,15296,404,7600,16791,14,95,50.7,-0.0,No,1500,2400,0,3340,75
03:47:19.184,sleep,15294,334,5112,16791,15,95,50.1,0.0,No,1500,2400,0,3335,75
03:47:20.184,sleep,15296,436,7600,16791,15,95,50.1,-0.0,No,1500,2400,0,3329,75
03:47:21.184,sleep,15296,494,7562,16790,13,95,48.5,0.0,No,1500,2400,0,3316,75
03:47:22.184,active,15288,678,8218,16786,-5,95,54.0,55.7,No,2400,2400,0,3271,75
03:47:23.184,active,15292,802,12288,16786,-8,95,55.6,50.8,No,2400,2400,0,3263,75
03:47:24.189,active,15299,686,10494,16786,-5,95,55.6,49.2,No,2400,2400,0,3242,75
03:47:25.185,active,15301,434,6654,16786,-5,95,56.8,47.7,No,2400,2400,0,3241,75
03:47:26.187,active,15307,506,7754,16788,-3,95,56.8,46.5,No,2400,2400,0,3246,75
03:47:27.185,active,15299,492,10890,16787,0,95,57.3,48.6,No,2400,2400,0,3238,75
03:47:28.184,active,15307,444,6790,16787,-3,95,56.8,48.5,No,2400,2400,0,3236,75
03:47:29.184,active,15311,420,8526,16787,-3,95,57.3,49.9,No,2400,2400,0,3227,75
03:47:30.185,active,15311,402,6172,16788,0,95,58.4,48.7,No,2400,2400,0,3224,75
03:47:31.189,active,15316,466,7542,16789,0,95,59.0,48.7,No,2400,2400,0,3209,75
03:47:32.185,active,15307,450,6924,16787,-5,95,58.4,49.0,No,2400,2400,0,3201,75
03:47:33.185,active,15283,790,12114,16786,-3,95,57.9,49.5,No,2400,2400,0,3209,75
03:47:34.184,active,15288,746,9648,16787,0,95,58.4,45.9,No,2400,2400,0,3209,75
03:47:35.184,active,15309,758,11612,16787,-4,95,59.5,47.0,No,2400,2400,0,3205,75
03:47:36.185,active,15283,820,10898,16785,-7,95,59.5,47.0,No,2400,2400,0,3204,75
03:47:37.185,active,15266,802,12308,16788,-3,95,59.0,44.4,No,2400,2400,0,3197,75
03:47:38.185,active,15305,590,13464,16787,0,95,59.5,46.1,No,2400,2400,0,3196,75
03:47:39.184,active,15266,654,10030,16787,0,95,59.0,46.2,No,2400,2400,0,3191,75
03:47:40.184,active,15275,742,12268,16787,0,95,60.0,47.3,No,2400,2400,0,3187,75
03:47:41.184,active,15256,828,12674,16788,0,95,59.5,46.1,No,2400,2400,0,3195,75
03:47:42.185,active,15260,706,9530,16789,3,95,60.0,44.4,No,2400,2400,0,3177,75
03:47:43.185,active,15309,528,8102,16789,0,95,59.5,52.1,No,2400,2400,0,3155,75
03:47:44.185,active,15286,490,7542,16788,0,95,59.0,45.5,No,2400,2400,0,3167,75
03:47:45.184,active,15316,590,7254,16787,0,95,59.0,49.5,No,2400,2400,0,3179,75
03:47:46.184,active,15281,572,8796,16786,0,95,59.5,49.5,No,2400,2400,0,3173,75
03:47:47.184,active,15314,674,8024,16787,0,95,60.6,47.3,No,2400,2400,0,3176,75
03:47:48.185,active,15288,452,6982,16787,0,95,60.0,44.8,No,2400,2400,0,3171,75
03:47:49.185,active,15318,564,7292,16789,0,95,59.5,43.9,No,2400,2400,0,3629,125
03:47:50.185,active,15281,960,14718,16789,0,95,60.0,47.0,No,2400,2400,0,5162,125
03:47:51.184,active,15286,864,11922,16788,0,95,59.0,50.0,No,2400,2400,0,5275,125
03:47:52.184,active,15303,554,8506,16789,0,95,59.5,46.4,No,2400,2400,0,5282,125
03:47:53.185,active,15305,560,8584,16788,0,95,60.0,45.6,No,2400,2400,0,5284,125
03:47:54.185,active,15305,482,9858,16787,0,95,59.0,45.0,No,2400,2400,0,5288,125
03:47:55.186,active,15331,580,8892,16787,0,95,59.5,47.1,No,2400,2400,0,5291,125
03:47:56.184,active,15316,532,8102,16788,0,95,60.0,49.3,No,2400,2400,0,5299,125
03:47:57.184,active,15314,550,8430,16786,0,95,59.0,47.8,No,2400,2400,0,5298,125
03:47:58.184,active,15316,618,6520,16787,-6,95,60.0,47.7,No,2400,2400,0,5306,125
03:47:59.188,active,15305,474,7272,16786,0,95,59.5,46.4,No,2400,2400,0,5315,125
03:48:00.186,active,15339,494,8218,16786,-6,95,59.5,47.2,No,2400,2400,0,5325,125
03:48:01.184,active,15311,510,7850,16785,-10,95,59.0,48.2,No,2400,2400,0,5331,125
03:48:02.184,active,15264,656,10050,16785,-10,95,59.0,47.9,No,2400,2400,0,5329,125
03:48:03.184,active,15266,712,10880,16787,-6,95,59.5,48.0,No,2400,2400,0,5358,125
03:48:04.185,active,15238,814,12462,16788,-3,95,60.0,47.6,No,2400,2400,0,5361,125
03:48:05.188,active,15264,742,9806,16787,-6,95,60.0,48.7,No,2400,2400,0,5368,125
03:48:06.189,active,15288,768,11748,16787,-4,95,59.5,46.2,No,2400,2400,0,5386,125
03:48:07.184,active,15273,666,10416,16785,-4,95,59.5,47.0,No,2400,2400,0,5389,125
03:48:08.184,active,15294,748,11458,16786,0,95,59.5,49.0,No,2400,2400,0,5392,125
03:48:09.184,active,15281,610,11882,16786,0,95,60.6,49.0,No,2400,2400,0,5399,125
03:48:10.185,active,15301,882,13464,16786,-6,95,60.0,48.6,No,2400,2400,0,5401,125
03:48:11.185,active,15314,484,7426,16785,-6,95,60.0,48.2,No,2400,2400,0,5406,125
03:48:12.190,active,15354,554,8526,16786,-4,95,59.0,48.1,No,2400,2400,0,5401,125
03:48:13.184,active,15283,814,12480,16786,-4,95,59.0,49.2,No,2400,2400,0,5412,125
03:48:14.184,active,15301,696,10686,16786,-4,95,59.0,49.0,No,2400,2400,0,5419,125
03:48:15.184,active,15288,700,10744,16787,0,95,59.5,48.6,No,2400,2400,0,5431,125
03:48:16.185,active,15283,890,6964,16787,0,95,59.5,47.7,No,2400,2400,0,5432,125
03:48:17.185,active,15281,724,11072,16787,0,95,59.0,49.5,No,2400,2400,0,5432,125
03:48:18.184,active,15286,820,11710,16786,0,95,59.5,52.1,No,2400,2400,0,5436,125
03:48:19.184,active,15281,812,12442,16786,-3,95,59.5,49.4,No,2400,2400,0,5438,125
03:48:20.184,active,15286,816,11112,16787,0,95,59.5,47.1,No,2400,2400,0,5446,125
03:48:21.185,active,15359,440,6790,16786,-4,95,60.6,47.0,No,2400,2400,0,5442,125
03:48:22.184,sleep,15290,516,7928,16790,4,95,56.8,7.8,No,2400,2400,0,5485,125
03:48:23.184,sleep,15288,394,6038,16789,5,95,56.2,0.0,No,2400,2400,0,5485,125
03:48:24.184,sleep,15299,508,7812,16790,3,95,55.1,-0.0,No,2400,2400,0,5499,125
03:48:25.184,sleep,15296,470,7214,16788,0,95,55.1,0.0,No,2400,2400,0,5501,125
03:48:26.184,sleep,15303,444,6810,16788,9,95,55.1,-0.0,No,2400,2400,0,5501,125
03:48:27.184,sleep,15296,400,6134,16789,14,95,53.5,0.0,No,1500,2400,0,4609,75
03:48:28.184,sleep,15292,410,6288,16790,20,95,53.5,0.0,No,1500,2400,0,3548,75
03:48:29.185,sleep,15299,278,5798,16790,17,95,52.4,0.0,No,1500,2400,0,3381,75
03:48:30.184,sleep,15296,322,4938,16791,17,95,51.8,0.0,No,1500,2400,0,3366,75
03:48:31.185,sleep,15305,524,6230,16791,15,95,51.8,0.3,No,1500,2400,0,3365,75
03:48:32.185,sleep,15296,166,2546,16790,16,95,52.9,-0.0,No,1500,2400,0,3354,75
03:48:33.184,sleep,15299,328,7194,16790,17,95,51.2,0.0,No,1500,2400,0,3344,75
03:48:34.185,sleep,15299,568,8718,16790,14,95,51.2,-0.0,No,1500,2400,0,3345,75
03:48:35.185,sleep,15296,522,8006,16790,12,95,51.2,0.0,No,1500,2400,0,3342,75
03:48:36.185,sleep,15303,534,8218,16791,14,95,51.2,0.0,No,1500,2400,0,3325,75
03:48:37.184,active,15294,808,12346,16788,0,95,55.1,50.4,No,2400,2400,0,3300,75
03:48:38.185,active,15301,494,7562,16788,0,95,55.1,47.3,No,2400,2400,0,3290,75
03:48:39.185,active,15309,546,8372,16788,0,95,56.2,48.3,No,2400,2400,0,3284,75
03:48:40.185,active,15277,818,10898,16787,-4,95,55.6,45.9,No,2400,2400,0,3266,75
03:48:41.184,active,15283,820,12558,16786,0,95,56.8,49.5,No,2400,2400,0,3265,75
03:48:42.184,active,15273,846,12964,16787,0,95,57.9,50.1,No,2400,2400,0,3256,75
03:48:43.185,active,15283,860,13176,16788,0,95,57.9,44.2,No,2400,2400,0,3258,75
03:48:44.188,active,15311,856,13098,16790,0,95,57.9,47.2,No,2400,2400,0,3245,75
03:48:45.188,active,15251,830,12674,16789,0,95,57.9,46.9,No,2400,2400,0,3239,75
03:48:46.184,active,15303,784,11980,16788,0,95,58.4,46.8,No,2400,2400,0,3238,75
03:48:47.184,active,15316,600,9202,16786,-4,95,58.4,47.9,No,2400,2400,0,3239,75
03:48:48.184,active,15277,750,11478,16786,-6,95,59.0,45.4,No,2400,2400,0,3239,75
03:48:49.188,active,15359,512,7966,16787,-5,95,59.5,45.7,No,2400,2400,0,3227,75
03:48:50.185,active,15318,538,8276,16785,-5,95,58.4,46.5,No,2400,2400,0,3212,75
03:48:51.186,active,15288,830,6442,16787,-5,95,58.4,45.9,No,2400,2400,0,3205,75
03:48:52.184,active,15341,508,7832,16786,-3,95,59.0,50.9,No,2400,2400,0,3205,75
03:48:53.184,active,15341,560,8488,16787,0,95,59.0,50.0,No,2400,2400,0,3187,75
03:48:54.184,active,15333,498,7678,16788,0,95,59.5,43.9,No,2400,2400,0,3204,75
03:48:55.187,active,15318,646,7350,16788,0,95,59.5,44.5,No,2400,2400,0,3198,75
03:48:56.185,active,15346,422,6482,16786,0,95,58.4,47.2,No,2400,2400,0,3203,75
03:48:57.184,active,15314,274,5826,16787,0,95,59.5,44.5,No,2400,2400,0,3201,75
03:48:58.184,active,15357,456,7022,16789,0,95,59.0,44.9,No,2400,2400,0,3191,75
03:48:59.184,active,15309,722,11054,16787,0,95,59.5,46.3,No,2400,2400,0,4681,125
03:49:00.185,active,15305,432,13060,16786,-6,95,60.0,48.4,No,2400,2400,0,5258,125
03:49:01.185,active,15305,636,9742,16786,-5,95,59.5,48.9,No,2400,2400,0,5293,125
03:49:02.185,active,15305,490,11112,16787,0,95,59.5,47.9,No,2400,2400,0,5303,125
03:49:03.184,active,15303,532,8178,16788,0,95,59.5,48.7,No,2400,2400,0,5306,125
03:49:04.184,active,15314,498,8546,16788,0,95,60.0,47.5,No,2400,2400,0,5306,125
03:49:05.184,active,15307,544,8352,16787,-5,95,60.0,49.4,No,2400,2400,0,5319,125
03:49:06.189,active,15307,448,7658,16787,-5,95,60.0,46.9,No,2400,2400,0,5322,125
03:49:07.186,active,15309,510,7850,16786,-7,95,59.0,49.1,No,2400,2400,0,5334,125
03:49:08.185,active,15273,866,13272,16786,-3,95,59.0,47.9,No,2400,2400,0,5339,125
03:49:09.184,active,15279,846,12538,16786,-4,95,59.0,49.0,No,2400,2400,0,5332,125
03:49:10.184,active,15281,824,12616,16787,-4,95,59.5,47.6,No,2400,2400,0,5348,125
03:49:11.185,active,15286,688,12152,16787,-3,95,60.6,47.9,No,2400,2400,0,5360,125
03:49:12.185,active,15281,856,13118,16788,0,95,59.5,46.2,No,2400,2400,0,5373,125
03:49:13.184,active,15283,708,12674,16787,0,95,60.0,48.1,No,2400,2400,0,5371,125
03:49:14.184,active,15294,672,10320,16787,0,95,59.5,49.4,No,2400,2400,0,5377,125
03:49:15.184,active,15236,768,13118,16786,0,95,59.5,46.4,No,2400,2400,0,5385,125
03:49:16.184,active,15266,796,12192,16787,0,95,59.5,46.6,No,2400,2400,0,5388,125
03:49:17.189,active,15256,854,13060,16787,-4,95,60.0,47.1,No,2400,2400,0,5395,125
03:49:18.185,active,15329,540,6366,16789,-3,95,59.5,46.7,No,2400,2400,0,5403,125
03:49:19.184,active,15329,500,7678,16789,0,95,60.0,48.0,No,2400,2400,0,5405,125
03:49:20.184,active,15361,538,7736,16788,0,95,59.0,49.3,No,2400,2400,0,5416,125
03:49:21.184,active,15348,554,8546,16787,0,95,59.5,49.3,No,2400,2400,0,5420,125
03:49:22.184,active,15322,486,8352,16786,0,95,59.5,48.4,No,2400,2400,0,5421,125
03:49:23.189,active,15354,488,7504,16785,-4,95,60.0,48.1,No,2400,2400,0,5423,125
03:49:24.188,active,15311,382,6558,16786,0,95,59.5,47.6,No,2400,2400,0,5430,125
03:49:25.184,active,15316,572,8776,16787,0,95,59.0,49.2,No,2400,2400,0,5434,125
03:49:26.184,active,15288,488,7504,16787,0,95,59.0,48.7,No,2400,2400,0,5436,125
03:49:27.184,active,15301,442,12790,16787,-4,95,60.0,50.5,No,2400,2400,0,5442,125
03:49:28.185,active,15307,524,8044,16786,-5,95,59.5,52.3,No,2400,2400,0,5451,125
03:49:29.189,active,15314,418,7600,16785,-5,95,59.5,46.8,No,2400,2400,0,5457,125
03:49:30.188,active,15307,546,8392,16785,-6,95,59.5,46.1,No,2400,2400,0,5454,125
03:49:31.184,active,15307,702,8044,16787,0,95,59.0,48.7,No,2400,2400,0,5450,125
03:49:32.184,active,15299,428,6578,16786,0,95,60.0,48.0,No,2400,2400,0,5461,125
03:49:33.184,active,15309,530,8120,16787,0,95,60.0,47.6,No,2400,2400,0,5466,125
03:49:34.185,active,15309,410,6288,16788,5,95,60.0,46.4,No,2400,2400,0,5467,125
03:49:35.185,active,15361,520,7986,16788,0,95,60.6,47.5,No,2400,2400,0,5465,125
03:49:36.184,active,15273,788,12114,16786,-4,95,59.0,47.2,No,2400,2400,0,5470,125
03:49:37.184,sleep,15294,476,7310,16789,0,95,56.8,9.3,No,2400,2400,0,5503,125
03:49:38.184,sleep,15290,464,7600,16789,10,95,56.2,0.0,No,2400,2400,0,5515,125
03:49:39.184,sleep,15290,428,6558,16789,7,95,55.6,0.0,No,2400,2400,0,5510,125
03:49:40.184,sleep,15290,486,7446,16789,8,95,55.1,-0.0,No,2400,2400,0,5510,125
03:49:41.184,sleep,15286,462,7098,16789,9,95,54.5,0.0,No,2400,2400,0,5511,125
03:49:42.185,sleep,15303,464,7138,16790,8,95,52.9,-0.0,No,1500,2400,0,5525,125
03:49:43.185,sleep,15290,548,7350,16790,11,95,53.5,0.5,No,1500,2400,0,4182,75
03:49:44.185,sleep,15303,482,7388,16789,13,95,52.4,0.5,No,1600,2400,0,3495,75
03:49:45.185,sleep,15299,368,5632,16789,13,95,51.8,0.3,No,1500,2400,0,3372,75
03:49:46.184,sleep,15303,312,4802,16789,13,95,51.2,0.0,No,1500,2400,0,3367,75
03:49:47.184,sleep,15296,254,3896,16791,15,95,52.9,0.0,No,1500,2400,0,3373,75
03:49:48.184,sleep,15303,328,5034,16792,17,95,51.8,-0.0,No,1500,2400,0,3374,75
03:49:49.184,sleep,15296,394,6056,16791,16,95,51.2,0.0,No,1500,2400,0,3350,75
03:49:50.184,sleep,15296,364,6442,16792,15,95,50.7,-0.0,No,1500,2400,0,3357,75
03:49:51.184,sleep,15294,400,6134,16790,13,95,51.2,0.0,No,1500,2400,0,3360,75
03:49:52.188,active,15324,602,6790,16787,0,95,54.0,47.3,No,2400,2400,0,3324,75
03:49:53.184,active,15365,532,8198,16787,-5,95,54.5,43.2,No,2400,2400,0,3308,75
03:49:54.184,active,15283,790,10494,16787,0,95,55.6,46.0,No,2400,2400,0,3299,75
03:49:55.184,active,15299,492,12096,16788,0,95,56.2,45.5,No,2400,2400,0,3294,75
03:49:56.185,active,15296,542,8294,16788,-4,95,57.3,43.9,No,2400,2400,0,3284,75
03:49:57.185,active,15305,494,10552,16787,0,95,57.3,42.6,No,2400,2400,0,3278,75
03:49:58.187,active,15299,466,7156,16787,0,95,56.8,47.0,No,2400,2400,0,3265,75
03:49:59.184,active,15303,484,8526,16786,-5,95,56.8,47.4,No,2400,2400,0,3265,75
03:50:00.184,active,15307,508,7792,16786,-4,95,57.9,46.9,No,2400,2400,0,3259,75
03:50:01.185,active,15311,276,7214,16787,-6,95,58.4,46.6,No,2400,2400,0,3252,75
03:50:02.187,active,15305,492,7562,16787,-4,95,59.0,50.6,No,2400,2400,0,3247,75
03:50:03.188,active,15326,460,7060,16787,0,95,58.4,51.9,No,2400,2400,0,3240,75
03:50:04.184,active,15286,844,10764,16787,0,95,58.4,48.2,No,2400,2400,0,3236,75
03:50:05.184,active,15275,744,11400,16787,0,95,58.4,45.2,No,2400,2400,0,3239,75
03:50:06.184,active,15260,702,12424,16788,0,95,57.9,48.6,No,2400,2400,0,3232,75
03:50:07.187,active,15283,800,12268,16787,0,95,59.0,44.7,No,2400,2400,0,3229,75
03:50:08.185,active,15268,782,11998,16787,0,95,58.4,42.9,No,2400,2400,0,3222,125
03:50:09.185,active,15303,842,12924,16788,-5,95,58.4,46.7,No,2400,2400,0,5108,125
03:50:10.184,active,15268,844,12944,16788,-5,95,58.4,48.5,No,2400,2400,0,5330,125
03:50:11.184,active,15271,654,9992,16787,-6,95,59.0,46.6,No,2400,2400,0,5337,125
03:50:12.188,active,15275,660,10108,16788,0,95,59.5,49.3,No,2400,2400,0,5336,125
03:50:13.185,active,15344,504,7600,16786,0,95,58.4,46.3,No,2400,2400,0,5344,125
03:50:14.193,active,15316,574,8816,16788,0,95,59.0,47.5,No,2400,2400,0,5341,125
03:50:15.185,active,15318,470,7214,16787,-3,95,57.9,47.4,No,2400,2400,0,5337,125
03:50:16.184,active,15339,522,8024,16786,-5,95,58.4,48.4,No,2400,2400,0,5353,125
03:50:17.184,active,15288,506,7774,16787,0,95,59.0,47.9,No,2400,2400,0,5352,125
03:50:18.188,active,15359,520,6726,16787,0,95,59.5,48.7,No,2400,2400,0,5355,125
03:50:19.185,active,15288,464,7138,16786,-5,95,60.0,45.7,No,2400,2400,0,5366,125
03:50:20.185,active,15314,638,8120,16787,0,95,58.4,46.7,No,2400,2400,0,5373,125
03:50:21.184,active,15283,542,8334,16787,0,95,58.4,48.7,No,2400,2400,0,5379,125
03:50:22.184,active,15301,620,7890,16788,0,95,59.0,47.2,No,2400,2400,0,5390,125
03:50:23.184,active,15309,532,8160,16786,-3,95,59.5,46.8,No,2400,2400,0,5386,125
03:50:24.188,active,15311,492,7542,16786,-3,95,59.5,46.4,No,2400,2400,0,5388,125
03:50:25.185,active,15307,402,10822,16787,0,95,58.4,46.8,No,2400,2400,0,5397,125
03:50:26.184,active,15303,490,7504,16787,0,95,58.4,46.7,No,2400,2400,0,5414,125
03:50:27.184,active,15309,508,10146,16787,-3,95,59.0,47.6,No,2400,2400,0,5413,125
03:50:28.184,active,15296,498,7638,16788,0,95,59.5,48.8,No,2400,2400,0,5420,125
03:50:29.185,active,15305,440,6424,16788,0,95,59.5,48.7,No,2400,2400,0,5417,125
03:50:30.185,active,15307,476,7330,16786,-3,95,59.5,48.0,No,2400,2400,0,5426,125
03:50:31.189,active,15301,468,7176,16787,0,95,58.4,48.1,No,2400,2400,0,5433,125
03:50:32.184,active,15286,782,10300,16786,-4,95,58.4,48.4,No,2400,2400,0,5436,125
03:50:33.184,active,15290,780,11960,16787,-3,95,59.0,48.8,No,2400,2400,0,5437,125
03:50:34.184,active,15277,772,13176,16787,0,95,60.0,48.9,No,2400,2400,0,5444,125
03:50:35.185,active,15286,782,11980,16787,0,95,59.5,48.2,No,2400,2400,0,5443,125
03:50:36.185,active,15271,820,12752,16786,-3,95,59.0,47.7,No,2400,2400,0,5444,125
03:50:37.191,active,15283,794,12152,16786,-4,95,59.0,49.4,No,2400,2400,0,5452,125
03:50:38.184,active,15264,856,13118,16786,-3,95,59.0,53.0,No,2400,2400,0,5449,125
03:50:39.184,active,15283,824,12616,16786,0,95,59.5,47.1,No,2400,2400,0,5460,125
03:50:40.185,active,15275,870,13310,16787,-3,95,59.5,46.7,No,2400,2400,0,5463,125
03:50:41.187,active,15346,496,8352,16788,0,95,60.0,49.2,No,2400,2400,0,5460,125
03:50:42.185,active,15329,498,7678,16788,0,95,59.0,44.9,No,2400,2400,0,5464,125
03:50:43.184,active,15359,434,7792,16788,0,95,59.0,48.4,No,2400,2400,0,5453,125
03:50:44.184,active,15344,494,7600,16786,-5,95,59.0,49.1,No,2400,2400,0,5467,125
03:50:45.184,active,15305,476,7330,16787,0,95,61.1,46.0,No,2400,2400,0,5467,125
03:50:46.185,active,15357,576,8874,16787,0,95,60.0,45.4,No,2400,2400,0,5479,125
03:50:47.185,active,15288,520,8024,16788,0,95,59.0,51.1,No,2400,2400,0,5476,125
03:50:48.188,active,15299,624,7008,16788,0,95,59.0,51.4,No,2400,2400,0,5475,125
03:50:49.184,active,15281,678,10378,16788,0,95,59.5,53.7,No,2400,2400,0,5462,125
03:50:50.188,active,15314,662,11092,16788,0,95,60.6,51.3,No,2400,2400,0,5474,125
03:50:51.185,active,15311,460,7060,16787,3,95,60.6,50.0,No,2400,2400,0,5479,125
03:50:52.184,sleep,15294,400,6134,16790,11,95,56.8,10.6,No,2400,2400,0,5511,125
03:50:53.184,sleep,15301,362,5536,16788,8,95,56.2,0.0,No,2400,2400,0,5521,125
03:50:54.184,sleep,15296,436,6694,16788,4,95,55.1,-0.0,No,2400,2400,0,5516,125
03:50:55.184,sleep,15288,450,6886,16789,5,95,55.1,0.0,No,2400,2400,0,5523,125
03:50:56.184,sleep,15290,432,6636,16789,6,95,54.0,-0.0,No,2400,2400,0,3832,75
03:50:57.185,sleep,15296,358,3992,16790,10,95,52.9,0.0,No,1500,2400,0,3453,75
03:50:58.184,sleep,15296,518,7948,16790,16,95,52.9,0.0,No,1500,2400,0,3378,75
03:50:59.184,sleep,15296,494,6674,16792,18,95,52.4,0.0,No,1500,2400,0,3383,75
03:51:00.185,sleep,15290,632,9684,16792,19,95,51.8,0.0,No,1500,2400,0,3363,75
03:51:01.184,sleep,15292,428,6558,16790,13,95,51.8,0.0,No,1500,2400,0,3369,75
03:51:02.184,sleep,15296,262,4032,16789,13,95,51.2,-0.0,No,1500,2400,0,3356,75
03:51:03.184,sleep,15296,474,7272,16790,11,95,50.7,-0.0,No,1500,2400,0,3356,75
03:51:04.185,sleep,15294,300,4590,16791,15,95,51.2,0.0,No,1500,2400,0,3356,75
03:51:05.185,sleep,15299,416,6384,16791,15,95,50.7,0.0,No,1500,2400,0,3347,75
03:51:06.185,sleep,15294,526,7040,16792,16,95,50.7,0.0,No,1500,2400,0,3346,75
03:51:07.184,active,15251,542,8314,16788,8,95,54.5,48.8,No,2400,2400,0,3305,75
03:51:08.184,active,15266,742,12250,16788,0,95,55.1,46.4,No,2400,2400,0,3281,75
03:51:09.189,active,15316,576,9028,16786,-5,95,55.6,44.2,No,2400,2400,0,3286,75
03:51:10.185,active,15290,428,6616,16787,-4,95,56.2,45.4,No,2400,2400,0,3281,75
03:51:11.184,active,15318,632,9702,16787,0,95,56.2,46.2,No,2400,2400,0,3260,75
03:51:12.184,active,15281,604,9278,16787,0,95,57.9,51.0,No,2400,2400,0,3258,75
03:51:13.184,active,15359,468,7194,16789,-3,95,57.3,47.4,No,2400,2400,0,3261,75
03:51:14.185,active,15303,436,6712,16789,0,95,57.3,43.2,No,2400,2400,0,3255,75
03:51:15.185,active,15316,660,7312,16788,0,95,56.8,42.7,No,2400,2400,0,3248,75
03:51:16.184,active,15294,484,7446,16788,0,95,57.3,43.6,No,2400,2400,0,3242,75
03:51:17.184,active,15305,610,7098,16787,0,95,57.3,44.9,No,2400,2400,0,3238,75
03:51:18.184,active,15299,532,11112,16786,-4,95,57.3,44.5,No,2400,2400,0,3228,75
03:51:19.184,active,15303,622,9548,16787,-5,95,58.4,45.0,No,2400,2400,0,3224,75
03:51:20.185,active,15296,436,6674,16788,-5,95,58.4,44.7,No,2400,2400,0,3211,75
03:51:21.185,active,15305,490,7522,16787,0,95,57.3,44.9,No,2400,2400,0,3220,75
03:51:22.184,active,15301,470,7214,16788,0,95,57.9,48.9,No,2400,2400,0,3219,75
03:51:23.184,active,15309,460,7060,16787,-3,95,57.9,48.5,No,2400,2400,0,3216,75
03:51:24.184,active,15305,476,6542,16787,0,95,58.4,47.4,No,2400,2400,0,3212,75
03:51:25.188,active,15329,492,7562,16787,0,95,58.4,48.0,No,2400,2400,0,3209,75
03:51:26.189,active,15329,444,6964,16788,0,95,59.0,47.9,No,2400,2400,0,3200,75
03:51:27.187,active,15316,458,7022,16789,0,95,57.3,47.9,No,2400,2400,0,3196,75
03:51:28.184,active,15279,852,13022,16788,0,95,59.0,47.7,No,2400,2400,0,3182,75
03:51:29.184,active,15281,712,10898,16788,0,95,59.0,49.0,No,2400,2400,0,3237,125
03:51:30.184,active,15262,658,10088,16787,0,95,58.4,47.6,No,2400,2400,0,5126,125
03:51:31.185,active,15271,774,11864,16788,0,95,59.0,46.6,No,2400,2400,0,5294,125
03:51:32.185,active,15268,786,12038,16787,0,95,59.5,46.9,No,2400,2400,0,5305,125
03:51:33.184,active,15266,768,11226,16789,0,95,59.0,47.0,No,2400,2400,0,5302,125
03:51:34.184,active,15271,626,9606,16789,0,95,59.0,47.5,No,2400,2400,0,5305,125
03:51:35.184,active,15268,598,9934,16789,0,95,60.0,49.0,No,2400,2400,0,5308,125
03:51:36.185,active,15264,802,12268,16787,0,95,60.6,47.0,No,2400,2400,0,5323,125
03:51:37.185,active,15314,514,7908,16786,-3,95,58.4,47.0,No,2400,2400,0,5320,125
03:51:38.188,active,15329,460,7592,16788,0,95,59.5,47.9,No,2400,2400,0,5329,125
03:51:39.184,active,15294,478,7368,16787,0,95,59.0,48.8,No,2400,2400,0,5336,125
03:51:40.184,active,15314,638,7812,16787,-4,95,59.0,49.3,No,2400,2400,0,5353,125
03:51:41.186,active,15361,522,8044,16787,-5,95,59.5,48.8,No,2400,2400,0,5356,125
03:51:42.185,active,15309,692,8160,16786,-5,95,59.5,47.7,No,2400,2400,0,5364,125
03:51:43.185,active,15314,744,11420,16786,-6,95,59.0,49.0,No,2400,2400,0,5363,125
03:51:44.184,active,15292,296,7736,16787,0,95,58.4,47.8,No,2400,2400,0,5373,125
03:51:45.184,active,15324,676,10378,16786,-3,95,59.0,49.5,No,2400,2400,0,5380,125
03:51:46.184,active,15309,456,10128,16788,0,95,59.0,48.9,No,2400,2400,0,5389,125
03:51:47.184,active,15307,474,9626,16789,0,95,59.5,50.1,No,2400,2400,0,5394,125
03:51:48.185,active,15303,514,7870,16788,-3,95,59.5,52.7,No,2400,2400,0,5395,125
03:51:49.189,active,15314,476,7446,16788,0,95,57.9,45.8,No,2400,2400,0,5409,125
03:51:50.184,active,15303,446,6848,16786,-5,95,59.5,46.8,No,2400,2400,0,5411,125
03:51:51.184,active,15316,728,8546,16787,0,95,58.4,48.2,No,2400,2400,0,5413,125
03:51:52.189,active,15311,540,8294,16786,0,95,60.0,50.8,No,2400,2400,0,5413,125
03:51:53.185,active,15324,486,7484,16786,0,95,60.0,48.3,No,2400,2400,0,5427,125
03:51:54.185,active,15309,602,9260,16787,-3,95,60.0,49.9,No,2400,2400,0,5424,125
03:51:55.191,active,15288,436,6712,16788,0,95,59.0,47.3,No,2400,2400,0,5437,125
03:51:56.184,active,15260,666,11574,16788,0,95,59.0,48.2,No,2400,2400,0,5441,125
03:51:57.185,active,15294,648,9934,16786,0,95,60.6,52.5,No,2400,2400,0,5439,125
03:51:58.184,active,15262,730,11188,16786,-3,95,60.6,55.2,No,2400,2400,0,5435,125
03:51:59.185,active,15281,662,10146,16787,0,95,60.0,51.3,No,2400,2400,0,5443,125
03:52:00.186,active,15268,754,11554,16788,0,95,60.0,52.5,No,2400,2400,0,5458,125
03:52:01.184,active,15258,754,12924,16788,0,95,59.0,52.7,No,2400,2400,0,5442,125
03:52:02.184,active,15279,742,11362,16788,0,95,59.0,50.6,No,2400,2400,0,5449,125
03:52:03.185,active,15268,700,11864,16788,0,95,59.5,50.8,No,2400,2400,0,5453,125
03:52:04.187,active,15258,600,9182,16788,0,95,59.5,48.4,No,2400,2400,0,5453,125
03:52:05.185,active,15305,516,7948,16786,0,95,60.0,48.7,No,2400,2400,0,5455,125
03:52:06.185,active,15283,716,7118,16789,0,95,59.5,48.2,No,2400,2400,0,5464,125
03:52:07.184,sleep,15294,386,5922,16791,7,95,56.8,12.6,No,2400,2400,0,5503,125
03:52:08.184,sleep,15296,514,7504,16791,12,95,55.1,0.0,No,2400,2400,0,5510,125
03:52:09.184,sleep,15294,520,7966,16790,7,95,55.1,0.0,No,2400,2400,0,5513,125
03:52:10.184,sleep,15288,494,7080,16789,7,95,55.1,0.0,No,2400,2400,0,5513,125
03:52:11.184,sleep,15296,498,7658,16789,7,95,55.1,-0.0,No,2400,2400,0,5344,75
03:52:12.184,sleep,15292,432,6250,16790,10,95,53.5,0.0,No,1500,2400,0,3667,75
03:52:13.184,sleep,15296,404,6212,16790,14,95,52.9,-0.0,No,1500,2400,0,3405,75
03:52:14.184,sleep,15292,302,4630,16790,13,95,52.4,0.0,No,1500,2400,0,3377,75
03:52:15.184,sleep,15303,588,3452,16790,15,95,52.4,0.0,No,1500,2400,0,3371,75
03:52:16.184,sleep,15294,336,5150,16791,13,95,52.4,0.0,No,1500,2400,0,3370,75
03:52:17.184,sleep,15303,344,5092,16790,15,95,51.8,0.0,No,1500,2400,0,3370,75
03:52:18.184,sleep,15296,226,3452,16790,13,95,51.2,0.0,No,1500,2400,0,3364,75
03:52:19.184,sleep,15296,392,7098,16789,14,95,51.8,-0.0,No,1500,2400,0,3345,75
03:52:20.184,sleep,15301,392,6018,16790,12,95,50.7,0.0,No,1500,2400,0,3339,75
03:52:21.184,sleep,15296,344,7330,16791,10,95,50.7,-0.0,No,1500,2400,0,3341,75
03:52:22.185,active,15303,422,6482,16787,0,95,54.5,45.4,No,2400,2400,0,3307,75
03:52:23.187,active,15309,494,7580,16787,-6,95,54.5,43.3,No,2400,2400,0,3297,75
03:52:24.184,active,15281,796,11806,16787,-7,95,55.1,44.0,No,2400,2400,0,3274,75
03:52:25.184,active,15283,826,12674,16787,-8,95,56.2,46.5,No,2400,2400,0,3266,75
03:52:26.184,active,15264,892,11844,16786,-7,95,56.8,44.0,No,2400,2400,0,3274,75
03:52:27.185,active,15275,836,12790,16787,0,95,57.9,48.1,No,2400,2400,0,3261,75
03:52:28.185,active,15260,744,11420,16788,-4,95,56.8,47.2,No,2400,2400,0,3255,75
03:52:29.184,active,15264,810,12384,16788,-3,95,56.8,45.1,No,2400,2400,0,3259,75
03:52:30.184,active,15258,772,11824,16788,-4,95,56.8,46.1,No,2400,2400,0,3256,75
03:52:31.184,active,15256,742,10594,16788,0,95,58.4,49.4,No,2400,2400,0,3229,75
03:52:32.185,active,15283,616,9432,16787,-3,95,57.9,48.4,No,2400,2400,0,3235,75
03:52:33.185,active,15316,466,7176,16787,-6,95,57.9,48.8,No,2400,2400,0,3231,75
03:52:34.188,active,15354,456,7022,16785,-9,95,57.9,47.6,No,2400,2400,0,3231,75
03:52:35.184,active,15318,516,7928,16786,-6,95,57.3,45.9,No,2400,2400,0,3220,75
03:52:36.184,active,15290,790,6226,16787,-8,95,59.0,47.4,No,2400,2400,0,3223,75
03:52:37.185,active,15283,674,10358,16787,-8,95,59.5,49.0,No,2400,2400,0,3220,75
03:52:38.185,active,15318,668,7138,16787,-9,95,59.0,47.7,No,2400,2400,0,3207,75
03:52:39.185,active,15281,564,8662,16787,-6,95,58.4,47.6,No,2400,2400,0,3200,75
03:52:40.185,active,15288,784,6906,16787,-4,95,58.4,47.0,No,2400,2400,0,3196,75
03:52:41.184,active,15316,660,10146,16786,-5,95,59.0,46.6,No,2400,2400,0,3189,75
03:52:42.184,active,15299,540,8276,16786,-3,95,59.5,46.8,No,2400,2400,0,3196,75
03:52:43.185,active,15294,410,8294,16786,-4,95,60.0,47.4,No,2400,2400,0,3195,75
03:52:44.185,active,15314,436,6674,16787,-7,95,59.0,47.2,No,2400,2400,0,3191,75
03:52:45.191,active,15303,528,7408,16787,-4,95,59.0,46.8,No,2400,2400,0,3187,75
03:52:46.184,active,15301,426,6538,16786,-8,95,58.4,47.1,No,2400,2400,0,3903,125
03:52:47.184,active,15309,510,6694,16785,-7,95,59.5,48.4,No,2400,2400,0,5188,125
03:52:48.184,active,15309,502,7716,16786,-5,95,60.6,48.8,No,2400,2400,0,5287,125
03:52:49.185,active,15309,486,7466,16786,0,95,59.5,48.6,No,2400,2400,0,5296,125
03:52:50.185,active,15311,544,8352,16787,-3,95,59.0,47.7,No,2400,2400,0,5296,125
03:52:51.184,active,15286,892,13678,16786,-3,95,58.4,48.0,No,2400,2400,0,5306,125
03:52:52.184,active,15275,850,13040,16786,-6,95,59.5,49.0,No,2400,2400,0,5313,125
03:52:53.184,active,15279,750,11478,16786,-6,95,59.0,48.7,No,2400,2400,0,5314,125
03:52:54.184,active,15271,818,12520,16785,-6,95,59.5,48.6,No,2400,2400,0,5322,125
03:52:55.185,active,15281,668,10224,16785,-11,95,59.5,48.3,No,2400,2400,0,5337,125
03:52:56.189,active,15268,802,12288,16787,-4,95,59.0,47.6,No,2400,2400,0,5339,125
03:52:57.184,active,15275,830,13224,16787,-4,95,57.9,49.4,No,2400,2400,0,5349,125
03:52:58.184,active,15271,854,13060,16788,0,95,59.5,51.4,No,2400,2400,0,5352,125
03:52:59.187,active,15260,742,12192,16787,0,95,59.5,47.2,No,2400,2400,0,5360,125
03:53:00.188,active,15329,830,12712,16786,-3,95,60.0,46.1,No,2400,2400,0,5368,125
03:53:01.185,active,15341,556,8546,16786,-4,95,59.5,44.9,No,2400,2400,0,5377,125
03:53:02.185,active,15348,502,6456,16785,-4,95,58.4,47.1,No,2400,2400,0,5390,125
03:53:03.184,active,15316,392,6038,16785,-7,95,58.4,48.2,No,2400,2400,0,5387,125
03:53:04.184,active,15363,508,7426,16785,-3,95,59.0,46.3,No,2400,2400,0,5393,125
03:53:05.184,active,15346,488,7504,16786,0,95,59.5,46.3,No,2400,2400,0,5401,125
03:53:06.185,active,15311,640,8140,16786,0,95,59.0,45.5,No,2400,2400,0,5408,125
03:53:07.186,active,15290,706,10822,16785,-4,95,59.5,50.0,No,2400,2400,0,5411,125
03:53:08.184,active,15281,310,7350,16785,-6,95,59.0,50.5,No,2400,2400,0,5414,125
03:53:09.184,active,15288,790,12114,16787,-5,95,61.1,55.8,No,2400,2400,0,5412,125
03:53:10.187,active,15305,630,9644,16786,-5,95,60.6,53.3,No,2400,2400,0,5411,125
03:53:11.185,active,15305,470,10494,16786,0,95,60.0,47.6,No,2400,2400,0,5428,125
03:53:12.185,active,15305,444,6810,16785,-4,95,59.5,49.9,No,2400,2400,0,5431,125
03:53:13.187,active,15322,446,10938,16786,0,95,60.0,53.5,No,2400,2400,0,5441,125
03:53:14.184,active,15326,468,7194,16786,-3,95,60.6,52.7,No,2400,2400,0,5436,125
03:53:15.184,active,15311,502,8082,16788,0,95,60.6,47.3,No,2400,2400,0,5444,125
03:53:16.184,active,15305,460,7060,16787,-3,95,60.0,46.1,No,2400,2400,0,5448,125
03:53:17.188,active,15318,500,7678,16787,0,95,59.5,46.0,No,2400,2400,0,5452,125
03:53:18.186,active,15316,578,8874,16786,-4,95,59.0,49.5,No,2400,2400,0,5448,125
03:53:19.184,active,15279,838,12828,16786,-4,95,59.5,48.3,No,2400,2400,0,5453,125
03:53:20.184,active,15271,780,12500,16786,0,95,59.5,45.7,No,2400,2400,0,5461,125
03:53:21.184,active,15271,820,12538,16786,-5,95,60.0,49.4,No,2400,2400,0,5459,125
03:53:22.184,sleep,15296,398,6096,16788,0,95,57.3,12.4,No,2400,2400,0,5489,125
03:53:23.184,sleep,15286,496,7600,16788,0,95,57.3,0.0,No,2400,2400,0,5511,125
03:53:24.184,sleep,15292,466,7156,16788,7,95,55.6,0.0,No,2400,2400,0,5505,125
03:53:25.184,sleep,15290,468,8712,16788,7,95,55.1,0.0,No,2400,2400,0,5515,125
03:53:26.184,sleep,15294,406,6250,16787,3,95,54.5,0.0,No,2400,2400,0,4592,75
03:53:27.185,sleep,15290,460,7330,16789,5,95,54.0,-0.0,No,1500,2400,0,3551,75
03:53:28.184,sleep,15296,286,4398,16791,17,95,52.9,-0.0,No,1500,2400,0,3399,75
03:53:29.185,sleep,15296,212,3260,16791,14,95,51.8,0.0,No,1500,2400,0,3368,75
03:53:30.185,sleep,15292,352,7960,16790,13,95,52.4,0.3,No,1500,2400,0,3369,75
03:53:31.185,sleep,15292,284,4358,16790,16,95,51.8,0.0,No,1500,2400,0,3368,75
03:53:32.185,sleep,15296,598,7214,16790,18,95,52.4,0.0,No,1500,2400,0,3358,75
03:53:33.185,sleep,15301,350,5362,16790,16,95,50.7,0.0,No,1500,2400,0,3358,75
03:53:34.185,sleep,15296,318,5612,16792,20,95,51.2,0.0,No,1500,2400,0,3352,75
03:53:35.185,sleep,15299,546,8392,16790,16,95,50.7,-0.0,No,1500,2400,0,3347,75
03:53:36.185,sleep,15299,464,3742,16791,16,95,50.7,0.3,No,1500,2400,0,3335,75
03:53:37.184,active,15299,540,8294,16787,0,95,54.0,43.6,No,2400,2400,0,3302,75
03:53:38.184,active,15294,508,7774,16788,0,95,54.5,45.8,No,2400,2400,0,3294,75
03:53:39.187,active,15303,480,10416,16788,0,95,55.6,46.7,No,2400,2400,0,3292,75
03:53:40.185,active,15305,424,6500,16787,0,95,55.6,48.1,No,2400,2400,0,3282,75
03:53:41.186,active,15303,356,8546,16787,-5,95,56.2,48.8,No,2400,2400,0,3261,75
03:53:42.184,active,15301,520,7986,16788,0,95,56.8,49.7,No,2400,2400,0,3256,75
03:53:43.184,active,15301,382,5864,16787,-3,95,56.8,46.9,No,2400,2400,0,3242,75
03:53:44.185,active,15307,456,7002,16786,-5,95,58.4,46.9,No,2400,2400,0,3245,75
03:53:45.185,active,15307,462,7098,16786,-4,95,57.9,46.3,No,2400,2400,0,3248,75
03:53:46.188,active,15318,416,8236,16787,-5,95,57.9,46.0,No,2400,2400,0,3246,75
03:53:47.184,active,15279,798,12230,16787,-5,95,57.3,48.5,No,2400,2400,0,3238,75
03:53:48.184,active,15281,732,11226,16785,-5,95,57.9,48.9,No,2400,2400,0,3217,75
03:53:49.184,active,15288,900,13774,16785,-9,95,59.0,48.1,No,2400,2400,0,3223,75
03:53:50.186,active,15275,840,12866,16786,-5,95,59.0,47.9,No,2400,2400,0,3225,75
03:53:51.185,active,15281,888,12038,16785,-9,95,58.4,47.1,No,2400,2400,0,3211,75
03:53:52.185,active,15288,732,11208,16788,0,95,59.0,47.4,No,2400,2400,0,3211,75
03:53:53.184,active,15283,608,12964,16787,0,95,58.4,50.0,No,2400,2400,0,3192,75
03:53:54.184,active,15275,816,12500,16787,0,95,58.4,47.0,No,2400,2400,0,3203,75
03:53:55.184,active,15260,522,11420,16787,0,95,59.5,47.4,No,2400,2400,0,3207,75
03:53:56.188,active,15346,454,7948,16785,0,95,60.0,47.4,No,2400,2400,0,3206,75
03:53:57.185,active,15311,530,8140,16787,0,95,59.0,46.3,No,2400,2400,0,3201,75
03:53:58.184,active,15337,422,7118,16789,0,95,57.9,47.5,No,2400,2400,0,3198,75
03:53:59.184,active,15320,504,7754,16788,0,95,58.4,48.9,No,2400,2400,0,3190,75
03:54:00.184,active,15359,526,8082,16788,0,95,59.0,49.0,No,2400,2400,0,3187,75
03:54:01.184,active,15344,458,7040,16786,0,95,60.0,48.7,No,2400,2400,0,3186,75
03:54:02.185,active,15309,464,7138,16786,0,95,59.5,47.7,No,2400,2400,0,3176,75
03:54:03.188,active,15333,462,7060,16787,0,95,59.0,47.8,No,2400,2400,0,3151,75
03:54:04.184,active,15337,442,6790,16787,0,95,59.0,48.6,No,2400,2400,0,3158,75
03:54:05.184,active,15299,716,10956,16787,0,95,59.0,49.0,No,2400,2400,0,3162,75
03:54:06.185,active,15277,610,11640,16787,0,95,59.5,48.7,No,2400,2400,0,3172,75
03:54:07.189,active,15299,788,12038,16786,0,95,59.5,48.1,No,2400,2400,0,3167,75
03:54:08.186,active,15303,516,10590,16786,0,95,60.0,50.3,No,2400,2400,0,3167,75
03:54:09.184,active,15273,542,8314,16786,-4,95,59.0,45.7,No,2400,2400,0,3164,75
03:54:10.184,active,15288,558,12596,16788,0,95,58.4,46.1,No,2400,2400,0,3165,75
03:54:11.184,active,15301,462,7098,16788,3,95,60.0,50.8,No,2400,2400,0,3151,75
03:54:12.185,active,15301,590,9028,16788,0,95,60.6,47.7,No,2400,2400,0,3824,125
03:54:13.185,active,15296,562,8622,16787,0,95,59.5,47.8,No,2400,2400,0,5167,125
03:54:14.190,active,15305,510,7832,16787,0,95,59.0,46.4,No,2400,2400,0,5267,125
03:54:15.184,active,15283,824,8564,16787,0,95,59.0,47.8,No,2400,2400,0,5268,125
03:54:16.184,active,15277,670,10262,16787,0,95,60.0,49.6,No,2400,2400,0,5277,125
03:54:17.184,active,15275,846,12982,16788,0,95,60.6,49.5,No,2400,2400,0,5262,125
03:54:18.185,active,15277,796,12192,16788,0,95,60.0,49.9,No,2400,2400,0,5280,125
03:54:19.185,active,15283,694,10648,16788,0,95,60.6,55.1,No,2400,2400,0,5282,125
03:54:20.185,active,15275,826,14660,16788,0,95,59.5,53.9,No,2400,2400,0,5300,125
03:54:21.184,active,15277,812,12442,16787,0,95,60.0,51.8,No,2400,2400,0,5306,125
03:54:22.184,active,15275,864,10628,16787,0,95,60.6,47.5,No,2400,2400,0,5311,125
03:54:23.185,active,15320,554,7482,16788,0,95,60.6,45.8,No,2400,2400,0,5315,125
03:54:24.185,active,15341,512,7870,16788,0,95,60.6,50.1,No,2400,2400,0,5317,125
03:54:25.185,active,15303,470,7214,16788,0,95,60.0,50.6,No,2400,2400,0,5328,125
03:54:26.184,active,15307,532,8178,16788,0,95,59.5,43.1,No,2400,2400,0,5358,125
03:54:27.184,active,15331,552,6712,16787,0,95,59.5,47.6,No,2400,2400,0,5359,125
03:54:28.184,active,15307,476,7310,16787,0,95,60.0,46.1,No,2400,2400,0,5369,125
03:54:29.185,active,15352,270,6866,16787,0,95,59.5,45.3,No,2400,2400,0,5377,125
03:54:30.188,active,15294,714,10956,16787,0,95,60.6,49.5,No,2400,2400,0,5384,125
03:54:31.185,active,15316,484,7446,16787,0,95,59.5,48.5,No,2400,2400,0,5384,125
03:54:32.184,active,15260,704,7474,16787,0,95,60.6,49.5,No,2400,2400,0,5384,125
03:54:33.184,active,15279,672,10282,16788,0,95,60.6,49.9,No,2400,2400,0,5394,125
03:54:34.184,active,15281,580,8874,16788,0,95,61.1,48.7,No,2400,2400,0,5407,125
03:54:35.189,active,15247,736,11246,16786,0,95,60.0,46.7,No,2400,2400,0,5417,125
03:54:36.185,active,15309,668,10244,16787,-3,95,60.0,46.6,No,2400,2400,0,5421,125
03:54:37.184,sleep,15294,458,7278,16789,4,95,57.3,15.3,No,2400,2400,0,5451,125
03:54:38.184,sleep,15296,464,7138,16789,9,95,56.8,0.0,No,2400,2400,0,5466,125
03:54:39.184,sleep,15303,426,7658,16790,9,95,56.2,0.0,No,2400,2400,0,5475,125
03:54:40.184,sleep,15296,464,7118,16790,13,95,55.1,0.0,No,2400,2400,0,5478,125
03:54:41.184,sleep,15294,484,7466,16789,11,95,55.1,0.0,No,2400,2400,0,5476,125
03:54:42.185,sleep,15296,472,7252,16790,12,95,54.0,0.0,No,1500,2400,0,5489,125
03:54:43.184,sleep,15296,486,7446,16791,13,95,54.0,-0.0,No,1500,2400,0,4175,75
03:54:44.184,sleep,15296,502,7696,16790,14,95,52.9,0.0,No,1500,2400,0,3460,75
03:54:45.185,sleep,15294,276,4244,16791,14,95,52.9,0.0,No,1500,2400,0,3364,75
03:54:46.185,sleep,15294,440,9330,16790,11,95,52.4,-0.0,No,1500,2400,0,3359,75
03:54:47.185,sleep,15294,540,8276,16790,12,95,51.8,0.0,No,1500,2400,0,3354,75
03:54:48.185,sleep,15296,322,7562,16790,10,95,51.8,0.3,No,1500,2400,0,3351,75
03:54:49.185,sleep,15290,292,4474,16789,7,95,50.7,0.0,No,1500,2400,0,3343,75
03:54:50.184,sleep,15296,392,5092,16789,7,95,51.2,0.0,No,1500,2400,0,3344,75
03:54:51.185,sleep,15296,264,4070,16791,10,95,51.2,0.0,No,1500,2400,0,3336,75
03:54:52.187,active,15307,490,7504,16789,-3,95,54.5,44.0,No,2400,2400,0,3299,75
03:54:53.185,active,15307,502,7460,16788,-7,95,56.2,44.9,No,2400,2400,0,3289,75
03:54:54.184,active,15309,460,7060,16788,-6,95,55.6,45.7,No,2400,2400,0,3282,75
03:54:55.184,active,15309,446,7466,16788,-4,95,56.2,46.8,No,2400,2400,0,3267,75
03:54:56.184,active,15320,516,7908,16787,0,95,56.8,47.8,No,2400,2400,0,3263,75
03:54:57.188,active,15333,474,8198,16788,0,95,57.9,49.0,No,2400,2400,0,3266,75
03:54:58.185,active,15305,450,6924,16788,0,95,57.9,45.0,No,2400,2400,0,3260,75
03:54:59.185,active,15361,502,6790,16788,0,95,57.9,47.1,No,2400,2400,0,3249,75
03:55:00.184,active,15228,772,11768,16788,-4,95,57.9,47.3,No,2400,2400,0,3248,75
03:55:01.184,active,15275,766,11728,16787,-3,95,58.4,46.5,No,2400,2400,0,3249,75
03:55:02.185,active,15256,854,13522,16787,-4,95,59.0,47.9,No,2400,2400,0,3230,75
03:55:03.188,active,15301,782,11940,16787,-3,95,59.0,46.0,No,2400,2400,0,3228,75
03:55:04.188,active,15275,504,13928,16787,-3,95,58.4,46.3,No,2400,2400,0,3215,75
03:55:05.184,active,15256,810,12404,16787,0,95,58.4,47.5,No,2400,2400,0,3209,75
03:55:06.184,active,15305,428,13214,16788,0,95,58.4,47.6,No,2400,2400,0,3211,75
03:55:07.184,active,15275,538,8236,16787,-5,95,58.4,46.9,No,2400,2400,0,3209,75
03:55:08.185,active,15301,742,11014,16787,-4,95,59.5,48.3,No,2400,2400,0,3204,75
03:55:09.188,active,15303,514,7870,16785,-9,95,59.0,48.1,No,2400,2400,0,3195,75
03:55:10.185,active,15288,496,7638,16786,-8,95,59.0,47.7,No,2400,2400,0,3182,75
03:55:11.184,active,15292,758,7562,16784,-10,95,59.0,48.8,No,2400,2400,0,3190,75
03:55:12.184,active,15322,706,10842,16786,-9,95,59.5,48.9,No,2400,2400,0,3197,75
03:55:13.184,active,15283,844,6770,16786,-7,95,60.0,48.8,No,2400,2400,0,5000,125
03:55:14.185,active,15288,640,9818,16785,-5,95,59.5,47.8,No,2400,2400,0,5279,125
03:55:15.185,active,15286,766,10204,16786,-3,95,59.5,47.6,No,2400,2400,0,5308,125
03:55:16.184,active,15288,876,13406,16787,-3,95,59.0,47.9,No,2400,2400,0,5314,125
03:55:17.184,active,15281,730,11188,16787,0,95,58.4,50.8,No,2400,2400,0,5317,125
03:55:18.184,active,15283,770,11806,16787,0,95,59.0,52.8,No,2400,2400,0,5320,125
03:55:19.188,active,15309,430,6596,16788,0,95,60.0,48.3,No,2400,2400,0,5323,125
03:55:20.185,active,15311,438,7214,16786,0,95,59.5,46.1,No,2400,2400,0,5327,125
03:55:21.185,active,15322,454,6982,16786,-3,95,59.5,48.6,No,2400,2400,0,5331,125
03:55:22.184,active,15314,496,7350,16788,0,95,59.0,47.5,No,2400,2400,0,5343,125
03:55:23.184,active,15316,678,10416,16788,0,95,61.1,49.6,No,2400,2400,0,5356,125
03:55:24.184,active,15318,486,7466,16787,-5,95,59.5,48.4,No,2400,2400,0,5359,125
03:55:25.185,active,15326,528,8102,16786,-3,95,59.5,45.2,No,2400,2400,0,5368,125
03:55:26.185,active,15305,678,10398,16785,-7,95,60.6,52.9,No,2400,2400,0,5367,125
03:55:27.185,active,15318,470,6722,16785,-3,95,59.0,45.1,No,2400,2400,0,5380,125
03:55:28.184,active,15256,822,12578,16786,-6,95,60.0,51.8,No,2400,2400,0,5383,125
03:55:29.184,active,15283,832,12752,16787,-5,95,59.5,48.6,No,2400,2400,0,5391,125
03:55:30.185,active,15271,634,9702,16786,-3,95,60.0,48.7,No,2400,2400,0,5389,125
03:55:31.185,active,15318,596,9104,16786,-4,95,59.5,50.4,No,2400,2400,0,5395,125
03:55:32.190,active,15288,712,11942,16786,0,95,61.1,53.7,No,2400,2400,0,5407,125
03:55:33.184,active,15324,754,11536,16785,-7,95,60.0,53.8,No,2400,2400,0,5410,125
03:55:34.184,active,15311,674,12828,16785,-7,95,59.5,48.9,No,2400,2400,0,5415,125
03:55:35.184,active,15288,700,10726,16786,-9,95,60.6,49.9,No,2400,2400,0,5418,125
03:55:36.185,active,15296,526,10108,16786,-7,95,60.0,45.6,No,2400,2400,0,5417,125
03:55:37.185,active,15281,682,10456,16786,-6,95,60.0,48.7,No,2400,2400,0,5427,125
03:55:38.185,active,15292,776,11902,16785,-6,95,59.0,48.7,No,2400,2400,0,5432,125
03:55:39.184,active,15286,876,9278,16785,-4,95,60.0,49.2,No,2400,2400,0,5438,125
03:55:40.184,active,15277,912,13966,16785,-4,95,60.6,49.6,No,2400,2400,0,5447,125
03:55:41.185,active,15277,822,13292,16786,-4,95,60.0,48.7,No,2400,2400,0,5442,125
03:55:42.185,active,15281,790,12096,16788,0,95,59.0,45.9,No,2400,2400,0,5448,125
03:55:43.185,active,15275,864,13658,16788,0,95,60.0,49.7,No,2400,2400,0,5448,125
03:55:44.184,active,15277,812,12442,16786,-6,95,59.0,48.7,No,2400,2400,0,5453,125
03:55:45.184,active,15258,818,13118,16786,-5,95,59.5,46.5,No,2400,2400,0,5457,125
03:55:46.184,active,15275,866,13252,16787,-7,95,60.0,45.7,No,2400,2400,0,5459,125
03:55:47.185,active,15333,550,8430,16786,0,95,61.1,46.4,No,2400,2400,0,5446,125
03:55:48.187,active,15322,518,7792,16785,0,95,59.5,43.9,No,2400,2400,0,5458,125
03:55:49.185,active,15307,452,6944,16785,0,95,59.0,47.0,No,2400,2400,0,5470,125
03:55:50.184,active,15331,526,8718,16785,-6,95,59.0,46.9,No,2400,2400,0,5467,125
03:55:51.184,active,15324,556,8564,16786,0,95,60.0,46.9,No,2400,2400,0,5470,125
03:55:52.184,sleep,15288,486,7696,16787,5,95,57.3,15.3,No,2400,2400,0,5509,125
03:55:53.184,sleep,15301,494,7562,16788,8,95,56.2,0.0,No,2400,2400,0,5508,125
03:55:54.184,sleep,15301,526,8064,16788,5,95,55.6,0.0,No,2400,2400,0,5519,125
03:55:55.184,sleep,15292,408,6250,16788,8,95,55.1,0.0,No,2400,2400,0,5517,125
03:55:56.184,sleep,15290,510,7832,16788,4,95,55.6,-0.0,No,2400,2400,0,5519,125
03:55:57.184,sleep,15296,260,6732,16788,8,95,53.5,0.5,No,1500,2400,0,5523,125
03:55:58.184,sleep,15294,484,7408,16790,17,95,52.9,0.0,No,1500,2400,0,3893,75
03:55:59.184,sleep,15296,436,6694,16791,16,95,52.9,0.0,No,1500,2400,0,3457,75
03:56:00.184,sleep,15299,548,8410,16791,18,95,52.9,-0.0,No,1500,2400,0,3399,75
03:56:01.184,sleep,15301,434,6654,16791,12,95,52.4,0.0,No,1500,2400,0,3372,75
03:56:02.184,sleep,15301,178,2738,16789,13,95,51.8,-0.0,No,1500,2400,0,3359,75
03:56:03.184,sleep,15296,214,3298,16789,12,95,51.2,0.0,No,1500,2400,0,3358,75
03:56:04.185,sleep,15296,294,5940,16790,13,95,50.7,0.0,No,1500,2400,0,3353,75
03:56:05.184,sleep,15290,324,4976,16790,16,95,50.7,0.0,No,1500,2400,0,3357,75
03:56:06.184,sleep,15292,434,6654,16790,10,95,51.2,0.0,No,1500,2400,0,3348,75
03:56:07.184,active,15322,610,9356,16787,0,95,52.9,42.0,No,2400,2400,0,3323,75
03:56:08.184,active,15286,578,8874,16785,-10,95,55.6,47.6,No,2400,2400,0,3311,75
03:56:09.184,active,15286,712,7368,16786,-6,95,56.2,46.1,No,2400,2400,0,3306,75
03:56:10.191,active,15279,820,12558,16787,-5,95,56.8,45.9,No,2400,2400,0,3298,75
03:56:11.185,active,15283,786,9394,16785,-7,95,56.8,48.0,No,2400,2400,0,3286,75
03:56:12.184,active,15290,826,12654,16787,0,95,55.6,47.7,No,2400,2400,0,3272,75
03:56:13.184,active,15271,780,11940,16787,-4,95,57.3,48.7,No,2400,2400,0,3271,75
03:56:14.184,active,15296,822,12596,16788,-3,95,57.3,47.6,No,2400,2400,0,3273,75
03:56:15.188,active,15301,504,7736,16787,0,95,57.9,46.9,No,2400,2400,0,3237,75
03:56:16.185,active,15309,482,7040,16787,0,95,57.3,45.1,No,2400,2400,0,3236,75
03:56:17.185,active,15303,420,6442,16786,-5,95,56.8,47.1,No,2400,2400,0,3234,75
03:56:18.184,active,15314,468,7040,16786,-3,95,57.9,48.7,No,2400,2400,0,3233,75
03:56:19.184,active,15305,480,7368,16787,-3,95,58.4,49.0,No,2400,2400,0,3233,75
03:56:20.184,active,15314,732,8044,16788,0,95,59.0,48.9,No,2400,2400,0,3234,75
03:56:21.189,active,15309,508,7812,16788,0,95,59.0,48.3,No,2400,2400,0,3224,75
03:56:22.185,active,15324,422,6482,16786,0,95,57.9,47.6,No,2400,2400,0,3226,75
03:56:23.184,active,15316,476,7330,16786,-5,95,58.4,47.8,No,2400,2400,0,3228,75
03:56:24.184,active,15262,784,11980,16786,-7,95,58.4,49.3,No,2400,2400,0,3218,75
03:56:25.184,active,15232,830,11998,16786,-5,95,58.4,49.0,No,2400,2400,0,3221,75
03:56:26.184,active,15247,852,13002,16788,-3,95,60.0,48.4,No,2400,2400,0,3185,75
03:56:27.185,active,15275,600,11170,16788,0,95,59.0,47.5,No,2400,2400,0,3192,75
03:56:28.188,active,15232,908,13870,16787,0,95,59.0,49.2,No,2400,2400,0,3206,75
03:56:29.184,active,15296,754,11536,16785,-7,95,58.4,48.6,No,2400,2400,0,3188,75
03:56:30.189,active,15275,598,9162,16785,-4,95,59.5,48.6,No,2400,2400,0,3191,75
03:56:31.184,active,15299,786,11998,16785,-5,95,60.0,46.9,No,2400,2400,0,3190,125
03:56:32.185,active,15305,536,8218,16786,-5,95,59.5,47.1,No,2400,2400,0,5104,125
03:56:33.185,active,15350,508,7832,16786,0,95,59.0,47.5,No,2400,2400,0,5295,125
03:56:34.184,active,15294,438,7388,16785,-3,95,59.5,49.1,No,2400,2400,0,5311,125
03:56:35.184,active,15311,634,9742,16786,-3,95,59.0,48.9,No,2400,2400,0,5309,125
03:56:36.185,active,15281,746,11458,16787,0,95,60.0,48.9,No,2400,2400,0,5313,125
03:56:37.185,active,15283,844,12944,16787,0,95,60.0,48.2,No,2400,2400,0,5321,125
03:56:38.194,active,15277,850,13040,16787,0,95,59.5,50.7,No,2400,2400,0,5320,125
03:56:39.188,active,15281,782,9684,16786,0,95,59.5,49.2,No,2400,2400,0,5332,125
03:56:40.184,active,15271,804,12326,16785,-5,95,59.0,46.9,No,2400,2400,0,5337,125
03:56:41.184,active,15281,810,10842,16785,0,95,59.5,50.1,No,2400,2400,0,5339,125
03:56:42.184,active,15305,464,7118,16785,-3,95,60.0,53.3,No,2400,2400,0,5352,125
03:56:43.191,active,15314,486,7466,16788,0,95,60.6,47.5,No,2400,2400,0,5361,125
03:56:44.185,active,15307,512,7594,16788,0,95,60.0,47.8,No,2400,2400,0,5366,125
03:56:45.188,active,15344,514,7890,16787,-3,95,59.5,51.0,No,2400,2400,0,5372,125
03:56:46.184,active,15309,526,7580,16786,0,95,59.0,44.6,No,2400,2400,0,5381,125
03:56:47.184,active,15318,496,7600,16786,-3,95,60.0,45.2,No,2400,2400,0,5389,125
03:56:48.184,active,15311,468,7292,16785,-3,95,60.0,43.7,No,2400,2400,0,5398,125
03:56:49.188,active,15324,462,7098,16786,0,95,60.6,46.3,No,2400,2400,0,5397,125
03:56:50.185,active,15361,506,7504,16787,-3,95,59.5,48.5,No,2400,2400,0,5409,125
03:56:51.184,active,15339,516,7928,16787,-3,95,59.5,49.4,No,2400,2400,0,5410,125
03:56:52.184,active,15266,828,12674,16786,0,95,59.5,50.0,No,2400,2400,0,5410,125
03:56:53.184,active,15268,838,12828,16786,0,95,60.6,47.0,No,2400,2400,0,5419,125
03:56:54.185,active,15299,710,10860,16785,-4,95,60.0,45.5,No,2400,2400,0,5422,125
03:56:55.184,active,15279,756,9270,16786,-4,95,59.5,47.7,No,2400,2400,0,5433,125
03:56:56.185,active,15307,734,11208,16787,-4,95,59.0,45.5,No,2400,2400,0,5431,125
03:56:57.184,active,15294,666,13484,16787,0,95,58.4,46.1,No,2400,2400,0,5432,125
03:56:58.184,active,15311,808,12366,16787,0,95,59.5,45.7,No,2400,2400,0,5437,125
03:56:59.185,active,15311,472,11362,16787,0,95,60.0,46.3,No,2400,2400,0,5444,125
03:57:00.189,active,15296,600,9202,16787,0,95,60.0,46.8,No,2400,2400,0,5448,125
03:57:01.186,active,15277,712,10938,16786,0,95,59.5,47.0,No,2400,2400,0,5453,125
03:57:02.184,active,15283,836,12828,16785,-7,95,59.0,46.4,No,2400,2400,0,5457,125
03:57:03.184,active,15273,794,12152,16786,-7,95,61.1,50.8,No,2400,2400,0,5458,125
03:57:04.185,active,15283,834,11746,16788,-4,95,60.6,52.9,No,2400,2400,0,5458,125
03:57:05.185,active,15286,668,10244,16788,0,95,61.1,46.7,No,2400,2400,0,5461,125
03:57:06.185,active,15288,882,9548,16787,-5,95,59.5,43.0,No,2400,2400,0,5476,125
03:57:07.184,sleep,15290,490,7522,16788,0,95,57.3,16.0,No,2400,2400,0,5496,125
03:57:08.184,sleep,15290,484,8256,16787,6,95,56.8,0.0,No,2400,2400,0,5509,125
03:57:09.184,sleep,15292,486,7466,16787,5,95,56.2,0.0,No,2400,2400,0,5509,125
03:57:10.184,sleep,15296,490,7330,16788,0,95,55.1,0.0,No,2400,2400,0,5317,75
03:57:11.184,sleep,15296,452,6924,16788,4,95,55.6,-0.0,No,2400,2400,0,3651,75
03:57:12.184,sleep,15299,532,8178,16789,7,95,52.9,-0.0,No,1500,2400,0,3412,75
03:57:13.184,sleep,15290,306,4686,16790,14,95,52.9,0.0,No,1500,2400,0,3381,75
03:57:14.184,sleep,15296,596,9144,16788,11,95,52.9,-0.0,No,1500,2400,0,3374,75
03:57:15.184,sleep,15305,542,7002,16788,7,95,52.4,0.0,No,1500,2400,0,3368,75
03:57:16.184,sleep,15301,332,5092,16788,9,95,52.4,0.0,No,1500,2400,0,3358,75
03:57:17.184,sleep,15296,370,6886,16789,9,95,51.8,0.0,No,1500,2400,0,3359,75
03:57:18.184,sleep,15296,354,5440,16790,11,95,50.7,0.0,No,1500,2400,0,3351,75
03:57:19.184,sleep,15301,598,6404,16789,8,95,52.4,-0.0,No,1500,2400,0,3351,75
03:57:20.184,sleep,15290,416,6384,16789,8,95,51.2,0.0,No,1500,2400,0,3339,75
03:57:21.184,sleep,15303,568,8700,16789,12,95,50.7,-0.0,No,1500,2400,0,3332,75
03:57:22.185,active,15232,726,12372,16786,0,95,54.0,41.3,No,2400,2400,0,3292,75
03:57:23.185,active,15281,650,9972,16787,-8,95,55.1,46.9,No,2400,2400,0,3281,75
03:57:24.186,active,15299,640,12808,16787,-4,95,55.1,47.1,No,2400,2400,0,3260,75
03:57:25.184,active,15305,604,9260,16788,0,95,57.3,48.7,No,2400,2400,0,3271,75
03:57:26.184,active,15299,506,11922,16786,-4,95,56.2,48.1,No,2400,2400,0,3260,75
03:57:27.184,active,15303,596,9144,16787,0,95,57.3,47.4,No,2400,2400,0,3262,75
03:57:28.185,active,15305,390,10474,16787,0,95,57.3,46.2,No,2400,2400,0,3252,75
03:57:29.189,active,15288,718,7040,16787,0,95,57.9,47.4,No,2400,2400,0,3254,75
03:57:30.184,active,15283,648,9972,16787,0,95,57.3,48.4,No,2400,2400,0,3244,75
03:57:31.184,active,15288,852,7812,16786,0,95,57.3,48.9,No,2400,2400,0,3241,75
03:57:32.184,active,15292,670,10262,16786,0,95,57.9,48.9,No,2400,2400,0,3233,75
03:57:33.185,active,15281,848,10802,16788,3,95,58.4,48.6,No,2400,2400,0,3213,75
03:57:34.185,active,15281,786,12056,16786,0,95,60.0,48.1,No,2400,2400,0,3222,75
03:57:35.185,active,15281,652,9992,16787,0,95,57.9,47.6,No,2400,2400,0,3211,75
03:57:36.184,active,15277,818,12538,16787,-3,95,58.4,48.9,No,2400,2400,0,3217,75
03:57:37.184,active,15275,864,13252,16788,0,95,59.0,49.0,No,2400,2400,0,3215,75
03:57:38.184,active,15303,470,8236,16789,0,95,60.0,48.9,No,2400,2400,0,3207,75
03:57:39.189,active,15307,472,7234,16788,0,95,59.0,47.9,No,2400,2400,0,3210,75
03:57:40.185,active,15309,282,7522,16787,0,95,59.0,50.8,No,2400,2400,0,3214,75
03:57:41.184,active,15311,476,7330,16787,0,95,58.4,46.1,No,2400,2400,0,3210,75
03:57:42.184,active,15318,492,7562,16787,0,95,58.4,48.1,No,2400,2400,0,3208,75
03:57:43.184,active,15311,548,8410,16787,0,95,58.4,46.7,No,2400,2400,0,3194,75
03:57:44.184,active,15281,470,7234,16787,0,95,59.5,48.2,No,2400,2400,0,3174,75
03:57:45.185,active,15316,456,6154,16788,0,95,59.5,47.8,No,2400,2400,0,3180,75
03:57:46.185,active,15337,506,7754,16787,0,95,58.4,44.9,No,2400,2400,0,3189,75
03:57:47.184,active,15324,436,7966,16787,0,95,59.0,48.6,No,2400,2400,0,3179,75
03:57:48.184,active,15249,770,11768,16786,-3,95,59.0,48.5,No,2400,2400,0,3174,75
03:57:49.189,active,15253,774,11864,16787,0,95,60.0,49.1,No,2400,2400,0,3552,125
03:57:50.185,active,15268,656,10610,16786,-5,95,60.6,52.2,No,2400,2400,0,5156,125
03:57:51.185,active,15309,778,11882,16787,-3,95,60.0,53.7,No,2400,2400,0,5273,125
03:57:52.185,active,15277,576,11498,16786,-4,95,59.0,47.9,No,2400,2400,0,5289,125
03:57:53.184,active,15271,760,11632,16786,-5,95,60.0,49.2,No,2400,2400,0,5292,125
03:57:54.184,active,15264,578,12134,16785,0,95,60.6,52.6,No,2400,2400,0,5288,125
03:57:55.185,active,15268,634,9702,16784,-4,95,61.7,53.0,No,2400,2400,0,5298,125
03:57:56.185,active,15309,744,11382,16786,-4,95,60.0,48.4,No,2400,2400,0,5311,125
03:57:57.185,active,15281,832,7562,16787,-3,95,60.0,51.4,No,2400,2400,0,5311,125
03:57:58.184,active,15286,844,12924,16785,-3,95,59.0,48.2,No,2400,2400,0,5322,125
03:57:59.184,active,15277,844,7908,16787,0,95,59.5,49.2,No,2400,2400,0,5325,125
03:58:00.184,active,15283,882,13522,16788,0,95,61.1,47.2,No,2400,2400,0,5328,125
03:58:01.185,active,15277,794,9588,16787,0,95,60.6,45.7,No,2400,2400,0,5348,125
03:58:02.185,active,15281,856,13118,16786,0,95,59.5,46.2,No,2400,2400,0,5354,125
03:58:03.185,active,15260,840,12866,16786,0,95,59.5,48.6,No,2400,2400,0,5358,125
03:58:04.184,active,15281,832,12752,16787,-3,95,59.5,49.0,No,2400,2400,0,5368,125
03:58:05.184,active,15279,912,13986,16786,-4,95,59.5,45.6,No,2400,2400,0,5374,125
03:58:06.185,active,15316,496,6636,16788,0,95,60.6,46.1,No,2400,2400,0,5382,125
03:58:07.189,active,15314,544,8352,16787,0,95,60.0,47.3,No,2400,2400,0,5386,125
03:58:08.188,active,15331,282,7350,16787,0,95,60.0,46.5,No,2400,2400,0,5390,125
03:58:09.184,active,15303,544,8352,16786,-8,95,59.5,44.5,No,2400,2400,0,5397,125
03:58:10.184,active,15344,454,6964,16786,0,95,60.0,47.3,No,2400,2400,0,5408,125
03:58:11.184,active,15324,434,6674,16786,0,95,59.5,46.3,No,2400,2400,0,5402,125
03:58:12.185,active,15363,520,7986,16786,0,95,60.6,44.8,No,2400,2400,0,5411,125
03:58:13.187,active,15339,452,7988,16786,0,95,60.0,46.4,No,2400,2400,0,5422,125
03:58:14.185,active,15283,508,7812,16787,-3,95,60.0,46.9,No,2400,2400,0,5442,125
03:58:15.184,active,15258,806,12346,16786,-5,95,60.6,50.8,No,2400,2400,0,5439,125
03:58:16.184,active,15279,632,9664,16786,0,95,59.5,49.5,No,2400,2400,0,5433,125
03:58:17.185,active,15271,626,9606,16786,0,95,60.6,50.3,No,2400,2400,0,5432,125
03:58:18.187,active,15262,786,13042,16785,-4,95,60.6,46.6,No,2400,2400,0,5439,125
03:58:19.185,active,15286,842,12866,16787,-3,95,59.5,42.7,No,2400,2400,0,5452,125
03:58:20.185,active,15245,826,12654,16787,-3,95,59.0,44.0,No,2400,2400,0,5450,125
03:58:21.184,active,15264,712,10898,16787,-5,95,60.0,44.9,No,2400,2400,0,5455,125
03:58:22.185,sleep,15299,500,7310,16788,0,95,56.8,19.3,No,1500,2400,0,5474,125
03:58:23.185,sleep,15303,344,5266,16788,12,95,56.2,0.3,No,1500,2400,0,5500,125
03:58:24.184,sleep,15299,622,9162,16789,13,95,54.5,0.0,No,1500,2400,0,4509,75
03:58:25.185,sleep,15294,240,7696,16789,14,95,54.5,0.0,No,1500,2400,0,3529,75
03:58:26.185,sleep,15292,436,6674,16791,14,95,54.0,0.0,No,1500,2400,0,3384,75
03:58:27.185,sleep,15294,292,8236,16792,16,95,52.9,-0.0,No,1500,2400,0,3373,75
03:58:28.184,sleep,15292,298,4572,16791,11,95,51.8,0.0,No,1500,2400,0,3355,75
03:58:29.184,sleep,15296,432,7812,16791,12,95,52.4,-0.0,No,1500,2400,0,3352,75
03:58:30.185,sleep,15303,520,7966,16789,10,95,51.2,0.0,No,1500,2400,0,3342,75
03:58:31.185,sleep,15299,334,5130,16789,13,95,51.8,0.0,No,1500,2400,0,3314,75
03:58:32.185,sleep,15294,330,5072,16789,12,95,51.2,0.0,No,1500,2400,0,3323,75
03:58:33.185,sleep,15294,532,8178,16790,11,95,50.7,0.0,No,1500,2400,0,3327,75
03:58:34.185,sleep,15296,464,4416,16790,12,95,51.2,-0.0,No,1500,2400,0,3330,75
03:58:35.185,sleep,15301,226,3472,16789,9,95,51.2,0.0,No,1500,2400,0,3327,75
03:58:36.185,sleep,15294,258,7620,16789,8,95,50.7,-0.0,No,1500,2400,0,3314,75
03:58:37.184,active,15305,430,6596,16786,-3,95,52.9,39.3,No,2400,2400,0,3292,75
03:58:38.184,active,15311,516,7928,16786,-7,95,55.1,47.5,No,2400,2400,0,3270,75
03:58:39.184,active,15305,486,7466,16786,-8,95,56.2,47.6,No,2400,2400,0,3262,75
03:58:40.185,active,15352,422,6462,16786,-11,95,56.2,47.7,No,2400,2400,0,3258,75
03:58:41.185,active,15314,530,6558,16786,-9,95,56.8,46.7,No,2400,2400,0,3252,75
03:58:42.185,active,15329,480,7350,16785,-7,95,57.9,47.5,No,2400,2400,0,3243,75
03:58:43.184,active,15266,820,12578,16786,-5,95,57.3,49.5,No,2400,2400,0,3241,75
03:58:44.184,active,15273,792,12134,16785,-8,95,56.8,48.9,No,2400,2400,0,3235,75
03:58:45.184,active,15271,648,9916,16787,-7,95,57.9,49.2,No,2400,2400,0,3228,75
03:58:46.189,active,15268,802,12752,16787,-3,95,57.9,48.3,No,2400,2400,0,3226,75
03:58:47.185,active,15262,770,11768,16786,0,95,57.9,47.7,No,2400,2400,0,3209,75
03:58:48.184,active,15234,740,12366,16786,0,95,56.8,47.8,No,2400,2400,0,3205,75
03:58:49.184,active,15266,784,11998,16785,-6,95,57.3,48.8,No,2400,2400,0,3202,75
03:58:50.184,active,15258,680,12152,16785,-9,95,58.4,49.3,No,2400,2400,0,3209,75
03:58:51.196,active,15296,580,8912,16787,-6,95,59.0,50.5,No,2400,2400,0,3208,75
03:58:52.185,active,15316,476,7350,16787,-7,95,59.0,51.5,No,2400,2400,0,3203,75
03:58:53.186,active,15281,798,9626,16786,-4,95,58.4,48.8,No,2400,2400,0,3196,75
03:58:54.184,active,15361,452,6982,16785,-7,95,57.9,47.9,No,2400,2400,0,3199,75
03:58:55.184,active,15283,400,6404,16784,-6,95,60.0,47.4,No,2400,2400,0,3196,75
03:58:56.185,active,15288,762,11690,16785,-6,95,59.5,48.3,No,2400,2400,0,3183,75
03:58:57.187,active,15288,632,9702,16787,-8,95,59.5,45.8,No,2400,2400,0,4703,125
03:58:58.185,active,15316,654,10030,16785,-12,95,59.0,47.7,No,2400,2400,0,5255,125
03:58:59.184,active,15290,628,9644,16786,-9,95,58.4,47.2,No,2400,2400,0,5292,125
03:59:00.184,active,15288,840,8102,16786,-5,95,58.4,47.4,No,2400,2400,0,5301,125
03:59:01.184,active,15307,774,11844,16785,-3,95,59.5,51.0,No,2400,2400,0,5297,125
03:59:02.185,active,15307,520,7966,16785,-3,95,60.0,50.1,No,2400,2400,0,5305,125
03:59:03.189,active,15307,528,8102,16785,-3,95,60.6,50.6,No,2400,2400,0,5309,125
03:59:04.185,active,15311,426,6558,16786,-4,95,60.0,50.0,No,2400,2400,0,5311,125
03:59:05.184,active,15314,522,8082,16786,-7,95,59.0,48.9,No,2400,2400,0,5320,125
03:59:06.184,active,15316,490,7522,16786,-5,95,59.0,51.1,No,2400,2400,0,5332,125
03:59:07.185,active,15318,508,7080,16785,-5,95,60.6,48.1,No,2400,2400,0,5338,125
03:59:08.185,active,15307,446,6828,16786,0,95,60.0,48.4,No,2400,2400,0,5342,125
03:59:09.185,active,15311,464,7118,16786,0,95,60.0,47.7,No,2400,2400,0,5352,125
03:59:10.188,active,15320,526,8082,16788,0,95,59.0,44.0,No,2400,2400,0,5365,125
03:59:11.184,active,15271,828,12674,16787,0,95,59.5,49.1,No,2400,2400,0,5370,125
03:59:12.184,active,15305,606,12636,16786,-4,95,62.2,47.7,No,2400,2400,0,5378,125
03:59:13.185,active,15288,762,11690,16786,-4,95,60.0,48.1,No,2400,2400,0,5378,125
03:59:14.185,active,15266,832,12752,16785,-3,95,60.0,45.2,No,2400,2400,0,5386,125
03:59:15.185,active,15305,560,8604,16785,-5,95,57.9,48.9,No,2400,2400,0,5396,125
03:59:16.184,active,15266,694,10628,16785,-5,95,59.5,49.1,No,2400,2400,0,5405,125
03:59:17.184,active,15281,752,12964,16787,0,95,59.5,49.7,No,2400,2400,0,5404,125
03:59:18.184,active,15260,644,9876,16787,0,95,60.0,48.1,No,2400,2400,0,5409,125
03:59:19.185,active,15266,674,9548,16787,0,95,59.0,47.3,No,2400,2400,0,5416,125
03:59:20.189,active,15314,694,10648,16786,0,95,60.0,46.1,No,2400,2400,0,5417,125
03:59:21.185,active,15283,508,7792,16786,-5,95,59.0,46.4,No,2400,2400,0,5425,125
03:59:22.184,active,15316,702,7504,16787,0,95,59.0,46.0,No,2400,2400,0,5431,125
03:59:23.184,active,15316,482,7426,16787,0,95,60.6,45.1,No,2400,2400,0,5430,125
03:59:24.185,active,15283,836,7754,16785,-5,95,60.6,44.8,No,2400,2400,0,5439,125
03:59:25.189,active,15324,696,10706,16784,-13,95,59.5,45.9,No,2400,2400,0,5440,125
03:59:26.185,active,15279,530,10320,16784,-14,95,59.5,46.6,No,2400,2400,0,5445,125
03:59:27.184,active,15316,700,10744,16785,-6,95,59.5,47.7,No,2400,2400,0,5455,125
03:59:28.184,active,15290,496,7658,16786,-5,95,59.0,43.9,No,2400,2400,0,5450,125
03:59:29.184,active,15301,470,12674,16787,-5,95,59.0,47.7,No,2400,2400,0,5460,125
03:59:30.185,active,15305,450,6924,16787,-4,95,60.6,46.3,No,2400,2400,0,5459,125
03:59:31.185,active,15318,562,8622,16786,-3,95,59.5,45.4,No,2400,2400,0,5462,125
03:59:32.185,active,15299,538,8236,16785,0,95,59.5,48.6,No,2400,2400,0,5461,125
03:59:33.184,active,15314,440,6770,16786,0,95,59.5,49.7,No,2400,2400,0,5465,125
03:59:34.184,active,15301,518,9996,16787,0,95,59.5,45.6,No,2400,2400,0,5470,125
03:59:35.184,active,15305,486,7466,16787,0,95,60.0,45.6,No,2400,2400,0,5471,125
03:59:36.185,active,15305,494,6694,16789,5,95,59.5,45.0,No,2400,2400,0,5470,125
03:59:37.185,sleep,15290,506,7774,16789,9,95,56.2,19.5,No,1500,2400,0,5507,125
03:59:38.184,sleep,15288,370,5690,16789,18,95,55.1,-0.0,No,1500,2400,0,5525,125
03:59:39.184,sleep,15294,408,7272,16790,17,95,54.5,0.0,No,1500,2400,0,5533,125
03:59:40.184,sleep,15299,438,6732,16790,16,95,53.5,-0.0,No,1500,2400,0,4127,75
03:59:41.184,sleep,15292,588,5884,16791,18,95,53.5,0.0,No,1500,2400,0,3491,75
03:59:42.184,sleep,15294,510,7832,16791,17,95,53.5,0.0,No,1500,2400,0,3389,75
03:59:43.185,sleep,15294,324,4976,16790,16,95,52.4,0.3,No,1600,2400,0,3381,75
03:59:44.184,sleep,15292,408,6250,16789,13,95,52.4,0.3,No,1500,2400,0,3351,75
03:59:45.184,sleep,15288,280,4282,16789,15,95,51.8,0.0,No,1500,2400,0,3365,75
03:59:46.185,sleep,15292,476,6012,16789,12,95,51.8,-0.0,No,1600,2400,0,3365,75
03:59:47.185,sleep,15299,524,8044,16791,14,95,50.7,0.0,No,1500,2400,0,3359,75
03:59:48.184,sleep,15290,448,6308,16791,10,95,51.2,-0.0,No,1500,2400,0,3333,75
03:59:49.185,sleep,15294,262,4012,16791,8,95,51.2,0.8,No,1500,2400,0,3343,75
03:59:50.184,sleep,15296,444,6790,16791,14,95,50.7,0.0,No,1500,2400,0,3339,75
03:59:51.184,sleep,15296,218,3356,16790,13,95,50.1,0.0,No,1500,2400,0,3316,75
03:59:52.185,active,15314,470,7234,16786,0,95,54.5,39.3,No,2400,2400,0,3305,75
03:59:53.188,active,15361,464,6366,16785,-8,95,54.5,46.8,No,2400,2400,0,3297,75
03:59:54.189,active,15316,448,6886,16785,-10,95,55.1,47.7,No,2400,2400,0,3284,75
03:59:55.184,active,15344,494,6366,16786,-9,95,55.6,48.3,No,2400,2400,0,3270,75
03:59:56.184,active,15281,598,7850,16785,-7,95,56.2,48.9,No,2400,2400,0,3267,75
03:59:57.184,active,15299,800,12230,16785,-10,95,56.8,48.8,No,2400,2400,0,3265,75
03:59:58.188,active,15301,502,11536,16785,-12,95,57.9,48.1,No,2400,2400,0,3262,75
03:59:59.185,active,15296,546,8352,16786,-7,95,57.3,47.4,No,2400,2400,0,3258,75
04:00:00.189,active,15299,464,13446,16785,-9,95,56.8,48.2,No,2400,2400,0,3251,75
04:00:01.184,active,15307,482,7408,16786,-4,95,57.9,48.3,No,2400,2400,0,3240,75
04:00:02.184,active,15294,516,8488,16787,-5,95,56.8,50.7,No,2400,2400,0,3245,75
04:00:03.184,active,15299,446,6828,16786,0,95,58.4,51.5,No,2400,2400,0,3240,75
04:00:04.185,active,15303,528,8082,16786,0,95,58.4,48.9,No,2400,2400,0,3228,75
04:00:05.189,active,15299,446,6848,16786,0,95,58.4,45.9,No,2400,2400,0,3209,75
04:00:06.184,active,15288,826,12654,16786,0,95,57.9,46.4,No,2400,2400,0,3216,75
04:00:07.184,active,15264,820,12462,16786,-3,95,58.4,47.7,No,2400,2400,0,3216,75
04:00:08.184,active,15286,824,12616,16787,-6,95,59.0,47.5,No,2400,2400,0,3213,75
04:00:09.184,active,15281,836,10262,16786,-5,95,58.4,46.6,No,2400,2400,0,3208,75
04:00:10.190,active,15279,810,12424,16786,-5,95,59.0,46.6,No,2400,2400,0,3197,75
04:00:11.185,active,15273,678,10378,16786,-3,95,59.0,49.7,No,2400,2400,0,3193,75
04:00:12.184,active,15286,796,12192,16787,0,95,59.0,48.5,No,2400,2400,0,3194,75
04:00:13.184,active,15273,800,12268,16788,0,95,58.4,51.1,No,2400,2400,0,3191,75
04:00:14.190,active,15275,678,10378,16788,0,95,59.5,51.5,No,2400,2400,0,3190,75
04:00:15.188,active,15333,488,7504,16788,5,95,59.5,50.4,No,2400,2400,0,3188,75
04:00:16.184,active,15363,504,7176,16787,0,95,59.5,52.4,No,2400,2400,0,3184,75
04:00:17.185,active,15344,462,7098,16787,0,95,59.5,50.3,No,2400,2400,0,3181,75
04:00:18.184,active,15314,502,7696,16787,0,95,59.5,48.9,No,2400,2400,0,4853,125
04:00:19.184,active,15281,854,13078,16788,0,95,60.0,50.5,No,2400,2400,0,5254,125
04:00:20.185,active,15357,514,7908,16788,0,95,59.0,48.7,No,2400,2400,0,5288,125
04:00:21.189,active,15314,598,8394,16789,0,95,60.0,47.0,No,2400,2400,0,5291,125
04:00:22.188,active,15320,506,7774,16788,0,95,59.0,48.3,No,2400,2400,0,5297,125
04:00:23.184,active,15288,818,7638,16785,0,95,59.5,47.3,No,2400,2400,0,5294,125
04:00:24.184,active,15283,582,8912,16787,0,95,59.5,48.8,No,2400,2400,0,5308,125
04:00:25.188,active,15305,702,10744,16786,0,95,60.0,48.2,No,2400,2400,0,5319,125
04:00:26.185,active,15309,516,11632,16787,0,95,60.0,45.5,No,2400,2400,0,5314,125
04:00:27.185,active,15305,670,10262,16787,-3,95,60.0,47.8,No,2400,2400,0,5322,125
04:00:28.185,active,15305,544,11902,16787,0,95,59.0,49.1,No,2400,2400,0,5333,125
04:00:29.184,active,15311,572,8776,16787,0,95,60.0,49.0,No,2400,2400,0,5348,125
04:00:30.184,active,15303,506,9472,16787,0,95,59.5,48.6,No,2400,2400,0,5353,125
04:00:31.185,active,15309,498,7638,16786,0,95,59.5,45.7,No,2400,2400,0,5362,125
04:00:32.189,active,15311,522,8006,16786,0,95,59.5,46.1,No,2400,2400,0,5378,125
04:00:33.186,active,15307,534,8198,16787,-3,95,59.0,46.2,No,2400,2400,0,5380,125
04:00:34.184,active,15283,778,11922,16787,-3,95,59.5,45.2,No,2400,2400,0,5378,125
04:00:35.184,active,15264,784,12964,16786,-3,95,59.5,47.5,No,2400,2400,0,5381,125
04:00:36.184,active,15290,804,12326,16787,-4,95,60.0,45.1,No,2400,2400,0,5400,125
04:00:37.185,active,15288,606,10686,16787,0,95,60.0,43.5,No,2400,2400,0,5406,125
04:00:38.185,active,15281,780,11940,16787,0,95,59.5,42.4,No,2400,2400,0,5407,125
04:00:39.185,active,15305,742,11362,16786,0,95,59.5,44.6,No,2400,2400,0,5409,125
04:00:40.184,active,15281,854,13078,16787,0,95,59.5,46.4,No,2400,2400,0,5417,125
04:00:41.184,active,15271,834,12790,16787,-3,95,60.0,44.3,No,2400,2400,0,5423,125
04:00:42.184,active,15271,690,12364,16786,0,95,59.0,46.0,No,2400,2400,0,5435,125
04:00:43.188,active,15326,492,7542,16787,0,95,60.0,48.5,No,2400,2400,0,5430,125
04:00:44.185,active,15329,758,8218,16788,0,95,60.0,46.7,No,2400,2400,0,5435,125
04:00:45.184,active,15341,492,7562,16788,5,95,59.5,44.3,No,2400,2400,0,5441,125
04:00:46.184,active,15318,514,7890,16786,-3,95,59.0,49.6,No,2400,2400,0,5442,125
04:00:47.184,active,15361,450,6944,16786,-3,95,59.0,46.7,No,2400,2400,0,5444,125
04:00:48.185,active,15288,494,7620,16785,-9,95,59.5,48.2,No,2400,2400,0,5444,125
04:00:49.185,active,15352,526,6822,16785,-6,95,59.0,49.1,No,2400,2400,0,5447,125
04:00:50.188,active,15288,468,7194,16786,-6,95,59.5,47.9,No,2400,2400,0,5457,125
04:00:51.184,active,15290,896,7792,16786,-3,95,59.0,49.0,No,2400,2400,0,5461,125
04:00:52.184,sleep,15299,520,7966,16789,0,95,57.3,23.4,No,2400,2400,0,5479,125
04:00:53.184,sleep,15286,440,6770,16788,6,95,56.8,-0.0,No,2400,2400,0,5502,125
04:00:54.184,sleep,15294,506,7774,16788,5,95,55.6,0.0,No,2400,2400,0,5505,125
04:00:55.184,sleep,15299,470,7194,16788,7,95,54.0,0.0,No,2400,2400,0,5504,125
04:00:56.184,sleep,15290,438,6732,16788,11,95,55.1,0.0,No,2400,2400,0,3838,75
04:00:57.185,sleep,15290,470,7214,16789,10,95,54.5,0.0,No,2400,2400,0,3423,75
04:00:58.185,sleep,15296,332,7754,16791,14,95,52.9,0.0,No,1500,2400,0,3378,75
04:00:59.185,sleep,15292,398,6114,16791,18,95,52.9,0.0,No,1500,2400,0,3360,75
04:01:00.185,sleep,15290,456,4204,16790,16,95,51.8,-0.0,No,1500,2400,0,3346,75
04:01:01.185,sleep,15296,474,7272,16789,14,95,51.8,0.3,No,1500,2400,0,3364,75
04:01:02.185,sleep,15288,506,7774,16789,14,95,51.8,0.0,No,1500,2400,0,3357,75
04:01:03.185,sleep,15299,564,8662,16790,14,95,51.2,0.0,No,1500,2400,0,3350,75
04:01:04.185,sleep,15303,578,8874,16791,15,95,51.2,0.0,No,1500,2400,0,3333,75
04:01:05.185,sleep,15294,318,7952,16790,14,95,50.1,0.0,No,1500,2400,0,3330,75
04:01:06.185,sleep,15292,382,5864,16790,13,95,51.8,-0.0,No,1500,2400,0,3334,75
04:01:07.185,active,15279,790,13350,16786,5,95,52.9,37.3,No,2400,2400,0,3305,75
04:01:08.184,active,15281,908,13908,16786,-5,95,55.1,48.7,No,2400,2400,0,3288,75
04:01:09.184,active,15262,830,12886,16787,-4,95,55.6,49.9,No,2400,2400,0,3272,75
04:01:10.184,active,15277,766,11728,16789,0,95,56.2,48.8,No,2400,2400,0,3269,75
04:01:11.185,active,15341,464,7118,16789,0,95,57.3,48.4,No,2400,2400,0,3271,75
04:01:12.185,active,15324,452,6346,16789,0,95,56.8,47.6,No,2400,2400,0,3265,75
04:01:13.184,active,15357,552,8488,16789,3,95,56.8,47.7,No,2400,2400,0,3258,75
04:01:14.184,active,15344,488,8816,16788,0,95,57.3,49.4,No,2400,2400,0,3250,75
04:01:15.184,active,15271,790,12114,16787,0,95,57.9,55.3,No,2400,2400,0,3241,75
04:01:16.189,active,15354,480,7928,16786,0,95,59.0,45.8,No,2400,2400,0,3239,75
04:01:17.185,active,15344,444,6828,16788,0,95,59.0,45.2,No,2400,2400,0,3241,75
04:01:18.186,active,15311,502,7466,16788,0,95,57.3,46.0,No,2400,2400,0,3236,75
04:01:19.184,active,15359,486,7504,16787,4,95,57.9,47.8,No,2400,2400,0,3233,75
04:01:20.184,active,15260,668,10204,16788,3,95,59.5,51.1,No,2400,2400,0,3222,75
04:01:21.184,active,15303,462,11632,16787,0,95,59.0,46.0,No,2400,2400,0,3225,75
04:01:22.185,active,15279,530,8120,16788,4,95,57.3,49.1,No,2400,2400,0,3217,75
04:01:23.185,active,15314,986,11824,16787,0,95,58.4,50.9,No,2400,2400,0,3198,75
04:01:24.184,active,15316,534,8218,16786,-5,95,59.0,52.5,No,2400,2400,0,3202,75
04:01:25.184,active,15331,542,8294,16786,-5,95,59.0,52.5,No,2400,2400,0,3211,75
04:01:26.185,active,15301,518,7948,16787,-4,95,60.0,50.9,No,2400,2400,0,3196,75
04:01:27.185,active,15354,458,7040,16785,-8,95,58.4,51.5,No,2400,2400,0,3184,75
04:01:28.189,active,15303,498,8938,16785,-6,95,59.5,49.2,No,2400,2400,0,3247,125
04:01:29.185,active,15286,846,12964,16786,-8,95,59.0,50.0,No,2400,2400,0,5126,125
04:01:30.184,active,15281,900,13774,16786,-3,95,60.0,52.4,No,2400,2400,0,5297,125
04:01:31.184,active,15283,836,12828,16785,-4,95,58.4,47.6,No,2400,2400,0,5311,125
04:01:32.184,active,15277,806,12326,16786,-4,95,60.0,49.6,No,2400,2400,0,5308,125
04:01:33.185,active,15273,856,13118,16785,-3,95,61.1,45.6,No,2400,2400,0,5303,125
04:01:34.185,active,15299,784,11998,16786,0,95,59.5,46.4,No,2400,2400,0,5320,125
04:01:35.185,active,15262,786,12096,16786,-5,95,59.5,48.6,No,2400,2400,0,5322,125
04:01:36.184,active,15271,762,11670,16787,-6,95,59.5,49.2,No,2400,2400,0,5333,125
04:01:37.184,active,15303,702,12964,16786,-10,95,60.0,48.2,No,2400,2400,0,5339,125
04:01:38.187,active,15264,876,13406,16786,-7,95,60.6,45.9,No,2400,2400,0,5344,125
04:01:39.185,active,15314,510,7832,16785,-4,95,59.5,48.4,No,2400,2400,0,5357,125
04:01:40.188,active,15337,482,6848,16785,-4,95,60.0,48.5,No,2400,2400,0,5363,125
04:01:41.184,active,15316,492,7562,16787,-3,95,59.5,48.9,No,2400,2400,0,5369,125
04:01:42.184,active,15359,492,7908,16787,-6,95,59.5,48.1,No,2400,2400,0,5380,125
04:01:43.184,active,15361,566,8718,16787,-6,95,60.0,47.5,No,2400,2400,0,5378,125
04:01:44.185,active,15311,748,7252,16787,-4,95,61.1,45.7,No,2400,2400,0,5379,125
04:01:45.185,active,15333,538,8256,16787,0,95,60.0,43.8,No,2400,2400,0,5384,125
04:01:46.188,active,15348,534,8198,16786,0,95,59.5,43.6,No,2400,2400,0,5388,125
04:01:47.184,active,15350,510,7870,16787,0,95,59.5,43.5,No,2400,2400,0,5403,125
04:01:48.184,active,15253,784,11980,16787,0,95,60.0,46.8,No,2400,2400,0,5405,125
04:01:49.185,active,15309,554,10320,16787,0,95,59.5,46.1,No,2400,2400,0,5414,125
04:01:50.185,active,15294,566,8700,16787,0,95,61.1,46.7,No,2400,2400,0,5422,125
04:01:51.188,active,15303,732,10880,16786,0,95,59.5,43.6,No,2400,2400,0,5432,125
04:01:52.184,active,15307,506,7754,16787,0,95,59.0,44.3,No,2400,2400,0,5433,125
04:01:53.184,active,15303,666,10204,16787,0,95,59.0,44.2,No,2400,2400,0,5436,125
04:01:54.184,active,15309,534,8218,16787,0,95,60.0,49.7,No,2400,2400,0,5445,125
04:01:55.187,active,15301,602,9240,16787,0,95,59.5,47.7,No,2400,2400,0,5428,125
04:01:56.185,active,15301,462,7098,16788,0,95,60.0,43.6,No,2400,2400,0,5456,125
04:01:57.187,active,15303,700,10744,16787,0,95,60.0,44.2,No,2400,2400,0,5457,125
04:01:58.184,active,15281,866,11342,16786,0,95,59.5,46.7,No,2400,2400,0,5456,125
04:01:59.184,active,15279,818,12538,16786,0,95,60.6,49.0,No,2400,2400,0,5456,125
04:02:00.184,active,15281,702,10784,16786,0,95,60.6,48.9,No,2400,2400,0,5457,125
04:02:01.189,active,15288,818,12538,16786,0,95,59.5,44.8,No,2400,2400,0,5470,125
04:02:02.185,active,15281,814,12480,16788,0,95,59.0,46.5,No,2400,2400,0,5469,125
04:02:03.185,active,15277,806,12326,16788,-3,95,59.0,46.9,No,2400,2400,0,5473,125
04:02:04.184,active,15266,866,13252,16788,0,95,59.0,48.9,No,2400,2400,0,5475,125
04:02:05.184,active,15294,738,12840,16788,0,95,60.6,49.1,No,2400,2400,0,5479,125
04:02:06.188,active,15262,796,12192,16788,3,95,60.6,47.3,No,2400,2400,0,5501,125
04:02:07.184,sleep,15296,498,7658,16788,0,95,57.3,23.0,No,2400,2400,0,5512,125
04:02:08.184,sleep,15299,470,7194,16788,12,95,56.2,0.0,No,2400,2400,0,5519,125
04:02:09.184,sleep,15294,402,6154,16788,12,95,56.2,-0.0,No,2400,2400,0,5519,125
04:02:10.184,sleep,15301,464,5602,16788,8,95,55.1,-0.0,No,2400,2400,0,5522,125
04:02:11.184,sleep,15288,482,7388,16789,9,95,55.1,0.0,No,2400,2400,0,5421,75
04:02:12.185,sleep,15294,506,7138,16790,13,95,53.5,-0.0,No,1500,2400,0,3693,75
04:02:13.185,sleep,15296,360,5516,16790,17,95,53.5,0.0,No,1500,2400,0,3422,75
04:02:14.185,sleep,15299,350,7118,16791,20,95,52.9,0.0,No,1500,2400,0,3387,75
04:02:15.185,sleep,15294,502,7678,16792,18,95,52.9,0.0,No,1500,2400,0,3385,75
04:02:16.185,sleep,15296,542,8334,16790,14,95,51.8,0.0,No,1500,2400,0,3374,75
04:02:17.184,sleep,15301,272,4996,16790,17,95,52.4,0.0,No,1500,2400,0,3374,75
04:02:18.184,sleep,15294,564,8642,16789,14,95,51.8,-0.0,No,1500,2400,0,3370,75
04:02:19.184,sleep,15299,218,4976,16790,15,95,51.2,0.0,No,1500,2400,0,3363,75
04:02:20.184,sleep,15292,314,4822,16790,13,95,51.2,-0.0,No,1500,2400,0,3348,75
04:02:21.185,sleep,15294,464,9318,16790,12,95,52.4,0.0,No,1500,2400,0,3338,75
04:02:22.184,active,15299,550,8448,16788,9,95,54.5,36.5,No,2400,2400,0,3309,75
04:02:23.185,active,15294,434,8218,16787,0,95,55.6,48.2,No,2400,2400,0,3301,75
04:02:24.185,active,15296,522,8024,16787,0,95,55.6,47.9,No,2400,2400,0,3301,75
04:02:25.191,active,15283,650,9992,16787,0,95,55.6,47.7,No,2400,2400,0,3293,75
04:02:26.184,active,15283,806,7966,16787,-3,95,56.8,50.3,No,2400,2400,0,3279,75
04:02:27.184,active,15283,688,10552,16789,0,95,56.8,48.7,No,2400,2400,0,3275,75
04:02:28.184,active,15283,802,10590,16788,0,95,57.9,46.6,No,2400,2400,0,3270,75
04:02:29.187,active,15279,872,13350,16787,0,95,58.4,47.7,No,2400,2400,0,3262,75
04:02:30.185,active,15262,860,13194,16788,0,95,57.3,47.8,No,2400,2400,0,3235,75
04:02:31.184,active,15281,736,11284,16787,0,95,57.3,48.5,No,2400,2400,0,3236,75
04:02:32.184,active,15273,806,12346,16786,0,95,57.9,46.7,No,2400,2400,0,3245,75
04:02:33.184,active,15279,820,9742,16789,0,95,57.9,46.6,No,2400,2400,0,3242,75
04:02:34.184,active,15307,462,7098,16790,0,95,59.5,47.7,No,2400,2400,0,3235,75
04:02:35.189,active,15309,504,7060,16789,0,95,58.4,47.4,No,2400,2400,0,3235,75
04:02:36.185,active,15316,512,7870,16786,0,95,58.4,49.5,No,2400,2400,0,3221,75
04:02:37.184,active,15316,518,7986,16786,-4,95,58.4,51.6,No,2400,2400,0,3216,75
04:02:38.184,active,15318,488,7504,16785,-6,95,60.0,52.8,No,2400,2400,0,4430,125
04:02:39.189,active,15311,484,7446,16786,-6,95,59.0,51.1,No,2400,2400,0,5274,125
04:02:40.185,active,15354,528,7330,16786,-8,95,59.5,47.7,No,2400,2400,0,5329,125
04:02:41.185,active,15314,492,7562,16786,-6,95,59.5,51.9,No,2400,2400,0,5330,125
04:02:42.187,active,15303,720,11266,16785,-5,95,59.5,51.3,No,2400,2400,0,5336,125
04:02:43.184,active,15268,714,10918,16786,0,95,59.0,49.9,No,2400,2400,0,5344,125
04:02:44.184,active,15292,786,12038,16786,0,95,59.0,45.6,No,2400,2400,0,5345,125
04:02:45.184,active,15268,808,12808,16786,0,95,59.5,44.4,No,2400,2400,0,5346,125
04:02:46.188,active,15245,736,11226,16787,0,95,59.5,43.5,No,2400,2400,0,5360,125
04:02:47.185,active,15288,574,9702,16788,3,95,57.9,47.9,No,2400,2400,0,5364,125
04:02:48.184,active,15275,604,9240,16787,0,95,59.5,49.0,No,2400,2400,0,5372,125
04:02:49.184,active,15301,578,8834,16786,-4,95,60.0,48.5,No,2400,2400,0,5368,125
04:02:50.185,active,15277,566,8662,16786,0,95,60.0,49.2,No,2400,2400,0,5380,125
04:02:51.189,active,15303,706,10822,16785,-3,95,60.0,48.0,No,2400,2400,0,5388,125
04:02:52.185,active,15283,846,10070,16786,-3,95,59.5,49.0,No,2400,2400,0,5389,125
04:02:53.185,active,15314,614,9432,16786,-3,95,59.5,48.2,No,2400,2400,0,5393,125
04:02:54.184,active,15279,678,10398,16786,0,95,59.5,45.5,No,2400,2400,0,5408,125
04:02:55.184,active,15281,854,13078,16786,0,95,59.5,47.0,No,2400,2400,0,5415,125
04:02:56.185,active,15268,864,13234,16786,0,95,60.6,47.5,No,2400,2400,0,5419,125
04:02:57.185,active,15283,810,7736,16787,0,95,59.5,46.4,No,2400,2400,0,5422,125
04:02:58.185,active,15275,886,13562,16788,0,95,59.0,43.0,No,2400,2400,0,5427,125
04:02:59.184,active,15279,828,12732,16788,0,95,59.5,46.5,No,2400,2400,0,5431,125
04:03:00.184,active,15283,772,11824,16788,0,95,59.5,46.1,No,2400,2400,0,5437,125
04:03:01.185,active,15344,460,9780,16787,0,95,60.0,48.2,No,2400,2400,0,5438,125
04:03:02.185,active,15307,502,7330,16786,-3,95,60.6,52.1,No,2400,2400,0,5436,125
04:03:03.185,active,15303,492,7562,16786,-3,95,60.0,42.7,No,2400,2400,0,5462,125
04:03:04.188,active,15307,464,7484,16787,0,95,59.0,44.1,No,2400,2400,0,5437,125
04:03:05.184,active,15309,510,7832,16787,-3,95,59.0,45.5,No,2400,2400,0,5458,125
04:03:06.184,active,15318,538,8236,16788,0,95,60.6,47.7,No,2400,2400,0,5464,125
04:03:07.185,active,15299,486,7466,16787,-3,95,60.0,47.1,No,2400,2400,0,5470,125
04:03:08.185,active,15318,462,7098,16786,0,95,60.0,44.1,No,2400,2400,0,5463,125
04:03:09.187,active,15318,486,7466,16786,0,95,59.5,44.3,No,2400,2400,0,5460,125
04:03:10.185,active,15322,486,7466,16785,0,95,59.0,46.6,No,2400,2400,0,5464,125
04:03:11.184,active,15249,892,12694,16787,-4,95,59.5,46.1,No,2400,2400,0,5478,125
04:03:12.184,active,15286,694,10648,16788,0,95,60.6,49.4,No,2400,2400,0,5479,125
04:03:13.188,active,15262,604,9260,16786,-4,95,60.0,49.3,No,2400,2400,0,5476,125
04:03:14.191,active,15249,786,12018,16787,0,95,60.0,47.9,No,2400,2400,0,5474,125
04:03:15.185,active,15281,724,11092,16787,3,95,59.0,48.6,No,2400,2400,0,5488,125
04:03:16.184,active,15258,708,9472,16787,0,95,59.5,49.4,No,2400,2400,0,5490,125
04:03:17.184,active,15311,824,12596,16787,0,95,60.0,47.9,No,2400,2400,0,5495,125
04:03:18.184,active,15279,634,12038,16787,0,95,60.0,46.3,No,2400,2400,0,5482,125
04:03:19.188,active,15256,828,12674,16787,0,95,59.5,46.9,No,2400,2400,0,5490,125
04:03:20.185,active,15311,530,8140,16787,0,95,59.5,46.8,No,2400,2400,0,5495,125
04:03:21.184,active,15359,474,7484,16786,0,95,59.5,45.3,No,2400,2400,0,5495,125
04:03:22.185,sleep,15288,392,6018,16787,0,95,57.3,24.7,No,1900,2400,0,5520,125
04:03:23.185,sleep,15299,350,7774,16789,13,95,55.6,0.0,No,1500,2400,0,5546,125
04:03:24.185,sleep,15296,370,5670,16790,12,95,54.5,0.0,No,1500,2400,0,5550,125
04:03:25.185,sleep,15290,542,7522,16791,16,95,54.0,-0.0,No,1500,2400,0,4641,75
04:03:26.185,sleep,15290,556,8526,16791,16,95,54.5,0.0,No,1500,2400,0,3586,75
04:03:27.184,sleep,15296,532,8160,16790,15,95,52.9,-0.0,No,1500,2400,0,3432,75
04:03:28.184,sleep,15292,656,10050,16790,16,95,52.4,0.0,No,1500,2400,0,3390,75
04:03:29.184,sleep,15296,550,8448,16790,18,95,52.4,0.0,No,1500,2400,0,3389,75
04:03:30.184,sleep,15296,498,3432,16790,15,95,51.8,0.0,No,1500,2400,0,3374,75
04:03:31.185,sleep,15290,546,8372,16789,13,95,49.6,0.0,No,1500,2400,0,3372,75
04:03:32.185,sleep,15296,346,8198,16791,14,95,50.7,0.0,No,1500,2400,0,3356,75
04:03:33.184,sleep,15292,394,6038,16791,18,95,51.2,-0.0,No,1500,2400,0,3361,75
04:03:34.185,sleep,15292,514,7870,16791,16,95,50.7,-0.0,No,1500,2400,0,3364,75
04:03:35.185,sleep,15296,436,6694,16791,15,95,51.2,0.0,No,1500,2400,0,3364,75
04:03:36.185,sleep,15301,564,8642,16790,14,95,50.1,0.0,No,1500,2400,0,3358,75
04:03:37.185,active,15309,496,6596,16788,6,95,53.5,35.0,No,2400,2400,0,3315,75
04:03:38.184,active,15268,820,12558,16787,-3,95,54.5,51.2,No,2400,2400,0,3298,75
04:03:39.184,active,15253,752,11536,16787,0,95,55.6,48.1,No,2400,2400,0,3279,75
04:03:40.184,active,15277,750,11498,16787,0,95,55.6,46.2,No,2400,2400,0,3282,75
04:03:41.185,active,15262,800,12250,16787,0,95,58.4,45.3,No,2400,2400,0,3280,75
04:03:42.185,active,15256,772,12288,16787,0,95,56.8,44.9,No,2400,2400,0,3273,75
04:03:43.185,active,15266,742,11362,16787,0,95,56.8,49.0,No,2400,2400,0,3271,75
04:03:44.184,active,15249,754,12250,16786,-3,95,57.9,46.7,No,2400,2400,0,3269,75
04:03:45.184,active,15258,696,10668,16785,-5,95,57.9,47.8,No,2400,2400,0,3254,75
04:03:46.184,active,15260,590,11342,16787,0,95,57.9,47.0,No,2400,2400,0,3255,75
04:03:47.188,active,15359,516,10456,16786,-7,95,57.9,47.3,No,2400,2400,0,3252,75
04:03:48.185,active,15279,526,8082,16786,-7,95,59.0,51.0,No,2400,2400,0,3243,75
04:03:49.184,active,15350,526,7792,16786,0,95,57.9,48.6,No,2400,2400,0,3234,75
04:03:50.184,active,15277,812,12424,16785,-6,95,58.4,51.8,No,2400,2400,0,3231,75
04:03:51.184,active,15326,666,9124,16786,-3,95,59.0,48.0,No,2400,2400,0,3216,75
04:03:52.185,active,15311,656,10070,16785,-7,95,59.5,50.8,No,2400,2400,0,3223,75
04:03:53.189,active,15286,266,7792,16787,-5,95,59.0,48.0,No,2400,2400,0,3226,75
04:03:54.185,active,15322,586,9008,16787,-7,95,59.5,50.5,No,2400,2400,0,3216,75
04:03:55.184,active,15307,434,6674,16788,-5,95,58.4,46.9,No,2400,2400,0,3206,75
04:03:56.184,active,15311,674,10340,16786,0,95,59.0,43.8,No,2400,2400,0,3200,75
04:03:57.184,active,15301,574,8816,16786,-5,95,59.5,45.0,No,2400,2400,0,3207,75
04:03:58.185,active,15305,484,10494,16787,-3,95,59.0,44.0,No,2400,2400,0,3205,75
04:03:59.185,active,15296,452,6944,16785,-5,95,58.4,48.2,No,2400,2400,0,3197,75
04:04:00.185,active,15311,762,9510,16786,-6,95,59.0,49.2,No,2400,2400,0,4581,125
04:04:01.184,active,15314,474,7292,16787,-3,95,59.0,48.7,No,2400,2400,0,5256,125
04:04:02.184,active,15303,486,7466,16787,-5,95,59.5,47.2,No,2400,2400,0,5305,125
04:04:03.184,active,15301,542,8314,16786,-5,95,60.0,43.8,No,2400,2400,0,5315,125
04:04:04.189,active,15316,490,7522,16786,0,95,60.6,43.2,No,2400,2400,0,5314,125
04:04:05.185,active,15307,424,6732,16786,0,95,59.0,45.8,No,2400,2400,0,5322,125
04:04:06.184,active,15273,806,12326,16785,-3,95,59.0,45.7,No,2400,2400,0,5323,125
04:04:07.184,active,15260,860,13194,16786,0,95,60.6,47.8,No,2400,2400,0,5333,125
04:04:08.184,active,15314,628,9644,16787,0,95,60.0,45.8,No,2400,2400,0,5339,125
04:04:09.185,active,15279,808,12384,16787,-5,95,60.0,46.1,No,2400,2400,0,5345,125
04:04:10.188,active,15294,562,13742,16786,-6,95,59.5,45.1,No,2400,2400,0,5348,125
04:04:11.185,active,15247,610,9356,16786,-3,95,59.0,45.2,No,2400,2400,0,5357,125
04:04:12.184,active,15258,784,11498,16785,-5,95,59.5,48.7,No,2400,2400,0,5364,125
04:04:13.184,active,15273,848,13002,16785,-7,95,59.0,49.0,No,2400,2400,0,5380,125
04:04:14.184,active,15241,802,12076,16786,-4,95,59.5,43.8,No,2400,2400,0,5395,125
04:04:15.185,active,15324,490,8546,16786,-3,95,59.5,42.9,No,2400,2400,0,5394,125
04:04:16.185,active,15286,512,7890,16786,-3,95,59.5,47.2,No,2400,2400,0,5394,125
04:04:17.184,active,15311,662,7908,16786,0,95,59.0,48.9,No,2400,2400,0,5390,125
04:04:18.184,active,15318,500,7678,16786,-6,95,59.5,46.7,No,2400,2400,0,5409,125
04:04:19.184,active,15314,672,8024,16786,-5,95,60.0,45.5,No,2400,2400,0,5420,125
04:04:20.188,active,15359,432,6636,16786,-6,95,59.5,46.9,No,2400,2400,0,5421,125
04:04:21.185,active,15286,794,7388,16786,-8,95,60.0,46.9,No,2400,2400,0,5423,125
04:04:22.185,active,15314,716,10996,16787,0,95,59.0,49.1,No,2400,2400,0,5410,125
04:04:23.184,active,15286,734,11266,16786,0,95,59.5,49.5,No,2400,2400,0,5426,125
04:04:24.184,active,15305,444,10996,16786,0,95,59.5,49.5,No,2400,2400,0,5432,125
04:04:25.184,active,15264,618,9452,16787,-3,95,60.0,48.5,No,2400,2400,0,5444,125
04:04:26.185,active,15303,478,11536,16787,-3,95,60.0,45.3,No,2400,2400,0,5445,125
04:04:27.188,active,15301,494,7580,16787,-4,95,60.0,48.4,No,2400,2400,0,5450,125
04:04:28.185,active,15309,546,8352,16786,-3,95,59.0,46.8,No,2400,2400,0,5452,125
04:04:29.184,active,15299,572,8776,16786,-3,95,57.9,46.6,No,2400,2400,0,5455,125
04:04:30.184,active,15301,438,6732,16787,0,95,59.5,46.2,No,2400,2400,0,5462,125
04:04:31.184,active,15299,482,7388,16786,-3,95,60.0,46.1,No,2400,2400,0,5467,125
04:04:32.188,active,15307,504,7736,16787,0,95,60.0,46.9,No,2400,2400,0,5463,125
04:04:33.187,active,15309,510,7792,16787,0,95,59.0,46.9,No,2400,2400,0,5467,125
04:04:34.184,active,15281,830,12712,16787,0,95,59.0,47.2,No,2400,2400,0,5471,125
04:04:35.184,active,15273,854,13078,16786,0,95,59.5,47.7,No,2400,2400,0,5471,125
04:04:36.184,active,15275,856,13118,16787,0,95,60.6,47.2,No,2400,2400,0,5477,125
04:04:37.184,sleep,15296,490,7504,16787,0,95,57.9,25.5,No,2400,2400,0,5497,125
04:04:38.184,sleep,15294,474,8316,16788,8,95,56.2,0.0,No,2400,2400,0,5518,125
04:04:39.184,sleep,15286,502,7678,16789,7,95,55.6,0.0,No,2400,2400,0,5517,125
04:04:40.184,sleep,15286,510,6520,16789,7,95,56.8,-0.0,No,2400,2400,0,5515,125
04:04:41.184,sleep,15292,386,5902,16787,7,95,54.5,0.0,No,2400,2400,0,4180,75
04:04:42.185,sleep,15290,370,4224,16788,7,95,54.5,-0.0,No,1500,2400,0,3490,75
04:04:43.185,sleep,15296,410,6268,16788,12,95,53.5,0.0,No,1500,2400,0,3398,75
04:04:44.185,sleep,15299,286,4378,16790,13,95,52.9,0.0,No,1500,2400,0,3381,75
04:04:45.185,sleep,15294,468,6134,16789,8,95,52.4,-0.0,No,1500,2400,0,3374,75
04:04:46.185,sleep,15296,336,5150,16791,10,95,52.4,0.0,No,1500,2400,0,3365,75
04:04:47.185,sleep,15294,466,8024,16790,9,95,52.9,-0.0,No,1500,2400,0,3355,75
04:04:48.185,sleep,15292,266,4088,16789,7,95,51.2,0.0,No,1500,2400,0,3361,75
04:04:49.185,sleep,15296,262,4012,16788,7,95,51.8,1.2,No,1500,2400,0,3360,75
04:04:50.184,sleep,15296,234,3588,16788,6,95,52.4,0.0,No,1500,2400,0,3346,75
04:04:51.184,sleep,15292,346,5536,16788,7,95,50.7,0.0,No,1500,2400,0,3345,75
04:04:52.184,active,15262,494,11208,16788,6,95,54.5,32.9,No,2400,2400,0,3320,75
04:04:53.184,active,15256,834,12770,16784,-14,95,55.6,48.4,No,2400,2400,0,3300,75
04:04:54.185,active,15292,452,10494,16785,-10,95,56.2,45.8,No,2400,2400,0,3287,75
04:04:55.185,active,15256,572,8758,16786,-8,95,57.3,46.1,No,2400,2400,0,3270,75
04:04:56.184,active,15299,768,11748,16786,-7,95,56.2,49.1,No,2400,2400,0,3270,75
04:04:57.184,active,15292,468,7176,16786,-7,95,56.8,47.7,No,2400,2400,0,3248,75
04:04:58.185,active,15305,534,8178,16785,-6,95,57.9,49.4,No,2400,2400,0,3261,75
04:04:59.187,active,15303,482,10186,16785,-9,95,57.9,51.3,No,2400,2400,0,3251,75
04:05:00.189,active,15305,506,7754,16786,-7,95,59.5,49.9,No,2400,2400,0,3247,75
04:05:01.188,active,15277,524,8546,16786,-6,95,58.4,50.8,No,2400,2400,0,3237,75
04:05:02.184,active,15290,814,12480,16785,-5,95,57.9,46.8,No,2400,2400,0,3244,75
04:05:03.184,active,15273,792,12134,16786,-5,95,59.0,51.8,No,2400,2400,0,3237,75
04:05:04.184,active,15277,820,12712,16784,-6,95,58.4,50.6,No,2400,2400,0,3226,75
04:05:05.185,active,15277,840,12848,16783,-11,95,59.5,50.4,No,2400,2400,0,3219,75
04:05:06.185,active,15275,804,12210,16784,-10,95,59.0,48.0,No,2400,2400,0,3223,75
04:05:07.188,active,15260,762,11670,16785,-7,95,58.4,47.7,No,2400,2400,0,3218,75
04:05:08.184,active,15307,934,12462,16786,-6,95,59.0,49.5,No,2400,2400,0,3213,75
04:05:09.184,active,15281,836,12808,16785,-8,95,59.0,46.4,No,2400,2400,0,3211,75
04:05:10.185,active,15305,458,7022,16785,-9,95,60.0,43.6,No,2400,2400,0,3206,75
04:05:11.185,active,15309,450,7908,16785,-7,95,59.5,43.0,No,2400,2400,0,3209,75
04:05:12.185,active,15326,496,7638,16785,-7,95,57.9,47.8,No,2400,2400,0,5000,125
04:05:13.184,active,15322,504,7522,16784,-7,95,59.0,47.2,No,2400,2400,0,5291,125
04:05:14.184,active,15322,486,7484,16784,-6,95,59.5,49.2,No,2400,2400,0,5317,125
04:05:15.185,active,15326,428,6596,16787,-5,95,60.0,47.4,No,2400,2400,0,5324,125
04:05:16.185,active,15363,514,7396,16786,-4,95,59.5,46.5,No,2400,2400,0,5322,125
04:05:17.185,active,15309,508,7832,16785,-7,95,59.5,46.4,No,2400,2400,0,5335,125
04:05:18.185,active,15307,636,6712,16785,-6,95,59.0,45.2,No,2400,2400,0,5331,125
04:05:19.184,active,15283,718,7948,16783,-13,95,59.5,46.1,No,2400,2400,0,5339,125
04:05:20.184,active,15283,736,11266,16785,-7,95,59.5,47.1,No,2400,2400,0,5344,125
04:05:21.185,active,15249,684,10456,16786,0,95,60.0,44.3,No,2400,2400,0,5360,125
04:05:22.185,active,15303,666,10186,16786,-5,95,58.4,45.1,No,2400,2400,0,5360,125
04:05:23.185,active,15292,646,12250,16786,-5,95,59.5,47.3,No,2400,2400,0,5370,125
04:05:24.184,active,15303,864,13194,16785,-5,95,59.0,50.1,No,2400,2400,0,5375,125
04:05:25.184,active,15314,576,10590,16784,-7,95,59.5,52.0,No,2400,2400,0,5381,125
04:05:26.184,active,15288,756,11594,16784,-5,95,60.0,46.5,No,2400,2400,0,5383,125
04:05:27.187,active,15303,470,10686,16784,-10,95,60.0,44.6,No,2400,2400,0,5394,125
04:05:28.185,active,15309,572,8758,16785,-6,95,59.5,48.9,No,2400,2400,0,5402,125
04:05:29.185,active,15275,902,13812,16786,-6,95,59.0,48.9,No,2400,2400,0,5401,125
04:05:30.184,active,15281,796,9722,16785,-4,95,59.0,47.9,No,2400,2400,0,5410,125
04:05:31.184,active,15279,872,13368,16785,0,95,60.0,49.7,No,2400,2400,0,5404,125
04:05:32.184,active,15286,912,6828,16786,0,95,60.6,47.2,No,2400,2400,0,5422,125
04:05:33.188,active,15279,830,12712,16785,0,95,60.0,46.6,No,2400,2400,0,5422,125
04:05:34.185,active,15271,852,13040,16786,0,95,60.0,48.6,No,2400,2400,0,5427,125
04:05:35.185,active,15288,906,13890,16787,0,95,60.0,47.8,No,2400,2400,0,5433,125
04:05:36.184,active,15275,848,13002,16788,0,95,59.0,47.0,No,2400,2400,0,5433,125
04:05:37.184,active,15271,844,12650,16786,0,95,60.0,47.0,No,2400,2400,0,5450,125
04:05:38.185,active,15311,530,8140,16786,0,95,60.0,46.2,No,2400,2400,0,5451,125
04:05:39.185,active,15344,538,8256,16786,0,95,59.5,47.5,No,2400,2400,0,5440,125
04:05:40.185,active,15311,522,8006,16787,0,95,59.0,46.7,No,2400,2400,0,5450,125
04:05:41.184,active,15326,494,7580,16788,0,95,59.0,48.0,No,2400,2400,0,5460,125
04:05:42.184,active,15316,498,7214,16787,0,95,59.5,46.7,No,2400,2400,0,5465,125
04:05:43.184,active,15329,530,8120,16786,-5,95,60.6,46.6,No,2400,2400,0,5462,125
04:05:44.188,active,15326,476,8024,16785,-4,95,60.0,46.7,No,2400,2400,0,5468,125
04:05:45.185,active,15316,462,7098,16785,-4,95,59.5,46.3,No,2400,2400,0,5470,125
04:05:46.184,active,15322,444,7040,16786,0,95,59.0,47.1,No,2400,2400,0,5484,125
04:05:47.184,active,15260,882,11692,16788,0,95,60.0,47.9,No,2400,2400,0,5475,125
04:05:48.184,active,15258,728,11150,16787,-3,95,60.6,48.1,No,2400,2400,0,5474,125
04:05:49.185,active,15275,656,11498,16786,0,95,60.0,47.4,No,2400,2400,0,5480,125
04:05:50.185,active,15275,814,12442,16785,-3,95,60.6,48.8,No,2400,2400,0,5477,125
04:05:51.189,active,15230,868,12848,16785,-5,95,61.1,48.4,No,2400,2400,0,5479,125
04:05:52.184,sleep,15236,730,11150,16786,0,95,58.4,28.7,No,2400,2400,0,5502,125
04:05:53.184,sleep,15296,428,7522,16790,11,95,56.8,0.0,No,2400,2400,0,5517,125
04:05:54.184,sleep,15299,522,8006,16789,11,95,55.6,0.0,No,2400,2400,0,5529,125
04:05:55.184,sleep,15292,492,6906,16788,9,95,55.6,0.0,No,2400,2400,0,5530,125
04:05:56.184,sleep,15292,444,7562,16788,10,95,55.6,0.3,No,2400,2400,0,5523,125
04:05:57.185,sleep,15288,308,4726,16788,10,95,54.0,0.0,No,1500,2400,0,5528,125
04:05:58.185,sleep,15294,532,3490,16791,19,95,54.0,-0.0,No,1500,2400,0,3923,75
04:05:59.184,sleep,15294,266,4088,16791,18,95,53.5,0.0,No,1500,2400,0,3461,75
04:06:00.184,sleep,15292,304,4262,16790,14,95,52.9,0.7,No,1500,2400,0,3390,75
04:06:01.185,sleep,15296,476,7310,16790,13,95,51.8,0.0,No,1500,2400,0,3378,75
04:06:02.185,sleep,15294,562,8236,16790,14,95,52.4,0.0,No,1500,2400,0,3386,75
04:06:03.185,sleep,15290,412,6308,16790,16,95,52.4,0.0,No,1500,2400,0,3388,75
04:06:04.185,sleep,15292,226,5652,16790,15,95,51.2,0.0,No,1500,2400,0,3363,75
04:06:05.185,sleep,15292,448,6866,16791,16,95,50.7,-0.0,No,1500,2400,0,3369,75
04:06:06.185,sleep,15296,304,4648,16792,18,95,52.4,-0.0,No,1500,2400,0,3364,75
04:06:07.185,active,15307,438,6596,16789,9,95,55.1,31.1,No,2400,2400,0,3328,75
04:06:08.188,active,15303,484,7426,16789,0,95,55.1,45.4,No,2400,2400,0,3318,75
04:06:09.184,active,15314,526,6906,16788,0,95,56.2,50.9,No,2400,2400,0,3306,75
04:06:10.184,active,15348,550,8448,16787,0,95,56.2,51.5,No,2400,2400,0,3295,75
04:06:11.184,active,15359,422,8372,16788,0,95,56.8,52.8,No,2400,2400,0,3292,75
04:06:12.187,active,15316,490,7522,16786,0,95,57.9,50.8,No,2400,2400,0,3289,75
04:06:13.185,active,15320,466,7176,16788,0,95,57.9,49.2,No,2400,2400,0,3286,75
04:06:14.184,active,15326,508,7812,16787,-3,95,57.9,49.1,No,2400,2400,0,3267,75
04:06:15.184,active,15283,758,11612,16787,0,95,58.4,51.4,No,2400,2400,0,3258,75
04:06:16.185,active,15273,668,13310,16786,-3,95,59.0,51.8,No,2400,2400,0,3253,75
04:06:17.185,active,15271,802,12288,16786,-4,95,59.0,48.4,No,2400,2400,0,3247,75
04:06:18.185,active,15245,806,11998,16787,0,95,57.9,42.3,No,2400,2400,0,3241,75
04:06:19.185,active,15262,686,10494,16786,-3,95,59.5,47.2,No,2400,2400,0,3235,75
04:06:20.184,active,15271,530,10532,16787,-3,95,58.4,44.4,No,2400,2400,0,3239,75
04:06:21.184,active,15245,790,12076,16787,0,95,59.0,48.7,No,2400,2400,0,3226,75
04:06:22.184,active,15301,638,9760,16786,0,95,59.5,48.8,No,2400,2400,0,3235,75
04:06:23.185,active,15268,508,7792,16787,0,95,59.5,48.0,No,2400,2400,0,3213,75
04:06:24.191,active,15283,786,12018,16787,0,95,59.5,49.2,No,2400,2400,0,3459,125
04:06:25.185,active,15326,614,7426,16786,0,95,57.9,46.4,No,2400,2400,0,5205,125
04:06:26.184,active,15318,646,9916,16786,0,95,59.0,47.2,No,2400,2400,0,5331,125
04:06:27.184,active,15281,716,8024,16786,0,95,59.5,46.0,No,2400,2400,0,5349,125
04:06:28.185,active,15288,836,12808,16786,0,95,59.0,46.1,No,2400,2400,0,5346,125
04:06:29.185,active,15279,688,10572,16786,-5,95,59.0,46.0,No,2400,2400,0,5350,125
04:06:30.188,active,15288,858,13136,16787,-4,95,59.5,46.6,No,2400,2400,0,5349,125
04:06:31.184,active,15251,830,12712,16786,0,95,59.0,46.8,No,2400,2400,0,5357,125
04:06:32.184,active,15264,824,13156,16786,0,95,59.5,46.9,No,2400,2400,0,5366,125
04:06:33.184,active,15311,438,13562,16786,-3,95,60.0,46.1,No,2400,2400,0,5377,125
04:06:34.185,active,15316,446,6828,16786,0,95,59.0,44.2,No,2400,2400,0,5380,125
04:06:35.185,active,15316,468,7194,16788,0,95,59.5,42.7,No,2400,2400,0,5383,125
04:06:36.188,active,15320,450,6924,16789,0,95,59.5,43.2,No,2400,2400,0,5390,125
04:06:37.184,active,15324,478,7862,16787,0,95,59.5,46.5,No,2400,2400,0,5394,125
04:06:38.184,active,15326,522,8024,16787,0,95,59.5,49.5,No,2400,2400,0,5404,125
04:06:39.184,active,15320,546,7350,16786,0,95,59.5,46.4,No,2400,2400,0,5407,125
04:06:40.185,active,15329,448,6866,16785,-3,95,60.0,43.4,No,2400,2400,0,5415,125
04:06:41.188,active,15352,556,7658,16786,0,95,59.5,45.2,No,2400,2400,0,5413,125
04:06:42.184,active,15344,494,7600,16786,3,95,59.0,49.4,No,2400,2400,0,5423,125
04:06:43.184,active,15236,788,12056,16788,0,95,60.0,47.9,No,2400,2400,0,5428,125
04:06:44.184,active,15253,728,12410,16786,0,95,60.0,46.5,No,2400,2400,0,5429,125
04:06:45.185,active,15288,764,11710,16786,0,95,60.0,48.2,No,2400,2400,0,5439,125
04:06:46.185,active,15234,808,11632,16787,0,95,59.5,46.3,No,2400,2400,0,5445,125
04:06:47.188,active,15262,750,11478,16787,0,95,58.4,45.7,No,2400,2400,0,5452,125
04:06:48.184,active,15281,760,13118,16787,0,95,59.5,45.8,No,2400,2400,0,5452,125
04:06:49.184,active,15251,732,11188,16787,0,95,59.5,46.8,No,2400,2400,0,5455,125
04:06:50.184,active,15288,556,12096,16787,0,95,60.0,49.3,No,2400,2400,0,5462,125
04:06:51.185,active,15271,676,10358,16786,0,95,60.0,47.0,No,2400,2400,0,5450,125
04:06:52.186,active,15279,654,10050,16787,0,95,59.5,46.7,No,2400,2400,0,5462,125
04:06:53.185,active,15286,802,6752,16787,0,95,59.5,48.0,No,2400,2400,0,5457,125
04:06:54.184,active,15279,690,10590,16786,0,95,59.5,48.1,No,2400,2400,0,5469,125
04:06:55.184,active,15279,866,10282,16787,0,95,60.0,48.5,No,2400,2400,0,5473,125
04:06:56.184,active,15311,570,8758,16788,0,95,59.0,46.1,No,2400,2400,0,5476,125
04:06:57.188,active,15288,844,8178,16788,0,95,60.0,45.9,No,2400,2400,0,5482,125
04:06:58.189,active,15281,820,12578,16788,0,95,59.0,46.5,No,2400,2400,0,5479,125
04:06:59.184,active,15268,832,12462,16788,6,95,59.5,47.1,No,2400,2400,0,5476,125
04:07:00.184,active,15286,786,12038,16787,4,95,58.4,47.4,No,2400,2400,0,5481,125
04:07:01.184,active,15318,484,7446,16788,4,95,59.0,48.3,No,2400,2400,0,5483,125
04:07:02.185,active,15309,492,6924,16787,4,95,60.6,48.3,No,2400,2400,0,5490,125
04:07:03.185,active,15307,474,7292,16787,4,95,59.5,48.3,No,2400,2400,0,5492,125
04:07:04.184,active,15316,514,7504,16786,0,95,59.0,47.3,No,2400,2400,0,5490,125
04:07:05.184,active,15307,462,7098,16788,0,95,59.0,49.6,No,2400,2400,0,5492,125
04:07:06.184,active,15316,518,7368,16787,0,95,59.5,48.8,No,2400,2400,0,5494,125
04:07:07.185,sleep,15296,358,5498,16788,6,95,57.3,29.8,No,1500,2400,0,5522,125
04:07:08.184,sleep,15294,554,8044,16788,12,95,55.6,0.0,No,1500,2400,0,5542,125
04:07:09.185,sleep,15296,334,5130,16790,15,95,54.5,0.0,No,1500,2400,0,5544,125
04:07:10.185,sleep,15296,496,7620,16789,13,95,54.0,0.3,No,1500,2400,0,5421,75
04:07:11.185,sleep,15288,564,5940,16789,15,95,53.5,1.2,No,1500,2400,0,3700,75
04:07:12.184,sleep,15303,474,7272,16791,19,95,52.9,-0.0,No,1500,2400,0,3442,75
04:07:13.184,sleep,15299,300,5632,16791,18,95,52.9,0.3,No,1500,2400,0,3403,75
04:07:14.184,sleep,15288,294,4494,16792,19,95,52.9,-0.0,No,1500,2400,0,3392,75
04:07:15.185,sleep,15294,280,5208,16791,15,95,51.8,0.0,No,1500,2400,0,3388,75
04:07:16.185,sleep,15292,322,4938,16790,17,95,51.2,0.0,No,1500,2400,0,3380,75
04:07:17.184,sleep,15301,406,5516,16790,16,95,50.7,0.0,No,1500,2400,0,3362,75
04:07:18.184,sleep,15299,576,8834,16790,12,95,51.8,0.0,No,1500,2400,0,3367,75
04:07:19.184,sleep,15292,586,8970,16790,16,95,51.2,-0.0,No,1500,2400,0,3350,75
04:07:20.184,sleep,15292,372,4204,16790,15,95,50.7,-0.0,No,1500,2400,0,3355,75
04:07:21.185,sleep,15296,310,4764,16791,17,95,50.7,0.0,No,1500,2400,0,3354,75
04:07:22.184,active,15286,810,7292,16789,10,95,54.0,29.5,No,2400,2400,0,3330,75
04:07:23.185,active,15303,680,10416,16787,-3,95,56.2,49.2,No,2400,2400,0,3298,75
04:07:24.188,active,15283,540,9472,16786,-5,95,55.6,49.9,No,2400,2400,0,3286,75
04:07:25.185,active,15316,614,9432,16784,-8,95,56.8,51.9,No,2400,2400,0,3286,75
04:07:26.187,active,15283,680,10456,16787,-5,95,56.2,46.5,No,2400,2400,0,3282,75
04:07:27.184,active,15275,752,11516,16787,-6,95,56.8,49.2,No,2400,2400,0,3268,75
04:07:28.184,active,15264,868,13310,16788,0,95,56.8,49.4,No,2400,2400,0,3262,75
04:07:29.185,active,15316,506,7870,16788,-3,95,57.9,47.3,No,2400,2400,0,3263,75
04:07:30.185,active,15296,448,6886,16787,0,95,57.9,46.0,No,2400,2400,0,3267,75
04:07:31.185,active,15329,464,7600,16786,-3,95,58.4,45.8,No,2400,2400,0,3258,75
04:07:32.185,active,15318,418,6424,16786,-4,95,57.9,48.3,No,2400,2400,0,3250,75
04:07:33.184,active,15350,472,7234,16786,-5,95,58.4,50.0,No,2400,2400,0,3237,75
04:07:34.184,active,15305,452,6944,16786,-6,95,59.0,46.5,No,2400,2400,0,3236,75
04:07:35.185,active,15350,484,7426,16786,-6,95,59.0,48.7,No,2400,2400,0,3226,75
04:07:36.184,active,15326,484,7446,16785,-7,95,59.0,48.7,No,2400,2400,0,3217,75
04:07:37.185,active,15359,540,8276,16786,-5,95,59.0,47.9,No,2400,2400,0,3223,75
04:07:38.184,active,15279,662,6866,16786,-4,95,59.0,46.1,No,2400,2400,0,3213,75
04:07:39.184,active,15262,912,13948,16786,0,95,59.0,46.5,No,2400,2400,0,3207,75
04:07:40.185,active,15251,554,8506,16787,0,95,59.5,46.3,No,2400,2400,0,3203,75
04:07:41.185,active,15271,664,10166,16787,0,95,59.5,46.0,No,2400,2400,0,3215,75
04:07:42.185,active,15273,586,8970,16788,0,95,59.0,46.0,No,2400,2400,0,3215,75
04:07:43.185,active,15249,678,10378,16786,0,95,58.4,46.6,No,2400,2400,0,3197,75
04:07:44.184,active,15283,810,12404,16786,0,95,58.4,46.0,No,2400,2400,0,3206,75
04:07:45.185,active,15277,666,9588,16785,-6,95,60.0,46.9,No,2400,2400,0,3183,75
04:07:46.189,active,15296,674,10300,16786,-6,95,60.0,53.4,No,2400,2400,0,3698,125
04:07:47.185,active,15288,580,12596,16787,-3,95,60.6,49.6,No,2400,2400,0,5187,125
04:07:48.185,active,15365,502,7736,16785,-5,95,60.0,43.2,No,2400,2400,0,5300,125
04:07:49.184,active,15318,480,7368,16785,-6,95,59.0,43.8,No,2400,2400,0,5304,125
04:07:50.184,active,15318,616,6656,16786,-3,95,59.5,45.8,No,2400,2400,0,5311,125
04:07:51.184,active,15292,554,8526,16786,-5,95,59.5,48.2,No,2400,2400,0,5314,125
04:07:52.187,active,15320,680,7446,16786,-6,95,59.5,46.6,No,2400,2400,0,5314,125
04:07:53.185,active,15268,882,13504,16785,-3,95,59.5,46.9,No,2400,2400,0,5322,125
04:07:54.185,active,15281,794,10436,16785,-6,95,59.5,49.1,No,2400,2400,0,5335,125
04:07:55.184,active,15320,678,10398,16786,-4,95,59.0,48.4,No,2400,2400,0,5341,125
04:07:56.184,active,15271,892,13658,16786,0,95,60.0,47.8,No,2400,2400,0,5352,125
04:07:57.185,active,15307,472,7080,16788,0,95,60.6,49.3,No,2400,2400,0,5351,125
04:07:58.188,active,15309,540,8294,16788,-4,95,60.0,48.0,No,2400,2400,0,5362,125
04:07:59.185,active,15311,470,7928,16788,0,95,59.5,44.8,No,2400,2400,0,5368,125
04:08:00.186,active,15303,468,7176,16787,0,95,59.5,45.9,No,2400,2400,0,5379,125
04:08:01.184,active,15309,516,8256,16786,0,95,59.0,47.5,No,2400,2400,0,5385,125
04:08:02.184,active,15309,504,7736,16786,0,95,60.6,48.1,No,2400,2400,0,5389,125
04:08:03.185,active,15316,422,6482,16786,0,95,60.0,47.1,No,2400,2400,0,5399,125
04:08:04.185,active,15318,496,7620,16787,0,95,60.0,46.1,No,2400,2400,0,5399,125
04:08:05.185,active,15329,502,7696,16787,0,95,59.5,47.1,No,2400,2400,0,5406,125
04:08:06.184,active,15266,806,12346,16787,0,95,59.5,48.0,No,2400,2400,0,5419,125
04:08:07.184,active,15268,882,13504,16786,0,95,59.0,46.6,No,2400,2400,0,5415,125
04:08:08.184,active,15256,832,12752,16786,0,95,60.0,46.3,No,2400,2400,0,5428,125
04:08:09.185,active,15256,830,12674,16786,0,95,60.0,45.8,No,2400,2400,0,5427,125
04:08:10.185,active,15243,822,12578,16786,0,95,59.5,46.2,No,2400,2400,0,5423,125
04:08:11.184,active,15251,780,11922,16787,0,95,59.0,46.9,No,2400,2400,0,5434,125
04:08:12.184,active,15283,796,12192,16787,0,95,59.0,50.2,No,2400,2400,0,5433,125
04:08:13.184,active,15238,866,12596,16785,0,95,60.0,49.2,No,2400,2400,0,5445,125
04:08:14.184,active,15299,812,12424,16787,0,95,60.0,48.8,No,2400,2400,0,5451,125
04:08:15.185,active,15324,508,7812,16786,-3,95,60.6,48.0,No,2400,2400,0,5457,125
04:08:16.188,active,15354,498,7678,16788,0,95,59.0,48.0,No,2400,2400,0,5454,125
04:08:17.184,active,15314,458,7040,16788,0,95,59.0,48.2,No,2400,2400,0,5462,125
04:08:18.184,active,15354,458,8256,16788,0,95,60.0,48.8,No,2400,2400,0,5465,125
04:08:19.184,active,15301,438,6752,16788,0,95,59.5,48.7,No,2400,2400,0,5471,125
04:08:20.185,active,15314,668,7060,16786,0,95,60.6,48.1,No,2400,2400,0,5469,125
04:08:21.185,active,15357,488,7522,16786,-3,95,59.0,48.2,No,2400,2400,0,5466,125
04:08:22.185,sleep,15292,440,7736,16787,0,95,57.3,37.0,No,1500,2400,0,5496,125
04:08:23.184,sleep,15292,458,7022,16790,16,95,55.6,0.0,No,1500,2400,0,5530,125
04:08:24.184,sleep,15294,612,9394,16789,13,95,54.5,-0.0,No,1500,2400,0,4604,75
04:08:25.185,sleep,15296,534,8160,16790,20,95,54.0,0.0,No,1500,2400,0,3551,75
04:08:26.185,sleep,15299,396,6076,16789,15,95,52.9,-0.0,No,1500,2400,0,3400,75
04:08:27.185,sleep,15294,512,4572,16789,12,95,53.5,0.0,No,1500,2400,0,3369,75
04:08:28.184,sleep,15294,402,6154,16789,13,95,53.5,0.0,No,1500,2400,0,3379,75
04:08:29.184,sleep,15292,242,5690,16790,15,95,51.8,0.0,No,1500,2400,0,3377,75
04:08:30.184,sleep,15299,348,5342,16791,16,95,51.8,0.0,No,1500,2400,0,3366,75
04:08:31.184,sleep,15292,560,8584,16791,17,95,51.8,-0.0,No,1500,2400,0,3352,75
04:08:32.185,sleep,15294,380,5844,16791,19,95,51.8,0.0,No,1500,2400,0,3335,75
04:08:33.185,sleep,15292,328,5014,16790,17,95,51.8,-0.0,No,1500,2400,0,3344,75
04:08:34.185,sleep,15294,348,6134,16790,14,95,51.8,0.0,No,1500,2400,0,3330,75
04:08:35.185,sleep,15296,374,5728,16790,12,95,51.2,0.0,No,1500,2400,0,3323,75
04:08:36.185,sleep,15288,514,5458,16791,13,95,51.2,0.0,No,1500,2400,0,3327,75
04:08:37.185,active,15273,778,11902,16790,13,95,53.5,26.4,No,2400,2400,0,3311,75
04:08:38.185,active,15256,736,11266,16787,-5,95,55.1,50.3,No,2400,2400,0,3284,75
04:08:39.184,active,15264,796,12192,16787,-3,95,55.6,47.8,No,2400,2400,0,3267,75
04:08:40.184,active,15249,650,9992,16787,-3,95,56.2,48.2,No,2400,2400,0,3260,75
04:08:41.184,active,15273,602,10008,16788,0,95,57.9,47.3,No,2400,2400,0,3264,75
04:08:42.185,active,15283,774,11844,16788,0,95,57.3,46.6,No,2400,2400,0,3254,75
04:08:43.185,active,15311,482,7426,16788,0,95,57.9,46.5,No,2400,2400,0,3240,75
04:08:44.185,active,15309,636,9760,16788,0,95,57.9,49.9,No,2400,2400,0,3233,75
04:08:45.184,active,15283,530,8140,16788,0,95,57.9,49.7,No,2400,2400,0,3241,75
04:08:46.184,active,15363,500,8006,16788,3,95,57.9,50.4,No,2400,2400,0,3234,75
04:08:47.185,active,15286,434,6674,16787,0,95,60.0,48.7,No,2400,2400,0,3237,75
04:08:48.185,active,15307,620,7176,16788,0,95,57.9,48.3,No,2400,2400,0,3214,75
04:08:49.185,active,15316,666,10224,16788,-4,95,59.0,47.4,No,2400,2400,0,3218,75
04:08:50.187,active,15286,786,8430,16788,-4,95,58.4,46.9,No,2400,2400,0,3223,75
04:08:51.184,active,15367,464,7156,16788,0,95,58.4,45.7,No,2400,2400,0,3218,75
04:08:52.184,active,15311,720,11054,16786,0,95,59.0,46.2,No,2400,2400,0,3218,75
04:08:53.185,active,15303,578,10320,16786,-3,95,59.0,46.8,No,2400,2400,0,3213,75
04:08:54.189,active,15292,582,8932,16787,0,95,58.4,45.2,No,2400,2400,0,3206,75
04:08:55.185,active,15314,490,10686,16787,0,95,59.0,46.0,No,2400,2400,0,3202,75
04:08:56.184,active,15303,510,7832,16788,0,95,59.0,49.6,No,2400,2400,0,3199,75
04:08:57.184,active,15301,476,7310,16786,0,95,59.0,49.6,No,2400,2400,0,4462,125
04:08:58.184,active,15309,458,7022,16787,0,95,60.0,44.7,No,2400,2400,0,5242,125
04:08:59.185,active,15307,492,7542,16786,0,95,59.5,43.3,No,2400,2400,0,5309,125
04:09:00.185,active,15305,436,6694,16787,0,95,59.5,43.3,No,2400,2400,0,5305,125
04:09:01.187,active,15288,806,12366,16787,0,95,59.0,44.0,No,2400,2400,0,5316,125
04:09:02.184,active,15279,724,11112,16788,0,95,59.5,46.9,No,2400,2400,0,5318,125
04:09:03.184,active,15286,816,12500,16787,0,95,60.0,48.6,No,2400,2400,0,5330,125
04:09:04.184,active,15273,818,12538,16788,0,95,60.0,48.4,No,2400,2400,0,5332,125
04:09:05.188,active,15281,856,12586,16787,0,95,60.6,45.3,No,2400,2400,0,5341,125
04:09:06.185,active,15283,818,12538,16786,-3,95,59.5,45.0,No,2400,2400,0,5351,125
04:09:07.184,active,15281,678,13368,16787,0,95,59.5,48.9,No,2400,2400,0,5353,125
04:09:08.184,active,15279,756,11574,16788,0,95,59.0,46.3,No,2400,2400,0,5366,125
04:09:09.184,active,15260,868,13330,16788,0,95,59.5,47.3,No,2400,2400,0,5373,125
04:09:10.188,active,15271,654,9992,16787,0,95,60.6,46.7,No,2400,2400,0,5373,125
04:09:11.189,active,15361,450,6924,16788,0,95,57.9,47.9,No,2400,2400,0,5383,125
04:09:12.185,active,15331,494,6790,16787,-3,95,57.3,47.6,No,2400,2400,0,5389,125
04:09:13.184,active,15359,550,8448,16788,0,95,59.5,48.6,No,2400,2400,0,5389,125
04:09:14.184,active,15344,508,8488,16787,3,95,59.5,48.1,No,2400,2400,0,5401,125
04:09:15.184,active,15331,520,8006,16787,4,95,60.0,48.2,No,2400,2400,0,5410,125
04:09:16.185,active,15350,548,8642,16788,0,95,59.5,45.3,No,2400,2400,0,5409,125
04:09:17.185,active,15331,464,7156,16788,0,95,59.5,45.9,No,2400,2400,0,5418,125
04:09:18.184,active,15283,522,8064,16788,0,95,59.5,46.6,No,2400,2400,0,5425,125
04:09:19.184,active,15311,672,10320,16789,3,95,59.5,47.5,No,2400,2400,0,5431,125
04:09:20.184,active,15266,656,10030,16788,0,95,60.6,47.5,No,2400,2400,0,5438,125
04:09:21.184,active,15296,822,11824,16788,3,95,59.5,46.4,No,2400,2400,0,5435,125
04:09:22.188,active,15283,588,9028,16787,0,95,59.5,46.6,No,2400,2400,0,5446,125
04:09:23.185,active,15303,922,14062,16787,0,95,58.4,48.0,No,2400,2400,0,5443,125
04:09:24.184,active,15305,494,7580,16787,0,95,59.0,47.7,No,2400,2400,0,5450,125
04:09:25.184,active,15305,582,8912,16787,0,95,59.0,48.7,No,2400,2400,0,5457,125
04:09:26.184,active,15303,502,12172,16787,0,95,59.5,49.0,No,2400,2400,0,5459,125
04:09:27.185,active,15303,550,8430,16786,-4,95,59.5,48.1,No,1900,2400,0,5455,125
04:09:28.185,active,15303,498,7040,16786,-4,95,59.0,48.4,No,2400,2400,0,5464,125
04:09:29.184,active,15283,868,13310,16786,0,95,59.5,47.8,No,2400,2400,0,5464,125
04:09:30.184,active,15279,742,11382,16786,-6,95,58.4,48.9,No,2400,2400,0,5464,125
04:09:31.184,active,15286,808,10340,16787,0,95,59.0,49.0,No,2400,2400,0,5466,125
04:09:32.196,active,15271,756,11594,16787,0,95,59.5,49.9,No,2400,2400,0,5466,125
04:09:33.185,active,15281,760,10668,16787,0,95,60.0,51.4,No,2400,2400,0,5470,125
04:09:34.185,active,15281,826,12654,16787,0,95,59.0,45.6,No,2400,2400,0,5479,125
04:09:35.184,active,15273,852,12848,16786,0,95,59.5,49.6,No,2400,2400,0,5479,125
04:09:36.184,active,15283,768,11768,16786,0,95,60.0,49.7,No,2400,2400,0,5479,125
04:09:37.184,sleep,15294,652,8334,16788,0,95,58.4,34.5,No,2400,2400,0,5488,125
04:09:38.184,sleep,15292,422,7022,16790,11,95,56.8,0.0,No,2400,2400,0,5517,125
04:09:39.184,sleep,15299,448,6886,16790,11,95,56.2,-0.0,No,2400,2400,0,5522,125
04:09:40.184,sleep,15294,498,7156,16791,14,95,55.6,-0.0,No,2400,2400,0,5523,125
04:09:41.184,sleep,15299,448,6866,16790,13,95,54.0,-0.0,No,2400,2400,0,5534,125
04:09:42.184,sleep,15292,502,8178,16789,12,95,54.0,0.0,No,2400,2400,0,4422,75
04:09:43.185,sleep,15299,372,5710,16789,15,95,54.0,0.5,No,1600,2400,0,3539,75
04:09:44.185,sleep,15294,402,6154,16790,15,95,52.4,0.0,No,1500,2400,0,3405,75
04:09:45.185,sleep,15292,284,4358,16791,18,95,52.9,0.0,No,1500,2400,0,3376,75
04:09:46.185,sleep,15292,496,7620,16790,19,95,51.8,0.3,No,1600,2400,0,3380,75
04:09:47.185,sleep,15301,552,7774,16790,17,95,51.8,0.0,No,1500,2400,0,3373,75
04:09:48.184,sleep,15299,568,8718,16790,15,95,51.2,-0.0,No,1500,2400,0,3371,75
04:09:49.184,sleep,15303,180,8990,16790,13,95,51.2,-0.0,No,1500,2400,0,3363,75
04:09:50.184,sleep,15301,292,4474,16791,16,95,51.2,0.0,No,1500,2400,0,3354,75
04:09:51.184,sleep,15288,330,5072,16790,12,95,50.7,0.0,No,1500,2400,0,3351,75
04:09:52.184,active,15299,796,12192,16789,9,95,54.0,23.6,No,2400,2400,0,3342,75
04:09:53.184,active,15299,860,13136,16787,-6,95,54.5,44.1,No,2400,2400,0,3319,75
04:09:54.184,active,15303,486,7446,16786,-4,95,55.6,46.3,No,2400,2400,0,3304,75
04:09:55.189,active,15309,450,6886,16786,0,95,56.8,47.3,No,2400,2400,0,3287,75
04:09:56.185,active,15320,512,12096,16787,0,95,56.2,49.1,No,2400,2400,0,3285,75
04:09:57.185,active,15288,802,12288,16788,0,95,56.2,46.7,No,2400,2400,0,3270,75
04:09:58.184,active,15279,838,12828,16787,0,95,56.8,49.6,No,2400,2400,0,3261,75
04:09:59.184,active,15273,790,12096,16787,0,95,59.5,49.0,No,2400,2400,0,3266,75
04:10:00.185,active,15277,718,10996,16787,0,95,58.4,43.4,No,2400,2400,0,3269,75
04:10:01.185,active,15281,810,9954,16786,-4,95,58.4,43.5,No,2400,2400,0,3255,75
04:10:02.185,active,15311,798,12210,16787,-3,95,57.3,45.3,No,2400,2400,0,3251,75
04:10:03.184,active,15262,812,12636,16788,0,95,57.3,46.2,No,2400,2400,0,3247,75
04:10:04.184,active,15281,818,12538,16788,0,95,58.4,43.8,No,2400,2400,0,3237,75
04:10:05.184,active,15273,816,12828,16787,0,95,58.4,43.7,No,2400,2400,0,3241,75
04:10:06.185,active,15331,468,6482,16786,0,95,58.4,44.3,No,2400,2400,0,3232,75
04:10:07.185,active,15346,416,6404,16786,0,95,58.4,50.5,No,2400,2400,0,3225,75
04:10:08.186,active,15341,456,8064,16786,-5,95,59.0,49.2,No,2400,2400,0,3230,75
04:10:09.184,active,15305,466,7156,16788,0,95,57.9,47.7,No,2400,2400,0,3225,75
04:10:10.184,active,15359,440,7194,16788,3,95,59.5,45.8,No,2400,2400,0,3219,75
04:10:11.184,active,15311,434,6654,16789,0,95,59.0,46.0,No,2400,2400,0,3209,75
04:10:12.185,active,15322,462,7080,16788,6,95,59.5,45.3,No,2400,2400,0,3203,75
04:10:13.185,active,15316,528,8102,16787,0,95,58.4,44.4,No,2400,2400,0,3191,75
04:10:14.184,active,15318,498,7658,16787,0,95,57.9,45.2,No,2400,2400,0,3193,75
04:10:15.184,active,15232,786,12770,16787,0,95,59.0,48.7,No,2400,2400,0,3201,75
04:10:16.184,active,15266,800,12230,16789,4,95,59.0,46.0,No,2400,2400,0,3200,75
04:10:17.185,active,15283,960,12924,16788,0,95,59.5,47.6,No,2400,2400,0,4737,125
04:10:18.190,active,15256,714,10918,16787,0,95,59.5,46.7,No,2400,2400,0,5271,125
04:10:19.187,active,15294,846,12944,16786,0,95,59.0,48.2,No,2400,2400,0,5302,125
04:10:20.184,active,15281,676,10358,16786,-3,95,59.0,48.5,No,2400,2400,0,5308,125
04:10:21.184,active,15303,828,12674,16786,-3,95,59.0,49.5,No,2400,2400,0,5315,125
04:10:22.184,active,15296,654,10012,16787,-4,95,60.0,46.3,No,2400,2400,0,5312,125
04:10:23.185,active,15307,614,9394,16787,0,95,59.5,44.9,No,2400,2400,0,5323,125
04:10:24.186,active,15286,794,8372,16788,0,95,59.5,47.9,No,2400,2400,0,5329,125
04:10:25.185,active,15283,790,12114,16788,0,95,59.0,46.7,No,2400,2400,0,5337,125
04:10:26.184,active,15273,806,12346,16788,3,95,60.0,48.8,No,2400,2400,0,5348,125
04:10:27.184,active,15281,792,12134,16787,0,95,60.0,47.0,No,2400,2400,0,5360,125
04:10:28.188,active,15286,744,11420,16786,0,95,60.0,46.6,No,2400,2400,0,5359,125
04:10:29.185,active,15283,818,12520,16788,-3,95,59.5,46.1,No,2400,2400,0,5364,125
04:10:30.185,active,15275,868,13310,16788,-3,95,57.9,46.9,No,2400,2400,0,5382,125
04:10:31.184,active,15286,810,9608,16788,-3,95,59.0,47.9,No,2400,2400,0,5380,125
04:10:32.184,active,15268,760,11632,16787,0,95,60.0,47.2,No,2400,2400,0,5392,125
04:10:33.184,active,15275,860,12404,16787,-3,95,60.0,50.4,No,2400,2400,0,5390,125
04:10:34.189,active,15318,444,6810,16787,-6,95,60.6,48.8,No,2400,2400,0,5401,125
04:10:35.185,active,15320,460,7080,16787,-5,95,59.5,47.7,No,2400,2400,0,5400,125
04:10:36.184,active,15314,430,6596,16786,0,95,59.0,48.1,No,2400,2400,0,5408,125
04:10:37.184,active,15359,458,7040,16786,-3,95,59.5,49.2,No,2400,2400,0,5421,125
04:10:38.184,active,15320,502,6692,16786,-4,95,60.0,48.8,No,2400,2400,0,5422,125
04:10:39.184,active,15339,546,8392,16787,0,95,59.5,48.6,No,2400,2400,0,5428,125
04:10:40.185,active,15329,532,7156,16787,0,95,59.5,48.1,No,2400,2400,0,5430,125
04:10:41.189,active,15357,576,8834,16787,0,95,59.0,47.7,No,2400,2400,0,5428,125
04:10:42.184,active,15337,532,8218,16789,3,95,59.0,48.7,No,2400,2400,0,5435,125
04:10:43.184,active,15271,668,10224,16788,3,95,59.5,51.8,No,2400,2400,0,5447,125
04:10:44.184,active,15286,726,11112,16787,0,95,59.5,50.1,No,2400,2400,0,5451,125
04:10:45.188,active,15268,606,9278,16786,0,95,60.0,46.0,No,2400,2400,0,5451,125
04:10:46.189,active,15307,742,11362,16786,0,95,60.6,45.5,No,2400,2400,0,5458,125
04:10:47.185,active,15281,518,11768,16788,0,95,59.0,46.3,No,2400,2400,0,5460,125
04:10:48.184,active,15294,706,10784,16789,0,95,59.5,47.8,No,2400,2400,0,5459,125
04:10:49.189,active,15303,488,10880,16788,0,95,59.5,47.7,No,2400,2400,0,5465,125
04:10:50.184,active,15296,564,8642,16788,3,95,60.0,52.9,No,2400,2400,0,5458,125
04:10:51.184,active,15303,460,9432,16788,0,95,60.0,45.6,No,2400,2400,0,5468,125
04:10:52.184,sleep,15299,502,7678,16787,0,95,57.9,39.4,No,2400,2400,0,5476,125
04:10:53.184,sleep,15292,468,7176,16790,17,95,56.2,0.0,No,2400,2400,0,5505,125
04:10:54.184,sleep,15294,454,7476,16790,13,95,55.6,-0.0,No,2400,2400,0,5509,125
04:10:55.184,sleep,15292,486,7466,16790,11,95,55.1,0.0,No,2400,2400,0,5517,125
04:10:56.184,sleep,15299,472,7774,16790,9,95,55.1,0.2,No,2400,2400,0,5504,125
04:10:57.184,sleep,15294,524,8044,16789,8,95,54.5,0.0,No,1500,2400,0,4016,75
04:10:58.184,sleep,15296,328,8700,16789,11,95,54.0,0.0,No,1500,2400,0,3466,75
04:10:59.184,sleep,15290,322,4938,16791,17,95,52.9,0.0,No,1500,2400,0,3382,75
04:11:00.184,sleep,15294,412,8526,16790,19,95,51.8,0.0,No,1500,2400,0,3376,75
04:11:01.184,sleep,15290,542,8314,16792,21,95,51.8,0.0,No,1500,2400,0,3373,75
04:11:02.184,sleep,15288,230,3530,16793,19,95,52.4,-0.0,No,1500,2400,0,3365,75
04:11:03.184,sleep,15290,378,5806,16792,17,95,51.8,0.0,No,1500,2400,0,3357,75
04:11:04.185,sleep,15294,310,4744,16791,14,95,51.2,0.3,No,1500,2400,0,3355,75
04:11:05.184,sleep,15290,404,6212,16790,13,95,50.7,-0.0,No,1500,2400,0,3345,75
04:11:06.185,sleep,15296,332,5112,16790,14,95,51.2,0.0,No,1500,2400,0,3335,75
04:11:07.185,active,15292,826,12930,16789,11,95,55.1,22.4,No,2400,2400,0,3329,75
04:11:08.187,active,15359,492,7562,16787,-9,95,55.6,48.0,No,2400,2400,0,3292,75
04:11:09.185,active,15318,638,6732,16787,-4,95,55.6,49.1,No,2400,2400,0,3292,75
04:11:10.184,active,15316,416,6384,16788,-4,95,55.6,47.3,No,2400,2400,0,3289,75
04:11:11.184,active,15268,844,12924,16787,-8,95,56.2,43.8,No,2400,2400,0,3280,75
04:11:12.185,active,15256,700,10686,16787,-6,95,57.3,46.1,No,2400,2400,0,3268,75
04:11:13.188,active,15296,608,9298,16786,-6,95,57.3,46.4,No,2400,2400,0,3268,75
04:11:14.185,active,15264,540,8276,16786,-8,95,57.3,46.4,No,2400,2400,0,3266,75
04:11:15.184,active,15303,742,11342,16786,-11,95,57.3,46.6,No,2400,2400,0,3261,75
04:11:16.184,active,15296,496,7620,16787,-4,95,58.4,46.9,No,2400,2400,0,3250,75
04:11:17.184,active,15320,576,8816,16786,-5,95,59.0,47.7,No,2400,2400,0,3248,75
04:11:18.185,active,15301,532,8178,16786,-3,95,59.0,50.1,No,2400,2400,0,3236,75
04:11:19.189,active,15320,474,7292,16785,-9,95,59.5,52.6,No,2400,2400,0,3229,75
04:11:20.185,active,15299,456,6982,16786,-3,95,57.9,46.0,No,2400,2400,0,3232,75
04:11:21.184,active,15286,794,12152,16787,0,95,57.9,43.8,No,2400,2400,0,3216,75
04:11:22.184,active,15273,778,13696,16787,-3,95,59.0,44.6,No,2400,2400,0,3215,75
04:11:23.185,active,15281,868,13292,16788,0,95,59.0,44.6,No,2400,2400,0,3215,75
04:11:24.185,active,15262,770,11882,16788,0,95,59.0,44.1,No,2400,2400,0,3213,75
04:11:25.185,active,15277,772,11806,16787,0,95,58.4,43.9,No,2400,2400,0,3208,75
04:11:26.187,active,15249,1022,11922,16786,0,95,57.3,45.2,No,2400,2400,0,3210,75
04:11:27.184,active,15277,670,10262,16786,-3,95,59.5,46.5,No,2400,2400,0,3206,75
04:11:28.184,active,15251,728,11150,16787,-5,95,59.5,50.1,No,2400,2400,0,3196,75
04:11:29.185,active,15281,678,10378,16787,-3,95,59.5,48.9,No,2400,2400,0,3197,75
04:11:30.188,active,15311,480,7350,16787,-4,95,59.5,48.3,No,2400,2400,0,3193,75
04:11:31.185,active,15363,484,7850,16787,0,95,59.0,48.4,No,2400,2400,0,3187,75
04:11:32.184,active,15361,490,7542,16788,3,95,59.0,48.5,No,2400,2400,0,4998,125
04:11:33.184,active,15365,472,7040,16787,0,95,59.5,49.6,No,2400,2400,0,5277,125
04:11:34.184,active,15346,482,7408,16786,0,95,60.0,48.2,No,2400,2400,0,5300,125
04:11:35.188,active,15329,448,7792,16788,-3,95,60.0,47.2,No,2400,2400,0,5302,125
04:11:36.185,active,15348,468,7194,16788,0,95,59.0,45.0,No,2400,2400,0,5302,125
04:11:37.185,active,15311,486,7484,16788,0,95,59.0,46.6,No,2400,2400,0,5304,125
04:11:38.184,active,15311,642,9858,16788,0,95,59.5,47.4,No,2400,2400,0,5314,125
04:11:39.184,active,15277,596,9124,16788,3,95,60.0,46.4,No,2400,2400,0,5324,125
04:11:40.184,active,15294,480,11786,16788,4,95,59.5,46.3,No,2400,2400,0,5329,125
04:11:41.185,active,15299,468,7176,16787,4,95,60.0,45.3,No,2400,2400,0,5338,125
04:11:42.185,active,15326,544,8892,16788,0,95,59.5,47.0,No,1900,2400,0,5343,125
04:11:43.184,active,15303,494,7580,16788,0,95,59.5,49.0,No,2400,2400,0,5350,125
04:11:44.184,active,15305,480,6982,16787,0,95,59.0,48.5,No,2400,2400,0,5368,125
04:11:45.184,active,15299,496,7620,16786,-3,95,60.0,49.4,No,2400,2400,0,5360,125
04:11:46.185,active,15311,446,6828,16786,0,95,59.5,48.8,No,2400,2400,0,5371,125
04:11:47.185,active,15301,462,7098,16787,0,95,60.0,47.8,No,2400,2400,0,5385,125
04:11:48.189,active,15305,510,7832,16786,0,95,59.5,48.0,No,2400,2400,0,5390,125
04:11:49.184,active,15268,868,12790,16787,0,95,59.0,48.4,No,2400,2400,0,5394,125
04:11:50.184,active,15277,810,12424,16788,0,95,59.0,49.0,No,2400,2400,0,5401,125
04:11:51.184,active,15262,756,11574,16789,0,95,59.5,48.7,No,2400,2400,0,5402,125
04:11:52.185,active,15271,848,13002,16788,0,95,59.5,48.1,No,2400,2400,0,5410,125
04:11:53.189,active,15262,872,13368,16788,0,95,59.5,52.0,No,2400,2400,0,5412,125
04:11:54.184,active,15260,808,13370,16787,0,95,59.0,50.2,No,2400,2400,0,5427,125
04:11:55.184,active,15236,792,12134,16786,-3,95,59.5,48.1,No,2400,2400,0,5419,125
04:11:56.184,active,15251,772,11922,16788,0,95,59.5,47.2,No,2400,2400,0,5433,125
04:11:57.184,active,15286,802,12288,16787,0,95,60.0,46.1,No,2400,2400,0,5441,125
04:11:58.185,active,15350,514,7870,16787,0,95,59.5,46.1,No,2400,2400,0,5439,125
04:11:59.189,active,15329,516,7928,16787,0,95,59.5,48.4,No,2400,2400,0,5441,125
04:12:00.184,active,15361,478,7350,16787,0,95,60.0,50.9,No,2400,2400,0,5447,125
04:12:01.184,active,15337,544,6886,16788,0,95,59.5,46.6,No,2400,2400,0,5455,125
04:12:02.184,active,15309,526,8064,16787,0,95,60.6,46.0,No,2400,2400,0,5457,125
04:12:03.189,active,15314,666,7504,16787,0,95,60.6,47.2,No,2400,2400,0,5453,125
04:12:04.185,active,15294,770,11786,16788,0,95,60.0,51.7,No,2400,2400,0,5459,125
04:12:05.185,active,15316,598,7388,16789,3,95,60.0,50.9,No,2400,2400,0,5464,125
04:12:06.184,active,15316,674,10358,16789,3,95,59.5,50.6,No,2400,2400,0,5467,125
04:12:07.184,sleep,15296,420,6442,16789,0,95,57.9,41.3,No,2400,2400,0,5470,125
04:12:08.184,sleep,15296,460,8488,16792,15,95,56.8,0.0,No,2400,2400,0,5502,125
04:12:09.184,sleep,15296,472,7234,16790,11,95,56.2,0.0,No,2400,2400,0,5511,125
04:12:10.184,sleep,15288,472,8064,16788,8,95,55.1,0.0,No,2400,2400,0,5513,125
04:12:11.184,sleep,15301,484,7426,16787,4,95,54.5,-0.0,No,2400,2400,0,5518,125
04:12:12.184,sleep,15299,426,7620,16788,5,95,54.5,0.0,No,2400,2400,0,5515,75
04:12:13.185,sleep,15290,400,6134,16790,12,95,54.0,-0.0,No,1500,2400,0,3788,75
04:12:14.184,sleep,15292,516,5228,16791,16,95,52.9,0.0,No,1500,2400,0,3438,75
04:12:15.185,sleep,15292,528,8102,16790,15,95,52.9,0.3,No,1500,2400,0,3381,75
04:12:16.185,sleep,15288,320,4900,16790,16,95,52.4,0.0,No,1500,2400,0,3365,75
04:12:17.185,sleep,15294,270,7234,16790,14,95,52.4,0.0,No,1500,2400,0,3369,75
04:12:18.184,sleep,15292,252,3876,16790,15,95,51.8,0.0,No,1500,2400,0,3360,75
04:12:19.184,sleep,15292,420,5728,16790,10,95,50.7,0.0,No,1500,2400,0,3358,75
04:12:20.184,sleep,15296,312,4784,16790,13,95,51.8,-0.0,No,1500,2400,0,3360,75
04:12:21.185,sleep,15288,510,4514,16790,10,95,51.2,0.0,No,1500,2400,0,3355,75
04:12:22.184,active,15292,832,12752,16790,11,95,54.5,17.8,No,2400,2400,0,3345,75
04:12:23.184,active,15275,738,11284,16787,-9,95,55.1,46.0,No,2400,2400,0,3310,75
04:12:24.184,active,15264,624,9568,16786,-8,95,56.2,47.1,No,2400,2400,0,3295,75
04:12:25.185,active,15245,550,8448,16786,-7,95,56.2,45.9,No,2400,2400,0,3285,75
04:12:26.185,active,15354,460,7194,16786,-12,95,56.8,47.0,No,2400,2400,0,3274,75
04:12:27.188,active,15318,418,6424,16787,-9,95,56.8,45.1,No,2400,2400,0,3276,75
04:12:28.184,active,15320,636,7234,16787,-11,95,57.3,45.7,No,2400,2400,0,3274,75
04:12:29.184,active,15283,810,12424,16785,-12,95,57.9,54.5,No,2400,2400,0,3253,75
04:12:30.190,active,15361,388,5960,16785,-12,95,57.3,48.6,No,2400,2400,0,3258,75
04:12:31.187,active,15350,538,8276,16785,-10,95,58.4,46.3,No,2400,2400,0,3262,75
04:12:32.185,active,15286,532,8178,16786,-3,95,57.9,44.0,No,2400,2400,0,3249,75
04:12:33.185,active,15279,648,8398,16785,0,95,58.4,49.6,No,2400,2400,0,3251,75
04:12:34.184,active,15279,638,9818,16786,-3,95,58.4,50.0,No,2400,2400,0,3232,75
04:12:35.184,active,15303,744,11034,16787,-4,95,59.5,46.2,No,2400,2400,0,3226,75
04:12:36.187,active,15296,614,9432,16786,-5,95,59.0,48.9,No,2400,2400,0,3231,75
04:12:37.185,active,15307,750,11478,16786,-4,95,57.3,48.6,No,2400,2400,0,3231,75
04:12:38.185,active,15296,474,7292,16786,0,95,58.4,48.4,No,2400,2400,0,3221,75
04:12:39.184,active,15301,596,9144,16787,-3,95,59.0,47.0,No,2400,2400,0,3186,75
04:12:40.184,active,15301,456,6982,16787,0,95,59.5,49.6,No,2400,2400,0,3211,75
04:12:41.184,active,15309,472,7234,16787,0,95,60.0,49.6,No,2400,2400,0,3210,75
04:12:42.187,active,15296,456,8950,16786,-3,95,59.0,48.1,No,2400,2400,0,3211,75
04:12:43.185,active,15307,478,7330,16787,-4,95,59.5,46.6,No,2400,2400,0,3211,75
04:12:44.185,active,15277,824,12616,16786,-4,95,59.5,48.1,No,2400,2400,0,3200,75
04:12:45.184,active,15279,810,12404,16785,-5,95,59.0,47.8,No,2400,2400,0,3192,75
04:12:46.184,active,15271,786,12038,16787,-3,95,59.0,46.3,No,2400,2400,0,3193,75
04:12:47.184,active,15277,844,12924,16786,-6,95,60.0,46.6,No,2400,2400,0,3305,125
04:12:48.188,active,15264,780,11960,16785,-8,95,59.5,45.9,No,2400,2400,0,5144,125
04:12:49.189,active,15268,806,11940,16785,-8,95,59.5,47.1,No,2400,2400,0,5288,125
04:12:50.184,active,15273,872,13350,16786,-6,95,59.0,48.1,No,2400,2400,0,5310,125
04:12:51.184,active,15262,764,11208,16786,-5,95,59.5,48.1,No,2400,2400,0,5306,125
04:12:52.184,active,15268,804,12308,16787,-3,95,59.5,47.4,No,2400,2400,0,5307,125
04:12:53.185,active,15234,896,12578,16786,-4,95,60.0,47.4,No,2400,2400,0,5313,125
04:12:54.185,active,15326,508,6558,16785,-5,95,59.5,46.5,No,2400,2400,0,5320,125
04:12:55.185,active,15109,456,7002,16785,-5,95,59.0,47.6,No,2400,2400,0,5331,125
04:12:56.184,active,15339,496,7368,16785,-7,95,59.5,49.2,No,2400,2400,0,5349,125
04:12:57.184,active,15320,550,8430,16787,-5,95,60.0,49.5,No,2400,2400,0,5355,125
04:12:58.184,active,15357,464,7002,16787,0,95,59.5,48.5,No,2400,2400,0,5357,125
04:12:59.185,active,15329,524,8064,16787,-4,95,59.5,47.7,No,2400,2400,0,5367,125
04:13:00.185,active,15309,560,7966,16787,0,95,59.5,47.5,No,2400,2400,0,5374,125
04:13:01.184,active,15354,490,7522,16786,0,95,59.0,48.6,No,2400,2400,0,5372,125
04:13:02.184,active,15286,608,9318,16786,0,95,59.0,50.1,No,1900,2400,0,5381,125
04:13:03.184,active,15301,442,11786,16787,0,95,59.0,49.4,No,2400,2400,0,5386,125
04:13:04.185,active,15266,506,7754,16787,0,95,60.6,49.1,No,2400,2400,0,5393,125
04:13:05.188,active,15301,510,11498,16787,-4,95,59.5,51.7,No,2400,2400,0,5401,125
04:13:06.185,active,15314,446,6848,16786,0,95,59.5,46.2,No,2400,2400,0,5416,125
04:13:07.184,active,15309,766,9800,16786,-4,95,59.5,46.7,No,2400,2400,0,5413,125
04:13:08.184,active,15314,436,6694,16786,-5,95,60.0,47.3,No,2400,2400,0,5420,125
04:13:09.190,active,15348,494,7600,16785,-9,95,61.1,48.6,No,2400,2400,0,5422,125
04:13:10.185,active,15303,406,6230,16786,-6,95,60.6,46.2,No,2400,2400,0,5431,125
04:13:11.185,active,15301,454,6964,16787,-6,95,60.0,49.9,No,2400,2400,0,5429,125
04:13:12.185,active,15294,670,10956,16787,0,95,59.5,45.5,No,2400,2400,0,5441,125
04:13:13.184,active,15277,750,11478,16787,0,95,60.0,49.9,No,2400,2400,0,5441,125
04:13:14.185,active,15275,524,11710,16786,0,95,60.0,51.3,No,2400,2400,0,5451,125
04:13:15.185,active,15292,694,10628,16787,0,95,60.6,53.4,No,2400,2400,0,5438,125
04:13:16.185,active,15262,820,12538,16786,0,95,60.6,50.8,No,2400,2400,0,5453,125
04:13:17.189,active,15273,818,12520,16788,0,95,59.5,47.6,No,2400,2400,0,5466,125
04:13:18.184,active,15260,736,11246,16788,0,95,60.0,49.6,No,2400,2400,0,5460,125
04:13:19.184,active,15264,740,11342,16787,0,95,60.6,52.4,No,2400,2400,0,5459,125
04:13:20.185,active,15262,706,10822,16788,0,95,60.0,52.7,No,2400,2400,0,5458,125
04:13:21.188,active,15350,826,12910,16787,0,95,61.1,53.3,No,2400,2400,0,5467,125
04:13:22.184,sleep,15288,502,7696,16787,0,95,58.4,37.7,No,2400,2400,0,5471,125
04:13:23.184,sleep,15294,444,6790,16788,6,95,57.3,0.0,No,2400,2400,0,5507,125
04:13:24.184,sleep,15292,514,7890,16788,8,95,56.2,0.0,No,2400,2400,0,5514,125
04:13:25.184,sleep,15292,450,6906,16788,7,95,55.6,0.0,No,2400,2400,0,5514,125
04:13:26.184,sleep,15296,476,7310,16789,10,95,55.1,0.0,No,2400,2400,0,5518,125
04:13:27.184,sleep,15288,488,7484,16789,10,95,54.5,0.3,No,2400,2400,0,5526,125
04:13:28.185,sleep,15290,480,9104,16789,12,95,54.0,0.0,No,1500,2400,0,5221,75
04:13:29.185,sleep,15290,402,6172,16790,16,95,54.0,0.0,No,1500,2400,0,3657,75
04:13:30.185,sleep,15292,522,5112,16791,18,95,53.5,0.0,No,1500,2400,0,3418,75
04:13:31.185,sleep,15296,456,7002,16789,13,95,52.4,0.0,No,1500,2400,0,3377,75
04:13:32.184,sleep,15292,502,7678,16789,14,95,52.4,0.0,No,1500,2400,0,3368,75
04:13:33.184,sleep,15296,498,7658,16790,15,95,51.8,0.0,No,1500,2400,0,3371,75
04:13:34.185,sleep,15294,560,8584,16791,16,95,51.8,-0.0,No,1500,2400,0,3375,75
04:13:35.185,sleep,15290,296,7522,16791,17,95,51.2,0.0,No,1500,2400,0,3357,75
04:13:36.185,sleep,15296,616,9452,16790,17,95,51.2,-0.0,No,1500,2400,0,3354,75
04:13:37.185,active,15283,894,12172,16791,17,95,54.5,16.6,No,2400,2400,0,3353,75
04:13:38.185,active,15299,438,6712,16788,0,95,54.5,47.3,No,2400,2400,0,3320,75
04:13:39.185,active,15294,476,7118,16786,-4,95,56.2,46.1,No,2400,2400,0,3303,75
04:13:40.184,active,15279,810,12424,16786,-5,95,56.2,43.1,No,2400,2400,0,3297,75
04:13:41.184,active,15266,832,12752,16786,-5,95,56.2,44.0,No,2400,2400,0,3289,75
04:13:42.184,active,15281,810,9318,16787,-4,95,57.3,44.6,No,1900,2400,0,3285,75
04:13:43.196,active,15290,782,11980,16787,0,95,57.9,49.4,No,2400,2400,0,3279,75
04:13:44.185,active,15256,784,13406,16786,0,95,57.9,45.9,No,2400,2400,0,3278,75
04:13:45.185,active,15275,780,11940,16787,0,95,57.9,43.6,No,2400,2400,0,3258,75
04:13:46.184,active,15275,660,11864,16787,0,95,57.9,44.9,No,2400,2400,0,3270,75
04:13:47.184,active,15268,878,13426,16788,0,95,58.4,49.0,No,2400,2400,0,3261,75
04:13:48.185,active,15245,804,12308,16789,0,95,59.0,45.9,No,2400,2400,0,3251,75
04:13:49.185,active,15329,470,6578,16789,0,95,58.4,47.5,No,2400,2400,0,3242,75
04:13:50.185,active,15311,482,7408,16788,0,95,57.9,46.4,No,2400,2400,0,3239,75
04:13:51.184,active,15326,262,7600,16786,0,95,59.0,45.1,No,2400,2400,0,3236,75
04:13:52.184,active,15320,502,7696,16786,0,95,59.0,48.3,No,2400,2400,0,3236,75
04:13:53.184,active,15348,540,8276,16787,0,95,60.0,47.0,No,2400,2400,0,3208,75
04:13:54.185,active,15318,604,9298,16786,0,95,59.5,46.9,No,2400,2400,0,3206,75
04:13:55.185,active,15350,516,7928,16787,0,95,59.0,45.4,No,2400,2400,0,3204,75
04:13:56.185,active,15309,650,7176,16787,0,95,57.9,47.6,No,2400,2400,0,3217,75
04:13:57.184,active,15281,658,10088,16786,0,95,59.5,49.4,No,2400,2400,0,4484,125
04:13:58.184,active,15305,638,7466,16788,0,95,60.6,48.1,No,2400,2400,0,5275,125
04:13:59.184,active,15277,650,9972,16786,0,95,59.5,47.4,No,2400,2400,0,5336,125
04:14:00.188,active,15301,886,13542,16787,0,95,59.5,47.2,No,2400,2400,0,5333,125
04:14:01.185,active,15307,584,8970,16787,0,95,59.0,46.9,No,2400,2400,0,5332,125
04:14:02.185,active,15303,614,9394,16787,0,95,59.0,47.0,No,2400,2400,0,5341,125
04:14:03.184,active,15299,482,7408,16785,-4,95,59.5,48.1,No,2400,2400,0,5349,125
04:14:04.184,active,15296,704,10802,16785,-4,95,59.5,46.5,No,2400,2400,0,5359,125
04:14:05.184,active,15294,482,9692,16786,-5,95,60.0,48.0,No,2400,2400,0,5350,125
04:14:06.185,active,15299,520,7986,16786,-4,95,60.0,48.3,No,2400,2400,0,5360,125
04:14:07.185,active,15301,518,8970,16787,-3,95,59.0,47.5,No,2400,2400,0,5371,125
04:14:08.184,active,15286,938,14372,16787,-3,95,59.0,49.5,No,2400,2400,0,5382,125
04:14:09.184,active,15279,728,11188,16787,0,95,60.0,48.8,No,2400,2400,0,5389,125
04:14:10.184,active,15271,866,13272,16786,0,95,59.5,48.5,No,2400,2400,0,5393,125
04:14:11.184,active,15266,826,12654,16786,-3,95,62.2,48.5,No,2400,2400,0,5399,125
04:14:12.185,active,15273,816,13426,16787,-3,95,59.5,47.6,No,2400,2400,0,5406,125
04:14:13.188,active,15260,910,13948,16788,0,95,59.5,49.3,No,2400,2400,0,5405,125
04:14:14.184,active,15273,800,13638,16787,0,95,59.0,47.8,No,2400,2400,0,5420,125
04:14:15.184,active,15279,912,13966,16787,0,95,59.5,51.9,No,2400,2400,0,5421,125
04:14:16.184,active,15275,808,12384,16787,0,95,60.6,48.8,No,2400,2400,0,5426,125
04:14:17.185,active,15318,522,8024,16785,-3,95,60.0,50.1,No,2400,2400,0,5429,125
04:14:18.186,active,15337,434,6674,16788,0,95,60.0,48.2,No,2400,2400,0,5431,125
04:14:19.184,active,15320,530,7310,16787,0,95,60.0,48.1,No,2400,2400,0,5446,125
04:14:20.184,active,15305,458,7040,16789,0,95,60.6,47.5,No,2400,2400,0,5446,125
04:14:21.184,active,15333,552,7736,16788,0,95,60.0,46.0,No,2400,2400,0,5452,125
04:14:22.184,active,15318,508,7792,16787,0,95,60.6,47.7,No,2400,2400,0,5460,125
04:14:23.188,active,15309,754,7832,16786,0,95,61.1,47.5,No,2400,2400,0,5458,125
04:14:24.185,active,15307,684,10514,16787,0,95,59.5,47.6,No,2400,2400,0,5461,125
04:14:25.184,active,15283,832,8410,16787,0,95,60.0,51.6,No,2400,2400,0,5460,125
04:14:26.184,active,15279,546,10676,16787,0,95,60.6,51.7,No,2400,2400,0,5461,125
04:14:27.184,active,15294,714,10938,16788,0,95,61.1,51.4,No,2400,2400,0,5470,125
04:14:28.185,active,15309,502,11362,16786,-3,95,61.1,49.9,No,2400,2400,0,5483,125
04:14:29.185,active,15288,654,10012,16785,-5,95,60.0,51.3,No,2400,2400,0,5472,125
04:14:30.187,active,15296,496,10610,16785,-3,95,59.0,49.6,No,2400,2400,0,5481,125
04:14:31.184,active,15299,584,8970,16786,-5,95,61.7,50.5,No,2400,2400,0,5480,125
04:14:32.184,active,15299,508,9606,16787,0,95,60.0,47.4,No,2400,2400,0,5483,125
04:14:33.184,active,15292,532,8178,16787,0,95,60.6,46.1,No,2400,2400,0,5480,125
04:14:34.188,active,15311,532,8970,16786,0,95,60.0,43.4,No,2400,2400,0,5494,125
04:14:35.188,active,15307,542,8334,16787,-3,95,60.6,47.7,No,2400,2400,0,5477,125
04:14:36.184,active,15262,894,13696,16787,-3,95,60.0,44.3,No,2400,2400,0,5489,125
04:14:37.184,sleep,15292,508,6886,16785,-7,95,58.4,42.5,No,2400,2400,0,5495,125
04:14:38.185,sleep,15292,486,7466,16789,10,95,56.2,-0.0,No,1500,2400,0,5539,125
04:14:39.185,sleep,15294,400,5382,16790,13,95,55.6,0.0,No,1500,2400,0,5534,125
04:14:40.185,sleep,15292,632,9684,16791,17,95,54.5,-0.0,No,1500,2400,0,4376,75
04:14:41.185,sleep,15283,320,6308,16790,18,95,55.6,0.0,No,1500,2400,0,3541,75
04:14:42.184,sleep,15294,464,7118,16790,14,95,54.0,0.0,No,1500,2400,0,3416,75
04:14:43.184,sleep,15292,592,9066,16789,12,95,52.9,0.0,No,1500,2400,0,3394,75
04:14:44.184,sleep,15294,450,6906,16790,15,95,52.4,0.0,No,1500,2400,0,3380,75
04:14:45.184,sleep,15294,460,7040,16789,13,95,51.8,0.0,No,1500,2400,0,3387,75
04:14:46.185,sleep,15299,302,8622,16790,12,95,52.4,-0.0,No,1500,2400,0,3376,75
04:14:47.185,sleep,15290,354,5420,16791,14,95,51.2,-0.0,No,1500,2400,0,3366,75
04:14:48.185,sleep,15292,364,5112,16791,17,95,51.8,0.0,No,1500,2400,0,3359,75
04:14:49.184,sleep,15290,490,7522,16789,14,95,51.8,0.0,No,1500,2400,0,3356,75
04:14:50.184,sleep,15290,276,4224,16790,12,95,50.7,0.0,No,1500,2400,0,3361,75
04:14:51.184,sleep,15292,340,5208,16789,8,95,51.2,0.0,No,1500,2400,0,3343,75
04:14:52.189,active,15292,696,10686,16789,6,95,52.9,13.9,No,2400,2400,0,3335,75
04:14:53.184,active,15346,528,7156,16786,-8,95,54.5,47.3,No,2400,2400,0,3303,75
04:14:54.184,active,15234,836,12790,16786,-5,95,55.6,47.7,No,2400,2400,0,3276,75
04:14:55.185,active,15303,806,12326,16788,0,95,56.8,47.3,No,2400,2400,0,3287,75
04:14:56.185,active,15277,662,11938,16787,-5,95,57.3,47.4,No,2400,2400,0,3287,75
04:14:57.185,active,15294,758,11574,16787,0,95,56.8,43.9,No,2400,2400,0,3279,75
04:14:58.184,active,15311,708,10166,16786,-4,95,57.3,48.0,No,2400,2400,0,3270,75
04:14:59.184,active,15299,682,10436,16787,-3,95,58.4,48.3,No,2400,2400,0,3256,75
04:15:00.184,active,15294,446,10340,16786,-3,95,58.4,49.5,No,2400,2400,0,3246,75
04:15:01.185,active,15290,562,8604,16785,-7,95,58.4,48.9,No,2400,2400,0,3246,75
04:15:02.189,active,15301,458,9760,16787,-4,95,57.9,47.5,No,2400,2400,0,3248,75
04:15:03.185,active,15283,806,8250,16785,-6,95,59.0,47.4,No,2400,2400,0,3237,75
04:15:04.184,active,15279,740,11324,16785,-7,95,59.0,49.1,No,2400,2400,0,3236,75
04:15:05.184,active,15283,856,6268,16785,-6,95,58.4,48.5,No,2400,2400,0,3237,75
04:15:06.184,active,15314,654,10030,16787,-3,95,59.0,46.3,No,2400,2400,0,3239,75
04:15:07.185,active,15273,786,12480,16787,-5,95,59.0,47.0,No,2400,2400,0,3232,75
04:15:08.185,active,15281,796,12192,16788,-3,95,59.0,47.2,No,2400,2400,0,3220,75
04:15:09.185,active,15275,1002,12674,16787,-3,95,58.4,47.6,No,2400,2400,0,3213,75
04:15:10.184,active,15281,832,12732,16785,-3,95,59.0,48.5,No,2400,2400,0,3196,75
04:15:11.184,active,15286,854,13078,16786,0,95,60.0,46.6,No,2400,2400,0,3213,75
04:15:12.188,active,15288,808,12896,16787,0,95,60.0,46.5,No,2400,2400,0,3216,75
04:15:13.188,active,15309,454,6964,16787,-3,95,60.0,47.4,No,2400,2400,0,4856,125
04:15:14.188,active,15341,412,6326,16785,-4,95,59.5,46.9,No,2400,2400,0,5292,125
04:15:15.184,active,15314,476,7330,16787,0,95,59.0,47.6,No,2400,2400,0,5330,125
04:15:16.184,active,15326,516,7928,16786,0,95,59.5,48.9,No,2400,2400,0,5333,125
04:15:17.184,active,15314,486,7466,16787,0,95,59.5,49.3,No,2400,2400,0,5328,125
04:15:18.185,active,15329,556,8526,16786,0,95,60.6,48.3,No,2400,2400,0,5335,125
04:15:19.185,active,15322,542,7504,16787,0,95,59.5,48.2,No,2400,2400,0,5343,125
04:15:20.185,active,15314,546,8392,16787,0,95,59.5,47.5,No,2400,2400,0,5346,125
04:15:21.184,active,15236,872,6770,16786,0,95,59.5,50.1,No,2400,2400,0,5360,125
04:15:22.184,active,15253,838,13064,16786,-4,95,60.6,48.9,No,2400,2400,0,5364,125
04:15:23.184,active,15281,794,12152,16786,0,95,62.2,48.8,No,2400,2400,0,5377,125
04:15:24.188,active,15236,824,13734,16787,4,95,60.6,48.6,No,2400,2400,0,5387,125
04:15:25.185,active,15260,786,12018,16787,0,95,59.5,47.4,No,2400,2400,0,5387,125
04:15:26.184,active,15283,638,11246,16788,-4,95,59.5,52.7,No,2400,2400,0,5390,125
04:15:27.184,active,15230,770,11748,16787,0,95,59.5,46.6,No,2400,2400,0,5396,125
04:15:28.184,active,15305,620,11670,16788,0,95,60.0,48.1,No,2400,2400,0,5402,125
04:15:29.185,active,15277,762,11670,16786,0,95,59.0,45.9,No,2400,2400,0,5410,125
04:15:30.188,active,15301,764,11670,16787,0,95,60.6,45.2,No,2400,2400,0,5417,125
04:15:31.185,active,15286,688,8044,16786,0,95,60.0,45.9,No,2400,2400,0,5422,125
04:15:32.184,active,15283,766,11748,16787,0,95,59.5,47.0,No,1900,2400,0,5428,125
04:15:33.184,active,15296,712,11458,16787,0,95,61.1,50.3,No,2400,2400,0,5434,125
04:15:34.190,active,15290,770,11786,16786,0,95,60.6,52.0,No,2400,2400,0,5431,125
04:15:35.185,active,15277,752,11554,16787,0,95,60.6,49.4,No,2400,2400,0,5431,125
04:15:36.185,active,15281,784,12018,16787,0,95,60.0,52.2,No,2400,2400,0,5438,125
04:15:37.188,active,15279,770,11806,16786,0,95,60.6,51.8,No,2400,2400,0,5438,125
04:15:38.184,active,15286,718,10996,16787,0,95,60.6,52.2,No,2400,2400,0,5447,125
04:15:39.184,active,15273,910,13948,16786,-3,95,60.6,54.8,No,2400,2400,0,5447,125
04:15:40.184,active,15307,432,7812,16786,0,95,60.6,46.6,No,2400,2400,0,5461,125
04:15:41.185,active,15326,436,6712,16787,0,95,60.0,49.2,No,2400,2400,0,5455,125
04:15:42.185,active,15320,476,7310,16786,0,95,59.5,49.5,No,2400,2400,0,5464,125
04:15:43.184,active,15311,460,7080,16787,-3,95,59.5,47.7,No,2400,2400,0,5475,125
04:15:44.184,active,15329,422,6462,16786,-3,95,60.6,48.7,No,2400,2400,0,5483,125
04:15:45.185,active,15326,502,7600,16786,-6,95,61.1,47.8,No,2400,2400,0,5481,125
04:15:46.185,active,15344,562,8642,16786,-6,95,60.6,45.8,No,2400,2400,0,5474,125
04:15:47.185,active,15348,546,7850,16785,-8,95,60.6,48.5,No,2400,2400,0,5481,125
04:15:48.185,active,15344,504,7754,16786,-5,95,60.0,49.2,No,2400,2400,0,5481,125
04:15:49.184,active,15277,884,13542,16787,0,95,59.5,49.1,No,2400,2400,0,5482,125
04:15:50.184,active,15277,622,12018,16787,0,95,60.6,48.6,No,2400,2400,0,5476,125
04:15:51.185,active,15245,678,10398,16786,0,95,61.1,49.4,No,2400,2400,0,5483,125
04:15:52.184,sleep,15299,480,8526,16786,-3,95,59.0,43.5,No,2400,2400,0,5491,125
04:15:53.184,sleep,15283,482,7388,16788,11,95,57.9,0.0,No,2400,2400,0,5528,125
04:15:54.184,sleep,15292,476,8178,16790,13,95,56.2,0.0,No,2400,2400,0,5537,125
04:15:55.184,sleep,15294,578,8854,16790,12,95,56.2,-0.0,No,2400,2400,0,5528,125
04:15:56.184,sleep,15299,720,8932,16790,7,95,55.1,0.0,No,2400,2400,0,5523,125
04:15:57.184,sleep,15290,442,6770,16789,7,95,55.6,0.7,No,2400,2400,0,5524,125
04:15:58.185,sleep,15286,334,5112,16790,16,95,54.0,-0.0,No,1500,2400,0,5557,125
04:15:59.185,sleep,15292,488,8198,16790,20,95,53.5,0.0,No,1500,2400,0,4124,75
04:16:00.185,sleep,15290,352,5400,16789,18,95,54.0,0.0,No,1500,2400,0,3490,75
04:16:01.185,sleep,15292,576,6114,16790,17,95,52.9,0.0,No,1500,2400,0,3398,75
04:16:02.185,sleep,15288,294,4494,16790,17,95,52.9,0.0,No,1500,2400,0,3378,75
04:16:03.185,sleep,15292,382,5246,16791,18,95,52.4,0.0,No,1500,2400,0,3387,75
04:16:04.185,sleep,15286,260,3974,16790,15,95,51.8,-0.0,No,1500,2400,0,3381,75
04:16:05.185,sleep,15296,428,6654,16790,18,95,50.7,-0.0,No,1500,2400,0,3387,75
04:16:06.185,sleep,15286,400,6114,16791,18,95,51.8,0.0,No,1500,2400,0,3369,75
04:16:07.188,active,15279,604,9260,16791,16,95,52.9,11.2,No,1700,2400,0,3374,75
04:16:08.185,active,15299,514,9916,16788,-4,95,55.1,52.3,No,2400,2400,0,3328,75
04:16:09.187,active,15292,434,6654,16788,0,95,55.1,45.5,No,2400,2400,0,3317,75
04:16:10.185,active,15292,506,6790,16788,0,95,56.2,45.0,No,2400,2400,0,3311,75
04:16:11.184,active,15307,490,7504,16787,-3,95,55.6,46.0,No,2400,2400,0,3297,75
04:16:12.184,active,15314,482,7388,16787,0,95,57.9,49.8,No,2400,2400,0,3303,75
04:16:13.188,active,15307,444,6810,16787,0,95,57.9,48.8,No,2400,2400,0,3292,75
04:16:14.185,active,15311,472,7252,16789,0,95,58.4,47.2,No,2400,2400,0,3286,75
04:16:15.185,active,15303,510,7064,16788,0,95,57.9,46.4,No,2400,2400,0,3284,75
04:16:16.185,active,15277,516,7928,16788,0,95,57.9,48.1,No,2400,2400,0,3276,75
04:16:17.184,active,15264,776,11882,16788,0,95,59.0,47.8,No,2400,2400,0,3269,75
04:16:18.184,active,15277,812,12424,16789,0,95,58.4,46.2,No,2400,2400,0,3262,75
04:16:19.185,active,15262,746,11440,16788,0,95,59.0,48.4,No,2400,2400,0,3261,75
04:16:20.188,active,15264,814,13176,16788,3,95,59.5,46.6,No,2400,2400,0,3259,75
04:16:21.189,active,15234,830,12694,16787,3,95,59.5,47.0,No,2400,2400,0,3234,75
04:16:22.184,active,15266,804,12712,16788,4,95,58.4,47.6,No,2400,2400,0,3244,75
04:16:23.184,active,15264,808,12346,16788,0,95,58.4,48.1,No,2400,2400,0,3231,75
04:16:24.184,active,15230,752,11652,16787,0,95,59.5,47.1,No,2400,2400,0,3220,75
04:16:25.185,active,15262,870,13310,16789,0,95,60.0,47.0,No,2400,2400,0,3223,75
04:16:26.185,active,15314,458,7040,16788,0,95,59.0,47.2,No,2400,2400,0,3231,75
04:16:27.185,active,15331,470,8140,16787,0,95,59.0,48.7,No,2400,2400,0,3220,125
04:16:28.184,active,15311,714,10956,16786,0,95,59.0,49.6,No,2400,2400,0,5099,125
04:16:29.184,active,15350,274,6924,16786,-3,95,59.5,48.8,No,2400,2400,0,5323,125
04:16:30.184,active,15331,456,7002,16788,0,95,60.6,48.8,No,2400,2400,0,5343,125
04:16:31.189,active,15316,470,7214,16788,0,95,60.0,48.6,No,2400,2400,0,5349,125
04:16:32.185,active,15354,556,8564,16787,-3,95,59.5,47.5,No,2400,2400,0,5353,125
04:16:33.184,active,15314,466,7176,16786,-6,95,59.5,47.6,No,2400,2400,0,5350,125
04:16:34.184,active,15337,518,7908,16786,-3,95,59.5,48.9,No,2400,2400,0,5351,125
04:16:35.184,active,15311,432,6636,16786,0,95,59.5,48.7,No,2400,2400,0,5366,125
04:16:36.184,active,15294,638,9760,16788,0,95,60.6,50.1,No,2400,2400,0,5369,125
04:16:37.189,active,15301,518,7948,16788,0,95,60.0,48.0,No,2400,2400,0,5368,125
04:16:38.185,active,15305,604,9260,16788,0,95,59.5,46.1,No,2400,2400,0,5378,125
04:16:39.184,active,15307,508,7792,16788,3,95,59.5,47.2,No,2400,2400,0,5385,125
04:16:40.184,active,15307,714,10956,16787,0,95,60.6,47.2,No,2400,2400,0,5395,125
04:16:41.188,active,15303,488,9788,16786,0,95,61.1,47.5,No,2400,2400,0,5398,125
04:16:42.185,active,15305,472,7234,16786,0,95,59.5,45.9,No,2400,2400,0,5410,125
04:16:43.185,active,15309,486,7214,16788,0,95,59.5,49.5,No,2400,2400,0,5414,125
04:16:44.184,active,15288,896,13734,16789,0,95,59.5,49.7,No,2400,2400,0,5414,125
04:16:45.184,active,15281,776,11902,16789,0,95,60.0,52.0,No,2400,2400,0,5423,125
04:16:46.184,active,15271,770,11768,16789,6,95,61.1,50.0,No,2400,2400,0,5428,125
04:16:47.185,active,15281,832,12752,16787,0,95,60.6,48.1,No,2400,2400,0,5435,125
04:16:48.189,active,15266,836,12790,16787,3,95,60.0,49.6,No,2400,2400,0,5439,125
04:16:49.188,active,15260,882,13504,16788,0,95,60.0,52.5,No,2400,2400,0,5445,125
04:16:50.184,active,15281,774,12326,16788,0,95,60.0,48.3,No,2400,2400,0,5450,125
04:16:51.184,active,15249,806,12346,16789,0,95,60.0,49.6,No,2400,2400,0,5453,125
04:16:52.184,active,15266,800,11882,16787,0,95,60.6,51.0,No,2400,2400,0,5458,125
04:16:53.185,active,15324,530,8160,16787,0,95,62.2,49.9,No,2400,2400,0,5456,125
04:16:54.185,active,15314,508,7812,16787,0,95,60.0,47.2,No,2400,2400,0,5465,125
04:16:55.185,active,15344,444,6810,16787,0,95,59.5,48.3,No,2400,2400,0,5456,125
04:16:56.184,active,15309,498,7678,16787,0,95,59.5,48.6,No,2400,2400,0,5455,125
04:16:57.184,active,15329,514,7908,16788,0,95,60.6,46.0,No,2400,2400,0,5465,125
04:16:58.185,active,15286,516,7948,16788,0,95,60.6,48.7,No,2400,2400,0,5472,125
04:16:59.185,active,15311,686,8248,16787,0,95,59.5,49.1,No,2400,2400,0,5474,125
04:17:00.185,active,15279,508,7832,16787,0,95,60.0,48.9,No,2400,2400,0,5474,125
04:17:01.184,active,15281,874,8024,16785,-5,95,60.0,49.9,No,2400,2400,0,5482,125
04:17:02.184,active,15279,686,10532,16787,-3,95,60.6,50.0,No,2400,2400,0,5476,125
04:17:03.184,active,15303,682,10436,16788,0,95,60.6,46.6,No,2400,2400,0,5478,125
04:17:04.185,active,15292,604,9278,16788,0,95,60.6,46.4,No,2400,2400,0,5479,125
04:17:05.188,active,15307,700,10706,16788,0,95,60.6,43.3,No,2400,2400,0,5489,125
04:17:06.185,active,15305,508,7792,16787,0,95,60.6,46.2,No,2400,2400,0,5486,125
04:17:07.184,sleep,15309,454,6964,16786,0,95,59.0,43.7,No,2400,2400,0,5493,125
04:17:08.184,sleep,15292,448,8166,16788,6,95,57.9,0.0,No,2400,2400,0,5527,125
04:17:09.184,sleep,15296,482,7388,16790,10,95,56.2,0.0,No,2400,2400,0,5536,125
04:17:10.184,sleep,15290,506,7214,16789,5,95,57.3,0.0,No,2400,2400,0,5540,125
04:17:11.184,sleep,15292,528,8082,16788,8,95,55.1,0.0,No,2400,2400,0,5535,125
04:17:12.184,sleep,15290,486,7446,16789,9,95,55.1,0.0,No,2400,2400,0,5540,125
04:17:13.184,sleep,15292,352,5400,16790,9,95,54.5,-0.0,No,1500,2400,0,5550,125
04:17:14.184,sleep,15288,510,7832,16791,18,95,53.5,0.0,No,1500,2400,0,3845,75
04:17:15.184,sleep,15290,546,7348,16792,16,95,52.9,-0.0,No,1500,2400,0,3460,75
04:17:16.184,sleep,15296,354,5420,16792,17,95,52.9,0.0,No,1500,2400,0,3395,75
04:17:17.184,sleep,15292,470,4142,16792,17,95,52.4,0.0,No,1500,2400,0,3392,75
04:17:18.184,sleep,15296,412,6326,16791,16,95,52.4,0.0,No,1500,2400,0,3385,75
04:17:19.184,sleep,15286,238,8236,16790,16,95,51.8,0.0,No,1500,2400,0,3384,75
04:17:20.184,sleep,15288,448,6886,16789,12,95,51.8,-0.0,No,1500,2400,0,3373,75
04:17:21.184,sleep,15292,288,4436,16790,15,95,50.1,0.0,No,1500,2400,0,3357,75
04:17:22.185,active,15292,350,5362,16791,14,95,52.9,6.3,No,2400,2400,0,3338,75
04:17:23.185,active,15344,480,7368,16788,-3,95,54.5,54.4,No,2400,2400,0,3307,75
04:17:24.184,active,15318,510,8344,16787,-3,95,56.2,46.3,No,2400,2400,0,3316,75
04:17:25.184,active,15350,438,6732,16787,-3,95,56.2,46.8,No,2400,2400,0,3313,75
04:17:26.184,active,15344,428,7310,16787,0,95,57.3,46.0,No,2400,2400,0,3298,75
04:17:27.185,active,15322,470,7234,16789,0,95,56.8,45.3,No,1900,2400,0,3290,75
04:17:28.185,active,15354,430,6964,16788,0,95,57.9,48.7,No,2400,2400,0,3282,75
04:17:29.184,active,15341,516,7948,16788,0,95,57.3,47.6,No,2400,2400,0,3286,75
04:17:30.184,active,15301,728,11130,16786,0,95,57.9,48.7,No,2400,2400,0,3274,75
04:17:31.184,active,15273,562,12288,16786,-5,95,59.5,47.7,No,2400,2400,0,3263,75
04:17:32.185,active,15299,704,10764,16787,0,95,59.0,46.6,No,2400,2400,0,3255,75
04:17:33.185,active,15294,552,12018,16787,3,95,58.4,45.5,No,2400,2400,0,3260,75
04:17:34.185,active,15277,502,7678,16789,0,95,58.4,46.8,No,2400,2400,0,3256,75
04:17:35.184,active,15294,496,10880,16789,0,95,59.0,47.4,No,2400,2400,0,3252,75
04:17:36.184,active,15288,546,8372,16789,0,95,59.0,46.6,No,2400,2400,0,3248,75
04:17:37.185,active,15296,464,7118,16789,0,95,59.0,48.7,No,2400,2400,0,3245,75
04:17:38.185,active,15294,484,7426,16786,-5,95,59.5,47.8,No,2400,2400,0,4043,125
04:17:39.189,active,15305,510,7832,16786,-8,95,59.0,48.9,No,2400,2400,0,5265,125
04:17:40.184,active,15277,796,10938,16788,-5,95,59.0,48.6,No,2400,2400,0,5357,125
04:17:41.184,active,15275,872,13350,16786,-3,95,59.0,48.9,No,2400,2400,0,5360,125
04:17:42.184,active,15273,524,11670,16788,0,95,59.5,48.8,No,2400,2400,0,5358,125
04:17:43.185,active,15277,836,12808,16788,3,95,60.0,48.3,No,2400,2400,0,5360,125
04:17:44.185,active,15275,818,12538,16788,0,95,59.5,48.6,No,2400,2400,0,5373,125
04:17:45.191,active,15277,852,13040,16788,4,95,59.5,48.5,No,2400,2400,0,5371,125
04:17:46.184,active,15264,846,12964,16787,4,95,59.0,48.8,No,2400,2400,0,5375,125
04:17:47.184,active,15275,840,12866,16787,0,95,59.5,55.3,No,2400,2400,0,5369,125
04:17:48.184,active,15264,842,12886,16787,3,95,59.5,46.8,No,2400,2400,0,5377,125
04:17:49.189,active,15320,496,7754,16787,0,95,60.6,46.1,No,2400,2400,0,5384,125
04:17:50.185,active,15309,470,7214,16788,0,95,60.0,45.8,No,2400,2400,0,5395,125
04:17:51.184,active,15324,544,8352,16789,0,95,59.0,46.7,No,2400,2400,0,5402,125
04:17:52.184,active,15354,496,7638,16788,0,95,59.5,49.2,No,2400,2400,0,5401,125
04:17:53.184,active,15329,546,8392,16787,-3,95,59.5,48.7,No,2400,2400,0,5412,125
04:17:54.188,active,15322,536,8236,16787,0,95,59.5,46.3,No,2400,2400,0,5423,125
04:17:55.185,active,15286,462,7118,16786,0,95,60.0,49.0,No,2400,2400,0,5419,125
04:17:56.185,active,15331,544,8352,16786,0,95,59.0,49.7,No,2400,2400,0,5415,125
04:17:57.184,active,15283,554,8506,16786,-3,95,60.0,50.5,No,2400,2400,0,5422,125
04:17:58.184,active,15286,620,11824,16787,-5,95,60.6,53.2,No,2400,2400,0,5424,125
04:17:59.194,active,15275,696,10648,16788,0,95,60.6,50.4,No,2400,2400,0,5447,125
04:18:00.185,active,15299,830,12848,16787,0,95,60.6,48.3,No,2400,2400,0,5447,125
04:18:01.185,active,15290,720,11054,16787,0,95,60.6,51.0,No,2400,2400,0,5447,125
04:18:02.185,active,15299,660,10088,16786,-4,95,60.0,50.5,No,2400,2400,0,5451,125
04:18:03.184,active,15296,596,9144,16786,-4,95,60.0,52.4,No,2400,2400,0,5454,125
04:18:04.184,active,15311,818,12520,16788,0,95,60.6,49.4,No,2400,2400,0,5463,125
04:18:05.184,active,15301,482,7388,16788,0,95,60.0,45.9,No,2400,2400,0,5468,125
04:18:06.185,active,15301,570,8738,16788,0,95,60.0,42.6,No,2400,2400,0,5460,125
04:18:07.185,active,15264,766,13504,16788,-3,95,60.0,46.4,No,2400,2400,0,5466,125
04:18:08.184,active,15275,814,12462,16788,0,95,59.5,48.1,No,2400,2400,0,5460,125
04:18:09.184,active,15268,776,12076,16786,0,95,60.0,49.5,No,2400,2400,0,5458,125
04:18:10.185,active,15277,832,12732,16788,0,95,60.6,49.0,No,2400,2400,0,5472,125
04:18:11.189,active,15279,868,13310,16787,0,95,60.6,49.1,No,2400,2400,0,5478,125
04:18:12.185,active,15260,792,12114,16788,0,95,60.0,48.5,No,2400,2400,0,5479,125
04:18:13.191,active,15258,900,13792,16788,3,95,59.5,46.5,No,2400,2400,0,5490,125
04:18:14.184,active,15275,810,12148,16787,0,95,59.5,43.7,No,2400,2400,0,5487,125
04:18:15.184,active,15268,900,13774,16787,0,95,60.0,46.9,No,2400,2400,0,5490,125
04:18:16.185,active,15303,534,12538,16787,0,95,60.6,45.3,No,2400,2400,0,5487,125
04:18:17.189,active,15331,444,6828,16787,-3,95,60.0,45.2,No,2400,2400,0,5490,125
04:18:18.185,active,15316,526,8064,16787,0,95,59.5,46.8,No,2400,2400,0,5492,125
04:18:19.184,active,15344,470,7234,16788,0,95,59.0,45.6,No,2400,2400,0,5492,125
04:18:20.184,active,15309,576,8854,16787,0,95,60.0,47.4,No,2400,2400,0,5497,125
04:18:21.185,active,15329,460,7214,16788,0,95,60.0,47.7,No,2400,2400,0,5495,125
04:18:22.184,sleep,15279,626,9606,16787,0,95,60.0,50.6,No,2400,2400,0,5495,125
04:18:23.184,sleep,15294,486,7504,16789,8,95,57.3,0.0,No,2400,2400,0,5537,125
04:18:24.184,sleep,15294,472,7252,16790,8,95,56.8,0.3,No,2400,2400,0,5542,125
04:18:25.184,sleep,15294,538,6482,16789,10,95,55.6,0.0,No,2400,2400,0,5542,125
04:18:26.184,sleep,15294,436,6674,16789,11,95,56.2,0.0,No,2400,2400,0,5541,125
04:18:27.184,sleep,15299,444,6790,16789,9,95,55.6,0.0,No,2400,2400,0,5217,75
04:18:28.185,sleep,15294,504,7736,16790,15,95,53.5,-0.0,No,1500,2400,0,3669,75
04:18:29.185,sleep,15292,304,4668,16790,16,95,53.5,0.0,No,1500,2400,0,3442,75
04:18:30.184,sleep,15294,242,5770,16790,14,95,52.4,-0.0,No,1500,2400,0,3395,75
04:18:31.185,sleep,15299,540,8276,16790,13,95,52.4,0.0,No,1500,2400,0,3386,75
04:18:32.184,sleep,15292,276,10112,16790,12,95,52.4,0.0,No,1500,2400,0,3379,75
04:18:33.184,sleep,15296,528,8082,16790,12,95,51.8,0.0,No,1500,2400,0,3377,75
04:18:34.185,sleep,15290,286,3106,16789,11,95,51.8,0.0,No,1500,2400,0,3372,75
04:18:35.185,sleep,15290,384,5884,16790,13,95,51.2,0.0,No,1500,2400,0,3364,75
04:18:36.185,sleep,15296,550,8448,16791,12,95,51.2,-0.0,No,1500,2400,0,3351,75
04:18:37.189,active,15292,284,4340,16792,13,95,52.4,3.7,No,1700,2400,0,3354,75
04:18:38.184,active,15281,830,12732,16788,0,95,55.1,54.6,No,2400,2400,0,3327,75
04:18:39.185,active,15281,778,11940,16787,-3,95,55.6,47.3,No,2400,2400,0,3314,75
04:18:40.185,active,15273,874,13388,16787,-6,95,55.6,47.5,No,2400,2400,0,3300,75
04:18:41.184,active,15277,766,10724,16786,-6,95,56.2,47.4,No,2400,2400,0,3270,75
04:18:42.184,active,15262,760,11652,16786,-4,95,56.8,47.0,No,2400,2400,0,3279,75
04:18:43.184,active,15273,756,12192,16787,-3,95,57.3,48.4,No,2400,2400,0,3277,75
04:18:44.184,active,15305,474,7272,16789,0,95,58.4,47.6,No,2400,2400,0,3260,75
04:18:45.185,active,15346,456,6982,16788,0,95,58.4,47.2,No,2400,2400,0,3258,75
04:18:46.189,active,15305,504,7736,16787,0,95,58.4,46.5,No,2400,2400,0,3263,75
04:18:47.184,active,15326,518,7948,16788,0,95,57.9,47.8,No,2400,2400,0,3259,75
04:18:48.184,active,15316,396,6076,16788,0,95,58.4,48.9,No,2400,2400,0,3262,75
04:18:49.184,active,15335,498,7658,16788,0,95,58.4,48.8,No,2400,2400,0,3256,75
04:18:50.185,active,15326,464,7138,16788,0,95,59.5,48.3,No,2400,2400,0,3247,75
04:18:51.185,active,15359,482,7408,16788,0,95,59.0,48.2,No,2400,2400,0,3248,75
04:18:52.185,active,15335,446,8604,16787,0,95,58.4,47.6,No,2400,2400,0,3246,75
04:18:53.184,active,15314,432,6636,16786,-3,95,59.0,49.4,No,2400,2400,0,3237,75
04:18:54.184,active,15279,856,13078,16786,-6,95,59.0,49.5,No,2400,2400,0,3232,75
04:18:55.184,active,15228,892,13620,16787,0,95,59.5,48.9,No,2400,2400,0,3223,75
04:18:56.188,active,15299,730,11170,16788,-3,95,59.5,49.0,No,2400,2400,0,3220,75
04:18:57.185,active,15281,614,9414,16789,0,95,59.0,50.2,No,2400,2400,0,3213,75
04:18:58.184,active,15290,748,11420,16788,-4,95,59.0,49.1,No,2400,2400,0,3214,75
04:18:59.184,active,15305,662,11702,16788,0,95,59.5,47.5,No,2400,2400,0,4311,125
04:19:00.184,active,15299,586,8970,16787,0,95,60.0,46.1,No,2400,2400,0,5246,125
04:19:01.186,active,15294,534,10648,16787,0,95,58.4,46.6,No,2400,2400,0,5316,125
04:19:02.185,active,15299,612,9394,16787,0,95,60.0,50.5,No,2400,2400,0,5321,125
04:19:03.186,active,15273,702,10784,16787,0,95,60.0,47.7,No,2400,2400,0,5326,125
04:19:04.184,active,15286,864,13234,16786,0,95,59.5,50.0,No,2400,2400,0,5332,125
04:19:05.184,active,15283,642,9838,16788,0,95,60.6,50.9,No,2400,2400,0,5334,125
04:19:06.185,active,15277,796,13984,16787,0,95,60.6,49.7,No,2400,2400,0,5341,125
04:19:07.185,active,15273,848,13002,16787,0,95,60.6,48.0,No,2400,2400,0,5346,125
04:19:08.185,active,15277,824,9530,16788,0,95,60.6,49.0,No,2400,2400,0,5342,125
04:19:09.184,active,15277,834,12790,16787,0,95,59.0,50.4,No,2400,2400,0,5356,125
04:19:10.184,active,15286,678,10262,16788,0,95,61.1,52.5,No,2400,2400,0,5365,125
04:19:11.185,active,15258,678,10398,16788,0,95,61.1,52.7,No,2400,2400,0,5372,125
04:19:12.185,active,15331,484,7446,16788,4,95,60.6,48.9,No,2400,2400,0,5372,125
04:19:13.189,active,15318,578,8874,16788,0,95,60.0,48.1,No,2400,2400,0,5387,125
04:19:14.189,active,15324,452,6944,16788,0,95,59.5,49.7,No,2400,2400,0,5390,125
04:19:15.184,active,15346,456,8558,16788,0,95,60.0,45.2,No,2400,2400,0,5404,125
04:19:16.184,active,15344,486,7484,16788,0,95,60.6,49.6,No,2400,2400,0,5407,125
04:19:17.184,active,15361,510,7832,16786,0,95,60.6,48.5,No,2400,2400,0,5412,125
04:19:18.185,active,15333,520,7986,16787,0,95,61.1,47.8,No,2400,2400,0,5416,125
04:19:19.185,active,15359,494,7426,16787,0,95,60.0,49.1,No,2400,2400,0,5422,125
04:19:20.187,active,15357,566,8718,16788,0,95,59.5,46.7,No,2400,2400,0,5426,125
04:19:21.184,active,15314,700,7002,16787,-6,95,59.5,49.9,No,2400,2400,0,5430,125
04:19:22.184,active,15230,774,12592,16787,-3,95,60.6,46.1,No,2400,2400,0,5434,125
04:19:23.184,active,15303,750,11478,16787,0,95,60.0,43.8,No,2400,2400,0,5446,125
04:19:24.189,active,15283,774,9472,16787,0,95,60.0,45.3,No,2400,2400,0,5447,125
04:19:25.188,active,15305,620,9472,16787,0,95,59.5,47.2,No,2400,2400,0,5454,125
04:19:26.184,active,15294,638,11690,16786,0,95,60.0,46.1,No,2400,2400,0,5462,125
04:19:27.184,active,15277,810,12404,16788,0,95,59.0,46.5,No,2400,2400,0,5449,125
04:19:28.184,active,15307,426,9220,16789,0,95,59.5,47.0,No,2400,2400,0,5460,125
04:19:29.185,active,15288,554,8506,16788,0,95,61.1,46.1,No,2400,2400,0,5461,125
04:19:30.187,active,15303,734,11594,16787,0,95,60.6,45.1,No,2400,2400,0,5467,125
04:19:31.185,active,15275,922,11208,16787,0,95,59.5,46.4,No,2400,2400,0,5470,125
04:19:32.184,active,15283,632,9684,16786,0,95,60.0,51.8,No,2400,2400,0,5463,125
04:19:33.184,active,15277,826,10918,16788,0,95,60.6,51.3,No,2400,2400,0,5472,125
04:19:34.186,active,15279,832,12732,16789,0,95,61.1,49.5,No,2400,2400,0,5476,125
04:19:35.187,active,15275,752,11324,16789,0,95,60.0,49.2,No,2400,2400,0,5475,125
04:19:36.187,active,15286,832,12752,16789,3,95,59.5,43.0,No,2400,2400,0,5482,125
04:19:37.184,sleep,15268,752,11516,16786,0,95,60.0,49.2,No,2400,2400,0,5477,125
04:19:38.184,sleep,15294,458,7022,16789,7,95,57.3,0.0,No,2400,2400,0,5515,125
04:19:39.184,sleep,15286,420,6424,16789,6,95,57.9,0.0,No,2400,2400,0,5525,125
04:19:40.184,sleep,15294,490,7138,16788,6,95,56.2,-0.0,No,2400,2400,0,5528,125
04:19:41.184,sleep,15294,554,8488,16789,4,95,55.6,0.0,No,2400,2400,0,5527,125
04:19:42.184,sleep,15288,262,7620,16789,4,95,55.1,-0.0,No,2400,2400,0,5534,125
04:19:43.184,sleep,15294,436,6674,16790,10,95,54.0,0.0,No,1500,2400,0,4547,75
04:19:44.185,sleep,15292,442,6770,16789,13,95,53.5,0.3,No,1500,2400,0,3567,75
04:19:45.184,sleep,15292,440,6770,16789,13,95,52.9,0.0,No,1500,2400,0,3422,75
04:19:46.185,sleep,15292,416,6404,16790,13,95,52.4,0.7,No,1600,2400,0,3388,75
04:19:47.184,sleep,15290,564,8662,16791,12,95,52.9,0.0,No,1500,2400,0,3369,75
04:19:48.184,sleep,15292,270,4128,16790,12,95,52.4,0.0,No,1500,2400,0,3371,75
04:19:49.184,sleep,15294,652,9992,16790,11,95,52.4,0.0,No,1500,2400,0,3382,75
04:19:50.184,sleep,15283,260,3992,16790,14,95,51.2,-0.0,No,1500,2400,0,3369,75
04:19:51.184,sleep,15296,192,2950,16790,12,95,51.8,0.0,No,1500,2400,0,3371,75
04:19:52.189,active,15288,226,3452,16790,14,95,51.2,2.0,No,1500,2400,0,3361,75
04:19:53.185,active,15264,788,12038,16788,0,95,55.6,56.4,No,2400,2400,0,3329,75
04:19:54.184,active,15249,716,10956,16787,0,95,54.5,47.0,No,2400,2400,0,3324,75
04:19:55.184,active,15290,820,12520,16788,-5,95,56.2,46.3,No,2400,2400,0,3280,75
04:19:56.184,active,15266,566,13544,16788,0,95,57.9,46.9,No,2400,2400,0,3288,75
04:19:57.187,active,15290,820,12520,16788,0,95,57.9,47.3,No,2400,2400,0,3277,75
04:19:58.185,active,15288,496,11554,16788,0,95,57.3,47.8,No,2400,2400,0,3264,75
04:19:59.185,active,15311,706,10842,16788,-3,95,57.3,48.1,No,2400,2400,0,3271,75
04:20:00.184,active,15281,584,8970,16788,-3,95,57.3,48.7,No,2400,2400,0,3272,75
04:20:01.184,active,15281,872,13368,16788,0,95,58.4,49.2,No,2400,2400,0,3254,75
04:20:02.189,active,15283,654,10030,16789,0,95,58.4,48.7,No,2400,2400,0,3253,75
04:20:03.189,active,15286,854,7446,16788,0,95,59.0,47.7,No,2400,2400,0,3243,75
04:20:04.188,active,15277,792,12134,16787,0,95,59.0,48.1,No,2400,2400,0,3241,75
04:20:05.184,active,15283,844,10088,16787,0,95,59.0,48.2,No,2400,2400,0,3248,75
04:20:06.184,active,15281,810,12424,16788,0,95,58.4,49.5,No,2400,2400,0,3248,75
04:20:07.184,active,15273,846,11034,16788,3,95,59.5,50.0,No,2400,2400,0,3236,75
04:20:08.185,active,15294,564,7812,16787,0,95,59.5,52.3,No,2400,2400,0,3239,75
04:20:09.189,active,15314,502,7696,16787,0,95,59.0,46.5,No,2400,2400,0,4967,125
04:20:10.185,active,15305,498,7562,16787,0,95,59.0,44.8,No,2400,2400,0,5326,125
04:20:11.184,active,15301,448,6886,16788,0,95,59.0,48.6,No,2400,2400,0,5354,125
04:20:12.184,active,15305,444,7812,16788,0,95,59.5,50.4,No,2400,2400,0,5355,125
04:20:13.184,active,15314,470,7234,16787,0,95,60.6,49.1,No,2400,2400,0,5338,125
04:20:14.185,active,15318,698,8448,16788,0,95,60.0,47.1,No,2400,2400,0,5342,125
04:20:15.185,active,15307,538,8256,16787,0,95,59.5,45.6,No,2400,2400,0,5355,125
04:20:16.184,active,15309,452,6964,16787,0,95,60.0,46.5,No,2400,2400,0,5363,125
04:20:17.184,active,15258,846,12866,16786,-5,95,59.5,51.4,No,2400,2400,0,5365,125
04:20:18.185,active,15277,762,11670,16787,-5,95,60.6,50.1,No,2400,2400,0,5372,125
04:20:19.188,active,15273,732,11922,16787,-4,95,61.1,53.8,No,2400,2400,0,5380,125
04:20:20.189,active,15253,800,12230,16790,0,95,60.6,49.1,No,2400,2400,0,5382,125
04:20:21.186,active,15258,654,11670,16789,0,95,60.0,50.9,No,2400,2400,0,5393,125
04:20:22.184,active,15266,740,11324,16788,3,95,60.0,51.1,No,2400,2400,0,5400,125
04:20:23.184,active,15279,786,12038,16787,0,95,60.6,52.7,No,2400,2400,0,5401,125
04:20:24.185,active,15260,644,9838,16786,0,95,61.1,49.9,No,2400,2400,0,5407,125
04:20:25.185,active,15301,690,10532,16787,0,95,60.0,45.3,No,2400,2400,0,5421,125
04:20:26.185,active,15307,694,8680,16786,0,95,60.0,42.6,No,2400,2400,0,5427,125
04:20:27.185,active,15316,634,9742,16788,0,95,59.5,48.7,No,2400,2400,0,5431,125
04:20:28.184,active,15290,846,7368,16788,0,95,60.6,48.2,No,2400,2400,0,5435,125
04:20:29.184,active,15314,650,9992,16788,3,95,60.0,46.0,No,2400,2400,0,5440,125
04:20:30.184,active,15281,498,7678,16787,0,95,60.0,43.8,No,2400,2400,0,5441,125
04:20:31.185,active,15290,690,10590,16788,0,95,60.0,42.4,No,2400,2400,0,5448,125
04:20:32.186,active,15273,894,13716,16789,0,95,60.0,49.6,No,2400,2400,0,5456,125
04:20:33.184,active,15277,774,11864,16789,0,95,59.5,49.1,No,2400,2400,0,5466,125
04:20:34.184,active,15256,894,13678,16789,0,95,60.0,47.9,No,2400,2400,0,5469,125
04:20:35.185,active,15311,604,7908,16788,0,95,60.6,46.9,No,2400,2400,0,5463,125
04:20:36.185,active,15303,544,8352,16788,0,95,60.0,45.2,No,2400,2400,0,5467,125
04:20:37.191,active,15311,434,6790,16788,0,95,60.6,44.2,No,2400,2400,0,5472,125
04:20:38.185,active,15309,470,7214,16787,0,95,59.0,46.0,No,2400,2400,0,5474,125
04:20:39.184,active,15331,446,6828,16785,-9,95,60.6,47.3,No,2400,2400,0,5475,125
04:20:40.184,active,15322,458,7022,16787,-3,95,60.0,47.0,No,2400,2400,0,5482,125
04:20:41.185,active,15337,444,6828,16787,-5,95,60.0,46.1,No,2400,2400,0,5480,125
04:20:42.188,active,15326,496,7364,16788,0,95,60.0,45.2,No,2400,2400,0,5481,125
04:20:43.185,active,15316,492,7562,16786,-3,95,60.0,47.8,No,2400,2400,0,5483,125
04:20:44.184,active,15258,502,8410,16787,0,95,59.5,43.7,No,2400,2400,0,5493,125
04:20:45.184,active,15268,878,13446,16786,0,95,59.5,44.0,No,2400,2400,0,5492,125
04:20:46.184,active,15251,836,12808,16787,0,95,60.6,44.2,No,2400,2400,0,5493,125
04:20:47.187,active,15260,806,13094,16789,4,95,60.0,44.2,No,2400,2400,0,5493,125
04:20:48.185,active,15236,864,13234,16789,3,95,60.0,45.7,No,2400,2400,0,5496,125
04:20:49.187,active,15258,776,11902,16790,8,95,59.5,44.3,No,2400,2400,0,5493,125
04:20:50.184,active,15277,826,12654,16788,0,95,59.0,45.5,No,2400,2400,0,5503,125
04:20:51.184,active,15262,796,8816,16788,4,95,59.5,46.1,No,2400,2400,0,5507,125
04:20:52.184,sleep,15256,760,11612,16788,0,95,60.6,49.3,No,2400,2400,0,5500,125
04:20:53.185,sleep,15301,536,8044,16789,8,95,56.8,0.0,No,1500,2400,0,5543,125
04:20:54.185,sleep,15290,412,6308,16790,15,95,54.5,0.0,No,1500,2400,0,5550,125
04:20:55.185,sleep,15290,332,5092,16790,14,95,54.0,0.0,No,1500,2400,0,5556,125
04:20:56.185,sleep,15292,504,8248,16790,14,95,54.0,0.3,No,1500,2400,0,4060,75
04:20:57.185,sleep,15288,376,5748,16791,16,95,54.0,0.0,No,1500,2400,0,3497,75
04:20:58.185,sleep,15288,484,7522,16791,15,95,53.5,-0.0,No,1500,2400,0,3409,75
04:20:59.185,sleep,15288,388,5940,16791,16,95,53.5,0.0,No,1500,2400,0,3404,75
04:21:00.185,sleep,15294,312,5014,16790,14,95,52.4,0.0,No,1500,2400,0,3390,75
04:21:01.185,sleep,15294,470,7194,16790,13,95,51.8,0.0,No,1500,2400,0,3397,75
04:21:02.185,sleep,15290,346,7156,16790,14,95,51.2,0.0,No,1500,2400,0,3387,75
04:21:03.185,sleep,15294,260,3992,16791,13,95,51.8,0.0,No,1500,2400,0,3384,75
04:21:04.185,sleep,15290,392,5998,16790,14,95,51.2,-0.0,No,1500,2400,0,3373,75
04:21:05.185,sleep,15296,530,8140,16791,14,95,51.2,-0.0,No,1500,2400,0,3359,75
04:21:06.185,sleep,15288,486,7466,16790,16,95,51.2,0.0,No,1500,2400,0,3347,75
04:21:07.184,sleep,15292,222,5228,16790,13,95,50.7,0.0,No,1500,2400,0,3354,75
04:21:08.184,active,15307,496,7620,16788,-6,95,55.1,58.4,No,2400,2400,0,3311,75
04:21:09.189,active,15303,514,6442,16789,-8,95,55.6,48.3,No,2400,2400,0,3293,75
04:21:10.185,active,15299,480,7368,16789,-3,95,56.8,47.5,No,2400,2400,0,3298,75
04:21:11.189,active,15309,490,6810,16787,-5,95,56.2,47.9,No,2400,2400,0,3288,75
04:21:12.184,active,15273,768,11768,16788,-6,95,57.3,48.2,No,2400,2400,0,3291,75
04:21:13.184,active,15256,728,11130,16788,-6,95,57.3,50.0,No,2400,2400,0,3288,75
04:21:14.184,active,15268,838,13136,16787,0,95,57.3,48.9,No,2400,2400,0,3273,75
04:21:15.185,active,15236,830,12712,16786,-3,95,58.4,48.2,No,2400,2400,0,3265,75
04:21:16.185,active,15256,770,13194,16787,-3,95,57.3,47.8,No,2400,2400,0,3253,75
04:21:17.185,active,15262,808,12346,16788,0,95,58.4,48.1,No,2400,2400,0,3247,75
04:21:18.184,active,15241,682,11806,16787,0,95,57.9,54.0,No,2400,2400,0,3247,75
04:21:19.184,active,15251,694,10628,16787,0,95,59.5,46.9,No,2400,2400,0,3257,75
04:21:20.185,active,15253,670,11362,16789,0,95,59.5,46.2,No,2400,2400,0,3246,75
04:21:21.194,active,15281,764,11710,16788,0,95,59.5,50.0,No,2400,2400,0,3242,75
04:21:22.186,active,15286,690,10590,16787,-4,95,59.5,48.5,No,2400,2400,0,3236,75
04:21:23.184,active,15311,682,7484,16786,-3,95,59.0,48.2,No,2400,2400,0,3219,75
04:21:24.184,active,15352,512,7890,16788,0,95,60.0,47.7,No,2400,2400,0,3221,125
04:21:25.184,active,15311,694,7214,16788,0,95,60.0,49.6,No,2400,2400,0,5129,125
04:21:26.184,active,15314,472,7252,16786,-8,95,59.5,47.4,No,2400,2400,0,5331,125
04:21:27.189,active,15288,684,11420,16788,0,95,60.6,48.6,No,2400,2400,0,5344,125
04:21:28.188,active,15281,818,12520,16787,0,95,59.5,49.7,No,2400,2400,0,5343,125
04:21:29.184,active,15281,750,11498,16788,0,95,60.0,53.7,No,2400,2400,0,5342,125
04:21:30.184,active,15288,638,9780,16787,0,95,60.6,50.9,No,2400,2400,0,5352,125
04:21:31.185,active,15305,496,7600,16788,3,95,59.5,52.0,No,2400,2400,0,5353,125
04:21:32.187,active,15324,508,9298,16788,0,95,60.0,50.5,No,2400,2400,0,5356,125
04:21:33.185,active,15299,554,8488,16788,0,95,60.6,50.0,No,2400,2400,0,5360,125
04:21:34.184,active,15305,598,8584,16788,3,95,59.5,51.3,No,2400,2400,0,5371,125
04:21:35.184,active,15301,522,8024,16788,7,95,60.6,48.4,No,2400,2400,0,5376,125
04:21:36.184,active,15320,522,8006,16788,0,95,61.1,47.4,No,2400,2400,0,5380,125
04:21:37.185,active,15307,482,7388,16787,0,95,60.0,47.7,No,2400,2400,0,5383,125
04:21:38.187,active,15326,546,8372,16789,0,95,60.6,47.1,No,2400,2400,0,5385,125
04:21:39.185,active,15307,484,7446,16790,6,95,60.6,48.1,No,2400,2400,0,5397,125
04:21:40.184,active,15271,776,11882,16788,0,95,60.0,49.0,No,2400,2400,0,5408,125
04:21:41.184,active,15258,878,13562,16789,0,95,60.6,44.2,No,2400,2400,0,5423,125
04:21:42.184,active,15277,864,13234,16787,0,95,60.6,45.9,No,2400,2400,0,5423,125
04:21:43.185,active,15264,740,11324,16786,0,95,60.6,43.9,No,2400,2400,0,5432,125
04:21:44.185,active,15309,518,7966,16788,0,95,60.6,48.1,No,2400,2400,0,5425,125
04:21:45.185,active,15273,822,12558,16788,0,95,59.0,46.6,No,2400,2400,0,5435,125
04:21:46.184,active,15262,696,11692,16788,0,95,59.5,46.9,No,2400,2400,0,5441,125
04:21:47.184,active,15249,520,7986,16787,0,95,60.0,47.0,No,2400,2400,0,5442,125
04:21:48.185,active,15277,598,10706,16787,-3,95,61.1,47.0,No,2400,2400,0,5449,125
04:21:49.185,active,15339,486,7484,16787,0,95,60.0,46.5,No,2400,2400,0,5453,125
04:21:50.185,active,15279,522,8044,16787,0,95,59.5,46.6,No,2400,2400,0,5462,125
04:21:51.184,active,15352,450,6924,16787,0,95,59.5,46.4,No,2400,2400,0,5469,125
04:21:52.184,active,15359,500,7678,16788,0,95,60.6,43.8,No,2400,2400,0,5478,125
04:21:53.184,active,15316,700,7330,16787,-4,95,61.7,45.6,No,2400,2400,0,5476,125
04:21:54.185,active,15307,506,7774,16786,-4,95,60.0,42.8,No,2400,2400,0,5491,125
04:21:55.185,active,15301,708,8198,16788,0,95,59.5,48.6,No,2400,2400,0,5480,125
04:21:56.188,active,15352,474,7310,16788,3,95,59.0,45.1,No,2400,2400,0,5480,125
04:21:57.184,active,15277,878,8950,16788,0,95,60.0,47.5,No,2400,2400,0,5472,125
04:21:58.184,active,15303,474,7292,16788,0,95,60.6,49.5,No,2400,2400,0,5478,125
04:21:59.185,active,15305,642,9838,16786,-5,95,60.6,49.3,No,2400,2400,0,5482,125
04:22:00.189,active,15307,578,10666,16786,-3,95,59.5,49.0,No,2400,2400,0,5481,125
04:22:01.185,active,15301,490,7504,16788,0,95,59.5,47.8,No,2400,2400,0,5483,125
04:22:02.184,active,15307,468,9240,16787,0,95,60.0,46.3,No,2400,2400,0,5495,125
04:22:03.184,active,15316,486,7466,16787,-4,95,59.5,47.8,No,2400,2400,0,5496,125
04:22:04.184,active,15307,534,7812,16788,0,95,61.7,49.1,No,2400,2400,0,5502,125
04:22:05.185,active,15307,508,7792,16787,0,95,60.6,48.4,No,2400,2400,0,5501,125
04:22:06.185,active,15307,494,6674,16786,0,95,60.6,48.8,No,2400,2400,0,5496,125
04:22:07.187,active,15301,454,6964,16786,0,95,60.0,45.2,No,2400,2400,0,5500,125
04:22:08.184,sleep,15290,484,7426,16790,5,95,57.3,2.5,No,2400,2400,0,5533,125
04:22:09.184,sleep,15294,492,8054,16791,9,95,57.3,0.0,No,2400,2400,0,5549,125
04:22:10.184,sleep,15288,486,7446,16790,7,95,55.6,0.0,No,2400,2400,0,5548,125
04:22:11.184,sleep,15292,532,7410,16790,8,95,55.6,0.0,No,2400,2400,0,5550,125
04:22:12.184,sleep,15286,438,6712,16789,8,95,55.1,0.0,No,2400,2400,0,5548,125
04:22:13.185,sleep,15283,426,7850,16789,9,95,54.5,0.0,No,1500,2400,0,5564,125
04:22:14.185,sleep,15290,550,8430,16790,15,95,53.5,0.0,No,1500,2400,0,3865,75
04:22:15.185,sleep,15288,264,8526,16791,16,95,52.9,-0.0,No,1500,2400,0,3471,75
04:22:16.185,sleep,15294,240,3684,16791,13,95,52.4,0.3,No,1500,2400,0,3405,75
04:22:17.185,sleep,15290,470,7194,16790,10,95,51.2,0.0,No,1500,2400,0,3384,75
04:22:18.185,sleep,15296,262,4032,16789,12,95,51.8,0.0,No,1500,2400,0,3381,75
04:22:19.185,sleep,15288,214,3278,16791,18,95,51.2,0.0,No,1500,2400,0,3381,75
04:22:20.185,sleep,15283,314,4822,16791,17,95,51.8,0.0,No,1500,2400,0,3394,75
04:22:21.185,sleep,15286,440,6770,16791,15,95,51.8,-0.0,No,1500,2400,0,3386,75
04:22:22.185,sleep,15299,242,3704,16791,13,95,50.7,0.0,No,1500,2400,0,3377,75
04:22:23.185,active,15314,382,5884,16788,0,95,55.6,58.1,No,2400,2400,0,3344,75
04:22:24.185,active,15324,472,7252,16787,-4,95,55.1,47.6,No,2400,2400,0,3331,75
04:22:25.184,active,15286,424,6538,16786,-6,95,56.2,48.9,No,2400,2400,0,3326,75
04:22:26.184,active,15296,506,8410,16786,-6,95,56.8,49.0,No,2400,2400,0,3320,75
04:22:27.185,active,15292,456,7002,16786,-5,95,57.9,48.6,No,2400,2400,0,3305,75
04:22:28.185,active,15299,506,7426,16787,-4,95,57.3,49.2,No,2400,2400,0,3297,75
04:22:29.189,active,15292,518,7928,16787,-4,95,57.9,50.2,No,2400,2400,0,3303,75
04:22:30.184,active,15301,482,7368,16789,0,95,57.3,45.3,No,2400,2400,0,3289,75
04:22:31.184,active,15335,498,7658,16788,0,95,59.5,54.7,No,2400,2400,0,3290,75
04:22:32.184,active,15305,490,6288,16788,-4,95,59.0,52.5,No,2400,2400,0,3262,75
04:22:33.189,active,15305,466,7156,16787,0,95,59.0,49.4,No,2400,2400,0,3276,75
04:22:34.185,active,15307,476,7310,16787,-3,95,58.4,46.1,No,2400,2400,0,3267,75
04:22:35.185,active,15301,482,7388,16788,-4,95,58.4,48.0,No,2400,2400,0,3262,75
04:22:36.184,active,15256,818,12520,16788,-3,95,59.0,47.6,No,2400,2400,0,3262,75
04:22:37.184,active,15277,670,11844,16789,0,95,59.5,49.4,No,2400,2400,0,3259,75
04:22:38.185,active,15268,802,12268,16787,0,95,60.0,49.9,No,2400,2400,0,3244,75
04:22:39.185,active,15251,700,12114,16786,-5,95,59.5,49.0,No,2400,2400,0,3237,75
04:22:40.185,active,15281,774,11864,16786,-4,95,59.0,50.5,No,2400,2400,0,3753,125
04:22:41.184,active,15262,718,12462,16787,-5,95,59.5,51.3,No,2400,2400,0,5244,125
04:22:42.184,active,15262,742,11342,16787,0,95,59.5,47.7,No,2400,2400,0,5355,125
04:22:43.184,active,15258,644,12732,16788,-5,95,60.0,51.1,No,2400,2400,0,5354,125
04:22:44.185,active,15253,798,12210,16787,-4,95,60.0,48.6,No,2400,2400,0,5360,125
04:22:45.185,active,15314,540,8314,16786,-5,95,59.5,48.9,No,2400,2400,0,5354,125
04:22:46.189,active,15348,470,6210,16787,0,95,60.0,43.2,No,2400,2400,0,5370,125
04:22:47.184,active,15279,510,7850,16787,0,95,59.5,47.6,No,2400,2400,0,5373,125
04:22:48.184,active,15309,656,7600,16787,0,95,60.0,47.2,No,2400,2400,0,5380,125
04:22:49.184,active,15309,478,7350,16787,-3,95,60.0,46.3,No,2400,2400,0,5383,125
04:22:50.185,active,15311,628,7252,16787,-3,95,60.6,43.1,No,2400,2400,0,5390,125
04:22:51.191,active,15286,968,14834,16786,-5,95,60.0,44.6,No,2400,2400,0,5399,125
04:22:52.185,active,15271,772,11748,16787,-3,95,60.0,48.7,No,2400,2400,0,5405,125
04:22:53.184,active,15279,778,11922,16786,-3,95,59.5,47.2,No,2400,2400,0,5417,125
04:22:54.184,active,15301,440,6752,16787,-3,95,60.0,48.5,No,2400,2400,0,5414,125
04:22:55.185,active,15309,528,7716,16788,0,95,60.6,44.9,No,2400,2400,0,5419,125
04:22:56.189,active,15316,494,7562,16788,-4,95,60.0,43.8,No,2400,2400,0,5431,125
04:22:57.185,active,15309,508,7986,16789,0,95,60.0,46.1,No,2400,2400,0,5439,125
04:22:58.184,active,15329,546,8372,16788,3,95,60.0,46.0,No,2400,2400,0,5436,125
04:22:59.184,active,15314,506,7696,16788,3,95,59.5,47.0,No,2400,2400,0,5441,125
04:23:00.184,active,15311,444,6828,16788,0,95,60.0,44.9,No,2400,2400,0,5435,125
04:23:01.185,active,15318,484,7350,16788,0,95,60.0,45.9,No,2400,2400,0,5438,125
04:23:02.185,active,15314,580,8912,16788,0,95,59.5,43.8,No,2400,2400,0,5447,125
04:23:03.187,active,15350,428,7948,16789,3,95,59.5,52.2,No,2400,2400,0,5444,125
04:23:04.184,active,15273,884,12774,16789,0,95,60.0,48.3,No,2400,2400,0,5458,125
04:23:05.184,active,15256,790,12096,16787,0,95,60.0,43.8,No,2400,2400,0,5459,125
04:23:06.184,active,15260,842,12288,16787,0,95,60.0,43.9,No,2400,2400,0,5472,125
04:23:07.185,active,15260,714,10938,16787,0,95,60.6,46.9,No,2400,2400,0,5474,125
04:23:08.185,active,15251,742,12076,16788,0,95,59.5,45.5,No,2400,2400,0,5478,125
04:23:09.184,active,15277,816,12480,16788,0,95,59.0,47.4,No,2400,2400,0,5470,125
04:23:10.184,active,15264,728,9606,16787,0,95,60.6,47.5,No,2400,2400,0,5474,125
04:23:11.184,active,15253,708,10842,16788,0,95,60.0,48.4,No,2400,2400,0,5468,125
04:23:12.185,active,15275,652,9800,16788,0,95,60.0,48.6,No,2400,2400,0,5485,125
04:23:13.185,active,15337,492,7580,16787,0,95,60.0,46.9,No,2400,2400,0,5488,125
04:23:14.185,active,15281,448,6886,16789,5,95,60.0,47.0,No,2400,2400,0,5483,125
04:23:15.184,active,15357,474,7620,16788,0,95,59.5,47.5,No,2400,2400,0,5491,125
04:23:16.184,active,15279,616,9452,16789,0,95,60.0,49.7,No,2400,2400,0,5495,125
04:23:17.188,active,15283,832,7638,16789,0,95,60.6,49.4,No,2400,2400,0,5505,125
04:23:18.188,active,15275,682,10474,16788,0,95,61.1,46.5,No,2400,2400,0,5496,125
04:23:19.186,active,15279,848,10860,16787,-5,95,60.0,47.1,No,2400,2400,0,5492,125
04:23:20.185,active,15268,808,12384,16788,-6,95,59.5,48.4,No,2400,2400,0,5491,125
04:23:21.184,active,15283,852,11072,16786,-3,95,60.0,48.7,No,2400,2400,0,5501,125
04:23:22.184,active,15305,472,7234,16787,-3,95,60.6,48.0,No,2400,2400,0,5498,125
04:23:23.184,sleep,15294,506,7754,16788,5,95,57.3,3.2,No,2400,2400,0,5536,125
04:23:24.184,sleep,15286,470,7194,16790,10,95,56.8,0.0,No,2400,2400,0,5544,125
04:23:25.184,sleep,15296,498,7658,16789,7,95,56.2,0.0,No,2400,2400,0,5537,125
04:23:26.184,sleep,15290,490,7760,16789,11,95,56.8,0.0,No,2400,2400,0,5540,125
04:23:27.184,sleep,15294,472,7252,16790,10,95,55.6,0.0,No,2400,2400,0,5552,125
04:23:28.185,sleep,15292,420,8472,16790,13,95,52.9,0.0,No,1500,2400,0,5354,75
04:23:29.184,sleep,15296,536,8218,16791,18,95,52.9,0.0,No,1500,2400,0,3697,75
04:23:30.184,sleep,15290,304,8372,16790,14,95,53.5,0.0,No,1500,2400,0,3444,75
04:23:31.184,sleep,15294,352,5400,16791,10,95,52.9,0.3,No,1500,2400,0,3395,75
04:23:32.184,sleep,15294,610,9336,16791,11,95,52.4,0.0,No,1500,2400,0,3406,75
04:23:33.184,sleep,15283,516,7890,16791,11,95,51.8,0.0,No,1500,2400,0,3395,75
04:23:34.185,sleep,15290,564,8642,16791,14,95,51.8,0.0,No,1500,2400,0,3376,75
04:23:35.184,sleep,15290,598,9182,16790,11,95,51.8,0.0,No,1500,2400,0,3358,75
04:23:36.185,sleep,15292,358,5478,16790,11,95,51.8,-0.0,No,1500,2400,0,3354,75
04:23:37.184,sleep,15296,218,3336,16790,10,95,51.2,0.0,No,1500,2400,0,3353,75
04:23:38.184,active,15268,854,13078,16787,-4,95,55.1,55.9,No,2400,2400,0,3326,75
04:23:39.184,active,15228,728,11170,16788,-6,95,56.2,51.9,No,2400,2400,0,3325,75
04:23:40.185,active,15301,650,9954,16787,-5,95,56.8,45.8,No,2400,2400,0,3325,75
04:23:41.185,active,15335,452,6944,16787,-9,95,56.8,45.3,No,2400,2400,0,3310,75
04:23:42.185,active,15324,664,10204,16786,-6,95,56.8,47.7,No,2400,2400,0,3296,75
04:23:43.184,active,15318,420,6442,16786,-9,95,57.3,49.1,No,2400,2400,0,3289,75
04:23:44.184,active,15290,678,10378,16787,-8,95,57.9,47.1,No,2400,2400,0,3276,75
04:23:45.184,active,15309,506,7792,16787,-8,95,57.9,46.9,No,2400,2400,0,3278,75
04:23:46.185,active,15281,782,11960,16785,-7,95,58.4,45.4,No,2400,2400,0,3280,75
04:23:47.186,active,15279,636,9780,16786,-7,95,58.4,46.1,No,2400,2400,0,3274,75
04:23:48.184,active,15286,720,6674,16785,-7,95,57.9,48.7,No,2400,2400,0,3262,75
04:23:49.184,active,15279,756,11574,16786,-4,95,59.5,51.8,No,2400,2400,0,3269,75
04:23:50.184,active,15361,424,6520,16787,0,95,59.5,53.3,No,2400,2400,0,3261,75
04:23:51.185,active,15311,516,7908,16787,0,95,60.0,49.5,No,2400,2400,0,3238,75
04:23:52.189,active,15311,538,8236,16788,-3,95,59.5,50.1,No,2400,2400,0,3241,75
04:23:53.185,active,15307,490,7522,16788,-6,95,59.0,48.5,No,2400,2400,0,3233,75
04:23:54.184,active,15311,508,7792,16788,-6,95,59.5,52.0,No,2400,2400,0,3239,75
04:23:55.185,active,15363,558,8604,16788,0,95,60.0,49.6,No,2400,2400,0,3234,75
04:23:56.184,active,15318,470,7194,16786,-5,95,61.1,46.0,No,2400,2400,0,3235,75
04:23:57.185,active,15309,402,7452,16785,-6,95,59.5,44.2,No,2400,2400,0,3219,75
04:23:58.185,active,15320,412,6308,16786,-5,95,58.4,42.4,No,2400,2400,0,3224,75
04:23:59.184,active,15337,504,7242,16786,-6,95,58.4,47.8,No,2400,2400,0,3214,75
04:24:00.184,active,15266,842,12886,16786,-7,95,59.5,44.0,No,2400,2400,0,3219,75
04:24:01.184,active,15253,816,12500,16785,-6,95,59.5,46.1,No,2400,2400,0,4144,125
04:24:02.185,active,15275,686,10514,16786,-5,95,60.6,46.8,No,2400,2400,0,5247,125
04:24:03.184,active,15243,660,10128,16786,-4,95,59.5,46.7,No,2400,2400,0,5334,125
04:24:04.188,active,15251,808,12346,16786,-7,95,60.0,45.9,No,2400,2400,0,5339,125
04:24:05.184,active,15277,766,11710,16786,-5,95,59.0,46.6,No,2400,2400,0,5343,125
04:24:06.184,active,15247,728,11112,16788,-5,95,60.6,47.0,No,2400,2400,0,5345,125
04:24:07.185,active,15305,650,9954,16785,-8,95,60.0,47.2,No,2400,2400,0,5339,125
04:24:08.185,active,15281,576,10626,16786,-6,95,59.5,46.2,No,2400,2400,0,5353,125
04:24:09.185,active,15311,632,9684,16787,-3,95,60.0,46.1,No,2400,2400,0,5362,125
04:24:10.184,active,15316,650,7446,16787,-8,95,60.6,46.5,No,2400,2400,0,5365,125
04:24:11.184,active,15354,482,7408,16787,-3,95,60.0,43.6,No,2400,2400,0,5370,125
04:24:12.184,active,15279,546,9972,16786,-3,95,60.0,44.7,No,2400,2400,0,5380,125
04:24:13.187,active,15279,822,12596,16787,-5,95,60.6,49.0,No,2400,2400,0,5385,125
04:24:14.185,active,15273,772,11824,16786,-5,95,60.0,49.6,No,2400,2400,0,5392,125
04:24:15.185,active,15318,598,9182,16786,-4,95,59.0,45.2,No,2400,2400,0,5395,125
04:24:16.184,active,15279,608,9336,16788,0,95,60.0,47.4,No,2400,2400,0,5403,125
04:24:17.184,active,15281,910,13928,16788,0,95,59.5,45.0,No,2400,2400,0,5422,125
04:24:18.184,active,15299,506,7754,16788,0,95,60.0,44.3,No,2400,2400,0,5418,125
04:24:19.187,active,15301,446,7908,16787,-6,95,61.1,47.0,No,2400,2400,0,5424,125
04:24:20.185,active,15299,452,6944,16786,0,95,60.0,43.6,No,2400,2400,0,5429,125
04:24:21.185,active,15326,462,7580,16785,-7,95,60.0,45.6,No,2400,2400,0,5429,125
04:24:22.184,active,15294,564,8642,16787,0,95,60.0,47.5,No,2400,2400,0,5439,125
04:24:23.184,active,15314,452,8024,16787,-6,95,59.5,48.6,No,2400,2400,0,5444,125
04:24:24.187,active,15333,512,7870,16787,-5,95,60.6,47.0,No,2400,2400,0,5451,125
04:24:25.185,active,15318,430,9028,16787,-6,95,61.7,46.0,No,2400,2400,0,5458,125
04:24:26.185,active,15307,480,7350,16786,-7,95,59.5,45.0,No,2400,2400,0,5455,125
04:24:27.184,active,15326,554,7118,16785,-11,95,59.5,47.5,No,2400,2400,0,5468,125
04:24:28.184,active,15258,766,12496,16785,-8,95,60.0,46.2,No,2400,2400,0,5471,125
04:24:29.184,active,15281,828,12674,16786,-7,95,60.6,48.0,No,2400,2400,0,5463,125
04:24:30.185,active,15238,854,12866,16787,-5,95,60.6,46.8,No,2400,2400,0,5471,125
04:24:31.185,active,15292,680,10416,16788,0,95,60.0,46.7,No,2400,2400,0,5475,125
04:24:32.185,active,15266,678,11516,16787,0,95,59.5,48.0,No,2400,2400,0,5465,125
04:24:33.184,active,15305,842,12866,16787,0,95,60.6,49.0,No,2400,2400,0,5470,125
04:24:34.184,active,15275,526,12442,16786,0,95,60.0,46.4,No,2400,2400,0,5483,125
04:24:35.188,active,15307,630,9644,16787,0,95,61.1,47.1,No,2400,2400,0,5479,125
04:24:36.188,active,15299,460,13252,16787,0,95,61.1,47.5,No,2400,2400,0,5483,125
04:24:37.185,active,15307,606,9298,16788,0,95,59.5,46.5,No,2400,2400,0,5479,125
04:24:38.185,sleep,15292,428,6578,16790,13,95,56.8,5.5,No,1500,2400,0,5531,125
04:24:39.185,sleep,15288,496,7600,16790,15,95,55.6,0.0,No,1500,2400,0,5550,125
04:24:40.184,sleep,15294,338,5188,16788,9,95,54.5,0.0,No,1500,2400,0,5548,125
04:24:41.184,sleep,15294,444,6810,16789,12,95,53.5,0.0,No,1500,2400,0,5545,125
04:24:42.184,sleep,15286,498,7638,16789,12,95,55.1,-0.0,No,1500,2400,0,4545,75
04:24:43.184,sleep,15288,452,6944,16790,13,95,52.9,0.0,No,1500,2400,0,3553,75
04:24:44.185,sleep,15292,704,10784,16791,12,95,52.9,-0.0,No,1500,2400,0,3407,75
04:24:45.184,sleep,15290,358,8120,16791,9,95,53.5,0.0,No,1500,2400,0,3380,75
04:24:46.185,sleep,15296,490,7522,16790,12,95,51.8,0.0,No,1500,2400,0,3374,75
04:24:47.185,sleep,15294,516,8276,16790,12,95,51.8,0.0,No,1500,2400,0,3379,75
04:24:48.185,sleep,15292,390,5980,16790,12,95,51.8,0.0,No,1500,2400,0,3382,75
04:24:49.184,sleep,15294,278,4900,16790,11,95,52.9,1.2,No,1500,2400,0,3367,75
04:24:50.185,sleep,15292,540,8294,16790,11,95,51.8,0.5,No,1500,2400,0,3374,75
04:24:51.184,sleep,15301,464,4880,16790,13,95,53.5,-0.0,No,1500,2400,0,3371,75
04:24:52.184,sleep,15294,384,5884,16790,11,95,50.7,0.0,No,1500,2400,0,3365,75
04:24:53.185,active,15331,464,7138,16787,-7,95,54.0,52.6,No,2400,2400,0,3321,75
04:24:54.189,active,15320,494,7600,16787,-3,95,55.6,48.1,No,2400,2400,0,3300,75
04:24:55.184,active,15357,490,7522,16789,-4,95,56.2,47.6,No,2400,2400,0,3297,75
04:24:56.184,active,15232,786,11768,16788,-4,95,56.8,47.7,No,2400,2400,0,3278,75
04:24:57.190,active,15253,704,10764,16786,-8,95,58.4,51.1,No,2400,2400,0,3278,75
04:24:58.185,active,15283,604,11690,16786,-9,95,58.4,51.4,No,2400,2400,0,3268,75
04:24:59.185,active,15262,622,9510,16785,-8,95,57.3,50.0,No,2400,2400,0,3252,75
04:25:00.185,active,15301,540,10590,16786,-3,95,57.9,49.0,No,2400,2400,0,3253,75
04:25:01.184,active,15281,632,9684,16786,-7,95,57.3,48.7,No,2400,2400,0,3258,75
04:25:02.184,active,15305,766,10282,16787,-6,95,59.5,50.4,No,2400,2400,0,3250,75
04:25:03.185,active,15283,534,8178,16786,-7,95,59.5,50.5,No,2400,2400,0,3248,75
04:25:04.185,active,15294,478,9626,16787,-6,95,59.5,51.5,No,2400,2400,0,3239,75
04:25:05.188,active,15281,374,5728,16786,-6,95,59.5,50.5,No,2400,2400,0,3235,75
04:25:06.184,active,15281,598,9162,16785,-8,95,59.0,46.3,No,2400,2400,0,5031,125
04:25:07.184,active,15283,668,11554,16786,-8,95,59.5,46.4,No,2400,2400,0,5343,125
04:25:08.184,active,15262,806,12346,16786,-5,95,60.0,49.1,No,2400,2400,0,5362,125
04:25:09.185,active,15268,846,12442,16788,0,95,59.5,48.1,No,2400,2400,0,5369,125
04:25:10.185,active,15275,736,11266,16788,-3,95,59.5,45.2,No,2400,2400,0,5367,125
04:25:11.185,active,15271,832,12210,16786,-4,95,59.0,46.4,No,2400,2400,0,5361,125
04:25:12.184,active,15286,764,11710,16786,-5,95,59.5,48.3,No,2400,2400,0,5363,125
04:25:13.184,active,15281,740,12384,16786,-3,95,60.0,47.6,No,2400,2400,0,5365,125
04:25:14.185,active,15275,736,11266,16787,-6,95,61.1,49.4,No,2400,2400,0,5378,125
04:25:15.185,active,15354,550,8448,16788,-4,95,61.1,48.2,No,2400,2400,0,5385,125
04:25:16.191,active,15337,506,7774,16788,-4,95,60.6,46.8,No,2400,2400,0,5388,125
04:25:17.185,active,15299,508,7812,16787,-5,95,60.0,45.7,No,2400,2400,0,5397,125
04:25:18.184,active,15348,558,7560,16787,-7,95,59.5,46.9,No,2400,2400,0,5402,125
04:25:19.184,active,15337,470,7234,16785,-4,95,60.0,45.9,No,2400,2400,0,5419,125
04:25:20.185,active,15352,470,8120,16786,-4,95,60.6,46.2,No,2400,2400,0,5414,125
04:25:21.185,active,15271,520,8006,16785,-7,95,60.6,45.9,No,2400,2400,0,5423,125
04:25:22.187,active,15314,674,7098,16787,-3,95,60.6,45.6,No,2400,2400,0,5425,125
04:25:23.184,active,15275,506,7754,16787,-3,95,59.5,46.6,No,2400,2400,0,5441,125
04:25:24.184,active,15268,682,10436,16787,-4,95,60.6,53.7,No,2400,2400,0,5439,125
04:25:25.184,active,15249,818,12500,16788,0,95,60.0,47.6,No,2400,2400,0,5445,125
04:25:26.185,active,15303,742,11342,16786,0,95,60.0,44.3,No,2400,2400,0,5455,125
04:25:27.185,active,15256,526,8044,16786,0,95,60.0,44.0,No,2400,2400,0,5455,125
04:25:28.185,active,15294,914,13948,16788,0,95,59.5,43.4,No,2400,2400,0,5448,125
04:25:29.184,active,15303,400,12298,16787,0,95,59.5,46.2,No,2400,2400,0,5456,125
04:25:30.184,active,15307,526,8044,16787,-4,95,60.0,45.3,No,2400,2400,0,5467,125
04:25:31.185,active,15301,500,11150,16787,-4,95,60.6,47.1,No,2400,2400,0,5462,125
04:25:32.185,active,15301,474,7292,16787,-3,95,60.0,47.9,No,2400,2400,0,5468,125
04:25:33.185,active,15279,344,6558,16786,-3,95,59.0,44.9,No,2400,2400,0,5468,125
04:25:34.184,active,15279,822,12596,16787,-6,95,59.5,46.0,No,2400,2400,0,5473,125
04:25:35.184,active,15275,714,10938,16787,-3,95,60.6,49.9,No,2400,2400,0,5473,125
04:25:36.184,active,15275,798,12230,16786,-6,95,60.6,48.8,No,2400,2400,0,5483,125
04:25:37.187,active,15277,686,10552,16786,-5,95,60.6,46.7,No,2400,2400,0,5479,125
04:25:38.185,active,15283,848,13002,16786,-4,95,59.5,44.9,No,2400,2400,0,5489,125
04:25:39.185,active,15275,856,13098,16786,-3,95,60.0,48.0,No,2400,2400,0,5483,125
04:25:40.184,active,15277,858,13156,16786,-3,95,60.0,47.7,No,2400,2400,0,5488,125
04:25:41.184,active,15262,852,13060,16788,0,95,60.0,46.3,No,2400,2400,0,5492,125
04:25:42.184,active,15268,776,11864,16787,0,95,61.1,46.7,No,2400,2400,0,5497,125
04:25:43.189,active,15309,470,7214,16786,0,95,60.6,46.2,No,2400,2400,0,5492,125
04:25:44.185,active,15329,480,7678,16787,-4,95,60.6,47.8,No,2400,2400,0,5495,125
04:25:45.184,active,15318,438,6732,16785,-5,95,59.0,46.3,No,2400,2400,0,5498,125
04:25:46.184,active,15331,458,8160,16785,-5,95,59.5,47.4,No,2400,2400,0,5501,125
04:25:47.184,active,15326,510,7850,16787,-3,95,60.6,47.2,No,2400,2400,0,5494,125
04:25:48.185,active,15344,472,6384,16787,-7,95,60.6,48.0,No,2400,2400,0,5499,125
04:25:49.185,active,15333,472,7252,16788,-5,95,60.6,46.6,No,2400,2400,0,5505,125
04:25:50.189,active,15352,514,7040,16786,-4,95,60.0,48.6,No,2400,2400,0,5505,125
04:25:51.184,active,15348,454,6982,16785,-4,95,60.0,47.6,No,2400,2400,0,5505,125
04:25:52.184,active,15299,830,12674,16785,-7,95,60.0,48.5,No,2400,2400,0,5511,125
04:25:53.185,sleep,15296,520,5652,16788,4,95,56.8,6.7,No,1500,2400,0,5550,125
04:25:54.185,sleep,15292,520,7986,16788,8,95,55.6,0.3,No,1500,2400,0,5559,125
04:25:55.185,sleep,15290,508,8140,16789,8,95,54.5,0.0,No,1500,2400,0,5551,125
04:25:56.185,sleep,15292,622,9530,16790,12,95,54.5,-0.0,No,1500,2400,0,4085,75
04:25:57.185,sleep,15288,482,5440,16791,16,95,54.0,0.0,No,1500,2400,0,3510,75
04:25:58.184,sleep,15299,442,6790,16790,15,95,54.0,-0.0,No,1500,2400,0,3421,75
04:25:59.184,sleep,15288,590,7022,16789,11,95,52.9,0.7,No,1500,2400,0,3402,75
04:26:00.185,sleep,15294,440,6752,16789,12,95,52.4,1.0,No,1500,2400,0,3402,75
04:26:01.185,sleep,15292,560,8584,16789,7,95,52.4,0.0,No,1500,2400,0,3396,75
04:26:02.185,sleep,15294,504,7736,16790,7,95,51.8,0.8,No,1600,2400,0,3390,75
04:26:03.185,sleep,15288,444,6810,16791,18,95,51.8,-0.0,No,1500,2400,0,3382,75
04:26:04.185,sleep,15290,470,7214,16790,15,95,50.7,0.0,No,1500,2400,0,3382,75
04:26:05.184,sleep,15286,396,6076,16790,14,95,52.4,-0.0,No,1500,2400,0,3371,75
04:26:06.185,sleep,15290,556,7502,16789,13,95,52.4,0.0,No,1500,2400,0,3373,75
04:26:07.185,sleep,15283,402,6172,16791,12,95,50.7,0.0,No,1500,2400,0,3357,75
04:26:08.184,active,15264,762,11824,16788,-4,95,54.5,51.5,No,2400,2400,0,3327,75
04:26:09.184,active,15251,724,11092,16788,-5,95,56.2,52.5,No,2400,2400,0,3311,75
04:26:10.185,active,15277,712,11112,16787,-6,95,57.3,48.6,No,2400,2400,0,3302,75
04:26:11.185,active,15311,460,7060,16787,-8,95,57.3,50.5,No,2400,2400,0,3292,75
04:26:12.185,active,15283,520,8006,16787,-4,95,57.9,51.9,No,2400,2400,0,3272,75
04:26:13.184,active,15277,796,7328,16787,0,95,57.9,52.8,No,2400,2400,0,3265,75
04:26:14.184,active,15350,388,5940,16787,0,95,57.9,50.6,No,2400,2400,0,3261,75
04:26:15.184,active,15333,472,7234,16788,0,95,58.4,46.5,No,2400,2400,0,3271,75
04:26:16.185,active,15316,446,6866,16787,0,95,59.5,49.5,No,2400,2400,0,3267,75
04:26:17.188,active,15301,704,6828,16787,0,95,58.4,44.4,No,2400,2400,0,3271,75
04:26:18.185,active,15311,628,9644,16787,0,95,59.0,47.3,No,2400,2400,0,3269,75
04:26:19.184,active,15286,716,8448,16788,0,95,59.0,48.5,No,2400,2400,0,3256,75
04:26:20.184,active,15273,638,9760,16787,0,95,59.5,48.8,No,2400,2400,0,3253,75
04:26:21.189,active,15299,718,10996,16786,-3,95,60.0,49.5,No,2400,2400,0,3306,125
04:26:22.185,active,15309,614,11112,16785,-4,95,58.4,47.3,No,2400,2400,0,5182,125
04:26:23.185,active,15296,796,12192,16788,-5,95,59.0,46.9,No,2400,2400,0,5357,125
04:26:24.184,active,15301,506,9374,16788,0,95,59.5,44.2,No,2400,2400,0,5356,125
04:26:25.184,active,15307,700,10744,16787,-4,95,59.0,49.2,No,2400,2400,0,5353,125
04:26:26.184,active,15307,504,11208,16786,-3,95,60.6,46.6,No,2400,2400,0,5360,125
04:26:27.185,active,15301,534,8198,16786,-5,95,59.0,46.1,No,2400,2400,0,5356,125
04:26:28.184,active,15309,512,7850,16786,-7,95,59.5,45.3,No,2400,2400,0,5364,125
04:26:29.185,active,15275,782,11150,16786,-11,95,59.5,47.8,No,2400,2400,0,5368,125
04:26:30.184,active,15318,640,9838,16787,-8,95,59.0,45.7,No,2400,2400,0,5382,125
04:26:31.184,active,15271,844,12230,16786,-8,95,60.0,46.4,No,2400,2400,0,5385,125
04:26:32.184,active,15273,820,12558,16786,-3,95,59.5,46.5,No,2400,2400,0,5390,125
04:26:33.185,active,15273,602,10802,16786,-3,95,60.0,46.1,No,2400,2400,0,5399,125
04:26:34.187,active,15281,728,11170,16786,-3,95,60.0,46.2,No,2400,2400,0,5405,125
04:26:35.184,active,15273,798,12230,16786,-5,95,59.0,51.5,No,2400,2400,0,5403,125
04:26:36.184,active,15281,834,12770,16788,-3,95,60.0,44.0,No,2400,2400,0,5419,125
04:26:37.184,active,15273,798,12230,16787,-4,95,60.0,44.2,No,2400,2400,0,5421,125
04:26:38.184,active,15303,524,7658,16788,0,95,60.0,44.0,No,2400,2400,0,5419,125
04:26:39.185,active,15307,556,8546,16788,0,95,60.0,43.0,No,2400,2400,0,5428,125
04:26:40.185,active,15331,476,6500,16786,0,95,60.0,46.3,No,2400,2400,0,5436,125
04:26:41.184,active,15303,504,7736,16787,0,95,59.0,48.9,No,2400,2400,0,5439,125
04:26:42.184,active,15311,712,8236,16786,0,95,60.0,46.5,No,2400,2400,0,5438,125
04:26:43.184,active,15335,424,6520,16786,0,95,60.0,48.6,No,2400,2400,0,5445,125
04:26:44.188,active,15359,448,6866,16787,0,95,60.6,48.3,No,2400,2400,0,5446,125
04:26:45.185,active,15359,476,7350,16787,0,95,59.0,48.1,No,2400,2400,0,5445,125
04:26:46.185,active,15311,512,7870,16786,-3,95,59.5,46.2,No,2400,2400,0,5462,125
04:26:47.184,active,15314,636,9780,16786,-7,95,60.0,49.8,No,2400,2400,0,5457,125
04:26:48.184,active,15232,916,14004,16786,-7,95,60.0,48.1,No,2400,2400,0,5466,125
04:26:49.185,active,15275,586,10456,16788,-3,95,60.0,47.9,No,2400,2400,0,5468,125
04:26:50.188,active,15264,670,10244,16787,0,95,60.0,46.9,No,2400,2400,0,5465,125
04:26:51.187,active,15301,472,12250,16787,-5,95,59.0,47.3,No,2400,2400,0,5475,125
04:26:52.184,active,15271,602,9220,16788,0,95,60.0,47.2,No,2400,2400,0,5479,125
04:26:53.184,active,15294,742,10628,16786,0,95,59.5,47.4,No,2400,2400,0,5474,125
04:26:54.184,active,15303,458,7022,16786,-7,95,60.0,48.1,No,2400,2400,0,5485,125
04:26:55.188,active,15303,542,8294,16785,-7,95,60.0,46.5,No,2400,2400,0,5479,125
04:26:56.185,active,15309,530,8140,16786,-4,95,60.0,46.1,No,2400,2400,0,5487,125
04:26:57.185,active,15318,700,10744,16785,-5,95,59.0,46.5,No,2400,2400,0,5488,125
04:26:58.184,active,15279,916,9124,16786,-4,95,60.0,47.4,No,2400,2400,0,5489,125
04:26:59.184,active,15286,824,12636,16786,-3,95,60.6,48.0,No,2400,2400,0,5489,125
04:27:00.184,active,15281,520,10340,16786,-6,95,60.0,48.6,No,2400,2400,0,5488,125
04:27:01.189,active,15279,794,12152,16785,-8,95,60.0,48.8,No,2400,2400,0,5493,125
04:27:02.185,active,15277,648,9954,16786,-8,95,60.6,47.6,No,2400,2400,0,5496,125
04:27:03.184,active,15279,896,13716,16785,-6,95,59.0,47.7,No,2400,2400,0,5499,125
04:27:04.184,active,15273,852,13060,16786,-4,95,58.4,48.8,No,2400,2400,0,5501,125
04:27:05.184,active,15279,850,13022,16785,0,95,60.0,48.6,No,2400,2400,0,5492,125
04:27:06.184,active,15305,516,7908,16786,-3,95,60.0,48.6,No,2400,2400,0,5501,125
04:27:07.185,active,15309,544,8834,16787,0,95,60.0,47.6,No,2400,2400,0,5505,125
04:27:08.185,sleep,15292,476,7292,16789,5,95,56.8,8.2,No,1500,2400,0,5549,125
04:27:09.185,sleep,15290,374,5998,16790,12,95,55.1,0.0,No,1500,2400,0,5555,125
04:27:10.184,sleep,15292,540,8294,16788,8,95,54.0,0.7,No,1500,2400,0,5554,125
04:27:11.184,sleep,15294,264,4070,16787,9,95,53.5,0.2,No,1500,2400,0,3819,75
04:27:12.184,sleep,15294,342,5246,16788,9,95,52.9,0.0,No,1500,2400,0,3457,75
04:27:13.185,sleep,15292,518,7948,16789,10,95,52.9,-0.0,No,1500,2400,0,3410,75
04:27:14.185,sleep,15286,296,4532,16790,14,95,52.9,0.2,No,1500,2400,0,3400,75
04:27:15.184,sleep,15288,322,4958,16789,12,95,52.4,0.0,No,1500,2400,0,3400,75
04:27:16.185,sleep,15296,334,7716,16788,8,95,51.2,-0.0,No,1500,2400,0,3391,75
04:27:17.185,sleep,15294,296,4552,16789,10,95,51.2,0.0,No,1500,2400,0,3373,75
04:27:18.184,sleep,15303,242,3490,16789,10,95,51.8,0.0,No,1500,2400,0,3376,75
04:27:19.184,sleep,15299,574,8816,16789,9,95,52.4,0.0,No,1500,2400,0,3356,75
04:27:20.184,sleep,15296,558,8564,16789,6,95,51.2,0.0,No,1500,2400,0,3357,75
04:27:21.184,sleep,15294,630,9644,16790,12,95,50.7,-0.0,No,1500,2400,0,3358,75
04:27:22.184,sleep,15296,566,8700,16789,12,95,50.7,0.0,No,1500,2400,0,3349,75
04:27:23.185,active,15296,424,6520,16785,-3,95,54.5,50.6,No,2400,2400,0,3311,75
04:27:24.185,active,15299,490,7484,16786,-8,95,55.1,45.0,No,2400,2400,0,3307,75
04:27:25.187,active,15281,760,11226,16785,-8,95,56.2,48.7,No,2400,2400,0,3296,75
04:27:26.184,active,15290,774,11864,16788,-4,95,56.8,49.9,No,2400,2400,0,3286,75
04:27:27.184,active,15283,458,7022,16787,-5,95,56.8,46.0,No,2400,2400,0,3280,75
04:27:28.185,active,15275,816,12500,16787,0,95,57.9,44.4,No,2400,2400,0,3278,75
04:27:29.189,active,15264,914,13986,16786,-4,95,57.3,48.5,No,2400,2400,0,3268,75
04:27:30.185,active,15273,794,12152,16786,-5,95,57.3,48.4,No,2400,2400,0,3260,75
04:27:31.184,active,15279,726,11112,16786,-3,95,57.3,48.8,No,2400,2400,0,3246,75
04:27:32.184,active,15279,868,10842,16785,-3,95,57.3,46.3,No,2400,2400,0,3252,75
04:27:33.184,active,15271,836,12808,16786,-3,95,58.4,45.9,No,2400,2400,0,3241,75
04:27:34.185,active,15305,544,8334,16786,-4,95,59.0,46.3,No,2400,2400,0,3223,75
04:27:35.188,active,15299,432,6636,16787,0,95,59.0,42.8,No,2400,2400,0,3240,75
04:27:36.188,active,15326,460,7080,16786,-3,95,58.4,47.3,No,2400,2400,0,4073,125
04:27:37.184,active,15322,480,7388,16786,-3,95,59.0,45.8,No,2400,2400,0,5260,125
04:27:38.184,active,15316,476,7310,16786,0,95,59.0,45.6,No,2400,2400,0,5349,125
04:27:39.184,active,15307,516,7928,16787,0,95,59.5,43.8,No,2400,2400,0,5363,125
04:27:40.185,active,15322,520,7966,16787,-6,95,59.0,44.9,No,2400,2400,0,5359,125
04:27:41.185,active,15322,512,7870,16787,-5,95,59.0,45.2,No,2400,2400,0,5365,125
04:27:42.187,active,15311,468,7194,16786,-4,95,59.0,46.3,No,2400,2400,0,5360,125
04:27:43.184,active,15251,740,9066,16787,-4,95,60.0,46.9,No,2400,2400,0,5365,125
04:27:44.184,active,15241,750,11458,16787,0,95,59.0,45.6,No,2400,2400,0,5372,125
04:27:45.184,active,15262,880,13464,16787,-3,95,59.0,43.8,No,2400,2400,0,5377,125
04:27:46.185,active,15232,760,11612,16786,-5,95,59.5,43.1,No,2400,2400,0,5381,125
04:27:47.185,active,15303,820,12538,16786,-4,95,59.5,43.2,No,2400,2400,0,5385,125
04:27:48.184,active,15277,540,12116,16786,-3,95,58.4,45.5,No,2400,2400,0,5397,125
04:27:49.184,active,15299,844,12886,16787,-4,95,59.5,44.8,No,2400,2400,0,5403,125
04:27:50.187,active,15307,490,10320,16786,-6,95,61.7,46.2,No,2400,2400,0,5417,125
04:27:51.185,active,15281,596,9124,16787,-6,95,59.5,48.0,No,2400,2400,0,5412,125
04:27:52.187,active,15277,708,10880,16785,-6,95,59.5,49.1,No,2400,2400,0,5418,125
04:27:53.186,active,15281,824,12616,16786,-5,95,59.5,48.1,No,2400,2400,0,5415,125
04:27:54.184,active,15273,896,13734,16785,-4,95,60.0,49.5,No,2400,2400,0,5424,125
04:27:55.184,active,15309,676,7562,16787,-5,95,59.5,48.8,No,2400,2400,0,5426,125
04:27:56.184,active,15275,680,10436,16788,-5,95,60.0,47.9,No,2400,2400,0,5431,125
04:27:57.185,active,15286,856,7600,16788,-4,95,60.0,45.0,No,2400,2400,0,5447,125
04:27:58.185,active,15273,874,13388,16787,-4,95,59.0,47.1,No,2400,2400,0,5454,125
04:27:59.184,active,15279,822,11632,16785,-3,95,60.0,49.1,No,2400,2400,0,5453,125
04:28:00.184,active,15288,870,13350,16786,0,95,59.5,47.3,No,2400,2400,0,5454,125
04:28:01.184,active,15307,800,11188,16785,0,95,60.0,46.4,No,2400,2400,0,5452,125
04:28:02.185,active,15307,488,6674,16787,0,95,60.0,45.6,No,2400,2400,0,5465,125
04:28:03.185,active,15339,526,8082,16787,0,95,60.0,48.5,No,2400,2400,0,5460,125
04:28:04.185,active,15318,496,7736,16787,0,95,58.4,47.0,No,2400,2400,0,5461,125
04:28:05.184,active,15303,556,8546,16786,-3,95,59.0,48.2,No,2400,2400,0,5466,125
04:28:06.184,active,15320,486,7832,16786,0,95,59.5,47.9,No,2400,2400,0,5467,125
04:28:07.188,active,15354,470,7214,16786,0,95,61.1,46.7,No,2400,2400,0,5478,125
04:28:08.189,active,15335,472,7986,16787,0,95,60.6,47.6,No,2400,2400,0,5471,125
04:28:09.189,active,15316,498,7658,16787,-4,95,60.0,46.3,No,2400,2400,0,5478,125
04:28:10.184,active,15318,554,8352,16788,0,95,59.5,47.7,No,2400,2400,0,5483,125
04:28:11.184,active,15247,766,11710,16787,0,95,59.0,49.2,No,2400,2400,0,5485,125
04:28:12.184,active,15286,790,12076,16786,0,95,60.0,49.0,No,2400,2400,0,5489,125
04:28:13.185,active,15238,834,12496,16786,0,95,60.6,48.6,No,2400,2400,0,5485,125
04:28:14.185,active,15305,790,12096,16786,0,95,59.5,47.9,No,2400,2400,0,5488,125
04:28:15.189,active,15281,678,11574,16787,0,95,59.0,48.2,No,2400,2400,0,5472,125
04:28:16.184,active,15296,872,13310,16788,0,95,59.5,48.1,No,2400,2400,0,5493,125
04:28:17.184,active,15288,590,11362,16789,0,95,59.5,49.2,No,2400,2400,0,5494,125
04:28:18.184,active,15275,662,10128,16787,0,95,60.0,49.3,No,2400,2400,0,5493,125
04:28:19.185,active,15299,498,14932,16787,0,95,60.0,47.8,No,2400,2400,0,5497,125
04:28:20.185,active,15311,646,9934,16786,0,95,60.0,50.8,No,2400,2400,0,5500,125
04:28:21.184,active,15286,492,7562,16786,-3,95,59.5,46.0,No,2400,2400,0,5497,125
04:28:22.184,active,15316,670,7484,16787,0,95,59.0,46.2,No,2400,2400,0,5497,125
04:28:23.185,sleep,15290,490,7504,16789,3,95,56.8,9.3,No,1500,2400,0,5542,125
04:28:24.185,sleep,15292,398,7600,16789,15,95,55.1,0.0,No,1500,2400,0,5553,125
04:28:25.185,sleep,15294,356,5458,16789,15,95,54.5,0.0,No,1500,2400,0,5162,75
04:28:26.185,sleep,15288,300,5014,16790,19,95,54.0,0.0,No,1500,2400,0,3646,75
04:28:27.185,sleep,15290,436,6694,16789,14,95,53.5,-0.0,No,1500,2400,0,3436,75
04:28:28.184,sleep,15292,264,8506,16790,14,95,52.9,0.0,No,1500,2400,0,3399,75
04:28:29.184,sleep,15299,214,6886,16791,13,95,52.9,-0.0,No,1500,2400,0,3392,75
04:28:30.185,sleep,15294,388,5940,16790,12,95,51.8,0.0,No,1500,2400,0,3386,75
04:28:31.185,sleep,15292,550,8430,16789,13,95,52.4,0.0,No,1500,2400,0,3377,75
04:28:32.185,sleep,15294,290,4456,16789,14,95,51.8,0.0,No,1500,2400,0,3380,75
04:28:33.185,sleep,15296,382,5884,16790,13,95,51.8,0.0,No,1500,2400,0,3373,75
04:28:34.185,sleep,15294,408,6250,16791,15,95,51.2,-0.0,No,1500,2400,0,3369,75
04:28:35.185,sleep,15299,540,6740,16790,11,95,51.8,0.0,No,1500,2400,0,3360,75
04:28:36.185,sleep,15292,414,6366,16789,8,95,52.4,-0.0,No,1500,2400,0,3349,75
04:28:37.185,sleep,15290,414,2912,16789,11,95,51.2,0.0,No,1500,2400,0,3347,75
04:28:38.184,active,15326,502,7696,16787,3,95,53.5,46.5,No,2400,2400,0,3311,75
04:28:39.184,active,15245,566,8700,16787,0,95,55.6,44.9,No,2400,2400,0,3298,75
04:28:40.184,active,15245,736,11226,16787,-5,95,56.2,46.4,No,2400,2400,0,3281,75
04:28:41.185,active,15275,662,10128,16787,-6,95,57.9,46.4,No,2400,2400,0,3280,75
04:28:42.184,active,15245,730,11150,16787,-6,95,56.8,48.5,No,2400,2400,0,3256,75
04:28:43.187,active,15307,596,9124,16788,0,95,57.3,50.3,No,2400,2400,0,3264,75
04:28:44.184,active,15277,632,9408,16788,0,95,57.9,47.3,No,2400,2400,0,3266,75
04:28:45.184,active,15294,904,13812,16787,0,95,57.3,47.9,No,2400,2400,0,3259,75
04:28:46.185,active,15301,550,10320,16788,-3,95,59.0,45.1,No,2400,2400,0,3245,75
04:28:47.185,active,15301,772,11824,16788,0,95,59.0,44.7,No,2400,2400,0,3239,75
04:28:48.185,active,15281,664,10204,16788,0,95,57.9,43.4,No,2400,2400,0,3244,75
04:28:49.184,active,15279,808,12384,16787,4,95,59.0,45.7,No,2400,2400,0,3236,75
04:28:50.184,active,15273,750,11498,16788,0,95,59.0,45.3,No,2400,2400,0,3239,75
04:28:51.184,active,15316,652,7964,16787,0,95,59.5,46.0,No,2400,2400,0,3232,75
04:28:52.184,active,15281,550,8448,16787,0,95,59.5,43.5,No,2400,2400,0,3227,75
04:28:53.187,active,15275,848,9742,16789,0,95,59.0,45.5,No,2400,2400,0,3229,75
04:28:54.185,active,15271,776,11902,16788,0,95,59.0,46.9,No,2400,2400,0,3215,75
04:28:55.184,active,15281,862,9858,16787,-3,95,59.5,52.4,No,2400,2400,0,3208,75
04:28:56.184,active,15277,830,12694,16786,-4,95,58.4,47.8,No,2400,2400,0,4422,125
04:28:57.186,active,15311,468,7176,16786,-4,95,60.0,49.8,No,2400,2400,0,5258,125
04:28:58.185,active,15303,436,6674,16787,0,95,60.0,46.2,No,2400,2400,0,5321,125
04:28:59.186,active,15322,470,7214,16787,0,95,59.5,45.0,No,2400,2400,0,5323,125
04:29:00.184,active,15314,494,8112,16788,0,95,59.5,48.7,No,2400,2400,0,5324,125
04:29:01.184,active,15314,482,7408,16788,0,95,59.5,48.1,No,2400,2400,0,5331,125
04:29:02.184,active,15309,522,6982,16787,0,95,59.5,45.7,No,2400,2400,0,5342,125
04:29:03.184,active,15320,482,7388,16786,0,95,60.0,45.5,No,2400,2400,0,5352,125
04:29:04.185,active,15324,550,6982,16786,0,95,60.0,45.9,No,2400,2400,0,5351,125
04:29:05.185,active,15350,476,7310,16788,0,95,59.0,48.2,No,2400,2400,0,5360,125
04:29:06.184,active,15234,550,7330,16786,0,95,59.5,46.5,No,2400,2400,0,5360,125
04:29:07.184,active,15262,858,13136,16787,0,95,59.5,48.3,No,2400,2400,0,5374,125
04:29:08.184,active,15251,818,12520,16787,0,95,60.0,46.6,No,2400,2400,0,5381,125
04:29:09.185,active,15283,618,9472,16786,-6,95,60.6,48.6,No,2400,2400,0,5387,125
04:29:10.185,active,15268,776,11882,16785,-5,95,59.5,49.0,No,2400,2400,0,5392,125
04:29:11.185,active,15262,600,9182,16785,-8,95,60.0,47.5,No,2400,2400,0,5398,125
04:29:12.184,active,15305,840,12828,16785,-5,95,60.0,48.2,No,2400,2400,0,5403,125
04:29:13.184,active,15273,536,12826,16786,-7,95,60.0,47.4,No,2400,2400,0,5403,125
04:29:14.185,active,15301,782,11940,16786,-5,95,61.1,47.4,No,2400,2400,0,5419,125
04:29:15.188,active,15307,486,12596,16787,-5,95,60.6,46.0,No,2400,2400,0,5423,125
04:29:16.187,active,15305,570,8738,16788,0,95,59.5,46.3,No,2400,2400,0,5429,125
04:29:17.184,active,15286,552,8488,16786,0,95,59.5,47.5,No,2400,2400,0,5430,125
04:29:18.184,active,15318,684,10514,16785,-4,95,60.0,47.2,No,2400,2400,0,5438,125
04:29:19.184,active,15283,530,8160,16786,0,95,60.6,47.4,No,2400,2400,0,5448,125
04:29:20.185,active,15288,726,11130,16785,-3,95,60.0,47.6,No,2400,2400,0,5449,125
04:29:21.188,active,15277,700,10744,16786,-5,95,60.6,48.3,No,2400,2400,0,5449,125
04:29:22.185,active,15290,822,8082,16787,-3,95,60.0,47.7,No,2400,2400,0,5456,125
04:29:23.184,active,15281,694,10648,16785,-9,95,59.5,49.5,No,2400,2400,0,5454,125
04:29:24.184,active,15279,874,10030,16785,-4,95,59.5,48.8,No,2400,2400,0,5460,125
04:29:25.184,active,15314,520,7986,16785,-5,95,60.0,48.9,No,2400,2400,0,5463,125
04:29:26.185,active,15311,486,7446,16786,-4,95,60.6,48.2,No,2400,2400,0,5466,125
04:29:27.185,active,15305,472,7234,16787,0,95,59.5,47.9,No,2400,2400,0,5466,125
04:29:28.184,active,15309,568,8718,16787,0,95,59.5,48.7,No,2400,2400,0,5475,125
04:29:29.184,active,15309,490,8016,16786,0,95,59.5,49.3,No,2400,2400,0,5475,125
04:29:30.184,active,15314,454,6964,16786,0,95,60.0,51.0,No,2400,2400,0,5474,125
04:29:31.185,active,15316,508,7812,16786,0,95,60.6,50.0,No,2400,2400,0,5483,125
04:29:32.189,active,15279,456,7022,16785,-4,95,60.6,48.1,No,2400,2400,0,5468,125
04:29:33.185,active,15305,502,7696,16788,0,95,60.0,48.7,No,2400,2400,0,5494,125
04:29:34.184,active,15277,766,11728,16786,0,95,58.4,45.5,No,2400,2400,0,5488,125
04:29:35.184,active,15271,668,10224,16787,0,95,59.5,48.2,No,2400,2400,0,5491,125
04:29:36.184,active,15256,796,12172,16786,0,95,60.6,48.2,No,2400,2400,0,5491,125
04:29:37.185,active,15275,686,10514,16785,0,95,60.6,49.2,No,2400,2400,0,5489,125
04:29:38.184,sleep,15294,542,7290,16787,3,95,57.3,12.1,No,2400,2400,0,5525,125
04:29:39.184,sleep,15301,472,7252,16788,8,95,56.8,0.0,No,2400,2400,0,5535,125
04:29:40.184,sleep,15292,446,7658,16789,10,95,56.2,0.0,No,2400,2400,0,5531,125
04:29:41.184,sleep,15307,510,7812,16789,9,95,55.6,-0.0,No,2400,2400,0,5535,125
04:29:42.184,sleep,15299,406,7060,16790,14,95,55.1,0.0,No,2400,2400,0,5526,125
04:29:43.184,sleep,15292,242,3722,16790,12,95,53.5,-0.0,No,1500,2400,0,4631,75
04:29:44.185,sleep,15292,342,5246,16790,16,95,52.4,0.5,No,1500,2400,0,3578,75
04:29:45.184,sleep,15292,474,7272,16790,17,95,52.9,0.0,No,1500,2400,0,3429,75
04:29:46.185,sleep,15290,320,4918,16791,17,95,52.4,0.3,No,1500,2400,0,3404,75
04:29:47.185,sleep,15294,478,7330,16791,16,95,51.8,0.0,No,1500,2400,0,3394,75
04:29:48.185,sleep,15292,598,9162,16791,16,95,53.5,0.0,No,1500,2400,0,3378,75
04:29:49.184,sleep,15292,520,7454,16790,12,95,51.8,-0.0,No,1500,2400,0,3376,75
04:29:50.184,sleep,15296,290,4456,16789,12,95,51.8,0.0,No,1500,2400,0,3377,75
04:29:51.184,sleep,15299,214,5884,16788,10,95,51.2,-0.0,No,1500,2400,0,3371,75
04:29:52.184,sleep,15294,496,7620,16790,10,95,51.2,0.0,No,1500,2400,0,3359,75
04:29:53.184,active,15296,504,7736,16787,3,95,54.5,45.6,No,2400,2400,0,3321,75
04:29:54.185,active,15301,516,7908,16787,-6,95,55.6,43.0,No,2400,2400,0,3313,75
04:29:55.184,active,15322,474,7292,16786,-7,95,55.1,46.0,No,2400,2400,0,3306,75
04:29:56.184,active,15305,428,6558,16787,-6,95,56.2,46.9,No,2400,2400,0,3300,75
04:29:57.184,active,15324,528,8082,16788,0,95,57.9,46.7,No,2400,2400,0,3294,75
04:29:58.184,active,15307,514,7634,16786,-4,95,58.4,47.0,No,2400,2400,0,3289,75
04:29:59.185,active,15346,450,6924,16786,0,95,57.9,45.8,No,2400,2400,0,3279,75
04:30:00.184,active,15318,446,8430,16786,0,95,57.9,45.0,No,2400,2400,0,3285,75
04:30:01.185,active,15354,514,7890,16787,0,95,57.3,47.2,No,2400,2400,0,3257,75
04:30:02.184,active,15290,826,12654,16787,-7,95,57.9,47.0,No,2400,2400,0,3254,75
04:30:03.184,active,15271,746,11420,16788,-5,95,58.4,43.6,No,2400,2400,0,3247,75
04:30:04.185,active,15283,836,12790,16788,-4,95,60.6,46.1,No,2400,2400,0,3246,75
04:30:05.185,active,15247,730,11150,16786,-6,95,60.6,51.9,No,2400,2400,0,3232,75
04:30:06.185,active,15273,626,9606,16786,-3,95,59.5,49.5,No,2400,2400,0,3246,75
04:30:07.186,active,15253,642,9800,16786,0,95,59.0,49.9,No,2400,2400,0,4995,125
04:30:08.184,active,15277,780,11922,16787,0,95,59.5,45.2,No,2400,2400,0,5348,125
04:30:09.184,active,15247,844,13272,16788,0,95,59.5,44.3,No,2400,2400,0,5367,125
04:30:10.184,active,15275,794,12152,16788,0,95,61.1,47.7,No,2400,2400,0,5356,125
04:30:11.185,active,15309,578,8160,16788,3,95,59.5,43.8,No,2400,2400,0,5366,125
04:30:12.187,active,15354,490,7522,16787,0,95,57.9,45.6,No,2400,2400,0,5361,125
04:30:13.184,active,15283,660,10128,16786,-4,95,59.0,50.1,No,2400,2400,0,5370,125
04:30:14.184,active,15303,720,11054,16786,-3,95,59.5,46.9,No,2400,2400,0,5378,125
04:30:15.189,active,15277,662,10146,16787,0,95,60.6,49.4,No,2400,2400,0,5376,125
04:30:16.189,active,15279,834,12770,16788,0,95,59.5,47.6,No,2400,2400,0,5382,125
04:30:17.185,active,15273,872,13350,16787,0,95,60.0,48.6,No,2400,2400,0,5385,125
04:30:18.186,active,15283,852,9988,16786,-4,95,59.5,49.4,No,2400,2400,0,5394,125
04:30:19.184,active,15268,842,12886,16786,0,95,60.0,48.4,No,2400,2400,0,5400,125
04:30:20.184,active,15283,824,10262,16786,-3,95,60.0,50.1,No,2400,2400,0,5402,125
04:30:21.184,active,15299,530,8140,16787,0,95,60.0,47.9,No,2400,2400,0,5411,125
04:30:22.185,active,15303,502,7678,16788,0,95,60.6,45.0,No,2400,2400,0,5423,125
04:30:23.185,active,15307,448,6886,16788,0,95,61.1,47.2,No,2400,2400,0,5427,125
04:30:24.184,active,15305,518,7948,16788,-5,95,59.5,47.1,No,2400,2400,0,5436,125
04:30:25.184,active,15307,486,7466,16787,-4,95,59.5,48.1,No,2400,2400,0,5433,125
04:30:26.184,active,15322,516,7928,16786,0,95,60.0,48.0,No,2400,2400,0,5436,125
04:30:27.185,active,15320,514,7890,16786,-3,95,60.6,47.1,No,2400,2400,0,5448,125
04:30:28.185,active,15318,466,7156,16787,0,95,60.6,46.6,No,2400,2400,0,5449,125
04:30:29.185,active,15314,540,7330,16786,-3,95,59.5,46.1,No,2400,2400,0,5455,125
04:30:30.184,active,15277,812,12424,16786,0,95,59.5,48.6,No,2400,2400,0,5452,125
04:30:31.184,active,15266,808,12366,16787,0,95,59.0,48.8,No,2400,2400,0,5454,125
04:30:32.184,active,15266,832,12732,16786,0,95,60.6,48.9,No,2400,2400,0,5466,125
04:30:33.189,active,15256,762,11670,16787,0,95,60.6,48.3,No,2400,2400,0,5463,125
04:30:34.185,active,15256,858,13136,16788,0,95,60.0,47.5,No,2400,2400,0,5472,125
04:30:35.184,active,15236,864,13214,16788,3,95,59.5,48.2,No,2400,2400,0,5482,125
04:30:36.184,active,15260,826,12654,16788,0,95,59.0,49.0,No,2400,2400,0,5481,125
04:30:37.184,active,15281,840,12848,16787,0,95,60.0,48.8,No,2400,2400,0,5476,125
04:30:38.185,active,15281,608,9318,16787,0,95,61.1,49.5,No,2400,2400,0,5486,125
04:30:39.185,active,15346,502,7736,16788,0,95,59.5,48.5,No,2400,2400,0,5487,125
04:30:40.188,active,15316,702,7080,16788,0,95,60.0,48.5,No,2400,2400,0,5489,125
04:30:41.184,active,15352,446,6848,16787,0,95,59.5,51.9,No,2400,2400,0,5485,125
04:30:42.184,active,15314,688,7060,16787,0,95,59.5,47.8,No,2400,2400,0,5490,125
04:30:43.184,active,15314,644,9896,16786,0,95,60.6,47.2,No,2400,2400,0,5496,125
04:30:44.185,active,15292,890,8546,16787,0,95,60.6,48.0,No,2400,2400,0,5495,125
04:30:45.185,active,15311,716,10976,16786,-3,95,59.5,46.5,No,2400,2400,0,5491,125
04:30:46.184,active,15294,724,11400,16786,-3,95,60.0,47.2,No,2400,2400,0,5499,125
04:30:47.184,active,15292,860,13176,16787,0,95,59.5,50.8,No,2400,2400,0,5498,125
04:30:48.184,active,15281,612,9394,16787,0,95,60.0,48.1,No,2400,2400,0,5508,125
04:30:49.184,active,15303,564,7310,16787,0,95,60.6,46.4,No,2400,2400,0,5503,125
04:30:50.189,active,15309,444,6828,16786,0,95,61.1,48.9,No,2400,2400,0,5499,125
04:30:51.188,active,15361,452,8372,16786,0,95,60.6,53.7,No,2400,2400,0,5497,125
04:30:52.184,active,15311,480,7368,16788,0,95,59.5,47.5,No,2400,2400,0,5499,125
04:30:53.184,sleep,15301,544,7832,16787,3,95,57.9,13.4,No,2400,2400,0,5530,125
04:30:54.184,sleep,15292,426,6520,16790,9,95,56.2,-0.0,No,2400,2400,0,5539,125
04:30:55.184,sleep,15299,260,6712,16789,7,95,56.2,-0.0,No,2400,2400,0,5545,125
04:30:56.184,sleep,15290,496,7600,16788,9,95,55.6,0.0,No,2400,2400,0,5529,125
04:30:57.184,sleep,15290,490,7522,16788,9,95,54.5,0.0,No,2400,2400,0,5546,125
04:30:58.184,sleep,15299,494,6538,16789,8,95,54.0,0.0,No,1500,2400,0,5545,125
04:30:59.184,sleep,15290,358,5478,16790,16,95,53.5,0.0,No,1500,2400,0,4212,75
04:31:00.184,sleep,15294,490,7484,16790,15,95,53.5,-0.0,No,1500,2400,0,3518,75
04:31:01.184,sleep,15288,262,4032,16790,14,95,52.4,0.0,No,1500,2400,0,3410,75
04:31:02.184,sleep,15290,440,7138,16790,15,95,52.4,-0.0,No,1500,2400,0,3405,75
04:31:03.184,sleep,15290,394,6056,16789,14,95,52.9,0.0,No,1500,2400,0,3404,75
04:31:04.185,sleep,15296,484,3588,16791,17,95,51.8,0.0,No,1500,2400,0,3395,75
04:31:05.185,sleep,15292,390,5980,16790,12,95,51.8,0.0,No,1500,2400,0,3389,75
04:31:06.184,sleep,15301,348,5844,16791,14,95,51.2,0.0,No,1500,2400,0,3371,75
04:31:07.184,sleep,15290,470,4706,16790,13,95,51.2,-0.0,No,1500,2400,0,3376,75
04:31:08.185,active,15283,474,7292,16786,0,95,53.5,44.1,No,2400,2400,0,3345,75
04:31:09.184,active,15309,678,6964,16787,0,95,55.1,43.6,No,2400,2400,0,3332,75
04:31:10.184,active,15283,892,13658,16787,0,95,56.2,46.1,No,2400,2400,0,3307,75
04:31:11.185,active,15275,770,10474,16786,-6,95,57.3,46.5,No,2400,2400,0,3309,75
04:31:12.189,active,15281,732,11208,16786,0,95,57.3,46.4,No,2400,2400,0,3303,75
04:31:13.185,active,15273,756,12848,16789,0,95,57.3,46.1,No,2400,2400,0,3292,75
04:31:14.184,active,15273,838,12828,16789,0,95,57.3,46.4,No,2400,2400,0,3284,75
04:31:15.184,active,15266,866,13310,16787,-3,95,57.9,47.4,No,2400,2400,0,3274,75
04:31:16.184,active,15307,514,9780,16786,-4,95,59.0,46.8,No,2400,2400,0,3257,75
04:31:17.185,active,15301,460,7060,16787,0,95,59.0,43.5,No,2400,2400,0,3252,75
04:31:18.185,active,15296,410,6250,16787,-3,95,58.4,42.6,No,2400,2400,0,3261,75
04:31:19.188,active,15299,492,7542,16787,-3,95,58.4,43.2,No,2400,2400,0,3264,75
04:31:20.184,active,15301,438,6288,16787,-6,95,57.9,43.8,No,2400,2400,0,3254,75
04:31:21.184,active,15307,440,6770,16786,-7,95,59.0,47.8,No,2400,2400,0,3243,75
04:31:22.185,active,15324,484,6752,16786,-6,95,60.0,49.1,No,2400,2400,0,3243,75
04:31:23.188,active,15299,456,7002,16785,-6,95,59.5,45.9,No,2400,2400,0,3238,75
04:31:24.185,active,15307,450,6906,16786,0,95,59.5,43.2,No,2400,2400,0,3239,75
04:31:25.186,active,15311,484,7426,16789,0,95,59.0,44.6,No,2400,2400,0,3241,75
04:31:26.184,active,15277,834,12790,16787,-3,95,58.4,45.8,No,2400,2400,0,3233,75
04:31:27.184,active,15260,808,11498,16786,-4,95,59.0,45.9,No,2400,2400,0,3228,75
04:31:28.184,active,15268,776,11864,16785,-7,95,60.0,47.3,No,2400,2400,0,3211,75
04:31:29.188,active,15264,934,13194,16785,-5,95,61.1,48.0,No,2400,2400,0,5053,125
04:31:30.185,active,15273,822,12596,16786,-4,95,59.5,45.4,No,2400,2400,0,5335,125
04:31:31.184,active,15251,642,9838,16786,-6,95,60.0,49.1,No,2400,2400,0,5344,125
04:31:32.184,active,15273,786,12018,16787,-5,95,59.5,47.6,No,2400,2400,0,5347,125
04:31:33.184,active,15268,724,11092,16786,-6,95,60.0,46.4,No,2400,2400,0,5350,125
04:31:34.185,active,15275,708,10842,16786,-6,95,60.0,48.1,No,2400,2400,0,5349,125
04:31:35.185,active,15346,506,7792,16786,-8,95,60.0,47.1,No,2400,2400,0,5362,125
04:31:36.185,active,15311,636,8352,16786,-6,95,60.6,48.2,No,2400,2400,0,5361,125
04:31:37.184,active,15357,518,7986,16785,-8,95,59.5,47.6,No,2400,2400,0,5372,125
04:31:38.184,active,15279,788,10802,16786,-5,95,60.6,47.3,No,2400,2400,0,5378,125
04:31:39.185,active,15316,678,10416,16786,-3,95,60.0,47.0,No,2400,2400,0,5388,125
04:31:40.188,active,15283,368,7792,16784,-7,95,60.0,46.7,No,2400,2400,0,5383,125
04:31:41.189,active,15318,698,10726,16785,-4,95,60.0,46.9,No,2400,2400,0,5394,125
04:31:42.184,active,15286,658,10088,16785,-3,95,59.5,47.1,No,2400,2400,0,5399,125
04:31:43.184,active,15281,756,11574,16788,0,95,59.5,47.8,No,2400,2400,0,5404,125
04:31:44.184,active,15303,510,7832,16787,-4,95,61.1,48.1,No,2400,2400,0,5414,125
04:31:45.185,active,15301,438,7600,16787,-9,95,60.6,47.8,No,2400,2400,0,5421,125
04:31:46.189,active,15301,448,6866,16786,-5,95,60.6,48.3,No,2400,2400,0,5420,125
04:31:47.185,active,15311,444,8218,16786,-5,95,59.5,47.6,No,2400,2400,0,5434,125
04:31:48.184,active,15314,510,7832,16785,-6,95,59.0,50.0,No,2400,2400,0,5437,125
04:31:49.184,active,15309,424,7754,16785,-7,95,59.5,48.8,No,2400,2400,0,5437,125
04:31:50.184,active,15307,550,8430,16786,-6,95,60.0,49.0,No,2400,2400,0,5441,125
04:31:51.185,active,15309,756,8526,16786,-7,95,60.0,47.8,No,2400,2400,0,5446,125
04:31:52.185,active,15311,492,7542,16786,-7,95,60.0,47.9,No,2400,2400,0,5454,125
04:31:53.184,active,15320,492,7542,16785,-8,95,59.5,47.7,No,2400,2400,0,5457,125
04:31:54.184,active,15273,782,11960,16785,-6,95,59.0,48.8,No,2400,2400,0,5462,125
04:31:55.184,active,15279,762,11670,16784,-8,95,60.0,49.9,No,2400,2400,0,5463,125
04:31:56.185,active,15264,796,13678,16786,-8,95,60.0,51.4,No,2400,2400,0,5470,125
04:31:57.185,active,15271,846,12964,16786,-3,95,60.0,48.8,No,2400,2400,0,5468,125
04:31:58.185,active,15273,778,13098,16786,-4,95,59.5,46.3,No,2400,2400,0,5474,125
04:31:59.184,active,15264,822,12578,16786,0,95,59.5,45.8,No,2400,2400,0,5475,125
04:32:00.184,active,15266,618,10262,16784,-9,95,60.6,52.3,No,2400,2400,0,5469,125
04:32:01.189,active,15266,686,10514,16784,-7,95,61.1,47.1,No,2400,2400,0,5479,125
04:32:02.185,active,15283,690,10552,16786,-4,95,61.1,46.9,No,2400,2400,0,5478,125
04:32:03.185,active,15324,474,7678,16786,0,95,60.0,49.6,No,2400,2400,0,5484,125
04:32:04.191,active,15346,484,7446,16786,-3,95,60.0,48.4,No,2400,2400,0,5484,125
04:32:05.184,active,15288,716,13156,16787,0,95,60.6,48.1,No,2400,2400,0,5482,125
04:32:06.184,active,15316,610,9356,16787,0,95,61.1,51.9,No,2400,2400,0,5488,125
04:32:07.187,active,15281,586,9008,16786,0,95,61.1,50.1,No,2400,2400,0,5484,125
04:32:08.184,sleep,15292,532,8178,16788,5,95,57.3,15.6,No,2400,2400,0,5531,125
04:32:09.184,sleep,15296,424,6520,16788,12,95,56.8,-0.0,No,2400,2400,0,5538,125
04:32:10.184,sleep,15281,448,7122,16788,4,95,56.2,0.0,No,2400,2400,0,5537,125
04:32:11.184,sleep,15290,530,8140,16789,5,95,55.6,0.3,No,2400,2400,0,5535,125
04:32:12.184,sleep,15299,490,7600,16790,9,95,56.2,0.0,No,2400,2400,0,5541,125
04:32:13.184,sleep,15288,400,6114,16790,11,95,54.0,0.3,No,1500,2400,0,5546,125
04:32:14.184,sleep,15299,600,9202,16790,12,95,53.5,0.0,No,1500,2400,0,3893,75
04:32:15.184,sleep,15294,306,4706,16790,14,95,53.5,0.0,No,1500,2400,0,3472,75
04:32:16.184,sleep,15296,456,7002,16790,19,95,52.4,0.0,No,1500,2400,0,3410,75
04:32:17.184,sleep,15288,482,7388,16790,17,95,52.4,-0.0,No,1500,2400,0,3384,75
04:32:18.184,sleep,15301,404,6212,16790,12,95,51.8,0.0,No,1500,2400,0,3380,75
04:32:19.184,sleep,15296,578,5526,16791,14,95,51.8,-0.0,No,1500,2400,0,3371,75
04:32:20.184,sleep,15294,416,6384,16790,13,95,51.8,0.0,No,1500,2400,0,3372,75
04:32:21.184,sleep,15290,306,5304,16791,18,95,51.2,0.0,No,1500,2400,0,3380,75
04:32:22.184,sleep,15299,498,7658,16790,15,95,50.7,0.0,No,1500,2400,0,3353,75
04:32:23.184,active,15301,794,12152,16787,3,95,55.1,46.5,No,2400,2400,0,3318,75
04:32:24.185,active,15283,630,9664,16786,-7,95,56.2,49.0,No,2400,2400,0,3320,75
04:32:25.185,active,15260,828,12694,16786,-8,95,56.2,46.4,No,2400,2400,0,3316,75
04:32:26.185,active,15305,548,8410,16786,-8,95,56.2,45.3,No,2400,2400,0,3313,75
04:32:27.184,active,15268,624,9588,16787,-6,95,56.8,46.7,No,2400,2400,0,3297,75
04:32:28.184,active,15273,702,12792,16787,-6,95,57.3,47.0,No,2400,2400,0,3296,75
04:32:29.185,active,15251,524,8044,16786,-10,95,59.0,46.8,No,2400,2400,0,3289,75
04:32:30.185,active,15311,674,11516,16785,-4,95,59.5,45.0,No,2400,2400,0,3274,75
04:32:31.187,active,15318,668,10244,16786,-8,95,58.4,46.3,No,2400,2400,0,3281,75
04:32:32.187,active,15281,404,6230,16787,-11,95,59.5,46.0,No,2400,2400,0,3271,75
04:32:33.184,active,15286,790,12114,16787,-11,95,59.5,50.4,No,2400,2400,0,3262,75
04:32:34.184,active,15288,472,7272,16786,-8,95,60.0,54.4,No,2400,2400,0,4195,125
04:32:35.184,active,15324,490,7522,16785,-8,95,60.6,47.4,No,2400,2400,0,5294,125
04:32:36.185,active,15288,520,8006,16786,-3,95,59.5,42.5,No,2400,2400,0,5381,125
04:32:37.187,active,15290,914,14024,16785,-4,95,59.0,46.3,No,2400,2400,0,5384,125
04:32:38.184,active,15286,480,7368,16785,-5,95,59.0,49.0,No,2400,2400,0,5376,125
04:32:39.184,active,15292,660,10128,16785,-7,95,60.0,45.0,No,2400,2400,0,5377,125
04:32:40.184,active,15299,540,8294,16785,-3,95,59.5,48.9,No,2400,2400,0,5364,125
04:32:41.185,active,15303,734,8448,16787,-4,95,59.5,46.7,No,2400,2400,0,5382,125
04:32:42.185,active,15307,462,7080,16786,0,95,59.5,48.1,No,2400,2400,0,5383,125
04:32:43.186,active,15303,408,6268,16786,0,95,59.0,47.9,No,2400,2400,0,5397,125
04:32:44.184,active,15305,498,7658,16786,0,95,59.0,48.2,No,2400,2400,0,5407,125
04:32:45.184,active,15316,572,8758,16787,0,95,59.5,49.9,No,2400,2400,0,5403,125
04:32:46.184,active,15305,506,7498,16787,0,95,60.0,46.3,No,2400,2400,0,5416,125
04:32:47.185,active,15309,484,7426,16786,-3,95,59.0,46.1,No,2400,2400,0,5418,125
04:32:48.185,active,15320,532,6538,16786,-3,95,59.5,47.6,No,2400,2400,0,5422,125
04:32:49.184,active,15271,870,13310,16787,-3,95,59.5,48.8,No,2400,2400,0,5431,125
04:32:50.184,active,15273,764,11710,16787,0,95,59.5,46.8,No,2400,2400,0,5435,125
04:32:51.184,active,15277,844,12924,16787,-3,95,59.0,46.3,No,2400,2400,0,5436,125
04:32:52.185,active,15262,898,13754,16786,0,95,60.0,47.5,No,2400,2400,0,5441,125
04:32:53.185,active,15271,820,13050,16786,0,95,60.0,45.8,No,2400,2400,0,5444,125
04:32:54.185,active,15260,786,12056,16786,-4,95,58.4,48.1,No,2400,2400,0,5448,125
04:32:55.184,active,15256,820,12538,16786,-4,95,60.0,47.4,No,2400,2400,0,5452,125
04:32:56.184,active,15230,862,13194,16787,-5,95,60.0,46.4,No,2400,2400,0,5456,125
04:32:57.184,active,15264,860,13446,16787,0,95,59.5,46.3,No,2400,2400,0,5461,125
04:32:58.185,active,15333,486,7484,16786,0,95,60.0,45.4,No,2400,2400,0,5466,125
04:32:59.186,active,15331,472,7252,16785,-4,95,60.0,46.5,No,2400,2400,0,5475,125
04:33:00.184,active,15354,556,8564,16784,-8,95,59.5,47.5,No,2400,2400,0,5470,125
04:33:01.184,active,15309,506,7774,16784,-5,95,59.5,48.4,No,2400,2400,0,5479,125
04:33:02.184,active,15357,528,6694,16786,-6,95,60.0,49.2,No,2400,2400,0,5478,125
04:33:03.188,active,15303,470,7234,16788,0,95,59.5,48.4,No,2400,2400,0,5479,125
04:33:04.185,active,15309,688,8622,16787,-4,95,59.5,48.2,No,2400,2400,0,5483,125
04:33:05.185,active,15283,438,6732,16787,0,95,60.0,47.6,No,2400,2400,0,5492,125
04:33:06.184,active,15322,680,7580,16787,0,95,59.5,48.6,No,2400,2400,0,5485,125
04:33:07.184,active,15301,628,9644,16785,0,95,59.5,49.3,No,2400,2400,0,5491,125
04:33:08.184,active,15301,526,8064,16785,0,95,60.6,49.6,No,2400,2400,0,5492,125
04:33:09.189,active,15299,480,7350,16785,-3,95,59.0,48.0,No,2400,2400,0,5492,125
04:33:10.185,active,15303,480,7368,16787,0,95,59.0,48.0,No,2400,2400,0,5486,125
04:33:11.184,active,15301,504,9016,16786,0,95,59.0,48.9,No,2400,2400,0,5493,125
04:33:12.184,active,15307,490,7504,16786,0,95,59.5,51.0,No,2400,2400,0,5490,125
04:33:13.184,active,15307,566,8718,16786,-3,95,60.0,48.3,No,2400,2400,0,5495,125
04:33:14.184,active,15318,554,8488,16786,-3,95,60.6,48.6,No,2400,2400,0,5489,125
04:33:15.188,active,15309,580,8198,16786,-3,95,60.0,46.9,No,2400,2400,0,5497,125
04:33:16.185,active,15307,438,6712,16787,-4,95,60.0,46.8,No,2400,2400,0,5501,125
04:33:17.184,active,15275,800,12268,16787,0,95,59.5,50.8,No,2400,2400,0,5505,125
04:33:18.184,active,15281,832,9916,16786,0,95,59.5,47.4,No,2400,2400,0,5512,125
04:33:19.184,active,15268,912,13966,16785,-4,95,60.0,48.1,No,2400,2400,0,5504,125
04:33:20.185,active,15275,842,13022,16787,0,95,59.5,45.5,No,2400,2400,0,5500,125
04:33:21.185,active,15256,888,13580,16786,0,95,60.6,46.1,No,2400,2400,0,5520,125
04:33:22.188,active,15266,864,12712,16788,0,95,57.9,47.9,No,2400,2400,0,5519,125
04:33:23.185,sleep,15288,336,5170,16790,6,95,56.8,16.2,No,1500,2400,0,5551,125
04:33:24.184,sleep,15288,406,4572,16791,19,95,55.6,0.0,No,1500,2400,0,5562,125
04:33:25.184,sleep,15290,418,6404,16791,18,95,54.5,0.0,No,1500,2400,0,5230,75
04:33:26.185,sleep,15292,276,4224,16791,16,95,53.5,0.0,No,1500,2400,0,3663,75
04:33:27.185,sleep,15290,296,8430,16790,14,95,53.5,-0.0,No,1500,2400,0,3446,75
04:33:28.184,sleep,15290,510,7832,16790,16,95,52.9,-0.0,No,1500,2400,0,3404,75
04:33:29.184,sleep,15299,528,7292,16790,15,95,52.9,0.0,No,1500,2400,0,3392,75
04:33:30.184,sleep,15294,448,6866,16789,13,95,51.8,0.0,No,1500,2400,0,3375,75
04:33:31.184,sleep,15296,578,5998,16789,12,95,51.8,0.0,No,1500,2400,0,3390,75
04:33:32.184,sleep,15296,366,5612,16789,11,95,51.8,0.0,No,1500,2400,0,3386,75
04:33:33.184,sleep,15296,352,6558,16790,11,95,51.8,0.0,No,1500,2400,0,3373,75
04:33:34.185,sleep,15296,354,5420,16791,12,95,51.8,-0.0,No,1500,2400,0,3372,75
04:33:35.184,sleep,15294,240,3684,16790,8,95,51.8,0.0,No,1500,2400,0,3357,75
04:33:36.185,sleep,15290,536,4128,16790,10,95,50.7,-0.0,No,1500,2400,0,3350,75
04:33:37.184,sleep,15299,286,4378,16788,6,95,51.2,0.0,No,1500,2400,0,3348,75
04:33:38.187,active,15301,398,10204,16784,-5,95,54.0,47.1,No,2400,2400,0,3319,75
04:33:39.184,active,15299,416,6404,16786,-12,95,55.1,49.0,No,2400,2400,0,3289,75
04:33:40.184,active,15301,448,7850,16787,-6,95,56.2,48.6,No,2400,2400,0,3292,75
04:33:41.184,active,15292,424,6500,16787,-6,95,56.2,45.6,No,2400,2400,0,3293,75
04:33:42.185,active,15305,492,6674,16786,-9,95,56.8,44.8,No,2400,2400,0,3276,75
04:33:43.185,active,15307,454,6964,16785,-8,95,56.2,46.5,No,2400,2400,0,3280,75
04:33:44.185,active,15279,704,10802,16786,-7,95,56.2,43.9,No,2400,2400,0,3274,75
04:33:45.184,active,15283,752,10146,16786,-5,95,57.3,45.3,No,2400,2400,0,3255,75
04:33:46.184,active,15273,740,11324,16787,-4,95,59.0,46.9,No,2400,2400,0,3253,75
04:33:47.184,active,15281,810,10166,16786,-7,95,59.0,47.3,No,2400,2400,0,3255,75
04:33:48.185,active,15283,702,10764,16787,-5,95,59.0,43.7,No,2400,2400,0,3246,75
04:33:49.185,active,15273,810,12790,16786,-8,95,57.9,47.8,No,2400,2400,0,3240,75
04:33:50.187,active,15279,902,13832,16785,-6,95,57.9,43.7,No,2400,2400,0,3237,75
04:33:51.184,active,15268,846,12982,16785,-4,95,59.0,44.2,No,2400,2400,0,3235,75
04:33:52.184,active,15277,770,11786,16787,-8,95,59.0,43.8,No,2400,2400,0,3223,75
04:33:53.185,active,15275,716,10956,16788,0,95,59.5,47.4,No,2400,2400,0,3225,75
04:33:54.189,active,15316,488,7408,16787,-4,95,59.0,49.0,No,2400,2400,0,3223,75
04:33:55.185,active,15333,476,7330,16786,-7,95,60.0,49.0,No,2400,2400,0,3201,75
04:33:56.184,active,15311,604,7736,16785,-9,95,57.9,48.6,No,2400,2400,0,3202,75
04:33:57.184,active,15320,444,6810,16785,-5,95,59.0,46.1,No,2400,2400,0,3210,75
04:33:58.184,active,15337,440,6326,16786,-6,95,59.5,45.9,No,2400,2400,0,3215,75
04:33:59.185,active,15331,444,6810,16787,-3,95,60.0,45.6,No,2400,2400,0,3213,75
04:34:00.185,active,15290,476,7330,16787,-4,95,60.0,45.4,No,2400,2400,0,3206,75
04:34:01.188,active,15350,448,6886,16785,-8,95,59.0,47.5,No,2400,2400,0,3203,75
04:34:02.184,active,15279,710,10898,16785,-4,95,60.0,46.4,No,2400,2400,0,3198,75
04:34:03.184,active,15305,480,11478,16784,-9,95,60.0,50.6,No,2400,2400,0,3199,75
04:34:04.184,active,15281,646,9896,16786,-4,95,60.6,48.2,No,2400,2400,0,3196,75
04:34:05.185,active,15296,462,13426,16786,-3,95,59.5,45.1,No,2400,2400,0,3184,75
04:34:06.185,active,15301,632,9702,16786,-4,95,59.5,48.4,No,2400,2400,0,3557,125
04:34:07.184,active,15296,680,10416,16784,-10,95,60.0,47.6,No,2400,2400,0,5171,125
04:34:08.184,active,15290,492,7522,16783,-12,95,60.0,47.7,No,2400,2400,0,5287,125
04:34:09.184,active,15294,648,9934,16783,-10,95,59.5,46.9,No,2400,2400,0,5305,125
04:34:10.188,active,15292,470,7214,16784,-9,95,60.6,46.5,No,2400,2400,0,5300,125
04:34:11.185,active,15305,436,6694,16785,-11,95,59.5,46.5,No,2400,2400,0,5303,125
04:34:12.185,active,15277,818,9916,16785,-10,95,59.5,46.3,No,2400,2400,0,5311,125
04:34:13.184,active,15288,866,13272,16785,-7,95,59.5,48.0,No,2400,2400,0,5319,125
04:34:14.184,active,15281,826,11150,16786,-3,95,60.0,47.6,No,2400,2400,0,5332,125
04:34:15.184,active,15277,886,13562,16785,0,95,61.1,46.5,No,2400,2400,0,5337,125
04:34:16.188,active,15275,844,12924,16785,-5,95,60.0,47.4,No,2400,2400,0,5347,125
04:34:17.185,active,15281,844,12924,16786,-4,95,60.0,47.7,No,2400,2400,0,5352,125
04:34:18.184,active,15266,732,11208,16786,-8,95,59.5,48.1,No,2400,2400,0,5362,125
04:34:19.184,active,15279,880,13484,16784,-8,95,59.5,49.4,No,2400,2400,0,5373,125
04:34:20.184,active,15258,794,12152,16785,-10,95,59.5,48.7,No,2400,2400,0,5382,125
04:34:21.185,active,15316,468,7832,16784,-8,95,62.2,48.9,No,2400,2400,0,5379,125
04:34:22.185,active,15307,538,8236,16785,-5,95,59.0,47.8,No,2400,2400,0,5381,125
04:34:23.189,active,15318,448,7696,16786,-6,95,60.0,48.1,No,2400,2400,0,5396,125
04:34:24.184,active,15311,466,7156,16787,-3,95,60.0,48.7,No,2400,2400,0,5401,125
04:34:25.184,active,15348,424,6500,16785,-6,95,59.5,49.4,No,2400,2400,0,5412,125
04:34:26.184,active,15324,452,6944,16785,-4,95,61.1,48.8,No,2400,2400,0,5419,125
04:34:27.185,active,15361,486,7466,16784,-3,95,60.6,50.9,No,2400,2400,0,5423,125
04:34:28.185,active,15346,492,7562,16784,-3,95,60.6,44.7,No,2400,2400,0,5423,125
04:34:29.185,active,15311,468,7176,16786,-6,95,59.5,46.7,No,2400,2400,0,5431,125
04:34:30.184,active,15359,460,7866,16786,0,95,60.0,46.1,No,2400,2400,0,5433,125
04:34:31.184,active,15262,780,11940,16787,0,95,60.6,47.6,No,2400,2400,0,5439,125
04:34:32.185,active,15305,884,13504,16785,0,95,60.6,50.0,No,2400,2400,0,5440,125
04:34:33.185,active,15258,668,10204,16786,0,95,60.6,45.1,No,2400,2400,0,5447,125
04:34:34.189,active,15301,818,12500,16786,0,95,59.5,46.4,No,2400,2400,0,5450,125
04:34:35.184,active,15301,440,6770,16786,0,95,59.5,47.7,No,2400,2400,0,5457,125
04:34:36.184,active,15299,586,8970,16787,0,95,60.6,48.9,No,2400,2400,0,5463,125
04:34:37.184,active,15322,540,8294,16787,0,95,61.1,51.0,No,2400,2400,0,5463,125
04:34:38.184,sleep,15294,486,7446,16789,4,95,57.9,19.1,No,2400,2400,0,5496,125
04:34:39.184,sleep,15296,466,7156,16788,13,95,56.8,0.0,No,2400,2400,0,5505,125
04:34:40.184,sleep,15299,520,7966,16788,9,95,56.2,0.0,No,2400,2400,0,5511,125
04:34:41.184,sleep,15286,710,7986,16788,9,95,56.2,0.0,No,2400,2400,0,5516,125
04:34:42.184,sleep,15290,458,7022,16788,10,95,55.6,0.0,No,2400,2400,0,5510,125
04:34:43.184,sleep,15292,328,5034,16787,10,95,54.5,0.0,No,1500,2400,0,5528,125
04:34:44.184,sleep,15288,522,8006,16791,14,95,54.5,-0.0,No,1500,2400,0,4719,75
04:34:45.184,sleep,15292,510,7832,16791,15,95,53.5,0.0,No,1500,2400,0,3560,75
04:34:46.185,sleep,15292,520,7986,16790,11,95,52.9,-0.0,No,1500,2400,0,3395,75
04:34:47.185,sleep,15286,356,5458,16788,11,95,52.4,0.3,No,1500,2400,0,3379,75
04:34:48.185,sleep,15290,332,5092,16789,12,95,52.9,0.0,No,1500,2400,0,3376,75
04:34:49.184,sleep,15294,436,6694,16789,10,95,51.8,0.0,No,1500,2400,0,3377,75
04:34:50.184,sleep,15290,380,8680,16788,11,95,51.8,0.0,No,1500,2400,0,3365,75
04:34:51.185,sleep,15292,542,8314,16790,12,95,51.8,-0.0,No,1500,2400,0,3365,75
04:34:52.184,sleep,15283,582,8314,16790,13,95,51.8,0.0,No,1500,2400,0,3356,75
04:34:53.184,active,15320,560,8604,16787,0,95,55.1,41.7,No,2400,2400,0,3314,75
04:34:54.184,active,15305,436,6694,16785,-6,95,56.2,49.5,No,2400,2400,0,3282,75
04:34:55.185,active,15311,682,10474,16785,-8,95,56.2,46.0,No,2400,2400,0,3290,75
04:34:56.185,active,15335,448,6866,16787,-3,95,57.3,46.8,No,2400,2400,0,3297,75
04:34:57.185,active,15316,608,9318,16786,-5,95,56.8,46.0,No,2400,2400,0,3294,75
04:34:58.184,active,15245,634,9722,16785,-4,95,57.3,47.5,No,2400,2400,0,3286,75
04:34:59.186,active,15299,554,11844,16785,-8,95,59.0,46.6,No,2400,2400,0,3284,75
04:35:00.185,active,15281,642,9838,16786,-6,95,59.0,46.5,No,2400,2400,0,3274,75
04:35:01.185,active,15296,458,10012,16785,-5,95,59.0,45.5,No,2400,2400,0,3269,75
04:35:02.185,active,15290,570,8738,16787,0,95,58.4,46.2,No,2400,2400,0,3266,75
04:35:03.184,active,15316,734,10956,16786,-4,95,58.4,50.5,No,2400,2400,0,3258,75
04:35:04.184,active,15299,502,7678,16786,-3,95,58.4,50.3,No,2400,2400,0,3246,75
04:35:05.185,active,15301,532,8160,16786,0,95,59.5,50.9,No,2400,2400,0,3234,75
04:35:06.189,active,15303,442,6790,16787,0,95,59.5,48.9,No,2400,2400,0,3233,75
04:35:07.185,active,15305,398,6114,16788,0,95,59.5,49.0,No,2400,2400,0,3233,75
04:35:08.186,active,15277,766,10494,16787,0,95,59.5,49.0,No,2400,2400,0,3232,75
04:35:09.184,active,15279,864,13234,16786,0,95,59.0,49.2,No,2400,2400,0,4911,125
04:35:10.184,active,15283,828,10764,16785,-6,95,59.5,46.3,No,2400,2400,0,5311,125
04:35:11.184,active,15279,844,12924,16785,-6,95,60.0,45.3,No,2400,2400,0,5350,125
04:35:12.185,active,15275,552,10784,16786,0,95,60.0,44.3,No,2400,2400,0,5354,125
04:35:13.185,active,15283,840,12866,16787,0,95,59.0,44.6,No,2400,2400,0,5353,125
04:35:14.184,active,15301,872,13368,16787,-4,95,59.0,48.1,No,2400,2400,0,5352,125
04:35:15.184,active,15262,758,11594,16787,-3,95,59.5,48.6,No,2400,2400,0,5360,125
04:35:16.184,active,15283,776,11882,16787,0,95,60.6,47.6,No,2400,2400,0,5362,125
04:35:17.188,active,15331,528,7966,16786,0,95,60.6,48.4,No,2400,2400,0,5367,125
04:35:18.194,active,15326,442,6790,16786,0,95,60.0,47.2,No,2400,2400,0,5376,125
04:35:19.185,active,15335,746,8236,16786,-3,95,59.5,48.2,No,2400,2400,0,5381,125
04:35:20.184,active,15326,450,6906,16788,0,95,58.4,48.9,No,2400,2400,0,5388,125
04:35:21.184,active,15331,522,8024,16788,0,95,59.5,46.7,No,2400,2400,0,5389,125
04:35:22.186,active,15352,530,8160,16787,0,95,60.6,46.8,No,2400,2400,0,5400,125
04:35:23.185,active,15335,474,7272,16786,0,95,60.0,46.6,No,2400,2400,0,5402,125
04:35:24.186,active,15354,592,9104,16788,3,95,59.5,47.0,No,2400,2400,0,5410,125
04:35:25.184,active,15311,446,6866,16786,0,95,59.0,47.2,No,2400,2400,0,5416,125
04:35:26.184,active,15258,812,11922,16786,0,95,59.5,47.0,No,2400,2400,0,5426,125
04:35:27.184,active,15258,700,10686,16788,0,95,60.0,47.0,No,2400,2400,0,5422,125
04:35:28.185,active,15307,1002,11882,16788,0,95,60.0,45.3,No,2400,2400,0,5427,125
04:35:29.185,active,15268,668,10224,16786,0,95,60.6,48.4,No,2400,2400,0,5435,125
04:35:30.185,active,15294,784,11980,16786,-6,95,59.0,46.6,No,2400,2400,0,5438,125
04:35:31.184,active,15303,436,6694,16785,-4,95,59.0,48.9,No,2400,2400,0,5449,125
04:35:32.184,active,15309,596,9124,16785,-5,95,60.0,49.4,No,2400,2400,0,5447,125
04:35:33.184,active,15303,446,6848,16786,-6,95,60.6,48.8,No,2400,2400,0,5442,125
04:35:34.189,active,15305,520,7986,16788,0,95,60.0,48.1,No,2400,2400,0,5456,125
04:35:35.185,active,15299,448,6886,16786,0,95,59.5,48.3,No,2400,2400,0,5461,125
04:35:36.184,active,15286,748,11458,16787,0,95,59.5,48.0,No,2400,2400,0,5468,125
04:35:37.184,active,15279,758,11226,16786,0,95,59.5,49.0,No,2400,2400,0,5468,125
04:35:38.184,active,15288,858,13156,16787,-3,95,60.0,48.9,No,2400,2400,0,5462,125
04:35:39.185,active,15283,858,11014,16787,0,95,60.0,48.3,No,2400,2400,0,5464,125
04:35:40.185,active,15275,906,13890,16787,0,95,60.0,48.4,No,2400,2400,0,5473,125
04:35:41.186,active,15271,858,13542,16786,0,95,60.0,52.7,No,2400,2400,0,5473,125
04:35:42.184,active,15277,886,13562,16787,3,95,59.5,49.5,No,2400,2400,0,5486,125
04:35:43.184,active,15264,770,11786,16787,0,95,60.0,46.3,No,2400,2400,0,5486,125
04:35:44.184,active,15275,810,12404,16787,0,95,60.0,47.4,No,2400,2400,0,5486,125
04:35:45.188,active,15301,494,7562,16787,0,95,59.5,45.7,No,2400,2400,0,5488,125
04:35:46.186,active,15311,458,8218,16787,0,95,59.0,45.2,No,2400,2400,0,5487,125
04:35:47.188,active,15322,524,8044,16787,0,95,60.0,47.6,No,2400,2400,0,5487,125
04:35:48.184,active,15331,540,8160,16786,0,95,59.5,47.5,No,2400,2400,0,5489,125
04:35:49.185,active,15301,782,11980,16785,0,95,61.1,51.8,No,2400,2400,0,5492,125
04:35:50.184,active,15320,404,6578,16787,0,95,60.0,49.0,No,2400,2400,0,5493,125
04:35:51.184,active,15337,542,8352,16787,0,95,60.6,45.6,No,2400,2400,0,5497,125
04:35:52.186,active,15331,456,7272,16785,-4,95,59.5,51.6,No,2400,2400,0,5498,125
04:35:53.184,sleep,15290,514,7890,16787,0,95,59.0,21.3,No,2400,2400,0,5530,125
04:35:54.184,sleep,15294,468,7156,16787,7,95,56.2,0.0,No,2400,2400,0,5540,125
04:35:55.184,sleep,15303,494,6616,16787,7,95,56.8,0.0,No,2400,2400,0,5533,125
04:35:56.184,sleep,15294,530,8140,16787,3,95,55.1,-0.0,No,2400,2400,0,5538,125
04:35:57.184,sleep,15294,468,6482,16788,9,95,55.1,0.0,No,2400,2400,0,5544,125
04:35:58.184,sleep,15296,504,7736,16789,6,95,54.0,-0.0,No,1500,2400,0,5549,125
04:35:59.184,sleep,15296,474,8546,16788,11,95,53.5,0.0,No,1500,2400,0,4216,75
04:36:00.184,sleep,15294,486,7466,16789,14,95,53.5,0.0,No,1500,2400,0,3508,75
04:36:01.184,sleep,15292,272,9124,16789,16,95,52.4,0.0,No,1500,2400,0,3404,75
04:36:02.184,sleep,15292,420,6424,16789,17,95,51.8,0.0,No,1500,2400,0,3401,75
04:36:03.184,sleep,15296,48,3568,16790,16,95,51.8,0.0,No,1500,2400,0,3397,75
04:36:04.185,sleep,15288,622,7118,16791,14,95,51.8,-0.0,No,1500,2400,0,3390,75
04:36:05.185,sleep,15292,392,6018,16791,11,95,51.8,-0.0,No,1500,2400,0,3390,75
04:36:06.184,sleep,15294,364,5304,16790,10,95,51.8,0.0,No,1500,2400,0,3379,75
04:36:07.185,sleep,15288,566,8680,16789,9,95,51.2,0.5,No,1500,2400,0,3366,75
04:36:08.185,active,15281,760,10186,16786,0,95,54.5,36.4,No,2400,2400,0,3341,75
04:36:09.188,active,15286,800,12250,16785,-8,95,55.1,43.0,No,2400,2400,0,3325,75
04:36:10.184,active,15271,798,13350,16786,0,95,55.6,43.2,No,2400,2400,0,3324,75
04:36:11.184,active,15281,884,13562,16788,0,95,56.2,44.4,No,2400,2400,0,3315,75
04:36:12.185,active,15311,620,11940,16786,0,95,57.3,45.8,No,2400,2400,0,3308,75
04:36:13.185,active,15305,490,5968,16787,-4,95,57.9,44.5,No,2400,2400,0,3302,75
04:36:14.185,active,15354,432,6616,16787,0,95,57.3,46.8,No,2400,2400,0,3295,75
04:36:15.185,active,15341,478,7426,16786,0,95,57.3,46.6,No,2400,2400,0,3286,75
04:36:16.184,active,15307,452,6964,16786,0,95,58.4,46.9,No,2400,2400,0,3276,75
04:36:17.185,active,15333,438,6384,16786,0,95,59.0,49.0,No,2400,2400,0,3264,75
04:36:18.184,active,15346,468,7176,16785,0,95,59.0,50.4,No,2400,2400,0,3267,75
04:36:19.185,active,15322,434,6924,16787,0,95,59.0,43.0,No,2400,2400,0,3265,75
04:36:20.189,active,15361,438,6752,16787,0,95,59.0,47.4,No,2400,2400,0,3258,75
04:36:21.184,active,15316,662,8430,16786,-3,95,57.9,47.3,No,2400,2400,0,3255,75
04:36:22.184,active,15275,608,9318,16787,0,95,59.0,50.1,No,2400,2400,0,3249,75
04:36:23.185,active,15296,654,9992,16786,0,95,60.6,49.5,No,2400,2400,0,3240,75
04:36:24.185,active,15299,656,11862,16787,0,95,60.0,44.5,No,2400,2400,0,3218,75
04:36:25.185,active,15301,670,10262,16785,-5,95,59.5,44.5,No,2400,2400,0,5118,125
04:36:26.188,active,15299,514,13176,16786,-4,95,59.0,44.7,No,2400,2400,0,5336,125
04:36:27.184,active,15301,608,9336,16787,0,95,59.0,49.1,No,2400,2400,0,5348,125
04:36:28.184,active,15314,504,10320,16787,0,95,60.0,48.5,No,2400,2400,0,5350,125
04:36:29.185,active,15309,500,7678,16785,-5,95,60.6,49.0,No,2400,2400,0,5362,125
04:36:30.189,active,15303,536,8256,16787,0,95,60.0,48.9,No,2400,2400,0,5364,125
04:36:31.185,active,15275,492,7562,16786,0,95,59.5,48.4,No,2400,2400,0,5366,125
04:36:32.184,active,15307,650,9954,16787,0,95,58.4,48.1,No,2400,2400,0,5374,125
04:36:33.184,active,15279,800,11738,16786,0,95,59.5,49.3,No,2400,2400,0,5381,125
04:36:34.184,active,15275,844,12924,16787,0,95,60.6,46.5,No,2400,2400,0,5395,125
04:36:35.188,active,15281,848,10494,16788,-4,95,60.0,45.9,No,2400,2400,0,5398,125
04:36:36.185,active,15275,818,12500,16788,-4,95,60.6,47.5,No,2400,2400,0,5386,125
04:36:37.185,active,15277,818,12288,16786,-7,95,59.5,46.4,No,2400,2400,0,5385,125
04:36:38.184,active,15277,840,12866,16787,0,95,59.5,48.0,No,2400,2400,0,5409,125
04:36:39.184,active,15271,794,11980,16785,0,95,59.5,46.3,No,2400,2400,0,5411,125
04:36:40.184,active,15277,772,11824,16785,-5,95,60.6,46.5,No,2400,2400,0,5416,125
04:36:41.188,active,15344,494,7580,16786,0,95,60.6,46.2,No,2400,2400,0,5430,125
04:36:42.185,active,15331,482,6146,16787,0,95,60.0,46.3,No,2400,2400,0,5425,125
04:36:43.184,active,15357,590,9086,16786,-3,95,59.0,47.5,No,2400,2400,0,5434,125
04:36:44.184,active,15350,466,7350,16786,-3,95,59.5,47.9,No,2400,2400,0,5442,125
04:36:45.184,active,15344,510,7832,16785,-3,95,60.0,49.0,No,2400,2400,0,5451,125
04:36:46.185,active,15322,426,7310,16785,0,95,61.1,48.2,No,2400,2400,0,5448,125
04:36:47.185,active,15320,498,7658,16785,-7,95,59.5,47.7,No,2400,2400,0,5457,125
04:36:48.185,active,15333,474,6964,16787,-3,95,60.6,48.6,No,2400,2400,0,5457,125
04:36:49.184,active,15329,508,7812,16786,-8,95,59.5,48.6,No,2400,2400,0,5453,125
04:36:50.184,active,15303,890,13600,16785,-6,95,59.0,48.8,No,2400,2400,0,5463,125
04:36:51.184,active,15277,500,12944,16784,-7,95,60.0,49.4,No,2400,2400,0,5467,125
04:36:52.185,active,15303,704,10764,16785,-7,95,60.6,48.1,No,2400,2400,0,5468,125
04:36:53.185,active,15305,440,13388,16785,-6,95,59.5,47.7,No,2400,2400,0,5471,125
04:36:54.185,active,15303,520,7966,16785,-5,95,59.5,47.9,No,2400,2400,0,5467,125
04:36:55.184,active,15301,492,12442,16787,-5,95,60.0,52.2,No,2400,2400,0,5477,125
04:36:56.184,active,15305,472,7234,16787,0,95,60.0,48.6,No,2400,2400,0,5474,125
04:36:57.184,active,15296,486,8526,16786,-6,95,59.5,49.4,No,2400,2400,0,5479,125
04:36:58.189,active,15303,504,7716,16786,0,95,59.5,46.0,No,2400,2400,0,5486,125
04:36:59.186,active,15279,648,9934,16786,0,95,59.5,46.4,No,2400,2400,0,5489,125
04:37:00.184,active,15279,834,6902,16786,0,95,59.0,45.6,No,2400,2400,0,5483,125
04:37:01.184,active,15262,776,11902,16787,0,95,60.0,47.4,No,2400,2400,0,5490,125
04:37:02.184,active,15283,732,9838,16785,-3,95,60.0,48.7,No,2400,2400,0,5489,125
04:37:03.185,active,15273,828,12694,16787,-4,95,61.7,46.2,No,2400,2400,0,5497,125
04:37:04.185,active,15277,838,12250,16786,-3,95,59.5,45.6,No,2400,2400,0,5498,125
04:37:05.185,active,15281,904,13832,16786,-4,95,59.5,52.7,No,2400,2400,0,5496,125
04:37:06.184,active,15283,668,12018,16786,0,95,60.0,52.5,No,2400,2400,0,5498,125
04:37:07.184,active,15268,822,12578,16785,0,95,60.0,51.4,No,2400,2400,0,5492,125
04:37:08.184,sleep,15292,572,8294,16788,0,95,57.9,23.5,No,2400,2400,0,5523,125
04:37:09.184,sleep,15290,492,7542,16789,7,95,57.3,0.0,No,2400,2400,0,5543,125
04:37:10.184,sleep,15294,516,7908,16788,7,95,55.6,0.0,No,2400,2400,0,5539,125
04:37:11.184,sleep,15290,476,7310,16787,3,95,55.1,-0.0,No,2400,2400,0,5541,125
04:37:12.184,sleep,15299,484,7426,16788,9,95,55.6,0.0,No,2400,2400,0,5544,125
04:37:13.184,sleep,15294,460,7060,16788,7,95,54.0,0.0,No,1500,2400,0,5545,125
04:37:14.184,sleep,15288,318,4880,16789,14,95,53.5,-0.0,No,1500,2400,0,3909,75
04:37:15.184,sleep,15299,470,7214,16790,13,95,53.5,0.0,No,1500,2400,0,3461,75
04:37:16.184,sleep,15292,554,8488,16790,16,95,52.4,0.0,No,1500,2400,0,3407,75
04:37:17.184,sleep,15294,464,3810,16790,15,95,52.4,0.0,No,1500,2400,0,3393,75
04:37:18.184,sleep,15299,600,9220,16789,17,95,53.5,0.0,No,1500,2400,0,3384,75
04:37:19.184,sleep,15299,526,4320,16789,16,95,52.4,-0.0,No,1500,2400,0,3384,75
04:37:20.184,sleep,15296,358,5498,16789,13,95,51.8,0.0,No,1500,2400,0,3375,75
04:37:21.184,sleep,15303,336,5208,16790,15,95,51.2,-0.0,No,1500,2400,0,3384,75
04:37:22.184,sleep,15296,172,2662,16791,17,95,51.8,0.3,No,1500,2400,0,3370,75
04:37:23.184,active,15305,740,8834,16787,9,95,52.9,31.7,No,2400,2400,0,3347,75
04:37:24.184,active,15296,410,6288,16787,0,95,56.2,46.7,No,2400,2400,0,3322,75
04:37:25.185,active,15303,316,4860,16787,-5,95,56.2,46.1,No,2400,2400,0,3318,75
04:37:26.187,active,15303,444,6810,16785,-7,95,55.6,45.1,No,2400,2400,0,3304,75
04:37:27.188,active,15288,786,12056,16788,-4,95,56.2,46.9,No,2400,2400,0,3306,75
04:37:28.184,active,15251,844,13272,16787,-6,95,56.8,44.6,No,2400,2400,0,3300,75
04:37:29.184,active,15268,726,11112,16787,-5,95,57.3,46.9,No,2400,2400,0,3285,75
04:37:30.184,active,15275,764,11922,16786,-8,95,58.4,46.6,No,2400,2400,0,3275,75
04:37:31.185,active,15251,806,12326,16785,-6,95,59.0,48.0,No,2400,2400,0,3276,75
04:37:32.186,active,15299,542,11034,16784,-6,95,57.9,54.9,No,2400,2400,0,3265,75
04:37:33.186,active,15264,752,11516,16786,-4,95,58.4,49.3,No,2400,2400,0,3259,75
04:37:34.184,active,15266,784,12018,16786,-3,95,58.4,48.0,No,2400,2400,0,3259,75
04:37:35.184,active,15271,802,12288,16787,-5,95,59.0,44.0,No,2400,2400,0,3241,75
04:37:36.185,active,15253,714,10918,16785,-6,95,59.5,49.3,No,2400,2400,0,3234,75
04:37:37.187,active,15318,548,7792,16786,-6,95,60.0,46.9,No,2400,2400,0,3242,75
04:37:38.185,active,15307,478,7330,16787,0,95,58.4,44.2,No,2400,2400,0,3229,75
04:37:39.184,active,15352,486,7194,16786,0,95,57.9,45.1,No,2400,2400,0,3246,75
04:37:40.184,active,15314,434,6654,16786,0,95,58.4,47.1,No,2400,2400,0,3240,75
04:37:41.184,active,15329,448,6886,16787,0,95,59.5,46.7,No,2400,2400,0,3233,75
04:37:42.185,active,15318,474,7272,16786,0,95,59.5,45.7,No,2400,2400,0,3223,75
04:37:43.185,active,15307,530,8140,16787,-3,95,58.4,47.0,No,2400,2400,0,3216,75
04:37:44.188,active,15326,420,6442,16787,0,95,59.5,48.6,No,2400,2400,0,3211,75
04:37:45.184,active,15286,498,7678,16785,0,95,59.5,46.4,No,2400,2400,0,3274,125
04:37:46.184,active,15281,578,11478,16788,4,95,60.0,49.2,No,2400,2400,0,5146,125
04:37:47.185,active,15253,826,12654,16787,3,95,60.6,49.6,No,2400,2400,0,5322,125
04:37:48.189,active,15299,576,10648,16787,0,95,60.0,47.1,No,2400,2400,0,5333,125
04:37:49.186,active,15281,706,10802,16786,0,95,59.5,47.2,No,2400,2400,0,5335,125
04:37:50.185,active,15299,600,9202,16787,0,95,59.5,48.0,No,2400,2400,0,5339,125
04:37:51.184,active,15301,450,6906,16787,0,95,59.5,47.0,No,2400,2400,0,5340,125
04:37:52.184,active,15303,498,7638,16788,5,95,60.0,47.5,No,2400,2400,0,5345,125
04:37:53.185,active,15296,526,8064,16785,0,95,59.5,45.4,No,2400,2400,0,5359,125
04:37:54.185,active,15296,514,7890,16786,0,95,59.5,47.6,No,2400,2400,0,5358,125
04:37:55.185,active,15277,796,10842,16785,0,95,59.0,46.1,No,2400,2400,0,5365,125
04:37:56.184,active,15281,910,13928,16789,4,95,59.5,48.6,No,2400,2400,0,5373,125
04:37:57.184,active,15273,808,10686,16789,3,95,59.5,46.9,No,2400,2400,0,5389,125
04:37:58.184,active,15277,748,11458,16789,0,95,60.0,47.5,No,2400,2400,0,5390,125
04:37:59.185,active,15268,866,12712,16787,0,95,60.6,48.0,No,2400,2400,0,5396,125
04:38:00.185,active,15279,790,12096,16785,-3,95,59.5,48.8,No,2400,2400,0,5404,125
04:38:01.184,active,15271,860,13078,16786,0,95,58.4,48.3,No,2400,2400,0,5411,125
04:38:02.184,active,15273,872,13350,16786,0,95,59.5,49.0,No,2400,2400,0,5402,125
04:38:03.184,active,15256,988,12964,16786,0,95,60.0,48.7,No,2400,2400,0,5415,125
04:38:04.185,active,15266,756,11574,16786,0,95,60.0,49.0,No,2400,2400,0,5422,125
04:38:05.185,active,15331,524,8044,16787,0,95,60.0,47.6,No,2400,2400,0,5435,125
04:38:06.189,active,15320,534,9104,16786,0,95,59.5,48.0,No,2400,2400,0,5425,125
04:38:07.184,active,15314,524,8044,16786,0,95,59.5,48.4,No,2400,2400,0,5435,125
04:38:08.184,active,15350,486,7774,16786,-3,95,58.4,50.7,No,2400,2400,0,5444,125
04:38:09.184,active,15314,472,7252,16786,0,95,60.0,52.5,No,2400,2400,0,5446,125
04:38:10.188,active,15309,630,7350,16787,0,95,59.5,48.4,No,2400,2400,0,5454,125
04:38:11.185,active,15329,504,7754,16786,-4,95,60.0,45.9,No,2400,2400,0,5458,125
04:38:12.185,active,15283,714,11728,16786,-4,95,59.5,50.1,No,2400,2400,0,5452,125
04:38:13.184,active,15344,568,8738,16786,-4,95,59.0,50.5,No,2400,2400,0,5462,125
04:38:14.184,active,15301,744,11382,16785,-7,95,60.0,47.2,No,2400,2400,0,5469,125
04:38:15.184,active,15275,646,9876,16785,-4,95,60.6,48.2,No,2400,2400,0,5463,125
04:38:16.185,active,15296,742,11342,16786,-3,95,60.0,45.3,No,2400,2400,0,5471,125
04:38:17.186,active,15299,470,11566,16787,0,95,60.0,45.1,No,2400,2400,0,5479,125
04:38:18.184,active,15307,558,8546,16787,0,95,59.0,46.6,No,2400,2400,0,5478,125
04:38:19.184,active,15324,446,11218,16787,-4,95,60.0,51.4,No,2400,2400,0,5483,125
04:38:20.184,active,15314,480,7368,16785,-5,95,60.0,50.5,No,2400,2400,0,5480,125
04:38:21.185,active,15303,522,6726,16786,0,95,61.1,51.3,No,2400,2400,0,5474,125
04:38:22.185,active,15316,464,7138,16785,0,95,60.0,46.1,No,2400,2400,0,5487,125
04:38:23.184,sleep,15290,562,8092,16786,4,95,59.0,26.7,No,2400,2400,0,5513,125
04:38:24.184,sleep,15294,506,7754,16788,11,95,56.8,-0.0,No,2400,2400,0,5527,125
04:38:25.184,sleep,15281,260,7542,16788,11,95,55.6,0.0,No,2400,2400,0,5522,125
04:38:26.184,sleep,15292,424,6500,16789,13,95,55.6,0.0,No,2400,2400,0,5537,125
04:38:27.184,sleep,15288,424,6500,16788,9,95,55.1,0.0,No,2400,2400,0,5533,125
04:38:28.184,sleep,15288,452,6944,16788,6,95,54.5,0.0,No,2400,2400,0,5447,75
04:38:29.184,sleep,15292,258,3954,16789,14,95,54.0,0.0,No,1500,2400,0,3701,75
04:38:30.184,sleep,15283,436,6694,16789,11,95,52.9,-0.0,No,1500,2400,0,3442,75
04:38:31.184,sleep,15294,554,8488,16790,11,95,51.8,0.0,No,1500,2400,0,3405,75
04:38:32.184,sleep,15292,486,7466,16788,10,95,52.4,-0.0,No,1500,2400,0,3390,75
04:38:33.184,sleep,15296,378,5786,16790,14,95,51.2,0.0,No,1500,2400,0,3382,75
04:38:34.185,sleep,15292,362,6268,16789,10,95,51.8,0.0,No,1500,2400,0,3382,75
04:38:35.184,sleep,15296,324,4976,16790,13,95,51.8,0.0,No,1500,2400,0,3377,75
04:38:36.184,sleep,15299,380,7870,16791,15,95,51.8,0.0,No,1500,2400,0,3379,75
04:38:37.184,sleep,15292,506,7774,16789,16,95,50.7,0.0,No,1500,2400,0,3365,75
04:38:38.185,active,15331,498,6964,16788,8,95,54.5,33.4,No,2400,2400,0,3329,75
04:38:39.185,active,15305,654,10030,16786,-3,95,55.1,43.8,No,2400,2400,0,3313,75
04:38:40.185,active,15309,352,7368,16786,0,95,55.1,44.9,No,2400,2400,0,3297,75
04:38:41.184,active,15299,824,12636,16788,0,95,57.3,47.7,No,2400,2400,0,3299,75
04:38:42.184,active,15309,596,9144,16788,0,95,57.3,45.8,No,2400,2400,0,3285,75
04:38:43.185,active,15301,508,10146,16787,0,95,58.4,46.6,No,2400,2400,0,3285,75
04:38:44.189,active,15301,620,9510,16786,0,95,57.9,45.1,No,2400,2400,0,3277,75
04:38:45.185,active,15294,542,8372,16785,-3,95,58.4,48.5,No,2400,2400,0,3268,75
04:38:46.184,active,15290,522,8006,16785,-3,95,57.3,43.5,No,2400,2400,0,3260,75
04:38:47.184,active,15294,486,7080,16787,-6,95,57.9,45.5,No,2400,2400,0,3260,75
04:38:48.186,active,15311,468,7176,16787,-6,95,59.0,45.4,No,2400,2400,0,3261,75
04:38:49.185,active,15316,520,7966,16787,-6,95,59.5,48.7,No,2400,2400,0,3254,75
04:38:50.185,active,15301,452,6924,16786,-8,95,59.0,44.8,No,2400,2400,0,3249,75
04:38:51.185,active,15273,768,7620,16785,-6,95,59.0,48.0,No,2400,2400,0,4429,125
04:38:52.184,active,15303,732,12828,16785,-7,95,59.0,46.3,No,2400,2400,0,5290,125
04:38:53.184,active,15277,832,12752,16785,-5,95,59.5,49.7,No,2400,2400,0,5353,125
04:38:54.184,active,15271,842,13504,16786,-6,95,59.5,47.6,No,2400,2400,0,5357,125
04:38:55.191,active,15301,820,12578,16786,-5,95,60.0,46.2,No,2400,2400,0,5360,125
04:38:56.185,active,15277,628,10996,16786,-3,95,59.0,48.2,No,2400,2400,0,5366,125
04:38:57.184,active,15281,610,9336,16785,-7,95,59.0,48.5,No,2400,2400,0,5364,125
04:38:58.184,active,15251,706,10340,16785,-7,95,59.0,49.4,No,2400,2400,0,5373,125
04:38:59.184,active,15277,712,10898,16785,-4,95,59.5,49.4,No,2400,2400,0,5380,125
04:39:00.185,active,15260,708,8718,16786,-3,95,60.0,46.4,No,2400,2400,0,5383,125
04:39:01.185,active,15341,492,7306,16786,-4,95,59.5,48.5,No,2400,2400,0,5389,125
04:39:02.185,active,15283,516,7948,16786,-5,95,59.0,46.8,No,2400,2400,0,5395,125
04:39:03.184,active,15352,446,8564,16786,0,95,58.4,47.4,No,2400,2400,0,5400,125
04:39:04.184,active,15318,464,7138,16786,0,95,60.0,48.1,No,2400,2400,0,5405,125
04:39:05.184,active,15286,946,7850,16785,0,95,60.0,48.3,No,2400,2400,0,5400,125
04:39:06.185,active,15301,464,7156,16786,0,95,59.5,45.4,No,2400,2400,0,5416,125
04:39:07.186,active,15279,796,7812,16786,0,95,59.0,47.1,No,2400,2400,0,5431,125
04:39:08.184,active,15279,854,13078,16787,-3,95,58.4,47.1,No,2400,2400,0,5430,125
04:39:09.184,active,15277,848,9916,16787,-4,95,59.5,47.2,No,2400,2400,0,5430,125
04:39:10.184,active,15299,492,7562,16785,-3,95,60.0,47.6,No,2400,2400,0,5444,125
04:39:11.185,active,15305,558,8564,16785,-6,95,60.0,47.5,No,2400,2400,0,5441,125
04:39:12.188,active,15305,536,8218,16785,-8,95,60.0,48.1,No,2400,2400,0,5448,125
04:39:13.189,active,15307,446,6848,16785,-8,95,59.5,47.8,No,2400,2400,0,5458,125
04:39:14.184,active,15305,520,7966,16785,0,95,59.5,48.2,No,2400,2400,0,5452,125
04:39:15.184,active,15309,564,8662,16786,3,95,59.0,48.9,No,2400,2400,0,5450,125
04:39:16.187,active,15305,470,7214,16786,0,95,59.5,48.9,No,2400,2400,0,5461,125
04:39:17.185,active,15316,516,7928,16788,0,95,60.6,48.4,No,2400,2400,0,5464,125
04:39:18.185,active,15303,510,7832,16786,0,95,59.0,47.8,No,2400,2400,0,5463,125
04:39:19.184,active,15324,508,7792,16788,0,95,58.4,47.2,No,2400,2400,0,5473,125
04:39:20.184,active,15264,840,12538,16789,3,95,59.0,48.9,No,2400,2400,0,5469,125
04:39:21.184,active,15264,844,12906,16788,3,95,59.5,49.3,No,2400,2400,0,5476,125
04:39:22.184,active,15241,782,11768,16786,0,95,61.1,54.2,No,2400,2400,0,5477,125
04:39:23.185,active,15268,812,12424,16786,0,95,59.5,45.5,No,2400,2400,0,5486,125
04:39:24.189,active,15230,880,12096,16786,0,95,59.0,46.4,No,2400,2400,0,5482,125
04:39:25.184,active,15305,798,12210,16786,0,95,59.0,46.3,No,2400,2400,0,5482,125
04:39:26.184,active,15271,540,9818,16787,-3,95,59.5,48.9,No,2400,2400,0,5487,125
04:39:27.184,active,15294,862,13156,16786,0,95,60.0,47.5,No,2400,2400,0,5493,125
04:39:28.185,active,15305,568,11824,16785,0,95,60.0,48.2,No,2400,2400,0,5480,125
04:39:29.185,active,15311,610,8816,16785,-4,95,61.1,47.5,No,2400,2400,0,5491,125
04:39:30.185,active,15301,416,7330,16785,-5,95,59.5,46.5,No,2400,2400,0,5494,125
04:39:31.184,active,15309,670,10282,16786,0,95,59.0,46.0,No,2400,2400,0,5495,125
04:39:32.184,active,15283,288,7214,16787,0,95,59.5,46.3,No,2400,2400,0,5501,125
04:39:33.185,active,15281,852,13040,16787,0,95,60.6,47.7,No,2400,2400,0,5503,125
04:39:34.187,active,15275,798,12230,16787,0,95,60.0,48.9,No,2400,2400,0,5494,125
04:39:35.185,active,15281,718,11014,16786,-3,95,60.0,52.2,No,2400,2400,0,5501,125
04:39:36.184,active,15277,712,10938,16785,-8,95,59.5,49.6,No,2400,2400,0,5503,125
04:39:37.184,active,15277,798,12210,16784,-5,95,60.0,51.8,No,2400,2400,0,5505,125
04:39:38.184,sleep,15288,464,7118,16787,0,95,57.9,27.5,No,2400,2400,0,5531,125
04:39:39.184,sleep,15288,476,6288,16789,6,95,57.9,-0.0,No,2400,2400,0,5547,125
04:39:40.184,sleep,15286,558,8546,16790,6,95,56.2,0.0,No,2400,2400,0,5546,125
04:39:41.184,sleep,15288,750,8546,16789,7,95,55.6,0.3,No,2400,2400,0,5544,125
04:39:42.184,sleep,15292,440,6770,16788,8,95,54.5,-0.0,No,2400,2400,0,5545,125
04:39:43.184,sleep,15290,422,7504,16788,7,95,55.1,0.0,No,1500,2400,0,5551,125
04:39:44.185,sleep,15292,510,7832,16788,14,95,53.5,0.3,No,1500,2400,0,5074,75
04:39:45.185,sleep,15290,524,8044,16788,13,95,52.9,0.0,No,1500,2400,0,3653,75
04:39:46.185,sleep,15288,472,7252,16790,12,95,52.4,0.0,No,1500,2400,0,3436,75
04:39:47.185,sleep,15288,510,7832,16790,13,95,52.4,0.3,No,1500,2400,0,3393,75
04:39:48.185,sleep,15288,482,4146,16790,14,95,51.8,0.3,No,1500,2400,0,3396,75
04:39:49.184,sleep,15294,402,6172,16788,12,95,51.2,0.0,No,1500,2400,0,3387,75
04:39:50.184,sleep,15294,386,8604,16789,13,95,52.4,-0.0,No,1500,2400,0,3386,75
04:39:51.184,sleep,15296,180,2778,16789,12,95,51.2,0.0,No,1500,2400,0,3369,75
04:39:52.184,sleep,15296,538,7408,16790,16,95,51.2,0.0,No,1500,2400,0,3369,75
04:39:53.184,active,15264,728,11150,16787,5,95,54.0,30.9,No,2400,2400,0,3356,75
04:39:54.184,active,15292,476,9876,16787,-5,95,55.6,46.2,No,2400,2400,0,3321,75
04:39:55.185,active,15268,550,8410,16787,-3,95,56.8,45.5,No,2400,2400,0,3309,75
04:39:56.185,active,15294,498,10686,16785,-3,95,57.3,45.6,No,2400,2400,0,3298,75
04:39:57.185,active,15277,424,6520,16786,-4,95,56.8,46.3,No,2400,2400,0,3294,75
04:39:58.187,active,15275,538,8256,16786,-3,95,56.2,47.4,No,2400,2400,0,3292,75
04:39:59.184,active,15279,836,7098,16787,0,95,57.3,45.4,No,2400,2400,0,3293,75
04:40:00.184,active,15279,750,11498,16786,0,95,57.9,50.4,No,2400,2400,0,3293,75
04:40:01.188,active,15264,816,12462,16786,-4,95,59.0,48.5,No,2400,2400,0,3289,75
04:40:02.190,active,15275,810,12404,16785,-6,95,59.0,49.0,No,2400,2400,0,3269,75
04:40:03.185,active,15279,872,12152,16785,-7,95,57.9,48.4,No,2400,2400,0,3258,75
04:40:04.184,active,15277,814,12480,16785,-7,95,57.3,45.9,No,2400,2400,0,3261,75
04:40:05.184,active,15266,834,12790,16786,-7,95,58.4,50.0,No,2400,2400,0,3264,75
04:40:06.184,active,15279,768,11768,16786,-5,95,60.0,49.5,No,2400,2400,0,3260,75
04:40:07.185,active,15305,492,7562,16785,-6,95,59.0,49.0,No,2400,2400,0,4849,125
04:40:08.188,active,15318,446,6616,16785,-4,95,59.0,46.4,No,2400,2400,0,5329,125
04:40:09.188,active,15361,502,7736,16785,-4,95,58.4,49.5,No,2400,2400,0,5361,125
04:40:10.184,active,15316,472,7080,16787,0,95,58.4,45.9,No,2400,2400,0,5365,125
04:40:11.184,active,15309,506,7774,16788,0,95,59.5,46.3,No,2400,2400,0,5372,125
04:40:12.185,active,15309,542,8314,16789,3,95,60.0,47.3,No,2400,2400,0,5378,125
04:40:13.188,active,15322,516,7908,16787,0,95,60.0,50.1,No,2400,2400,0,5380,125
04:40:14.185,active,15322,486,7446,16787,0,95,59.0,45.2,No,2400,2400,0,5386,125
04:40:15.185,active,15335,526,8082,16786,0,95,59.0,46.9,No,2400,2400,0,5394,125
04:40:16.184,active,15256,792,12114,16786,0,95,59.5,47.5,No,2400,2400,0,5403,125
04:40:17.184,active,15258,686,12866,16786,-3,95,60.0,47.6,No,2400,2400,0,5413,125
04:40:18.185,active,15238,790,12076,16786,-6,95,60.0,48.1,No,2400,2400,0,5402,125
04:40:19.185,active,15264,748,11440,16786,0,95,59.5,46.9,No,2400,2400,0,5397,125
04:40:20.185,active,15247,754,11536,16786,-3,95,59.0,47.1,No,2400,2400,0,5413,125
04:40:21.184,active,15299,762,11632,16786,0,95,59.5,47.6,No,2400,2400,0,5421,125
04:40:22.184,active,15271,602,9220,16786,0,95,59.5,46.9,No,2400,2400,0,5431,125
04:40:23.184,active,15303,808,12346,16786,0,95,60.0,48.5,No,2400,2400,0,5441,125
04:40:24.189,active,15309,486,11562,16787,0,95,60.0,48.1,No,2400,2400,0,5439,125
04:40:25.185,active,15339,462,7118,16787,0,95,59.5,47.7,No,2400,2400,0,5446,125
04:40:26.184,active,15290,544,8392,16786,0,95,59.0,47.8,No,2400,2400,0,5439,125
04:40:27.184,active,15277,738,11304,16787,0,95,60.0,49.6,No,2400,2400,0,5448,125
04:40:28.184,active,15283,544,8372,16786,0,95,59.5,48.9,No,2400,2400,0,5448,125
04:40:29.185,active,15279,688,10532,16785,0,95,60.0,48.6,No,2400,2400,0,5450,125
04:40:30.185,active,15283,682,10456,16788,0,95,60.0,47.8,No,2400,2400,0,5454,125
04:40:31.189,active,15286,842,7766,16787,0,95,59.5,47.9,No,2400,2400,0,5460,125
04:40:32.184,active,15275,622,9530,16788,0,95,59.0,48.1,No,2400,2400,0,5467,125
04:40:33.184,active,15281,794,10610,16787,0,95,59.0,48.8,No,2400,2400,0,5463,125
04:40:34.184,active,15301,472,7252,16787,0,95,59.5,48.7,No,2400,2400,0,5463,125
04:40:35.185,active,15307,496,7600,16787,0,95,60.0,51.9,No,2400,2400,0,5469,125
04:40:36.185,active,15309,490,7522,16786,0,95,59.5,45.6,No,2400,2400,0,5478,125
04:40:37.188,active,15352,478,7350,16787,0,95,59.5,46.1,No,2400,2400,0,5475,125
04:40:38.184,active,15311,440,7264,16787,0,95,59.0,49.0,No,2400,2400,0,5476,125
04:40:39.184,active,15314,518,7948,16787,0,95,59.5,46.9,No,2400,2400,0,5482,125
04:40:40.184,active,15307,542,7176,16787,5,95,60.0,47.5,No,2400,2400,0,5478,125
04:40:41.189,active,15318,532,8160,16787,4,95,60.0,47.3,No,2400,2400,0,5487,125
04:40:42.185,active,15329,546,6636,16786,0,95,59.5,45.6,No,2400,2400,0,5490,125
04:40:43.184,active,15307,732,11246,16786,0,95,59.5,46.3,No,2400,2400,0,5492,125
04:40:44.184,active,15262,730,11188,16786,0,95,60.0,51.9,No,2400,2400,0,5491,125
04:40:45.184,active,15251,788,11782,16787,0,95,60.0,50.1,No,2400,2400,0,5495,125
04:40:46.185,active,15277,836,12790,16787,0,95,60.6,47.7,No,2400,2400,0,5499,125
04:40:47.185,active,15262,658,11922,16787,0,95,59.5,49.7,No,2400,2400,0,5499,125
04:40:48.185,active,15309,802,12288,16787,0,95,59.5,50.4,No,2400,2400,0,5496,125
04:40:49.184,active,15283,668,12366,16786,0,95,59.5,52.4,No,2400,2400,0,5497,125
04:40:50.184,active,15232,822,12538,16787,0,95,60.0,48.7,No,2400,2400,0,5485,125
04:40:51.184,active,15299,568,11612,16787,0,95,60.6,50.0,No,2400,2400,0,5502,125
04:40:52.185,active,15273,768,11768,16788,3,95,61.1,49.5,No,2400,2400,0,5504,125
04:40:53.184,sleep,15294,478,7330,16788,5,95,57.3,25.4,No,2400,2400,0,5524,125
04:40:54.184,sleep,15292,526,8738,16789,12,95,56.2,0.0,No,2400,2400,0,5545,125
04:40:55.184,sleep,15294,446,6848,16788,12,95,57.3,0.0,No,2400,2400,0,5541,125
04:40:56.184,sleep,15290,532,7292,16787,9,95,55.6,0.0,No,2400,2400,0,5540,125
04:40:57.184,sleep,15290,440,6752,16788,10,95,55.1,-0.0,No,2400,2400,0,5544,125
04:40:58.184,sleep,15292,578,8874,16789,8,95,55.1,0.0,No,1500,2400,0,5549,125
04:40:59.184,sleep,15292,368,5632,16790,13,95,53.5,-0.0,No,1500,2400,0,4447,75
04:41:00.184,sleep,15292,294,8294,16792,17,95,52.9,0.0,No,1500,2400,0,3552,75
04:41:01.184,sleep,15296,362,5556,16791,15,95,52.9,0.0,No,1500,2400,0,3418,75
04:41:02.184,sleep,15290,274,4204,16790,17,95,52.4,0.0,No,1500,2400,0,3395,75
04:41:03.184,sleep,15288,274,1754,16788,12,95,52.4,0.0,No,1500,2400,0,3401,75
04:41:04.185,sleep,15292,370,5690,16788,11,95,51.8,0.3,No,1500,2400,0,3389,75
04:41:05.184,sleep,15288,328,4630,16789,10,95,51.2,-0.0,No,1500,2400,0,3382,75
04:41:06.184,sleep,15290,396,6076,16790,12,95,51.8,-0.0,No,1500,2400,0,3386,75
04:41:07.184,sleep,15294,500,3992,16791,15,95,50.7,0.0,No,1500,2400,0,3376,75
04:41:08.184,active,15296,412,6308,16788,11,95,55.6,32.1,No,2400,2400,0,3355,75
04:41:09.185,active,15305,464,7080,16787,0,95,55.6,42.6,No,2400,2400,0,3327,75
04:41:10.185,active,15296,460,7040,16787,0,95,56.8,43.0,No,2400,2400,0,3322,75
04:41:11.184,active,15238,760,11652,16787,0,95,56.8,43.6,No,2400,2400,0,3316,75
04:41:12.184,active,15260,774,13078,16788,0,95,56.8,44.0,No,2400,2400,0,3309,75
04:41:13.184,active,15264,752,11498,16788,0,95,57.9,45.7,No,2400,2400,0,3305,75
04:41:14.185,active,15243,788,12424,16787,0,95,57.9,43.9,No,2400,2400,0,3295,75
04:41:15.185,active,15251,734,11226,16787,0,95,57.9,43.4,No,2400,2400,0,3301,75
04:41:16.187,active,15223,820,12866,16787,0,95,57.3,43.6,No,2400,2400,0,3294,75
04:41:17.184,active,15241,756,11554,16785,0,95,56.8,44.5,No,2400,2400,0,3275,75
04:41:18.184,active,15281,678,10398,16787,0,95,59.0,48.7,No,2400,2400,0,3267,75
04:41:19.187,active,15258,682,10436,16788,0,95,58.4,47.5,No,2400,2400,0,3253,75
04:41:20.185,active,15329,698,10668,16787,0,95,58.4,44.8,No,2400,2400,0,3260,75
04:41:21.185,active,15283,884,8352,16786,0,95,58.4,46.4,No,2400,2400,0,3260,75
04:41:22.184,active,15311,634,9722,16786,-5,95,59.0,49.0,No,2400,2400,0,3249,75
04:41:23.184,active,15283,442,6810,16786,-5,95,59.5,49.5,No,2400,2400,0,3236,75
04:41:24.184,active,15301,720,11034,16786,-6,95,59.5,47.6,No,2400,2400,0,3240,75
04:41:25.188,active,15275,640,9818,16786,-5,95,59.5,48.9,No,2400,2400,0,3219,75
04:41:26.187,active,15279,872,13350,16785,-7,95,59.5,49.0,No,2400,2400,0,3222,75
04:41:27.185,active,15279,452,6964,16786,0,95,58.4,47.0,No,2400,2400,0,3223,75
04:41:28.184,active,15275,818,9722,16786,-4,95,59.5,49.1,No,2400,2400,0,3221,75
04:41:29.184,active,15271,832,12770,16787,0,95,60.0,47.7,No,2400,2400,0,3218,75
04:41:30.184,active,15301,514,7870,16787,-3,95,60.0,47.9,No,2400,2400,0,3210,75
04:41:31.185,active,15303,426,6538,16787,0,95,60.0,46.3,No,2400,2400,0,3215,75
04:41:32.185,active,15314,520,7966,16785,-5,95,60.0,47.7,No,2400,2400,0,4829,125
04:41:33.184,active,15314,450,6906,16784,-7,95,59.0,47.4,No,2400,2400,0,5287,125
04:41:34.184,active,15299,494,7562,16785,-5,95,59.0,47.3,No,2400,2400,0,5321,125
04:41:35.184,active,15303,484,6402,16786,-5,95,59.5,46.4,No,2400,2400,0,5330,125
04:41:36.184,active,15309,396,6076,16786,-7,95,60.6,46.0,No,2400,2400,0,5340,125
04:41:37.185,active,15301,486,8700,16787,-5,95,59.5,45.7,No,2400,2400,0,5342,125
04:41:38.189,active,15322,428,6558,16786,-3,95,59.0,49.3,No,1900,2400,0,5344,125
04:41:39.184,active,15258,834,12770,16786,-3,95,60.0,48.9,No,2400,2400,0,5345,125
04:41:40.184,active,15262,788,12056,16785,-6,95,59.5,49.5,No,2400,2400,0,5354,125
04:41:41.184,active,15251,830,12712,16785,-3,95,59.5,48.9,No,2400,2400,0,5357,125
04:41:42.185,active,15266,772,11806,16786,-5,95,60.6,48.2,No,2400,2400,0,5366,125
04:41:43.185,active,15236,814,12480,16786,-3,95,59.5,48.0,No,2400,2400,0,5381,125
04:41:44.184,active,15249,756,13060,16786,-6,95,59.5,47.7,No,2400,2400,0,5382,125
04:41:45.184,active,15273,808,12366,16786,0,95,60.0,49.3,No,2400,2400,0,5387,125
04:41:46.184,active,15234,824,12982,16786,0,95,60.0,48.8,No,2400,2400,0,5403,125
04:41:47.195,active,15262,904,13850,16785,0,95,60.0,50.6,No,2400,2400,0,5408,125
04:41:48.185,active,15354,536,8236,16787,-4,95,59.0,50.2,No,1900,2400,0,5406,125
04:41:49.189,active,15333,512,7870,16787,-3,95,59.5,48.0,No,2400,2400,0,5418,125
04:41:50.184,active,15314,462,7118,16787,0,95,58.4,45.7,No,2400,2400,0,5424,125
04:41:51.184,active,15307,682,7890,16788,3,95,61.1,47.3,No,2400,2400,0,5435,125
04:41:52.184,active,15311,472,7272,16786,0,95,60.6,47.0,No,2400,2400,0,5431,125
04:41:53.185,active,15314,508,7466,16785,-3,95,60.6,47.3,No,2400,2400,0,5432,125
04:41:54.185,active,15314,698,10726,16786,0,95,60.6,46.0,No,2400,2400,0,5448,125
04:41:55.185,active,15314,620,7098,16787,0,95,59.5,48.1,No,2400,2400,0,5444,125
04:41:56.184,active,15283,878,13464,16787,0,95,60.0,49.1,No,2400,2400,0,5453,125
04:41:57.188,active,15305,694,10514,16786,0,95,61.1,48.0,No,2400,2400,0,5451,125
04:41:58.185,active,15316,472,10628,16786,-4,95,61.1,52.4,No,2400,2400,0,5451,125
04:41:59.185,active,15307,572,8758,16786,-3,95,60.6,49.4,No,2400,2400,0,5457,125
04:42:00.185,active,15318,444,9336,16785,-4,95,60.0,50.0,No,2400,2400,0,5460,125
04:42:01.184,active,15296,434,6654,16786,-3,95,59.5,47.6,No,2400,2400,0,5457,125
04:42:02.184,active,15305,494,9742,16785,-4,95,59.5,48.9,No,2400,2400,0,5467,125
04:42:03.184,active,15309,460,7080,16785,-3,95,61.1,54.4,No,2400,2400,0,5465,125
04:42:04.185,active,15309,512,7408,16786,0,95,61.1,51.1,No,2400,2400,0,5476,125
04:42:05.189,active,15309,516,7928,16787,0,95,60.6,46.8,No,2400,2400,0,5487,125
04:42:06.185,active,15307,508,5786,16788,0,95,60.0,44.8,No,2400,2400,0,5486,125
04:42:07.184,active,15262,776,12596,16785,0,95,61.1,48.3,No,2400,2400,0,5481,125
04:42:08.184,sleep,15294,502,7678,16786,0,95,58.4,29.4,No,2400,2400,0,5494,125
04:42:09.184,sleep,15292,540,8140,16788,10,95,57.9,0.0,No,2400,2400,0,5518,125
04:42:10.184,sleep,15290,478,7330,16789,13,95,55.6,0.5,No,2400,2400,0,5519,125
04:42:11.184,sleep,15290,442,7870,16790,18,95,55.6,-0.0,No,2400,2400,0,5537,125
04:42:12.184,sleep,15286,480,7350,16790,16,95,55.6,0.0,No,2400,2400,0,5533,125
04:42:13.184,sleep,15292,502,7330,16789,13,95,55.1,0.0,No,2400,2400,0,3988,75
04:42:14.184,sleep,15290,582,8932,16790,12,95,54.5,0.0,No,1500,2400,0,3482,75
04:42:15.184,sleep,15294,290,4456,16790,18,95,52.9,0.0,No,1500,2400,0,3402,75
04:42:16.184,sleep,15296,506,6326,16790,18,95,52.9,0.0,No,1500,2400,0,3391,75
04:42:17.184,sleep,15290,388,5960,16791,13,95,53.5,-0.0,No,1500,2400,0,3377,75
04:42:18.184,sleep,15292,460,4842,16790,11,95,52.4,0.0,No,1500,2400,0,3384,75
04:42:19.184,sleep,15296,280,4282,16791,13,95,52.4,-0.0,No,1500,2400,0,3374,75
04:42:20.184,sleep,15299,538,8700,16791,14,95,51.8,0.0,No,1500,2400,0,3355,75
04:42:21.184,sleep,15299,594,9104,16789,14,95,51.8,0.0,No,1500,2400,0,3341,75
04:42:22.184,sleep,15290,520,7986,16789,11,95,51.8,0.0,No,1500,2400,0,3347,75
04:42:23.184,active,15346,436,6712,16788,7,95,55.1,29.6,No,2400,2400,0,3341,75
04:42:24.184,active,15273,670,10300,16786,-10,95,55.6,52.1,No,2400,2400,0,3309,75
04:42:25.184,active,15292,576,11072,16786,-6,95,56.8,46.8,No,2400,2400,0,3294,75
04:42:26.189,active,15266,498,7620,16787,-4,95,57.3,49.3,No,2400,2400,0,3287,75
04:42:27.185,active,15299,514,9606,16786,0,95,57.3,48.1,No,2400,2400,0,3286,75
04:42:28.188,active,15299,468,7176,16787,0,95,57.3,46.3,No,2400,2400,0,3293,75
04:42:29.184,active,15294,580,8874,16786,0,95,57.9,48.7,No,2400,2400,0,3287,75
04:42:30.184,active,15301,476,7310,16787,-4,95,57.9,47.3,No,2400,2400,0,3275,75
04:42:31.184,active,15296,552,8468,16786,-7,95,59.0,49.1,No,2400,2400,0,4006,125
04:42:32.187,active,15303,486,10518,16787,-3,95,59.0,44.9,No,2400,2400,0,5291,125
04:42:33.185,active,15305,516,7928,16786,-6,95,59.0,44.6,No,2400,2400,0,5383,125
04:42:34.185,active,15256,564,11632,16785,-7,95,57.9,49.1,No,2400,2400,0,5391,125
04:42:35.184,active,15283,876,13406,16785,-5,95,58.4,49.3,No,2400,2400,0,5389,125
04:42:36.184,active,15309,878,13426,16786,-9,95,58.4,49.0,No,2400,2400,0,5389,125
04:42:37.186,active,15273,732,11208,16787,-7,95,60.0,49.1,No,2400,2400,0,5387,125
04:42:38.185,active,15279,796,12192,16786,-7,95,59.5,48.8,No,2400,2400,0,5392,125
04:42:39.186,active,15277,742,11382,16785,-8,95,59.0,48.4,No,2400,2400,0,5395,125
04:42:40.185,active,15264,798,12210,16786,-5,95,60.0,47.3,No,2400,2400,0,5409,125
04:42:41.184,active,15266,806,13464,16784,-4,95,59.0,47.1,No,2400,2400,0,5411,125
04:42:42.184,active,15230,730,11188,16785,-5,95,60.6,48.0,No,2400,2400,0,5422,125
04:42:43.188,active,15320,738,13194,16786,-6,95,60.6,46.5,No,2400,2400,0,5419,125
04:42:44.185,active,15322,458,7022,16786,-4,95,59.5,46.1,No,2400,2400,0,5426,125
04:42:45.185,active,15337,470,7234,16785,-3,95,59.0,47.2,No,2400,2400,0,5423,125
04:42:46.184,active,15322,488,6886,16786,0,95,59.0,47.4,No,2400,2400,0,5431,125
04:42:47.184,active,15357,512,7870,16786,0,95,59.0,47.8,No,2400,2400,0,5437,125
04:42:48.184,active,15333,490,6982,16786,0,95,60.0,48.1,No,2400,2400,0,5444,125
04:42:49.189,active,15320,506,7774,16786,-4,95,60.0,46.1,No,2400,2400,0,5444,125
04:42:50.185,active,15350,560,6810,16786,-6,95,59.5,48.1,No,2400,2400,0,5446,125
04:42:51.184,active,15333,456,7002,16786,-5,95,59.0,48.0,No,2400,2400,0,5452,125
04:42:52.184,active,15296,534,7156,16786,-3,95,59.5,49.4,No,2400,2400,0,5452,125
04:42:53.184,active,15275,750,12288,16786,0,95,60.0,49.0,No,2400,2400,0,5462,125
04:42:54.185,active,15296,730,11150,16787,0,95,60.0,48.8,No,2400,2400,0,5478,125
04:42:55.185,active,15273,622,12346,16788,0,95,59.5,48.0,No,2400,2400,0,5470,125
04:42:56.189,active,15256,874,13368,16786,0,95,59.0,48.3,No,2400,2400,0,5469,125
04:42:57.184,active,15296,414,11690,16786,-4,95,59.5,48.4,No,2400,2400,0,5478,125
04:42:58.184,active,15260,566,8680,16785,-6,95,59.0,48.8,No,2400,2400,0,5485,125
04:42:59.184,active,15299,506,15144,16786,-5,95,61.1,49.2,No,2400,2400,0,5480,125
04:43:00.188,active,15296,452,6924,16785,-8,95,60.0,51.2,No,2400,2400,0,5482,125
04:43:01.185,active,15305,584,8006,16785,-7,95,59.5,45.8,No,2400,2400,0,5488,125
04:43:02.186,active,15281,782,8178,16784,-9,95,60.0,47.5,No,2400,2400,0,5477,125
04:43:03.184,active,15277,680,10456,16785,-9,95,59.0,46.0,No,2400,2400,0,5489,125
04:43:04.185,active,15288,798,10648,16785,-8,95,60.6,49.6,No,2400,2400,0,5492,125
04:43:05.188,active,15288,904,13850,16785,-6,95,59.5,48.4,No,2400,2400,0,5494,125
04:43:06.191,active,15275,824,10436,16787,-3,95,58.4,46.5,No,2400,2400,0,5495,125
04:43:07.185,active,15275,886,13562,16788,0,95,60.6,46.1,No,2400,2400,0,5496,125
04:43:08.184,active,15271,848,12770,16787,-3,95,59.5,45.1,No,2400,2400,0,5501,125
04:43:09.184,active,15279,800,12268,16786,-5,95,59.5,49.5,No,2400,2400,0,5499,125
04:43:10.190,active,15273,682,10474,16786,-3,95,60.6,51.0,No,2400,2400,0,5502,125
04:43:11.191,active,15314,480,7060,16784,-5,95,61.1,47.7,No,2400,2400,0,5499,125
04:43:12.185,active,15316,468,7194,16785,-3,95,60.0,48.6,No,2400,2400,0,5509,125
04:43:13.185,active,15361,452,7234,16785,-5,95,59.5,49.0,No,2400,2400,0,5497,125
04:43:14.184,active,15307,578,8874,16786,0,95,60.0,49.9,No,2400,2400,0,5504,125
04:43:15.184,active,15339,402,9028,16786,0,95,60.0,53.3,No,2400,2400,0,5506,125
04:43:16.185,active,15324,470,7214,16786,-4,95,60.0,47.6,No,2400,2400,0,5510,125
04:43:17.185,active,15286,808,7426,16786,0,95,60.0,51.0,No,2400,2400,0,5505,125
04:43:18.188,active,15350,534,8236,16786,4,95,60.6,46.5,No,2400,2400,0,5504,125
04:43:19.184,active,15309,704,8372,16786,0,95,59.0,48.5,No,2400,2400,0,5504,125
04:43:20.184,active,15249,852,10070,16786,0,95,60.6,49.6,No,2400,2400,0,5508,125
04:43:21.184,active,15299,772,11806,16786,0,95,60.0,45.3,No,2400,2400,0,5511,125
04:43:22.185,active,15283,610,10842,16786,0,95,60.0,47.2,No,2400,2400,0,5516,125
04:43:23.184,sleep,15301,520,7986,16787,0,95,58.4,30.7,No,2400,2400,0,5527,125
04:43:24.184,sleep,15294,444,6906,16787,10,95,56.8,0.0,No,2400,2400,0,5541,125
04:43:25.184,sleep,15290,486,7466,16788,8,95,56.2,0.0,No,2400,2400,0,5534,125
04:43:26.184,sleep,15283,420,6924,16789,10,95,55.6,0.0,No,2400,2400,0,5555,125
04:43:27.184,sleep,15292,440,6752,16789,7,95,54.5,-0.0,No,2400,2400,0,5562,125
04:43:28.185,sleep,15286,452,4822,16789,8,95,55.1,0.0,No,1500,2400,0,5559,125
04:43:29.184,sleep,15288,352,5382,16789,12,95,54.0,-0.0,No,1500,2400,0,5561,75
04:43:30.184,sleep,15290,342,5228,16790,18,95,53.5,0.0,No,1500,2400,0,3814,75
04:43:31.184,sleep,15290,382,8424,16789,16,95,52.9,0.0,No,1500,2400,0,3458,75
04:43:32.185,sleep,15292,258,3954,16789,13,95,52.9,0.2,No,1500,2400,0,3407,75
04:43:33.185,sleep,15290,528,7908,16789,13,95,52.4,0.0,No,1500,2400,0,3403,75
04:43:34.185,sleep,15288,444,6790,16790,13,95,50.7,0.0,No,1500,2400,0,3397,75
04:43:35.185,sleep,15292,214,8218,16789,15,95,51.2,-0.0,No,1500,2400,0,3394,75
04:43:36.185,sleep,15290,270,4128,16789,13,95,51.2,-0.0,No,1500,2400,0,3386,75
04:43:37.185,sleep,15292,416,7040,16789,14,95,51.2,0.0,No,1500,2400,0,3364,75
04:43:38.184,active,15277,802,12288,16789,12,95,54.5,29.6,No,2400,2400,0,3365,75
04:43:39.189,active,15339,472,7234,16785,-8,95,55.1,44.0,No,2400,2400,0,3332,75
04:43:40.187,active,15339,496,8236,16786,-4,95,55.6,49.2,No,2400,2400,0,3326,75
04:43:41.187,active,15333,496,7620,16786,-5,95,55.6,45.9,No,2400,2400,0,3327,75
04:43:42.184,active,15318,496,7330,16787,-3,95,56.8,44.9,No,2400,2400,0,3321,75
04:43:43.184,active,15305,432,6636,16787,-5,95,56.8,47.4,No,2400,2400,0,3303,75
04:43:44.185,active,15322,506,7388,16785,-4,95,57.9,47.1,No,2400,2400,0,3286,75
04:43:45.185,active,15314,452,6964,16786,-3,95,57.9,45.6,No,2400,2400,0,3265,75
04:43:46.185,active,15333,486,8392,16787,0,95,57.9,45.2,No,2400,2400,0,3277,75
04:43:47.184,active,15322,432,6616,16786,-3,95,57.9,45.6,No,2400,2400,0,3276,75
04:43:48.184,active,15281,642,9838,16786,-6,95,58.4,50.5,No,2400,2400,0,3279,75
04:43:49.184,active,15225,842,11768,16786,-8,95,58.4,46.8,No,2400,2400,0,3278,75
04:43:50.188,active,15256,762,11670,16786,0,95,59.0,45.9,No,2400,2400,0,3272,75
04:43:51.185,active,15277,520,12192,16786,0,95,59.5,44.8,No,2400,2400,0,3269,75
04:43:52.190,active,15230,766,11690,16785,0,95,58.4,45.8,No,2400,2400,0,3256,75
04:43:53.184,active,15296,874,12152,16786,-4,95,59.0,48.2,No,2400,2400,0,3255,75
04:43:54.184,active,15277,692,10610,16787,-4,95,60.0,48.4,No,2400,2400,0,3248,75
04:43:55.189,active,15296,634,9722,16787,-3,95,59.5,48.6,No,2400,2400,0,3240,75
04:43:56.188,active,15301,648,9954,16786,0,95,59.5,50.0,No,2400,2400,0,4014,125
04:43:57.185,active,15283,766,11728,16786,0,95,59.0,48.1,No,2400,2400,0,5265,125
04:43:58.184,active,15281,826,9858,16786,0,95,59.5,47.1,No,2400,2400,0,5354,125
04:43:59.184,active,15286,784,11998,16787,0,95,59.5,48.0,No,2400,2400,0,5345,125
04:44:00.184,active,15283,648,9954,16787,0,95,59.5,47.6,No,2400,2400,0,5357,125
04:44:01.184,active,15316,646,9916,16787,-3,95,60.6,47.4,No,2400,2400,0,5359,125
04:44:02.185,active,15286,640,9838,16787,0,95,59.5,47.1,No,2400,2400,0,5374,125
04:44:03.188,active,15290,886,13580,16786,-3,95,59.5,48.3,No,2400,2400,0,5373,125
04:44:04.184,active,15283,642,9858,16785,-9,95,59.5,48.3,No,2400,2400,0,5374,125
04:44:05.184,active,15281,798,8134,16785,-7,95,59.0,49.0,No,2400,2400,0,5379,125
04:44:06.184,active,15303,484,7446,16786,-3,95,59.5,48.7,No,2400,2400,0,5393,125
04:44:07.185,active,15309,522,8024,16786,0,95,60.0,48.3,No,2400,2400,0,5402,125
04:44:08.185,active,15305,462,7098,16785,-5,95,59.5,48.3,No,2400,2400,0,5406,125
04:44:09.184,active,15316,506,7754,16785,-5,95,59.5,48.3,No,2400,2400,0,5411,125
04:44:10.184,active,15337,560,8622,16785,-3,95,60.6,50.0,No,2400,2400,0,5409,125
04:44:11.184,active,15322,392,6018,16785,-5,95,59.5,48.9,No,2400,2400,0,5415,125
04:44:12.184,active,15316,466,7600,16786,-3,95,60.6,51.5,No,2400,2400,0,5430,125
04:44:13.188,active,15324,510,7850,16786,-8,95,61.1,47.2,No,2400,2400,0,5436,125
04:44:14.186,active,15324,492,6384,16787,0,95,59.5,45.4,No,2400,2400,0,5449,125
04:44:15.184,active,15309,498,7658,16786,0,95,59.5,45.6,No,2400,2400,0,5447,125
04:44:16.184,active,15236,786,12038,16787,0,95,59.5,47.2,No,2400,2400,0,5446,125
04:44:17.184,active,15260,810,12384,16785,-5,95,61.1,49.7,No,2400,2400,0,5450,125
04:44:18.185,active,15236,748,11440,16786,0,95,60.6,50.4,No,2400,2400,0,5451,125
04:44:19.185,active,15249,834,13520,16786,3,95,60.0,45.7,No,2400,2400,0,5462,125
04:44:20.187,active,15273,796,12172,16786,0,95,60.0,46.1,No,2400,2400,0,5466,125
04:44:21.184,active,15262,638,11728,16786,0,95,60.0,50.4,No,2400,2400,0,5467,125
04:44:22.184,active,15307,808,12366,16787,0,95,60.0,49.6,No,2400,2400,0,5462,125
04:44:23.185,active,15283,492,11574,16786,0,95,61.1,50.5,No,2400,2400,0,5470,125
04:44:24.185,active,15262,634,9684,16787,0,95,60.6,48.7,No,2400,2400,0,5477,125
04:44:25.185,active,15283,456,7002,16787,0,95,61.7,50.3,No,2400,2400,0,5474,125
04:44:26.184,active,15314,684,8190,16785,0,95,60.0,50.8,No,2400,2400,0,5476,125
04:44:27.184,active,15283,510,7850,16786,0,95,60.6,48.1,No,2400,2400,0,5481,125
04:44:28.188,active,15288,694,7696,16787,0,95,61.1,51.0,No,2400,2400,0,5480,125
04:44:29.185,active,15279,656,10070,16787,0,95,60.6,53.2,No,2400,2400,0,5476,125
04:44:30.185,active,15279,754,9858,16788,0,95,62.2,47.8,No,2400,2400,0,5494,125
04:44:31.185,active,15275,856,13118,16786,0,95,60.6,48.8,No,2400,2400,0,5491,125
04:44:32.184,active,15279,800,10474,16786,0,95,60.6,48.8,No,2400,2400,0,5491,125
04:44:33.184,active,15283,818,12520,16786,0,95,60.6,49.0,No,2400,2400,0,5501,125
04:44:34.184,active,15303,526,8082,16787,0,95,60.0,46.6,No,2400,2400,0,5505,125
04:44:35.185,active,15301,530,6840,16787,0,95,60.6,43.0,No,2400,2400,0,5508,125
04:44:36.185,active,15314,536,8218,16786,0,95,60.0,44.1,No,2400,2400,0,5501,125
04:44:37.187,active,15318,438,8198,16786,0,95,60.6,47.2,No,2400,2400,0,5500,125
04:44:38.184,sleep,15292,444,6810,16785,0,95,57.9,33.0,No,1900,2400,0,5524,125
04:44:39.185,sleep,15290,526,5980,16788,10,95,56.2,0.0,No,1500,2400,0,5559,125
04:44:40.184,sleep,15292,456,7002,16788,16,95,55.1,0.0,No,1500,2400,0,5567,125
04:44:41.184,sleep,15290,334,8178,16790,13,95,54.0,-0.0,No,1500,2400,0,5552,125
04:44:42.184,sleep,15294,356,5458,16790,13,95,54.0,-0.0,No,1500,2400,0,4970,75
04:44:43.184,sleep,15290,418,6404,16790,15,95,52.9,0.0,No,1500,2400,0,3621,75
04:44:44.184,sleep,15286,380,5844,16791,18,95,52.9,0.0,No,1500,2400,0,3432,75
04:44:45.184,sleep,15294,552,8448,16789,18,95,54.5,0.0,No,1500,2400,0,3407,75
04:44:46.184,sleep,15290,392,4738,16789,16,95,52.9,0.0,No,1500,2400,0,3399,75
04:44:47.185,sleep,15292,406,6230,16789,14,95,52.4,0.0,No,1500,2400,0,3397,75
04:44:48.184,sleep,15294,494,4996,16789,12,95,52.4,-0.0,No,1500,2400,0,3388,75
04:44:49.184,sleep,15301,350,5362,16790,11,95,51.8,0.0,No,1500,2400,0,3390,75
04:44:50.184,sleep,15296,208,8044,16789,9,95,51.8,-0.0,No,1500,2400,0,3384,75
04:44:51.184,sleep,15286,276,4244,16789,13,95,52.4,0.0,No,1500,2400,0,3368,75
04:44:52.184,sleep,15296,536,7812,16789,10,95,51.8,0.2,No,1500,2400,0,3366,75
04:44:53.189,active,15292,884,13542,16789,8,95,54.0,27.5,No,2400,2400,0,3346,75
04:44:54.184,active,15307,468,7176,16786,-9,95,54.0,44.1,No,2400,2400,0,3325,75
04:44:55.184,active,15352,504,7498,16787,-3,95,55.6,45.3,No,2400,2400,0,3309,75
04:44:56.184,active,15311,498,7658,16787,0,95,56.8,46.3,No,2400,2400,0,3311,75
04:44:57.185,active,15288,722,7350,16786,-4,95,56.8,46.1,No,2400,2400,0,3303,75
04:44:58.185,active,15275,706,10822,16785,-6,95,57.3,49.4,No,2400,2400,0,3298,75
04:44:59.185,active,15277,820,7600,16785,-8,95,57.3,48.6,No,2400,2400,0,3277,75
04:45:00.184,active,15286,508,7792,16785,-8,95,57.9,46.9,No,2400,2400,0,3281,75
04:45:01.184,active,15279,680,7678,16785,-8,95,57.9,47.0,No,2400,2400,0,3265,75
04:45:02.187,active,15301,420,6442,16784,-7,95,58.4,48.8,No,2400,2400,0,3261,75
04:45:03.185,active,15301,432,6636,16785,-8,95,59.0,46.7,No,2400,2400,0,3246,75
04:45:04.185,active,15294,452,6924,16785,-3,95,58.4,47.0,No,2400,2400,0,3239,75
04:45:05.185,active,15309,556,8546,16787,0,95,58.4,46.7,No,2400,2400,0,3250,75
04:45:06.184,active,15301,474,6780,16787,0,95,59.0,48.7,No,2400,2400,0,3250,75
04:45:07.184,active,15314,540,8276,16786,0,95,59.0,48.4,No,2400,2400,0,3247,75
04:45:08.185,active,15307,502,6366,16786,0,95,60.6,46.9,No,2400,2400,0,3247,75
04:45:09.185,active,15314,532,8160,16785,-3,95,59.0,47.1,No,2400,2400,0,3240,75
04:45:10.185,active,15309,430,6442,16786,-4,95,59.0,46.7,No,2400,2400,0,3220,75
04:45:11.184,active,15275,836,12790,16787,-3,95,59.5,47.6,No,2400,2400,0,3219,75
04:45:12.184,active,15251,812,12442,16788,0,95,59.5,46.9,No,2400,2400,0,3218,75
04:45:13.184,active,15262,872,13350,16788,3,95,60.0,47.5,No,2400,2400,0,4564,125
04:45:14.185,active,15247,808,12366,16785,-6,95,60.0,47.4,No,2400,2400,0,5293,125
04:45:15.184,active,15251,768,13214,16785,-3,95,58.4,47.4,No,2400,2400,0,5357,125
04:45:16.184,active,15243,822,12578,16786,0,95,58.4,48.0,No,2400,2400,0,5358,125
04:45:17.184,active,15247,758,12964,16786,0,95,59.5,48.9,No,2400,2400,0,5351,125
04:45:18.184,active,15258,806,12326,16787,0,95,59.5,49.6,No,2400,2400,0,5362,125
04:45:19.185,active,15238,856,13234,16787,0,95,59.5,48.7,No,2400,2400,0,5362,125
04:45:20.185,active,15333,484,7446,16785,-5,95,59.5,47.6,No,2400,2400,0,5373,125
04:45:21.184,active,15352,528,8120,16785,-4,95,60.0,47.6,No,2400,2400,0,5380,125
04:45:22.184,active,15344,538,6720,16786,-7,95,59.5,48.6,No,2400,2400,0,5386,125
04:45:23.184,active,15311,496,7620,16785,-6,95,60.0,48.7,No,2400,2400,0,5394,125
04:45:24.184,active,15357,496,7522,16786,0,95,60.0,50.7,No,2400,2400,0,5397,125
04:45:25.185,active,15311,440,6790,16786,0,95,60.0,48.2,No,2400,2400,0,5402,125
04:45:26.185,active,15307,554,7194,16786,0,95,59.0,45.1,No,2400,2400,0,5400,125
04:45:27.186,active,15350,470,7234,16786,0,95,59.5,45.4,No,2400,2400,0,5408,125
04:45:28.184,active,15283,652,7850,16786,0,95,60.0,47.1,No,2400,2400,0,5419,125
04:45:29.184,active,15299,532,8178,16785,0,95,60.0,48.9,No,2400,2400,0,5423,125
04:45:30.184,active,15303,522,8006,16788,0,95,60.6,48.7,No,2400,2400,0,5427,125
04:45:31.185,active,15296,402,7964,16787,-3,95,61.1,44.7,No,2400,2400,0,5427,125
04:45:32.185,active,15307,432,6636,16786,-6,95,60.6,52.3,No,2400,2400,0,5438,125
04:45:33.184,active,15301,488,6972,16785,-8,95,60.6,47.9,No,2400,2400,0,5445,125
04:45:34.184,active,15357,482,7408,16784,-8,95,61.1,53.8,No,2400,2400,0,5447,125
04:45:35.189,active,15307,460,6848,16784,-6,95,61.1,50.0,No,2400,2400,0,5445,125
04:45:36.185,active,15318,524,8044,16784,-5,95,61.1,52.0,No,2400,2400,0,5451,125
04:45:37.190,active,15309,560,7580,16786,0,95,60.6,48.4,No,2400,2400,0,5457,125
04:45:38.185,active,15281,456,7022,16786,0,95,61.1,49.7,No,2400,2400,0,5465,125
04:45:39.184,active,15251,764,11710,16785,-3,95,60.6,50.3,No,2400,2400,0,5463,125
04:45:40.184,active,15290,682,10456,16785,0,95,61.1,51.8,No,2400,2400,0,5468,125
04:45:41.184,active,15256,846,12964,16785,0,95,61.1,49.1,No,2400,2400,0,5465,125
04:45:42.185,active,15271,830,12712,16786,0,95,60.6,44.1,No,2400,2400,0,5468,125
04:45:43.185,active,15253,842,12886,16787,0,95,60.0,42.6,No,2400,2400,0,5485,125
04:45:44.184,active,15260,852,13040,16787,0,95,60.0,45.0,No,2400,2400,0,5472,125
04:45:45.184,active,15236,832,12732,16786,0,95,60.0,43.6,No,2400,2400,0,5481,125
04:45:46.184,active,15258,754,13584,16786,0,95,60.6,46.1,No,2400,2400,0,5482,125
04:45:47.185,active,15279,560,8564,16787,0,95,60.0,48.1,No,2400,2400,0,5492,125
04:45:48.188,active,15357,522,7446,16786,-4,95,60.6,48.4,No,2400,2400,0,5484,125
04:45:49.188,active,15329,486,7466,16786,-3,95,59.5,46.5,No,2400,2400,0,5481,125
04:45:50.184,active,15311,686,8006,16787,0,95,59.5,47.4,No,2400,2400,0,5484,125
04:45:51.184,active,15314,714,10956,16786,0,95,61.1,48.5,No,2400,2400,0,5486,125
04:45:52.189,active,15281,310,7292,16785,0,95,60.6,46.8,No,2400,2400,0,5486,125
04:45:53.184,sleep,15292,522,8006,16785,-4,95,59.0,30.7,No,2400,2400,0,5503,125
04:45:54.184,sleep,15292,494,7580,16788,7,95,57.9,0.0,No,2400,2400,0,5540,125
04:45:55.184,sleep,15299,456,6982,16788,5,95,57.3,0.0,No,2400,2400,0,5538,125
04:45:56.184,sleep,15288,540,8276,16789,10,95,56.2,-0.0,No,2400,2400,0,5540,125
04:45:57.184,sleep,15292,474,6654,16789,9,95,55.1,0.0,No,2400,2400,0,5544,125
04:45:58.184,sleep,15288,514,7890,16788,10,95,55.1,-0.0,No,2400,2400,0,5547,125
04:45:59.184,sleep,15290,450,8392,16788,14,95,54.0,0.0,No,1500,2400,0,5557,125
04:46:00.184,sleep,15290,562,8604,16790,14,95,53.5,0.0,No,1500,2400,0,4515,75
04:46:01.184,sleep,15288,336,6404,16790,14,95,52.9,0.0,No,1500,2400,0,3555,75
04:46:02.185,sleep,15290,506,7774,16791,18,95,52.4,0.3,No,1500,2400,0,3433,75
04:46:03.184,sleep,15292,520,7966,16791,18,95,52.4,0.3,No,1500,2400,0,3409,75
04:46:04.185,sleep,15292,558,8564,16789,13,95,52.4,0.0,No,1500,2400,0,3400,75
04:46:05.185,sleep,15288,554,8488,16790,18,95,52.4,-0.0,No,1500,2400,0,3391,75
04:46:06.185,sleep,15290,354,7330,16790,20,95,51.8,0.0,No,1500,2400,0,3389,75
04:46:07.185,sleep,15294,254,3916,16791,19,95,51.8,0.0,No,1500,2400,0,3388,75
04:46:08.184,active,15303,708,12596,16791,16,95,55.6,26.9,No,2400,2400,0,3373,75
04:46:09.184,active,15275,814,12462,16789,0,95,56.2,48.1,No,2400,2400,0,3337,75
04:46:10.186,active,15275,884,12924,16788,0,95,55.6,45.4,No,2400,2400,0,3324,75
04:46:11.185,active,15303,642,9838,16788,4,95,57.9,48.3,No,2400,2400,0,3312,75
04:46:12.184,active,15260,688,10880,16786,0,95,56.8,47.2,No,2400,2400,0,3313,75
04:46:13.184,active,15275,680,10398,16788,0,95,57.9,49.6,No,2400,2400,0,3314,75
04:46:14.184,active,15245,742,10668,16787,0,95,59.0,49.4,No,2400,2400,0,3302,75
04:46:15.185,active,15256,778,11922,16788,0,95,58.4,48.2,No,2400,2400,0,3279,75
04:46:16.185,active,15357,508,7792,16788,0,95,59.0,47.9,No,2400,2400,0,3285,75
04:46:17.185,active,15341,466,7176,16788,0,95,57.9,46.6,No,2400,2400,0,3278,75
04:46:18.184,active,15314,480,7388,16787,0,95,59.5,47.9,No,2400,2400,0,3281,75
04:46:19.184,active,15352,420,7466,16787,0,95,59.0,47.6,No,2400,2400,0,3276,75
04:46:20.184,active,15311,476,7330,16786,0,95,59.0,46.3,No,2400,2400,0,3276,75
04:46:21.187,active,15279,838,6940,16788,0,95,60.0,47.4,No,2400,2400,0,3271,125
04:46:22.185,active,15275,722,11092,16788,-3,95,57.9,47.5,No,2400,2400,0,5110,125
04:46:23.184,active,15311,756,7004,16788,-5,95,58.4,45.8,No,2400,2400,0,5365,125
04:46:24.184,active,15283,448,6906,16786,-5,95,59.5,47.5,No,2400,2400,0,5373,125
04:46:25.184,active,15307,488,10416,16787,-3,95,60.0,48.0,No,2400,2400,0,5371,125
04:46:26.185,active,15296,458,7022,16786,-3,95,60.0,48.1,No,2400,2400,0,5380,125
04:46:27.185,active,15309,536,9916,16784,-3,95,60.0,48.0,No,2400,2400,0,5370,125
04:46:28.189,active,15303,548,8410,16785,0,95,59.5,48.0,No,2400,2400,0,5378,125
04:46:29.184,active,15305,552,8198,16786,0,95,59.5,48.2,No,2400,2400,0,5396,125
04:46:30.184,active,15305,502,7696,16787,0,95,60.0,48.9,No,2400,2400,0,5396,125
04:46:31.184,active,15303,416,6790,16787,0,95,60.6,48.8,No,2400,2400,0,5404,125
04:46:32.185,active,15299,488,7484,16786,-7,95,60.0,48.4,No,2400,2400,0,5411,125
04:46:33.185,active,15316,492,6866,16785,-4,95,59.0,47.4,No,2400,2400,0,5418,125
04:46:34.184,active,15303,466,7156,16785,-7,95,59.0,48.3,No,2400,2400,0,5420,125
04:46:35.184,active,15249,806,12346,16786,-3,95,60.0,48.9,No,2400,2400,0,5425,125
04:46:36.184,active,15253,836,11400,16785,-6,95,59.0,52.3,No,2400,2400,0,5429,125
04:46:37.184,active,15234,842,12886,16784,-4,95,60.6,48.6,No,2400,2400,0,5431,125
04:46:38.188,active,15256,790,13156,16786,-3,95,60.0,48.1,No,2400,2400,0,5436,125
04:46:39.185,active,15279,694,10610,16786,-3,95,59.5,47.7,No,2400,2400,0,5446,125
04:46:40.184,active,15223,826,12770,16787,0,95,60.0,52.7,No,2400,2400,0,5446,125
04:46:41.184,active,15275,892,13658,16786,0,95,59.5,47.5,No,2400,2400,0,5446,125
04:46:42.189,active,15264,624,11632,16786,0,95,60.6,47.1,No,2400,2400,0,5454,125
04:46:43.185,active,15296,782,11960,16786,0,95,60.6,49.0,No,2400,2400,0,5453,125
04:46:44.185,active,15309,490,7522,16785,-6,95,60.6,48.6,No,2400,2400,0,5457,125
04:46:45.185,active,15275,814,12480,16786,-3,95,60.0,50.3,No,2400,2400,0,5463,125
04:46:46.184,active,15290,810,12424,16787,-5,95,60.0,52.9,No,2400,2400,0,5469,125
04:46:47.185,active,15309,736,11284,16785,-7,95,60.6,51.5,No,2400,2400,0,5465,125
04:46:48.185,active,15294,736,11304,16784,-6,95,60.6,50.5,No,2400,2400,0,5472,125
04:46:49.185,active,15290,842,6998,16785,-8,95,60.6,50.0,No,2400,2400,0,5475,125
04:46:50.185,active,15277,698,10726,16784,-6,95,60.6,49.2,No,2400,2400,0,5472,125
04:46:51.184,active,15281,808,8006,16786,0,95,60.0,48.7,No,2400,2400,0,5476,125
04:46:52.184,active,15275,704,10784,16787,0,95,60.0,53.0,No,2400,2400,0,5479,125
04:46:53.184,active,15335,532,8160,16787,0,95,60.0,49.5,No,2400,2400,0,5478,125
04:46:54.185,active,15305,450,6906,16787,-4,95,61.1,45.6,No,2400,2400,0,5486,125
04:46:55.185,active,15316,530,8140,16786,-3,95,60.0,48.1,No,2400,2400,0,5497,125
04:46:56.185,active,15316,558,8564,16785,-3,95,60.6,49.9,No,2400,2400,0,5494,125
04:46:57.184,active,15333,474,7272,16786,0,95,60.6,48.7,No,2400,2400,0,5499,125
04:46:58.184,active,15314,590,7510,16786,0,95,60.6,49.4,No,2400,2400,0,5497,125
04:46:59.185,active,15352,552,8488,16786,0,95,60.6,48.1,No,2400,2400,0,5497,125
04:47:00.185,active,15326,494,7678,16785,-8,95,60.6,49.4,No,2400,2400,0,5497,125
04:47:01.185,active,15339,436,6694,16785,0,95,60.6,49.7,No,2400,2400,0,5492,125
04:47:02.184,active,15262,954,7484,16785,-6,95,60.0,47.0,No,2400,2400,0,5505,125
04:47:03.184,active,15275,878,13446,16785,-6,95,59.5,46.9,No,2400,2400,0,5513,125
04:47:04.184,active,15266,778,11922,16787,0,95,60.6,45.7,No,2400,2400,0,5505,125
04:47:05.185,active,15273,550,13038,16786,0,95,61.1,46.2,No,2400,2400,0,5509,125
04:47:06.184,active,15249,724,11092,16786,0,95,60.6,46.7,No,2400,2400,0,5514,125
04:47:07.185,active,15271,756,13620,16786,0,95,59.5,46.9,No,2400,2400,0,5511,125
04:47:08.184,sleep,15294,518,7928,16785,0,95,59.0,34.2,No,2400,2400,0,5524,125
04:47:09.184,sleep,15294,454,7138,16788,11,95,56.8,0.0,No,2400,2400,0,5555,125
04:47:10.184,sleep,15294,416,6384,16788,9,95,56.2,-0.0,No,2400,2400,0,5548,125
04:47:11.184,sleep,15288,486,7368,16788,7,95,56.2,0.0,No,2400,2400,0,5556,125
04:47:12.184,sleep,15286,452,6944,16787,5,95,55.6,0.0,No,2400,2400,0,5550,125
04:47:13.184,sleep,15290,360,5516,16788,10,95,55.6,0.0,No,1500,2400,0,5552,125
04:47:14.184,sleep,15286,516,7890,16789,12,95,54.0,0.0,No,1500,2400,0,5567,125
04:47:15.184,sleep,15296,522,8006,16791,17,95,54.0,0.0,No,1500,2400,0,4090,75
04:47:16.184,sleep,15294,488,7484,16789,12,95,52.9,-0.0,No,1500,2400,0,3513,75
04:47:17.184,sleep,15294,346,5304,16789,12,95,52.4,0.0,No,1500,2400,0,3425,75
04:47:18.184,sleep,15294,386,5902,16788,9,95,52.4,-0.0,No,1500,2400,0,3411,75
04:47:19.184,sleep,15296,304,4668,16789,9,95,52.4,0.0,No,1500,2400,0,3406,75
04:47:20.184,sleep,15290,274,8300,16790,12,95,51.8,0.0,No,1500,2400,0,3401,75
04:47:21.184,sleep,15294,304,4668,16791,14,95,51.8,0.0,No,1500,2400,0,3375,75
04:47:22.184,sleep,15290,364,3954,16791,15,95,51.8,0.0,No,1500,2400,0,3385,75
04:47:23.185,active,15296,826,12674,16791,15,95,54.5,24.0,No,2400,2400,0,3379,75
04:47:24.185,active,15296,422,6462,16787,-3,95,55.1,49.0,No,2400,2400,0,3323,75
04:47:25.184,active,15303,488,7484,16786,0,95,55.6,48.9,No,2400,2400,0,3304,75
04:47:26.184,active,15307,426,6538,16787,0,95,57.3,49.4,No,2400,2400,0,3301,75
04:47:27.184,active,15314,430,6596,16787,0,95,59.0,47.1,No,2400,2400,0,3303,75
04:47:28.189,active,15314,468,7156,16787,-4,95,57.3,46.6,No,2400,2400,0,3306,75
04:47:29.186,active,15305,494,7068,16786,-6,95,58.4,48.0,No,2400,2400,0,3286,75
04:47:30.184,active,15273,774,11864,16786,-5,95,57.9,48.1,No,2400,2400,0,3289,75
04:47:31.184,active,15262,776,14102,16786,-3,95,58.4,47.0,No,2400,2400,0,3287,75
04:47:32.184,active,15271,826,12654,16786,-5,95,57.9,47.5,No,2400,2400,0,3291,75
04:47:33.188,active,15256,810,12404,16786,-5,95,59.5,46.6,No,2400,2400,0,3289,75
04:47:34.185,active,15268,842,12886,16786,-3,95,59.0,46.8,No,2400,2400,0,3276,75
04:47:35.185,active,15232,828,12674,16786,-3,95,59.0,47.9,No,2400,2400,0,3265,75
04:47:36.184,active,15258,778,11902,16786,0,95,58.4,47.4,No,2400,2400,0,3267,75
04:47:37.184,active,15251,862,13194,16785,-6,95,59.0,48.3,No,2400,2400,0,3260,75
04:47:38.184,active,15245,746,11656,16785,-4,95,59.5,49.3,No,2400,2400,0,3368,125
04:47:39.189,active,15277,844,12924,16786,-6,95,60.0,48.2,No,2400,2400,0,5199,125
04:47:40.185,active,15344,498,7214,16787,-6,95,59.0,47.6,No,2400,2400,0,5358,125
04:47:41.184,active,15339,530,8140,16787,-3,95,59.0,48.2,No,2400,2400,0,5367,125
04:47:42.184,active,15352,524,8044,16787,-5,95,59.0,48.9,No,2400,2400,0,5362,125
04:47:43.184,active,15339,508,7812,16786,0,95,59.5,48.8,No,2400,2400,0,5372,125
04:47:44.185,active,15283,668,10244,16785,0,95,60.0,49.3,No,2400,2400,0,5378,125
04:47:45.185,active,15352,478,7368,16785,-5,95,59.5,47.9,No,2400,2400,0,5382,125
04:47:46.189,active,15314,476,7330,16786,-3,95,59.5,47.7,No,2400,2400,0,5383,125
04:47:47.184,active,15309,578,8294,16787,-4,95,59.0,49.3,No,2400,2400,0,5400,125
04:47:48.184,active,15286,520,8024,16786,0,95,60.0,53.5,No,2400,2400,0,5404,125
04:47:49.189,active,15316,752,11498,16786,0,95,60.0,46.6,No,2400,2400,0,5396,125
04:47:50.185,active,15303,438,6712,16786,-4,95,60.0,48.5,No,2400,2400,0,5403,125
04:47:51.185,active,15311,550,8410,16786,-4,95,60.0,49.5,No,2400,2400,0,5414,125
04:47:52.185,active,15301,450,9548,16784,-5,95,59.0,47.7,No,2400,2400,0,5418,125
04:47:53.184,active,15294,538,8236,16785,-10,95,59.5,48.4,No,2400,2400,0,5421,125
04:47:54.185,active,15301,490,10552,16785,-5,95,60.6,47.2,No,2400,2400,0,5426,125
04:47:55.185,active,15296,454,6964,16785,-4,95,60.6,50.1,No,2400,2400,0,5421,125
04:47:56.185,active,15311,522,9104,16785,-3,95,61.1,52.4,No,2400,2400,0,5420,125
04:47:57.185,active,15296,518,7948,16786,-3,95,59.5,47.7,No,2400,2400,0,5447,125
04:47:58.184,active,15271,722,11072,16786,0,95,59.0,51.0,No,2400,2400,0,5446,125
04:47:59.184,active,15275,896,11536,16784,-4,95,60.6,50.9,No,2400,2400,0,5448,125
04:48:00.187,active,15281,836,12828,16784,-9,95,60.6,49.9,No,2400,2400,0,5453,125
04:48:01.185,active,15277,824,13774,16785,-7,95,60.0,47.0,No,2400,2400,0,5458,125
04:48:02.185,active,15279,868,13310,16786,-5,95,60.0,49.2,No,2400,2400,0,5456,125
04:48:03.185,active,15277,754,11940,16785,-3,95,60.0,47.6,No,2400,2400,0,5458,125
04:48:04.184,active,15303,678,10398,16785,-5,95,60.6,51.8,No,2400,2400,0,5457,125
04:48:05.184,active,15253,840,12866,16785,-3,95,60.0,46.9,No,2400,2400,0,5463,125
04:48:06.184,active,15271,756,11574,16785,0,95,60.6,43.8,No,2400,2400,0,5471,125
04:48:07.185,active,15329,506,7774,16784,-4,95,60.6,44.8,No,2400,2400,0,5475,125
04:48:08.185,active,15363,530,7368,16785,-5,95,60.6,48.5,No,2400,2400,0,5479,125
04:48:09.184,active,15346,618,9510,16786,-7,95,59.5,48.5,No,2400,2400,0,5479,125
04:48:10.184,active,15286,306,7466,16787,-3,95,60.0,49.0,No,2400,2400,0,5481,125
04:48:11.184,active,15318,414,6346,16786,-3,95,59.5,48.5,No,2400,2400,0,5477,125
04:48:12.185,active,15305,538,8256,16785,-4,95,60.6,46.5,No,2400,2400,0,5482,125
04:48:13.185,active,15324,576,8854,16785,-3,95,60.0,48.0,No,2400,2400,0,5487,125
04:48:14.185,active,15277,470,7252,16786,0,95,59.5,43.5,No,2400,2400,0,5497,125
04:48:15.184,active,15314,724,8488,16786,-5,95,60.6,47.5,No,2400,2400,0,5493,125
04:48:16.184,active,15264,686,10514,16785,-6,95,61.1,47.0,No,2400,2400,0,5500,125
04:48:17.185,active,15273,786,12018,16785,-4,95,60.6,46.8,No,2400,2400,0,5502,125
04:48:18.185,active,15245,686,10494,16785,-5,95,59.5,46.4,No,2400,2400,0,5498,125
04:48:19.185,active,15299,706,10822,16784,-5,95,59.5,46.8,No,2400,2400,0,5501,125
04:48:20.184,active,15281,574,10844,16785,-9,95,60.0,46.0,No,2400,2400,0,5501,125
04:48:21.184,active,15296,686,10474,16785,-7,95,60.6,46.1,No,2400,2400,0,5506,125
04:48:22.184,active,15296,668,9530,16785,-9,95,60.0,46.6,No,2400,2400,0,5504,125
04:48:23.184,sleep,15296,414,6366,16784,-4,95,59.0,37.7,No,2400,2400,0,5497,125
04:48:24.184,sleep,15290,388,6038,16786,4,95,57.3,-0.0,No,2400,2400,0,5538,125
04:48:25.184,sleep,15288,468,7156,16785,0,95,56.2,0.0,No,2400,2400,0,5538,125
04:48:26.184,sleep,15290,508,7812,16785,3,95,55.6,0.3,No,2400,2400,0,5528,125
04:48:27.184,sleep,15288,440,8288,16787,0,95,54.5,0.0,No,2400,2400,0,5548,125
04:48:28.184,sleep,15290,506,7754,16788,3,95,54.5,0.0,No,1500,2400,0,5557,125
04:48:29.185,sleep,15296,464,6056,16789,8,95,53.5,0.0,No,1500,2400,0,5560,75
04:48:30.185,sleep,15290,590,9046,16789,11,95,53.5,0.0,No,1500,2400,0,3827,75
04:48:31.184,sleep,15286,570,7908,16788,9,95,52.9,0.0,No,1500,2400,0,3469,75
04:48:32.184,sleep,15299,494,7562,16787,6,95,52.4,-0.0,No,1500,2400,0,3416,75
04:48:33.184,sleep,15294,458,6056,16788,6,95,51.8,0.0,No,1500,2400,0,3394,75
04:48:34.185,sleep,15296,486,7466,16789,9,95,50.7,-0.0,No,1500,2400,0,3370,75
04:48:35.185,sleep,15290,312,4784,16790,11,95,51.8,0.0,No,1500,2400,0,3386,75
04:48:36.185,sleep,15292,332,4088,16789,11,95,51.2,0.0,No,1500,2400,0,3384,75
04:48:37.185,sleep,15296,504,7736,16788,9,95,50.7,0.0,No,1500,2400,0,3390,75
04:48:38.184,active,15290,742,7638,16787,4,95,53.5,20.3,No,2400,2400,0,3361,75
04:48:39.184,active,15331,434,6654,16785,-11,95,55.1,46.9,No,2400,2400,0,3334,75
04:48:40.188,active,15316,502,8064,16785,-9,95,57.3,46.9,No,2400,2400,0,3330,75
04:48:41.185,active,15348,498,7638,16785,-10,95,56.8,46.0,No,2400,2400,0,3317,75
04:48:42.185,active,15335,520,6326,16785,-10,95,56.2,46.3,No,2400,2400,0,3313,75
04:48:43.184,active,15268,754,7176,16784,-9,95,56.8,47.6,No,2400,2400,0,3305,75
04:48:44.184,active,15256,838,12828,16785,-7,95,56.8,46.4,No,2400,2400,0,3279,75
04:48:45.184,active,15256,800,11974,16786,-4,95,58.4,46.3,No,2400,2400,0,3271,75
04:48:46.188,active,15283,794,12134,16786,-5,95,58.4,46.1,No,2400,2400,0,3267,75
04:48:47.185,active,15243,788,12152,16785,-4,95,57.9,46.1,No,2400,2400,0,3265,75
04:48:48.184,active,15296,632,9684,16786,0,95,56.8,47.9,No,2400,2400,0,3279,75
04:48:49.184,active,15286,600,11632,16784,-7,95,57.9,48.5,No,2400,2400,0,4504,125
04:48:50.184,active,15290,852,13022,16785,-4,95,59.0,49.0,No,2400,2400,0,5332,125
04:48:51.184,active,15305,556,11786,16785,-3,95,60.0,48.9,No,2400,2400,0,5392,125
04:48:52.185,active,15275,678,10378,16783,-8,95,59.5,47.7,No,2400,2400,0,5392,125
04:48:53.189,active,15281,518,7966,16786,-4,95,58.4,48.3,No,2400,2400,0,5384,125
04:48:54.184,active,15309,652,8220,16785,-3,95,58.4,48.2,No,2400,2400,0,5388,125
04:48:55.184,active,15275,640,9818,16786,0,95,58.4,48.6,No,2400,2400,0,5397,125
04:48:56.184,active,15283,870,7928,16785,0,95,59.5,48.8,No,2400,2400,0,5400,125
04:48:57.185,active,15277,596,9144,16785,0,95,59.5,48.4,No,2400,2400,0,5403,125
04:48:58.186,active,15279,816,10340,16787,0,95,57.9,47.7,No,1900,2400,0,5409,125
04:48:59.184,active,15290,832,12752,16786,-4,95,58.4,53.2,No,2400,2400,0,5415,125
04:49:00.184,active,15279,786,9104,16786,0,95,59.0,48.8,No,2400,2400,0,5421,125
04:49:01.184,active,15281,920,14102,16785,-6,95,59.5,47.6,No,2400,2400,0,5428,125
04:49:02.184,active,15307,532,8160,16785,-5,95,59.5,47.4,No,2400,2400,0,5422,125
04:49:03.188,active,15311,454,7272,16785,-5,95,59.5,45.2,No,2400,2400,0,5430,125
04:49:04.185,active,15326,552,8468,16786,-3,95,59.5,49.0,No,2400,2400,0,5434,125
04:49:05.184,active,15324,492,7408,16785,-5,95,59.0,51.3,No,2400,2400,0,5429,125
04:49:06.184,active,15305,528,8102,16786,-4,95,60.0,49.7,No,2400,2400,0,5443,125
04:49:07.184,active,15311,474,8044,16785,0,95,60.6,47.1,No,2400,2400,0,5448,125
04:49:08.185,active,15354,518,7986,16786,-4,95,60.0,47.6,No,2400,2400,0,5441,125
04:49:09.189,active,15283,872,8064,16785,0,95,59.5,52.9,No,2400,2400,0,5443,125
04:49:10.188,active,15322,492,7562,16785,0,95,59.0,50.4,No,2400,2400,0,5453,125
04:49:11.184,active,15275,720,11034,16787,0,95,59.5,52.8,No,2400,2400,0,5460,125
04:49:12.184,active,15256,658,12098,16787,0,95,59.5,49.2,No,2400,2400,0,5461,125
04:49:13.185,active,15262,794,12152,16786,-4,95,60.6,49.9,No,2400,2400,0,5457,125
04:49:14.185,active,15262,654,12134,16785,0,95,61.1,50.8,No,2400,2400,0,5470,125
04:49:15.185,active,15275,668,10244,16785,-4,95,59.5,49.0,No,2400,2400,0,5471,125
04:49:16.184,active,15264,568,10128,16785,-4,95,59.5,52.2,No,2400,2400,0,5467,125
04:49:17.184,active,15279,700,10706,16786,-3,95,59.5,48.3,No,2400,2400,0,5475,125
04:49:18.184,active,15286,678,9742,16787,0,95,60.0,47.8,No,2400,2400,0,5482,125
04:49:19.185,active,15256,810,12384,16787,-3,95,60.0,46.6,No,2400,2400,0,5478,125
04:49:20.184,active,15290,666,10204,16785,-6,95,60.6,48.6,No,2400,2400,0,5481,125
04:49:21.188,active,15311,602,7138,16785,-7,95,59.5,44.3,No,2400,2400,0,5491,125
04:49:22.184,active,15275,814,12462,16784,-6,95,59.5,47.1,No,2400,2400,0,5489,125
04:49:23.184,active,15277,810,10938,16785,-6,95,60.6,49.9,No,2400,2400,0,5502,125
04:49:24.185,active,15286,806,12346,16784,-5,95,61.1,47.0,No,2400,2400,0,5500,125
04:49:25.188,active,15275,812,14102,16785,-3,95,60.6,47.0,No,2400,2400,0,5498,125
04:49:26.185,active,15273,856,13098,16785,-3,95,60.0,49.4,No,2400,2400,0,5483,125
04:49:27.184,active,15268,784,12520,16785,-4,95,59.5,46.9,No,2400,2400,0,5487,125
04:49:28.184,active,15271,822,12596,16785,-4,95,60.6,46.7,No,2400,2400,0,5496,125
04:49:29.184,active,15253,812,12712,16785,-3,95,60.6,46.9,No,2400,2400,0,5501,125
04:49:30.185,active,15307,526,8064,16784,0,95,60.0,44.8,No,2400,2400,0,5500,125
04:49:31.184,active,15322,516,7908,16785,-3,95,60.0,45.4,No,2400,2400,0,5508,125
04:49:32.185,active,15361,532,8024,16785,-3,95,59.5,45.2,No,2400,2400,0,5506,125
04:49:33.184,active,15326,412,6326,16785,0,95,59.5,46.6,No,2400,2400,0,5504,125
04:49:34.184,active,15305,516,7426,16787,0,95,59.5,46.4,No,2400,2400,0,5504,125
04:49:35.184,active,15314,446,6848,16786,0,95,60.6,45.7,No,2400,2400,0,5509,125
04:49:36.185,active,15314,484,7040,16785,0,95,60.6,43.0,No,2400,2400,0,5514,125
04:49:37.188,active,15307,484,7426,16785,0,95,59.5,43.2,No,2400,2400,0,5521,125
04:49:38.184,sleep,15290,740,7870,16785,0,95,59.5,37.4,No,2400,2400,0,5520,125
04:49:39.185,sleep,15292,316,7774,16788,11,95,56.2,0.0,No,1500,2400,0,5565,125
04:49:40.184,sleep,15294,484,7408,16788,8,95,55.6,0.0,No,1500,2400,0,5568,125
04:49:41.185,sleep,15290,412,6172,16787,8,95,54.5,0.3,No,1500,2400,0,4971,75
04:49:42.184,sleep,15286,318,4860,16788,13,95,54.0,-0.0,No,1500,2400,0,3627,75
04:49:43.184,sleep,15296,388,5112,16788,13,95,53.5,0.0,No,1500,2400,0,3443,75
04:49:44.185,sleep,15292,288,4436,16789,13,95,52.9,0.5,No,1500,2400,0,3410,75
04:49:45.185,sleep,15294,420,6288,16790,12,95,52.4,-0.0,No,1500,2400,0,3394,75
04:49:46.184,sleep,15294,610,9356,16790,15,95,52.4,0.0,No,1500,2400,0,3396,75
04:49:47.185,sleep,15292,554,4474,16790,16,95,51.8,0.0,No,1500,2400,0,3386,75
04:49:48.184,sleep,15290,466,7906,16789,13,95,51.8,0.0,No,1500,2400,0,3379,75
04:49:49.184,sleep,15299,366,5612,16789,16,95,52.4,-0.0,No,1500,2400,0,3365,75
04:49:50.184,sleep,15292,288,7504,16789,13,95,50.7,0.0,No,1500,2400,0,3375,75
04:49:51.184,sleep,15294,356,5478,16789,14,95,51.2,-0.0,No,1500,2400,0,3370,75
04:49:52.184,sleep,15290,430,5286,16790,11,95,50.7,0.0,No,1500,2400,0,3365,75
04:49:53.188,active,15283,546,8392,16789,13,95,54.0,15.5,No,2400,2400,0,3354,75
04:49:54.185,active,15279,846,7504,16786,-5,95,54.5,52.0,No,2400,2400,0,3322,75
04:49:55.184,active,15281,862,13214,16786,0,95,55.6,47.1,No,2400,2400,0,3309,75
04:49:56.184,active,15281,886,10262,16786,0,95,56.2,46.6,No,2400,2400,0,3293,75
04:49:57.184,active,15288,502,7696,16786,0,95,57.3,46.3,No,2400,2400,0,3290,75
04:49:58.188,active,15294,514,7890,16786,0,95,57.3,46.9,No,2400,2400,0,3282,75
04:49:59.185,active,15309,508,7812,16786,-3,95,58.4,46.5,No,2400,2400,0,3277,75
04:50:00.185,active,15305,514,7870,16785,-5,95,57.3,46.5,No,2400,2400,0,3281,75
04:50:01.184,active,15303,484,7426,16785,0,95,57.3,49.2,No,2400,2400,0,3261,75
04:50:02.184,active,15301,460,7060,16786,0,95,58.4,49.0,No,2400,2400,0,3260,75
04:50:03.184,active,15301,528,7156,16785,-3,95,59.0,48.7,No,2400,2400,0,3253,75
04:50:04.185,active,15311,364,5574,16786,-4,95,57.9,47.7,No,2400,2400,0,3257,75
04:50:05.188,active,15303,406,7368,16788,0,95,58.4,48.2,No,2400,2400,0,3241,75
04:50:06.184,active,15303,484,7426,16785,0,95,58.4,47.7,No,2400,2400,0,3228,75
04:50:07.184,active,15253,816,12500,16786,0,95,59.0,48.9,No,2400,2400,0,3237,75
04:50:08.184,active,15262,844,12924,16788,5,95,58.4,49.2,No,1900,2400,0,3236,75
04:50:09.184,active,15247,802,12288,16787,0,95,59.5,49.5,No,2400,2400,0,3239,75
04:50:10.185,active,15251,846,12924,16787,0,95,59.5,47.6,No,2400,2400,0,3226,75
04:50:11.189,active,15232,814,12462,16786,0,95,59.0,52.0,No,2400,2400,0,3228,75
04:50:12.184,active,15258,784,12766,16786,4,95,59.0,46.3,No,2400,2400,0,3220,75
04:50:13.184,active,15281,884,13542,16787,3,95,59.0,47.1,No,2400,2400,0,3219,75
04:50:14.184,active,15234,802,13804,16786,3,95,60.0,48.4,No,2400,2400,0,4482,125
04:50:15.185,active,15303,806,12326,16788,0,95,59.5,46.3,No,2400,2400,0,5277,125
04:50:16.185,active,15367,276,7484,16787,0,95,59.0,46.2,No,2400,2400,0,5333,125
04:50:17.188,active,15296,714,10938,16786,0,95,60.0,46.5,No,2400,2400,0,5337,125
04:50:18.184,active,15277,546,10398,16785,0,95,59.5,46.3,No,2400,2400,0,5335,125
04:50:19.189,active,15309,632,9684,16784,-3,95,60.0,49.0,No,2400,2400,0,5335,125
04:50:20.185,active,15277,682,10474,16785,-5,95,60.6,53.4,No,2400,2400,0,5341,125
04:50:21.185,active,15281,832,12732,16786,0,95,60.6,50.5,No,2400,2400,0,5349,125
04:50:22.185,active,15277,700,10706,16786,0,95,59.5,48.9,No,2400,2400,0,5360,125
04:50:23.184,active,15283,772,11824,16785,0,95,59.5,52.9,No,2400,2400,0,5364,125
04:50:24.184,active,15277,824,12616,16785,-5,95,60.0,54.5,No,2400,2400,0,5371,125
04:50:25.189,active,15307,454,7176,16785,-5,95,60.6,51.1,No,2400,2400,0,5371,125
04:50:26.185,active,15305,414,6366,16785,0,95,60.6,49.4,No,2400,2400,0,5384,125
04:50:27.185,active,15335,494,6848,16786,0,95,60.0,51.4,No,2400,2400,0,5391,125
04:50:28.185,active,15303,454,6964,16786,-4,95,60.0,45.2,No,2400,2400,0,5395,125
04:50:29.184,active,15311,516,7562,16786,-5,95,59.5,44.2,No,2400,2400,0,5399,125
04:50:30.184,active,15305,476,7330,16785,0,95,60.0,43.8,No,2400,2400,0,5417,125
04:50:31.185,active,15318,426,7252,16786,0,95,61.1,45.1,No,2400,2400,0,5424,125
04:50:32.185,active,15318,460,7080,16785,0,95,60.6,48.6,No,2400,2400,0,5432,125
04:50:33.185,active,15311,492,7562,16786,0,95,59.5,42.6,No,2400,2400,0,5428,125
04:50:34.184,active,15311,582,8932,16787,0,95,59.5,43.1,No,2400,2400,0,5432,125
04:50:35.184,active,15268,860,13156,16787,0,95,59.0,43.8,No,2400,2400,0,5444,125
04:50:36.184,active,15264,772,13156,16786,0,95,59.5,43.9,No,2400,2400,0,5447,125
04:50:37.185,active,15299,662,10146,16786,0,95,60.0,47.2,No,2400,2400,0,5444,125
04:50:38.187,active,15260,630,13350,16786,0,95,60.0,46.1,No,2400,2400,0,5458,125
04:50:39.185,active,15262,914,13986,16786,0,95,60.6,45.1,No,2400,2400,0,5462,125
04:50:40.184,active,15243,758,8892,16786,0,95,59.5,45.1,No,2400,2400,0,5462,125
04:50:41.184,active,15277,704,10784,16786,0,95,60.0,47.0,No,2400,2400,0,5442,125
04:50:42.185,active,15281,538,10668,16786,-3,95,60.6,47.4,No,2400,2400,0,5461,125
04:50:43.185,active,15238,788,12056,16785,-3,95,60.0,45.2,No,2400,2400,0,5474,125
04:50:44.185,active,15283,656,10070,16785,-4,95,59.5,45.1,No,2400,2400,0,5482,125
04:50:45.186,active,15281,806,10842,16785,-5,95,59.5,46.2,No,2400,2400,0,5478,125
04:50:46.184,active,15275,692,10610,16786,0,95,61.7,51.9,No,2400,2400,0,5486,125
04:50:47.184,active,15288,862,8140,16787,3,95,60.6,49.4,No,2400,2400,0,5488,125
04:50:48.187,active,15288,738,11304,16786,0,95,61.1,49.1,No,2400,2400,0,5482,125
04:50:49.185,active,15268,762,12848,16785,-3,95,60.6,49.0,No,2400,2400,0,5487,125
04:50:50.185,active,15273,836,12808,16785,0,95,59.5,49.0,No,2400,2400,0,5489,125
04:50:51.184,active,15266,778,12114,16785,-3,95,60.6,49.0,No,2400,2400,0,5492,125
04:50:52.184,active,15275,862,13194,16786,-3,95,60.6,49.6,No,2400,2400,0,5497,125
04:50:53.184,sleep,15322,468,7176,16785,0,95,59.5,43.1,No,2400,2400,0,5514,125
04:50:54.184,sleep,15294,420,8234,16787,5,95,57.3,-0.0,No,2400,2400,0,5521,125
04:50:55.184,sleep,15288,490,7504,16787,8,95,56.8,0.0,No,2400,2400,0,5537,125
04:50:56.184,sleep,15294,512,7594,16788,10,95,55.6,-0.0,No,2400,2400,0,5526,125
04:50:57.184,sleep,15290,498,7638,16789,10,95,55.6,0.0,No,2400,2400,0,5541,125
04:50:58.184,sleep,15286,492,7696,16788,9,95,55.1,0.0,No,2400,2400,0,5539,125
04:50:59.184,sleep,15296,508,7792,16788,11,95,54.0,0.3,No,1500,2400,0,4488,75
04:51:00.184,sleep,15296,496,5362,16789,13,95,55.1,0.0,No,1500,2400,0,3557,75
04:51:01.184,sleep,15290,486,7446,16787,11,95,52.9,-0.0,No,1500,2400,0,3425,75
04:51:02.185,sleep,15292,308,4822,16789,12,95,52.9,0.0,No,1500,2400,0,3399,75
04:51:03.185,sleep,15290,392,6018,16790,13,95,51.8,-0.0,No,1500,2400,0,3393,75
04:51:04.185,sleep,15281,530,8140,16790,12,95,52.9,0.0,No,1500,2400,0,3394,75
04:51:05.185,sleep,15286,358,5498,16790,13,95,52.4,0.0,No,1500,2400,0,3390,75
04:51:06.185,sleep,15294,352,5382,16789,11,95,51.8,0.3,No,1500,2400,0,3374,75
04:51:07.185,sleep,15288,602,9240,16788,13,95,51.8,0.3,No,1500,2400,0,3372,75
04:51:08.190,active,15294,580,8912,16789,11,95,52.9,12.2,No,2400,2400,0,3370,75
04:51:09.184,active,15228,818,12480,16786,-4,95,55.1,51.5,No,2400,2400,0,3328,75
04:51:10.184,active,15301,728,11112,16787,0,95,56.8,47.7,No,2400,2400,0,3316,75
04:51:11.185,active,15277,598,9144,16786,-3,95,56.8,46.2,No,2400,2400,0,3312,75
04:51:12.185,active,15354,540,8314,16786,0,95,56.8,46.3,No,2400,2400,0,3309,75
04:51:13.184,active,15311,682,7408,16787,0,95,56.2,48.1,No,2400,2400,0,3302,75
04:51:14.184,active,15309,668,10244,16786,0,95,56.8,48.9,No,2400,2400,0,3298,75
04:51:15.184,active,15283,354,7870,16787,0,95,57.3,48.8,No,2400,2400,0,3296,75
04:51:16.185,active,15283,744,11400,16788,3,95,57.9,48.8,No,2400,2400,0,3285,75
04:51:17.185,active,15277,588,8024,16787,3,95,58.4,47.7,No,2400,2400,0,3279,75
04:51:18.189,active,15307,684,10514,16787,0,95,57.9,48.0,No,2400,2400,0,3270,75
04:51:19.184,active,15288,598,9162,16786,0,95,57.3,48.1,No,2400,2400,0,3264,75
04:51:20.184,active,15283,842,12886,16786,0,95,58.4,48.6,No,2400,2400,0,3263,75
04:51:21.184,active,15296,462,7080,16785,0,95,59.0,48.9,No,2400,2400,0,3249,75
04:51:22.189,active,15301,418,6982,16787,0,95,59.5,49.8,No,2400,2400,0,3241,75
04:51:23.185,active,15299,522,8006,16788,0,95,60.0,47.6,No,2400,2400,0,3248,75
04:51:24.184,active,15301,502,8178,16788,0,95,58.4,45.7,No,2400,2400,0,3243,75
04:51:25.184,active,15309,556,8526,16787,0,95,58.4,47.4,No,2400,2400,0,3238,75
04:51:26.184,active,15322,426,7350,16786,0,95,59.5,47.1,No,2400,2400,0,3200,75
04:51:27.185,active,15357,476,7350,16785,0,95,59.5,47.5,No,2400,2400,0,3206,75
04:51:28.185,active,15316,472,7060,16787,0,95,60.6,48.1,No,2400,2400,0,3208,75
04:51:29.190,active,15326,474,7272,16787,0,95,60.0,46.5,No,2400,2400,0,4876,125
04:51:30.184,active,15322,438,6732,16786,0,95,59.0,46.1,No,2400,2400,0,5306,125
04:51:31.184,active,15251,844,11458,16786,-3,95,59.5,49.7,No,2400,2400,0,5336,125
04:51:32.184,active,15271,702,10744,16787,0,95,60.0,50.1,No,2400,2400,0,5344,125
04:51:33.185,active,15262,676,12250,16785,0,95,60.0,50.3,No,2400,2400,0,5339,125
04:51:34.185,active,15256,700,10706,16787,0,95,59.5,48.5,No,2400,2400,0,5344,125
04:51:35.185,active,15247,624,10898,16788,4,95,60.0,51.4,No,2400,2400,0,5355,125
04:51:36.184,active,15247,842,12866,16788,3,95,60.0,48.0,No,2400,2400,0,5360,125
04:51:37.184,active,15264,514,12114,16785,0,95,59.5,48.2,No,2400,2400,0,5363,125
04:51:38.185,active,15253,590,9028,16785,0,95,60.6,49.2,No,2400,2400,0,5371,125
04:51:39.186,active,15299,714,10088,16785,-5,95,60.6,47.7,No,2400,2400,0,5378,125
04:51:40.188,active,15318,672,8218,16785,-8,95,60.0,48.1,No,2400,2400,0,5378,125
04:51:41.184,active,15286,750,11478,16785,-5,95,60.0,48.7,No,2400,2400,0,5393,125
04:51:42.184,active,15281,800,10938,16786,-5,95,59.5,49.0,No,2400,2400,0,5402,125
04:51:43.184,active,15288,868,13310,16786,-3,95,60.6,47.9,No,2400,2400,0,5403,125
04:51:44.185,active,15281,942,9490,16786,-4,95,60.0,46.4,No,2400,2400,0,5410,125
04:51:45.189,active,15277,774,11844,16785,-3,95,60.0,48.5,No,2400,2400,0,5412,125
04:51:46.188,active,15292,884,8584,16786,0,95,59.5,48.2,No,2400,2400,0,5418,125
04:51:47.184,active,15277,808,12366,16787,0,95,59.5,47.8,No,2400,2400,0,5425,125
04:51:48.184,active,15275,778,14488,16785,0,95,60.6,48.5,No,2400,2400,0,5428,125
04:51:49.184,active,15314,450,7350,16786,0,95,61.1,49.0,No,2400,2400,0,5443,125
04:51:50.185,active,15326,492,7542,16786,-4,95,60.6,45.5,No,2400,2400,0,5439,125
04:51:51.185,active,15316,426,7658,16785,0,95,60.0,46.1,No,2400,2400,0,5442,125
04:51:52.184,active,15333,488,7484,16787,0,95,60.0,45.5,No,2400,2400,0,5450,125
04:51:53.184,active,15329,526,6114,16786,0,95,60.0,46.8,No,2400,2400,0,5457,125
04:51:54.184,active,15105,522,8024,16788,0,95,60.6,47.3,No,2400,2400,0,5457,125
04:51:55.185,active,15348,460,7620,16787,-3,95,60.6,45.6,No,2400,2400,0,5462,125
04:51:56.185,active,15318,476,7310,16785,-3,95,60.0,45.8,No,2400,2400,0,5462,125
04:51:57.185,active,15279,746,7310,16785,-6,95,59.5,49.0,No,2400,2400,0,5472,125
04:51:58.184,active,15281,742,10572,16785,-4,95,60.0,53.1,No,2400,2400,0,5469,125
04:51:59.184,active,15266,860,13176,16786,0,95,60.0,49.1,No,2400,2400,0,5476,125
04:52:00.184,active,15253,848,12982,16786,0,95,60.6,45.1,No,2400,2400,0,5471,125
04:52:01.185,active,15277,764,11710,16787,0,95,60.6,43.3,No,2400,2400,0,5476,125
04:52:02.188,active,15268,668,8432,16786,0,95,60.6,47.6,No,2400,2400,0,5472,125
04:52:03.184,active,15292,716,10938,16787,0,95,59.5,48.4,No,2400,2400,0,5484,125
04:52:04.184,active,15260,750,12500,16786,0,95,60.0,45.5,No,2400,2400,0,5487,125
04:52:05.184,active,15301,712,10880,16785,0,95,60.0,46.2,No,2400,2400,0,5492,125
04:52:06.184,active,15262,550,12770,16787,-3,95,60.6,45.1,No,2400,2400,0,5497,125
04:52:07.191,active,15307,718,10996,16787,0,95,60.6,45.9,No,2400,2400,0,5501,125
04:52:08.184,sleep,15286,528,8140,16787,0,95,59.0,44.6,No,2400,2400,0,5500,125
04:52:09.185,sleep,15292,592,9086,16788,13,95,56.2,-0.0,No,1500,2400,0,5542,125
04:52:10.185,sleep,15290,456,7002,16788,12,95,55.1,0.0,No,1500,2400,0,5547,125
04:52:11.185,sleep,15290,466,7138,16788,14,95,54.0,0.3,No,1500,2400,0,5547,125
04:52:12.185,sleep,15290,446,6848,16790,15,95,54.0,-0.0,No,1500,2400,0,3989,75
04:52:13.185,sleep,15294,486,7466,16790,14,95,52.9,0.0,No,1500,2400,0,3465,75
04:52:14.185,sleep,15288,350,5362,16790,12,95,52.9,0.3,No,1500,2400,0,3403,75
04:52:15.185,sleep,15294,378,3994,16788,9,95,52.4,0.3,No,1500,2400,0,3390,75
04:52:16.185,sleep,15292,516,7908,16790,12,95,51.8,0.0,No,1500,2400,0,3387,75
04:52:17.185,sleep,15296,536,4744,16789,11,95,52.9,-0.0,No,1500,2400,0,3378,75
04:52:18.185,sleep,15290,530,8140,16789,14,95,51.8,0.0,No,1500,2400,0,3381,75
04:52:19.185,sleep,15290,306,5806,16789,15,95,52.4,-0.0,No,1500,2400,0,3370,75
04:52:20.185,sleep,15296,320,4918,16789,11,95,51.8,0.0,No,1500,2400,0,3362,75
04:52:21.185,sleep,15286,390,5980,16788,13,95,51.2,0.0,No,1500,2400,0,3360,75
04:52:22.185,sleep,15290,340,5228,16789,11,95,51.2,0.0,No,1500,2400,0,3358,75
04:52:23.189,active,15299,612,9394,16788,10,95,52.9,9.7,No,1600,2400,0,3345,75
04:52:24.185,active,15309,414,6366,16785,-8,95,55.1,53.5,No,2400,2400,0,3313,75
04:52:25.190,active,15326,456,6982,16785,-8,95,55.1,47.9,No,2400,2400,0,3275,75
04:52:26.184,active,15251,794,12596,16785,-3,95,55.6,47.8,No,2400,2400,0,3280,75
04:52:27.184,active,15262,776,11882,16786,0,95,56.2,48.7,No,2400,2400,0,3267,75
04:52:28.184,active,15223,870,13098,16786,0,95,57.3,48.6,No,2400,2400,0,3265,75
04:52:29.185,active,15260,776,11864,16787,0,95,57.3,48.2,No,2400,2400,0,3268,75
04:52:30.185,active,15266,736,11246,16788,4,95,57.3,48.2,No,2400,2400,0,3271,75
04:52:31.184,active,15228,784,11960,16786,0,95,57.3,47.7,No,2400,2400,0,3269,75
04:52:32.184,active,15262,874,13368,16786,0,95,57.9,48.7,No,2400,2400,0,3263,75
04:52:33.184,active,15253,848,11324,16787,0,95,59.0,49.0,No,2400,2400,0,3256,75
04:52:34.184,active,15294,686,10474,16786,-5,95,59.0,52.2,No,2400,2400,0,3240,75
04:52:35.189,active,15307,532,12654,16787,0,95,59.0,46.7,No,2400,2400,0,3235,75
04:52:36.185,active,15288,860,13176,16785,0,95,59.0,47.5,No,2400,2400,0,3240,75
04:52:37.184,active,15309,442,6790,16785,-3,95,59.0,48.6,No,2400,2400,0,3235,75
04:52:38.184,active,15288,702,10802,16786,0,95,59.5,48.2,No,2400,2400,0,3235,75
04:52:39.184,active,15314,640,9818,16787,-4,95,59.0,47.2,No,2400,2400,0,3223,75
04:52:40.185,active,15314,670,7292,16786,-10,95,60.0,49.1,No,2400,2400,0,3219,75
04:52:41.185,active,15346,456,7002,16787,-4,95,59.0,45.6,No,2400,2400,0,3219,75
04:52:42.188,active,15294,450,6924,16787,0,95,59.5,45.5,No,2400,2400,0,3207,125
04:52:43.184,active,15279,794,12172,16785,-3,95,59.5,51.1,No,2400,2400,0,5107,125
04:52:44.184,active,15303,530,9934,16784,-4,95,60.0,50.9,No,2400,2400,0,5311,125
04:52:45.185,active,15311,534,8758,16785,-6,95,59.5,50.8,No,2400,2400,0,5326,125
04:52:46.185,active,15318,486,7484,16786,-6,95,60.0,49.0,No,2400,2400,0,5334,125
04:52:47.185,active,15301,692,8372,16786,-9,95,59.5,48.9,No,2400,2400,0,5337,125
04:52:48.184,active,15307,548,8410,16784,-8,95,59.5,48.2,No,2400,2400,0,5338,125
04:52:49.184,active,15314,494,7580,16785,-5,95,59.5,51.9,No,2400,2400,0,5337,125
04:52:50.184,active,15303,474,7272,16785,-5,95,60.0,49.0,No,2400,2400,0,5351,125
04:52:51.185,active,15309,492,7542,16785,-4,95,60.0,50.0,No,2400,2400,0,5352,125
04:52:52.185,active,15314,496,7620,16786,-5,95,60.0,45.4,No,2400,2400,0,5367,125
04:52:53.185,active,15344,522,8024,16787,0,95,59.5,48.8,No,2400,2400,0,5368,125
04:52:54.184,active,15303,858,11882,16785,-3,95,60.0,49.5,No,2400,2400,0,5373,125
04:52:55.184,active,15247,764,11670,16785,-3,95,60.0,47.8,No,2400,2400,0,5380,125
04:52:56.184,active,15247,844,12924,16786,0,95,61.1,46.3,No,2400,2400,0,5385,125
04:52:57.188,active,15305,626,9606,16786,0,95,60.0,44.6,No,2400,2400,0,5385,125
04:52:58.185,active,15273,770,11806,16787,-3,95,60.0,48.1,No,2400,2400,0,5401,125
04:52:59.184,active,15256,806,12308,16786,-7,95,60.0,48.2,No,2400,2400,0,5410,125
04:53:00.184,active,15223,796,12192,16786,-4,95,59.5,44.3,No,2400,2400,0,5423,125
04:53:01.184,active,15262,680,12848,16788,0,95,60.6,43.9,No,2400,2400,0,5420,125
04:53:02.185,active,15279,818,12520,16786,0,95,60.6,43.2,No,2400,2400,0,5429,125
04:53:03.185,active,15339,508,7792,16786,0,95,59.5,42.7,No,2400,2400,0,5430,125
04:53:04.185,active,15326,488,7504,16785,0,95,59.5,43.8,No,2400,2400,0,5442,125
04:53:05.184,active,15354,456,7002,16785,0,95,59.5,45.0,No,2400,2400,0,5426,125
04:53:06.184,active,15316,716,7924,16785,-3,95,60.6,46.8,No,2400,2400,0,5439,125
04:53:07.185,active,15286,552,8488,16785,-4,95,60.0,46.5,No,2400,2400,0,5456,125
04:53:08.185,active,15320,660,7986,16786,0,95,60.0,45.9,No,2400,2400,0,5445,125
04:53:09.187,active,15286,816,12500,16784,-5,95,60.0,51.0,No,2400,2400,0,5452,125
04:53:10.185,active,15307,554,7292,16785,-5,95,59.5,49.7,No,2400,2400,0,5462,125
04:53:11.184,active,15305,644,9896,16785,0,95,60.0,50.0,No,2400,2400,0,5455,125
04:53:12.184,active,15296,860,13136,16785,0,95,60.0,46.4,No,2400,2400,0,5461,125
04:53:13.184,active,15303,560,8584,16786,3,95,60.6,49.2,No,2400,2400,0,5462,125
04:53:14.185,active,15303,530,8120,16785,-3,95,61.1,44.6,No,2400,2400,0,5471,125
04:53:15.185,active,15299,534,9990,16786,0,95,61.1,46.0,No,2400,2400,0,5472,125
04:53:16.184,active,15305,512,7850,16785,-4,95,59.5,44.8,No,2400,2400,0,5480,125
04:53:17.184,active,15301,506,6578,16785,-5,95,60.0,46.2,No,2400,2400,0,5479,125
04:53:18.187,active,15322,492,7542,16785,-4,95,60.6,49.4,No,2400,2400,0,5474,125
04:53:19.185,active,15303,506,7754,16785,-4,95,61.1,48.5,No,2400,2400,0,5483,125
04:53:20.186,active,15303,508,7812,16784,-4,95,59.5,45.5,No,2400,2400,0,5486,125
04:53:21.184,active,15311,812,12424,16785,-7,95,60.0,49.0,No,2400,2400,0,5489,125
04:53:22.184,active,15281,832,10684,16786,-3,95,59.5,47.6,No,2400,2400,0,5487,125
04:53:23.184,sleep,15264,938,14372,16785,0,95,59.0,43.3,No,2400,2400,0,5492,125
04:53:24.185,sleep,15286,420,6790,16787,6,95,55.6,0.0,No,1500,2400,0,5529,125
04:53:25.185,sleep,15288,460,7060,16787,14,95,55.1,0.0,No,1500,2400,0,5548,125
04:53:26.184,sleep,15290,424,7928,16789,16,95,54.5,0.0,No,1500,2400,0,5547,75
04:53:27.185,sleep,15290,446,6848,16790,18,95,54.0,0.0,No,1500,2400,0,3769,75
04:53:28.184,sleep,15288,470,5516,16790,13,95,53.5,0.0,No,1500,2400,0,3451,75
04:53:29.184,sleep,15290,416,6384,16789,12,95,53.5,-0.0,No,1500,2400,0,3404,75
04:53:30.184,sleep,15294,560,8352,16788,13,95,52.9,0.0,No,1500,2400,0,3374,75
04:53:31.184,sleep,15286,518,5478,16788,11,95,52.9,-0.0,No,1500,2400,0,3367,75
04:53:32.184,sleep,15294,518,7928,16788,13,95,51.8,0.0,No,1500,2400,0,3370,75
04:53:33.184,sleep,15292,516,7832,16788,11,95,51.8,0.0,No,1500,2400,0,3368,75
04:53:34.185,sleep,15294,290,4456,16789,14,95,51.8,0.0,No,1500,2400,0,3371,75
04:53:35.185,sleep,15286,344,5652,16789,13,95,51.2,0.0,No,1500,2400,0,3351,75
04:53:36.184,sleep,15290,506,7774,16789,14,95,51.2,-0.0,No,1500,2400,0,3341,75
04:53:37.185,sleep,15290,564,8990,16789,15,95,51.2,0.0,No,1500,2400,0,3347,75
04:53:38.189,active,15281,596,9144,16789,14,95,52.4,7.2,No,1500,2400,0,3342,75
04:53:39.184,active,15305,484,6384,16786,-5,95,54.5,55.6,No,2400,2400,0,3301,75
04:53:40.184,active,15299,450,11864,16787,0,95,56.2,48.9,No,2400,2400,0,3298,75
04:53:41.184,active,15292,546,8372,16786,0,95,56.8,48.4,No,2400,2400,0,3288,75
04:53:42.185,active,15292,472,12326,16786,0,95,56.8,48.1,No,2400,2400,0,3282,75
04:53:43.189,active,15279,576,8834,16786,0,95,56.8,48.0,No,2400,2400,0,3287,75
04:53:44.184,active,15290,460,12558,16786,0,95,57.3,48.0,No,2400,2400,0,3279,75
04:53:45.184,active,15299,600,9202,16786,0,95,57.9,51.8,No,2400,2400,0,3272,75
04:53:46.184,active,15294,514,8064,16788,0,95,59.0,48.4,No,2400,2400,0,3269,75
04:53:47.185,active,15288,470,7194,16787,0,95,58.4,45.5,No,2400,2400,0,3261,75
04:53:48.186,active,15309,456,7002,16787,0,95,57.9,47.2,No,2400,2400,0,3254,75
04:53:49.184,active,15279,798,11458,16786,-3,95,57.9,49.2,No,2400,2400,0,3241,75
04:53:50.184,active,15283,852,13060,16787,0,95,58.4,48.5,No,2400,2400,0,3244,75
04:53:51.184,active,15279,578,10416,16786,-3,95,58.4,46.7,No,2400,2400,0,3223,75
04:53:52.185,active,15279,860,13176,16786,0,95,59.0,46.6,No,2400,2400,0,3231,75
04:53:53.188,active,15271,920,14102,16786,0,95,59.0,47.0,No,2400,2400,0,3230,75
04:53:54.185,active,15271,834,12770,16785,-7,95,58.4,48.9,No,2400,2400,0,3226,75
04:53:55.184,active,15271,890,13638,16785,-7,95,59.0,49.5,No,2400,2400,0,3223,75
04:53:56.184,active,15271,806,12838,16785,-6,95,59.5,47.7,No,2400,2400,0,3894,125
04:53:57.189,active,15258,750,11498,16787,-3,95,59.5,51.9,No,2400,2400,0,5220,125
04:53:58.185,active,15350,492,7562,16786,-4,95,60.0,51.9,No,2400,2400,0,5322,125
04:53:59.185,active,15311,468,7194,16785,-4,95,59.0,51.3,No,2400,2400,0,5339,125
04:54:00.187,active,15316,448,6866,16784,-5,95,60.0,52.8,No,2400,2400,0,5331,125
04:54:01.184,active,15316,506,7754,16785,-6,95,60.0,52.0,No,2400,2400,0,5329,125
04:54:02.184,active,15352,550,8448,16787,-4,95,59.5,49.9,No,2400,2400,0,5336,125
04:54:03.185,active,15348,520,8006,16786,0,95,60.6,45.9,No,2400,2400,0,5344,125
04:54:04.189,active,15311,456,7022,16785,-4,95,61.7,48.3,No,2400,2400,0,5358,125
04:54:05.185,active,15307,474,7292,16784,-4,95,60.0,48.3,No,2400,2400,0,5360,125
04:54:06.184,active,15307,494,7600,16786,0,95,60.0,47.7,No,2400,2400,0,5364,125
04:54:07.184,active,15256,722,8680,16785,0,95,60.0,50.0,No,2400,2400,0,5367,125
04:54:08.184,active,15260,690,10552,16786,-6,95,60.6,45.9,No,2400,2400,0,5382,125
04:54:09.184,active,15262,590,13832,16786,-3,95,60.6,48.0,No,2400,2400,0,5389,125
04:54:10.185,active,15234,800,12210,16786,0,95,60.0,42.6,No,2400,2400,0,5397,125
04:54:11.188,active,15299,730,11536,16785,0,95,59.5,43.0,No,2400,2400,0,5407,125
04:54:12.184,active,15305,496,7600,16785,0,95,59.5,44.8,No,2400,2400,0,5409,125
04:54:13.184,active,15314,546,8372,16785,-3,95,61.1,47.3,No,2400,2400,0,5411,125
04:54:14.188,active,15301,510,7832,16786,-3,95,60.0,46.5,No,2400,2400,0,5419,125
04:54:15.185,active,15299,674,10320,16787,0,95,61.1,45.9,No,2400,2400,0,5420,125
04:54:16.185,active,15305,510,7832,16788,0,95,59.5,45.1,No,2400,2400,0,5417,125
04:54:17.184,active,15281,770,11786,16786,0,95,59.5,45.3,No,2400,2400,0,5430,125
04:54:18.184,active,15256,840,12674,16785,0,95,59.5,47.0,No,2400,2400,0,5440,125
04:54:19.184,active,15268,744,11382,16785,0,95,60.0,47.1,No,2400,2400,0,5443,125
04:54:20.185,active,15279,656,11632,16785,-3,95,60.0,47.7,No,2400,2400,0,5454,125
04:54:21.188,active,15264,800,12250,16787,0,95,60.0,46.8,No,2400,2400,0,5453,125
04:54:22.188,active,15271,866,12828,16786,0,95,59.0,43.5,No,2400,2400,0,5467,125
04:54:23.184,active,15283,816,12500,16786,0,95,59.5,44.7,No,2400,2400,0,5466,125
04:54:24.184,active,15281,870,13310,16785,-3,95,60.6,46.8,No,2400,2400,0,5460,125
04:54:25.187,active,15307,690,10572,16783,-7,95,60.0,49.7,No,2400,2400,0,5466,125
04:54:26.185,active,15301,506,7754,16785,-6,95,60.6,45.7,No,2400,2400,0,5470,125
04:54:27.185,active,15309,506,6906,16785,-3,95,60.0,44.2,No,2400,2400,0,5475,125
04:54:28.186,active,15305,440,6770,16786,-3,95,59.5,44.2,No,2400,2400,0,5478,125
04:54:29.184,active,15316,536,8024,16785,-7,95,59.5,48.5,No,2400,2400,0,5474,125
04:54:30.184,active,15320,484,7446,16785,-3,95,60.6,49.5,No,2400,2400,0,5484,125
04:54:31.185,active,15339,498,7870,16785,-4,95,60.0,48.2,No,2400,2400,0,5486,125
04:54:32.185,active,15318,564,8662,16784,-5,95,60.6,47.4,No,2400,2400,0,5488,125
04:54:33.185,active,15316,690,7908,16787,0,95,60.6,46.5,No,2400,2400,0,5483,125
04:54:34.184,active,15361,546,8410,16787,0,95,60.0,48.1,No,2400,2400,0,5487,125
04:54:35.184,active,15279,648,9934,16786,0,95,60.6,49.4,No,2400,2400,0,5488,125
04:54:36.184,active,15266,828,12752,16785,-5,95,60.0,46.5,No,2400,2400,0,5491,125
04:54:37.185,active,15296,590,9028,16784,-6,95,60.6,45.7,No,2400,2400,0,5494,125
04:54:38.184,sleep,15256,510,13600,16784,-6,95,60.0,46.2,No,2400,2400,0,5497,125
04:54:39.184,sleep,15292,432,6616,16788,3,95,57.3,-0.0,No,2400,2400,0,5530,125
04:54:40.184,sleep,15296,496,6694,16788,6,95,56.2,0.0,No,2400,2400,0,5535,125
04:54:41.184,sleep,15301,432,6636,16788,11,95,56.2,-0.0,No,2400,2400,0,5540,125
04:54:42.184,sleep,15294,474,6384,16788,10,95,55.6,0.0,No,2400,2400,0,5537,125
04:54:43.184,sleep,15294,488,7484,16787,7,95,55.1,0.0,No,2400,2400,0,5543,125
04:54:44.185,sleep,15292,382,6288,16790,10,95,54.0,0.0,No,1500,2400,0,5221,75
04:54:45.185,sleep,15288,378,5806,16790,17,95,54.5,0.0,No,1500,2400,0,3660,75
04:54:46.184,sleep,15292,502,7678,16791,14,95,52.9,0.0,No,1500,2400,0,3428,75
04:54:47.185,sleep,15292,662,6712,16791,18,95,52.9,-0.0,No,1500,2400,0,3409,75
04:54:48.184,sleep,15286,584,8932,16789,14,95,51.8,0.0,No,1500,2400,0,3395,75
04:54:49.185,sleep,15283,410,7928,16788,11,95,52.4,-0.0,No,1500,2400,0,3392,75
04:54:50.184,sleep,15292,332,5112,16788,11,95,51.8,0.0,No,1500,2400,0,3392,75
04:54:51.185,sleep,15290,368,3838,16790,14,95,51.8,0.0,No,1500,2400,0,3383,75
04:54:52.184,sleep,15288,570,8738,16790,15,95,52.4,0.0,No,1500,2400,0,3381,75
04:54:53.189,active,15283,562,8372,16790,15,95,51.8,3.3,No,1500,2400,0,3355,75
04:54:54.185,active,15305,518,7966,16786,0,95,55.1,58.1,No,2400,2400,0,3332,75
04:54:55.185,active,15318,558,8564,16786,0,95,55.1,48.4,No,2400,2400,0,3323,75
04:54:56.184,active,15311,420,6954,16785,-3,95,55.6,50.9,No,2400,2400,0,3307,75
04:54:57.184,active,15318,448,6866,16786,-5,95,56.2,50.1,No,2400,2400,0,3306,75
04:54:58.184,active,15314,382,7580,16787,-3,95,57.9,47.9,No,2400,2400,0,3305,75
04:54:59.184,active,15350,504,7736,16786,-5,95,57.9,48.9,No,2400,2400,0,3296,75
04:55:00.185,active,15326,488,7792,16787,-4,95,57.9,47.2,No,2400,2400,0,3284,75
04:55:01.190,active,15329,452,6964,16787,0,95,57.9,46.4,No,2400,2400,0,3280,75
04:55:02.184,active,15344,484,7832,16785,0,95,58.4,48.3,No,2400,2400,0,3274,75
04:55:03.184,active,15268,630,9626,16788,0,95,58.4,45.9,No,2400,2400,0,3275,75
04:55:04.184,active,15266,830,12712,16789,3,95,59.0,49.1,No,2400,2400,0,3263,75
04:55:05.185,active,15241,778,12414,16788,0,95,57.9,49.5,No,2400,2400,0,3256,75
04:55:06.185,active,15296,770,11768,16788,0,95,59.5,48.4,No,2400,2400,0,3254,75
04:55:07.188,active,15266,510,11400,16786,-3,95,60.0,50.6,No,2400,2400,0,3240,75
04:55:08.184,active,15299,560,8546,16785,-4,95,59.0,51.9,No,2400,2400,0,3242,75
04:55:09.184,active,15318,530,10532,16787,0,95,60.6,51.0,No,2400,2400,0,4706,125
04:55:10.184,active,15299,642,9818,16787,0,95,59.5,48.7,No,2400,2400,0,5325,125
04:55:11.185,active,15307,576,9992,16788,3,95,60.0,50.5,No,2400,2400,0,5357,125
04:55:12.186,active,15273,862,13194,16786,0,95,60.6,52.3,No,2400,2400,0,5353,125
04:55:13.184,active,15273,852,13060,16787,0,95,59.5,50.1,No,2400,2400,0,5351,125
04:55:14.184,active,15277,882,8402,16787,4,95,59.5,46.3,No,2400,2400,0,5353,125
04:55:15.184,active,15281,654,10030,16786,0,95,60.0,44.0,No,2400,2400,0,5353,125
04:55:16.185,active,15258,774,13484,16787,3,95,59.5,45.4,No,2400,2400,0,5373,125
04:55:17.185,active,15281,848,12982,16787,0,95,59.5,48.7,No,2400,2400,0,5375,125
04:55:18.185,active,15275,850,10416,16787,0,95,59.5,45.1,No,2400,2400,0,5386,125
04:55:19.184,active,15264,880,13484,16786,0,95,59.5,46.8,No,2400,2400,0,5391,125
04:55:20.184,active,15283,708,11998,16786,-4,95,60.0,50.1,No,2400,2400,0,5393,125
04:55:21.188,active,15322,884,13504,16785,-3,95,61.1,49.2,No,2400,2400,0,5425,125
04:55:22.185,active,15344,550,8430,16786,0,95,60.0,49.1,No,2400,2400,0,5406,125
04:55:23.188,active,15329,516,7408,16786,0,95,59.0,48.3,No,2400,2400,0,5418,125
04:55:24.184,active,15314,494,7600,16785,-4,95,59.5,45.7,No,2400,2400,0,5411,125
04:55:25.184,active,15350,530,7446,16787,0,95,60.0,46.7,No,2400,2400,0,5423,125
04:55:26.184,active,15326,522,8044,16786,0,95,60.6,47.0,No,2400,2400,0,5428,125
04:55:27.185,active,15359,462,6424,16786,0,95,60.6,44.9,No,2400,2400,0,5434,125
04:55:28.184,active,15335,540,8294,16785,-3,95,59.5,46.2,No,2400,2400,0,5445,125
04:55:29.185,active,15290,484,7774,16786,0,95,60.0,46.9,No,2400,2400,0,5447,125
04:55:30.184,active,15361,514,7928,16785,0,95,60.0,46.7,No,2400,2400,0,5450,125
04:55:31.184,active,15292,804,12308,16786,-7,95,60.0,47.5,No,2400,2400,0,5450,125
04:55:32.184,active,15264,810,7446,16786,-10,95,60.6,45.4,No,2400,2400,0,5455,125
04:55:33.185,active,15264,840,12848,16785,-13,95,60.0,43.3,No,2400,2400,0,5465,125
04:55:34.189,active,15271,632,9896,16784,-6,95,60.0,45.0,No,2400,2400,0,5464,125
04:55:35.185,active,15230,770,11748,16784,-8,95,59.5,45.7,No,2400,2400,0,5462,125
04:55:36.184,active,15264,586,11498,16784,-6,95,60.0,48.6,No,2400,2400,0,5466,125
04:55:37.184,active,15264,664,10166,16784,-7,95,61.1,49.7,No,2400,2400,0,5469,125
04:55:38.185,active,15305,752,11574,16784,-8,95,60.6,49.4,No,2400,2400,0,5471,125
04:55:39.188,active,15268,570,8718,16786,-8,95,60.6,48.6,No,2400,2400,0,5468,125
04:55:40.185,active,15264,776,11882,16785,-6,95,59.5,49.4,No,2400,2400,0,5486,125
04:55:41.184,active,15277,848,11170,16785,-3,95,59.5,48.7,No,2400,2400,0,5482,125
04:55:42.184,active,15279,786,12056,16785,0,95,61.1,49.5,No,2400,2400,0,5481,125
04:55:43.187,active,15292,670,12114,16785,-3,95,60.6,49.6,No,2400,2400,0,5484,125
04:55:44.185,active,15277,762,11670,16785,-4,95,60.0,45.9,No,2400,2400,0,5491,125
04:55:45.187,active,15266,836,12694,16786,-3,95,60.0,46.5,No,2400,2400,0,5493,125
04:55:46.185,active,15271,854,13060,16785,-11,95,59.5,48.6,No,2400,2400,0,5493,125
04:55:47.184,active,15277,806,12616,16784,-5,95,60.0,49.5,No,2400,2400,0,5499,125
04:55:48.184,active,15277,868,13310,16784,-7,95,60.0,47.2,No,2400,2400,0,5496,125
04:55:49.184,active,15311,412,6326,16784,-6,95,60.6,46.1,No,2400,2400,0,5490,125
04:55:50.188,active,15311,452,7292,16785,-7,95,60.6,45.4,No,2400,2400,0,5498,125
04:55:51.189,active,15348,464,7138,16786,-8,95,60.0,47.0,No,2400,2400,0,5501,125
04:55:52.184,active,15307,508,7098,16787,-3,95,60.6,47.7,No,2400,2400,0,5499,125
04:55:53.184,sleep,15305,448,6886,16787,0,95,59.5,47.9,No,2400,2400,0,5504,125
04:55:54.184,sleep,15296,480,8160,16787,5,95,56.8,0.0,No,2400,2400,0,5547,125
04:55:55.184,sleep,15303,564,8662,16787,9,95,56.8,-0.0,No,2400,2400,0,5553,125
04:55:56.184,sleep,15283,432,6906,16787,12,95,55.6,0.0,No,2400,2400,0,5548,125
04:55:57.184,sleep,15294,518,7948,16788,7,95,55.6,0.0,No,2400,2400,0,5548,125
04:55:58.184,sleep,15290,442,6770,16788,7,95,54.5,0.0,No,2400,2400,0,5542,125
04:55:59.184,sleep,15299,394,3734,16788,10,95,53.5,0.0,No,1500,2400,0,5556,125
04:56:00.184,sleep,15299,524,8044,16787,7,95,52.9,0.0,No,1500,2400,0,4585,75
04:56:01.185,sleep,15288,506,6482,16788,11,95,52.9,-0.0,No,1500,2400,0,3582,75
04:56:02.185,sleep,15299,306,4686,16788,12,95,52.9,0.0,No,1500,2400,0,3433,75
04:56:03.185,sleep,15301,598,3472,16787,10,95,51.8,-0.0,No,1500,2400,0,3405,75
04:56:04.185,sleep,15290,400,6134,16789,13,95,52.4,0.0,No,1500,2400,0,3386,75
04:56:05.185,sleep,15296,382,4070,16790,12,95,51.8,0.0,No,1500,2400,0,3389,75
04:56:06.184,sleep,15292,538,8236,16789,15,95,51.2,0.0,No,1500,2400,0,3398,75
04:56:07.185,sleep,15290,312,9626,16789,15,95,51.2,0.3,No,1500,2400,0,3392,75
04:56:08.189,active,15292,494,7580,16790,13,95,51.8,2.0,No,1500,2400,0,3386,75
04:56:09.184,active,15281,540,8276,16787,0,95,54.0,56.7,No,2400,2400,0,3345,75
04:56:10.184,active,15279,762,11670,16785,-4,95,56.2,49.5,No,2400,2400,0,3327,75
04:56:11.184,active,15279,646,9916,16786,0,95,56.2,46.0,No,2400,2400,0,3300,75
04:56:12.185,active,15283,818,12538,16785,-7,95,56.8,48.6,No,2400,2400,0,3291,75
04:56:13.185,active,15279,696,10668,16784,-11,95,57.3,46.6,No,2400,2400,0,3299,75
04:56:14.184,active,15275,832,12732,16786,-6,95,56.2,46.1,No,2400,2400,0,3299,75
04:56:15.184,active,15273,818,12538,16786,0,95,57.9,49.1,No,2400,2400,0,3291,75
04:56:16.184,active,15275,762,11652,16786,-4,95,57.9,46.3,No,2400,2400,0,3283,75
04:56:17.185,active,15273,716,10976,16784,-9,95,58.4,51.0,No,2400,2400,0,3283,75
04:56:18.185,active,15318,418,8276,16784,-8,95,59.0,49.9,No,2400,2400,0,3275,75
04:56:19.185,active,15314,510,7850,16785,-4,95,58.4,49.4,No,2400,2400,0,3270,75
04:56:20.184,active,15329,468,7850,16786,0,95,56.8,53.2,No,2400,2400,0,3260,75
04:56:21.184,active,15320,422,6482,16787,-7,95,59.5,52.5,No,2400,2400,0,5084,125
04:56:22.185,active,15344,562,7850,16786,-6,95,59.5,51.1,No,2400,2400,0,5355,125
04:56:23.185,active,15357,542,8334,16786,-4,95,59.5,49.6,No,2400,2400,0,5383,125
04:56:24.190,active,15346,448,6596,16785,-6,95,58.4,50.5,No,2400,2400,0,5386,125
04:56:25.185,active,15333,492,7562,16785,-4,95,57.9,47.2,No,2400,2400,0,5383,125
04:56:26.184,active,15311,702,8160,16785,-5,95,59.5,48.2,No,2400,2400,0,5385,125
04:56:27.184,active,15253,806,12308,16786,-3,95,60.0,47.0,No,2400,2400,0,5389,125
04:56:28.184,active,15296,868,13292,16785,-3,95,60.6,46.3,No,2400,2400,0,5402,125
04:56:29.189,active,15279,720,11034,16785,-6,95,60.0,45.2,No,2400,2400,0,5401,125
04:56:30.185,active,15299,636,9742,16786,-4,95,59.5,49.6,No,2400,2400,0,5400,125
04:56:31.184,active,15299,590,10582,16785,0,95,59.5,49.1,No,2400,2400,0,5390,125
04:56:32.184,active,15299,680,10398,16785,-6,95,59.5,48.7,No,2400,2400,0,5403,125
04:56:33.184,active,15301,444,9626,16785,-5,95,60.0,44.4,No,2400,2400,0,5428,125
04:56:34.185,active,15299,528,8082,16786,0,95,60.0,47.2,No,2400,2400,0,5426,125
04:56:35.184,active,15299,536,10778,16787,0,95,60.0,44.8,No,2400,2400,0,5430,125
04:56:36.188,active,15286,894,13716,16786,0,95,59.0,45.2,No,2400,2400,0,5435,125
04:56:37.184,active,15258,826,12964,16786,-3,95,59.0,44.3,No,2400,2400,0,5444,125
04:56:38.184,active,15266,812,12424,16785,0,95,60.0,46.1,No,2400,2400,0,5441,125
04:56:39.184,active,15288,1006,12192,16785,0,95,60.0,47.1,No,2400,2400,0,5439,125
04:56:40.185,active,15279,896,13716,16787,0,95,60.0,45.5,No,2400,2400,0,5448,125
04:56:41.185,active,15273,812,12424,16787,0,95,59.5,42.3,No,2400,2400,0,5463,125
04:56:42.184,active,15271,828,12674,16787,0,95,59.5,45.6,No,2400,2400,0,5466,125
04:56:43.184,active,15279,826,12654,16786,0,95,60.0,54.4,No,2400,2400,0,5457,125
04:56:44.184,active,15271,810,12404,16785,-6,95,60.6,47.4,No,2400,2400,0,5467,125
04:56:45.185,active,15320,528,8102,16785,-7,95,60.6,49.0,No,2400,2400,0,5466,125
04:56:46.185,active,15331,462,7542,16784,-4,95,60.6,48.8,No,2400,2400,0,5485,125
04:56:47.188,active,15307,580,8892,16785,-4,95,59.0,45.7,No,2400,2400,0,5482,125
04:56:48.184,active,15322,562,7928,16785,-5,95,59.5,44.5,No,2400,2400,0,5474,125
04:56:49.184,active,15309,482,7388,16785,0,95,59.5,46.4,No,2400,2400,0,5485,125
04:56:50.185,active,15335,554,7580,16785,0,95,60.0,48.2,No,2400,2400,0,5483,125
04:56:51.189,active,15344,502,7736,16785,0,95,60.0,47.9,No,2400,2400,0,5488,125
04:56:52.187,active,15350,422,8546,16786,0,95,60.0,45.9,No,2400,2400,0,5495,125
04:56:53.186,active,15307,654,10030,16787,0,95,59.5,47.6,No,2400,2400,0,5485,125
04:56:54.184,active,15322,466,6848,16786,0,95,59.0,46.8,No,2400,2400,0,5493,125
04:56:55.184,active,15288,644,10114,16785,0,95,60.0,47.3,No,2400,2400,0,5501,125
04:56:56.185,active,15296,840,12828,16785,0,95,62.2,49.1,No,2400,2400,0,5496,125
04:56:57.185,active,15301,520,10526,16786,0,95,59.5,48.5,No,2400,2400,0,5502,125
04:56:58.185,active,15305,586,8990,16787,0,95,59.5,48.8,No,2400,2400,0,5503,125
04:56:59.184,active,15301,590,10300,16787,0,95,59.5,47.7,No,2400,2400,0,5501,125
04:57:00.184,active,15305,526,8064,16786,0,95,60.0,48.7,No,2400,2400,0,5506,125
04:57:01.184,active,15307,480,10320,16785,0,95,60.6,47.5,No,2400,2400,0,5511,125
04:57:02.185,active,15314,468,7176,16785,0,95,60.0,46.2,No,2400,2400,0,5503,125
04:57:03.185,active,15309,554,8622,16785,0,95,60.0,48.1,No,2400,2400,0,5502,125
04:57:04.185,active,15279,920,14082,16786,0,95,59.5,47.0,No,2400,2400,0,5513,125
04:57:05.184,active,15271,842,13368,16785,-3,95,60.0,50.3,No,2400,2400,0,5510,125
04:57:06.184,active,15277,830,12712,16785,-3,95,60.0,46.3,No,2400,2400,0,5518,125
04:57:07.184,active,15266,824,11882,16786,0,95,60.0,46.4,No,2400,2400,0,5503,125
04:57:08.188,active,15275,918,14062,16784,0,95,59.5,46.4,No,2400,2400,0,5514,125
04:57:09.184,sleep,15283,538,7118,16787,8,95,57.3,1.3,No,2400,2400,0,5553,125
04:57:10.184,sleep,15292,532,8178,16788,9,95,56.2,0.0,No,2400,2400,0,5557,125
04:57:11.184,sleep,15290,552,7522,16790,12,95,55.6,0.0,No,2400,2400,0,5553,125
04:57:12.184,sleep,15286,446,6848,16790,8,95,55.1,0.0,No,2400,2400,0,5563,125
04:57:13.184,sleep,15290,480,7638,16789,10,95,55.6,0.3,No,2400,2400,0,5562,125
04:57:14.185,sleep,15292,298,5536,16789,15,95,53.5,0.0,No,1500,2400,0,4112,75
04:57:15.185,sleep,15288,634,9702,16788,18,95,53.5,-0.0,No,1500,2400,0,3519,75
04:57:16.184,sleep,15294,514,5516,16789,16,95,53.5,0.0,No,1500,2400,0,3429,75
04:57:17.185,sleep,15294,608,9318,16789,14,95,52.4,-0.0,No,1500,2400,0,3412,75
04:57:18.185,sleep,15283,550,9086,16790,16,95,51.8,0.3,No,1500,2400,0,3393,75
04:57:19.185,sleep,15290,242,3704,16789,16,95,51.8,1.0,No,1500,2400,0,3387,75
04:57:20.184,sleep,15286,566,5440,16789,15,95,51.2,0.0,No,1500,2400,0,3383,75
04:57:21.185,sleep,15296,212,3240,16789,16,95,51.2,0.0,No,1500,2400,0,3387,75
04:57:22.184,sleep,15292,602,7754,16789,14,95,51.2,0.0,No,1500,2400,0,3376,75
04:57:23.185,sleep,15288,192,2932,16789,13,95,51.8,0.0,No,1500,2400,0,3371,75
04:57:24.184,active,15292,670,10262,16787,0,95,55.6,57.8,No,2400,2400,0,3344,75
04:57:25.185,active,15286,502,7696,16787,-3,95,56.2,46.1,No,2400,2400,0,3310,75
04:57:26.188,active,15322,618,9490,16786,0,95,56.2,46.7,No,2400,2400,0,3304,75
04:57:27.184,active,15311,556,8526,16785,0,95,56.8,47.7,No,2400,2400,0,3310,75
04:57:28.184,active,15309,430,6596,16785,-3,95,57.3,49.5,No,2400,2400,0,3302,75
04:57:29.184,active,15303,444,6810,16785,-4,95,57.9,47.9,No,2400,2400,0,3303,75
04:57:30.185,active,15301,506,7774,16787,0,95,57.9,49.7,No,2400,2400,0,3289,75
04:57:31.185,active,15303,510,7832,16787,0,95,58.4,49.5,No,2400,2400,0,3281,75
04:57:32.185,active,15268,828,12674,16787,0,95,59.0,50.6,No,2400,2400,0,3275,75
04:57:33.184,active,15277,752,11612,16786,0,95,57.9,47.2,No,2400,2400,0,3267,75
04:57:34.184,active,15268,866,13252,16787,4,95,59.0,50.1,No,2400,2400,0,3258,75
04:57:35.184,active,15256,792,12674,16787,0,95,59.0,51.3,No,2400,2400,0,3251,75
04:57:36.185,active,15268,794,12134,16786,0,95,59.0,47.5,No,2400,2400,0,3412,125
04:57:37.185,active,15275,616,11748,16787,0,95,59.0,46.0,No,2400,2400,0,5221,125
04:57:38.184,active,15264,612,9356,16786,0,95,58.4,48.8,No,2400,2400,0,5368,125
04:57:39.184,active,15243,704,10784,16785,-6,95,60.6,49.4,No,2400,2400,0,5377,125
04:57:40.184,active,15273,646,9876,16785,-7,95,59.5,48.8,No,2400,2400,0,5370,125
04:57:41.185,active,15268,832,12732,16786,-6,95,59.5,43.9,No,2400,2400,0,5374,125
04:57:42.185,active,15335,520,6674,16786,-5,95,59.0,42.4,No,2400,2400,0,5379,125
04:57:43.191,active,15329,462,7118,16787,-3,95,59.0,43.3,No,2400,2400,0,5386,125
04:57:44.184,active,15309,630,7928,16787,0,95,59.5,46.6,No,2400,2400,0,5387,125
04:57:45.184,active,15309,608,9336,16786,0,95,59.5,45.6,No,2400,2400,0,5397,125
04:57:46.185,active,15281,882,7870,16785,0,95,60.0,47.3,No,2400,2400,0,5401,125
04:57:47.189,active,15301,814,12500,16786,0,95,60.0,46.3,No,2400,2400,0,5405,125
04:57:48.185,active,15277,558,10358,16787,0,95,59.5,45.8,No,2400,2400,0,5417,125
04:57:49.184,active,15348,510,7850,16787,0,95,59.0,45.0,No,2400,2400,0,5413,125
04:57:50.184,active,15277,694,10648,16786,0,95,59.5,47.0,No,2400,2400,0,5423,125
04:57:51.184,active,15301,460,11112,16785,0,95,59.5,47.0,No,2400,2400,0,5422,125
04:57:52.185,active,15303,666,10204,16785,0,95,60.0,44.5,No,2400,2400,0,5424,125
04:57:53.185,active,15301,484,12076,16786,0,95,59.5,46.7,No,2400,2400,0,5436,125
04:57:54.185,active,15301,498,7658,16786,0,95,60.0,51.6,No,2400,2400,0,5434,125
04:57:55.184,active,15299,448,9490,16786,-3,95,59.5,46.0,No,2400,2400,0,5443,125
04:57:56.184,active,15296,472,7234,16787,0,95,60.0,44.0,No,2400,2400,0,5450,125
04:57:57.184,active,15299,490,7678,16786,4,95,60.0,46.3,No,2400,2400,0,5451,125
04:57:58.185,active,15301,488,7484,16787,6,95,59.5,43.3,No,2400,2400,0,5460,125
04:57:59.185,active,15316,538,8236,16785,0,95,60.0,47.2,No,2400,2400,0,5463,125
04:58:00.184,active,15281,752,12596,16787,0,95,59.0,48.7,No,2400,2400,0,5472,125
04:58:01.184,active,15277,872,13350,16788,0,95,59.5,45.2,No,2400,2400,0,5464,125
04:58:02.184,active,15268,794,12848,16788,0,95,60.6,47.7,No,2400,2400,0,5461,125
04:58:03.184,active,15271,820,12538,16787,0,95,59.5,45.7,No,2400,2400,0,5468,125
04:58:04.185,active,15281,662,11748,16785,0,95,60.0,46.0,No,2400,2400,0,5471,125
04:58:05.185,active,15294,564,8642,16785,-3,95,59.5,46.1,No,2400,2400,0,5479,125
04:58:06.184,active,15243,782,11940,16786,0,95,59.5,49.0,No,2400,2400,0,5480,125
04:58:07.184,active,15266,832,12732,16785,0,95,58.4,46.8,No,2400,2400,0,5483,125
04:58:08.184,active,15243,918,14062,16786,0,95,60.0,47.4,No,2400,2400,0,5489,125
04:58:09.188,active,15256,778,11922,16787,0,95,60.6,46.5,No,2400,2400,0,5492,125
04:58:10.185,active,15322,526,8064,16786,0,95,59.5,46.1,No,2400,2400,0,5485,125
04:58:11.185,active,15352,522,6810,16785,-4,95,59.5,48.1,No,2400,2400,0,5494,125
04:58:12.184,active,15324,522,8044,16784,-4,95,57.9,47.6,No,2400,2400,0,5493,125
04:58:13.184,active,15354,524,8044,16786,0,95,59.5,48.7,No,2400,2400,0,5483,125
04:58:14.184,active,15339,490,7542,16787,0,95,60.0,48.4,No,2400,2400,0,5491,125
04:58:15.188,active,15309,540,8294,16787,0,95,59.5,47.9,No,2400,2400,0,5496,125
04:58:16.185,active,15348,456,7022,16786,3,95,59.0,45.5,No,2400,2400,0,5492,125
04:58:17.184,active,15318,532,8198,16786,0,95,59.5,46.5,No,2400,2400,0,5500,125
04:58:18.184,active,15309,622,8524,16787,0,95,59.5,48.1,No,2400,2400,0,5499,125
04:58:19.184,active,15283,630,9644,16786,0,95,59.5,47.4,No,2400,2400,0,5501,125
04:58:20.185,active,15307,616,9432,16785,0,95,60.0,48.2,No,2400,2400,0,5506,125
04:58:21.185,active,15301,612,9374,16786,0,95,59.5,47.8,No,2400,2400,0,5499,125
04:58:22.185,active,15296,682,10436,16788,4,95,57.9,48.3,No,2400,2400,0,5516,125
04:58:23.184,active,15296,528,8102,16787,4,95,59.0,48.8,No,2400,2400,0,5514,125
04:58:24.184,sleep,15294,406,6250,16788,8,95,57.3,3.5,No,2400,2400,0,5540,125
04:58:25.184,sleep,15292,486,6186,16788,9,95,56.2,0.0,No,2400,2400,0,5549,125
04:58:26.184,sleep,15281,470,7214,16787,6,95,55.6,-0.0,No,2400,2400,0,5550,125
04:58:27.184,sleep,15290,480,7330,16787,7,95,55.1,0.0,No,2400,2400,0,5545,125
04:58:28.184,sleep,15290,452,6924,16789,8,95,55.1,0.0,No,2400,2400,0,5550,125
04:58:29.184,sleep,15290,630,8314,16790,12,95,54.0,0.0,No,1500,2400,0,3838,75
04:58:30.184,sleep,15290,584,8950,16790,15,95,53.5,0.5,No,1500,2400,0,3465,75
04:58:31.184,sleep,15288,552,8448,16790,15,95,52.9,1.0,No,1500,2400,0,3412,75
04:58:32.184,sleep,15288,558,8546,16789,16,95,52.9,-0.0,No,1500,2400,0,3402,75
04:58:33.184,sleep,15288,420,6442,16789,17,95,53.5,0.0,No,1500,2400,0,3389,75
04:58:34.185,sleep,15288,286,4378,16789,15,95,51.8,-0.0,No,1500,2400,0,3392,75
04:58:35.184,sleep,15290,308,4706,16789,14,95,50.7,0.0,No,1500,2400,0,3377,75
04:58:36.184,sleep,15290,552,6886,16790,14,95,51.2,0.0,No,1500,2400,0,3381,75
04:58:37.185,sleep,15290,514,7890,16790,14,95,51.2,0.0,No,1500,2400,0,3370,75
04:58:38.184,sleep,15296,514,7870,16789,14,95,50.1,0.0,No,1500,2400,0,3357,75
04:58:39.184,active,15331,510,7832,16786,0,95,54.0,58.3,No,2400,2400,0,3325,75
04:58:40.184,active,15292,690,10590,16786,-3,95,56.2,53.9,No,2400,2400,0,3312,75
04:58:41.184,active,15339,504,7736,16786,-5,95,56.2,49.9,No,2400,2400,0,3302,75
04:58:42.186,active,15314,464,7138,16786,-4,95,56.8,50.8,No,2400,2400,0,3303,75
04:58:43.189,active,15352,530,7136,16786,-6,95,57.9,49.0,No,2400,2400,0,3293,75
04:58:44.189,active,15329,426,6558,16785,-3,95,56.8,47.1,No,2400,2400,0,3279,75
04:58:45.184,active,15348,446,7446,16784,-7,95,57.3,45.6,No,2400,2400,0,3271,75
04:58:46.184,active,15258,654,10012,16784,-7,95,58.4,51.7,No,2400,2400,0,3277,75
04:58:47.184,active,15299,800,12250,16785,-6,95,58.4,48.6,No,2400,2400,0,3264,75
04:58:48.185,active,15281,698,10686,16786,-6,95,57.3,44.5,No,2400,2400,0,3254,75
04:58:49.185,active,15294,740,11304,16786,-9,95,57.9,48.5,No,2400,2400,0,3262,75
04:58:50.185,active,15299,586,8990,16786,-6,95,57.9,48.2,No,2400,2400,0,4330,125
04:58:51.184,active,15309,700,10706,16786,-3,95,58.4,49.2,No,2400,2400,0,5307,125
04:58:52.184,active,15290,540,11110,16786,0,95,59.5,46.3,No,2400,2400,0,5382,125
04:58:53.185,active,15301,608,9318,16784,0,95,59.0,45.1,No,2400,2400,0,5376,125
04:58:54.185,active,15299,458,10996,16786,0,95,59.0,47.1,No,2400,2400,0,5366,125
04:58:55.187,active,15277,770,11786,16787,0,95,59.0,49.0,No,2400,2400,0,5384,125
04:58:56.184,active,15279,782,11998,16785,0,95,59.0,49.0,No,2400,2400,0,5375,125
04:58:57.184,active,15277,830,12712,16786,0,95,59.0,46.9,No,2400,2400,0,5383,125
04:58:58.184,active,15279,708,10860,16786,0,95,59.0,44.5,No,2400,2400,0,5393,125
04:58:59.185,active,15283,868,7660,16786,-3,95,59.5,45.7,No,2400,2400,0,5382,125
04:59:00.190,active,15273,742,11382,16786,0,95,59.0,45.5,No,2400,2400,0,5388,125
04:59:01.185,active,15247,784,12038,16786,0,95,59.0,44.6,No,2400,2400,0,5410,125
04:59:02.184,active,15262,908,13890,16785,-3,95,59.0,46.8,No,2400,2400,0,5411,125
04:59:03.184,active,15307,480,12712,16787,5,95,58.4,44.8,No,2400,2400,0,5418,125
04:59:04.185,active,15273,918,14044,16786,0,95,60.0,46.9,No,2400,2400,0,5425,125
04:59:05.185,active,15309,502,7716,16787,0,95,59.5,50.0,No,2400,2400,0,5431,125
04:59:06.185,active,15314,536,7724,16786,0,95,60.6,46.9,No,2400,2400,0,5433,125
04:59:07.184,active,15322,522,8006,16786,0,95,59.0,43.8,No,2400,2400,0,5429,125
04:59:08.184,active,15316,542,7388,16786,0,95,59.5,44.0,No,2400,2400,0,5440,125
04:59:09.184,active,15320,500,7696,16786,0,95,60.6,49.0,No,2400,2400,0,5444,125
04:59:10.185,active,15348,510,7600,16785,0,95,60.6,46.7,No,2400,2400,0,5428,125
04:59:11.185,active,15314,486,7484,16786,0,95,60.0,47.6,No,2400,2400,0,5453,125
04:59:12.185,active,15309,674,7736,16785,0,95,59.0,44.5,No,2400,2400,0,5460,125
04:59:13.184,active,15352,508,7812,16785,-3,95,60.0,50.5,No,2400,2400,0,5459,125
04:59:14.184,active,15277,792,12114,16786,0,95,59.5,48.8,No,2400,2400,0,5466,125
04:59:15.184,active,15230,776,13124,16785,0,95,60.0,46.0,No,2400,2400,0,5466,125
04:59:16.188,active,15307,716,10956,16786,0,95,60.6,46.9,No,2400,2400,0,5466,125
04:59:17.185,active,15283,568,9722,16786,-4,95,60.0,49.1,No,2400,2400,0,5468,125
04:59:18.184,active,15322,760,11632,16787,0,95,59.0,46.3,No,2400,2400,0,5473,125
04:59:19.184,active,15299,578,10282,16786,-4,95,59.5,49.1,No,2400,2400,0,5470,125
04:59:20.184,active,15281,738,11304,16785,-6,95,59.5,48.4,No,2400,2400,0,5479,125
04:59:21.185,active,15303,474,9318,16785,-4,95,60.0,48.4,No,2400,2400,0,5481,125
04:59:22.185,active,15303,636,9760,16785,0,95,60.0,48.2,No,2400,2400,0,5480,125
04:59:23.185,active,15277,782,11960,16784,-4,95,59.5,47.6,No,2400,2400,0,5483,125
04:59:24.184,active,15281,858,13136,16786,0,95,59.5,47.5,No,2400,2400,0,5482,125
04:59:25.184,active,15275,896,13734,16785,-5,95,59.5,47.4,No,2400,2400,0,5480,125
04:59:26.184,active,15277,790,10816,16785,-4,95,60.0,48.9,No,2400,2400,0,5493,125
04:59:27.185,active,15275,876,13426,16785,-4,95,59.5,47.2,No,2400,2400,0,5493,125
04:59:28.190,active,15283,858,10784,16786,0,95,60.0,46.2,No,2400,2400,0,5497,125
04:59:29.185,active,15281,946,14506,16786,0,95,59.5,46.0,No,2400,2400,0,5498,125
04:59:30.184,active,15266,826,13426,16785,-5,95,59.5,48.1,No,2400,2400,0,5498,125
04:59:31.184,active,15279,938,14372,16785,-5,95,60.0,47.5,No,2400,2400,0,5499,125
04:59:32.185,active,15311,474,7292,16786,-4,95,60.6,48.9,No,2400,2400,0,5504,125
04:59:33.185,active,15314,474,7292,16786,3,95,60.0,47.8,No,2400,2400,0,5497,125
04:59:34.188,active,15318,484,7426,16785,0,95,59.0,47.7,No,2400,2400,0,5504,125
04:59:35.184,active,15316,530,7080,16785,3,95,59.0,48.0,No,2400,2400,0,5511,125
04:59:36.184,active,15324,514,7870,16787,0,95,59.5,48.7,No,2400,2400,0,5511,125
04:59:37.184,active,15314,516,7060,16788,4,95,59.5,48.9,No,2400,2400,0,5505,125
04:59:38.185,active,15309,514,7890,16788,3,95,60.0,48.3,No,2400,2400,0,5505,125
04:59:39.185,sleep,15288,526,7696,16788,12,95,56.2,4.3,No,1500,2400,0,5553,125
04:59:40.185,sleep,15294,478,7330,16789,16,95,55.6,0.3,No,1500,2400,0,5560,125
04:59:41.185,sleep,15296,418,8776,16789,15,95,54.5,0.3,No,1500,2400,0,5567,125
04:59:42.184,sleep,15294,288,6464,16789,13,95,55.1,1.0,No,1500,2400,0,5143,75
04:59:43.184,sleep,15294,344,5286,16789,14,95,52.9,0.0,No,1500,2400,0,3656,75
04:59:44.184,sleep,15299,314,4340,16788,14,95,53.5,0.0,No,1500,2400,0,3419,75
04:59:45.185,sleep,15299,368,5632,16790,15,95,52.9,0.3,No,1500,2400,0,3400,75
04:59:46.185,sleep,15290,266,5574,16789,15,95,52.4,0.0,No,1500,2400,0,3400,75
04:59:47.185,sleep,15292,544,8352,16789,11,95,51.8,-0.0,No,1500,2400,0,3384,75
04:59:48.185,sleep,15294,358,8024,16789,13,95,51.2,0.3,No,1500,2400,0,3375,75
04:59:49.185,sleep,15305,178,2738,16789,12,95,51.8,0.0,No,1500,2400,0,3371,75
04:59:50.184,sleep,15296,238,3954,16788,11,95,51.2,0.0,No,1500,2400,0,3378,75
04:59:51.185,sleep,15292,526,8044,16789,15,95,50.7,0.0,No,1500,2400,0,3370,75
04:59:52.184,sleep,15290,270,4146,16788,12,95,50.7,0.0,No,1500,2400,0,3371,75
04:59:53.184,sleep,15283,504,7736,16790,14,95,51.2,-0.0,No,1500,2400,0,3340,75
04:59:54.185,active,15275,804,12326,16786,0,95,55.1,59.4,No,2400,2400,0,3306,75
04:59:55.185,active,15279,726,7034,16786,-7,95,56.2,48.6,No,2400,2400,0,3304,75
04:59:56.185,active,15288,824,12616,16786,0,95,56.2,49.0,No,2400,2400,0,3288,75
04:59:57.187,active,15279,884,10358,16785,-6,95,56.8,49.5,No,2400,2400,0,3281,75
04:59:58.184,active,15264,788,12076,16786,-8,95,56.8,49.0,No,2400,2400,0,3271,75
04:59:59.184,active,15277,886,10764,16786,0,95,56.8,45.6,No,2400,2400,0,3263,75
05:00:00.184,active,15301,440,6752,16787,0,95,58.4,43.8,No,2400,2400,0,3261,75
05:00:01.188,active,15339,526,8082,16786,0,95,58.4,47.8,No,2400,2400,0,3248,75
05:00:02.185,active,15311,474,8316,16786,0,95,58.4,48.5,No,2400,2400,0,3250,75
05:00:03.184,active,15335,462,7080,16787,0,95,57.9,46.4,No,2400,2400,0,3248,75
05:00:04.184,active,15337,422,6636,16784,-3,95,58.4,49.5,No,2400,2400,0,3256,75
05:00:05.185,active,15311,508,7812,16786,-4,95,59.0,46.4,No,2400,2400,0,3257,75
05:00:06.185,active,15311,448,6346,16788,0,95,60.6,49.0,No,2400,2400,0,3249,75
05:00:07.185,active,15311,524,8044,16788,0,95,58.4,42.4,No,2400,2400,0,3252,75
05:00:08.187,active,15346,512,6848,16787,0,95,57.9,43.8,No,2400,2400,0,3245,75
05:00:09.184,active,15260,834,12770,16786,0,95,59.0,46.0,No,2400,2400,0,3236,75
05:00:10.184,active,15241,496,7600,16786,0,95,59.5,45.1,No,2400,2400,0,3216,75
05:00:11.185,active,15271,626,13600,16786,-4,95,59.5,45.3,No,2400,2400,0,4568,125
05:00:12.189,active,15281,692,10610,16787,0,95,59.0,46.1,No,2400,2400,0,5287,125
05:00:13.187,active,15247,778,8276,16787,0,95,60.0,44.9,No,2400,2400,0,5345,125
05:00:14.184,active,15275,670,10262,16787,0,95,59.0,46.5,No,2400,2400,0,5350,125
05:00:15.184,active,15279,564,10128,16785,-7,95,59.5,47.0,No,2400,2400,0,5344,125
05:00:16.184,active,15262,706,10822,16786,0,95,60.0,50.3,No,2400,2400,0,5351,125
05:00:17.188,active,15303,638,10784,16786,0,95,60.6,50.4,No,2400,2400,0,5349,125
05:00:18.185,active,15303,662,7908,16787,0,95,59.5,44.9,No,2400,2400,0,5357,125
05:00:19.185,active,15290,444,6828,16787,0,95,59.5,43.8,No,2400,2400,0,5366,125
05:00:20.184,active,15277,862,6906,16787,0,95,59.0,47.3,No,2400,2400,0,5372,125
05:00:21.184,active,15346,540,8314,16787,0,95,59.0,46.2,No,2400,2400,0,5374,125
05:00:22.184,active,15279,802,9298,16786,0,95,60.6,45.7,No,2400,2400,0,5382,125
05:00:23.187,active,15288,878,13464,16784,-4,95,60.0,47.7,No,2400,2400,0,5393,125
05:00:24.188,active,15281,528,10050,16787,-3,95,60.6,48.9,No,2400,2400,0,5396,125
05:00:25.185,active,15279,820,12558,16788,0,95,59.5,48.4,No,2400,2400,0,5411,125
05:00:26.184,active,15286,568,8718,16786,-5,95,59.5,48.0,No,2400,2400,0,5411,125
05:00:27.184,active,15296,736,11284,16785,-5,95,60.0,47.0,No,2400,2400,0,5414,125
05:00:28.185,active,15305,478,7330,16785,0,95,60.0,48.4,No,2400,2400,0,5424,125
05:00:29.185,active,15299,566,8700,16787,0,95,60.0,48.4,No,2400,2400,0,5424,125
05:00:30.188,active,15307,510,7832,16786,0,95,59.5,47.8,No,2400,2400,0,5426,125
05:00:31.184,active,15320,422,6462,16786,0,95,59.5,48.3,No,2400,2400,0,5432,125
05:00:32.184,active,15303,516,6628,16788,3,95,60.6,46.4,No,2400,2400,0,5451,125
05:00:33.185,active,15316,426,6538,16786,3,95,60.0,47.5,No,2400,2400,0,5457,125
05:00:34.185,active,15311,530,6732,16785,0,95,60.0,45.9,No,2400,2400,0,5458,125
05:00:35.185,active,15309,464,7118,16786,0,95,59.0,46.5,No,2400,2400,0,5454,125
05:00:36.185,active,15316,480,6654,16787,0,95,59.5,47.5,No,2400,2400,0,5461,125
05:00:37.184,active,15275,894,13166,16786,0,95,59.5,48.0,No,2400,2400,0,5462,125
05:00:38.184,active,15275,796,12172,16786,0,95,60.0,48.9,No,2400,2400,0,5459,125
05:00:39.184,active,15268,856,13484,16785,0,95,60.6,47.4,No,2400,2400,0,5472,125
05:00:40.185,active,15273,846,12944,16786,0,95,60.0,46.2,No,2400,2400,0,5475,125
05:00:41.189,active,15262,858,13464,16787,0,95,60.6,46.9,No,2400,2400,0,5477,125
05:00:42.184,active,15268,776,11882,16788,0,95,59.0,47.5,No,2400,2400,0,5475,125
05:00:43.184,active,15243,836,11304,16787,7,95,59.5,49.0,No,2400,2400,0,5475,125
05:00:44.184,active,15262,802,12288,16787,0,95,60.6,48.9,No,2400,2400,0,5484,125
05:00:45.185,active,15236,806,11786,16785,0,95,60.6,48.3,No,2400,2400,0,5491,125
05:00:46.185,active,15331,528,7252,16786,0,95,59.5,48.0,No,2400,2400,0,5493,125
05:00:47.190,active,15352,532,8160,16788,6,95,59.5,48.1,No,2400,2400,0,5493,125
05:00:48.184,active,15348,438,8352,16788,4,95,59.5,48.2,No,2400,2400,0,5489,125
05:00:49.184,active,15326,550,8448,16787,3,95,58.4,48.8,No,2400,2400,0,5496,125
05:00:50.184,active,15357,562,7446,16786,4,95,60.0,48.7,No,2400,2400,0,5499,125
05:00:51.185,active,15339,506,7774,16786,0,95,60.0,47.8,No,2400,2400,0,5496,125
05:00:52.185,active,15307,682,7504,16786,0,95,61.1,48.8,No,2400,2400,0,5502,125
05:00:53.184,active,15305,588,9008,16788,4,95,59.5,50.3,No,2400,2400,0,5496,125
05:00:54.185,sleep,15288,290,7774,16790,13,95,56.2,6.5,No,1500,2400,0,5550,125
05:00:55.185,sleep,15290,482,4474,16790,16,95,55.6,-0.0,No,1500,2400,0,5559,125
05:00:56.185,sleep,15288,578,8874,16787,8,95,54.5,0.0,No,1500,2400,0,5557,125
05:00:57.185,sleep,15290,470,7986,16788,10,95,54.5,-0.0,No,1500,2400,0,4455,75
05:00:58.185,sleep,15288,380,5844,16789,15,95,54.0,-0.0,No,1500,2400,0,3554,75
05:00:59.185,sleep,15290,518,4012,16789,15,95,52.4,0.0,No,1500,2400,0,3426,75
05:01:00.184,sleep,15290,472,7234,16789,13,95,52.9,0.3,No,1500,2400,0,3394,75
05:01:01.184,sleep,15294,484,6038,16788,10,95,51.2,0.0,No,1500,2400,0,3389,75
05:01:02.184,sleep,15292,708,10860,16789,10,95,51.8,0.0,No,1500,2400,0,3391,75
05:01:03.184,sleep,15294,480,7350,16788,8,95,50.7,-0.0,No,1500,2400,0,3390,75
05:01:04.185,sleep,15283,612,8178,16788,8,95,51.8,0.0,No,1500,2400,0,3380,75
05:01:05.185,sleep,15294,280,4282,16788,7,95,51.2,0.0,No,1500,2400,0,3371,75
05:01:06.185,sleep,15294,584,5304,16789,10,95,50.7,0.0,No,1500,2400,0,3363,75
05:01:07.185,sleep,15281,558,8546,16789,13,95,51.2,0.0,No,1500,2400,0,3359,75
05:01:08.184,sleep,15292,382,7774,16789,13,95,50.7,0.0,No,1500,2400,0,3344,75
05:01:09.185,active,15260,812,12424,16785,-6,95,54.0,55.2,No,2400,2400,0,3307,75
05:01:10.184,active,15260,764,11690,16784,-10,95,55.6,45.7,No,2400,2400,0,3303,75
05:01:11.184,active,15288,788,12076,16787,-5,95,56.8,48.1,No,2400,2400,0,3301,75
05:01:12.185,active,15275,790,12096,16786,-3,95,58.4,47.8,No,2400,2400,0,3286,75
05:01:13.185,active,15352,444,6404,16785,-3,95,57.3,47.5,No,2400,2400,0,3280,75
05:01:14.191,active,15331,534,8198,16786,0,95,57.9,49.1,No,2400,2400,0,3285,75
05:01:15.185,active,15324,482,7408,16786,-3,95,56.8,46.6,No,2400,2400,0,3271,75
05:01:16.184,active,15352,472,7252,16785,-5,95,57.9,49.1,No,2400,2400,0,3269,75
05:01:17.184,active,15271,626,9626,16786,-6,95,59.0,50.3,No,2400,2400,0,3262,75
05:01:18.185,active,15307,492,7562,16786,-6,95,58.4,49.7,No,2400,2400,0,3263,75
05:01:19.185,active,15286,544,8372,16787,-3,95,57.9,48.7,No,2400,2400,0,3250,75
05:01:20.187,active,15316,650,7040,16786,0,95,58.4,46.8,No,2400,2400,0,3245,75
05:01:21.184,active,15286,552,8506,16785,-4,95,58.4,45.5,No,2400,2400,0,3243,75
05:01:22.184,active,15273,656,10030,16786,-4,95,59.0,47.2,No,2400,2400,0,3244,75
05:01:23.184,active,15243,744,11362,16785,-7,95,59.5,47.0,No,2400,2400,0,3228,75
05:01:24.185,active,15292,658,10088,16784,-9,95,60.0,45.8,No,2400,2400,0,3233,75
05:01:25.185,active,15296,458,7040,16785,-8,95,59.0,46.8,No,2400,2400,0,3231,75
05:01:26.185,active,15305,546,8372,16786,0,95,59.5,47.2,No,2400,2400,0,3228,75
05:01:27.184,active,15301,482,10552,16786,-3,95,59.0,46.1,No,2400,2400,0,3218,75
05:01:28.184,active,15294,474,7292,16786,0,95,60.0,52.6,No,2400,2400,0,3209,75
05:01:29.184,active,15296,492,10128,16786,0,95,60.0,45.6,No,2400,2400,0,4844,125
05:01:30.190,active,15299,430,6596,16786,0,95,59.5,47.9,No,2400,2400,0,5301,125
05:01:31.185,active,15279,678,10166,16786,0,95,59.5,46.3,No,2400,2400,0,5337,125
05:01:32.184,active,15273,910,9832,16786,-3,95,59.5,49.4,No,2400,2400,0,5335,125
05:01:33.184,active,15277,794,12152,16787,0,95,59.5,49.6,No,2400,2400,0,5342,125
05:01:34.184,active,15268,798,13118,16786,0,95,60.0,47.2,No,2400,2400,0,5345,125
05:01:35.188,active,15273,900,13774,16787,0,95,61.1,46.3,No,2400,2400,0,5354,125
05:01:36.185,active,15260,802,12694,16786,0,95,60.6,47.9,No,2400,2400,0,5351,125
05:01:37.186,active,15266,810,12384,16785,0,95,60.6,48.8,No,2400,2400,0,5364,125
05:01:38.184,active,15271,724,11844,16788,0,95,59.5,46.1,No,2400,2400,0,5354,125
05:01:39.184,active,15275,830,12712,16788,0,95,60.6,49.6,No,2400,2400,0,5373,125
05:01:40.184,active,15271,808,12384,16788,0,95,60.0,46.9,No,2400,2400,0,5386,125
05:01:41.188,active,15318,488,7792,16787,0,95,60.6,48.4,No,2400,2400,0,5385,125
05:01:42.188,active,15314,510,7832,16785,0,95,59.5,48.0,No,2400,2400,0,5385,125
05:01:43.185,active,15329,484,6308,16786,0,95,60.0,47.4,No,2400,2400,0,5401,125
05:01:44.184,active,15331,432,6636,16786,0,95,59.5,48.6,No,2400,2400,0,5413,125
05:01:45.184,active,15311,532,8700,16786,-3,95,60.6,47.4,No,2400,2400,0,5416,125
05:01:46.185,active,15326,502,7696,16787,0,95,60.0,46.0,No,2400,2400,0,5426,125
05:01:47.185,active,15339,474,8178,16786,0,95,60.6,48.0,No,2400,2400,0,5429,125
05:01:48.189,active,15318,408,6268,16786,0,95,60.6,46.6,No,2400,2400,0,5432,125
05:01:49.184,active,15350,494,7600,16786,-3,95,60.6,47.6,No,2400,2400,0,5440,125
05:01:50.184,active,15275,650,10956,16786,-3,95,60.0,47.7,No,2400,2400,0,5440,125
05:01:51.184,active,15301,834,12732,16787,0,95,60.6,47.2,No,2400,2400,0,5449,125
05:01:52.185,active,15262,596,11594,16787,0,95,60.6,46.7,No,2400,2400,0,5459,125
05:01:53.185,active,15245,806,12308,16786,0,95,60.0,47.1,No,2400,2400,0,5451,125
05:01:54.185,active,15281,566,12366,16786,0,95,59.0,47.6,No,2400,2400,0,5453,125
05:01:55.184,active,15268,570,8718,16786,0,95,59.5,49.8,No,2400,2400,0,5459,125
05:01:56.184,active,15299,436,12636,16784,-3,95,60.6,48.7,No,2400,2400,0,5462,125
05:01:57.184,active,15305,476,7330,16787,0,95,60.6,48.5,No,2400,2400,0,5470,125
05:01:58.185,active,15290,706,9124,16785,0,95,60.6,47.5,No,2400,2400,0,5471,125
05:01:59.189,active,15277,702,7446,16786,0,95,59.5,49.8,No,2400,2400,0,5475,125
05:02:00.184,active,15283,672,10340,16786,0,95,59.5,48.0,No,2400,2400,0,5479,125
05:02:01.184,active,15283,772,8276,16784,-3,95,60.0,49.5,No,2400,2400,0,5480,125
05:02:02.184,active,15303,624,9588,16786,-4,95,60.0,48.8,No,2400,2400,0,5483,125
05:02:03.185,active,15275,842,9664,16786,-4,95,61.1,48.6,No,2400,2400,0,5486,125
05:02:04.185,active,15283,910,13948,16786,0,95,60.6,53.3,No,2400,2400,0,5485,125
05:02:05.185,active,15277,670,10300,16785,0,95,59.5,47.0,No,2400,2400,0,5467,125
05:02:06.184,active,15279,818,12538,16786,-3,95,59.5,47.9,No,2400,2400,0,5484,125
05:02:07.184,active,15275,830,12712,16786,-3,95,60.6,49.2,No,2400,2400,0,5490,125
05:02:08.185,active,15350,498,6538,16787,-5,95,60.6,52.2,No,2400,2400,0,5495,125
05:02:09.184,sleep,15290,458,7022,16788,0,95,58.4,8.3,No,2400,2400,0,5534,125
05:02:10.184,sleep,15290,498,7522,16787,4,95,57.3,0.0,No,2400,2400,0,5537,125
05:02:11.184,sleep,15292,482,7388,16787,4,95,56.2,-0.0,No,2400,2400,0,5536,125
05:02:12.184,sleep,15286,428,6982,16788,11,95,54.5,0.0,No,2400,2400,0,5543,125
05:02:13.184,sleep,15290,504,7736,16788,9,95,55.6,-0.0,No,2400,2400,0,5542,125
05:02:14.184,sleep,15290,432,6636,16789,13,95,55.1,0.0,No,1500,2400,0,5555,125
05:02:15.184,sleep,15290,332,5092,16790,19,95,54.5,-0.0,No,1500,2400,0,4152,75
05:02:16.184,sleep,15290,458,7002,16789,16,95,53.5,0.0,No,1500,2400,0,3514,75
05:02:17.185,sleep,15294,254,4186,16789,15,95,52.9,0.0,No,1500,2400,0,3405,75
05:02:18.185,sleep,15283,412,6326,16788,13,95,52.4,0.0,No,1500,2400,0,3392,75
05:02:19.185,sleep,15294,264,7638,16788,11,95,52.4,-0.0,No,1500,2400,0,3376,75
05:02:20.185,sleep,15286,432,6616,16789,11,95,51.8,0.3,No,1500,2400,0,3374,75
05:02:21.185,sleep,15296,282,6172,16790,16,95,50.7,0.0,No,1500,2400,0,3393,75
05:02:22.184,sleep,15290,574,8796,16789,15,95,51.8,0.0,No,1500,2400,0,3389,75
05:02:23.184,sleep,15301,368,5632,16789,16,95,51.8,0.0,No,1500,2400,0,3375,75
05:02:24.184,active,15225,780,11902,16786,0,95,54.0,49.9,No,2400,2400,0,3343,75
05:02:25.185,active,15283,600,9202,16787,0,95,56.2,48.7,No,2400,2400,0,3333,75
05:02:26.185,active,15264,822,12578,16789,3,95,57.3,48.1,No,2400,2400,0,3311,75
05:02:27.185,active,15311,642,9858,16788,0,95,56.2,47.0,No,2400,2400,0,3307,75
05:02:28.184,active,15277,786,7098,16788,0,95,57.3,48.6,No,2400,2400,0,3297,75
05:02:29.184,active,15307,638,9800,16787,0,95,57.9,43.8,No,2400,2400,0,3299,75
05:02:30.185,active,15273,544,11458,16787,5,95,58.4,47.7,No,2400,2400,0,3295,75
05:02:31.185,active,15283,772,11824,16787,4,95,58.4,46.0,No,2400,2400,0,3292,75
05:02:32.185,active,15266,808,12366,16788,4,95,57.9,45.2,No,2400,2400,0,3282,75
05:02:33.185,active,15277,806,12326,16789,5,95,57.9,45.8,No,2400,2400,0,3267,75
05:02:34.184,active,15279,684,10514,16788,5,95,58.4,46.6,No,2400,2400,0,3264,75
05:02:35.184,active,15262,872,13350,16787,5,95,59.5,46.1,No,2400,2400,0,3256,75
05:02:36.184,active,15292,426,6520,16787,0,95,59.5,44.7,No,2400,2400,0,3248,75
05:02:37.185,active,15320,482,8546,16786,0,95,59.0,45.3,No,2400,2400,0,3252,75
05:02:38.185,active,15318,504,7736,16786,-3,95,60.0,46.5,No,2400,2400,0,3308,125
05:02:39.184,active,15307,482,6944,16787,0,95,59.0,50.8,No,2400,2400,0,5179,125
05:02:40.184,active,15294,462,7080,16787,3,95,59.0,44.0,No,2400,2400,0,5355,125
05:02:41.184,active,15303,484,7194,16786,0,95,59.5,44.0,No,2400,2400,0,5374,125
05:02:42.185,active,15305,540,8276,16786,-3,95,59.5,43.9,No,2400,2400,0,5372,125
05:02:43.185,active,15316,486,7466,16786,0,95,59.0,43.3,No,2400,2400,0,5362,125
05:02:44.187,active,15307,472,7252,16787,0,95,58.4,44.8,No,2400,2400,0,5378,125
05:02:45.184,active,15277,818,12520,16786,3,95,58.4,44.9,No,2400,2400,0,5383,125
05:02:46.184,active,15253,914,13002,16786,0,95,59.5,49.1,No,2400,2400,0,5363,125
05:02:47.185,active,15264,846,12964,16787,3,95,60.0,46.0,No,2400,2400,0,5386,125
05:02:48.185,active,15258,810,13040,16788,4,95,59.5,45.1,No,2400,2400,0,5389,125
05:02:49.188,active,15279,820,12558,16787,0,95,59.0,49.0,No,2400,2400,0,5401,125
05:02:50.185,active,15266,786,9144,16785,0,95,59.5,48.6,No,2400,2400,0,5402,125
05:02:51.184,active,15258,802,12288,16785,0,95,59.5,48.1,No,2400,2400,0,5410,125
05:02:52.184,active,15281,686,11574,16785,-5,95,60.0,46.2,No,2400,2400,0,5426,125
05:02:53.185,active,15275,608,9298,16787,0,95,60.0,49.2,No,2400,2400,0,5421,125
05:02:54.185,active,15301,790,12018,16786,-3,95,60.0,47.3,No,2400,2400,0,5424,125
05:02:55.187,active,15281,860,9588,16787,-5,95,60.0,46.2,No,2400,2400,0,5428,125
05:02:56.184,active,15281,706,10822,16787,-5,95,60.0,49.7,No,2400,2400,0,5438,125
05:02:57.184,active,15277,736,7330,16786,0,95,59.5,47.7,No,2400,2400,0,5444,125
05:02:58.188,active,15309,732,11226,16786,0,95,60.0,47.6,No,2400,2400,0,5447,125
05:02:59.188,active,15283,936,7850,16784,-4,95,60.6,47.2,No,2400,2400,0,5440,125
05:03:00.185,active,15294,688,10552,16785,0,95,60.6,46.9,No,2400,2400,0,5451,125
05:03:01.184,active,15279,900,9896,16785,0,95,59.0,47.0,No,2400,2400,0,5459,125
05:03:02.184,active,15283,812,12442,16786,0,95,60.0,48.3,No,2400,2400,0,5459,125
05:03:03.184,active,15275,550,11728,16786,0,95,60.6,48.5,No,2400,2400,0,5460,125
05:03:04.184,active,15303,486,8392,16785,0,95,60.0,49.1,No,2400,2400,0,5465,125
05:03:05.188,active,15305,480,7368,16785,0,95,60.0,48.2,No,2400,2400,0,5467,125
05:03:06.188,active,15307,460,8546,16786,0,95,60.0,48.4,No,2400,2400,0,5477,125
05:03:07.184,active,15305,500,7678,16787,0,95,59.0,48.3,No,2400,2400,0,5475,125
05:03:08.184,active,15303,530,7890,16787,0,95,59.5,48.6,No,2400,2400,0,5480,125
05:03:09.184,active,15303,488,7484,16788,6,95,59.5,50.6,No,2400,2400,0,5488,125
05:03:10.185,active,15309,484,7484,16787,4,95,60.6,48.2,No,2400,2400,0,5487,125
05:03:11.185,active,15301,438,6732,16786,0,95,60.0,47.8,No,2400,2400,0,5487,125
05:03:12.185,active,15320,468,7176,16785,0,95,59.5,47.7,No,2400,2400,0,5486,125
05:03:13.184,active,15266,834,12752,16788,0,95,59.5,50.0,No,2400,2400,0,5486,125
05:03:14.184,active,15275,814,12480,16788,3,95,59.5,49.4,No,2400,2400,0,5492,125
05:03:15.184,active,15256,804,12424,16788,0,95,60.0,51.1,No,2400,2400,0,5492,125
05:03:16.185,active,15266,842,12886,16787,0,95,60.0,46.3,No,2400,2400,0,5501,125
05:03:17.185,active,15262,766,9992,16785,0,95,59.5,45.5,No,2400,2400,0,5502,125
05:03:18.184,active,15256,764,11670,16786,0,95,60.0,46.0,No,2400,2400,0,5499,125
05:03:19.184,active,15238,816,13040,16786,0,95,59.5,49.2,No,2400,2400,0,5506,125
05:03:20.185,active,15258,716,10956,16789,3,95,60.6,47.6,No,2400,2400,0,5504,125
05:03:21.185,active,15283,920,14082,16787,4,95,60.0,47.0,No,2400,2400,0,5506,125
05:03:22.188,active,15316,668,10224,16787,3,95,60.0,45.8,No,2400,2400,0,5506,125
05:03:23.185,active,15296,502,7736,16785,0,95,59.0,49.2,No,2400,2400,0,5504,125
05:03:24.185,sleep,15286,504,7774,16788,9,95,56.8,10.1,No,1500,2400,0,5545,125
05:03:25.185,sleep,15281,512,7850,16788,13,95,56.2,0.0,No,1500,2400,0,5554,125
05:03:26.184,sleep,15290,440,7138,16790,16,95,55.1,0.0,No,1500,2400,0,5558,125
05:03:27.185,sleep,15292,608,9318,16790,20,95,54.0,0.0,No,1500,2400,0,3802,75
05:03:28.184,sleep,15294,320,5960,16790,19,95,54.0,0.0,No,1500,2400,0,3467,75
05:03:29.185,sleep,15294,354,5420,16789,16,95,54.0,0.3,No,1500,2400,0,3416,75
05:03:30.184,sleep,15288,386,5902,16789,15,95,52.4,-0.0,No,1500,2400,0,3400,75
05:03:31.184,sleep,15294,490,9954,16790,15,95,52.4,0.0,No,1500,2400,0,3385,75
05:03:32.184,sleep,15290,452,6944,16791,16,95,52.4,0.0,No,1500,2400,0,3387,75
05:03:33.184,sleep,15292,462,6520,16790,17,95,51.8,0.0,No,1500,2400,0,3384,75
05:03:34.185,sleep,15292,496,7620,16790,17,95,51.8,0.0,No,1500,2400,0,3377,75
05:03:35.185,sleep,15292,26,3742,16790,15,95,51.2,0.0,No,1500,2400,0,3367,75
05:03:36.184,sleep,15294,544,8334,16790,12,95,51.2,-0.0,No,1500,2400,0,3356,75
05:03:37.184,sleep,15296,494,7580,16790,12,95,51.8,0.0,No,1500,2400,0,3351,75
05:03:38.184,sleep,15292,214,3278,16789,10,95,50.7,0.0,No,1500,2400,0,3349,75
05:03:39.192,active,15318,538,8256,16786,0,95,55.6,48.6,No,2400,2400,0,3322,75
05:03:40.185,active,15316,516,7928,16787,-6,95,55.6,48.2,No,2400,2400,0,3298,75
05:03:41.184,active,15253,764,11670,16786,-7,95,55.6,48.5,No,2400,2400,0,3286,75
05:03:42.184,active,15311,492,11612,16787,-7,95,57.3,45.6,No,2400,2400,0,3283,75
05:03:43.184,active,15277,854,13060,16788,-5,95,57.3,46.5,No,2400,2400,0,3287,75
05:03:44.189,active,15264,864,13214,16788,0,95,57.9,44.3,No,2400,2400,0,3284,75
05:03:45.185,active,15305,588,9028,16787,-5,95,57.3,46.8,No,2400,2400,0,3255,75
05:03:46.184,active,15256,824,12616,16786,-5,95,56.8,45.3,No,2400,2400,0,3260,75
05:03:47.184,active,15264,630,9644,16786,0,95,58.4,47.0,No,2400,2400,0,3258,75
05:03:48.184,active,15243,576,8834,16785,-5,95,58.4,47.0,No,2400,2400,0,3256,75
05:03:49.185,active,15251,568,8680,16785,-5,95,58.4,46.8,No,2400,2400,0,3234,75
05:03:50.185,active,15326,498,7658,16786,-6,95,59.5,50.5,No,2400,2400,0,3239,75
05:03:51.188,active,15354,450,7176,16786,-4,95,58.4,43.2,No,2400,2400,0,3231,75
05:03:52.184,active,15346,500,7696,16785,-6,95,58.4,43.8,No,2400,2400,0,3239,75
05:03:53.184,active,15316,452,6944,16785,0,95,59.0,43.9,No,2400,2400,0,3227,75
05:03:54.185,active,15316,686,10552,16785,-5,95,59.5,46.1,No,2400,2400,0,3225,75
05:03:55.185,active,15279,622,9548,16785,-3,95,59.0,48.9,No,2400,2400,0,3217,75
05:03:56.188,active,15281,688,10552,16787,0,95,59.0,49.3,No,2400,2400,0,3221,75
05:03:57.184,active,15283,480,7388,16786,0,95,58.4,45.3,No,2400,2400,0,3215,75
05:03:58.184,active,15307,636,6688,16786,-3,95,59.0,45.5,No,2400,2400,0,3214,75
05:03:59.184,active,15299,536,8218,16786,0,95,60.0,49.5,No,2400,2400,0,3204,75
05:04:00.185,active,15296,532,8276,16786,0,95,60.0,46.8,No,2400,2400,0,3196,75
05:04:01.185,active,15296,534,8198,16787,0,95,59.0,47.6,No,2400,2400,0,3197,75
05:04:02.188,active,15296,470,7194,16786,-5,95,59.0,45.3,No,2400,2400,0,3199,75
05:04:03.184,active,15305,498,7658,16787,-6,95,59.0,49.0,No,2400,2400,0,3266,125
05:04:04.184,active,15307,524,8044,16786,-7,95,59.5,49.4,No,2400,2400,0,5136,125
05:04:05.187,active,15305,476,7330,16786,-4,95,60.6,49.5,No,2400,2400,0,5305,125
05:04:06.188,active,15316,482,7408,16785,0,95,60.0,48.4,No,2400,2400,0,5311,125
05:04:07.185,active,15307,516,7696,16786,-3,95,60.0,46.2,No,2400,2400,0,5320,125
05:04:08.185,active,15286,834,12770,16785,-3,95,59.5,47.7,No,2400,2400,0,5315,125
05:04:09.184,active,15271,844,12944,16787,0,95,59.0,47.5,No,2400,2400,0,5314,125
05:04:10.184,active,15283,850,13022,16786,-4,95,60.0,48.6,No,2400,2400,0,5325,125
05:04:11.184,active,15268,858,13156,16785,-7,95,60.0,47.7,No,2400,2400,0,5328,125
05:04:12.185,active,15279,778,11940,16785,-6,95,60.0,48.0,No,2400,2400,0,5339,125
05:04:13.189,active,15260,818,12520,16784,-5,95,59.5,47.0,No,2400,2400,0,5355,125
05:04:14.184,active,15275,714,13222,16786,-5,95,59.5,47.0,No,2400,2400,0,5360,125
05:04:15.184,active,15247,802,12288,16787,-3,95,59.5,47.8,No,2400,2400,0,5364,125
05:04:16.184,active,15266,830,12616,16786,-5,95,60.0,48.8,No,2400,2400,0,5364,125
05:04:17.185,active,15331,484,7426,16786,-6,95,59.5,48.4,No,2400,2400,0,5381,125
05:04:18.185,active,15350,398,6096,16785,-5,95,59.5,48.0,No,2400,2400,0,5387,125
05:04:19.188,active,15331,484,7702,16785,0,95,59.0,48.0,No,2400,2400,0,5396,125
05:04:20.184,active,15314,474,7292,16785,-5,95,60.0,48.2,No,2400,2400,0,5400,125
05:04:21.184,active,15352,528,7638,16785,-7,95,57.9,49.3,No,2400,2400,0,5398,125
05:04:22.184,active,15333,508,7812,16785,-3,95,59.5,48.6,No,2400,2400,0,5416,125
05:04:23.185,active,15348,516,7678,16786,-4,95,60.0,47.7,No,2400,2400,0,5436,125
05:04:24.188,active,15350,478,7368,16785,-4,95,60.0,48.9,No,2400,2400,0,5448,125
05:04:25.184,active,15314,700,7176,16785,-6,95,59.5,49.0,No,2400,2400,0,5447,125
05:04:26.184,active,15294,460,7080,16785,-4,95,60.0,53.2,No,2400,2400,0,5443,125
05:04:27.184,active,15301,806,12326,16785,-3,95,60.0,47.0,No,2400,2400,0,5455,125
05:04:28.188,active,15303,512,12288,16787,0,95,60.6,45.8,No,2400,2400,0,5451,125
05:04:29.189,active,15311,516,7890,16787,-4,95,59.5,47.0,No,2400,2400,0,5453,125
05:04:30.185,active,15301,556,13292,16787,-6,95,59.5,46.4,No,2400,2400,0,5456,125
05:04:31.184,active,15292,526,8064,16787,-4,95,58.4,47.5,No,2400,2400,0,5459,125
05:04:32.184,active,15294,484,9278,16785,-4,95,60.6,47.7,No,2400,2400,0,5457,125
05:04:33.185,active,15305,540,8276,16785,-4,95,60.6,49.0,No,2400,2400,0,5453,125
05:04:34.185,active,15301,264,6674,16785,0,95,60.6,48.6,No,2400,2400,0,5461,125
05:04:35.186,active,15318,436,6694,16785,-3,95,60.0,49.7,No,2400,2400,0,5462,125
05:04:36.184,active,15286,840,12866,16786,0,95,60.6,50.5,No,2400,2400,0,5470,125
05:04:37.184,active,15271,770,13388,16787,0,95,60.6,50.4,No,2400,2400,0,5467,125
05:04:38.189,active,15281,848,12982,16786,0,95,60.6,50.4,No,2400,2400,0,5467,125
05:04:39.184,sleep,15290,516,7272,16788,5,95,57.3,10.1,No,2400,2400,0,5509,125
05:04:40.184,sleep,15290,478,7330,16788,9,95,56.8,0.0,No,2400,2400,0,5523,125
05:04:41.184,sleep,15290,258,7234,16788,8,95,56.2,0.3,No,2400,2400,0,5526,125
05:04:42.184,sleep,15288,508,7792,16789,11,95,55.1,0.0,No,2400,2400,0,5524,125
05:04:43.184,sleep,15290,458,7022,16787,10,95,55.6,-0.0,No,2400,2400,0,5524,125
05:04:44.184,sleep,15290,398,6114,16788,12,95,54.5,0.0,No,1500,2400,0,5309,75
05:04:45.185,sleep,15296,276,4244,16788,15,95,53.5,0.0,No,1500,2400,0,3665,75
05:04:46.185,sleep,15290,314,3954,16787,11,95,52.9,0.0,No,1500,2400,0,3436,75
05:04:47.185,sleep,15283,402,6172,16790,13,95,52.9,0.0,No,1500,2400,0,3401,75
05:04:48.185,sleep,15290,528,4938,16789,12,95,52.4,-0.0,No,1500,2400,0,3373,75
05:04:49.185,sleep,15292,342,5246,16791,12,95,52.4,-0.0,No,1500,2400,0,3357,75
05:04:50.184,sleep,15294,562,8006,16788,10,95,51.8,0.0,No,1500,2400,0,3365,75
05:04:51.184,sleep,15292,498,7638,16788,8,95,51.2,0.0,No,1500,2400,0,3357,75
05:04:52.184,sleep,15299,476,7292,16788,10,95,51.8,0.0,No,1500,2400,0,3356,75
05:04:53.184,sleep,15299,310,4764,16788,9,95,51.2,0.0,No,1500,2400,0,3356,75
05:04:54.184,active,15245,624,9548,16786,0,95,55.6,48.3,No,2400,2400,0,3332,75
05:04:55.189,active,15286,538,11130,16784,-8,95,56.8,46.3,No,2400,2400,0,3309,75
05:04:56.185,active,15262,790,12096,16785,-12,95,56.8,45.7,No,2400,2400,0,3306,75
05:04:57.185,active,15294,468,10262,16785,-9,95,56.2,46.4,No,2400,2400,0,3300,75
05:04:58.187,active,15262,556,8526,16785,-4,95,56.8,46.4,No,2400,2400,0,3289,75
05:04:59.184,active,15296,596,9104,16785,-6,95,57.3,46.9,No,2400,2400,0,3292,75
05:05:00.184,active,15294,510,7812,16786,-4,95,57.9,44.3,No,2400,2400,0,3285,75
05:05:01.184,active,15296,544,8314,16786,-4,95,59.0,44.0,No,2400,2400,0,3271,75
05:05:02.185,active,15292,482,12764,16786,-4,95,58.4,43.8,No,2400,2400,0,3267,75
05:05:03.185,active,15277,868,13310,16785,-6,95,58.4,46.7,No,2400,2400,0,4901,125
05:05:04.184,active,15283,494,7580,16786,-7,95,58.4,46.9,No,2400,2400,0,5358,125
05:05:05.184,active,15279,658,10070,16786,-5,95,58.4,46.7,No,2400,2400,0,5388,125
05:05:06.184,active,15262,838,12828,16785,-7,95,60.0,48.5,No,2400,2400,0,5383,125
05:05:07.185,active,15281,846,12964,16785,-5,95,60.0,45.9,No,2400,2400,0,5384,125
05:05:08.185,active,15279,784,12018,16786,-4,95,59.0,45.8,No,2400,2400,0,5397,125
05:05:09.187,active,15281,760,9916,16785,-5,95,59.0,45.0,No,2400,2400,0,5393,125
05:05:10.184,active,15309,794,12172,16787,-4,95,59.5,48.6,No,2400,2400,0,5390,125
05:05:11.184,active,15277,764,10456,16786,-6,95,59.0,47.5,No,2400,2400,0,5410,125
05:05:12.185,active,15281,842,12886,16786,-5,95,59.5,46.3,No,2400,2400,0,5413,125
05:05:13.185,active,15320,420,6424,16786,-4,95,59.5,45.5,No,2400,2400,0,5390,125
05:05:14.187,active,15331,482,7408,16784,-8,95,59.5,47.9,No,2400,2400,0,5412,125
05:05:15.185,active,15350,520,7986,16786,-6,95,59.5,48.4,No,2400,2400,0,5421,125
05:05:16.184,active,15324,518,8294,16786,-4,95,59.5,48.0,No,2400,2400,0,5430,125
05:05:17.184,active,15337,508,7792,16787,-5,95,59.0,48.0,No,2400,2400,0,5434,125
05:05:18.185,active,15326,534,7252,16786,-5,95,59.5,46.0,No,2400,2400,0,5434,125
05:05:19.189,active,15318,546,8392,16785,-6,95,60.0,48.5,No,2400,2400,0,5441,125
05:05:20.189,active,15348,468,7812,16785,-6,95,59.0,47.5,No,2400,2400,0,5443,125
05:05:21.184,active,15326,514,7890,16784,-6,95,59.0,47.1,No,2400,2400,0,5439,125
05:05:22.184,active,15268,812,12442,16786,-3,95,60.6,47.5,No,2400,2400,0,5444,125
05:05:23.184,active,15228,848,11246,16786,-4,95,60.0,46.2,No,2400,2400,0,5461,125
05:05:24.185,active,15299,762,11632,16786,0,95,59.5,45.1,No,2400,2400,0,5459,125
05:05:25.185,active,15271,598,13542,16785,-3,95,59.0,46.0,No,2400,2400,0,5455,125
05:05:26.184,active,15301,846,12924,16785,-4,95,59.5,48.1,No,2400,2400,0,5453,125
05:05:27.184,active,15305,508,12192,16785,0,95,59.5,49.6,No,2400,2400,0,5482,125
05:05:28.184,active,15279,664,10166,16785,-3,95,59.5,48.8,No,2400,2400,0,5488,125
05:05:29.184,active,15301,450,11324,16786,0,95,60.0,49.0,No,2400,2400,0,5480,125
05:05:30.185,active,15305,440,6752,16787,0,95,60.0,48.1,No,2400,2400,0,5475,125
05:05:31.189,active,15288,506,7792,16787,0,95,59.5,48.0,No,2400,2400,0,5480,125
05:05:32.184,active,15301,642,7022,16786,0,95,59.5,48.4,No,2400,2400,0,5478,125
05:05:33.184,active,15311,610,9356,16785,0,95,60.6,48.8,No,2400,2400,0,5485,125
05:05:34.184,active,15281,894,7504,16786,0,95,60.0,48.7,No,2400,2400,0,5475,125
05:05:35.188,active,15299,782,11998,16787,0,95,60.6,49.3,No,2400,2400,0,5487,125
05:05:36.188,active,15296,716,13464,16787,0,95,60.6,53.3,No,2400,2400,0,5486,125
05:05:37.185,active,15290,826,12674,16787,0,95,58.4,47.5,No,2400,2400,0,5495,125
05:05:38.184,active,15273,872,10300,16787,0,95,59.0,46.0,No,2400,2400,0,5500,125
05:05:39.184,active,15273,806,12326,16787,0,95,60.6,46.4,No,2400,2400,0,5503,125
05:05:40.184,active,15309,522,8044,16786,0,95,60.0,47.2,No,2400,2400,0,5494,125
05:05:41.185,active,15346,552,8178,16786,0,95,59.0,48.7,No,2400,2400,0,5497,125
05:05:42.185,active,15275,516,7928,16785,0,95,60.0,48.2,No,2400,2400,0,5500,125
05:05:43.184,active,15314,476,6308,16784,-6,95,60.0,46.0,No,2400,2400,0,5507,125
05:05:44.184,active,15275,658,10108,16786,-7,95,61.1,51.0,No,2400,2400,0,5502,125
05:05:45.184,active,15333,436,6712,16785,0,95,60.6,49.9,No,2400,2400,0,5512,125
05:05:46.185,active,15324,566,8700,16786,-3,95,60.6,48.6,No,2400,2400,0,5512,125
05:05:47.190,active,15357,514,7870,16786,0,95,60.6,53.1,No,2400,2400,0,5509,125
05:05:48.185,active,15337,576,8874,16786,-3,95,60.0,51.2,No,2400,2400,0,5503,125
05:05:49.184,active,15277,536,7928,16784,-6,95,59.5,48.1,No,2400,2400,0,5506,125
05:05:50.184,active,15243,738,12290,16785,-3,95,60.6,50.8,No,2400,2400,0,5500,125
05:05:51.185,active,15283,854,13060,16786,0,95,60.6,47.0,No,2400,2400,0,5509,125
05:05:52.185,active,15266,810,12732,16786,0,95,60.0,50.3,No,2400,2400,0,5515,125
05:05:53.185,active,15299,846,12924,16786,0,95,60.0,47.2,No,2400,2400,0,5512,125
05:05:54.184,sleep,15299,446,6096,16788,5,95,57.9,11.8,No,2400,2400,0,5560,125
05:05:55.184,sleep,15299,384,5884,16788,11,95,56.8,0.0,No,2400,2400,0,5565,125
05:05:56.184,sleep,15294,418,6752,16788,10,95,56.2,-0.0,No,2400,2400,0,5558,125
05:05:57.184,sleep,15301,538,8256,16789,14,95,55.6,0.0,No,2400,2400,0,5562,125
05:05:58.184,sleep,15296,464,5884,16788,10,95,55.1,0.0,No,2400,2400,0,5574,125
05:05:59.184,sleep,15294,528,8102,16789,9,95,54.0,0.0,No,1500,2400,0,4599,75
05:06:00.184,sleep,15299,314,4822,16790,17,95,53.5,0.0,No,1500,2400,0,3582,75
05:06:01.184,sleep,15294,424,6500,16788,12,95,52.9,0.0,No,1500,2400,0,3425,75
05:06:02.184,sleep,15290,362,5536,16788,13,95,52.4,-0.0,No,1500,2400,0,3409,75
05:06:03.184,sleep,15292,330,7632,16789,14,95,52.4,0.0,No,1500,2400,0,3396,75
05:06:04.185,sleep,15292,300,4610,16789,12,95,52.4,-0.0,No,1500,2400,0,3403,75
05:06:05.185,sleep,15294,518,4620,16791,12,95,51.8,0.0,No,1500,2400,0,3396,75
05:06:06.184,sleep,15288,490,7522,16790,12,95,51.8,0.0,No,1500,2400,0,3384,75
05:06:07.185,sleep,15290,456,8932,16790,11,95,51.8,0.3,No,1500,2400,0,3385,75
05:06:08.185,sleep,15294,326,4996,16790,13,95,51.8,0.0,No,1500,2400,0,3371,75
05:06:09.189,active,15341,258,7022,16785,0,95,55.6,46.2,No,2400,2400,0,3324,75
05:06:10.185,active,15318,450,6906,16785,-6,95,55.6,46.6,No,2400,2400,0,3321,75
05:06:11.184,active,15346,462,7098,16786,-5,95,55.1,48.3,No,2400,2400,0,3316,75
05:06:12.184,active,15299,464,7138,16786,-3,95,56.8,46.5,No,2400,2400,0,3309,75
05:06:13.184,active,15324,456,6982,16787,0,95,57.9,43.9,No,2400,2400,0,3307,75
05:06:14.185,active,15316,564,8662,16785,-3,95,58.4,43.5,No,2400,2400,0,3292,75
05:06:15.185,active,15314,456,7002,16785,-4,95,57.3,45.8,No,2400,2400,0,3293,75
05:06:16.185,active,15363,422,6500,16785,-4,95,58.4,48.7,No,2400,2400,0,3290,75
05:06:17.184,active,15352,514,7890,16785,-3,95,57.9,49.1,No,2400,2400,0,3278,75
05:06:18.184,active,15275,628,11478,16786,-4,95,58.4,45.2,No,2400,2400,0,3281,75
05:06:19.184,active,15230,802,12268,16785,-3,95,59.0,45.5,No,2400,2400,0,3281,75
05:06:20.185,active,15311,672,12616,16786,-5,95,60.0,44.7,No,2400,2400,0,3271,75
05:06:21.185,active,15279,680,10416,16787,-3,95,59.0,46.4,No,2400,2400,0,3255,75
05:06:22.184,active,15292,428,12790,16785,-3,95,57.9,48.9,No,2400,2400,0,3240,75
05:06:23.184,active,15283,528,8082,16785,-3,95,59.0,48.5,No,2400,2400,0,3241,75
05:06:24.184,active,15301,460,11014,16785,-3,95,60.0,47.6,No,2400,2400,0,3233,75
05:06:25.185,active,15294,458,7022,16785,0,95,60.6,48.3,No,2400,2400,0,3241,75
05:06:26.185,active,15296,446,8564,16785,-3,95,60.0,45.2,No,2400,2400,0,3237,75
05:06:27.185,active,15286,776,7038,16786,-4,95,59.0,46.7,No,2400,2400,0,3231,75
05:06:28.184,active,15279,890,13638,16785,-5,95,59.5,48.1,No,2400,2400,0,3230,75
05:06:29.184,active,15275,880,7596,16785,-4,95,59.0,46.3,No,2400,2400,0,3232,75
05:06:30.184,active,15286,842,12886,16785,-3,95,59.5,46.8,No,2400,2400,0,4811,125
05:06:31.185,active,15277,892,10898,16785,-5,95,59.5,45.6,No,2400,2400,0,5302,125
05:06:32.185,active,15262,844,12924,16786,-3,95,60.0,46.9,No,2400,2400,0,5336,125
05:06:33.184,active,15288,744,12886,16785,-7,95,60.0,47.4,No,2400,2400,0,5360,125
05:06:34.184,active,15260,922,14102,16785,-5,95,59.5,48.6,No,2400,2400,0,5344,125
05:06:35.184,active,15273,838,13562,16785,-4,95,61.1,47.4,No,2400,2400,0,5348,125
05:06:36.184,active,15324,530,8160,16786,0,95,60.0,47.5,No,2400,2400,0,5355,125
05:06:37.185,active,15318,514,7870,16786,0,95,60.0,48.0,No,2400,2400,0,5355,125
05:06:38.189,active,15311,508,7792,16787,0,95,60.0,48.1,No,2400,2400,0,5374,125
05:06:39.184,active,15324,474,7292,16787,0,95,59.5,48.2,No,2400,2400,0,5382,125
05:06:40.184,active,15329,510,7832,16788,0,95,59.5,48.9,No,2400,2400,0,5379,125
05:06:41.184,active,15365,520,8006,16785,0,95,60.6,48.8,No,2400,2400,0,5384,125
05:06:42.185,active,15337,426,7050,16785,-5,95,60.0,48.2,No,2400,2400,0,5390,125
05:06:43.185,active,15354,494,7600,16785,-3,95,60.6,48.0,No,2400,2400,0,5402,125
05:06:44.190,active,15348,498,7754,16785,-10,95,60.0,48.5,No,2400,2400,0,5408,125
05:06:45.184,active,15318,474,7310,16787,0,95,59.0,49.4,No,2400,2400,0,5409,125
05:06:46.184,active,15307,542,11574,16786,0,95,60.0,49.9,No,2400,2400,0,5414,125
05:06:47.185,active,15271,642,9838,16786,-3,95,62.2,51.0,No,2400,2400,0,5421,125
05:06:48.189,active,15294,816,12462,16786,0,95,60.6,46.6,No,2400,2400,0,5425,125
05:06:49.185,active,15303,560,8604,16785,-5,95,59.5,45.7,No,2400,2400,0,5430,125
05:06:50.184,active,15303,616,9432,16785,-4,95,60.0,46.2,No,2400,2400,0,5436,125
05:06:51.184,active,15305,512,7850,16786,-3,95,59.5,50.5,No,2400,2400,0,5441,125
05:06:52.184,active,15305,574,8816,16786,-3,95,60.6,47.5,No,2400,2400,0,5443,125
05:06:53.185,active,15303,438,6712,16785,-6,95,61.1,47.3,No,2400,2400,0,5452,125
05:06:54.185,active,15301,400,6134,16786,-4,95,60.0,48.2,No,2400,2400,0,5444,125
05:06:55.187,active,15277,796,12268,16786,-5,95,59.0,47.1,No,2400,2400,0,5450,125
05:06:56.184,active,15288,810,12424,16786,-3,95,60.0,51.8,No,2400,2400,0,5454,125
05:06:57.184,active,15273,840,12616,16785,-3,95,61.1,52.7,No,2400,2400,0,5465,125
05:06:58.185,active,15277,828,12674,16787,0,95,61.1,48.7,No,2400,2400,0,5460,125
05:06:59.185,active,15288,788,11980,16786,-5,95,62.2,51.5,No,2400,2400,0,5474,125
05:07:00.188,active,15275,890,13638,16787,0,95,60.0,52.3,No,2400,2400,0,5473,125
05:07:01.184,active,15277,778,13522,16786,0,95,60.0,49.1,No,2400,2400,0,5469,125
05:07:02.184,active,15266,812,12442,16788,0,95,60.6,52.2,No,2400,2400,0,5479,125
05:07:03.184,active,15266,896,13734,16784,0,95,61.1,49.2,No,2400,2400,0,5488,125
05:07:04.185,active,15309,412,8526,16785,0,95,60.6,47.0,No,2400,2400,0,5485,125
05:07:05.184,active,15329,508,7812,16785,0,95,60.6,47.0,No,2400,2400,0,5477,125
05:07:06.185,active,15359,594,7234,16784,-3,95,60.6,48.0,No,2400,2400,0,5484,125
05:07:07.184,active,15326,472,7272,16786,-5,95,59.5,49.2,No,2400,2400,0,5483,125
05:07:08.184,active,15326,434,7658,16786,0,95,59.5,46.9,No,2400,2400,0,5492,125
05:07:09.184,sleep,15286,520,7966,16788,8,95,57.3,12.4,No,2400,2400,0,5524,125
05:07:10.184,sleep,15292,436,6230,16787,12,95,56.8,0.0,No,2400,2400,0,5530,125
05:07:11.184,sleep,15292,540,8294,16788,11,95,56.2,0.0,No,2400,2400,0,5535,125
05:07:12.184,sleep,15288,516,8024,16788,11,95,55.1,0.0,No,2400,2400,0,5548,125
05:07:13.184,sleep,15288,422,6462,16787,7,95,55.6,0.0,No,2400,2400,0,5537,125
05:07:14.184,sleep,15294,290,4456,16787,5,95,54.5,0.0,No,1500,2400,0,5546,125
05:07:15.184,sleep,15290,546,8392,16788,14,95,53.5,-0.0,No,1500,2400,0,4166,75
05:07:16.184,sleep,15299,110,1678,16790,16,95,52.9,0.0,No,1500,2400,0,3512,75
05:07:17.185,sleep,15292,624,2932,16790,14,95,52.9,-0.0,No,1500,2400,0,3409,75
05:07:18.184,sleep,15292,282,4340,16789,11,95,52.9,0.0,No,1500,2400,0,3394,75
05:07:19.184,sleep,15288,462,7368,16789,15,95,51.8,0.0,No,1500,2400,0,3387,75
05:07:20.184,sleep,15286,352,5382,16790,19,95,51.8,0.0,No,1500,2400,0,3386,75
05:07:21.184,sleep,15290,508,7620,16790,19,95,51.8,0.0,No,1500,2400,0,3381,75
05:07:22.184,sleep,15290,380,5826,16790,16,95,51.8,-0.0,No,1500,2400,0,3387,75
05:07:23.184,sleep,15288,294,4494,16790,18,95,51.8,0.0,No,1500,2400,0,3361,75
05:07:24.184,active,15286,832,12732,16786,4,95,54.5,44.0,No,2400,2400,0,3333,75
05:07:25.184,active,15275,872,13368,16786,-4,95,56.2,44.6,No,2400,2400,0,3317,75
05:07:26.184,active,15279,800,10262,16786,-3,95,57.3,46.4,No,2400,2400,0,3274,75
05:07:27.185,active,15273,786,12056,16787,-3,95,56.8,44.2,No,2400,2400,0,3278,75
05:07:28.185,active,15281,760,11188,16787,-6,95,57.3,44.2,No,2400,2400,0,3295,75
05:07:29.184,active,15279,820,12558,16787,-6,95,56.8,47.7,No,2400,2400,0,3281,75
05:07:30.184,active,15273,786,12114,16787,-8,95,57.3,46.1,No,2400,2400,0,3284,75
05:07:31.184,active,15275,752,11516,16786,0,95,59.0,48.6,No,2400,2400,0,3286,75
05:07:32.185,active,15337,428,6558,16786,0,95,59.5,49.0,No,2400,2400,0,3280,75
05:07:33.189,active,15322,496,6614,16786,0,95,59.0,47.6,No,2400,2400,0,3262,75
05:07:34.185,active,15307,490,7542,16787,5,95,58.4,46.2,No,2400,2400,0,3255,75
05:07:35.184,active,15344,464,6886,16788,3,95,59.0,49.0,No,2400,2400,0,3247,75
05:07:36.184,active,15333,506,7774,16787,0,95,59.0,47.6,No,2400,2400,0,3248,75
05:07:37.184,active,15335,556,6924,16787,0,95,60.0,48.6,No,2400,2400,0,3243,75
05:07:38.185,active,15316,472,7234,16786,4,95,60.0,45.3,No,2400,2400,0,3244,75
05:07:39.185,active,15335,448,7620,16786,0,95,58.4,47.7,No,2400,2400,0,3247,125
05:07:40.184,active,15329,548,8430,16786,-5,95,59.0,45.4,No,2400,2400,0,5159,125
05:07:41.184,active,15303,902,6596,16785,-4,95,59.5,47.0,No,2400,2400,0,5342,125
05:07:42.184,active,15268,584,10918,16787,-3,95,60.0,46.9,No,2400,2400,0,5361,125
05:07:43.188,active,15305,662,10128,16786,-6,95,59.5,46.5,No,2400,2400,0,5362,125
05:07:44.189,active,15307,432,11362,16785,-4,95,60.0,47.6,No,2400,2400,0,5363,125
05:07:45.184,active,15296,546,8352,16786,0,95,59.5,47.2,No,2400,2400,0,5380,125
05:07:46.184,active,15296,500,13310,16786,0,95,59.5,47.9,No,2400,2400,0,5379,125
05:07:47.184,active,15307,450,6924,16787,0,95,59.5,48.7,No,2400,2400,0,5385,125
05:07:48.184,active,15305,504,9104,16787,-4,95,60.0,49.0,No,2400,2400,0,5408,125
05:07:49.185,active,15305,540,8276,16787,-4,95,59.5,48.2,No,2400,2400,0,5400,125
05:07:50.185,active,15299,492,8564,16785,-3,95,59.5,47.5,No,2400,2400,0,5396,125
05:07:51.184,active,15286,830,7356,16786,0,95,59.5,48.4,No,2400,2400,0,5396,125
05:07:52.184,active,15277,696,10686,16786,-5,95,59.5,49.0,No,2400,2400,0,5399,125
05:07:53.184,active,15281,782,11072,16787,0,95,60.0,49.0,No,2400,2400,0,5410,125
05:07:54.184,active,15277,854,13078,16787,-4,95,61.7,50.4,No,2400,2400,0,5415,125
05:07:55.185,active,15279,892,9858,16786,0,95,60.0,48.4,No,2400,2400,0,5417,125
05:07:56.189,active,15279,792,12134,16786,0,95,59.5,47.9,No,2400,2400,0,5428,125
05:07:57.184,active,15275,864,12056,16786,0,95,59.5,50.9,No,2400,2400,0,5432,125
05:07:58.184,active,15286,900,13774,16786,0,95,59.5,48.5,No,2400,2400,0,5440,125
05:07:59.184,active,15268,820,12636,16788,0,95,60.6,50.6,No,2400,2400,0,5436,125
05:08:00.185,active,15305,516,8120,16787,0,95,61.1,47.5,No,2400,2400,0,5445,125
05:08:01.185,active,15329,528,8082,16785,0,95,60.6,47.0,No,2400,2400,0,5450,125
05:08:02.187,active,15329,478,7678,16786,0,95,59.5,47.8,No,2400,2400,0,5458,125
05:08:03.184,active,15283,434,6674,16786,0,95,59.5,48.5,No,2400,2400,0,5459,125
05:08:04.184,active,15322,572,7214,16786,0,95,61.1,50.0,No,2400,2400,0,5463,125
05:08:05.185,active,15324,546,8392,16786,4,95,60.0,47.5,No,2400,2400,0,5462,125
05:08:06.185,active,15339,564,7522,16785,0,95,61.1,52.2,No,2400,2400,0,5483,125
05:08:07.185,active,15316,488,7484,16786,0,95,60.0,45.3,No,2400,2400,0,5506,125
05:08:08.184,active,15335,402,8912,16786,0,95,60.0,48.0,No,2400,2400,0,5502,125
05:08:09.184,active,15275,660,10108,16785,0,95,60.6,51.0,No,2400,2400,0,5479,125
05:08:10.184,active,15301,744,11400,16785,0,95,61.1,50.4,No,2400,2400,0,5498,125
05:08:11.185,active,15299,658,11644,16786,-4,95,60.6,49.7,No,2400,2400,0,5493,125
05:08:12.190,active,15299,784,11998,16788,0,95,60.0,51.1,No,2400,2400,0,5483,125
05:08:13.185,active,15303,398,12496,16786,0,95,60.0,50.0,No,2400,2400,0,5482,125
05:08:14.184,active,15311,506,7754,16786,0,95,60.0,49.2,No,2400,2400,0,5484,125
05:08:15.184,active,15296,610,11806,16786,0,95,59.5,44.8,No,2400,2400,0,5494,125
05:08:16.185,active,15316,472,7234,16785,-4,95,61.1,48.2,No,2400,2400,0,5497,125
05:08:17.189,active,15314,472,9530,16786,-4,95,60.6,48.7,No,2400,2400,0,5492,125
05:08:18.188,active,15307,518,7948,16786,-3,95,60.0,48.3,No,2400,2400,0,5499,125
05:08:19.184,active,15277,812,12424,16788,0,95,60.0,49.0,No,2400,2400,0,5499,125
05:08:20.184,active,15286,834,12770,16787,0,95,59.5,47.0,No,2400,2400,0,5498,125
05:08:21.184,active,15283,856,13118,16787,0,95,60.0,46.0,No,2400,2400,0,5499,125
05:08:22.185,active,15273,770,11768,16786,0,95,60.0,45.8,No,2400,2400,0,5510,125
05:08:23.184,active,15279,814,12480,16786,0,95,60.0,47.8,No,2400,2400,0,5496,125
05:08:24.184,sleep,15290,532,7648,16790,11,95,58.4,14.5,No,2400,2400,0,5536,125
05:08:25.184,sleep,15290,498,7638,16789,12,95,56.2,0.3,No,2400,2400,0,5550,125
05:08:26.184,sleep,15292,542,8276,16790,11,95,56.2,-0.0,No,2400,2400,0,5556,125
05:08:27.184,sleep,15288,472,7252,16788,8,95,55.1,0.0,No,2400,2400,0,5551,125
05:08:28.184,sleep,15288,438,7214,16788,6,95,54.5,0.0,No,2400,2400,0,5552,125
05:08:29.184,sleep,15292,376,5768,16789,11,95,54.0,0.0,No,1500,2400,0,5564,125
05:08:30.184,sleep,15294,336,5170,16790,18,95,54.0,0.0,No,1500,2400,0,3964,75
05:08:31.184,sleep,15294,300,4590,16790,13,95,53.5,0.0,No,1500,2400,0,3481,75
05:08:32.184,sleep,15292,422,6482,16790,14,95,53.5,0.0,No,1500,2400,0,3400,75
05:08:33.184,sleep,15296,546,8372,16789,13,95,51.2,-0.0,No,1500,2400,0,3388,75
05:08:34.185,sleep,15294,366,5632,16790,13,95,52.9,0.3,No,1500,2400,0,3392,75
05:08:35.185,sleep,15296,236,3606,16788,12,95,51.8,0.0,No,1500,2400,0,3388,75
05:08:36.184,sleep,15299,352,5382,16790,12,95,51.8,0.3,No,1500,2400,0,3389,75
05:08:37.185,sleep,15299,342,6500,16789,12,95,51.2,0.0,No,1500,2400,0,3381,75
05:08:38.184,sleep,15294,256,3934,16790,16,95,50.7,0.0,No,1500,2400,0,3380,75
05:08:39.185,active,15301,378,12152,16786,4,95,55.1,44.5,No,2400,2400,0,3344,75
05:08:40.185,active,15294,674,10340,16787,0,95,55.6,44.6,No,2400,2400,0,3323,75
05:08:41.185,active,15296,716,11748,16787,0,95,55.6,45.0,No,2400,2400,0,3323,75
05:08:42.184,active,15305,552,8468,16787,-4,95,56.8,49.4,No,2400,2400,0,3295,75
05:08:43.184,active,15299,580,8874,16787,0,95,57.3,48.4,No,2400,2400,0,3292,75
05:08:44.188,active,15296,468,7156,16786,-4,95,58.4,48.3,No,2400,2400,0,3295,75
05:08:45.185,active,15301,432,6636,16787,0,95,57.9,46.2,No,2400,2400,0,3293,75
05:08:46.185,active,15286,530,8120,16785,0,95,58.4,47.0,No,2400,2400,0,3290,75
05:08:47.184,active,15286,830,12712,16786,0,95,57.9,48.0,No,2400,2400,0,3286,75
05:08:48.184,active,15281,792,10494,16788,0,95,57.3,47.6,No,2400,2400,0,3267,75
05:08:49.184,active,15288,788,12096,16789,0,95,59.0,46.3,No,2400,2400,0,3264,75
05:08:50.188,active,15271,818,13658,16788,0,95,59.5,47.1,No,2400,2400,0,3254,75
05:08:51.185,active,15286,750,11478,16788,0,95,59.5,46.6,No,2400,2400,0,3253,75
05:08:52.185,active,15271,796,12192,16786,0,95,58.4,46.3,No,2400,2400,0,3238,75
05:08:53.184,active,15275,796,12192,16785,0,95,58.4,48.7,No,2400,2400,0,3230,75
05:08:54.184,active,15262,852,13060,16786,0,95,59.5,48.4,No,2400,2400,0,3233,75
05:08:55.184,active,15268,860,13156,16787,0,95,59.5,46.3,No,2400,2400,0,3475,125
05:08:56.188,active,15318,518,7948,16787,0,95,60.0,46.6,No,2400,2400,0,5251,125
05:08:57.185,active,15316,548,7792,16787,0,95,59.0,46.9,No,2400,2400,0,5354,125
05:08:58.184,active,15307,594,9124,16786,0,95,58.4,48.0,No,2400,2400,0,5370,125
05:08:59.184,active,15329,536,8506,16785,0,95,59.0,49.4,No,2400,2400,0,5371,125
05:09:00.184,active,15326,432,6636,16787,-3,95,59.5,48.8,No,2400,2400,0,5374,125
05:09:01.185,active,15337,496,7600,16787,-3,95,60.0,48.7,No,2400,2400,0,5378,125
05:09:02.189,active,15324,502,7696,16787,0,95,60.0,48.1,No,2400,2400,0,5385,125
05:09:03.185,active,15359,466,7156,16787,0,95,59.5,47.7,No,2400,2400,0,5396,125
05:09:04.184,active,15335,512,7870,16786,0,95,59.5,50.0,No,2400,2400,0,5388,125
05:09:05.184,active,15249,784,11980,16785,0,95,59.5,49.2,No,2400,2400,0,5412,125
05:09:06.189,active,15307,470,10976,16785,-3,95,60.6,49.2,No,2400,2400,0,5399,125
05:09:07.185,active,15273,590,9046,16785,-3,95,61.1,51.1,No,2400,2400,0,5400,125
05:09:08.185,active,15299,544,10996,16788,0,95,60.0,47.2,No,2400,2400,0,5409,125
05:09:09.185,active,15299,498,7658,16787,-5,95,59.5,47.5,No,2400,2400,0,5414,125
05:09:10.184,active,15329,566,8160,16785,0,95,60.0,47.5,No,2400,2400,0,5427,125
05:09:11.184,active,15305,464,7118,16786,-3,95,60.6,49.4,No,2400,2400,0,5429,125
05:09:12.185,active,15309,714,7890,16786,0,95,60.6,47.7,No,2400,2400,0,5428,125
05:09:13.185,active,15305,540,8276,16785,0,95,59.5,47.0,No,2400,2400,0,5431,125
05:09:14.189,active,15301,452,6944,16787,0,95,59.5,47.4,No,2400,2400,0,5438,125
05:09:15.184,active,15273,890,10398,16785,-3,95,59.5,48.2,No,2400,2400,0,5444,125
05:09:16.184,active,15286,776,11882,16786,0,95,60.0,46.3,No,2400,2400,0,5445,125
05:09:17.189,active,15275,800,12366,16786,-6,95,60.6,46.8,No,2400,2400,0,5451,125
05:09:18.185,active,15277,798,12230,16785,-5,95,60.6,51.0,No,2400,2400,0,5454,125
05:09:19.187,active,15271,886,12250,16785,-5,95,59.5,50.6,No,2400,2400,0,5449,125
05:09:20.185,active,15273,762,11652,16786,0,95,59.5,49.9,No,2400,2400,0,5458,125
05:09:21.184,active,15281,826,11420,16787,0,95,60.6,51.6,No,2400,2400,0,5453,125
05:09:22.184,active,15271,800,12268,16788,0,95,60.0,50.1,No,2400,2400,0,5463,125
05:09:23.185,active,15266,728,13484,16788,0,95,60.6,52.0,No,2400,2400,0,5466,125
05:09:24.185,active,15322,484,6658,16787,0,95,61.1,49.2,No,2400,2400,0,5469,125
05:09:25.187,active,15322,462,7118,16785,0,95,61.1,46.8,No,2400,2400,0,5469,125
05:09:26.184,active,15359,490,7890,16786,0,95,59.5,45.2,No,2400,2400,0,5477,125
05:09:27.184,active,15316,540,8294,16786,0,95,60.0,49.2,No,2400,2400,0,5478,125
05:09:28.184,active,15320,466,6752,16787,-3,95,61.1,46.8,No,2400,2400,0,5480,125
05:09:29.185,active,15279,448,6906,16786,-8,95,61.1,46.8,No,2400,2400,0,5484,125
05:09:30.185,active,15348,498,8392,16786,-3,95,60.6,48.9,No,2400,2400,0,5483,125
05:09:31.188,active,15283,540,8294,16786,-5,95,60.6,46.7,No,2400,2400,0,5484,125
05:09:32.184,active,15311,510,7638,16784,-6,95,61.1,48.7,No,2400,2400,0,5489,125
05:09:33.184,active,15249,664,10146,16785,-7,95,60.6,49.1,No,2400,2400,0,5492,125
05:09:34.185,active,15305,664,10166,16785,-6,95,61.1,47.6,No,2400,2400,0,5487,125
05:09:35.185,active,15307,486,7466,16786,-5,95,60.0,46.1,No,2400,2400,0,5492,125
05:09:36.185,active,15309,602,9202,16787,0,95,60.0,46.4,No,2400,2400,0,5500,125
05:09:37.185,active,15307,482,7408,16786,0,95,59.5,47.0,No,2400,2400,0,5498,125
05:09:38.184,active,15307,402,6172,16787,0,95,60.0,46.8,No,2400,2400,0,5496,125
05:09:39.184,sleep,15290,480,7606,16789,5,95,57.9,15.2,No,2400,2400,0,5530,125
05:09:40.184,sleep,15292,432,6636,16788,12,95,56.8,0.0,No,2400,2400,0,5539,125
05:09:41.184,sleep,15296,472,5954,16790,12,95,56.2,0.0,No,2400,2400,0,5546,125
05:09:42.184,sleep,15292,524,7832,16790,12,95,55.6,-0.0,No,2400,2400,0,5535,125
05:09:43.184,sleep,15286,432,7774,16790,14,95,55.6,0.0,No,2400,2400,0,5545,125
05:09:44.184,sleep,15292,414,6346,16791,13,95,54.0,-0.0,No,1500,2400,0,5535,75
05:09:45.185,sleep,15290,456,4880,16790,18,95,54.0,0.5,No,1500,2400,0,3765,75
05:09:46.184,sleep,15288,452,6944,16790,20,95,52.9,0.0,No,1500,2400,0,3468,75
05:09:47.184,sleep,15290,484,6538,16790,21,95,52.9,0.0,No,1500,2400,0,3393,75
05:09:48.185,sleep,15292,460,7040,16790,19,95,52.4,0.0,No,1500,2400,0,3394,75
05:09:49.184,sleep,15288,396,4822,16791,18,95,52.4,0.0,No,1500,2400,0,3393,75
05:09:50.184,sleep,15292,394,6038,16790,17,95,52.4,0.0,No,1500,2400,0,3375,75
05:09:51.185,sleep,15288,544,8622,16790,17,95,51.8,0.3,No,1500,2400,0,3376,75
05:09:52.184,sleep,15290,278,7948,16789,13,95,51.2,-0.0,No,1500,2400,0,3377,75
05:09:53.184,sleep,15290,324,4976,16789,15,95,51.2,0.0,No,1500,2400,0,3375,75
05:09:54.184,active,15326,402,8064,16785,0,95,54.0,41.9,No,2400,2400,0,3332,75
05:09:55.184,active,15322,494,7600,16787,0,95,56.2,49.1,No,2400,2400,0,3320,75
05:09:56.184,active,15335,466,5960,16788,0,95,56.8,47.4,No,2400,2400,0,3317,75
05:09:57.188,active,15322,404,6212,16788,0,95,57.3,48.0,No,2400,2400,0,3306,75
05:09:58.185,active,15359,406,6578,16787,0,95,56.8,44.9,No,2400,2400,0,3304,75
05:09:59.185,active,15344,456,7022,16787,0,95,57.3,46.9,No,2400,2400,0,3293,75
05:10:00.184,active,15286,836,7600,16788,0,95,57.3,48.0,No,2400,2400,0,3289,75
05:10:01.184,active,15262,488,7466,16785,0,95,57.9,46.3,No,2400,2400,0,3290,75
05:10:02.188,active,15301,670,10244,16786,0,95,59.0,46.9,No,2400,2400,0,3279,75
05:10:03.189,active,15301,518,7948,16786,0,95,58.4,47.7,No,2400,2400,0,3269,75
05:10:04.189,active,15303,532,8140,16786,-5,95,58.4,47.7,No,2400,2400,0,3264,75
05:10:05.184,active,15294,524,8044,16788,0,95,59.0,47.1,No,2400,2400,0,3258,75
05:10:06.184,active,15301,602,9220,16788,0,95,59.5,47.6,No,2400,2400,0,3260,75
05:10:07.184,active,15301,456,6726,16786,0,95,59.0,47.6,No,2400,2400,0,3260,75
05:10:08.185,active,15309,434,6654,16787,0,95,58.4,48.3,No,2400,2400,0,3249,75
05:10:09.185,active,15296,500,7022,16786,0,95,59.0,48.1,No,2400,2400,0,3240,75
05:10:10.190,active,15318,508,7812,16787,0,95,59.5,48.2,No,2400,2400,0,3243,75
05:10:11.184,active,15266,770,13252,16789,4,95,59.0,48.0,No,2400,2400,0,3244,75
05:10:12.184,active,15277,856,13098,16788,0,95,59.0,48.9,No,2400,2400,0,3234,75
05:10:13.184,active,15264,812,12442,16788,0,95,60.0,48.9,No,2400,2400,0,3225,75
05:10:14.185,active,15268,798,12230,16788,0,95,59.5,48.9,No,2400,2400,0,3226,75
05:10:15.185,active,15260,808,12366,16787,0,95,59.5,47.6,No,2400,2400,0,3226,75
05:10:16.184,active,15264,830,12694,16787,3,95,58.4,47.9,No,2400,2400,0,3224,75
05:10:17.184,active,15256,886,13580,16787,0,95,59.5,50.9,No,2400,2400,0,3721,125
05:10:18.184,active,15256,760,13424,16787,0,95,59.0,53.5,No,2400,2400,0,5216,125
05:10:19.184,active,15236,772,11806,16787,0,95,60.0,45.9,No,2400,2400,0,5327,125
05:10:20.185,active,15329,472,7252,16786,0,95,59.5,45.0,No,2400,2400,0,5332,125
05:10:21.190,active,15309,586,8990,16786,0,95,60.6,49.1,No,2400,2400,0,5332,125
05:10:22.184,active,15346,752,8314,16786,0,95,59.0,48.6,No,2400,2400,0,5339,125
05:10:23.184,active,15320,534,8218,16788,3,95,59.5,50.4,No,2400,2400,0,5339,125
05:10:24.184,active,15352,468,7716,16788,0,95,59.5,48.4,No,2400,2400,0,5349,125
05:10:25.185,active,15339,490,7522,16788,0,95,60.0,45.5,No,2400,2400,0,5359,125
05:10:26.185,active,15309,474,7292,16787,3,95,59.5,45.1,No,2400,2400,0,5361,125
05:10:27.188,active,15286,860,13194,16786,0,95,60.0,50.5,No,2400,2400,0,5373,125
05:10:28.184,active,15283,486,7484,16786,0,95,59.5,48.7,No,2400,2400,0,5375,125
05:10:29.184,active,15305,486,11670,16787,0,95,60.0,48.6,No,2400,2400,0,5378,125
05:10:30.185,active,15279,556,8526,16788,0,95,58.4,48.0,No,2400,2400,0,5388,125
05:10:31.189,active,15307,584,9606,16785,0,95,60.0,50.3,No,2400,2400,0,5393,125
05:10:32.191,active,15305,498,7658,16787,0,95,59.5,49.2,No,2400,2400,0,5402,125
05:10:33.184,active,15311,498,7580,16787,0,95,60.0,51.0,No,2400,2400,0,5409,125
05:10:34.184,active,15320,444,6828,16786,0,95,60.0,51.4,No,2400,2400,0,5407,125
05:10:35.184,active,15307,516,9124,16786,0,95,60.0,47.4,No,2400,2400,0,5415,125
05:10:36.185,active,15316,616,9472,16787,0,95,60.0,44.6,No,2400,2400,0,5428,125
05:10:37.185,active,15341,508,8276,16788,3,95,60.0,49.1,No,2400,2400,0,5425,125
05:10:38.185,active,15320,508,7792,16787,4,95,60.0,43.8,No,2400,2400,0,5439,125
05:10:39.184,active,15268,708,10842,16786,4,95,60.0,50.1,No,2400,2400,0,5439,125
05:10:40.184,active,15299,716,12694,16787,0,95,61.7,50.0,No,2400,2400,0,5445,125
05:10:41.185,active,15279,812,12442,16786,0,95,61.1,49.2,No,2400,2400,0,5449,125
05:10:42.185,active,15258,768,12114,16786,0,95,61.1,45.9,No,2400,2400,0,5454,125
05:10:43.185,active,15234,820,12538,16786,0,95,59.5,42.6,No,2400,2400,0,5455,125
05:10:44.184,active,15271,694,14102,16788,0,95,59.5,43.5,No,2400,2400,0,5458,125
05:10:45.184,active,15283,546,8372,16788,3,95,58.4,46.7,No,2400,2400,0,5466,125
05:10:46.184,active,15245,644,9144,16787,0,95,60.6,46.6,No,2400,2400,0,5467,125
05:10:47.185,active,15262,834,12770,16787,0,95,60.0,45.3,No,2400,2400,0,5473,125
05:10:48.187,active,15311,526,8102,16786,0,95,60.0,44.2,No,2400,2400,0,5471,125
05:10:49.185,active,15359,448,7674,16787,0,95,60.0,47.7,No,2400,2400,0,5473,125
05:10:50.184,active,15307,520,8006,16787,0,95,59.5,45.8,No,2400,2400,0,5477,125
05:10:51.184,active,15307,698,7832,16786,3,95,59.5,44.9,No,2400,2400,0,5474,125
05:10:52.188,active,15354,592,9124,16786,0,95,60.0,47.2,No,2400,2400,0,5477,125
05:10:53.185,active,15273,852,11420,16786,0,95,60.6,52.4,No,2400,2400,0,5479,125
05:10:54.184,sleep,15294,502,7696,16787,0,95,57.9,17.9,No,2400,2400,0,5518,125
05:10:55.184,sleep,15296,540,6424,16788,9,95,57.3,0.0,No,2400,2400,0,5534,125
05:10:56.184,sleep,15290,478,7330,16789,10,95,56.2,0.0,No,2400,2400,0,5527,125
05:10:57.184,sleep,15296,552,8468,16788,12,95,55.6,0.3,No,2400,2400,0,5529,125
05:10:58.184,sleep,15290,462,5670,16789,11,95,54.5,0.0,No,2400,2400,0,4786,75
05:10:59.184,sleep,15292,554,8506,16789,13,95,54.0,0.0,No,1500,2400,0,3599,75
05:11:00.184,sleep,15294,278,9318,16791,18,95,52.9,-0.0,No,1500,2400,0,3419,75
05:11:01.184,sleep,15290,384,5884,16792,17,95,53.5,0.0,No,1500,2400,0,3389,75
05:11:02.184,sleep,15292,386,3992,16791,13,95,52.4,-0.0,No,1500,2400,0,3372,75
05:11:03.184,sleep,15303,572,8776,16790,15,95,52.4,0.0,No,1500,2400,0,3370,75
05:11:04.185,sleep,15296,332,3704,16790,13,95,51.2,0.0,No,1500,2400,0,3375,75
05:11:05.185,sleep,15290,572,8776,16789,15,95,51.8,0.0,No,1500,2400,0,3373,75
05:11:06.184,sleep,15288,500,6038,16790,16,95,50.7,0.0,No,1500,2400,0,3364,75
05:11:07.184,sleep,15292,494,6282,16791,19,95,51.2,-0.0,No,1500,2400,0,3357,75
05:11:08.184,sleep,15288,386,5902,16792,20,95,52.4,0.0,No,1500,2400,0,3354,75
05:11:09.184,active,15264,774,12636,16789,8,95,55.1,41.9,No,2400,2400,0,3321,75
05:11:10.188,active,15230,822,12578,16787,0,95,55.6,46.9,No,2400,2400,0,3300,75
05:11:11.185,active,15258,836,12326,16787,0,95,56.2,47.4,No,2400,2400,0,3289,75
05:11:12.184,active,15275,784,11998,16786,-4,95,56.8,47.7,No,2400,2400,0,3292,75
05:11:13.184,active,15241,736,13484,16787,0,95,56.2,47.6,No,2400,2400,0,3261,75
05:11:14.184,active,15253,794,12134,16787,-3,95,57.3,48.6,No,2400,2400,0,3267,75
05:11:15.185,active,15236,760,12500,16786,0,95,58.4,47.1,No,2400,2400,0,3262,75
05:11:16.185,active,15322,462,7610,16788,3,95,57.3,47.1,No,2400,2400,0,3257,75
05:11:17.185,active,15354,334,5150,16787,0,95,57.3,46.3,No,2400,2400,0,3258,75
05:11:18.184,active,15357,508,6848,16787,0,95,57.3,48.4,No,2400,2400,0,3254,75
05:11:19.184,active,15314,446,6866,16788,0,95,58.4,49.4,No,2400,2400,0,3252,75
05:11:20.184,active,15357,492,7350,16788,0,95,59.5,48.3,No,2400,2400,0,3246,75
05:11:21.184,active,15335,478,7350,16789,0,95,58.4,47.7,No,2400,2400,0,3244,75
05:11:22.185,active,15314,642,7600,16788,0,95,58.4,48.0,No,2400,2400,0,3247,75
05:11:23.184,active,15354,418,6442,16786,0,95,58.4,48.0,No,2400,2400,0,3241,75
05:11:24.184,active,15311,720,7272,16788,0,95,59.0,50.1,No,2400,2400,0,3234,75
05:11:25.184,active,15294,464,12442,16787,-3,95,59.0,48.8,No,2400,2400,0,3212,75
05:11:26.184,active,15292,516,7890,16786,0,95,59.5,48.6,No,2400,2400,0,3212,75
05:11:27.185,active,15294,526,12288,16786,-3,95,60.0,47.6,No,2400,2400,0,3218,75
05:11:28.188,active,15305,486,7466,16787,0,95,58.4,49.5,No,2400,2400,0,3210,75
05:11:29.184,active,15294,540,7986,16787,0,95,59.0,46.8,No,2400,2400,0,3210,75
05:11:30.184,active,15294,400,6134,16787,0,95,59.5,46.9,No,2400,2400,0,3213,75
05:11:31.184,active,15301,472,9202,16786,0,95,60.0,48.4,No,2400,2400,0,3208,75
05:11:32.192,active,15299,466,7156,16788,4,95,60.0,47.0,No,2400,2400,0,3201,75
05:11:33.185,active,15311,678,6520,16788,3,95,60.6,49.6,No,2400,2400,0,3201,75
05:11:34.185,active,15281,874,8796,16786,0,95,59.0,47.1,No,2400,2400,0,4395,125
05:11:35.184,active,15281,600,9202,16785,-5,95,59.5,47.6,No,2400,2400,0,5241,125
05:11:36.184,active,15271,810,12404,16785,-3,95,59.5,46.9,No,2400,2400,0,5304,125
05:11:37.185,active,15275,806,12346,16786,-3,95,61.1,50.9,No,2400,2400,0,5306,125
05:11:38.185,active,15262,824,12558,16785,-6,95,59.5,52.2,No,2400,2400,0,5313,125
05:11:39.185,active,15266,880,13484,16786,-4,95,59.5,46.1,No,2400,2400,0,5329,125
05:11:40.184,active,15253,800,14102,16785,0,95,60.0,48.1,No,2400,2400,0,5322,125
05:11:41.184,active,15273,696,10668,16787,0,95,59.5,49.9,No,2400,2400,0,5332,125
05:11:42.185,active,15262,714,9644,16787,0,95,61.1,50.9,No,2400,2400,0,5337,125
05:11:43.192,active,15256,698,10668,16786,0,95,60.6,52.5,No,2400,2400,0,5345,125
05:11:44.185,active,15281,690,10552,16786,-5,95,60.6,49.9,No,2400,2400,0,5355,125
05:11:45.188,active,15359,522,7716,16786,0,95,60.0,49.6,No,2400,2400,0,5364,125
05:11:46.184,active,15320,508,7792,16786,0,95,60.0,47.4,No,2400,2400,0,5371,125
05:11:47.184,active,15352,456,7542,16786,0,95,59.5,44.6,No,2400,2400,0,5385,125
05:11:48.187,active,15348,510,7850,16786,0,95,60.6,45.2,No,2400,2400,0,5385,125
05:11:49.185,active,15283,302,7542,16787,0,95,59.5,47.6,No,2400,2400,0,5391,125
05:11:50.188,active,15301,726,11130,16788,-4,95,60.0,49.4,No,2400,2400,0,5398,125
05:11:51.184,active,15283,522,8044,16788,0,95,59.0,49.0,No,2400,2400,0,5407,125
05:11:52.184,active,15307,724,11112,16787,0,95,60.0,49.6,No,2400,2400,0,5408,125
05:11:53.184,active,15281,738,11304,16788,4,95,60.0,47.2,No,2400,2400,0,5426,125
05:11:54.185,active,15292,1014,12250,16787,3,95,60.0,45.6,No,2400,2400,0,5426,125
05:11:55.188,active,15290,612,9394,16788,0,95,59.5,44.8,No,2400,2400,0,5432,125
05:11:56.185,active,15305,672,10282,16787,0,95,60.0,46.6,No,2400,2400,0,5428,125
05:11:57.184,active,15305,472,7252,16787,-4,95,60.0,46.7,No,2400,2400,0,5433,125
05:11:58.184,active,15301,592,9066,16785,-5,95,60.0,45.9,No,2400,2400,0,5445,125
05:11:59.184,active,15303,490,9552,16785,0,95,60.6,46.8,No,2400,2400,0,5446,125
05:12:00.185,active,15316,420,6442,16785,0,95,60.0,45.3,No,2400,2400,0,5445,125
05:12:01.189,active,15309,558,9086,16787,0,95,60.0,45.1,No,2400,2400,0,5453,125
05:12:02.185,active,15268,796,12172,16787,0,95,59.5,46.4,No,2400,2400,0,5458,125
05:12:03.184,active,15279,880,13484,16787,0,95,59.5,47.8,No,2400,2400,0,5467,125
05:12:04.184,active,15277,878,13446,16787,0,95,60.0,44.0,No,2400,2400,0,5465,125
05:12:05.185,active,15268,872,13368,16787,0,95,60.0,43.8,No,2400,2400,0,5465,125
05:12:06.185,active,15283,836,14024,16786,0,95,59.5,45.2,No,2400,2400,0,5473,125
05:12:07.188,active,15258,912,13966,16786,-4,95,59.0,47.0,No,2400,2400,0,5470,125
05:12:08.184,active,15273,842,13118,16787,0,95,60.0,44.2,No,2400,2400,0,5475,125
05:12:09.185,sleep,15294,336,5170,16790,4,95,57.3,17.7,No,1500,2400,0,5502,125
05:12:10.184,sleep,15292,370,6596,16790,16,95,56.8,0.3,No,1500,2400,0,5523,125
05:12:11.184,sleep,15286,538,6208,16788,12,95,55.1,0.0,No,1500,2400,0,5518,125
05:12:12.184,sleep,15294,358,5498,16789,14,95,54.5,0.0,No,1500,2400,0,5534,125
05:12:13.184,sleep,15286,486,4880,16790,13,95,54.0,-0.0,No,1500,2400,0,4263,75
05:12:14.184,sleep,15292,262,4012,16791,17,95,53.5,0.0,No,1500,2400,0,3515,75
05:12:15.184,sleep,15296,346,4918,16791,16,95,51.8,-0.0,No,1500,2400,0,3411,75
05:12:16.184,sleep,15292,280,4282,16790,15,95,52.9,0.0,No,1500,2400,0,3387,75
05:12:17.184,sleep,15292,522,4590,16790,14,95,52.4,0.0,No,1500,2400,0,3379,75
05:12:18.184,sleep,15288,486,7466,16789,16,95,51.8,0.0,No,1500,2400,0,3376,75
05:12:19.184,sleep,15290,372,5594,16791,14,95,52.9,0.0,No,1500,2400,0,3361,75
05:12:20.184,sleep,15294,376,5014,16792,17,95,51.2,0.0,No,1500,2400,0,3361,75
05:12:21.184,sleep,15290,340,5208,16792,16,95,51.2,-0.0,No,1500,2400,0,3362,75
05:12:22.184,sleep,15292,532,8120,16791,14,95,50.7,-0.0,No,1500,2400,0,3357,75
05:12:23.185,sleep,15292,522,8024,16790,15,95,51.2,0.0,No,1500,2400,0,3351,75
05:12:24.190,active,15296,564,10802,16786,0,95,54.0,39.9,No,2400,2400,0,3322,75
05:12:25.184,active,15281,576,8834,16788,0,95,54.5,47.4,No,2400,2400,0,3298,75
05:12:26.184,active,15296,436,10802,16787,0,95,55.6,48.0,No,2400,2400,0,3294,75
05:12:27.189,active,15294,588,9028,16788,0,95,56.8,47.9,No,2400,2400,0,3276,75
05:12:28.189,active,15294,560,8564,16788,0,95,58.4,48.0,No,2400,2400,0,3282,75
05:12:29.185,active,15281,836,7330,16788,0,95,56.2,47.2,No,2400,2400,0,3277,75
05:12:30.184,active,15286,710,10880,16788,0,95,56.8,47.4,No,2400,2400,0,3263,75
05:12:31.184,active,15283,834,11420,16786,-5,95,57.3,48.7,No,2400,2400,0,3271,75
05:12:32.184,active,15283,818,12538,16786,-7,95,57.9,48.6,No,2400,2400,0,3237,75
05:12:33.185,active,15273,834,8816,16787,-5,95,57.9,48.1,No,2400,2400,0,3240,75
05:12:34.185,active,15279,762,11670,16787,0,95,58.4,48.8,No,2400,2400,0,3245,75
05:12:35.191,active,15273,816,12500,16786,-3,95,58.4,48.0,No,2400,2400,0,3239,75
05:12:36.184,active,15279,744,11400,16785,-9,95,57.3,48.1,No,2400,2400,0,3235,75
05:12:37.184,active,15264,720,11034,16786,-4,95,58.4,48.8,No,2400,2400,0,3235,75
05:12:38.184,active,15273,846,12452,16786,0,95,59.5,48.9,No,2400,2400,0,3232,75
05:12:39.185,active,15294,434,6654,16787,-4,95,59.0,50.7,No,2400,2400,0,3229,75
05:12:40.185,active,15309,684,7928,16787,-6,95,58.4,47.4,No,2400,2400,0,3225,75
05:12:41.184,active,15303,458,7022,16787,-5,95,58.4,46.5,No,2400,2400,0,3224,75
05:12:42.184,active,15318,430,6596,16787,-4,95,58.4,46.1,No,2400,2400,0,3220,75
05:12:43.184,active,15318,554,8506,16786,0,95,59.0,47.3,No,2400,2400,0,3197,75
05:12:44.185,active,15361,464,7138,16786,0,95,60.0,49.0,No,2400,2400,0,3203,75
05:12:45.185,active,15316,570,8758,16786,0,95,59.5,48.2,No,2400,2400,0,3204,75
05:12:46.189,active,15346,542,8314,16788,0,95,59.0,45.9,No,2400,2400,0,3202,75
05:12:47.184,active,15333,490,8546,16787,0,95,59.5,48.6,No,2400,2400,0,4897,125
05:12:48.184,active,15260,700,10706,16788,4,95,59.5,46.7,No,2400,2400,0,5296,125
05:12:49.184,active,15281,602,10860,16787,0,95,60.0,51.3,No,2400,2400,0,5315,125
05:12:50.192,active,15268,650,9954,16787,0,95,60.6,49.4,No,2400,2400,0,5319,125
05:12:51.185,active,15303,772,11806,16787,0,95,59.5,49.5,No,2400,2400,0,5322,125
05:12:52.185,active,15279,636,9760,16787,0,95,60.0,50.0,No,2400,2400,0,5326,125
05:12:53.184,active,15303,654,10012,16787,0,95,60.0,52.4,No,2400,2400,0,5337,125
05:12:54.185,active,15299,620,9490,16787,0,95,60.6,50.3,No,2400,2400,0,5338,125
05:12:55.185,active,15301,686,10514,16787,-3,95,60.0,49.4,No,2400,2400,0,5351,125
05:12:56.185,active,15301,574,12656,16787,0,95,60.0,48.1,No,2400,2400,0,5353,125
05:12:57.185,active,15294,672,10320,16785,0,95,59.5,42.4,No,2400,2400,0,5363,125
05:12:58.184,active,15273,818,12152,16786,0,95,59.5,47.1,No,2400,2400,0,5370,125
05:12:59.184,active,15273,802,12268,16785,-5,95,59.5,49.0,No,2400,2400,0,5378,125
05:13:00.184,active,15273,884,13542,16786,-4,95,60.0,47.8,No,2400,2400,0,5381,125
05:13:01.185,active,15283,810,12404,16786,0,95,60.6,45.9,No,2400,2400,0,5393,125
05:13:02.191,active,15279,852,13040,16786,-5,95,59.5,44.0,No,2400,2400,0,5397,125
05:13:03.187,active,15256,730,11170,16786,-7,95,59.5,48.6,No,2400,2400,0,5401,125
05:13:04.184,active,15301,836,12790,16786,-7,95,59.5,49.5,No,2400,2400,0,5416,125
05:13:05.184,active,15281,836,12808,16785,-6,95,60.6,48.3,No,2400,2400,0,5419,125
05:13:06.185,active,15271,754,11516,16785,0,95,60.0,46.1,No,2400,2400,0,5425,125
05:13:07.185,active,15333,446,7098,16785,-3,95,59.0,45.9,No,2400,2400,0,5430,125
05:13:08.185,active,15320,470,7214,16785,-9,95,59.5,47.8,No,2400,2400,0,5431,125
05:13:09.184,active,15318,514,7928,16787,-6,95,59.0,44.2,No,2400,2400,0,5440,125
05:13:10.184,active,15318,566,8680,16787,0,95,60.0,45.5,No,2400,2400,0,5448,125
05:13:11.184,active,15307,430,7580,16787,-3,95,60.6,47.0,No,2400,2400,0,5448,125
05:13:12.185,active,15359,452,6964,16786,-6,95,60.6,45.5,No,2400,2400,0,5447,125
05:13:13.185,active,15277,532,10668,16785,-6,95,60.6,48.0,No,2400,2400,0,5446,125
05:13:14.185,active,15305,598,9162,16785,-4,95,60.0,52.4,No,2400,2400,0,5448,125
05:13:15.184,active,15350,508,7812,16786,-3,95,60.6,47.7,No,2400,2400,0,5458,125
05:13:16.184,active,15277,710,12192,16786,-4,95,60.0,44.2,No,2400,2400,0,5466,125
05:13:17.187,active,15256,740,11304,16787,0,95,60.6,48.0,No,2400,2400,0,5465,125
05:13:18.185,active,15305,602,11574,16786,0,95,60.0,45.9,No,2400,2400,0,5467,125
05:13:19.185,active,15281,716,10956,16786,0,95,60.0,44.2,No,2400,2400,0,5474,125
05:13:20.184,active,15296,778,12848,16786,-4,95,60.0,44.8,No,2400,2400,0,5474,125
05:13:21.184,active,15303,596,9124,16786,0,95,59.5,47.9,No,2400,2400,0,5477,125
05:13:22.184,active,15301,750,11498,16787,0,95,60.0,48.5,No,2400,2400,0,5484,125
05:13:23.184,active,15292,456,6982,16786,0,95,60.6,47.1,No,2400,2400,0,5477,125
05:13:24.185,sleep,15283,400,6134,16787,5,95,57.3,18.8,No,1500,2400,0,5513,125
05:13:25.184,sleep,15290,478,7138,16789,17,95,55.1,0.0,No,1500,2400,0,5531,125
05:13:26.184,sleep,15290,544,8352,16789,13,95,56.2,-0.0,No,1500,2400,0,5538,125
05:13:27.184,sleep,15290,558,4378,16789,17,95,54.0,0.0,No,1500,2400,0,3905,75
05:13:28.184,sleep,15292,230,3548,16790,14,95,54.0,0.0,No,1500,2400,0,3465,75
05:13:29.184,sleep,15290,352,7080,16791,16,95,52.9,0.0,No,1500,2400,0,3403,75
05:13:30.184,sleep,15290,256,3934,16790,14,95,52.4,0.0,No,1500,2400,0,3386,75
05:13:31.184,sleep,15288,520,7966,16790,13,95,52.9,0.0,No,1500,2400,0,3372,75
05:13:32.184,sleep,15288,578,8874,16789,13,95,51.8,-0.0,No,1500,2400,0,3362,75
05:13:33.184,sleep,15283,354,5440,16789,15,95,52.4,-0.0,No,1500,2400,0,3354,75
05:13:34.185,sleep,15292,378,5806,16790,15,95,51.8,0.0,No,1500,2400,0,3365,75
05:13:35.184,sleep,15288,358,5498,16790,16,95,51.2,0.0,No,1500,2400,0,3360,75
05:13:36.184,sleep,15290,402,7060,16789,17,95,50.7,0.0,No,1500,2400,0,3351,75
05:13:37.184,sleep,15292,494,7562,16789,13,95,51.2,0.0,No,1500,2400,0,3343,75
05:13:38.184,sleep,15290,376,5768,16789,15,95,50.7,0.3,No,1500,2400,0,3341,75
05:13:39.184,active,15316,458,7040,16787,4,95,55.6,38.1,No,2400,2400,0,3301,75
05:13:40.188,active,15311,466,7156,16786,-6,95,54.5,49.4,No,2400,2400,0,3301,75
05:13:41.185,active,15324,510,6808,16786,-7,95,55.1,47.7,No,2400,2400,0,3281,75
05:13:42.185,active,15359,462,7098,16786,-9,95,55.6,48.1,No,2400,2400,0,3277,75
05:13:43.184,active,15344,442,7754,16785,-3,95,56.2,49.3,No,2400,2400,0,3274,75
05:13:44.184,active,15228,762,11632,16785,-5,95,56.8,48.7,No,2400,2400,0,3269,75
05:13:45.184,active,15260,768,11748,16787,-6,95,57.9,49.2,No,2400,2400,0,3252,75
05:13:46.185,active,15247,860,13136,16787,-6,95,57.3,47.7,No,2400,2400,0,3256,75
05:13:47.185,active,15294,648,9916,16786,-4,95,57.9,48.1,No,2400,2400,0,3246,75
05:13:48.184,active,15256,592,9046,16786,-8,95,57.9,47.8,No,2400,2400,0,3246,75
05:13:49.184,active,15316,750,11498,16785,-8,95,57.3,51.7,No,2400,2400,0,3236,75
05:13:50.184,active,15290,358,11882,16785,-9,95,59.0,50.6,No,2400,2400,0,3226,75
05:13:51.185,active,15290,652,9992,16787,-6,95,59.0,47.0,No,2400,2400,0,3217,75
05:13:52.185,active,15296,460,12366,16786,-5,95,58.4,45.2,No,2400,2400,0,3223,75
05:13:53.189,active,15299,682,10474,16786,-3,95,59.5,48.6,No,2400,2400,0,3210,75
05:13:54.184,active,15273,878,13446,16786,0,95,58.4,47.2,No,2400,2400,0,3216,75
05:13:55.184,active,15279,826,6766,16785,0,95,58.4,48.2,No,2400,2400,0,3216,75
05:13:56.189,active,15273,690,10572,16786,0,95,59.5,47.4,No,2400,2400,0,3220,75
05:13:57.188,active,15292,592,11382,16786,0,95,59.5,49.2,No,2400,2400,0,3223,75
05:13:58.185,active,15279,760,11632,16787,-4,95,59.0,50.5,No,2400,2400,0,3271,125
05:13:59.184,active,15264,808,14120,16789,0,95,60.0,48.3,No,2400,2400,0,5144,125
05:14:00.184,active,15294,656,10050,16789,0,95,60.0,51.9,No,2400,2400,0,5312,125
05:14:01.189,active,15277,626,11690,16787,0,95,59.5,52.2,No,2400,2400,0,5321,125
05:14:02.185,active,15314,482,7928,16786,0,95,60.6,51.5,No,2400,2400,0,5319,125
05:14:03.189,active,15307,562,8622,16786,0,95,60.6,50.9,No,2400,2400,0,5335,125
05:14:04.190,active,15309,690,7350,16786,-3,95,60.6,48.5,No,2400,2400,0,5336,125
05:14:05.184,active,15316,486,7484,16786,-7,95,60.0,46.0,No,2400,2400,0,5341,125
05:14:06.184,active,15281,538,8276,16786,-3,95,60.0,51.5,No,2400,2400,0,5352,125
05:14:07.184,active,15307,516,7908,16785,-3,95,61.1,46.5,No,2400,2400,0,5361,125
05:14:08.185,active,15331,462,7118,16785,-3,95,60.0,43.5,No,2400,2400,0,5366,125
05:14:09.185,active,15331,496,8132,16786,-3,95,60.0,49.0,No,2400,2400,0,5377,125
05:14:10.188,active,15311,474,7292,16785,-6,95,59.5,48.2,No,2400,2400,0,5385,125
05:14:11.184,active,15271,706,10822,16787,0,95,59.5,49.1,No,2400,2400,0,5390,125
05:14:12.184,active,15256,792,12114,16788,0,95,60.0,43.6,No,2400,2400,0,5394,125
05:14:13.184,active,15230,798,12210,16787,0,95,59.5,43.9,No,2400,2400,0,5397,125
05:14:14.185,active,15275,646,10900,16788,7,95,60.6,47.2,No,2400,2400,0,5393,125
05:14:15.188,active,15279,742,11342,16787,3,95,60.0,48.7,No,2400,2400,0,5410,125
05:14:16.184,active,15236,872,12558,16787,0,95,59.5,47.0,No,2400,2400,0,5416,125
05:14:17.184,active,15258,842,12886,16788,0,95,60.0,46.8,No,2400,2400,0,5419,125
05:14:18.184,active,15286,612,12462,16788,0,95,60.0,45.8,No,2400,2400,0,5427,125
05:14:19.185,active,15253,782,11940,16789,0,95,59.5,44.3,No,2400,2400,0,5434,125
05:14:20.185,active,15277,710,10898,16787,0,95,59.5,46.5,No,2400,2400,0,5431,125
05:14:21.188,active,15357,446,7774,16787,0,95,59.5,46.3,No,2400,2400,0,5431,125
05:14:22.184,active,15314,690,10590,16787,0,95,60.0,44.4,No,2400,2400,0,5449,125
05:14:23.184,active,15281,822,10224,16787,0,95,60.0,47.2,No,2400,2400,0,5449,125
05:14:24.184,active,15314,700,10726,16785,0,95,60.6,47.3,No,2400,2400,0,5450,125
05:14:25.185,active,15279,950,12712,16785,0,95,62.2,47.7,No,2400,2400,0,5454,125
05:14:26.185,active,15277,792,12134,16787,0,95,59.5,44.3,No,2400,2400,0,5456,125
05:14:27.185,active,15275,786,12038,16787,3,95,60.0,49.3,No,2400,2400,0,5459,125
05:14:28.184,active,15286,844,12924,16786,0,95,60.0,47.3,No,2400,2400,0,5466,125
05:14:29.184,active,15305,646,9934,16786,0,95,60.0,44.9,No,2400,2400,0,5470,125
05:14:30.185,active,15305,608,7310,16786,0,95,60.6,44.2,No,2400,2400,0,5471,125
05:14:31.185,active,15299,552,8448,16785,0,95,59.5,44.4,No,2400,2400,0,5471,125
05:14:32.187,active,15309,480,6924,16785,0,95,60.0,44.4,No,2400,2400,0,5483,125
05:14:33.184,active,15309,510,7850,16786,0,95,59.5,49.0,No,2400,2400,0,5485,125
05:14:34.184,active,15326,508,7832,16786,0,95,59.5,51.4,No,2400,2400,0,5489,125
05:14:35.189,active,15314,572,8776,16786,0,95,60.6,49.6,No,2400,2400,0,5491,125
05:14:36.185,active,15314,268,7542,16787,0,95,60.6,45.9,No,2400,2400,0,5492,125
05:14:37.188,active,15316,494,7600,16786,-3,95,59.0,49.9,No,2400,2400,0,5494,125
05:14:38.185,active,15357,484,7426,16785,-4,95,60.0,48.7,No,2400,2400,0,5498,125
05:14:39.184,sleep,15283,510,8120,16788,0,95,57.9,22.8,No,2400,2400,0,5530,125
05:14:40.184,sleep,15294,448,6866,16788,7,95,56.8,0.0,No,2400,2400,0,5536,125
05:14:41.184,sleep,15288,396,6366,16789,9,95,56.2,-0.0,No,2400,2400,0,5533,125
05:14:42.184,sleep,15288,482,7388,16788,10,95,55.6,0.0,No,2400,2400,0,5536,125
05:14:43.184,sleep,15290,396,7908,16789,12,95,56.2,-0.0,No,2400,2400,0,5540,125
05:14:44.185,sleep,15286,358,5478,16788,13,95,54.0,0.0,No,1500,2400,0,5540,75
05:14:45.185,sleep,15294,288,7388,16789,17,95,54.5,0.5,No,1500,2400,0,3760,75
05:14:46.185,sleep,15290,478,7330,16791,18,95,52.9,0.0,No,1500,2400,0,3457,75
05:14:47.185,sleep,15292,440,6752,16791,16,95,52.9,0.0,No,1500,2400,0,3400,75
05:14:48.185,sleep,15288,644,7736,16791,17,95,52.4,0.0,No,1500,2400,0,3404,75
05:14:49.185,sleep,15292,266,4088,16790,16,95,51.8,-0.0,No,1500,2400,0,3387,75
05:14:50.184,sleep,15294,420,8718,16790,17,95,52.4,0.0,No,1500,2400,0,3386,75
05:14:51.184,sleep,15296,590,9046,16789,16,95,50.7,0.0,No,1500,2400,0,3377,75
05:14:52.184,sleep,15294,556,9008,16789,10,95,51.2,0.0,No,1500,2400,0,3362,75
05:14:53.184,sleep,15290,462,7080,16790,12,95,51.2,0.0,No,1500,2400,0,3362,75
05:14:54.185,active,15301,434,6674,16787,6,95,54.0,37.6,No,2400,2400,0,3327,75
05:14:55.184,active,15311,674,10340,16786,0,95,55.1,48.0,No,2400,2400,0,3319,75
05:14:56.184,active,15288,708,10880,16786,0,95,55.6,48.8,No,2400,2400,0,3306,75
05:14:57.184,active,15299,706,9954,16786,-4,95,56.8,48.7,No,2400,2400,0,3308,75
05:14:58.185,active,15296,502,7696,16786,0,95,56.8,48.2,No,2400,2400,0,3301,75
05:14:59.185,active,15301,476,7310,16786,0,95,57.9,48.0,No,2400,2400,0,3295,75
05:15:00.185,active,15299,520,7966,16785,-10,95,57.3,52.2,No,2400,2400,0,3283,75
05:15:01.184,active,15305,494,7580,16786,-4,95,57.9,46.5,No,2400,2400,0,3288,75
05:15:02.184,active,15296,502,5886,16784,-6,95,57.9,47.2,No,2400,2400,0,3265,75
05:15:03.186,active,15305,534,8178,16786,-4,95,58.4,46.0,No,2400,2400,0,3275,75
05:15:04.185,active,15299,432,6654,16785,-3,95,59.0,45.7,No,2400,2400,0,3260,75
05:15:05.185,active,15299,526,8064,16786,-7,95,58.4,48.0,No,2400,2400,0,3258,75
05:15:06.184,active,15275,824,12616,16785,-8,95,59.0,50.4,No,2400,2400,0,3235,75
05:15:07.184,active,15266,856,13098,16785,-9,95,60.0,51.4,No,2400,2400,0,3237,75
05:15:08.184,active,15262,776,11902,16784,-8,95,60.6,46.7,No,2400,2400,0,3230,75
05:15:09.184,active,15266,776,12326,16786,-4,95,59.5,48.4,No,2400,2400,0,3240,75
05:15:10.188,active,15241,764,11710,16786,-7,95,59.5,47.6,No,2400,2400,0,3234,75
05:15:11.185,active,15268,648,11458,16787,-4,95,59.5,48.7,No,2400,2400,0,3230,75
05:15:12.184,active,15264,790,12096,16786,-6,95,59.0,49.7,No,2400,2400,0,3225,75
05:15:13.184,active,15258,766,11420,16787,-3,95,60.0,47.9,No,2400,2400,0,4040,125
05:15:14.184,active,15275,704,10764,16786,-6,95,60.0,50.3,No,2400,2400,0,5249,125
05:15:15.188,active,15326,690,9684,16784,-6,95,60.0,51.0,No,2400,2400,0,5337,125
05:15:16.185,active,15350,574,8082,16787,-5,95,59.5,48.9,No,2400,2400,0,5344,125
05:15:17.188,active,15309,398,6114,16786,-7,95,59.5,50.3,No,2400,2400,0,5345,125
05:15:18.184,active,15329,446,7002,16787,0,95,59.0,45.0,No,2400,2400,0,5350,125
05:15:19.184,active,15335,452,6944,16786,0,95,60.0,45.5,No,2400,2400,0,5354,125
05:15:20.187,active,15311,652,7890,16786,0,95,59.0,48.1,No,2400,2400,0,5355,125
05:15:21.189,active,15314,702,10764,16786,0,95,60.0,47.9,No,2400,2400,0,5364,125
05:15:22.185,active,15279,850,9972,16785,-4,95,60.6,48.5,No,2400,2400,0,5370,125
05:15:23.184,active,15283,670,10282,16785,-5,95,59.5,49.5,No,2400,2400,0,5383,125
05:15:24.184,active,15279,786,11478,16786,-4,95,60.6,50.0,No,2400,2400,0,5380,125
05:15:25.184,active,15301,476,9760,16786,-3,95,61.1,46.5,No,2400,2400,0,5394,125
05:15:26.185,active,15301,474,7292,16785,-3,95,59.5,46.3,No,2400,2400,0,5396,125
05:15:27.185,active,15301,420,9144,16785,-4,95,59.5,45.3,No,2400,2400,0,5402,125
05:15:28.185,active,15301,538,8256,16785,-3,95,59.0,45.8,No,2400,2400,0,5403,125
05:15:29.184,active,15305,496,7736,16786,0,95,60.0,46.7,No,2400,2400,0,5414,125
05:15:30.184,active,15294,422,6462,16786,0,95,59.5,46.1,No,2400,2400,0,5420,125
05:15:31.185,active,15311,492,6520,16786,0,95,60.6,46.1,No,2400,2400,0,5427,125
05:15:32.189,active,15316,438,6732,16785,0,95,60.6,46.5,No,2400,2400,0,5432,125
05:15:33.187,active,15320,450,6924,16786,0,95,60.0,45.7,No,2400,2400,0,5429,125
05:15:34.184,active,15253,814,12906,16785,0,95,60.0,46.9,No,2400,2400,0,5432,125
05:15:35.184,active,15279,812,12442,16787,-5,95,60.0,52.6,No,2400,2400,0,5444,125
05:15:36.184,active,15277,784,13118,16787,0,95,60.0,46.1,No,2400,2400,0,5450,125
05:15:37.187,active,15275,882,13504,16787,0,95,60.0,43.5,No,2400,2400,0,5457,125
05:15:38.188,active,15279,568,13194,16785,0,95,59.5,43.4,No,2400,2400,0,5462,125
05:15:39.185,active,15277,796,12172,16786,0,95,60.0,47.1,No,2400,2400,0,5459,125
05:15:40.184,active,15256,808,12674,16786,0,95,60.0,44.9,No,2400,2400,0,5464,125
05:15:41.184,active,15275,760,11652,16787,0,95,59.5,44.8,No,2400,2400,0,5475,125
05:15:42.184,active,15251,740,13176,16786,0,95,60.6,46.8,No,2400,2400,0,5468,125
05:15:43.185,active,15344,550,7792,16786,0,95,61.1,48.1,No,2400,2400,0,5473,125
05:15:44.185,active,15309,508,7832,16786,0,95,59.5,46.2,No,2400,2400,0,5482,125
05:15:45.186,active,15333,514,7542,16785,0,95,59.5,47.0,No,2400,2400,0,5473,125
05:15:46.184,active,15320,460,7060,16786,0,95,59.5,46.4,No,2400,2400,0,5484,125
05:15:47.184,active,15337,460,7098,16785,0,95,60.0,46.7,No,2400,2400,0,5485,125
05:15:48.185,active,15361,520,8006,16786,0,95,60.0,46.0,No,2400,2400,0,5490,125
05:15:49.189,active,15311,712,7310,16788,0,95,59.5,49.1,No,2400,2400,0,5499,125
05:15:50.187,active,15309,604,9278,16787,0,95,59.5,48.2,No,2400,2400,0,5493,125
05:15:51.184,active,15281,532,8178,16788,4,95,59.5,48.2,No,2400,2400,0,5490,125
05:15:52.184,active,15296,474,11014,16788,3,95,59.5,48.1,No,2400,2400,0,5500,125
05:15:53.185,active,15271,556,8506,16787,4,95,60.6,47.5,No,2400,2400,0,5500,125
05:15:54.185,sleep,15286,502,6442,16788,7,95,57.3,21.7,No,1900,2400,0,5526,125
05:15:55.185,sleep,15294,668,10244,16789,15,95,55.6,-0.0,No,1500,2400,0,5546,125
05:15:56.185,sleep,15294,462,8776,16789,14,95,54.5,-0.0,No,1500,2400,0,5554,125
05:15:57.185,sleep,15292,484,7408,16789,13,95,54.5,0.0,No,1500,2400,0,4787,75
05:15:58.185,sleep,15288,498,7600,16790,15,95,52.9,0.0,No,1500,2400,0,3605,75
05:15:59.185,sleep,15294,432,6636,16789,15,95,52.9,0.0,No,1500,2400,0,3429,75
05:16:00.184,sleep,15299,540,7870,16789,15,95,52.9,0.0,No,1500,2400,0,3400,75
05:16:01.185,sleep,15294,258,3954,16789,14,95,52.9,0.0,No,1500,2400,0,3397,75
05:16:02.185,sleep,15292,270,4146,16789,11,95,52.4,-0.0,No,1500,2400,0,3398,75
05:16:03.184,sleep,15288,416,7928,16790,12,95,51.8,-0.0,No,1500,2400,0,3376,75
05:16:04.185,sleep,15294,432,6616,16790,12,95,51.8,0.0,No,1500,2400,0,3371,75
05:16:05.185,sleep,15288,532,9086,16790,11,95,52.4,0.0,No,1500,2400,0,3360,75
05:16:06.184,sleep,15294,330,5054,16789,10,95,50.7,0.0,No,1500,2400,0,3363,75
05:16:07.185,sleep,15288,482,5478,16789,10,95,51.8,0.0,No,1500,2400,0,3367,75
05:16:08.185,sleep,15290,254,3896,16788,9,95,51.2,-0.0,No,1500,2400,0,3363,75
05:16:09.184,active,15253,816,12906,16786,4,95,54.0,36.9,No,2400,2400,0,3330,75
05:16:10.184,active,15273,754,11554,16787,-6,95,55.1,48.8,No,2400,2400,0,3301,75
05:16:11.185,active,15324,584,8950,16785,-3,95,56.2,51.9,No,2400,2400,0,3296,75
05:16:12.185,active,15307,616,6790,16787,0,95,56.2,45.5,No,2400,2400,0,3287,75
05:16:13.184,active,15316,512,7870,16785,-3,95,56.2,46.8,No,2400,2400,0,3280,75
05:16:14.184,active,15268,844,9318,16786,-3,95,57.3,49.2,No,2400,2400,0,3285,75
05:16:15.184,active,15281,814,12462,16787,0,95,57.9,47.8,No,2400,2400,0,3274,75
05:16:16.185,active,15271,774,7678,16787,-4,95,59.0,46.7,No,2400,2400,0,3261,75
05:16:17.188,active,15275,788,12076,16786,-5,95,60.0,49.9,No,2400,2400,0,3260,75
05:16:18.185,active,15290,850,12694,16786,-4,95,57.9,45.3,No,2400,2400,0,3258,75
05:16:19.184,active,15303,708,10880,16785,-8,95,59.0,48.6,No,2400,2400,0,3249,75
05:16:20.184,active,15303,708,10842,16785,-6,95,59.5,54.4,No,2400,2400,0,3230,75
05:16:21.184,active,15296,430,13446,16785,-5,95,60.0,52.6,No,2400,2400,0,3231,75
05:16:22.185,active,15273,532,8140,16785,-7,95,59.0,48.0,No,2400,2400,0,3226,75
05:16:23.185,active,15316,490,9432,16787,-5,95,59.0,50.5,No,2400,2400,0,4852,125
05:16:24.184,active,15303,392,6038,16787,-5,95,59.0,52.3,No,2400,2400,0,5321,125
05:16:25.184,active,15299,476,8160,16786,-7,95,59.0,50.4,No,2400,2400,0,5352,125
05:16:26.184,active,15316,438,6732,16786,-8,95,60.6,51.5,No,2400,2400,0,5348,125
05:16:27.185,active,15303,460,6424,16784,-9,95,59.5,50.5,No,2400,2400,0,5351,125
05:16:28.189,active,15299,422,6482,16784,-8,95,59.5,48.3,No,2400,2400,0,5361,125
05:16:29.189,active,15277,530,8140,16784,-7,95,59.0,46.2,No,2400,2400,0,5367,125
05:16:30.184,active,15277,798,14430,16785,0,95,60.6,48.1,No,2400,2400,0,5368,125
05:16:31.184,active,15271,798,12230,16785,-6,95,61.1,49.4,No,2400,2400,0,5371,125
05:16:32.184,active,15262,818,13002,16785,-8,95,60.0,49.5,No,2400,2400,0,5377,125
05:16:33.185,active,15273,786,12018,16786,0,95,60.6,46.3,No,2400,2400,0,5390,125
05:16:34.188,active,15277,892,13136,16786,0,95,59.5,45.4,No,2400,2400,0,5392,125
05:16:35.191,active,15281,778,11940,16785,-5,95,59.5,45.2,No,2400,2400,0,5405,125
05:16:36.184,active,15296,806,12326,16787,0,95,60.0,47.4,No,2400,2400,0,5408,125
05:16:37.184,active,15318,666,10224,16786,-4,95,60.0,47.9,No,2400,2400,0,5420,125
05:16:38.185,active,15279,774,11844,16785,-5,95,60.0,45.7,No,2400,2400,0,5417,125
05:16:39.185,active,15314,544,7040,16786,0,95,60.0,46.1,No,2400,2400,0,5423,125
05:16:40.185,active,15322,474,7292,16786,0,95,60.6,45.0,No,2400,2400,0,5428,125
05:16:41.184,active,15352,502,7600,16786,0,95,59.5,46.8,No,2400,2400,0,5432,125
05:16:42.184,active,15344,608,9356,16785,0,95,60.0,47.0,No,2400,2400,0,5444,125
05:16:43.184,active,15363,510,7832,16785,-3,95,59.5,46.9,No,2400,2400,0,5445,125
05:16:44.185,active,15326,490,7542,16785,-5,95,60.0,46.1,No,2400,2400,0,5436,125
05:16:45.185,active,15318,500,7678,16784,-5,95,59.5,47.3,No,2400,2400,0,5449,125
05:16:46.185,active,15279,740,11342,16785,-8,95,60.6,53.1,No,2400,2400,0,5450,125
05:16:47.184,active,15352,472,7252,16785,-4,95,59.5,48.1,No,2400,2400,0,5460,125
05:16:48.184,active,15309,422,13060,16785,-5,95,60.0,44.4,No,2400,2400,0,5469,125
05:16:49.184,active,15279,644,9858,16787,0,95,60.0,44.3,No,2400,2400,0,5471,125
05:16:50.185,active,15301,888,13542,16785,0,95,59.5,43.8,No,2400,2400,0,5468,125
05:16:51.185,active,15303,580,8912,16786,0,95,59.5,43.3,No,2400,2400,0,5476,125
05:16:52.185,active,15299,726,11130,16787,0,95,60.0,44.1,No,2400,2400,0,5476,125
05:16:53.184,active,15303,516,7928,16787,0,95,60.0,46.7,No,2400,2400,0,5479,125
05:16:54.184,active,15301,560,8584,16787,0,95,60.6,49.6,No,2400,2400,0,5483,125
05:16:55.185,active,15303,484,10774,16786,0,95,60.0,48.8,No,2400,2400,0,5492,125
05:16:56.185,active,15311,452,6924,16785,-3,95,59.5,49.4,No,2400,2400,0,5483,125
05:16:57.188,active,15279,664,10186,16786,0,95,59.5,47.0,No,2400,2400,0,5495,125
05:16:58.184,active,15288,876,13406,16786,0,95,60.0,45.9,No,2400,2400,0,5493,125
05:16:59.184,active,15273,798,12210,16787,0,95,59.5,48.9,No,2400,2400,0,5486,125
05:17:00.184,active,15281,846,12964,16787,0,95,60.6,49.5,No,2400,2400,0,5496,125
05:17:01.188,active,15275,838,12848,16785,0,95,60.6,48.2,No,2400,2400,0,5495,125
05:17:02.185,active,15279,824,9858,16786,0,95,59.5,46.6,No,2400,2400,0,5489,125
05:17:03.185,active,15268,860,13194,16786,0,95,59.5,47.1,No,2400,2400,0,5499,125
05:17:04.184,active,15268,770,13928,16785,-4,95,59.5,48.5,No,2400,2400,0,5502,125
05:17:05.184,active,15273,752,11516,16787,0,95,60.0,48.2,No,2400,2400,0,5505,125
05:17:06.185,active,15305,556,8526,16787,0,95,60.6,47.9,No,2400,2400,0,5504,125
05:17:07.189,active,15324,466,7156,16786,0,95,60.6,47.3,No,2400,2400,0,5502,125
05:17:08.189,active,15316,542,8314,16785,0,95,60.0,47.0,No,2400,2400,0,5506,125
05:17:09.184,sleep,15296,538,8492,16787,0,95,57.3,24.7,No,2400,2400,0,5529,125
05:17:10.184,sleep,15299,490,7522,16787,13,95,56.8,-0.0,No,2400,2400,0,5550,125
05:17:11.184,sleep,15292,510,8430,16789,12,95,56.2,0.5,No,2400,2400,0,5541,125
05:17:12.184,sleep,15290,486,7446,16790,12,95,55.1,0.3,No,2400,2400,0,5547,125
05:17:13.184,sleep,15290,468,6674,16789,9,95,55.1,0.0,No,2400,2400,0,4293,75
05:17:14.184,sleep,15283,326,4996,16788,9,95,54.0,0.0,No,1500,2400,0,3524,75
05:17:15.185,sleep,15296,464,5710,16789,14,95,53.5,0.0,No,1500,2400,0,3409,75
05:17:16.185,sleep,15294,230,4810,16790,16,95,52.9,-0.0,No,1500,2400,0,3403,75
05:17:17.185,sleep,15296,418,6404,16790,15,95,53.5,0.0,No,1500,2400,0,3400,75
05:17:18.184,sleep,15296,352,8044,16789,15,95,51.8,-0.0,No,1500,2400,0,3399,75
05:17:19.184,sleep,15292,418,6404,16789,16,95,51.8,0.0,No,1500,2400,0,3396,75
05:17:20.184,sleep,15296,524,8662,16790,16,95,52.4,0.0,No,1500,2400,0,3382,75
05:17:21.184,sleep,15292,560,8584,16790,17,95,51.8,0.0,No,1500,2400,0,3374,75
05:17:22.184,sleep,15294,230,3376,16790,15,95,50.7,1.5,No,1500,2400,0,3361,75
05:17:23.184,sleep,15294,446,6848,16790,18,95,52.4,-0.0,No,1500,2400,0,3359,75
05:17:24.185,active,15322,720,10300,16789,12,95,54.0,35.6,No,2400,2400,0,3322,75
05:17:25.185,active,15309,706,7562,16785,-3,95,54.5,46.7,No,2400,2400,0,3306,75
05:17:26.184,active,15301,666,10204,16786,-3,95,56.8,49.1,No,2400,2400,0,3294,75
05:17:27.184,active,15281,810,8218,16786,-3,95,56.2,49.5,No,2400,2400,0,3293,75
05:17:28.184,active,15309,666,10204,16786,0,95,57.9,45.9,No,2400,2400,0,3285,75
05:17:29.185,active,15281,896,8932,16786,-3,95,57.3,46.7,No,2400,2400,0,3295,75
05:17:30.185,active,15281,854,13078,16786,0,95,57.3,45.9,No,2400,2400,0,3289,75
05:17:31.184,active,15277,922,12636,16785,-5,95,57.3,50.9,No,2400,2400,0,3278,75
05:17:32.184,active,15286,720,11034,16785,-4,95,58.4,51.8,No,2400,2400,0,3277,75
05:17:33.184,active,15277,796,12192,16787,0,95,58.4,47.6,No,2400,2400,0,3267,75
05:17:34.184,active,15294,512,6752,16788,0,95,59.0,46.1,No,2400,2400,0,3261,75
05:17:35.189,active,15311,464,7138,16787,0,95,59.5,46.3,No,2400,2400,0,3260,75
05:17:36.185,active,15309,468,6828,16786,-6,95,58.4,49.9,No,2400,2400,0,3239,75
05:17:37.184,active,15305,446,6848,16785,-6,95,59.0,51.0,No,2400,2400,0,3239,75
05:17:38.184,active,15314,468,5960,16786,-4,95,59.5,49.9,No,2400,2400,0,3239,75
05:17:39.184,active,15299,480,7368,16785,-4,95,60.0,45.5,No,2400,2400,0,3239,75
05:17:40.185,active,15352,482,7388,16788,0,95,59.5,45.1,No,2400,2400,0,3227,75
05:17:41.185,active,15318,514,7890,16788,0,95,59.0,48.5,No,2400,2400,0,3211,75
05:17:42.185,active,15314,530,8140,16787,0,95,58.4,48.7,No,2400,2400,0,3222,75
05:17:43.184,active,15279,704,12520,16788,0,95,59.5,49.0,No,2400,2400,0,4986,125
05:17:44.184,active,15299,604,9278,16786,0,95,60.0,48.2,No,2400,2400,0,5314,125
05:17:45.185,active,15256,882,12134,16786,0,95,60.0,49.9,No,2400,2400,0,5331,125
05:17:46.185,active,15249,636,9722,16787,0,95,60.0,48.7,No,2400,2400,0,5340,125
05:17:47.187,active,15292,772,11806,16786,0,95,60.0,49.6,No,2400,2400,0,5343,125
05:17:48.184,active,15271,740,11342,16787,0,95,59.5,47.7,No,2400,2400,0,5343,125
05:17:49.184,active,15268,774,11844,16787,0,95,60.0,47.0,No,2400,2400,0,5352,125
05:17:50.184,active,15273,584,8950,16786,0,95,60.6,45.7,No,2400,2400,0,5364,125
05:17:51.185,active,15301,844,12906,16785,-3,95,60.0,43.0,No,2400,2400,0,5367,125
05:17:52.185,active,15279,784,8468,16785,-7,95,59.0,45.2,No,2400,2400,0,5373,125
05:17:53.184,active,15286,780,11960,16785,-3,95,59.5,47.0,No,2400,2400,0,5375,125
05:17:54.184,active,15288,492,7562,16786,-5,95,59.5,45.2,No,2400,2400,0,5382,125
05:17:55.184,active,15277,822,12578,16785,-5,95,60.6,46.4,No,2400,2400,0,5393,125
05:17:56.184,active,15281,522,8044,16785,-8,95,59.5,46.4,No,2400,2400,0,5396,125
05:17:57.185,active,15281,670,10282,16785,-4,95,60.6,43.0,No,2400,2400,0,5406,125
05:17:58.185,active,15277,654,10030,16785,-7,95,60.0,43.0,No,2400,2400,0,5413,125
05:17:59.184,active,15279,762,11670,16787,-5,95,59.5,44.4,No,2400,2400,0,5414,125
05:18:00.184,active,15273,820,12558,16787,-3,95,60.0,47.3,No,2400,2400,0,5420,125
05:18:01.184,active,15268,902,12768,16785,-3,95,61.1,48.9,No,2400,2400,0,5421,125
05:18:02.185,active,15305,524,8044,16785,0,95,59.0,48.9,No,2400,2400,0,5429,125
05:18:03.185,active,15307,432,7040,16785,0,95,60.0,47.7,No,2400,2400,0,5433,125
05:18:04.187,active,15305,518,7966,16786,0,95,59.5,46.3,No,2400,2400,0,5439,125
05:18:05.184,active,15311,472,7252,16786,0,95,59.5,45.6,No,2400,2400,0,5450,125
05:18:06.184,active,15307,478,7330,16786,-4,95,60.0,46.1,No,2400,2400,0,5452,125
05:18:07.188,active,15326,496,7620,16785,0,95,60.0,47.6,No,2400,2400,0,5453,125
05:18:08.188,active,15329,434,6654,16786,-3,95,60.6,48.5,No,2400,2400,0,5453,125
05:18:09.188,active,15346,518,7948,16785,-6,95,61.7,48.5,No,2400,2400,0,5457,125
05:18:10.185,active,15341,506,7024,16787,-5,95,59.5,49.1,No,2400,2400,0,5458,125
05:18:11.184,active,15273,818,12520,16787,-5,95,59.5,46.8,No,2400,2400,0,5471,125
05:18:12.184,active,15266,978,13156,16787,-7,95,59.5,46.3,No,2400,2400,0,5476,125
05:18:13.185,active,15253,704,10764,16785,-8,95,60.6,47.4,No,2400,2400,0,5473,125
05:18:14.189,active,15268,652,9992,16785,-7,95,60.6,46.9,No,2400,2400,0,5480,125
05:18:15.189,active,15273,810,12404,16784,-6,95,59.5,46.5,No,2400,2400,0,5471,125
05:18:16.184,active,15303,832,12712,16784,-5,95,60.0,46.2,No,2400,2400,0,5484,125
05:18:17.184,active,15273,672,10300,16784,-9,95,60.0,48.6,No,2400,2400,0,5479,125
05:18:18.189,active,15299,680,10398,16785,-9,95,60.6,48.0,No,2400,2400,0,5484,125
05:18:19.185,active,15299,556,8546,16786,0,95,60.6,47.2,No,2400,2400,0,5488,125
05:18:20.185,active,15337,492,7580,16785,-5,95,59.5,46.9,No,2400,2400,0,5489,125
05:18:21.185,active,15281,692,7562,16784,-7,95,59.5,47.7,No,2400,2400,0,5485,125
05:18:22.184,active,15311,682,10474,16787,0,95,60.0,47.9,No,2400,2400,0,5492,125
05:18:23.184,active,15281,880,7466,16787,0,95,60.6,48.9,No,2400,2400,0,5504,125
05:18:24.184,sleep,15294,500,7678,16787,0,95,57.3,27.0,No,2400,2400,0,5518,125
05:18:25.184,sleep,15292,324,7118,16788,9,95,56.2,-0.0,No,2400,2400,0,5536,125
05:18:26.184,sleep,15290,440,6752,16787,6,95,56.2,0.0,No,2400,2400,0,5533,125
05:18:27.184,sleep,15290,584,8950,16787,3,95,55.1,0.0,No,2400,2400,0,5534,125
05:18:28.184,sleep,15292,434,6636,16786,0,95,53.5,0.0,No,2400,2400,0,5536,125
05:18:29.184,sleep,15290,470,7194,16788,12,95,54.0,0.0,No,1500,2400,0,3979,75
05:18:30.184,sleep,15288,608,6538,16790,16,95,53.5,0.0,No,1500,2400,0,3488,75
05:18:31.184,sleep,15286,526,8044,16790,14,95,53.5,-0.0,No,1500,2400,0,3409,75
05:18:32.184,sleep,15292,524,6172,16790,15,95,52.4,-0.0,No,1500,2400,0,3395,75
05:18:33.184,sleep,15292,348,5342,16789,12,95,52.4,0.3,No,1500,2400,0,3393,75
05:18:34.185,sleep,15290,386,3954,16789,13,95,51.8,0.0,No,1500,2400,0,3384,75
05:18:35.184,sleep,15292,370,5670,16788,13,95,51.8,0.0,No,1500,2400,0,3377,75
05:18:36.184,sleep,15294,404,5478,16788,9,95,51.8,0.0,No,1500,2400,0,3377,75
05:18:37.184,sleep,15296,282,4340,16790,10,95,51.8,-0.0,No,1500,2400,0,3363,75
05:18:38.184,sleep,15294,340,5228,16790,9,95,52.4,0.0,No,1500,2400,0,3361,75
05:18:39.184,active,15247,804,10918,16786,3,95,55.1,31.6,No,2400,2400,0,3341,75
05:18:40.184,active,15275,726,11112,16786,0,95,55.6,46.8,No,2400,2400,0,3315,75
05:18:41.185,active,15262,690,11554,16785,-7,95,56.8,52.2,No,2400,2400,0,3303,75
05:18:42.189,active,15260,792,12114,16785,-4,95,57.3,52.5,No,2400,2400,0,3282,75
05:18:43.185,active,15271,686,12752,16785,-4,95,57.3,47.6,No,2400,2400,0,3279,75
05:18:44.184,active,15268,574,8796,16786,0,95,57.9,53.3,No,2400,2400,0,3279,75
05:18:45.184,active,15286,662,10128,16786,-3,95,58.4,48.5,No,2400,2400,0,3273,75
05:18:46.184,active,15262,682,10436,16786,0,95,59.0,48.6,No,2400,2400,0,3273,75
05:18:47.186,active,15314,766,11728,16787,0,95,58.4,49.1,No,2400,2400,0,3258,75
05:18:48.186,active,15281,668,13078,16786,-4,95,59.5,52.6,No,2400,2400,0,3259,75
05:18:49.184,active,15318,658,10108,16785,-4,95,57.9,49.6,No,2400,2400,0,3249,75
05:18:50.184,active,15311,626,7736,16786,0,95,57.9,46.3,No,2400,2400,0,3258,75
05:18:51.184,active,15281,752,11516,16786,-4,95,59.5,48.3,No,2400,2400,0,3252,75
05:18:52.185,active,15273,858,12500,16787,0,95,59.5,47.7,No,2400,2400,0,3245,75
05:18:53.184,active,15318,656,10088,16787,-3,95,58.4,46.6,No,2400,2400,0,3503,125
05:18:54.185,active,15273,812,12462,16785,-3,95,59.0,48.3,No,2400,2400,0,5211,125
05:18:55.184,active,15277,814,12462,16784,-7,95,59.0,48.6,No,2400,2400,0,5351,125
05:18:56.184,active,15273,712,10898,16786,0,95,60.0,50.3,No,2400,2400,0,5360,125
05:18:57.184,active,15305,574,8990,16785,0,95,60.0,46.6,No,2400,2400,0,5356,125
05:18:58.185,active,15301,482,7388,16788,0,95,60.0,43.0,No,2400,2400,0,5363,125
05:18:59.185,active,15314,532,6732,16787,-3,95,59.0,45.2,No,2400,2400,0,5363,125
05:19:00.187,active,15311,432,6636,16786,-8,95,59.0,47.2,No,2400,2400,0,5370,125
05:19:01.184,active,15326,502,7696,16785,-3,95,59.0,47.0,No,2400,2400,0,5378,125
05:19:02.184,active,15320,402,6172,16785,0,95,59.5,47.0,No,2400,2400,0,5382,125
05:19:03.185,active,15314,460,7060,16785,-4,95,60.0,44.7,No,2400,2400,0,5389,125
05:19:04.185,active,15318,528,8102,16786,0,95,60.0,45.2,No,2400,2400,0,5389,125
05:19:05.185,active,15348,482,7388,16787,0,95,60.0,45.2,No,2400,2400,0,5403,125
05:19:06.184,active,15316,412,6326,16787,0,95,59.0,44.7,No,2400,2400,0,5407,125
05:19:07.184,active,15271,740,11324,16785,0,95,59.0,44.0,No,2400,2400,0,5414,125
05:19:08.184,active,15266,766,12944,16785,0,95,59.5,43.7,No,2400,2400,0,5422,125
05:19:09.185,active,15268,832,12752,16786,0,95,59.5,43.5,No,2400,2400,0,5413,125
05:19:10.185,active,15256,700,11130,16785,0,95,59.0,43.3,No,2400,2400,0,5419,125
05:19:11.185,active,15275,636,9742,16786,0,95,59.0,49.7,No,2400,2400,0,5422,125
05:19:12.184,active,15251,610,9336,16787,3,95,60.0,49.5,No,2400,2400,0,5428,125
05:19:13.184,active,15253,836,12790,16786,0,95,59.5,45.2,No,2400,2400,0,5445,125
05:19:14.185,active,15277,688,10532,16786,-4,95,61.1,47.6,No,2400,2400,0,5449,125
05:19:15.185,active,15230,772,11786,16785,0,95,59.5,47.5,No,2400,2400,0,5453,125
05:19:16.185,active,15352,452,6982,16785,0,95,59.5,45.0,No,2400,2400,0,5454,125
05:19:17.185,active,15283,866,7986,16787,-3,95,58.4,46.0,No,2400,2400,0,5457,125
05:19:18.184,active,15281,934,14314,16788,0,95,59.0,49.7,No,2400,2400,0,5460,125
05:19:19.184,active,15283,694,7678,16787,-3,95,60.0,48.8,No,2400,2400,0,5463,125
05:19:20.185,active,15279,840,12848,16786,-4,95,60.6,47.4,No,2400,2400,0,5467,125
05:19:21.185,active,15279,544,9008,16786,-3,95,59.5,46.9,No,2400,2400,0,5468,125
05:19:22.185,active,15279,856,13118,16784,-8,95,59.5,47.7,No,2400,2400,0,5464,125
05:19:23.184,active,15266,774,11864,16786,0,95,59.5,48.9,No,2400,2400,0,5467,125
05:19:24.184,active,15288,866,13272,16786,0,95,60.6,46.3,No,2400,2400,0,5482,125
05:19:25.184,active,15301,580,8892,16786,0,95,60.0,46.3,No,2400,2400,0,5480,125
05:19:26.188,active,15307,468,7080,16786,-3,95,61.1,46.3,No,2400,2400,0,5483,125
05:19:27.185,active,15303,412,6308,16785,-4,95,60.0,47.0,No,2400,2400,0,5477,125
05:19:28.184,active,15305,532,8584,16784,-5,95,59.5,46.9,No,2400,2400,0,5485,125
05:19:29.184,active,15309,452,6944,16786,0,95,59.0,49.0,No,2400,2400,0,5484,125
05:19:30.184,active,15307,466,7466,16786,-3,95,60.0,47.5,No,2400,2400,0,5491,125
05:19:31.184,active,15303,436,6694,16787,0,95,60.0,48.3,No,2400,2400,0,5491,125
05:19:32.185,active,15316,508,7600,16786,0,95,60.0,46.2,No,2400,2400,0,5495,125
05:19:33.189,active,15305,554,8506,16784,-5,95,59.5,47.7,No,2400,2400,0,5496,125
05:19:34.184,active,15256,794,12152,16785,-10,95,60.0,48.4,No,2400,2400,0,5497,125
05:19:35.184,active,15260,784,13406,16786,-6,95,59.0,48.9,No,2400,2400,0,5496,125
05:19:36.184,active,15266,846,12964,16785,0,95,60.6,49.2,No,2400,2400,0,5497,125
05:19:37.185,active,15262,784,11284,16785,0,95,60.0,48.3,No,2400,2400,0,5497,125
05:19:38.185,active,15264,882,13504,16785,-4,95,60.0,48.9,No,2400,2400,0,5502,125
05:19:39.184,sleep,15299,484,7252,16786,0,95,57.9,28.4,No,2400,2400,0,5526,125
05:19:40.184,sleep,15290,456,7002,16787,8,95,56.2,0.0,No,2400,2400,0,5541,125
05:19:41.184,sleep,15296,456,6482,16788,6,95,56.2,0.0,No,2400,2400,0,5549,125
05:19:42.184,sleep,15294,402,6172,16787,5,95,55.1,-0.0,No,2400,2400,0,5543,125
05:19:43.184,sleep,15299,510,7138,16788,7,95,55.6,1.2,No,2400,2400,0,5542,125
05:19:44.184,sleep,15288,390,6308,16788,11,95,54.0,0.5,No,1500,2400,0,5548,75
05:19:45.185,sleep,15290,550,8430,16788,11,95,53.5,0.3,No,1600,2400,0,3777,75
05:19:46.185,sleep,15290,562,4976,16790,14,95,52.9,0.0,No,1500,2400,0,3468,75
05:19:47.185,sleep,15296,534,8198,16791,16,95,51.8,-0.0,No,1500,2400,0,3417,75
05:19:48.185,sleep,15294,566,4456,16790,15,95,52.9,-0.0,No,1500,2400,0,3395,75
05:19:49.185,sleep,15290,266,4070,16790,15,95,51.8,0.0,No,1500,2400,0,3392,75
05:19:50.185,sleep,15292,340,7176,16788,13,95,51.8,0.0,No,1500,2400,0,3392,75
05:19:51.184,sleep,15294,362,5536,16789,12,95,51.2,0.0,No,1500,2400,0,3385,75
05:19:52.184,sleep,15294,452,5014,16789,13,95,51.2,0.3,No,1500,2400,0,3381,75
05:19:53.185,sleep,15286,520,6172,16789,14,95,51.8,0.3,No,1600,2400,0,3359,75
05:19:54.189,active,15318,406,6230,16787,5,95,54.0,32.3,No,2400,2400,0,3348,75
05:19:55.188,active,15299,472,8102,16786,-5,95,55.6,47.7,No,2400,2400,0,3320,75
05:19:56.184,active,15299,458,7022,16786,-3,95,55.1,49.1,No,2400,2400,0,3321,75
05:19:57.184,active,15307,432,7658,16785,-4,95,57.3,52.9,No,2400,2400,0,3305,75
05:19:58.184,active,15303,502,7696,16786,0,95,58.4,50.3,No,2400,2400,0,3301,75
05:19:59.188,active,15311,434,6212,16784,-6,95,58.4,51.1,No,2400,2400,0,3297,75
05:20:00.185,active,15299,428,6558,16785,-9,95,57.9,50.4,No,2400,2400,0,3289,75
05:20:01.189,active,15307,476,7292,16785,-7,95,57.3,43.7,No,2400,2400,0,3275,75
05:20:02.184,active,15262,748,13176,16785,-3,95,57.3,43.2,No,2400,2400,0,3275,75
05:20:03.184,active,15251,834,12770,16785,-3,95,57.9,45.0,No,2400,2400,0,3271,75
05:20:04.184,active,15268,842,11864,16785,-6,95,59.5,48.7,No,2400,2400,0,3271,75
05:20:05.185,active,15303,626,9606,16785,-7,95,59.5,48.6,No,2400,2400,0,3243,75
05:20:06.185,active,15247,712,12848,16786,-4,95,59.0,48.3,No,2400,2400,0,3254,75
05:20:07.185,active,15266,608,9318,16786,-7,95,57.9,46.9,No,2400,2400,0,3248,75
05:20:08.184,active,15243,666,9742,16786,-6,95,58.4,49.1,No,2400,2400,0,3242,75
05:20:09.184,active,15277,542,8314,16785,-8,95,59.5,49.0,No,2400,2400,0,3244,75
05:20:10.185,active,15286,552,8448,16785,-6,95,59.5,47.2,No,2400,2400,0,3238,75
05:20:11.185,active,15277,870,12134,16785,-5,95,59.5,46.5,No,2400,2400,0,3226,75
05:20:12.186,active,15309,674,10358,16786,0,95,59.0,45.0,No,2400,2400,0,3225,75
05:20:13.184,active,15281,716,7986,16786,0,95,59.0,46.2,No,2400,2400,0,3220,75
05:20:14.184,active,15277,798,12210,16786,0,95,59.5,47.4,No,2400,2400,0,3224,75
05:20:15.185,active,15279,876,11266,16784,-7,95,59.5,46.6,No,2400,2400,0,3210,75
05:20:16.185,active,15279,850,13022,16784,-8,95,59.0,45.7,No,2400,2400,0,3706,125
05:20:17.185,active,15271,894,12404,16785,0,95,60.0,48.7,No,2400,2400,0,5211,125
05:20:18.185,active,15281,774,11864,16785,0,95,59.5,53.6,No,2400,2400,0,5321,125
05:20:19.184,active,15279,830,11324,16786,0,95,60.0,44.6,No,2400,2400,0,5333,125
05:20:20.184,active,15283,912,13986,16785,0,95,59.5,44.0,No,2400,2400,0,5339,125
05:20:21.184,active,15305,554,8506,16785,0,95,59.5,44.2,No,2400,2400,0,5345,125
05:20:22.185,active,15311,482,6810,16786,0,95,59.5,48.0,No,2400,2400,0,5345,125
05:20:23.185,active,15303,438,6712,16786,0,95,59.5,44.9,No,2400,2400,0,5344,125
05:20:24.184,active,15309,540,7156,16787,0,95,59.0,46.6,No,2400,2400,0,5355,125
05:20:25.184,active,15305,516,7908,16785,0,95,58.4,47.1,No,2400,2400,0,5360,125
05:20:26.184,active,15309,522,8218,16785,-3,95,59.5,45.2,No,2400,2400,0,5372,125
05:20:27.187,active,15307,578,8874,16785,0,95,60.0,45.6,No,2400,2400,0,5377,125
05:20:28.185,active,15326,538,9240,16786,-4,95,60.0,44.9,No,2400,2400,0,5374,125
05:20:29.185,active,15318,506,7754,16785,-5,95,59.0,48.1,No,2400,2400,0,5379,125
05:20:30.184,active,15258,780,11940,16785,-3,95,59.5,47.0,No,2400,2400,0,5395,125
05:20:31.184,active,15262,764,12462,16786,0,95,59.5,46.3,No,2400,2400,0,5398,125
05:20:32.188,active,15303,592,9104,16785,0,95,60.6,46.7,No,2400,2400,0,5415,125
05:20:33.185,active,15273,788,11266,16785,-3,95,60.0,49.1,No,2400,2400,0,5418,125
05:20:34.186,active,15260,676,10340,16786,0,95,59.5,46.5,No,2400,2400,0,5416,125
05:20:35.185,active,15247,936,12192,16788,0,95,59.0,48.1,No,2400,2400,0,5417,125
05:20:36.184,active,15258,784,11998,16788,0,95,59.0,46.7,No,2400,2400,0,5426,125
05:20:37.184,active,15275,606,11728,16787,0,95,60.0,47.5,No,2400,2400,0,5430,125
05:20:38.185,active,15241,842,12848,16785,0,95,60.0,47.8,No,2400,2400,0,5439,125
05:20:39.188,active,15273,918,12674,16785,0,95,60.0,47.7,No,2400,2400,0,5449,125
05:20:40.187,active,15316,674,6308,16785,0,95,59.5,46.1,No,2400,2400,0,5447,125
05:20:41.184,active,15283,704,10764,16785,0,95,59.5,48.4,No,2400,2400,0,5452,125
05:20:42.184,active,15288,698,8738,16787,0,95,59.0,47.2,No,2400,2400,0,5462,125
05:20:43.184,active,15283,606,9298,16785,-3,95,59.5,47.6,No,2400,2400,0,5459,125
05:20:44.185,active,15286,784,6288,16785,-6,95,59.5,48.2,No,2400,2400,0,5462,125
05:20:45.185,active,15301,700,10726,16785,-4,95,59.5,47.8,No,2400,2400,0,5470,125
05:20:46.188,active,15281,834,10282,16786,0,95,59.5,48.7,No,2400,2400,0,5470,125
05:20:47.184,active,15288,890,13638,16786,0,95,59.0,48.9,No,2400,2400,0,5470,125
05:20:48.184,active,15283,814,9742,16785,0,95,60.0,48.8,No,2400,2400,0,5469,125
05:20:49.185,active,15301,490,7504,16787,0,95,60.0,48.7,No,2400,2400,0,5475,125
05:20:50.185,active,15309,530,8140,16785,0,95,60.0,47.7,No,2400,2400,0,5481,125
05:20:51.188,active,15307,424,6520,16785,0,95,60.0,47.9,No,2400,2400,0,5481,125
05:20:52.184,active,15309,546,8392,16785,0,95,60.0,48.6,No,2400,2400,0,5488,125
05:20:53.184,active,15303,552,8468,16785,0,95,59.5,50.7,No,2400,2400,0,5487,125
05:20:54.185,sleep,15290,372,5710,16787,0,95,57.3,35.4,No,1500,2400,0,5500,125
05:20:55.185,sleep,15286,484,7426,16789,12,95,55.6,0.3,No,1500,2400,0,5538,125
05:20:56.185,sleep,15288,422,6482,16790,13,95,55.6,-0.0,No,1500,2400,0,5542,125
05:20:57.185,sleep,15294,610,9336,16789,11,95,54.0,0.0,No,1500,2400,0,4820,75
05:20:58.185,sleep,15286,450,6906,16789,14,95,53.5,0.0,No,1500,2400,0,3593,75
05:20:59.185,sleep,15299,454,3992,16789,12,95,52.9,-0.0,No,1500,2400,0,3412,75
05:21:00.184,sleep,15288,330,5054,16788,11,95,52.4,0.0,No,1500,2400,0,3386,75
05:21:01.185,sleep,15299,650,5188,16789,9,95,51.2,-0.0,No,1500,2400,0,3370,75
05:21:02.184,sleep,15299,400,6154,16789,11,95,51.8,0.0,No,1500,2400,0,3370,75
05:21:03.184,sleep,15294,564,4668,16788,12,95,52.4,0.0,No,1500,2400,0,3363,75
05:21:04.185,sleep,15301,192,2950,16788,10,95,51.2,0.0,No,1500,2400,0,3365,75
05:21:05.185,sleep,15296,344,8506,16788,10,95,51.2,0.0,No,1500,2400,0,3348,75
05:21:06.184,sleep,15299,228,3510,16789,12,95,51.2,0.0,No,1500,2400,0,3351,75
05:21:07.185,sleep,15299,610,5670,16791,15,95,51.2,-0.0,No,1500,2400,0,3352,75
05:21:08.184,sleep,15294,528,5522,16790,12,95,50.7,-0.0,No,1500,2400,0,3342,75
05:21:09.184,active,15286,656,10050,16789,9,95,54.0,28.0,No,2400,2400,0,3313,75
05:21:10.184,active,15279,848,9028,16785,-8,95,54.5,49.1,No,2400,2400,0,3281,75
05:21:11.184,active,15277,762,11690,16787,-6,95,56.8,45.6,No,2400,2400,0,3288,75
05:21:12.185,active,15271,750,12866,16786,-6,95,56.2,45.6,No,2400,2400,0,3286,75
05:21:13.188,active,15281,812,12442,16786,-6,95,56.8,48.3,No,2400,2400,0,3275,75
05:21:14.184,active,15281,802,12924,16785,-7,95,57.3,47.9,No,2400,2400,0,3262,75
05:21:15.184,active,15279,812,12442,16785,-4,95,57.3,48.8,No,2400,2400,0,3262,75
05:21:16.184,active,15279,596,11170,16785,-5,95,58.4,48.1,No,2400,2400,0,3266,75
05:21:17.185,active,15324,442,6790,16785,-7,95,58.4,48.7,No,2400,2400,0,3259,75
05:21:18.184,active,15352,544,8352,16786,-8,95,59.0,48.5,No,2400,2400,0,3250,75
05:21:19.185,active,15309,428,6578,16786,-4,95,58.4,49.0,No,2400,2400,0,3230,75
05:21:20.184,active,15322,516,7928,16786,-4,95,58.4,49.2,No,2400,2400,0,3232,75
05:21:21.184,active,15337,438,8544,16786,0,95,58.4,46.8,No,2400,2400,0,3230,75
05:21:22.185,active,15311,438,6732,16786,0,95,59.5,46.1,No,2400,2400,0,3226,75
05:21:23.185,active,15316,416,7890,16786,0,95,59.0,45.3,No,2400,2400,0,3224,75
05:21:24.185,active,15316,482,7408,16787,0,95,58.4,42.7,No,2400,2400,0,3218,75
05:21:25.184,active,15314,484,7138,16786,-3,95,58.4,46.0,No,2400,2400,0,3216,75
05:21:26.184,active,15277,448,6886,16787,0,95,58.4,46.9,No,2400,2400,0,3220,75
05:21:27.184,active,15277,670,10262,16787,0,95,60.0,47.0,No,2400,2400,0,3213,75
05:21:28.185,active,15258,662,10128,16786,0,95,59.5,49.2,No,2400,2400,0,3214,75
05:21:29.185,active,15292,692,10590,16785,0,95,59.5,46.4,No,2400,2400,0,3210,75
05:21:30.185,active,15281,542,8314,16785,-4,95,59.5,45.7,No,2400,2400,0,3194,75
05:21:31.184,active,15294,842,12866,16786,-4,95,59.0,46.6,No,2400,2400,0,3192,75
05:21:32.184,active,15299,598,9182,16785,0,95,59.5,45.6,No,2400,2400,0,3195,75
05:21:33.184,active,15303,590,9046,16786,-5,95,60.0,49.9,No,2400,2400,0,3197,75
05:21:34.185,active,15303,526,11136,16786,0,95,59.5,48.8,No,2400,2400,0,3191,75
05:21:35.185,active,15309,614,9432,16786,0,95,59.5,48.5,No,2400,2400,0,4224,125
05:21:36.186,active,15271,854,13542,16785,0,95,59.0,48.6,No,2400,2400,0,5226,125
05:21:37.184,active,15281,836,12808,16785,-3,95,59.0,46.6,No,2400,2400,0,5294,125
05:21:38.184,active,15268,780,12578,16785,-3,95,60.0,47.0,No,2400,2400,0,5305,125
05:21:39.185,active,15271,840,12866,16787,0,95,60.0,47.5,No,2400,2400,0,5307,125
05:21:40.189,active,15264,844,12924,16787,0,95,60.0,48.8,No,2400,2400,0,5311,125
05:21:41.185,active,15273,724,11092,16787,0,95,60.0,48.6,No,2400,2400,0,5313,125
05:21:42.184,active,15268,856,13118,16787,0,95,58.4,48.0,No,2400,2400,0,5321,125
05:21:43.184,active,15275,766,11728,16786,0,95,59.0,46.2,No,2400,2400,0,5331,125
05:21:44.184,active,15266,812,12462,16787,0,95,60.0,46.3,No,2400,2400,0,5342,125
05:21:45.185,active,15309,572,6384,16785,0,95,60.6,48.0,No,2400,2400,0,5343,125
05:21:46.185,active,15309,510,7850,16786,0,95,59.0,47.6,No,2400,2400,0,5350,125
05:21:47.185,active,15326,498,8506,16787,0,95,59.5,47.5,No,2400,2400,0,5361,125
05:21:48.184,active,15346,524,8064,16787,0,95,59.5,49.1,No,2400,2400,0,5368,125
05:21:49.184,active,15339,508,7118,16786,0,95,59.0,46.4,No,2400,2400,0,5380,125
05:21:50.184,active,15322,598,9182,16786,0,95,60.0,46.5,No,2400,2400,0,5386,125
05:21:51.185,active,15352,468,7484,16786,4,95,60.6,45.4,No,2400,2400,0,5392,125
05:21:52.185,active,15329,566,8700,16786,0,95,59.0,46.5,No,2400,2400,0,5389,125
05:21:53.184,active,15288,890,8526,16787,0,95,59.5,47.9,No,2400,2400,0,5397,125
05:21:54.184,active,15361,512,7890,16788,0,95,60.0,47.9,No,2400,2400,0,5411,125
05:21:55.184,active,15296,772,11786,16788,3,95,60.0,49.0,No,2400,2400,0,5415,125
05:21:56.184,active,15307,596,13214,16787,0,95,60.6,48.6,No,2400,2400,0,5423,125
05:21:57.185,active,15294,688,10532,16786,0,95,59.0,47.8,No,2400,2400,0,5423,125
05:21:58.189,active,15292,492,12538,16785,0,95,59.5,48.0,No,2400,2400,0,5434,125
05:21:59.184,active,15305,648,9954,16786,3,95,59.5,48.2,No,2400,2400,0,5443,125
05:22:00.184,active,15301,538,10050,16786,0,95,59.5,48.8,No,2400,2400,0,5447,125
05:22:01.184,active,15292,486,7466,16787,3,95,60.0,48.8,No,2400,2400,0,5441,125
05:22:02.185,active,15305,482,8700,16788,3,95,60.0,48.2,No,2400,2400,0,5441,125
05:22:03.185,active,15299,550,8448,16788,4,95,60.0,48.2,No,2400,2400,0,5450,125
05:22:04.185,active,15271,810,12424,16787,4,95,59.5,49.5,No,2400,2400,0,5454,125
05:22:05.184,active,15283,836,10224,16786,0,95,59.5,52.0,No,2400,2400,0,5463,125
05:22:06.184,active,15262,884,13562,16786,0,95,59.0,46.9,No,2400,2400,0,5462,125
05:22:07.184,active,15271,854,13522,16787,0,95,60.6,47.8,No,2400,2400,0,5465,125
05:22:08.185,active,15260,772,11806,16786,0,95,60.0,46.6,No,2400,2400,0,5456,125
05:22:09.184,sleep,15286,462,7098,16786,0,95,58.4,33.8,No,2400,2400,0,5476,125
05:22:10.184,sleep,15288,444,6790,16787,7,95,56.2,0.0,No,2400,2400,0,5503,125
05:22:11.184,sleep,15288,504,6462,16787,7,95,56.2,0.0,No,2400,2400,0,5506,125
05:22:12.184,sleep,15290,474,7272,16787,9,95,55.1,-0.0,No,2400,2400,0,5509,125
05:22:13.184,sleep,15292,450,6906,16789,9,95,55.6,0.0,No,2400,2400,0,5516,125
05:22:14.184,sleep,15290,578,7830,16790,11,95,54.0,0.0,No,1500,2400,0,4334,75
05:22:15.184,sleep,15292,494,7580,16790,15,95,53.5,-0.0,No,1500,2400,0,3528,75
05:22:16.184,sleep,15290,516,4552,16790,17,95,52.9,0.0,No,1500,2400,0,3394,75
05:22:17.185,sleep,15290,292,4456,16789,17,95,52.9,0.0,No,1500,2400,0,3384,75
05:22:18.185,sleep,15296,456,4244,16788,13,95,51.8,0.0,No,1500,2400,0,3379,75
05:22:19.184,sleep,15294,332,5112,16789,13,95,52.4,0.0,No,1500,2400,0,3376,75
05:22:20.184,sleep,15292,508,3934,16790,15,95,52.4,-0.0,No,1500,2400,0,3359,75
05:22:21.184,sleep,15288,502,7696,16789,15,95,51.8,0.0,No,1500,2400,0,3353,75
05:22:22.184,sleep,15288,404,8892,16789,17,95,51.8,-0.0,No,1500,2400,0,3352,75
05:22:23.184,sleep,15296,636,5646,16789,14,95,51.2,0.0,No,1500,2400,0,3351,75
05:22:24.185,active,15294,788,12076,16789,12,95,54.5,25.6,No,2400,2400,0,3336,75
05:22:25.187,active,15294,494,10634,16787,-3,95,54.5,45.1,No,2400,2400,0,3295,75
05:22:26.185,active,15299,490,7504,16786,0,95,55.6,48.2,No,2400,2400,0,3291,75
05:22:27.184,active,15305,466,11574,16788,0,95,56.2,49.7,No,2400,2400,0,3290,75
05:22:28.184,active,15309,498,7658,16785,0,95,57.9,45.2,No,2400,2400,0,3289,75
05:22:29.184,active,15294,550,9684,16786,0,95,57.3,43.9,No,2400,2400,0,3279,75
05:22:30.185,active,15296,448,6866,16785,0,95,57.3,44.3,No,2400,2400,0,3275,75
05:22:31.185,active,15294,380,9104,16787,-3,95,58.4,42.6,No,2400,2400,0,3267,75
05:22:32.185,active,15286,816,12500,16785,0,95,56.8,43.4,No,2400,2400,0,3260,75
05:22:33.184,active,15279,600,9202,16785,-5,95,57.3,43.9,No,2400,2400,0,3253,75
05:22:34.184,active,15258,752,11516,16786,-4,95,58.4,46.5,No,2400,2400,0,3253,75
05:22:35.185,active,15281,744,11400,16787,-5,95,59.0,46.3,No,2400,2400,0,3248,75
05:22:36.189,active,15314,588,12100,16787,-5,95,59.0,46.5,No,2400,2400,0,3242,75
05:22:37.185,active,15271,818,12500,16787,-4,95,59.0,46.5,No,2400,2400,0,3236,75
05:22:38.184,active,15292,558,12250,16786,0,95,59.0,46.9,No,2400,2400,0,3229,75
05:22:39.184,active,15251,756,11574,16785,0,95,59.5,51.8,No,2400,2400,0,3227,75
05:22:40.184,active,15260,848,12056,16785,-8,95,60.0,52.8,No,2400,2400,0,3222,75
05:22:41.188,active,15316,802,12288,16785,-4,95,60.0,43.4,No,2400,2400,0,5023,125
05:22:42.185,active,15335,478,7330,16787,-3,95,59.0,42.7,No,2400,2400,0,5320,125
05:22:43.184,active,15320,490,7522,16787,0,95,59.0,43.7,No,2400,2400,0,5341,125
05:22:44.184,active,15354,474,7292,16787,0,95,59.0,45.0,No,2400,2400,0,5350,125
05:22:45.184,active,15331,494,8092,16787,0,95,59.5,44.9,No,2400,2400,0,5349,125
05:22:46.184,active,15314,490,7522,16786,0,95,60.0,45.3,No,2400,2400,0,5348,125
05:22:47.185,active,15352,486,7600,16785,-3,95,57.9,44.4,No,2400,2400,0,5356,125
05:22:48.185,active,15275,542,8314,16785,-5,95,59.5,48.1,No,2400,2400,0,5359,125
05:22:49.184,active,15314,716,7426,16785,-5,95,59.5,49.3,No,2400,2400,0,5369,125
05:22:50.184,active,15307,648,9934,16785,-6,95,59.5,49.4,No,2400,2400,0,5370,125
05:22:51.184,active,15303,678,10358,16785,-8,95,60.0,49.6,No,2400,2400,0,5381,125
05:22:52.188,active,15299,526,10880,16783,-10,95,60.0,48.5,No,2400,2400,0,5383,125
05:22:53.185,active,15301,614,9432,16784,-8,95,59.5,47.5,No,2400,2400,0,5385,125
05:22:54.185,active,15296,482,11632,16784,-7,95,59.0,47.8,No,2400,2400,0,5389,125
05:22:55.184,active,15307,518,7948,16785,-9,95,59.0,49.2,No,2400,2400,0,5401,125
05:22:56.184,active,15303,476,10436,16784,-11,95,59.5,48.0,No,2400,2400,0,5412,125
05:22:57.184,active,15303,460,7060,16785,-8,95,60.6,47.5,No,2400,2400,0,5411,125
05:22:58.188,active,15301,446,10340,16785,-6,95,60.6,46.6,No,2400,2400,0,5423,125
05:22:59.185,active,15301,460,7060,16785,-6,95,59.5,46.3,No,2400,2400,0,5428,125
05:23:00.184,active,15281,876,13426,16784,-6,95,59.5,46.5,No,2400,2400,0,5431,125
05:23:01.184,active,15281,756,12106,16786,-5,95,60.6,48.4,No,2400,2400,0,5429,125
05:23:02.184,active,15273,842,12906,16785,-9,95,59.5,47.9,No,2400,2400,0,5434,125
05:23:03.185,active,15275,864,13156,16786,-5,95,60.0,46.5,No,2400,2400,0,5445,125
05:23:04.185,active,15266,802,12268,16785,-4,95,60.0,47.5,No,2400,2400,0,5451,125
05:23:05.189,active,15264,856,13504,16784,-5,95,60.0,47.2,No,2400,2400,0,5453,125
05:23:06.184,active,15271,872,13368,16784,-3,95,59.0,47.7,No,2400,2400,0,5453,125
05:23:07.184,active,15253,798,12982,16786,0,95,60.0,48.6,No,2400,2400,0,5460,125
05:23:08.186,active,15268,760,11632,16786,0,95,61.1,48.6,No,2400,2400,0,5462,125
05:23:09.185,active,15331,502,7716,16785,0,95,59.5,48.5,No,1900,2400,0,5467,125
05:23:10.185,active,15318,456,6732,16785,0,95,60.0,47.7,No,2400,2400,0,5467,125
05:23:11.184,active,15354,498,7658,16784,-6,95,59.0,48.1,No,2400,2400,0,5472,125
05:23:12.184,active,15333,400,6964,16784,-6,95,59.5,49.4,No,2400,2400,0,5472,125
05:23:13.184,active,15320,494,7580,16785,-4,95,59.0,49.5,No,2400,2400,0,5475,125
05:23:14.184,active,15348,456,7774,16786,0,95,60.0,49.2,No,2400,2400,0,5478,125
05:23:15.188,active,15331,460,7080,16786,0,95,59.5,51.7,No,2400,2400,0,5478,125
05:23:16.189,active,15359,484,6924,16786,-3,95,59.5,48.5,No,2400,2400,0,5483,125
05:23:17.184,active,15341,472,7252,16785,0,95,59.5,46.7,No,2400,2400,0,5483,125
05:23:18.184,active,15314,656,10050,16786,0,95,60.6,51.4,No,2400,2400,0,5482,125
05:23:19.184,active,15299,636,12674,16786,0,95,59.5,47.6,No,2400,2400,0,5490,125
05:23:20.185,active,15273,846,12964,16785,0,95,60.0,48.9,No,2400,2400,0,5494,125
05:23:21.185,active,15294,498,10166,16785,0,95,60.0,50.4,No,2400,2400,0,5489,125
05:23:22.188,active,15286,576,8816,16785,0,95,59.5,49.2,No,2400,2400,0,5495,125
05:23:23.184,active,15309,756,11594,16785,0,95,59.0,49.0,No,2400,2400,0,5501,125
05:23:24.184,sleep,15296,492,7542,16786,0,95,57.9,35.9,No,2400,2400,0,5500,125
05:23:25.184,sleep,15294,486,7446,16788,12,95,56.8,-0.0,No,2400,2400,0,5529,125
05:23:26.184,sleep,15286,510,7832,16788,12,95,56.2,0.0,No,2400,2400,0,5535,125
05:23:27.184,sleep,15296,448,6866,16789,14,95,56.2,0.0,No,2400,2400,0,5540,125
05:23:28.184,sleep,15290,492,7388,16786,8,95,54.5,0.0,No,2400,2400,0,5539,125
05:23:29.184,sleep,15286,460,7040,16789,15,95,54.5,0.0,No,2400,2400,0,3981,75
05:23:30.184,sleep,15288,486,7446,16790,17,95,53.5,0.0,No,1500,2400,0,3488,75
05:23:31.184,sleep,15290,530,8120,16792,19,95,53.5,-0.0,No,1500,2400,0,3407,75
05:23:32.184,sleep,15283,244,3742,16791,19,95,52.9,0.0,No,1500,2400,0,3394,75
05:23:33.184,sleep,15296,582,8932,16790,19,95,52.9,-0.0,No,1500,2400,0,3392,75
05:23:34.185,sleep,15296,516,7908,16789,18,95,51.8,0.0,No,1500,2400,0,3388,75
