Timestamp,Phase,Bus_V_mV,Bus_I_mA,Bus_P_mW,Bat_V_mV,Bat_I_mA,Bat_Pct,Temp_C,CPU_%,Throttled,CPU_MHz,Cap_MHz,UV,Fan_RPM,Fan_PWM
05:24:36.346,active,15268,664,10186,16788,4,95,49.6,,No,2400,2400,0,3188,75
05:24:37.337,active,15303,358,10552,16788,-5,95,50.1,10.7,No,2400,2400,0,3163,75
05:24:38.337,active,15296,580,8912,16786,-20,95,52.4,51.4,No,2400,2400,0,3133,75
05:24:39.338,active,15301,694,10628,16787,-16,95,53.5,51.5,No,2400,2400,0,3128,75
05:24:40.341,active,15303,460,7060,16786,-18,95,53.5,51.4,No,2400,2400,0,3116,75
05:24:41.337,active,15307,496,7620,16784,-20,95,54.0,51.7,No,2400,2400,0,3106,75
05:24:42.337,active,15303,522,8700,16784,-16,95,55.1,52.3,No,2400,2400,0,3120,75
05:24:43.337,active,15301,454,6964,16786,-14,95,54.5,52.1,No,2400,2400,0,3129,75
05:24:44.337,active,15307,480,7060,16785,-13,95,55.6,51.5,No,2400,2400,0,3129,75
05:24:45.341,active,15305,420,6424,16785,-18,95,56.8,51.8,No,2400,2400,0,3124,75
05:24:46.342,active,15307,640,7330,16785,-16,95,55.6,51.8,No,2400,2400,0,3126,75
05:24:47.337,active,15275,700,10956,16785,-16,95,57.3,54.0,No,2400,2400,0,3127,75
05:24:48.337,active,15311,654,10050,16784,-18,95,56.8,54.9,No,2400,2400,0,3116,75
05:24:49.337,active,15303,702,10764,16784,-15,95,57.3,52.3,No,2400,2400,0,3120,75
05:24:50.337,active,15314,684,10494,16786,-10,95,57.3,52.6,No,2400,2400,0,3126,75
05:24:51.341,active,15266,718,11014,16784,-13,95,57.3,51.9,No,2400,2400,0,3121,75
05:24:52.337,active,15260,846,10802,16785,-6,95,57.3,51.5,No,2400,2400,0,3111,75
05:24:53.337,active,15249,704,10784,16786,-5,95,57.9,52.4,No,2400,2400,0,3119,75
05:24:54.337,active,15256,854,9336,16785,-8,95,57.9,52.0,No,2400,2400,0,3112,75
05:24:55.337,active,15341,452,6964,16785,-9,95,58.4,51.4,No,2400,2400,0,3116,75
05:24:56.341,active,15301,464,7138,16785,-12,95,57.9,51.8,No,2400,2400,0,3117,75
05:24:57.338,active,15348,460,6326,16785,-14,95,57.3,53.4,No,2400,2400,0,3114,75
05:24:58.337,active,15339,470,7214,16787,-12,95,58.4,57.0,No,2400,2400,0,3111,75
05:24:59.340,active,15294,692,6982,16786,-14,95,59.5,56.9,No,2400,2400,0,3103,75
05:25:00.338,active,15301,722,11072,16786,-9,95,59.5,57.5,No,2400,2400,0,3099,75
05:25:01.338,active,15294,490,7522,16784,-10,95,59.0,57.6,No,2400,2400,0,4703,125
05:25:02.338,active,15299,716,10996,16783,-13,95,59.0,55.1,No,2400,2400,0,5166,125
05:25:03.337,active,15301,492,7580,16784,-12,95,57.3,53.0,No,2400,2400,0,5207,125
05:25:04.337,active,15256,844,14970,16783,-15,95,58.4,54.3,No,2400,2400,0,5213,125
05:25:05.341,active,15262,716,10956,16785,-10,95,59.5,54.5,No,2400,2400,0,5222,125
05:25:06.337,active,15307,880,13464,16785,-12,95,59.5,57.3,No,2400,2400,0,5221,125
05:25:07.341,active,15260,672,12604,16783,-15,95,59.5,56.9,No,2400,2400,0,5239,125
05:25:08.337,active,15320,782,11960,16784,-12,95,60.0,57.2,No,2400,2400,0,5234,125
05:25:09.337,active,15307,486,11980,16784,-10,95,59.0,58.2,No,2400,2400,0,5243,125
05:25:10.341,active,15260,668,10204,16784,-15,95,60.0,58.1,No,2400,2400,0,5260,125
05:25:11.337,active,15322,436,13176,16785,-12,95,60.0,58.6,No,2400,2400,0,5270,125
05:25:12.337,active,15301,446,6828,16785,-10,95,60.6,51.8,No,2400,2400,0,5291,125
05:25:13.337,active,15303,638,9760,16786,-8,95,59.5,51.7,No,2400,2400,0,5299,125
05:25:14.338,active,15275,910,11554,16785,-8,95,60.0,57.0,No,2400,2400,0,5305,125
05:25:15.341,active,15296,764,11710,16785,-8,95,60.6,57.7,No,2400,2400,0,5319,125
05:25:16.341,active,15290,718,11748,16784,-10,95,61.1,57.0,No,2400,2400,0,5323,125
05:25:17.337,active,15311,730,11226,16784,-10,95,60.0,57.3,No,2400,2400,0,5335,125
05:25:18.337,active,15266,728,11188,16784,-10,95,60.6,57.3,No,2400,2400,0,5341,125
05:25:19.341,active,15271,880,13484,16785,-11,95,60.0,55.8,No,2400,2400,0,5345,125
05:25:20.337,active,15275,670,10300,16785,-13,95,60.6,57.1,No,2400,2400,0,5359,125
05:25:21.337,active,15277,878,11142,16785,-11,95,61.1,57.2,No,2400,2400,0,5359,125
05:25:22.341,active,15279,914,13986,16785,-9,95,60.6,57.6,No,2400,2400,0,5365,125
05:25:23.337,active,15294,480,7388,16784,-10,95,60.6,57.1,No,2400,2400,0,5374,125
05:25:24.337,active,15335,490,7542,16784,-10,95,61.1,57.2,No,2400,2400,0,5382,125
05:25:25.337,active,15299,580,8912,16785,-10,95,59.5,57.2,No,2400,2400,0,5385,125
05:25:26.337,active,15292,716,10976,16786,-8,95,60.6,56.9,No,2400,2400,0,5394,125
05:25:27.341,active,15296,510,7850,16785,-5,95,61.1,59.4,No,2400,2400,0,5399,125
05:25:28.341,active,15301,662,7678,16785,-7,95,60.6,58.8,No,2400,2400,0,5403,125
05:25:29.337,active,15301,662,10146,16784,-7,95,60.6,58.7,No,2400,2400,0,5408,125
05:25:30.341,active,15305,714,6924,16784,-6,95,60.0,58.5,No,2400,2400,0,5411,125
05:25:31.337,active,15292,762,11690,16785,-7,95,60.0,59.0,No,2400,2400,0,5414,125
05:25:32.337,active,15268,736,11266,16785,-9,95,61.1,59.3,No,2400,2400,0,5417,125
05:25:33.340,active,15251,656,12596,16786,-6,95,61.7,58.8,No,2400,2400,0,5425,125
05:25:34.337,active,15256,812,12424,16785,-6,95,61.7,58.1,No,2400,2400,0,5424,125
05:25:35.338,active,15266,650,11150,16783,-14,95,60.6,58.3,No,2400,2400,0,5430,125
05:25:36.338,active,15262,662,10128,16784,-11,95,60.6,58.1,No,2400,2400,0,5433,125
05:25:37.337,sleep,15294,426,6538,16788,0,95,56.8,3.3,No,2400,2400,0,5475,125
05:25:38.337,sleep,15296,436,6674,16787,4,95,57.3,-0.0,No,2400,2400,0,5482,125
05:25:39.337,sleep,15288,428,6558,16788,0,95,55.6,0.0,No,2400,2400,0,5486,125
05:25:40.337,sleep,15299,416,7716,16788,4,95,54.5,0.0,No,2400,2400,0,5480,125
05:25:41.337,sleep,15294,424,6520,16788,7,95,54.0,0.3,No,1500,2400,0,5485,125
05:25:42.337,sleep,15294,540,8276,16789,18,95,52.9,0.3,No,1500,2400,0,3955,75
05:25:43.337,sleep,15299,514,7870,16788,15,95,52.9,0.0,No,1500,2400,0,3425,75
05:25:44.337,sleep,15292,322,4938,16790,15,95,51.8,0.0,No,1500,2400,0,3354,75
05:25:45.337,sleep,15296,504,9016,16790,11,95,51.8,0.5,No,1600,2400,0,3350,75
05:25:46.337,sleep,15292,352,5382,16790,14,95,51.2,1.5,No,1500,2400,0,3354,75
05:25:47.337,sleep,15288,470,4976,16790,13,95,51.2,0.2,No,1500,2400,0,3335,75
05:25:48.337,sleep,15292,328,5014,16789,10,95,50.7,0.3,No,1500,2400,0,3327,75
05:25:49.337,sleep,15292,552,4860,16788,7,95,51.8,0.0,No,1500,2400,0,3331,75
05:25:50.337,sleep,15296,166,2546,16788,7,95,51.2,-0.0,No,1500,2400,0,3307,75
05:25:51.337,sleep,15288,446,6848,16788,8,95,50.7,0.0,No,1500,2400,0,3313,75
05:25:52.338,active,15331,494,5902,16784,-8,95,54.5,57.5,No,2400,2400,0,3281,75
05:25:53.339,active,15311,486,7466,16785,-12,95,55.1,53.6,No,2400,2400,0,3257,75
05:25:54.337,active,15296,728,7542,16786,-10,95,56.8,55.3,No,2400,2400,0,3266,75
05:25:55.337,active,15296,598,9182,16785,-11,95,57.3,55.6,No,2400,2400,0,3254,75
05:25:56.337,active,15303,408,7754,16785,-11,95,59.0,56.8,No,2400,2400,0,3253,75
05:25:57.341,active,15294,648,9934,16785,-9,95,58.4,56.0,No,2400,2400,0,3246,75
05:25:58.338,active,15294,466,7156,16785,-9,95,57.3,55.1,No,2400,2400,0,3241,75
05:25:59.337,active,15352,428,6596,16784,-9,95,57.9,52.6,No,2400,2400,0,3240,75
05:26:00.337,active,15251,878,13426,16784,-6,95,59.0,52.6,No,2400,2400,0,3230,75
05:26:01.338,active,15243,832,13812,16786,0,95,59.0,52.4,No,2400,2400,0,3231,75
05:26:02.341,active,15253,862,13176,16786,0,95,59.5,51.3,No,2400,2400,0,3216,75
05:26:03.337,active,15241,932,14256,16785,-3,95,58.4,51.5,No,2400,2400,0,3663,125
05:26:04.342,active,15243,792,13120,16785,-5,95,59.0,51.7,No,2400,2400,0,5212,125
05:26:05.337,active,15290,864,13194,16786,-4,95,59.5,52.1,No,2400,2400,0,5337,125
05:26:06.337,active,15245,724,14506,16786,0,95,59.5,52.3,No,2400,2400,0,5339,125
05:26:07.341,active,15245,888,13562,16786,-3,95,60.0,52.0,No,2400,2400,0,5339,125
05:26:08.337,active,15290,762,13388,16787,-4,95,61.1,51.5,No,2400,2400,0,5344,125
05:26:09.338,active,15296,670,7754,16786,-6,95,59.5,52.1,No,2400,2400,0,5344,125
05:26:10.337,active,15294,672,10300,16784,-4,95,59.0,53.3,No,2400,2400,0,5342,125
05:26:11.337,active,15296,740,10320,16783,-9,95,60.0,54.5,No,2400,2400,0,5357,125
05:26:12.341,active,15301,628,9626,16784,-6,95,61.1,57.4,No,2400,2400,0,5356,125
05:26:13.337,active,15301,694,10416,16785,-6,95,60.6,56.4,No,2400,2400,0,5349,125
05:26:14.338,active,15294,730,11188,16786,-3,95,59.5,57.1,No,2400,2400,0,5364,125
05:26:15.340,active,15303,732,11246,16786,-4,95,60.6,56.1,No,2400,2400,0,5377,125
05:26:16.337,active,15299,706,10822,16786,-4,95,60.0,58.0,No,2400,2400,0,5381,125
05:26:17.337,active,15307,748,11478,16785,-5,95,60.6,58.9,No,2400,2400,0,5385,125
05:26:18.337,active,15335,450,6906,16785,-6,95,61.7,57.3,No,2400,2400,0,5386,125
05:26:19.337,active,15314,552,8468,16785,-5,95,61.7,57.2,No,2400,2400,0,5391,125
05:26:20.338,active,15357,556,8546,16785,-7,95,61.1,57.3,No,2400,2400,0,5404,125
05:26:21.337,active,15337,424,7544,16785,-8,95,61.7,57.0,No,2400,2400,0,5407,125
05:26:22.337,active,15294,516,7908,16786,0,95,61.7,58.4,No,2400,2400,0,5414,125
05:26:23.337,active,15354,492,7890,16785,-6,95,62.2,57.0,No,2400,2400,0,5421,125
05:26:24.337,active,15337,442,6790,16785,-6,95,61.7,57.5,No,2400,2400,0,5410,125
05:26:25.340,active,15333,506,7600,16784,-7,95,60.6,58.0,No,2400,2400,0,5417,125
05:26:26.340,active,15352,498,7658,16785,-6,95,60.6,57.4,No,2400,2400,0,5428,125
05:26:27.337,active,15273,936,14314,16786,-6,95,61.7,58.2,No,2400,2400,0,5437,125
05:26:28.339,active,15283,862,13406,16785,-6,95,62.2,58.6,No,2400,2400,0,5439,125
05:26:29.337,active,15268,910,13908,16785,-4,95,61.7,57.6,No,2400,2400,0,5439,125
05:26:30.339,active,15273,702,13176,16784,-8,95,62.2,58.4,No,2400,2400,0,5437,125
05:26:31.339,active,15281,856,13098,16784,-7,95,61.7,57.1,No,2400,2400,0,5445,125
05:26:32.338,active,15264,866,13252,16786,-4,95,61.1,57.5,No,2400,2400,0,5447,125
05:26:33.337,active,15271,692,10590,16787,0,95,61.1,57.7,No,2400,2400,0,5448,125
05:26:34.337,active,15256,818,12520,16787,0,95,63.4,57.3,No,2400,2400,0,5457,125
05:26:35.337,active,15262,834,13890,16787,3,95,61.7,57.5,No,2400,2400,0,5452,125
05:26:36.340,active,15294,744,10456,16788,4,95,63.4,57.8,No,2400,2400,0,5460,125
05:26:37.341,active,15296,686,10514,16787,0,95,62.2,57.8,No,2400,2400,0,5465,125
05:26:38.337,active,15296,796,12192,16786,-4,95,61.7,59.4,No,2400,2400,0,5462,125
05:26:39.337,active,15299,702,10744,16786,0,95,62.8,59.4,No,2400,2400,0,5462,125
05:26:40.341,active,15294,690,12230,16785,0,95,62.2,58.6,No,2400,2400,0,5469,125
05:26:41.337,active,15294,736,11266,16785,0,95,63.4,58.1,No,2400,2400,0,5483,125
05:26:42.338,active,15301,698,11342,16785,-3,95,62.2,58.6,No,2400,2400,0,5473,125
05:26:43.337,active,15303,706,10822,16785,-4,95,61.7,59.9,No,2400,2400,0,5475,125
05:26:44.337,active,15299,520,10726,16785,-6,95,61.7,59.3,No,2400,2400,0,5476,125
05:26:45.337,active,15307,464,11400,16785,-3,95,61.7,59.2,No,2400,2400,0,5478,125
05:26:46.337,active,15309,464,7138,16784,-6,95,62.2,59.4,No,2400,2400,0,5480,125
05:26:47.340,active,15303,484,8874,16786,-4,95,62.2,58.8,No,2400,2400,0,5480,125
05:26:48.338,active,15309,536,8236,16786,0,95,62.2,59.4,No,2400,2400,0,5484,125
05:26:49.337,active,15316,456,7002,16786,-4,95,61.7,59.2,No,2400,2400,0,5484,125
05:26:50.337,active,15305,436,6694,16786,-3,95,62.2,59.0,No,2400,2400,0,5491,125
05:26:51.337,active,15324,512,7850,16785,-4,95,62.8,57.1,No,2400,2400,0,5486,125
05:26:52.337,sleep,15290,480,7310,16788,6,95,58.4,4.8,No,2400,2400,0,5530,125
05:26:53.337,sleep,15292,474,7272,16787,11,95,56.8,0.0,No,2400,2400,0,5533,125
05:26:54.337,sleep,15292,504,7716,16789,9,95,56.8,0.0,No,2400,2400,0,5527,125
05:26:55.337,sleep,15294,544,8352,16789,7,95,56.2,0.0,No,2400,2400,0,5537,125
05:26:56.337,sleep,15286,510,7832,16789,10,95,56.2,0.3,No,2400,2400,0,5537,125
05:26:57.337,sleep,15288,366,7484,16789,12,95,54.5,1.7,No,1500,2400,0,5549,75
05:26:58.337,sleep,15290,462,7098,16788,14,95,55.1,0.3,No,1500,2400,0,3791,75
05:26:59.337,sleep,15288,382,7350,16789,14,95,52.9,0.2,No,1500,2400,0,3462,75
05:27:00.337,sleep,15290,336,5170,16791,17,95,52.4,0.0,No,1500,2400,0,3411,75
05:27:01.337,sleep,15292,746,8622,16791,15,95,52.9,0.3,No,1500,2400,0,3399,75
05:27:02.337,sleep,15290,584,8932,16790,11,95,52.4,-0.0,No,1500,2400,0,3388,75
05:27:03.337,sleep,15296,492,7542,16789,11,95,52.4,0.0,No,1500,2400,0,3382,75
05:27:04.337,sleep,15292,460,3838,16789,14,95,51.8,0.3,No,1500,2400,0,3381,75
05:27:05.337,sleep,15292,242,3704,16788,12,95,51.2,0.0,No,1500,2400,0,3373,75
05:27:06.337,sleep,15290,264,7754,16790,14,95,51.2,0.2,No,1500,2400,0,3373,75
05:27:07.337,active,15344,428,6596,16787,0,95,55.1,59.8,No,2400,2400,0,3315,75
05:27:08.337,active,15292,468,7194,16787,-8,95,57.3,54.3,No,2400,2400,0,3308,75
05:27:09.337,active,15311,490,7504,16786,-7,95,57.3,53.0,No,2400,2400,0,3308,75
05:27:10.337,active,15299,616,9472,16786,0,95,57.3,53.8,No,2400,2400,0,3294,75
05:27:11.342,active,15296,686,7460,16785,-5,95,57.9,57.7,No,2400,2400,0,3282,75
05:27:12.337,active,15301,728,11170,16787,0,95,58.4,53.0,No,2400,2400,0,3286,75
05:27:13.337,active,15301,790,12096,16786,-5,95,59.5,56.8,No,2400,2400,0,3277,75
05:27:14.337,active,15249,598,9144,16787,-6,95,59.5,54.7,No,2400,2400,0,4700,125
05:27:15.337,active,15311,798,12192,16787,-4,95,59.5,55.0,No,2400,2400,0,5346,125
05:27:16.341,active,15273,774,14148,16786,0,95,59.5,54.9,No,2400,2400,0,5397,125
05:27:17.337,active,15299,622,9510,16786,0,95,60.6,54.1,No,2400,2400,0,5400,125
05:27:18.337,active,15301,530,13484,16787,0,95,60.6,53.4,No,2400,2400,0,5405,125
05:27:19.338,active,15307,484,7446,16788,0,95,61.1,52.5,No,2400,2400,0,5393,125
05:27:20.337,active,15305,510,10012,16788,0,95,59.5,51.5,No,2400,2400,0,5396,125
05:27:21.341,active,15301,470,7194,16786,0,95,60.6,52.3,No,2400,2400,0,5399,125
05:27:22.338,active,15307,696,10668,16786,0,95,59.5,52.5,No,2400,2400,0,5409,125
05:27:23.337,active,15296,754,11072,16787,0,95,59.0,53.2,No,2400,2400,0,5413,125
05:27:24.337,active,15296,724,11112,16787,0,95,60.6,53.5,No,2400,2400,0,5418,125
05:27:25.341,active,15258,1012,10976,16787,0,95,60.6,55.2,No,2400,2400,0,5421,125
05:27:26.337,active,15305,704,10802,16786,0,95,62.2,58.4,No,2400,2400,0,5413,125
05:27:27.341,active,15262,956,10050,16786,0,95,61.1,57.1,No,2400,2400,0,5428,125
05:27:28.337,active,15275,712,10898,16785,-3,95,60.6,56.5,No,2400,2400,0,5439,125
05:27:29.337,active,15258,718,11014,16786,0,95,61.7,58.5,No,2400,2400,0,5436,125
05:27:30.341,active,15264,800,12250,16786,0,95,61.7,57.7,No,2400,2400,0,5440,125
05:27:31.337,active,15292,666,10204,16787,0,95,62.8,57.3,No,2400,2400,0,5448,125
05:27:32.338,active,15292,626,8622,16788,0,95,62.2,57.4,No,2400,2400,0,5451,125
05:27:33.343,active,15294,558,8564,16787,0,95,61.1,58.3,No,2400,2400,0,5451,125
05:27:34.337,active,15290,748,7426,16787,0,95,61.7,57.6,No,2400,2400,0,5446,125
05:27:35.341,active,15288,646,9916,16785,0,95,62.2,58.5,No,2400,2400,0,5445,125
05:27:36.341,active,15292,482,7426,16785,0,95,62.2,57.4,No,2400,2400,0,5454,125
05:27:37.337,active,15292,736,11284,16787,0,95,61.7,56.6,No,2400,2400,0,5453,125
05:27:38.337,active,15294,572,8758,16787,0,95,61.7,56.3,No,2400,2400,0,5459,125
05:27:39.338,active,15288,772,11824,16787,0,95,61.1,57.2,No,2400,2400,0,5471,125
05:27:40.337,active,15273,748,11458,16786,0,95,61.7,57.9,No,2400,2400,0,5471,125
05:27:41.339,active,15258,772,13310,16785,-3,95,61.7,57.4,No,2400,2400,0,5470,125
05:27:42.337,active,15251,700,10686,16785,-5,95,62.8,57.8,No,2400,2400,0,5473,125
05:27:43.340,active,15309,792,12114,16787,0,95,61.1,57.5,No,2400,2400,0,5475,125
05:27:44.341,active,15253,608,9298,16787,-4,95,62.8,57.0,No,2400,2400,0,5472,125
05:27:45.337,active,15305,914,13966,16786,-5,95,61.7,57.0,No,2400,2400,0,5484,125
05:27:46.337,active,15309,484,13136,16786,0,95,62.2,53.0,No,2400,2400,0,5488,125
05:27:47.340,active,15307,622,9510,16785,-3,95,62.2,52.6,No,2400,2400,0,5487,125
05:27:48.337,active,15303,468,13272,16785,-5,95,62.2,52.2,No,2400,2400,0,5485,125
05:27:49.338,active,15309,476,7310,16786,0,95,60.6,54.0,No,2400,2400,0,5488,125
05:27:50.337,active,15296,658,10088,16787,-3,95,61.7,54.1,No,2400,2400,0,5492,125
05:27:51.337,active,15307,742,11400,16786,-3,95,62.2,58.5,No,2400,2400,0,5490,125
05:27:52.337,active,15266,798,12250,16786,-3,95,62.8,59.3,No,2400,2400,0,5492,125
05:27:53.337,active,15286,950,11362,16785,0,95,61.7,59.1,No,2400,2400,0,5497,125
05:27:54.340,active,15266,700,10726,16785,-4,95,62.8,59.1,No,2400,2400,0,5498,125
05:27:55.341,active,15279,890,11284,16786,0,95,62.2,59.4,No,2400,2400,0,5493,125
05:27:56.337,active,15309,738,11324,16786,0,95,62.2,58.0,No,2400,2400,0,5497,125
05:27:57.337,active,15264,994,10726,16786,-5,95,62.8,59.7,No,2400,2400,0,5498,125
05:27:58.341,active,15277,808,12384,16786,-4,95,62.2,58.5,No,2400,2400,0,5506,125
05:27:59.337,active,15322,538,8256,16786,-4,95,62.2,58.2,No,2400,2400,0,5503,125
05:28:00.338,active,15337,498,7678,16786,0,95,62.8,58.5,No,2400,2400,0,5498,125
05:28:01.344,active,15290,464,7156,16785,-3,95,61.7,58.2,No,2400,2400,0,5502,125
05:28:02.337,active,15333,518,7710,16785,0,95,62.2,58.6,No,2400,2400,0,5507,125
05:28:03.341,active,15292,478,7350,16786,0,95,62.2,59.1,No,2400,2400,0,5507,125
05:28:04.341,active,15352,498,8702,16787,0,95,62.2,55.3,No,2400,2400,0,5506,125
05:28:05.337,active,15290,538,8256,16787,0,95,62.8,54.2,No,2400,2400,0,5515,125
05:28:06.338,active,15292,712,8064,16787,0,95,62.2,56.0,No,2400,2400,0,5510,125
05:28:07.337,sleep,15292,506,7754,16789,11,95,60.0,6.3,No,2400,2400,0,5542,125
05:28:08.337,sleep,15296,442,6770,16788,14,95,57.3,1.0,No,2400,2400,0,5553,125
05:28:09.337,sleep,15294,430,6596,16789,13,95,56.8,0.2,No,2400,2400,0,5549,125
05:28:10.337,sleep,15301,474,7252,16788,14,95,56.8,0.3,No,2400,2400,0,5547,125
05:28:11.337,sleep,15292,494,7562,16789,12,95,55.6,0.2,No,2400,2400,0,5545,125
05:28:12.337,sleep,15288,476,7292,16791,14,95,54.5,0.0,No,1500,2400,0,5564,125
05:28:13.337,sleep,15296,200,3066,16790,15,95,54.5,-0.0,No,1500,2400,0,5161,75
05:28:14.337,sleep,15292,532,8160,16788,16,95,54.0,0.3,No,1500,2400,0,3653,75
05:28:15.337,sleep,15294,212,8636,16789,15,95,53.5,0.3,No,1500,2400,0,3449,75
05:28:16.337,sleep,15288,622,9530,16790,13,95,52.9,0.0,No,1500,2400,0,3419,75
05:28:17.337,sleep,15296,458,5806,16789,13,95,52.4,0.3,No,1500,2400,0,3407,75
05:28:18.337,sleep,15292,434,6636,16790,13,95,52.4,0.0,No,1500,2400,0,3387,75
05:28:19.337,sleep,15290,492,4378,16791,13,95,52.4,0.3,No,1500,2400,0,3374,75
05:28:20.337,sleep,15301,588,9028,16791,15,95,51.8,0.0,No,1500,2400,0,3383,75
05:28:21.337,sleep,15288,514,7870,16790,12,95,51.8,0.0,No,1500,2400,0,3381,75
05:28:22.338,active,15305,696,10686,16785,-3,95,55.6,53.6,No,2400,2400,0,3329,75
05:28:23.342,active,15256,726,11130,16785,-7,95,57.3,52.8,No,2400,2400,0,3318,75
05:28:24.337,active,15303,660,10146,16786,-5,95,57.3,52.2,No,2400,2400,0,3317,75
05:28:25.337,active,15256,658,10088,16786,-8,95,57.3,54.9,No,2400,2400,0,3305,75
05:28:26.341,active,15283,720,11054,16785,-8,95,59.5,53.8,No,2400,2400,0,3306,75
05:28:27.337,active,15348,496,7638,16786,-8,95,59.5,54.7,No,2400,2400,0,3293,75
05:28:28.337,active,15299,670,7176,16786,-6,95,59.5,55.5,No,2400,2400,0,3282,75
05:28:29.338,active,15331,520,8006,16786,-5,95,59.5,54.7,No,2400,2400,0,5054,125
05:28:30.337,active,15350,490,7368,16784,-10,95,59.0,53.9,No,2400,2400,0,5389,125
05:28:31.337,active,15341,566,8718,16786,-7,95,60.0,53.7,No,2400,2400,0,5402,125
05:28:32.337,active,15292,504,7736,16785,-6,95,60.6,52.4,No,2400,2400,0,5406,125
05:28:33.337,active,15354,514,7908,16786,-5,95,60.0,54.7,No,2400,2400,0,5403,125
05:28:34.341,active,15294,502,7716,16785,-4,95,60.0,52.6,No,2400,2400,0,5409,125
05:28:35.337,active,15294,710,10880,16785,-3,95,59.0,52.9,No,2400,2400,0,5420,125
05:28:36.337,active,15260,844,12924,16785,0,95,61.1,54.1,No,2400,2400,0,5421,125
05:28:37.337,active,15249,938,14430,16787,-4,95,62.2,54.0,No,2400,2400,0,5422,125
05:28:38.337,active,15266,700,10706,16787,0,95,61.7,56.1,No,2400,2400,0,5426,125
05:28:39.339,active,15288,770,11768,16786,-5,95,60.6,58.2,No,2400,2400,0,5421,125
05:28:40.341,active,15249,680,10398,16786,0,95,61.1,57.5,No,2400,2400,0,5438,125
05:28:41.337,active,15311,716,10956,16785,-5,95,60.6,56.8,No,2400,2400,0,5431,125
05:28:42.337,active,15283,614,11206,16784,-10,95,62.2,58.9,No,2400,2400,0,5441,125
05:28:43.337,active,15341,670,10244,16785,-5,95,62.2,58.0,No,2400,2400,0,5440,125
05:28:44.339,active,15314,464,12134,16786,-4,95,62.2,57.8,No,2400,2400,0,5451,125
05:28:45.342,active,15348,508,7792,16786,0,95,62.2,57.0,No,2400,2400,0,5453,125
05:28:46.337,active,15301,686,10532,16786,0,95,61.1,56.4,No,2400,2400,0,5451,125
05:28:47.337,active,15309,700,10744,16785,0,95,62.2,58.0,No,2400,2400,0,5449,125
05:28:48.341,active,15266,704,10802,16786,0,95,62.8,58.9,No,2400,2400,0,5445,125
05:28:49.337,active,15273,910,13928,16786,-3,95,62.8,57.4,No,2400,2400,0,5468,125
05:28:50.338,active,15262,748,11458,16786,0,95,62.2,57.7,No,2400,2400,0,5469,125
05:28:51.342,active,15264,1050,10950,16787,0,95,62.2,56.8,No,2400,2400,0,5470,125
05:28:52.337,active,15258,762,11690,16786,0,95,61.7,52.2,No,2400,2400,0,5471,125
05:28:53.339,active,15266,918,10478,16788,4,95,62.8,56.6,No,2400,2400,0,5470,125
05:28:54.337,active,15279,844,12924,16787,3,95,62.2,56.3,No,2400,2400,0,5475,125
05:28:55.338,active,15292,718,7986,16787,0,95,62.8,56.3,No,2400,2400,0,5477,125
05:28:56.340,active,15294,736,11284,16788,0,95,62.2,56.2,No,2400,2400,0,5478,125
05:28:57.338,active,15294,518,7948,16786,0,95,62.2,56.8,No,2400,2400,0,5480,125
05:28:58.337,active,15292,726,11130,16786,0,95,62.2,57.6,No,2400,2400,0,5482,125
05:28:59.341,active,15294,720,11034,16786,0,95,61.7,57.3,No,2400,2400,0,5480,125
05:29:00.337,active,15296,738,11304,16787,0,95,63.4,58.4,No,2400,2400,0,5482,125
05:29:01.341,active,15301,678,10398,16787,0,95,63.4,58.6,No,2400,2400,0,5485,125
05:29:02.341,active,15294,706,10822,16787,0,95,62.8,58.8,No,2400,2400,0,5485,125
05:29:03.337,active,15301,742,11382,16786,0,95,62.2,58.1,No,2400,2400,0,5489,125
05:29:04.337,active,15258,828,14198,16786,0,95,61.7,59.0,No,2400,2400,0,5494,125
05:29:05.341,active,15251,750,11478,16786,0,95,63.4,58.4,No,2400,2400,0,5495,125
05:29:06.337,active,15266,732,10918,16788,3,95,63.4,57.4,No,2400,2400,0,5502,125
05:29:07.338,active,15262,766,11710,16788,0,95,62.8,58.5,No,2400,2400,0,5513,125
05:29:08.337,active,15309,798,12192,16788,0,95,61.7,58.2,No,2400,2400,0,5501,125
05:29:09.337,active,15273,738,11284,16788,3,95,61.7,57.9,No,2400,2400,0,5501,125
05:29:10.337,active,15309,814,12442,16787,3,95,63.4,59.0,No,2400,2400,0,5501,125
05:29:11.337,active,15314,546,8392,16786,0,95,63.4,59.1,No,2400,2400,0,5494,125
05:29:12.340,active,15316,660,10128,16787,0,95,62.8,58.5,No,2400,2400,0,5500,125
05:29:13.338,active,15303,716,11188,16787,0,95,62.2,57.7,No,2400,2400,0,5503,125
05:29:14.337,active,15294,714,10938,16787,0,95,61.7,57.1,No,2400,2400,0,5508,125
05:29:15.337,active,15303,760,10802,16786,0,95,62.2,56.2,No,2400,2400,0,5516,125
05:29:16.341,active,15299,666,10224,16787,0,95,63.4,55.9,No,2400,2400,0,5515,125
05:29:17.337,active,15290,778,11940,16787,3,95,62.8,54.7,No,2400,2400,0,5512,125
05:29:18.337,active,15307,712,10938,16787,5,95,61.7,55.6,No,2400,2400,0,5506,125
05:29:19.343,active,15266,790,12134,16786,0,95,62.2,60.2,No,2400,2400,0,5513,125
05:29:20.337,active,15307,670,10300,16787,0,95,61.7,52.8,No,2400,2400,0,5501,125
05:29:21.337,active,15256,712,10918,16786,0,95,63.4,52.3,No,2400,2400,0,5508,125
05:29:22.337,sleep,15290,540,7408,16789,12,95,59.0,6.8,No,2400,2400,0,5550,125
05:29:23.337,sleep,15288,522,8024,16788,12,95,57.9,0.0,No,2400,2400,0,5553,125
05:29:24.337,sleep,15290,538,8236,16789,14,95,57.3,0.3,No,2400,2400,0,5551,125
05:29:25.337,sleep,15290,420,6442,16789,10,95,56.8,0.0,No,2400,2400,0,5556,125
05:29:26.337,sleep,15299,434,6654,16790,9,95,56.2,0.0,No,2400,2400,0,5551,125
05:29:27.337,sleep,15290,402,6154,16791,12,95,55.6,0.2,No,1500,2400,0,5560,125
05:29:28.337,sleep,15290,322,4958,16791,18,95,53.5,0.0,No,1500,2400,0,4462,75
05:29:29.337,sleep,15288,198,3048,16789,15,95,54.0,-0.0,No,1500,2400,0,3566,75
05:29:30.337,sleep,15290,502,7696,16789,17,95,53.5,0.3,No,1500,2400,0,3434,75
05:29:31.337,sleep,15292,498,7126,16789,17,95,52.9,0.0,No,1500,2400,0,3416,75
05:29:32.337,sleep,15286,342,5246,16790,17,95,52.9,0.3,No,1500,2400,0,3405,75
05:29:33.337,sleep,15292,590,7890,16789,16,95,52.4,1.0,No,1500,2400,0,3402,75
05:29:34.337,sleep,15286,380,5826,16790,17,95,51.8,0.3,No,1500,2400,0,3389,75
05:29:35.337,sleep,15299,262,4012,16790,16,95,51.8,0.0,No,1500,2400,0,3390,75
05:29:36.337,sleep,15296,554,8488,16789,14,95,52.4,0.3,No,1500,2400,0,3384,75
05:29:37.337,active,15299,750,11478,16787,0,95,55.6,51.2,No,2400,2400,0,3337,75
05:29:38.337,active,15271,664,10166,16787,0,95,56.8,52.4,No,2400,2400,0,3324,75
05:29:39.341,active,15309,634,9702,16788,0,95,57.9,53.7,No,2400,2400,0,3318,75
05:29:40.337,active,15301,492,7542,16786,-3,95,58.4,55.6,No,2400,2400,0,3313,75
05:29:41.341,active,15301,712,9722,16786,-4,95,59.0,56.3,No,2400,2400,0,3302,75
05:29:42.337,active,15301,724,9838,16787,-3,95,59.0,52.9,No,2400,2400,0,3298,75
05:29:43.337,active,15299,718,11014,16786,-5,95,59.0,53.3,No,2400,2400,0,3289,75
05:29:44.337,active,15273,526,10552,16785,0,95,60.6,55.7,No,2400,2400,0,3322,125
05:29:45.337,active,15309,626,9606,16786,0,95,60.6,57.0,No,2400,2400,0,5211,125
05:29:46.340,active,15264,708,10860,16786,-5,95,60.6,56.6,No,2400,2400,0,5388,125
05:29:47.338,active,15288,724,11092,16786,0,95,60.6,58.1,No,2400,2400,0,5394,125
05:29:48.337,active,15290,810,12384,16786,-5,95,61.7,58.9,No,2400,2400,0,5399,125
05:29:49.337,active,15268,906,13890,16786,-4,95,62.2,57.6,No,2400,2400,0,5400,125
05:29:50.337,active,15329,364,5594,16786,-8,95,61.7,57.0,No,2400,2400,0,5407,125
05:29:51.339,active,15348,556,9202,16784,-7,95,61.7,57.7,No,2400,2400,0,5406,125
05:29:52.342,active,15331,464,7138,16785,-5,95,61.7,57.6,No,2400,2400,0,5406,125
05:29:53.337,active,15290,552,8468,16785,-4,95,61.7,58.2,No,2400,2400,0,5396,125
05:29:54.337,active,15314,442,6790,16785,-5,95,62.2,58.4,No,2400,2400,0,5415,125
05:29:55.339,active,15292,468,7194,16787,-5,95,62.8,57.9,No,2400,2400,0,5422,125
05:29:56.337,active,15299,568,6670,16787,-4,95,62.2,57.6,No,2400,2400,0,5418,125
05:29:57.340,active,15294,720,11054,16785,-5,95,62.2,58.0,No,2400,2400,0,5435,125
05:29:58.338,active,15290,738,7638,16785,-3,95,61.7,57.1,No,2400,2400,0,5440,125
05:29:59.337,active,15268,910,11266,16785,0,95,61.7,57.0,No,2400,2400,0,5432,125
05:30:00.337,active,15260,814,12462,16786,-5,95,63.4,58.1,No,2400,2400,0,5436,125
05:30:01.337,active,15260,778,11922,16786,-4,95,62.8,56.2,No,2400,2400,0,5450,125
05:30:02.339,active,15256,764,11710,16786,-3,95,64.5,57.1,No,2400,2400,0,5452,125
05:30:03.338,active,15262,770,12424,16784,-8,95,62.2,56.6,No,2400,2400,0,5448,125
05:30:04.338,active,15256,778,11922,16784,-7,95,62.2,57.0,No,2400,2400,0,5457,125
05:30:05.337,active,15258,756,11960,16786,0,95,63.4,58.4,No,2400,2400,0,5460,125
05:30:06.341,active,15264,776,11882,16785,-4,95,63.9,58.0,No,2400,2400,0,5462,125
05:30:07.337,active,15262,630,10128,16786,0,95,62.8,56.4,No,2400,2400,0,5461,125
05:30:08.338,active,15253,718,10996,16785,-5,95,63.4,57.2,No,2400,2400,0,5467,125
05:30:09.341,active,15266,722,11072,16785,-6,95,62.8,57.6,No,2400,2400,0,5471,125
05:30:10.337,active,15299,720,10798,16784,-7,95,62.2,57.2,No,2400,2400,0,5479,125
05:30:11.341,active,15296,720,11034,16784,-3,95,62.8,58.7,No,2400,2400,0,5479,125
05:30:12.337,active,15309,712,10860,16786,-3,95,62.8,59.0,No,2400,2400,0,5479,125
05:30:13.340,active,15273,666,10204,16787,-5,95,63.4,59.4,No,2400,2400,0,5483,125
05:30:14.341,active,15305,694,10726,16787,-4,95,63.4,58.8,No,2400,2400,0,5488,125
05:30:15.337,active,15299,654,10030,16785,0,95,61.7,57.8,No,2400,2400,0,5480,125
05:30:16.337,active,15303,718,10070,16785,-5,95,62.2,58.3,No,2400,2400,0,5481,125
05:30:17.341,active,15309,754,11594,16785,-4,95,63.4,59.4,No,2400,2400,0,5489,125
05:30:18.337,active,15341,532,8178,16786,0,95,63.4,58.8,No,2400,2400,0,5489,125
05:30:19.340,active,15329,418,7448,16786,0,95,63.4,58.0,No,2400,2400,0,5492,125
05:30:20.341,active,15346,464,7118,16786,-4,95,62.8,59.1,No,2400,2400,0,5499,125
05:30:21.337,active,15337,580,8468,16785,-3,95,62.8,58.7,No,2400,2400,0,5491,125
05:30:22.337,active,15286,528,8102,16785,-4,95,63.9,58.7,No,2400,2400,0,5488,125
05:30:23.341,active,15352,520,8044,16785,0,95,62.2,58.6,No,2400,2400,0,5496,125
05:30:24.337,active,15333,438,6732,16786,0,95,62.8,58.5,No,2400,2400,0,5502,125
05:30:25.337,active,15341,520,8314,16786,0,95,63.4,57.8,No,2400,2400,0,5497,125
05:30:26.344,active,15322,490,7522,16785,0,95,62.2,55.4,No,2400,2400,0,5501,125
05:30:27.337,active,15258,708,10860,16785,-4,95,62.2,54.5,No,2400,2400,0,5499,125
05:30:28.337,active,15258,906,11054,16785,-5,95,62.2,55.2,No,2400,2400,0,5504,125
05:30:29.341,active,15238,914,13966,16786,0,95,63.4,56.6,No,2400,2400,0,5509,125
05:30:30.337,active,15258,948,14988,16786,0,95,63.4,57.5,No,2400,2400,0,5502,125
05:30:31.338,active,15277,806,12346,16787,0,95,62.2,52.9,No,2400,2400,0,5508,125
05:30:32.337,active,15241,752,13928,16787,0,95,62.8,51.3,No,2400,2400,0,5511,125
05:30:33.337,active,15262,870,13310,16786,0,95,62.2,56.1,No,2400,2400,0,5502,125
05:30:34.340,active,15245,986,13234,16786,0,95,63.4,55.0,No,2400,2400,0,5507,125
05:30:35.337,active,15249,704,10744,16786,0,95,63.4,54.3,No,2400,2400,0,5510,125
05:30:36.340,active,15303,722,11054,16786,0,95,62.8,54.1,No,2400,2400,0,5513,125
05:30:37.337,sleep,15290,518,8140,16789,6,95,59.0,9.1,No,2400,2400,0,5538,125
05:30:38.337,sleep,15290,494,7580,16789,7,95,57.3,0.0,No,2400,2400,0,5549,125
05:30:39.337,sleep,15294,546,8044,16789,8,95,56.8,-0.0,No,2400,2400,0,5559,125
05:30:40.337,sleep,15288,532,8160,16789,13,95,56.2,0.0,No,2400,2400,0,5559,125
05:30:41.337,sleep,15288,510,7620,16789,15,95,56.2,0.0,No,2400,2400,0,5553,125
05:30:42.337,sleep,15286,374,5728,16791,17,95,55.6,0.3,No,1500,2400,0,5568,125
05:30:43.337,sleep,15290,492,7214,16790,15,95,54.0,0.3,No,1500,2400,0,5567,125
05:30:44.337,sleep,15288,500,7658,16790,14,95,54.5,0.0,No,1500,2400,0,4095,75
05:30:45.337,sleep,15294,520,8160,16790,16,95,54.0,-0.0,No,1500,2400,0,3506,75
05:30:46.337,sleep,15290,496,8140,16790,14,95,53.5,0.0,No,1500,2400,0,3410,75
05:30:47.337,sleep,15288,544,8334,16789,13,95,52.9,0.3,No,1500,2400,0,3404,75
05:30:48.337,sleep,15290,546,3452,16789,13,95,52.9,0.2,No,1500,2400,0,3407,75
05:30:49.337,sleep,15292,550,8430,16791,16,95,52.4,0.0,No,1500,2400,0,3388,75
05:30:50.337,sleep,15290,458,5342,16790,13,95,51.8,0.3,No,1500,2400,0,3384,75
05:30:51.337,sleep,15290,246,3760,16790,13,95,51.8,0.0,No,1500,2400,0,3371,75
05:30:52.341,active,15296,554,6636,16787,0,95,56.2,52.0,No,2400,2400,0,3348,75
05:30:53.339,active,15322,442,6790,16786,-8,95,57.3,59.3,No,2400,2400,0,3330,75
05:30:54.338,active,15346,498,7022,16785,-7,95,57.9,56.3,No,2400,2400,0,3328,75
05:30:55.337,active,15294,694,10372,16786,-6,95,59.0,58.0,No,2400,2400,0,3314,75
05:30:56.337,active,15253,830,12712,16786,-4,95,59.5,58.7,No,2400,2400,0,3299,75
05:30:57.337,active,15264,814,10398,16787,0,95,60.0,56.1,No,2400,2400,0,3303,75
05:30:58.337,active,15271,888,13580,16786,-3,95,60.6,58.1,No,2400,2400,0,4134,125
05:30:59.338,active,15275,784,10552,16786,-5,95,61.7,57.5,No,2400,2400,0,5327,125
05:31:00.337,active,15258,692,10610,16786,-4,95,60.0,57.4,No,2400,2400,0,5415,125
05:31:01.337,active,15266,812,13484,16785,-3,95,60.6,58.9,No,2400,2400,0,5422,125
05:31:02.337,active,15277,696,10648,16787,-4,95,61.7,57.3,No,2400,2400,0,5415,125
05:31:03.337,active,15245,788,10802,16785,-6,95,61.7,56.4,No,2400,2400,0,5421,125
05:31:04.339,active,15296,694,10628,16785,-5,95,61.7,56.9,No,2400,2400,0,5412,125
05:31:05.340,active,15303,718,11014,16786,-3,95,61.1,57.6,No,2400,2400,0,5422,125
05:31:06.337,active,15296,794,12172,16785,0,95,61.7,58.2,No,2400,2400,0,5422,125
05:31:07.337,active,15303,782,11980,16785,0,95,62.8,57.6,No,2400,2400,0,5424,125
05:31:08.337,active,15301,708,10880,16785,0,95,62.8,59.0,No,2400,2400,0,5427,125
05:31:09.339,active,15307,724,11092,16785,-5,95,60.6,56.5,No,2400,2400,0,5435,125
05:31:10.343,active,15299,692,11652,16786,-4,95,62.2,57.4,No,2400,2400,0,5443,125
05:31:11.337,active,15303,822,12616,16786,0,95,61.7,56.8,No,2400,2400,0,5447,125
05:31:12.337,active,15309,750,10802,16785,-3,95,62.8,58.8,No,2400,2400,0,5446,125
05:31:13.341,active,15286,646,9916,16786,-4,95,62.2,57.3,No,2400,2400,0,5452,125
05:31:14.337,active,15326,446,6828,16785,-4,95,62.8,58.1,No,2400,2400,0,5456,125
05:31:15.341,active,15311,480,7368,16787,0,95,62.2,57.3,No,2400,2400,0,5462,125
05:31:16.337,active,15331,578,8874,16785,0,95,62.2,57.8,No,2400,2400,0,5458,125
05:31:17.337,active,15316,510,7832,16785,-5,95,62.8,57.1,No,2400,2400,0,5462,125
05:31:18.337,active,15344,548,8410,16787,0,95,63.4,57.8,No,2400,2400,0,5468,125
05:31:19.337,active,15331,574,8834,16786,0,95,62.8,57.4,No,2400,2400,0,5470,125
05:31:20.338,active,15286,452,6964,16787,0,95,63.4,57.3,No,2400,2400,0,5471,125
05:31:21.339,active,15339,556,8546,16786,0,95,62.8,58.5,No,2400,2400,0,5470,125
05:31:22.337,active,15292,488,7504,16785,0,95,62.2,58.9,No,2400,2400,0,5478,125
05:31:23.337,active,15275,842,13002,16786,0,95,61.7,59.2,No,2400,2400,0,5477,125
05:31:24.340,active,15264,916,14004,16786,0,95,63.4,58.8,No,2400,2400,0,5487,125
05:31:25.337,active,15277,704,14082,16787,0,95,63.4,59.4,No,2400,2400,0,5480,125
05:31:26.339,active,15279,814,12462,16787,0,95,63.4,57.8,No,2400,2400,0,5489,125
05:31:27.341,active,15273,798,14680,16787,0,95,63.4,59.4,No,2400,2400,0,5492,125
05:31:28.337,active,15283,794,12172,16786,0,95,61.7,59.0,No,2400,2400,0,5484,125
05:31:29.337,active,15253,810,12384,16786,0,95,62.2,59.7,No,2400,2400,0,5496,125
05:31:30.341,active,15262,716,10956,16787,0,95,63.4,59.4,No,2400,2400,0,5491,125
05:31:31.337,active,15258,724,11072,16787,0,95,62.8,58.4,No,2400,2400,0,5492,125
05:31:32.341,active,15296,742,11980,16787,0,95,63.4,58.8,No,2400,2400,0,5499,125
05:31:33.339,active,15292,766,11748,16786,0,95,62.8,59.4,No,2400,2400,0,5496,125
05:31:34.337,active,15299,742,11516,16786,3,95,63.4,58.3,No,2400,2400,0,5499,125
05:31:35.337,active,15296,646,9916,16786,0,95,62.8,58.4,No,2400,2400,0,5500,125
05:31:36.341,active,15296,712,10822,16785,-4,95,62.2,58.4,No,2400,2400,0,5501,125
05:31:37.337,active,15294,732,11226,16786,0,95,63.4,55.1,No,2400,2400,0,5510,125
05:31:38.338,active,15294,746,11440,16786,-3,95,61.7,55.6,No,2400,2400,0,5507,125
05:31:39.337,active,15296,744,11400,16787,0,95,62.2,55.2,No,2400,2400,0,5510,125
05:31:40.337,active,15296,732,11246,16784,0,95,62.2,56.6,No,2400,2400,0,5509,125
05:31:41.341,active,15309,522,9548,16786,0,95,63.9,56.5,No,2400,2400,0,5510,125
05:31:42.337,active,15299,502,7678,16786,0,95,62.8,52.2,No,2400,2400,0,5506,125
05:31:43.341,active,15305,462,7350,16787,0,95,62.8,51.4,No,2400,2400,0,5511,125
05:31:44.343,active,15301,522,8024,16787,0,95,62.2,51.4,No,2400,2400,0,5509,125
05:31:45.337,active,15314,508,7292,16786,4,95,62.8,53.0,No,2400,2400,0,5509,125
05:31:46.337,active,15303,522,8024,16786,6,95,62.8,52.4,No,2400,2400,0,5511,125
05:31:47.341,active,15309,470,7214,16788,4,95,63.4,51.8,No,2400,2400,0,5518,125
05:31:48.337,active,15307,532,8160,16787,5,95,62.8,51.3,No,2400,2400,0,5522,125
05:31:49.338,active,15322,526,8082,16788,0,95,62.2,51.5,No,2400,2400,0,5521,125
05:31:50.337,active,15275,768,11284,16787,0,95,61.7,51.3,No,2400,2400,0,5522,125
05:31:51.337,active,15301,742,11382,16787,3,95,62.8,54.6,No,2400,2400,0,5518,125
05:31:52.337,sleep,15290,494,8024,16790,12,95,59.0,11.6,No,2400,2400,0,5554,125
05:31:53.337,sleep,15292,478,7330,16790,17,95,58.4,0.0,No,2400,2400,0,5572,125
05:31:54.337,sleep,15286,454,6964,16790,15,95,56.8,0.0,No,2400,2400,0,5560,125
05:31:55.337,sleep,15286,510,7812,16789,17,95,57.3,0.3,No,2400,2400,0,5554,125
05:31:56.337,sleep,15288,518,8294,16790,20,95,56.8,0.2,No,2400,2400,0,5556,125
05:31:57.337,sleep,15283,456,6982,16790,21,95,55.6,0.3,No,1500,2400,0,5563,125
05:31:58.337,sleep,15292,308,7426,16790,17,95,55.1,0.2,No,1500,2400,0,5575,75
05:31:59.337,sleep,15286,612,9394,16791,19,95,54.5,0.0,No,1500,2400,0,3847,75
05:32:00.337,sleep,15286,386,5922,16792,21,95,54.0,0.0,No,1500,2400,0,3466,75
05:32:01.337,sleep,15290,308,5478,16792,21,95,53.5,0.3,No,1500,2400,0,3405,75
05:32:02.337,sleep,15290,510,7812,16792,24,95,52.9,-0.0,No,1500,2400,0,3397,75
05:32:03.337,sleep,15290,262,5170,16791,24,95,53.5,0.0,No,1500,2400,0,3397,75
05:32:04.337,sleep,15288,546,8372,16791,21,95,52.4,0.3,No,1500,2400,0,3402,75
05:32:05.337,sleep,15290,312,6326,16791,16,95,51.8,-0.0,No,1500,2400,0,3394,75
05:32:06.337,sleep,15290,262,4012,16791,17,95,52.9,0.0,No,1500,2400,0,3379,75
05:32:07.337,active,15301,658,9896,16788,4,95,56.8,52.7,No,2400,2400,0,3348,75
05:32:08.339,active,15299,672,10320,16786,-4,95,57.3,58.3,No,2400,2400,0,3325,75
05:32:09.338,active,15333,640,9818,16786,-4,95,59.5,58.0,No,2400,2400,0,3312,75
05:32:10.337,active,15307,466,9606,16787,0,95,59.5,56.6,No,2400,2400,0,3313,75
05:32:11.338,active,15320,502,7696,16787,-3,95,60.6,57.3,No,2400,2400,0,4845,125
05:32:12.338,active,15318,504,10224,16786,-8,95,59.5,57.6,No,2400,2400,0,5398,125
05:32:13.337,active,15348,508,7792,16786,-7,95,59.0,58.3,No,2400,2400,0,5423,125
05:32:14.341,active,15341,518,8160,16785,-7,95,60.6,57.5,No,2400,2400,0,5434,125
05:32:15.341,active,15322,574,8816,16786,-5,95,61.1,57.1,No,2400,2400,0,5430,125
05:32:16.337,active,15346,466,7504,16786,0,95,62.2,57.0,No,2400,2400,0,5436,125
05:32:17.342,active,15316,452,6944,16787,0,95,61.7,57.4,No,2400,2400,0,5440,125
05:32:18.337,active,15260,700,10744,16786,0,95,61.1,57.1,No,2400,2400,0,5439,125
05:32:19.338,active,15260,860,11364,16787,-4,95,62.8,57.9,No,2400,2400,0,5444,125
05:32:20.341,active,15273,798,12210,16788,0,95,62.2,57.4,No,2400,2400,0,5440,125
05:32:21.337,active,15266,770,11512,16787,-4,95,62.8,57.4,No,2400,2400,0,5445,125
05:32:22.338,active,15262,916,14024,16785,-4,95,62.2,58.7,No,2400,2400,0,5449,125
05:32:23.337,active,15258,798,11130,16784,-7,95,61.1,57.7,No,2400,2400,0,5453,125
05:32:24.337,active,15262,676,10358,16786,-5,95,62.2,58.1,No,2400,2400,0,5453,125
05:32:25.337,active,15251,926,10648,16788,0,95,62.2,52.9,No,2400,2400,0,5467,125
05:32:26.337,active,15228,890,13620,16787,0,95,62.2,52.7,No,2400,2400,0,5469,125
05:32:27.337,active,15294,516,7908,16786,-3,95,62.2,52.1,No,2400,2400,0,5476,125
05:32:28.341,active,15352,470,7234,16786,0,95,62.2,52.4,No,2400,2400,0,5478,125
05:32:29.338,active,15296,692,10610,16785,-4,95,60.6,52.2,No,2400,2400,0,5470,125
05:32:30.337,active,15296,742,11382,16785,-5,95,62.2,59.1,No,2400,2400,0,5479,125
05:32:31.337,active,15305,670,10282,16786,0,95,62.8,57.0,No,2400,2400,0,5475,125
05:32:32.337,active,15299,708,10860,16787,-3,95,62.8,57.5,No,2400,2400,0,5474,125
05:32:33.337,active,15296,728,11170,16786,-5,95,61.7,59.9,No,2400,2400,0,5478,125
05:32:34.338,active,15303,728,11682,16784,-5,95,62.2,55.9,No,2400,2400,0,5482,125
05:32:35.337,active,15271,738,11304,16785,-5,95,62.2,59.0,No,2400,2400,0,5492,125
05:32:36.337,active,15299,674,10610,16786,0,95,62.8,55.8,No,2400,2400,0,5492,125
05:32:37.337,active,15303,434,6654,16785,-5,95,62.2,54.7,No,2400,2400,0,5488,125
05:32:38.337,active,15307,518,8718,16786,-3,95,62.2,54.3,No,2400,2400,0,5500,125
05:32:39.341,active,15301,514,7890,16786,0,95,62.2,54.2,No,2400,2400,0,5497,125
05:32:40.337,active,15318,436,6694,16786,0,95,62.2,57.4,No,2400,2400,0,5495,125
05:32:41.337,active,15307,540,8276,16786,-6,95,63.4,59.4,No,2400,2400,0,5492,125
05:32:42.337,active,15326,554,8506,16786,0,95,63.4,58.8,No,2400,2400,0,5498,125
05:32:43.337,active,15320,518,7966,16785,0,95,62.8,58.3,No,2400,2400,0,5507,125
05:32:44.341,active,15333,514,7870,16786,0,95,62.8,59.0,No,2400,2400,0,5509,125
05:32:45.341,active,15322,442,6790,16786,0,95,62.8,58.6,No,2400,2400,0,5512,125
05:32:46.337,active,15277,752,11516,16786,0,95,62.8,58.5,No,2400,2400,0,5511,125
05:32:47.337,active,15279,680,13658,16788,0,95,62.8,57.7,No,2400,2400,0,5506,125
05:32:48.340,active,15305,700,10726,16789,0,95,62.2,55.2,No,2400,2400,0,5511,125
05:32:49.337,active,15253,934,10744,16788,0,95,62.8,54.1,No,2400,2400,0,5511,125
05:32:50.341,active,15266,808,12366,16787,0,95,62.2,55.0,No,2400,2400,0,5514,125
05:32:51.337,active,15253,852,11208,16786,0,95,62.2,58.4,No,2400,2400,0,5515,125
05:32:52.337,active,15260,912,13948,16785,0,95,62.2,53.6,No,2400,2400,0,5515,125
05:32:53.337,active,15253,878,11208,16786,0,95,63.4,52.4,No,2400,2400,0,5521,125
05:32:54.337,active,15258,916,14004,16787,0,95,62.8,51.8,No,2400,2400,0,5523,125
05:32:55.337,active,15299,468,7176,16788,0,95,62.8,51.4,No,2400,2400,0,5523,125
05:32:56.341,active,15292,506,7498,16787,0,95,62.2,51.5,No,2400,2400,0,5522,125
05:32:57.337,active,15292,474,7310,16786,0,95,61.7,51.3,No,2400,2400,0,5515,125
05:32:58.337,active,15292,742,8546,16786,0,95,62.2,52.3,No,2400,2400,0,5520,125
05:32:59.337,active,15290,476,7310,16787,3,95,63.4,52.3,No,2400,2400,0,5512,125
05:33:00.337,active,15296,728,11150,16787,0,95,62.8,51.5,No,2400,2400,0,5521,125
05:33:01.339,active,15292,716,10956,16787,0,95,61.7,51.5,No,2400,2400,0,5530,125
05:33:02.341,active,15292,766,11748,16787,0,95,62.2,51.7,No,2400,2400,0,5526,125
05:33:03.337,active,15296,694,10628,16786,3,95,61.7,51.7,No,2400,2400,0,5518,125
05:33:04.337,active,15292,724,11624,16787,0,95,62.2,52.6,No,2400,2400,0,5518,125
05:33:05.337,active,15309,556,8546,16786,0,95,62.8,53.1,No,2400,2400,0,5519,125
05:33:06.338,active,15326,550,8236,16789,5,95,62.8,53.4,No,2400,2400,0,5524,125
05:33:07.337,sleep,15288,486,7466,16791,15,95,58.4,12.4,No,2400,2400,0,5566,125
05:33:08.337,sleep,15290,494,8160,16792,20,95,57.9,0.0,No,2400,2400,0,5573,125
05:33:09.337,sleep,15292,508,7792,16789,13,95,57.3,0.3,No,2400,2400,0,5571,125
05:33:10.337,sleep,15288,736,7890,16790,14,95,56.8,0.0,No,2400,2400,0,5567,125
05:33:11.337,sleep,15288,480,7350,16788,13,95,56.2,0.3,No,2400,2400,0,5561,125
05:33:12.337,sleep,15290,386,5902,16788,13,95,55.1,0.0,No,1500,2400,0,5577,125
05:33:13.337,sleep,15292,416,6384,16790,14,95,54.5,0.3,No,1500,2400,0,5566,125
05:33:14.337,sleep,15288,450,6906,16790,16,95,55.1,0.0,No,1500,2400,0,5299,75
05:33:15.337,sleep,15290,540,5902,16792,19,95,53.5,0.0,No,1500,2400,0,3699,75
05:33:16.337,sleep,15292,458,7022,16789,15,95,53.5,0.3,No,1500,2400,0,3460,75
05:33:17.337,sleep,15288,350,4340,16789,16,95,52.9,0.0,No,1500,2400,0,3432,75
05:33:18.337,sleep,15294,258,3954,16790,18,95,52.9,0.2,No,1500,2400,0,3413,75
05:33:19.337,sleep,15286,436,6288,16790,18,95,53.5,0.0,No,1500,2400,0,3408,75
05:33:20.337,sleep,15290,404,6212,16790,18,95,51.8,-0.0,No,1500,2400,0,3395,75
05:33:21.337,sleep,15294,298,5516,16791,17,95,51.8,0.3,No,1500,2400,0,3405,75
05:33:22.341,active,15264,836,12808,16787,0,95,55.6,49.0,No,2400,2400,0,3350,75
05:33:23.337,active,15299,484,7446,16785,-4,95,57.9,53.2,No,2400,2400,0,3340,75
05:33:24.337,active,15299,582,8932,16788,-3,95,57.9,55.1,No,2400,2400,0,3331,75
05:33:25.337,active,15299,664,10186,16788,0,95,59.0,58.0,No,2400,2400,0,3312,75
05:33:26.337,active,15296,704,10802,16787,-5,95,60.0,58.2,No,2400,2400,0,3321,75
05:33:27.337,active,15294,718,11014,16787,0,95,59.5,52.2,No,2400,2400,0,5116,125
05:33:28.337,active,15296,662,10146,16786,0,95,59.5,51.7,No,2400,2400,0,5436,125
05:33:29.341,active,15296,678,10398,16785,-3,95,59.5,51.5,No,2400,2400,0,5447,125
05:33:30.339,active,15299,740,11342,16786,-6,95,60.0,51.2,No,2400,2400,0,5446,125
05:33:31.337,active,15292,748,11478,16787,-5,95,60.0,51.9,No,2400,2400,0,5444,125
05:33:32.337,active,15294,688,10552,16788,0,95,60.6,52.4,No,2400,2400,0,5445,125
05:33:33.339,active,15307,496,7620,16785,-3,95,60.6,52.0,No,2400,2400,0,5446,125
05:33:34.337,active,15311,532,7638,16785,-6,95,60.6,51.3,No,2400,2400,0,5445,125
05:33:35.338,active,15301,480,7368,16786,-5,95,60.0,51.9,No,2400,2400,0,5448,125
05:33:36.337,active,15329,566,7658,16785,-4,95,61.7,58.0,No,2400,2400,0,5445,125
05:33:37.337,active,15333,506,7792,16787,0,95,61.7,59.4,No,2400,2400,0,5447,125
05:33:38.341,active,15346,486,8294,16787,0,95,61.7,57.5,No,2400,2400,0,5448,125
05:33:39.337,active,15322,504,7754,16787,0,95,61.1,56.9,No,2400,2400,0,5455,125
05:33:40.341,active,15331,532,7658,16787,0,95,61.7,56.8,No,2400,2400,0,5456,125
05:33:41.337,active,15352,510,7850,16787,0,95,61.7,59.4,No,2400,2400,0,5467,125
05:33:42.337,active,15275,940,14372,16785,0,95,62.8,57.1,No,2400,2400,0,5471,125
05:33:43.337,active,15264,800,12250,16785,0,95,62.8,58.2,No,2400,2400,0,5474,125
05:33:44.337,active,15253,738,11304,16787,-4,95,62.8,59.1,No,2400,2400,0,5478,125
05:33:45.345,active,15279,778,11940,16787,0,95,62.8,58.9,No,2400,2400,0,5476,125
05:33:46.338,active,15262,752,11516,16787,0,95,61.7,59.8,No,2400,2400,0,5470,125
05:33:47.337,active,15266,860,13156,16787,0,95,61.7,58.5,No,2400,2400,0,5498,125
05:33:48.337,active,15262,654,10030,16787,0,95,62.8,59.9,No,2400,2400,0,5489,125
05:33:49.341,active,15260,756,11574,16787,0,95,62.2,60.4,No,2400,2400,0,5479,125
05:33:50.337,active,15292,718,10976,16787,0,95,62.8,58.3,No,2400,2400,0,5484,125
05:33:51.337,active,15296,788,15312,16787,0,95,63.9,59.5,No,2400,2400,0,5488,125
05:33:52.341,active,15299,726,11130,16788,-3,95,61.7,57.8,No,2400,2400,0,5500,125
05:33:53.337,active,15296,1000,11864,16788,0,95,61.7,59.1,No,2400,2400,0,5489,125
05:33:54.337,active,15299,738,11304,16787,0,95,62.8,59.4,No,2400,2400,0,5500,125
05:33:55.340,active,15296,736,11284,16785,-3,95,62.8,59.1,No,2400,2400,0,5492,125
05:33:56.337,active,15299,732,11246,16788,0,95,63.4,57.8,No,2400,2400,0,5498,125
05:33:57.342,active,15296,742,11362,16788,0,95,62.2,58.2,No,2400,2400,0,5504,125
05:33:58.338,active,15294,794,12152,16787,0,95,61.1,56.7,No,2400,2400,0,5504,125
05:33:59.337,active,15299,776,11922,16786,-3,95,62.2,54.8,No,2400,2400,0,5509,125
05:34:00.337,active,15294,744,11420,16787,0,95,63.4,56.3,No,2400,2400,0,5513,125
05:34:01.341,active,15303,444,6810,16786,0,95,62.2,55.1,No,2400,2400,0,5515,125
05:34:02.337,active,15309,448,6790,16785,0,95,62.8,60.0,No,2400,2400,0,5507,125
05:34:03.338,active,15305,494,7580,16786,0,95,61.7,51.1,No,2400,2400,0,5505,125
05:34:04.337,active,15316,540,6944,16786,-3,95,61.1,52.8,No,2400,2400,0,5510,125
05:34:05.337,active,15305,474,7272,16786,-3,95,61.7,52.3,No,2400,2400,0,5512,125
05:34:06.341,active,15326,518,7408,16786,0,95,62.2,52.2,No,2400,2400,0,5509,125
05:34:07.341,active,15314,490,7522,16787,0,95,62.8,51.5,No,2400,2400,0,5512,125
05:34:08.337,active,15344,546,7870,16787,0,95,61.1,51.4,No,2400,2400,0,5510,125
05:34:09.344,active,15322,516,7908,16786,0,95,61.7,53.0,No,2400,2400,0,5506,125
05:34:10.337,active,15256,790,12096,16785,0,95,61.7,52.3,No,2400,2400,0,5515,125
05:34:11.337,active,15258,944,10532,16786,0,95,63.4,56.4,No,2400,2400,0,5515,125
05:34:12.341,active,15275,728,11150,16786,0,95,62.8,55.2,No,2400,2400,0,5512,125
05:34:13.337,active,15260,858,12268,16787,0,95,61.7,53.0,No,2400,2400,0,5521,125
05:34:14.347,active,15260,922,14082,16787,0,95,61.7,55.3,No,2400,2400,0,5524,125
05:34:15.337,active,15256,744,13022,16787,0,95,61.7,52.8,No,2400,2400,0,5524,125
05:34:16.337,active,15251,942,14410,16786,0,95,61.1,52.4,No,2400,2400,0,5524,125
05:34:17.338,active,15251,870,13580,16787,0,95,62.8,52.4,No,2400,2400,0,5520,125
05:34:18.341,active,15262,844,12924,16786,-5,95,62.8,51.5,No,2400,2400,0,5509,125
05:34:19.337,active,15294,530,8140,16787,0,95,61.1,51.5,No,2400,2400,0,5520,125
05:34:20.341,active,15292,716,7904,16786,-3,95,61.1,51.8,No,2400,2400,0,5526,125
05:34:21.337,active,15292,678,10378,16786,0,95,61.7,52.4,No,2400,2400,0,5524,125
05:34:22.337,sleep,15294,494,7306,16788,7,95,57.9,13.9,No,2400,2400,0,5554,125
05:34:23.337,sleep,15292,546,8392,16789,13,95,57.9,-0.0,No,2400,2400,0,5568,125
05:34:24.337,sleep,15294,450,8024,16791,15,95,57.3,0.3,No,2400,2400,0,5567,125
05:34:25.337,sleep,15288,602,9220,16789,8,95,55.6,-0.0,No,2400,2400,0,5566,125
05:34:26.337,sleep,15292,476,7214,16790,11,95,56.8,0.3,No,2400,2400,0,5557,125
05:34:27.337,sleep,15288,342,5228,16790,14,95,54.5,0.0,No,1500,2400,0,5569,125
05:34:28.337,sleep,15288,294,4456,16790,18,95,55.6,0.3,No,1500,2400,0,4523,75
05:34:29.337,sleep,15290,392,5998,16788,13,95,54.0,-0.0,No,1500,2400,0,3583,75
05:34:30.337,sleep,15292,216,3318,16789,11,95,54.0,0.0,No,1500,2400,0,3436,75
05:34:31.337,sleep,15290,534,8178,16790,12,95,52.9,0.3,No,1500,2400,0,3419,75
05:34:32.337,sleep,15290,364,5574,16790,12,95,52.4,0.0,No,1500,2400,0,3399,75
05:34:33.337,sleep,15292,336,5170,16789,11,95,52.4,0.3,No,1500,2400,0,3398,75
05:34:34.337,sleep,15281,410,6288,16789,10,95,52.4,-0.0,No,1500,2400,0,3397,75
05:34:35.337,sleep,15288,430,6596,16789,9,95,52.4,0.3,No,1500,2400,0,3382,75
05:34:36.337,sleep,15296,252,3876,16789,10,95,51.2,0.8,No,1500,2400,0,3380,75
05:34:37.338,active,15329,472,7272,16787,0,95,55.1,45.1,No,2400,2400,0,3356,75
05:34:38.337,active,15273,708,10860,16786,-5,95,56.8,52.4,No,2400,2400,0,3333,75
05:34:39.337,active,15245,864,11112,16786,-8,95,58.4,52.3,No,2400,2400,0,3329,75
05:34:40.337,active,15260,906,13850,16786,-7,95,59.0,51.5,No,2400,2400,0,3312,75
05:34:41.337,active,15247,654,11034,16786,-4,95,59.0,51.7,No,2400,2400,0,3294,75
05:34:42.338,active,15277,642,9818,16784,-9,95,58.4,55.0,No,2400,2400,0,3301,75
05:34:43.337,active,15258,930,12384,16787,-7,95,60.0,57.7,No,2400,2400,0,3337,125
05:34:44.337,active,15260,742,11362,16787,-6,95,61.1,57.3,No,2400,2400,0,5219,125
05:34:45.337,active,15258,750,11170,16787,-3,95,61.1,57.6,No,2400,2400,0,5410,125
05:34:46.337,active,15266,776,11882,16786,-4,95,60.6,57.7,No,2400,2400,0,5414,125
05:34:47.340,active,15301,724,11092,16787,-5,95,61.7,57.6,No,2400,2400,0,5415,125
05:34:48.337,active,15301,720,10186,16786,-8,95,60.6,56.7,No,2400,2400,0,5410,125
05:34:49.337,active,15301,742,11382,16785,-6,95,61.1,57.8,No,2400,2400,0,5425,125
05:34:50.337,active,15294,766,9916,16785,-5,95,62.2,58.0,No,2400,2400,0,5411,125
05:34:51.337,active,15305,686,10514,16785,-4,95,62.2,57.3,No,2400,2400,0,5422,125
05:34:52.337,active,15307,654,11400,16785,-5,95,62.2,57.6,No,2400,2400,0,5429,125
05:34:53.337,active,15309,640,9818,16786,-4,95,62.2,56.7,No,2400,2400,0,5444,125
05:34:54.338,active,15301,732,10976,16786,-4,95,61.7,59.0,No,2400,2400,0,5444,125
05:34:55.337,active,15277,746,11440,16788,0,95,62.2,59.3,No,2400,2400,0,5445,125
05:34:56.337,active,15311,632,11748,16786,0,95,61.7,55.1,No,2400,2400,0,5440,125
05:34:57.337,active,15301,538,8256,16785,-3,95,62.2,54.5,No,2400,2400,0,5451,125
05:34:58.337,active,15316,456,6982,16785,0,95,61.7,54.3,No,2400,2400,0,5455,125
05:34:59.341,active,15307,526,8082,16786,-3,95,62.2,54.2,No,2400,2400,0,5462,125
05:35:00.337,active,15354,460,7060,16785,-5,95,61.7,57.3,No,2400,2400,0,5460,125
05:35:01.337,active,15348,396,6096,16785,-7,95,62.2,59.1,No,2400,2400,0,5458,125
05:35:02.337,active,15292,498,7658,16786,-5,95,62.8,57.6,No,2400,2400,0,5459,125
05:35:03.339,active,15350,472,7252,16784,-5,95,61.7,58.6,No,2400,2400,0,5462,125
05:35:04.338,active,15294,530,8140,16785,-9,95,62.2,58.3,No,2400,2400,0,5470,125
05:35:05.338,active,15329,546,8410,16786,-3,95,61.1,57.6,No,2400,2400,0,5479,125
05:35:06.337,active,15260,832,12732,16785,-3,95,62.2,58.9,No,2400,2400,0,5481,125
05:35:07.341,active,15275,674,13484,16786,-6,95,62.2,58.4,No,2400,2400,0,5476,125
05:35:08.337,active,15262,1068,16358,16786,-8,95,61.7,58.4,No,2400,2400,0,5487,125
05:35:09.337,active,15241,714,14448,16785,-4,95,63.4,56.0,No,2400,2400,0,5484,125
05:35:10.338,active,15258,846,12944,16786,0,95,62.2,56.0,No,2400,2400,0,5482,125
05:35:11.337,active,15256,850,14120,16785,-5,95,62.2,54.5,No,2400,2400,0,5486,125
05:35:12.337,active,15251,752,11498,16786,-5,95,61.7,55.7,No,2400,2400,0,5489,125
05:35:13.341,active,15258,696,13870,16786,-5,95,62.8,59.3,No,2400,2400,0,5487,125
05:35:14.337,active,15234,822,12538,16787,0,95,62.2,51.4,No,2400,2400,0,5493,125
05:35:15.338,active,15294,718,10996,16785,-4,95,62.2,52.0,No,2400,2400,0,5492,125
05:35:16.345,active,15299,684,10494,16784,-10,95,62.2,58.8,No,2400,2400,0,5493,125
05:35:17.337,active,15307,752,11536,16785,-5,95,61.1,53.3,No,2400,2400,0,5494,125
05:35:18.337,active,15296,726,11130,16785,-5,95,62.8,53.4,No,2400,2400,0,5503,125
05:35:19.341,active,15299,698,10706,16786,-5,95,62.2,54.9,No,2400,2400,0,5500,125
05:35:20.337,active,15294,682,10474,16786,0,95,62.2,53.1,No,2400,2400,0,5504,125
05:35:21.341,active,15305,766,11768,16785,0,95,62.8,55.0,No,2400,2400,0,5498,125
05:35:22.337,active,15277,786,12038,16786,-3,95,61.7,57.9,No,2400,2400,0,5494,125
05:35:23.337,active,15271,698,10706,16786,0,95,61.1,57.9,No,2400,2400,0,5504,125
05:35:24.340,active,15299,676,10378,16786,-3,95,62.8,54.9,No,2400,2400,0,5500,125
05:35:25.341,active,15309,460,7060,16786,0,95,62.8,55.2,No,2400,2400,0,5503,125
05:35:26.341,active,15350,528,7600,16787,0,95,62.8,51.8,No,2400,2400,0,5504,125
05:35:27.339,active,15354,440,6770,16785,-4,95,62.2,55.8,No,2400,2400,0,5508,125
05:35:28.337,active,15331,508,7466,16786,0,95,62.8,55.4,No,2400,2400,0,5513,125
05:35:29.338,active,15324,466,7156,16785,0,95,62.8,55.2,No,2400,2400,0,5513,125
05:35:30.337,active,15346,460,6790,16785,0,95,62.8,55.0,No,2400,2400,0,5516,125
05:35:31.337,active,15326,516,7928,16787,0,95,62.8,54.0,No,2400,2400,0,5511,125
05:35:32.341,active,15301,534,8604,16787,0,95,62.2,53.6,No,2400,2400,0,5512,125
05:35:33.337,active,15299,744,11420,16784,-3,95,62.2,53.8,No,2400,2400,0,5513,125
05:35:34.337,active,15238,878,13426,16786,0,95,61.7,53.7,No,2400,2400,0,5511,125
05:35:35.338,active,15251,880,11554,16787,0,95,62.8,53.3,No,2400,2400,0,5510,125
05:35:36.338,active,15273,830,12694,16788,0,95,63.9,51.7,No,2400,2400,0,5510,125
05:35:37.337,sleep,15296,446,8468,16788,5,95,59.0,14.9,No,2400,2400,0,5554,125
05:35:38.337,sleep,15299,484,7408,16788,12,95,57.9,0.0,No,2400,2400,0,5557,125
05:35:39.337,sleep,15292,534,7368,16788,12,95,57.9,0.2,No,2400,2400,0,5559,125
05:35:40.337,sleep,15292,486,7466,16788,11,95,56.8,0.0,No,2400,2400,0,5561,125
05:35:41.337,sleep,15290,424,7928,16788,8,95,56.2,0.3,No,2400,2400,0,5563,125
05:35:42.337,sleep,15292,486,7466,16790,14,95,55.1,-0.0,No,1500,2400,0,5569,125
05:35:43.337,sleep,15288,556,8546,16790,16,95,54.0,0.3,No,1500,2400,0,4099,75
05:35:44.337,sleep,15292,582,8932,16790,13,95,54.0,0.0,No,1500,2400,0,3529,75
05:35:45.337,sleep,15290,242,3704,16789,14,95,54.5,-0.0,No,1500,2400,0,3435,75
05:35:46.337,sleep,15290,520,7986,16788,12,95,53.5,0.5,No,1500,2400,0,3409,75
05:35:47.337,sleep,15290,252,3876,16789,12,95,52.9,0.3,No,1500,2400,0,3397,75
05:35:48.337,sleep,15294,528,8102,16790,14,95,52.4,0.0,No,1500,2400,0,3399,75
05:35:49.337,sleep,15296,590,9066,16790,13,95,52.4,0.3,No,1500,2400,0,3378,75
05:35:50.337,sleep,15288,522,8006,16790,14,95,52.4,-0.0,No,1500,2400,0,3373,75
05:35:51.337,sleep,15292,472,7252,16788,11,95,51.8,0.0,No,1500,2400,0,3375,75
05:35:52.339,active,15299,726,11150,16786,0,95,56.8,44.3,No,2400,2400,0,3347,75
05:35:53.341,active,15303,482,7408,16786,0,95,56.8,51.5,No,2400,2400,0,3327,75
05:35:54.337,active,15318,438,7948,16786,-4,95,57.9,51.7,No,2400,2400,0,3324,75
05:35:55.342,active,15314,426,6538,16786,-5,95,57.9,51.8,No,2400,2400,0,3316,75
05:35:56.337,active,15339,486,7098,16785,-7,95,58.4,51.8,No,2400,2400,0,3310,75
05:35:57.337,active,15318,496,7638,16786,-3,95,59.5,52.8,No,2400,2400,0,3308,75
05:35:58.341,active,15352,542,7330,16785,-4,95,60.0,52.4,No,2400,2400,0,3300,75
05:35:59.337,active,15292,574,8816,16787,0,95,59.0,53.6,No,2400,2400,0,3289,75
05:36:00.338,active,15290,746,7792,16787,0,95,59.5,57.7,No,2400,2400,0,3887,125
05:36:01.337,active,15296,690,10590,16788,-4,95,61.1,56.5,No,2400,2400,0,5294,125
05:36:02.337,active,15258,784,11998,16788,0,95,61.1,57.5,No,2400,2400,0,5398,125
05:36:03.341,active,15251,826,12636,16786,0,95,62.2,58.2,No,2400,2400,0,5400,125
05:36:04.337,active,15268,740,11324,16786,0,95,61.7,56.6,No,2400,2400,0,5400,125
05:36:05.338,active,15258,692,12126,16785,0,95,61.1,58.2,No,2400,2400,0,5402,125
05:36:06.337,active,15307,762,11652,16786,-5,95,61.7,58.6,No,2400,2400,0,5402,125
05:36:07.337,active,15266,700,10976,16788,0,95,61.1,58.9,No,2400,2400,0,5403,125
05:36:08.337,active,15307,776,11882,16786,-4,95,62.8,59.4,No,2400,2400,0,5408,125
05:36:09.337,active,15303,704,11440,16786,0,95,62.2,58.4,No,2400,2400,0,5420,125
05:36:10.339,active,15311,674,10300,16785,-4,95,62.8,58.3,No,2400,2400,0,5422,125
05:36:11.340,active,15301,754,12520,16786,0,95,62.2,58.3,No,2400,2400,0,5427,125
05:36:12.337,active,15296,660,10108,16787,0,95,61.7,58.1,No,2400,2400,0,5432,125
05:36:13.337,active,15314,680,10416,16787,0,95,62.8,58.8,No,2400,2400,0,5436,125
05:36:14.341,active,15309,752,11536,16786,-3,95,62.8,59.1,No,2400,2400,0,5426,125
05:36:15.337,active,15292,738,11324,16785,-6,95,62.8,58.7,No,2400,2400,0,5445,125
05:36:16.337,active,15303,708,10880,16786,-3,95,62.8,59.0,No,2400,2400,0,5455,125
05:36:17.341,active,15273,686,10532,16785,-4,95,62.8,58.7,No,2400,2400,0,5457,125
05:36:18.337,active,15299,766,11768,16786,-3,95,61.7,58.0,No,2400,2400,0,5458,125
05:36:19.337,active,15271,698,10706,16787,0,95,62.2,57.6,No,2400,2400,0,5464,125
05:36:20.341,active,15299,700,11960,16786,0,95,62.2,55.9,No,2400,2400,0,5482,125
05:36:21.341,active,15318,482,7408,16786,0,95,63.4,54.2,No,2400,2400,0,5464,125
05:36:22.337,active,15329,528,8102,16786,-3,95,61.7,54.3,No,2400,2400,0,5475,125
05:36:23.343,active,15318,568,8738,16786,0,95,62.2,54.8,No,2400,2400,0,5476,125
05:36:24.337,active,15350,444,6828,16786,0,95,62.2,55.9,No,2400,2400,0,5478,125
05:36:25.337,active,15326,480,7388,16788,4,95,62.8,53.7,No,2400,2400,0,5479,125
05:36:26.341,active,15329,508,7812,16787,4,95,62.8,51.9,No,2400,2400,0,5490,125
05:36:27.337,active,15344,504,7736,16787,0,95,62.2,51.3,No,2400,2400,0,5487,125
05:36:28.338,active,15292,548,8430,16787,0,95,61.1,51.2,No,2400,2400,0,5491,125
05:36:29.337,active,15350,468,7214,16787,0,95,61.7,51.8,No,2400,2400,0,5495,125
05:36:30.337,active,15253,900,13754,16787,0,95,62.2,52.3,No,2400,2400,0,5488,125
05:36:31.341,active,15241,740,13118,16788,-3,95,63.4,52.7,No,2400,2400,0,5492,125
05:36:32.341,active,15253,870,13310,16787,0,95,62.2,51.3,No,2400,2400,0,5506,125
05:36:33.338,active,15236,784,14488,16785,-4,95,60.6,51.4,No,2400,2400,0,5496,125
05:36:34.342,active,15253,902,13792,16786,0,95,62.2,51.5,No,2400,2400,0,5502,125
05:36:35.337,active,15260,608,11382,16785,0,95,62.2,55.0,No,2400,2400,0,5495,125
05:36:36.337,active,15249,914,13986,16786,-5,95,62.2,52.9,No,2400,2400,0,5502,125
05:36:37.341,active,15309,536,10996,16787,-4,95,62.8,52.0,No,2400,2400,0,5500,125
05:36:38.337,active,15260,652,9972,16787,-5,95,61.7,51.4,No,2400,2400,0,5506,125
05:36:39.338,active,15299,728,11150,16787,0,95,62.8,51.7,No,2400,2400,0,5506,125
05:36:40.337,active,15296,724,11092,16787,0,95,61.1,51.5,No,2400,2400,0,5505,125
05:36:41.337,active,15299,702,10744,16786,0,95,61.7,52.6,No,2400,2400,0,5499,125
05:36:42.338,active,15296,692,10628,16787,0,95,62.2,52.7,No,2400,2400,0,5505,125
05:36:43.341,active,15299,700,10726,16788,3,95,62.8,51.8,No,2400,2400,0,5514,125
05:36:44.337,active,15296,704,10802,16786,0,95,62.8,52.2,No,2400,2400,0,5510,125
05:36:45.342,active,15303,742,11382,16786,0,95,61.7,51.9,No,2400,2400,0,5510,125
05:36:46.337,active,15296,652,11784,16786,0,95,61.1,51.9,No,2400,2400,0,5513,125
05:36:47.337,active,15286,814,12480,16786,0,95,62.2,52.8,No,2400,2400,0,5515,125
05:36:48.337,active,15316,492,7736,16788,0,95,63.9,57.0,No,2400,2400,0,5516,125
05:36:49.337,active,15329,496,7638,16787,0,95,62.8,57.7,No,2400,2400,0,5514,125
05:36:50.338,active,15292,612,9414,16788,0,95,63.4,58.2,No,2400,2400,0,5508,125
05:36:51.339,active,15348,462,7118,16788,0,95,62.2,58.8,No,2400,2400,0,5516,125
05:36:52.337,sleep,15294,522,8024,16789,5,95,59.5,19.8,No,2400,2400,0,5565,125
05:36:53.337,sleep,15301,494,7562,16789,14,95,59.0,0.0,No,2400,2400,0,5563,125
05:36:54.337,sleep,15303,566,8680,16788,10,95,57.9,0.0,No,2400,2400,0,5563,125
05:36:55.337,sleep,15294,472,7234,16789,10,95,57.9,0.0,No,2400,2400,0,5558,125
05:36:56.337,sleep,15296,450,6906,16789,10,95,56.8,0.0,No,2400,2400,0,5561,125
05:36:57.337,sleep,15296,410,6288,16790,14,95,55.6,0.3,No,1500,2400,0,5567,125
05:36:58.337,sleep,15292,446,6828,16789,13,95,55.1,-0.0,No,1500,2400,0,5574,125
05:36:59.337,sleep,15290,562,6230,16790,12,95,54.5,0.3,No,1500,2400,0,3864,75
05:37:00.337,sleep,15279,592,9086,16790,16,95,54.5,0.0,No,1500,2400,0,3492,75
05:37:01.337,sleep,15292,326,6346,16790,17,95,52.9,-0.0,No,1500,2400,0,3430,75
05:37:02.337,sleep,15301,304,4648,16791,15,95,52.9,0.3,No,1500,2400,0,3414,75
05:37:03.337,sleep,15294,236,8140,16792,20,95,52.9,0.0,No,1500,2400,0,3412,75
05:37:04.337,sleep,15299,648,9934,16791,15,95,52.9,0.3,No,1500,2400,0,3398,75
05:37:05.337,sleep,15294,226,8294,16790,16,95,52.4,0.0,No,1500,2400,0,3402,75
05:37:06.337,sleep,15290,366,5612,16791,16,95,52.9,0.0,No,1500,2400,0,3404,75
05:37:07.338,active,15307,712,10898,16786,3,95,55.6,45.2,No,2400,2400,0,3364,75
05:37:08.337,active,15305,672,10300,16786,-9,95,56.8,58.4,No,2400,2400,0,3306,75
05:37:09.337,active,15309,678,10378,16786,-5,95,58.4,58.7,No,2400,2400,0,3303,75
05:37:10.337,active,15305,768,9994,16787,-3,95,59.5,56.8,No,2400,2400,0,3301,75
05:37:11.337,active,15275,718,11014,16787,0,95,59.5,56.8,No,2400,2400,0,3293,75
05:37:12.340,active,15314,776,10898,16786,-7,95,60.0,57.4,No,2400,2400,0,4770,125
05:37:13.338,active,15264,694,10648,16787,0,95,58.4,59.0,No,2400,2400,0,5386,125
05:37:14.337,active,15275,758,10076,16787,0,95,60.0,57.4,No,2400,2400,0,5431,125
05:37:15.337,active,15266,676,10378,16786,-7,95,61.7,59.3,No,2400,2400,0,5427,125
05:37:16.337,active,15354,486,7234,16785,-8,95,61.1,59.3,No,2400,2400,0,5430,125
05:37:17.337,active,15322,470,7214,16786,-5,95,62.2,59.0,No,2400,2400,0,5431,125
05:37:18.340,active,15344,462,7504,16786,-5,95,61.7,58.4,No,2400,2400,0,5433,125
05:37:19.337,active,15331,474,7292,16788,0,95,60.6,58.1,No,2400,2400,0,5436,125
05:37:20.338,active,15294,516,8662,16787,0,95,61.7,58.9,No,2400,2400,0,5435,125
05:37:21.341,active,15296,680,10416,16787,-7,95,62.2,59.4,No,2400,2400,0,5440,125
05:37:22.337,active,15292,692,8160,16785,-5,95,62.2,57.7,No,2400,2400,0,5438,125
05:37:23.337,active,15299,678,10378,16785,0,95,62.2,58.3,No,2400,2400,0,5432,125
05:37:24.341,active,15292,712,9298,16785,-4,95,62.2,58.4,No,2400,2400,0,5446,125
05:37:25.337,active,15292,788,12076,16788,0,95,61.1,58.0,No,2400,2400,0,5444,125
05:37:26.340,active,15262,716,10956,16786,-5,95,61.7,59.6,No,2400,2400,0,5448,125
05:37:27.337,active,15253,764,11690,16786,-5,95,63.9,58.7,No,2400,2400,0,5457,125
05:37:28.340,active,15314,824,12596,16785,-5,95,62.2,58.2,No,2400,2400,0,5456,125
05:37:29.340,active,15260,664,10166,16784,-8,95,62.2,58.9,No,2400,2400,0,5461,125
05:37:30.338,active,15311,730,11170,16785,-6,95,61.7,56.4,No,2400,2400,0,5462,125
05:37:31.337,active,15307,534,12038,16786,-5,95,62.2,55.2,No,2400,2400,0,5467,125
05:37:32.340,active,15305,760,11632,16786,-5,95,62.2,54.8,No,2400,2400,0,5473,125
05:37:33.341,active,15301,478,14242,16786,0,95,62.2,54.7,No,2400,2400,0,5477,125
05:37:34.337,active,15311,636,9780,16785,-3,95,62.2,56.9,No,2400,2400,0,5488,125
05:37:35.338,active,15299,708,11786,16785,-3,95,61.1,54.8,No,2400,2400,0,5484,125
05:37:36.337,active,15294,704,10802,16785,-3,95,61.1,53.4,No,2400,2400,0,5487,125
05:37:37.337,active,15299,928,11902,16787,0,95,61.7,52.4,No,2400,2400,0,5494,125
05:37:38.341,active,15299,732,11246,16787,0,95,62.2,52.0,No,2400,2400,0,5486,125
05:37:39.341,active,15301,930,11882,16787,-4,95,61.7,51.8,No,2400,2400,0,5496,125
05:37:40.337,active,15301,652,10012,16787,0,95,61.7,51.4,No,2400,2400,0,5491,125
05:37:41.343,active,15281,742,11594,16786,-3,95,61.1,52.7,No,2400,2400,0,5494,125
05:37:42.337,active,15305,782,11998,16785,-3,95,61.7,53.7,No,2400,2400,0,5495,125
05:37:43.337,active,15264,714,10956,16786,0,95,62.8,54.3,No,2400,2400,0,5502,125
05:37:44.341,active,15266,908,13890,16786,-3,95,62.8,55.4,No,2400,2400,0,5490,125
05:37:45.337,active,15290,486,7484,16786,0,95,62.8,53.4,No,2400,2400,0,5499,125
05:37:46.338,active,15294,722,7736,16786,0,95,61.7,54.0,No,2400,2400,0,5497,125
05:37:47.337,active,15301,578,8874,16786,0,95,62.2,54.9,No,2400,2400,0,5503,125
05:37:48.338,active,15296,708,7986,16786,-3,95,62.2,55.2,No,2400,2400,0,5504,125
05:37:49.340,active,15350,492,7562,16785,-5,95,62.2,53.6,No,2400,2400,0,5511,125
05:37:50.341,active,15292,692,7792,16787,0,95,62.8,51.4,No,2400,2400,0,5503,125
05:37:51.337,active,15318,550,8448,16787,0,95,63.4,56.3,No,2400,2400,0,5507,125
05:37:52.338,active,15296,724,11652,16787,0,95,62.2,55.5,No,2400,2400,0,5510,125
05:37:53.337,active,15294,716,10996,16787,0,95,61.7,55.1,No,2400,2400,0,5512,125
05:37:54.341,active,15314,764,11710,16788,0,95,63.4,54.2,No,2400,2400,0,5509,125
05:37:55.337,active,15264,670,11478,16787,0,95,62.8,55.8,No,2400,2400,0,5503,125
05:37:56.337,active,15314,848,12944,16786,0,95,61.7,52.6,No,2400,2400,0,5513,125
05:37:57.338,active,15292,642,13638,16785,-3,95,62.2,55.7,No,2400,2400,0,5512,125
05:37:58.337,active,15299,844,12886,16785,-5,95,61.7,53.4,No,2400,2400,0,5509,125
05:37:59.337,active,15303,450,12384,16787,0,95,62.2,53.1,No,2400,2400,0,5518,125
05:38:00.341,active,15303,564,8622,16786,0,95,62.8,53.0,No,2400,2400,0,5517,125
05:38:01.341,active,15299,510,12210,16786,0,95,62.8,52.9,No,2400,2400,0,5513,125
05:38:02.337,active,15303,442,6790,16787,0,95,62.8,53.0,No,2400,2400,0,5515,125
05:38:03.339,active,15301,756,11594,16786,0,95,62.2,53.0,No,2400,2400,0,5519,125
05:38:04.337,active,15303,790,12134,16785,-5,95,62.2,57.5,No,2400,2400,0,5512,125
05:38:05.338,active,15288,748,11478,16787,-3,95,63.4,57.1,No,2400,2400,0,5518,125
05:38:06.341,active,15305,746,11440,16786,-4,95,63.4,57.4,No,2400,2400,0,5515,125
05:38:07.337,sleep,15296,488,7484,16788,0,95,59.0,20.0,No,2400,2400,0,5539,125
05:38:08.337,sleep,15286,508,7792,16789,5,95,59.0,0.0,No,2400,2400,0,5563,125
05:38:09.337,sleep,15294,474,7272,16788,7,95,57.9,0.0,No,2400,2400,0,5571,125
05:38:10.337,sleep,15288,484,7426,16786,5,95,57.3,0.0,No,2400,2400,0,5579,125
05:38:11.337,sleep,15292,460,7040,16787,6,95,56.8,0.0,No,2400,2400,0,5567,125
05:38:12.337,sleep,15296,498,6636,16789,10,95,55.6,0.3,No,1500,2400,0,5574,125
05:38:13.337,sleep,15290,504,7736,16790,15,95,54.5,0.3,No,1500,2400,0,5274,75
05:38:14.337,sleep,15294,328,7638,16789,15,95,53.5,-0.0,No,1500,2400,0,3695,75
05:38:15.337,sleep,15294,506,7754,16790,17,95,52.4,0.0,No,1500,2400,0,3455,75
05:38:16.337,sleep,15286,424,6482,16789,15,95,52.9,0.3,No,1500,2400,0,3402,75
05:38:17.337,sleep,15294,358,5498,16789,19,95,53.5,0.3,No,1500,2400,0,3411,75
05:38:18.337,sleep,15290,448,4552,16790,15,95,53.5,0.0,No,1500,2400,0,3419,75
05:38:19.337,sleep,15288,508,7774,16791,17,95,51.8,0.0,No,1500,2400,0,3407,75
05:38:20.337,sleep,15292,250,8352,16791,17,95,52.9,0.3,No,1500,2400,0,3390,75
05:38:21.337,sleep,15288,224,3432,16789,15,95,51.8,0.0,No,1500,2400,0,3397,75
05:38:22.338,active,15301,784,11960,16787,7,95,56.2,41.5,No,2400,2400,0,3360,75
05:38:23.339,active,15264,714,10918,16787,0,95,57.3,52.3,No,2400,2400,0,3341,75
05:38:24.337,active,15292,944,12442,16786,-3,95,57.9,52.2,No,2400,2400,0,3333,75
05:38:25.338,active,15299,650,9972,16787,-5,95,58.4,52.1,No,2400,2400,0,3323,75
05:38:26.337,active,15311,482,10610,16787,-5,95,59.0,57.0,No,2400,2400,0,3302,75
05:38:27.337,active,15309,394,6056,16787,0,95,60.0,59.8,No,2400,2400,0,3299,75
05:38:28.341,active,15316,496,9374,16788,0,95,60.0,59.6,No,2400,2400,0,3299,75
05:38:29.337,active,15307,556,8526,16787,0,95,62.2,58.6,No,2400,2400,0,5036,125
05:38:30.338,active,15314,526,7562,16785,0,95,60.6,58.2,No,2400,2400,0,5401,125
05:38:31.337,active,15283,736,11284,16786,0,95,60.6,57.9,No,2400,2400,0,5419,125
05:38:32.337,active,15260,710,10898,16786,0,95,60.6,59.0,No,2400,2400,0,5415,125
05:38:33.337,active,15273,808,12384,16786,-3,95,61.7,59.0,No,2400,2400,0,5422,125
05:38:34.337,active,15262,646,9916,16785,-6,95,62.2,58.9,No,2400,2400,0,5421,125
05:38:35.340,active,15260,884,11494,16785,-6,95,62.2,59.0,No,2400,2400,0,5421,125
05:38:36.338,active,15271,750,11478,16786,-4,95,61.7,59.3,No,2400,2400,0,5418,125
05:38:37.338,active,15275,856,10538,16785,-8,95,61.1,57.2,No,2400,2400,0,5422,125
05:38:38.337,active,15253,778,11940,16786,-8,95,61.1,55.2,No,2400,2400,0,5435,125
05:38:39.337,active,15253,902,10590,16787,-3,95,61.1,55.2,No,2400,2400,0,5450,125
05:38:40.337,active,15253,704,10784,16785,-3,95,61.7,54.2,No,2400,2400,0,5447,125
05:38:41.339,active,15301,520,8006,16786,0,95,62.8,55.5,No,2400,2400,0,5449,125
05:38:42.342,active,15352,478,7368,16786,0,95,62.2,55.5,No,2400,2400,0,5453,125
05:38:43.337,active,15296,510,7850,16786,-4,95,61.1,55.9,No,2400,2400,0,5455,125
05:38:44.337,active,15339,516,7928,16786,-4,95,62.2,55.2,No,2400,2400,0,5464,125
05:38:45.341,active,15301,464,7138,16786,0,95,62.8,59.2,No,2400,2400,0,5459,125
05:38:46.341,active,15294,616,9452,16786,0,95,62.8,51.7,No,2400,2400,0,5467,125
05:38:47.337,active,15296,480,7388,16787,0,95,61.7,51.4,No,2400,2400,0,5473,125
05:38:48.343,active,15294,678,10378,16786,-6,95,61.7,51.8,No,2400,2400,0,5467,125
05:38:49.337,active,15294,528,8102,16787,0,95,61.7,51.9,No,2400,2400,0,5475,125
05:38:50.337,active,15305,480,12654,16786,0,95,61.7,52.4,No,2400,2400,0,5480,125
05:38:51.341,active,15245,630,9606,16785,0,95,62.2,51.8,No,2400,2400,0,5483,125
05:38:52.337,active,15307,972,11806,16786,0,95,61.7,51.0,No,2400,2400,0,5486,125
05:38:53.341,active,15301,544,8334,16788,0,95,62.2,53.9,No,2400,2400,0,5483,125
05:38:54.337,active,15318,554,9896,16787,-4,95,61.7,54.3,No,2400,2400,0,5484,125
05:38:55.337,active,15314,444,6828,16787,0,95,62.8,55.3,No,2400,2400,0,5483,125
05:38:56.337,active,15307,562,8622,16786,0,95,62.8,56.7,No,2400,2400,0,5497,125
05:38:57.338,active,15316,512,7870,16786,0,95,63.4,56.7,No,2400,2400,0,5499,125
05:38:58.341,active,15314,458,7022,16786,0,95,62.8,54.3,No,2400,2400,0,5494,125
05:38:59.340,active,15299,732,11400,16786,-3,95,62.8,55.8,No,2400,2400,0,5502,125
05:39:00.337,active,15299,762,11690,16785,-3,95,61.7,52.8,No,2400,2400,0,5487,125
05:39:01.337,active,15303,718,10686,16787,-3,95,62.8,52.2,No,2400,2400,0,5501,125
05:39:02.341,active,15299,702,10764,16785,-4,95,62.2,52.3,No,2400,2400,0,5492,125
05:39:03.337,active,15286,728,9414,16786,0,95,62.8,51.2,No,2400,2400,0,5501,125
05:39:04.338,active,15299,686,10514,16786,0,95,61.7,51.7,No,2400,2400,0,5503,125
05:39:05.337,active,15264,904,11612,16786,0,95,62.2,51.4,No,2400,2400,0,5508,125
05:39:06.337,active,15294,670,10282,16786,0,95,62.8,52.4,No,2400,2400,0,5507,125
05:39:07.341,active,15268,794,15046,16786,0,95,63.4,55.7,No,2400,2400,0,5510,125
05:39:08.337,active,15322,480,11824,16787,0,95,62.8,54.2,No,2400,2400,0,5514,125
05:39:09.337,active,15301,526,8064,16787,3,95,62.2,53.4,No,2400,2400,0,5521,125
05:39:10.341,active,15288,660,8680,16787,0,95,62.2,57.4,No,2400,2400,0,5513,125
05:39:11.337,active,15294,740,11342,16787,0,95,62.2,57.3,No,2400,2400,0,5514,125
05:39:12.337,active,15294,750,7466,16786,0,95,63.9,58.8,No,2400,2400,0,5510,125
05:39:13.337,active,15299,636,9742,16788,0,95,63.4,56.2,No,2400,2400,0,5515,125
05:39:14.337,active,15294,734,7890,16788,0,95,63.9,57.4,No,2400,2400,0,5509,125
05:39:15.341,active,15299,500,7696,16787,5,95,63.9,56.3,No,2400,2400,0,5512,125
05:39:16.339,active,15288,680,8064,16786,5,95,62.8,53.2,No,2400,2400,0,5515,125
05:39:17.337,active,15290,628,9626,16788,0,95,62.2,54.2,No,2400,2400,0,5524,125
05:39:18.337,active,15301,740,11304,16788,4,95,62.8,53.8,No,2400,2400,0,5526,125
05:39:19.337,active,15301,802,12308,16788,4,95,62.8,52.0,No,2400,2400,0,5535,125
05:39:20.337,active,15299,848,12944,16787,3,95,63.4,51.7,No,2400,2400,0,5535,125
05:39:21.338,active,15316,452,6964,16786,0,95,62.8,54.8,No,2400,2400,0,5522,125
05:39:22.337,sleep,15294,540,8294,16788,6,95,59.0,22.3,No,2400,2400,0,5558,125
05:39:23.337,sleep,15292,506,7754,16788,13,95,59.0,0.0,No,2400,2400,0,5560,125
05:39:24.337,sleep,15294,456,7002,16789,12,95,57.9,0.0,No,2400,2400,0,5560,125
05:39:25.337,sleep,15286,480,7368,16789,7,95,57.3,0.0,No,2400,2400,0,5561,125
05:39:26.337,sleep,15292,364,5594,16788,6,95,56.8,-0.0,No,2400,2400,0,5567,125
05:39:27.337,sleep,15288,522,7638,16788,11,95,55.6,0.0,No,1500,2400,0,5573,125
05:39:28.337,sleep,15296,310,4744,16789,16,95,54.5,0.0,No,1500,2400,0,4568,75
05:39:29.337,sleep,15292,300,6038,16790,18,95,54.0,0.3,No,1500,2400,0,3594,75
05:39:30.337,sleep,15288,510,7812,16791,16,95,54.0,0.3,No,1500,2400,0,3453,75
05:39:31.337,sleep,15288,494,6366,16790,14,95,54.0,0.0,No,1500,2400,0,3410,75
05:39:32.337,sleep,15288,504,7736,16789,12,95,52.9,0.3,No,1500,2400,0,3416,75
05:39:33.337,sleep,15286,234,3606,16789,11,95,52.9,0.0,No,1500,2400,0,3408,75
05:39:34.337,sleep,15288,584,8932,16789,12,95,52.9,0.0,No,1500,2400,0,3411,75
05:39:35.337,sleep,15290,444,7792,16790,15,95,52.9,0.0,No,1500,2400,0,3405,75
05:39:36.337,sleep,15290,414,6366,16790,16,95,52.4,0.3,No,1500,2400,0,3392,75
05:39:37.338,active,15296,414,6366,16788,6,95,56.8,41.3,No,2400,2400,0,3367,75
05:39:38.338,active,15299,690,10572,16787,-5,95,57.3,57.5,No,2400,2400,0,3332,75
05:39:39.337,active,15299,460,7060,16787,-5,95,57.9,58.4,No,2400,2400,0,3321,75
05:39:40.337,active,15299,730,7624,16785,0,95,59.5,59.2,No,2400,2400,0,3324,75
05:39:41.337,active,15299,724,11092,16787,-4,95,60.0,59.5,No,2400,2400,0,3314,75
05:39:42.339,active,15296,728,7330,16788,-4,95,60.6,58.5,No,2400,2400,0,3367,125
05:39:43.338,active,15296,738,11324,16788,-5,95,60.6,59.4,No,2400,2400,0,5238,125
05:39:44.338,active,15296,658,11594,16787,-6,95,60.0,58.1,No,2400,2400,0,5418,125
05:39:45.337,active,15294,718,11014,16785,-6,95,61.7,59.8,No,2400,2400,0,5428,125
05:39:46.340,active,15307,740,11554,16786,0,95,61.7,58.9,No,2400,2400,0,5426,125
05:39:47.337,active,15305,702,10764,16787,0,95,61.7,57.6,No,2400,2400,0,5422,125
05:39:48.340,active,15299,668,10204,16787,0,95,61.1,58.6,No,2400,2400,0,5427,125
05:39:49.341,active,15311,472,7234,16785,-4,95,61.7,59.5,No,2400,2400,0,5425,125
05:39:50.337,active,15316,598,9162,16786,0,95,61.1,58.0,No,2400,2400,0,5431,125
05:39:51.341,active,15305,474,7292,16787,0,95,62.8,59.5,No,2400,2400,0,5430,125
05:39:52.341,active,15314,520,7986,16787,0,95,61.7,58.5,No,2400,2400,0,5436,125
05:39:53.341,active,15311,536,8236,16787,0,95,62.8,58.0,No,2400,2400,0,5446,125
05:39:54.337,active,15314,484,7426,16788,0,95,62.8,57.9,No,2400,2400,0,5455,125
05:39:55.337,active,15301,748,11902,16788,0,95,61.1,55.3,No,2400,2400,0,5455,125
05:39:56.337,active,15301,742,11400,16788,0,95,61.7,55.1,No,2400,2400,0,5464,125
05:39:57.337,active,15305,742,10186,16787,0,95,62.2,55.5,No,2400,2400,0,5468,125
05:39:58.337,active,15305,702,10764,16787,0,95,62.2,54.2,No,2400,2400,0,5464,125
05:39:59.337,active,15264,920,12366,16786,0,95,61.7,56.6,No,2400,2400,0,5468,125
05:40:00.342,active,15307,690,10590,16788,0,95,61.7,53.4,No,2400,2400,0,5475,125
05:40:01.337,active,15256,946,11054,16788,0,95,61.7,51.4,No,2400,2400,0,5472,125
05:40:02.337,active,15253,812,12424,16788,0,95,61.7,52.6,No,2400,2400,0,5478,125
05:40:03.337,active,15251,910,10532,16787,0,95,62.2,52.1,No,2400,2400,0,5482,125
05:40:04.337,active,15339,518,7986,16785,-4,95,62.2,51.3,No,2400,2400,0,5482,125
05:40:05.341,active,15292,538,8256,16787,-3,95,62.2,51.7,No,2400,2400,0,5484,125
05:40:06.343,active,15352,506,7774,16787,0,95,62.2,52.0,No,2400,2400,0,5487,125
05:40:07.337,active,15288,496,7638,16786,-3,95,61.7,53.0,No,2400,2400,0,5493,125
05:40:08.341,active,15292,670,10282,16787,0,95,63.4,55.3,No,2400,2400,0,5491,125
05:40:09.337,active,15294,572,8796,16787,-4,95,62.8,56.9,No,2400,2400,0,5496,125
05:40:10.337,active,15290,720,11034,16787,0,95,62.8,53.0,No,2400,2400,0,5494,125
05:40:11.341,active,15299,752,11516,16786,0,95,62.2,56.0,No,2400,2400,0,5497,125
05:40:12.337,active,15301,778,11940,16786,-3,95,62.2,53.8,No,2400,2400,0,5500,125
05:40:13.338,active,15305,660,10128,16785,-4,95,63.4,56.8,No,2400,2400,0,5497,125
05:40:14.341,active,15305,476,12866,16786,0,95,62.8,53.4,No,2400,2400,0,5500,125
05:40:15.337,active,15311,466,7156,16787,0,95,62.8,53.9,No,2400,2400,0,5503,125
05:40:16.337,active,15311,460,10764,16787,0,95,63.4,54.6,No,2400,2400,0,5505,125
05:40:17.338,active,15305,524,8044,16786,-3,95,62.8,54.1,No,2400,2400,0,5505,125
05:40:18.337,active,15309,566,9104,16786,0,95,62.2,53.5,No,2400,2400,0,5509,125
05:40:19.337,active,15305,532,8160,16786,0,95,62.8,54.6,No,2400,2400,0,5503,125
05:40:20.341,active,15307,462,7696,16786,0,95,62.8,54.3,No,2400,2400,0,5505,125
05:40:21.338,active,15331,560,8604,16786,0,95,62.8,53.5,No,2400,2400,0,5518,125
05:40:22.341,active,15316,432,7060,16787,0,95,62.2,52.9,No,2400,2400,0,5518,125
05:40:23.337,active,15260,932,11184,16786,0,95,62.2,56.4,No,2400,2400,0,5512,125
05:40:24.337,active,15277,878,13426,16785,0,95,62.8,56.2,No,2400,2400,0,5514,125
05:40:25.337,active,15305,710,9874,16787,0,95,62.8,53.8,No,2400,2400,0,5519,125
05:40:26.337,active,15258,742,11400,16788,0,95,63.4,52.4,No,2400,2400,0,5521,125
05:40:27.339,active,15262,938,11670,16786,4,95,62.8,55.2,No,2400,2400,0,5521,125
05:40:28.342,active,15256,928,14218,16787,0,95,62.8,56.5,No,2400,2400,0,5518,125
05:40:29.337,active,15271,800,11786,16788,-3,95,61.7,57.8,No,2400,2400,0,5509,125
05:40:30.337,active,15268,690,10572,16788,0,95,63.4,58.5,No,2400,2400,0,5515,125
05:40:31.337,active,15260,762,14198,16787,-3,95,63.4,56.7,No,2400,2400,0,5519,125
05:40:32.337,active,15286,612,9394,16786,0,95,63.4,57.9,No,2400,2400,0,5518,125
05:40:33.338,active,15294,744,11420,16786,0,95,63.4,57.5,No,2400,2400,0,5517,125
05:40:34.338,active,15286,752,11536,16787,0,95,62.2,57.6,No,2400,2400,0,5520,125
05:40:35.337,active,15290,530,8140,16788,0,95,63.9,57.7,No,2400,2400,0,5522,125
05:40:36.337,active,15296,716,10996,16788,0,95,63.9,58.1,No,2400,2400,0,5517,125
05:40:37.337,sleep,15299,536,8218,16788,0,95,61.1,23.4,No,2400,2400,0,5552,125
05:40:38.337,sleep,15290,486,7466,16789,15,95,59.0,-0.0,No,2400,2400,0,5562,125
05:40:39.337,sleep,15290,412,6326,16789,15,95,57.3,0.5,No,2400,2400,0,5562,125
05:40:40.337,sleep,15290,494,7562,16790,16,95,56.8,-0.0,No,2400,2400,0,5573,125
05:40:41.337,sleep,15286,510,7832,16791,15,95,55.1,0.0,No,2400,2400,0,5576,125
05:40:42.337,sleep,15283,478,8082,16792,20,95,55.6,0.3,No,1500,2400,0,5579,125
05:40:43.337,sleep,15292,568,8718,16791,18,95,54.5,0.0,No,1500,2400,0,5585,125
05:40:44.337,sleep,15288,486,5014,16790,19,95,54.5,0.2,No,1500,2400,0,5584,125
05:40:45.337,sleep,15286,484,7426,16789,18,95,54.5,0.0,No,1500,2400,0,5578,125
05:40:46.337,sleep,15286,422,8140,16791,22,95,54.0,0.0,No,1500,2400,0,4236,75
05:40:47.337,sleep,15283,350,5362,16792,21,95,53.5,0.3,No,1500,2400,0,3553,75
05:40:48.337,sleep,15294,540,8874,16792,16,95,53.5,0.3,No,1500,2400,0,3449,75
05:40:49.337,sleep,15294,418,6404,16792,18,95,52.4,-0.0,No,1500,2400,0,3408,75
05:40:50.337,sleep,15294,268,3992,16791,18,95,51.2,0.0,No,1500,2400,0,3417,75
05:40:51.337,sleep,15288,356,5478,16791,15,95,52.4,0.3,No,1500,2400,0,3420,75
05:40:52.337,active,15258,674,10340,16788,6,95,55.1,38.4,No,2400,2400,0,3391,75
05:40:53.337,active,15296,670,10282,16786,-6,95,56.8,52.8,No,2400,2400,0,3335,75
05:40:54.337,active,15251,666,10686,16786,-9,95,58.4,52.6,No,2400,2400,0,3336,75
05:40:55.341,active,15271,894,13696,16786,-5,95,58.4,54.3,No,2400,2400,0,3335,75
05:40:56.340,active,15253,822,10552,16785,-6,95,58.4,54.1,No,2400,2400,0,3328,75
05:40:57.337,active,15271,770,11768,16787,0,95,59.0,59.3,No,2400,2400,0,3315,75
05:40:58.341,active,15258,738,13156,16787,0,95,59.5,58.9,No,2400,2400,0,4049,125
05:40:59.341,active,15268,712,10880,16786,-3,95,60.6,58.8,No,2400,2400,0,5339,125
05:41:00.337,active,15256,672,12712,16788,-4,95,60.0,58.1,No,2400,2400,0,5430,125
05:41:01.337,active,15294,696,10686,16787,-3,95,60.6,58.1,No,2400,2400,0,5429,125
05:41:02.338,active,15294,696,10686,16785,-4,95,60.6,59.3,No,2400,2400,0,5440,125
05:41:03.337,active,15294,652,9992,16786,0,95,60.6,59.1,No,2400,2400,0,5438,125
05:41:04.337,active,15299,822,12596,16786,-6,95,61.7,59.9,No,2400,2400,0,5441,125
05:41:05.337,active,15296,778,11940,16786,-9,95,62.2,57.8,No,2400,2400,0,5441,125
05:41:06.341,active,15296,690,10590,16787,0,95,62.2,59.0,No,2400,2400,0,5437,125
05:41:07.341,active,15296,748,11478,16786,0,95,61.7,57.8,No,2400,2400,0,5442,125
05:41:08.337,active,15275,742,11400,16786,0,95,62.2,59.2,No,2400,2400,0,5449,125
05:41:09.337,active,15294,766,11748,16786,0,95,61.1,59.4,No,2400,2400,0,5444,125
05:41:10.340,active,15303,512,7850,16787,0,95,62.2,56.4,No,2400,2400,0,5458,125
05:41:11.337,active,15307,480,10764,16788,0,95,62.2,54.6,No,2400,2400,0,5461,125
05:41:12.341,active,15307,468,7176,16787,0,95,62.2,55.6,No,2400,2400,0,5466,125
05:41:13.343,active,15316,508,7908,16786,0,95,61.1,54.8,No,2400,2400,0,5473,125
05:41:14.337,active,15352,562,8622,16787,-3,95,62.2,60.1,No,2400,2400,0,5470,125
05:41:15.340,active,15292,666,8006,16787,0,95,62.2,55.4,No,2400,2400,0,5473,125
05:41:16.341,active,15335,514,7890,16786,0,95,62.2,53.8,No,2400,2400,0,5479,125
05:41:17.337,active,15339,516,7716,16787,-3,95,61.7,53.6,No,2400,2400,0,5479,125
05:41:18.342,active,15316,498,7658,16788,0,95,61.7,51.4,No,2400,2400,0,5492,125
05:41:19.337,active,15249,718,6674,16788,0,95,61.1,51.8,No,2400,2400,0,5491,125
05:41:20.337,active,15253,868,13292,16788,0,95,61.1,52.3,No,2400,2400,0,5486,125
05:41:21.337,active,15247,800,12250,16787,3,95,61.7,52.2,No,2400,2400,0,5486,125
05:41:22.337,active,15253,906,13850,16786,0,95,62.2,51.4,No,2400,2400,0,5489,125
05:41:23.341,active,15238,880,13464,16786,0,95,61.7,51.5,No,2400,2400,0,5497,125
05:41:24.343,active,15249,824,12596,16786,-6,95,61.7,51.4,No,2400,2400,0,5496,125
05:41:25.337,active,15268,988,15124,16787,-3,95,61.1,51.8,No,2400,2400,0,5495,125
05:41:26.337,active,15230,820,12520,16786,0,95,61.7,52.4,No,2400,2400,0,5495,125
05:41:27.341,active,15305,858,13118,16786,0,95,62.2,51.9,No,2400,2400,0,5495,125
05:41:28.337,active,15247,748,11440,16785,-4,95,62.2,51.4,No,2400,2400,0,5507,125
05:41:29.338,active,15294,686,10532,16786,-5,95,61.1,51.9,No,2400,2400,0,5504,125
05:41:30.337,active,15292,764,8564,16788,0,95,61.1,51.3,No,2400,2400,0,5502,125
05:41:31.337,active,15292,730,11208,16788,0,95,61.7,52.3,No,2400,2400,0,5506,125
05:41:32.341,active,15299,752,10128,16787,4,95,61.7,51.8,No,2400,2400,0,5505,125
05:41:33.341,active,15299,654,10030,16788,0,95,62.8,54.1,No,2400,2400,0,5507,125
05:41:34.341,active,15305,716,11072,16787,0,95,62.2,54.0,No,2400,2400,0,5501,125
05:41:35.339,active,15311,610,9374,16785,0,95,62.2,56.9,No,2400,2400,0,5509,125
05:41:36.337,active,15303,742,10610,16787,0,95,62.2,55.3,No,2400,2400,0,5519,125
05:41:37.337,active,15296,740,11362,16786,0,95,61.7,55.2,No,2400,2400,0,5510,125
05:41:38.338,active,15288,534,8218,16786,0,95,62.8,54.2,No,2400,2400,0,5511,125
05:41:39.338,active,15311,394,6056,16786,-4,95,63.4,55.2,No,2400,2400,0,5514,125
05:41:40.337,active,15326,544,8372,16786,-4,95,62.8,56.7,No,2400,2400,0,5512,125
05:41:41.338,active,15305,504,7716,16786,-4,95,63.4,58.1,No,2400,2400,0,5512,125
05:41:42.337,active,15290,450,6906,16787,0,95,62.8,57.5,No,2400,2400,0,5510,125
05:41:43.341,active,15311,534,8198,16786,0,95,63.9,58.6,No,2400,2400,0,5519,125
05:41:44.337,active,15296,514,7908,16786,0,95,63.4,57.8,No,2400,2400,0,5520,125
05:41:45.337,active,15288,540,8276,16786,0,95,63.4,57.8,No,2400,2400,0,5522,125
05:41:46.338,active,15294,514,7890,16786,0,95,62.2,54.5,No,2400,2400,0,5520,125
05:41:47.337,active,15354,464,7138,16786,0,95,61.1,53.2,No,2400,2400,0,5529,125
05:41:48.337,active,15251,980,14970,16789,0,95,62.8,54.5,No,2400,2400,0,5521,125
05:41:49.341,active,15238,706,15760,16788,0,95,62.2,53.7,No,2400,2400,0,5518,125
05:41:50.337,active,15277,908,13890,16786,3,95,62.2,51.5,No,2400,2400,0,5518,125
05:41:51.338,active,15249,648,11768,16785,0,95,63.9,51.9,No,2400,2400,0,5527,125
05:41:52.337,sleep,15292,498,7658,16789,5,95,59.5,25.1,No,2400,2400,0,5565,125
05:41:53.337,sleep,15299,550,6886,16790,12,95,58.4,0.3,No,2400,2400,0,5569,125
05:41:54.337,sleep,15290,424,6500,16790,12,95,57.3,0.0,No,2400,2400,0,5569,125
05:41:55.337,sleep,15301,492,6230,16789,8,95,56.8,0.0,No,2400,2400,0,5572,125
05:41:56.337,sleep,15290,512,7850,16788,8,95,56.8,0.0,No,2400,2400,0,5569,125
05:41:57.337,sleep,15292,434,6654,16788,8,95,55.1,0.5,No,1500,2400,0,5572,125
05:41:58.337,sleep,15288,380,5844,16788,9,95,54.5,0.0,No,1500,2400,0,5586,125
05:41:59.337,sleep,15288,446,6848,16790,15,95,54.5,-0.0,No,1500,2400,0,3882,75
05:42:00.337,sleep,15299,318,4860,16790,15,95,54.5,0.0,No,1500,2400,0,3498,75
05:42:01.337,sleep,15290,412,6308,16791,15,95,53.5,0.3,No,1500,2400,0,3436,75
05:42:02.337,sleep,15292,362,5536,16790,17,95,52.9,0.3,No,1500,2400,0,3425,75
05:42:03.337,sleep,15292,492,7522,16790,18,95,52.4,-0.0,No,1500,2400,0,3407,75
05:42:04.337,sleep,15288,588,9008,16790,16,95,53.5,0.3,No,1500,2400,0,3396,75
05:42:05.337,sleep,15286,476,7292,16789,13,95,52.9,-0.0,No,1500,2400,0,3391,75
05:42:06.337,sleep,15286,522,9008,16792,18,95,51.8,0.0,No,1500,2400,0,3395,75
05:42:07.340,active,15296,496,7638,16789,7,95,56.2,39.0,No,2400,2400,0,3353,75
05:42:08.337,active,15344,534,8448,16788,-4,95,56.8,56.6,No,2400,2400,0,3316,75
05:42:09.339,active,15339,510,7850,16788,-3,95,57.3,58.7,No,2400,2400,0,3317,75
05:42:10.337,active,15299,692,7754,16786,-3,95,58.4,59.5,No,2400,2400,0,3319,75
05:42:11.337,active,15299,504,7716,16786,-4,95,60.0,58.7,No,2400,2400,0,3320,75
05:42:12.337,active,15296,636,7600,16785,-4,95,60.6,58.8,No,2400,2400,0,3310,75
05:42:13.340,active,15294,766,11748,16787,-3,95,60.6,58.7,No,2400,2400,0,4705,125
05:42:14.341,active,15296,738,7234,16786,-4,95,60.0,58.6,No,2400,2400,0,5382,125
05:42:15.337,active,15294,658,10108,16786,0,95,60.6,58.6,No,2400,2400,0,5420,125
05:42:16.341,active,15264,654,10012,16787,-3,95,60.6,58.5,No,2400,2400,0,5419,125
05:42:17.337,active,15232,812,12404,16786,0,95,60.6,54.9,No,2400,2400,0,5430,125
05:42:18.337,active,15296,846,12924,16787,0,95,61.1,54.2,No,2400,2400,0,5434,125
05:42:19.338,active,15234,684,10456,16787,0,95,60.6,54.1,No,2400,2400,0,5441,125
05:42:20.338,active,15307,768,11748,16788,-3,95,60.6,58.2,No,2400,2400,0,5439,125
05:42:21.337,active,15260,648,9934,16787,0,95,62.8,58.5,No,2400,2400,0,5442,125
05:42:22.337,active,15307,730,11170,16786,0,95,62.2,59.0,No,2400,2400,0,5434,125
05:42:23.337,active,15303,412,6326,16787,0,95,62.2,58.2,No,2400,2400,0,5445,125
05:42:24.339,active,15316,630,9644,16786,0,95,61.7,57.9,No,2400,2400,0,5454,125
05:42:25.341,active,15290,532,8140,16787,0,95,61.7,57.2,No,2400,2400,0,5448,125
05:42:26.337,active,15296,658,10108,16787,0,95,61.1,54.4,No,2400,2400,0,5458,125
05:42:27.337,active,15296,722,11014,16786,-4,95,61.1,55.1,No,2400,2400,0,5461,125
05:42:28.337,active,15294,770,11806,16787,0,95,61.7,55.2,No,2400,2400,0,5464,125
05:42:29.337,active,15268,836,10976,16787,0,95,61.7,58.7,No,2400,2400,0,5461,125
05:42:30.341,active,15299,762,11670,16787,0,95,62.2,52.5,No,2400,2400,0,5465,125
05:42:31.343,active,15307,792,11670,16788,0,95,60.6,51.9,No,2400,2400,0,5472,125
05:42:32.337,active,15296,660,10128,16787,0,95,61.1,51.9,No,2400,2400,0,5486,125
05:42:33.337,active,15286,718,11130,16787,0,95,62.2,52.3,No,2400,2400,0,5482,125
05:42:34.341,active,15305,748,11458,16787,0,95,62.2,51.7,No,2400,2400,0,5481,125
05:42:35.337,active,15350,504,7754,16787,3,95,61.7,51.4,No,2400,2400,0,5483,125
05:42:36.338,active,15326,568,8718,16789,0,95,62.2,51.3,No,2400,2400,0,5486,125
05:42:37.337,active,15346,436,6694,16788,4,95,61.1,51.4,No,2400,2400,0,5491,125
05:42:38.337,active,15322,586,8990,16789,0,95,61.7,52.4,No,2400,2400,0,5487,125
05:42:39.340,active,15292,462,7098,16788,0,95,62.8,52.3,No,2400,2400,0,5497,125
05:42:40.341,active,15294,744,11400,16787,0,95,62.8,51.9,No,2400,2400,0,5507,125
05:42:41.337,active,15301,754,11554,16785,0,95,62.2,54.9,No,2400,2400,0,5505,125
05:42:42.340,active,15292,744,11420,16785,-3,95,62.2,52.6,No,2400,2400,0,5499,125
05:42:43.337,active,15288,530,8120,16787,-4,95,61.1,53.6,No,2400,2400,0,5491,125
05:42:44.337,active,15249,602,14584,16787,-4,95,62.8,52.3,No,2400,2400,0,5505,125
05:42:45.337,active,15249,780,11922,16786,0,95,62.8,54.1,No,2400,2400,0,5500,125
05:42:46.337,active,15305,762,11014,16786,-3,95,61.7,52.6,No,2400,2400,0,5497,125
05:42:47.341,active,15266,662,10128,16786,-3,95,62.2,55.3,No,2400,2400,0,5498,125
05:42:48.337,active,15305,788,13118,16785,-4,95,62.2,53.5,No,2400,2400,0,5505,125
05:42:49.337,active,15307,578,8874,16786,-3,95,62.8,53.5,No,2400,2400,0,5509,125
05:42:50.341,active,15320,698,10686,16786,-4,95,62.8,54.6,No,2400,2400,0,5509,125
05:42:51.337,active,15307,460,7060,16786,-4,95,61.7,56.2,No,2400,2400,0,5505,125
05:42:52.341,active,15324,700,10726,16787,0,95,62.8,55.2,No,2400,2400,0,5514,125
05:42:53.338,active,15292,654,11806,16786,0,95,61.7,56.3,No,2400,2400,0,5512,125
05:42:54.337,active,15266,784,12038,16785,0,95,62.2,56.5,No,2400,2400,0,5509,125
05:42:55.338,active,15301,702,11130,16788,0,95,62.8,56.3,No,2400,2400,0,5513,125
05:42:56.341,active,15258,770,11824,16787,0,95,63.4,56.9,No,2400,2400,0,5519,125
05:42:57.337,active,15260,956,11112,16786,-6,95,63.4,56.9,No,2400,2400,0,5519,125
05:42:58.338,active,15311,746,11458,16786,-5,95,62.2,56.7,No,2400,2400,0,5518,125
05:42:59.338,active,15264,836,10282,16786,0,95,62.2,57.4,No,2400,2400,0,5514,125
05:43:00.337,active,15283,714,10938,16786,0,95,62.8,57.5,No,2400,2400,0,5513,125
05:43:01.337,active,15264,974,10918,16784,-4,95,63.4,57.0,No,2400,2400,0,5521,125
05:43:02.337,active,15333,546,13812,16785,-6,95,63.4,56.8,No,2400,2400,0,5519,125
05:43:03.339,active,15294,500,7678,16786,-6,95,63.4,58.4,No,2400,2400,0,5515,125
05:43:04.342,active,15357,460,8360,16786,-4,95,62.8,56.1,No,2400,2400,0,5516,125
05:43:05.337,active,15299,674,10340,16786,-3,95,62.2,57.4,No,2400,2400,0,5519,125
05:43:06.339,active,15290,740,7502,16786,-5,95,63.4,58.3,No,2400,2400,0,5518,125
05:43:07.337,sleep,15294,584,8950,16788,6,95,60.0,26.4,No,2400,2400,0,5546,125
05:43:08.337,sleep,15288,536,8474,16789,13,95,59.5,0.0,No,2400,2400,0,5571,125
05:43:09.337,sleep,15290,404,6212,16789,12,95,59.0,0.0,No,2400,2400,0,5551,125
05:43:10.337,sleep,15294,484,6896,16788,7,95,57.9,-0.0,No,2400,2400,0,5561,125
05:43:11.337,sleep,15292,438,6732,16789,7,95,56.2,0.0,No,2400,2400,0,5564,125
05:43:12.337,sleep,15292,502,7716,16789,10,95,55.6,0.5,No,1500,2400,0,5582,125
05:43:13.337,sleep,15294,322,4958,16789,12,95,54.5,0.0,No,1500,2400,0,5581,125
05:43:14.337,sleep,15294,280,6790,16789,14,95,54.0,-0.0,No,1500,2400,0,5387,75
05:43:15.337,sleep,15296,586,8990,16790,16,95,54.0,0.3,No,1500,2400,0,3719,75
05:43:16.337,sleep,15288,382,7522,16790,18,95,53.5,0.2,No,1500,2400,0,3460,75
05:43:17.337,sleep,15292,580,8892,16790,15,95,53.5,0.0,No,1500,2400,0,3414,75
05:43:18.337,sleep,15286,398,7098,16791,17,95,52.4,0.0,No,1500,2400,0,3415,75
05:43:19.337,sleep,15290,470,7194,16790,15,95,52.9,-0.0,No,1500,2400,0,3406,75
05:43:20.337,sleep,15292,518,6810,16790,13,95,52.4,0.3,No,1500,2400,0,3383,75
05:43:21.337,sleep,15292,388,5940,16790,13,95,52.4,0.0,No,1500,2400,0,3402,75
05:43:22.337,active,15294,610,9356,16787,4,95,55.6,36.5,No,2400,2400,0,3362,75
05:43:23.340,active,15271,802,10732,16786,-8,95,57.3,57.9,No,2400,2400,0,3324,75
05:43:24.341,active,15266,692,10628,16788,-4,95,59.0,59.9,No,2400,2400,0,3324,75
05:43:25.337,active,15258,942,14410,16789,0,95,59.5,58.1,No,2400,2400,0,3328,75
05:43:26.337,active,15262,720,11054,16789,0,95,59.0,58.3,No,2400,2400,0,3322,75
05:43:27.337,active,15258,940,10294,16787,-3,95,59.0,58.0,No,2400,2400,0,3309,75
05:43:28.337,active,15264,790,12114,16786,-6,95,60.0,59.4,No,2400,2400,0,3288,75
05:43:29.341,active,15262,860,10596,16786,0,95,60.6,58.9,No,2400,2400,0,5012,125
05:43:30.337,active,15268,958,14642,16786,0,95,62.2,59.1,No,2400,2400,0,5399,125
05:43:31.337,active,15296,662,7156,16788,0,95,61.7,58.6,No,2400,2400,0,5427,125
05:43:32.341,active,15344,498,7658,16788,0,95,60.6,58.5,No,2400,2400,0,5422,125
05:43:33.337,active,15288,720,8352,16787,0,95,61.1,58.6,No,2400,2400,0,5423,125
05:43:34.337,active,15292,658,10088,16786,0,95,61.7,58.7,No,2400,2400,0,5420,125
05:43:35.341,active,15288,744,7620,16785,0,95,61.7,58.4,No,2400,2400,0,5422,125
05:43:36.337,active,15294,686,10514,16787,-3,95,61.7,57.9,No,2400,2400,0,5430,125
05:43:37.338,active,15299,720,10668,16788,0,95,62.2,59.1,No,2400,2400,0,5433,125
05:43:38.344,active,15301,756,11612,16788,0,95,61.1,56.0,No,2400,2400,0,5434,125
05:43:39.337,active,15296,758,7716,16788,0,95,61.7,55.8,No,2400,2400,0,5446,125
05:43:40.337,active,15301,714,13516,16786,0,95,61.7,55.2,No,2400,2400,0,5454,125
05:43:41.341,active,15301,722,11034,16787,0,95,61.7,55.2,No,2400,2400,0,5452,125
05:43:42.337,active,15311,450,11788,16785,-3,95,62.2,55.0,No,2400,2400,0,5454,125
05:43:43.340,active,15311,644,9858,16787,-4,95,61.7,59.1,No,2400,2400,0,5453,125
05:43:44.337,active,15305,510,7832,16789,0,95,61.1,54.5,No,2400,2400,0,5449,125
05:43:45.337,active,15305,448,6886,16788,0,95,61.7,52.3,No,2400,2400,0,5466,125
05:43:46.337,active,15305,558,8564,16787,0,95,62.8,52.4,No,2400,2400,0,5465,125
05:43:47.337,active,15326,500,7678,16786,0,95,61.1,52.9,No,2400,2400,0,5471,125
05:43:48.341,active,15311,482,7388,16787,0,95,61.7,52.3,No,2400,2400,0,5473,125
05:43:49.343,active,15299,736,11284,16786,0,95,61.1,51.4,No,2400,2400,0,5480,125
05:43:50.337,active,15309,732,12192,16786,-3,95,61.7,52.3,No,2400,2400,0,5478,125
05:43:51.337,active,15299,752,11536,16787,3,95,62.2,52.3,No,2400,2400,0,5481,125
05:43:52.341,active,15273,810,11612,16787,3,95,62.2,52.0,No,2400,2400,0,5485,125
05:43:53.337,active,15301,728,11170,16786,0,95,62.2,51.2,No,2400,2400,0,5494,125
05:43:54.338,active,15262,946,10590,16787,-3,95,61.7,51.5,No,2400,2400,0,5509,125
05:43:55.337,active,15264,942,14410,16786,0,95,61.7,53.5,No,2400,2400,0,5492,125
05:43:56.338,active,15266,786,14218,16786,0,95,62.8,54.9,No,2400,2400,0,5493,125
05:43:57.341,active,15283,758,11612,16787,0,95,63.4,55.2,No,2400,2400,0,5485,125
05:43:58.337,active,15253,812,11690,16786,0,95,62.2,55.3,No,2400,2400,0,5492,125
05:43:59.341,active,15294,730,11188,16786,0,95,62.8,55.0,No,2400,2400,0,5494,125
05:44:00.338,active,15296,502,7716,16787,-3,95,61.7,57.3,No,2400,2400,0,5495,125
05:44:01.337,active,15296,492,7542,16787,-5,95,61.7,53.1,No,2400,2400,0,5500,125
05:44:02.337,active,15292,494,7600,16787,0,95,61.7,52.3,No,2400,2400,0,5494,125
05:44:03.338,active,15288,740,11342,16786,-3,95,62.2,52.3,No,2400,2400,0,5497,125
05:44:04.337,active,15294,508,7792,16787,0,95,62.2,51.8,No,2400,2400,0,5503,125
05:44:05.338,active,15288,708,10860,16786,0,95,61.7,52.2,No,2400,2400,0,5505,125
05:44:06.340,active,15294,658,10108,16786,0,95,61.7,51.9,No,2400,2400,0,5510,125
05:44:07.337,active,15294,778,11922,16786,-6,95,62.2,52.6,No,2400,2400,0,5505,125
05:44:08.337,active,15305,492,7562,16785,-4,95,61.7,52.6,No,2400,2400,0,5513,125
05:44:09.337,active,15307,422,11612,16786,0,95,62.8,55.8,No,2400,2400,0,5511,125
05:44:10.338,active,15305,440,6770,16785,-3,95,63.4,57.5,No,2400,2400,0,5503,125
05:44:11.341,active,15316,496,11226,16785,-4,95,62.2,57.9,No,2400,2400,0,5506,125
05:44:12.337,active,15348,502,7696,16785,0,95,62.2,56.6,No,2400,2400,0,5510,125
05:44:13.337,active,15318,530,7310,16786,-3,95,63.4,57.6,No,2400,2400,0,5514,125
05:44:14.337,active,15352,438,6712,16787,-4,95,62.8,56.8,No,2400,2400,0,5512,125
05:44:15.339,active,15326,478,6944,16787,0,95,63.4,56.7,No,2400,2400,0,5514,125
05:44:16.341,active,15299,480,7368,16788,0,95,63.4,56.5,No,2400,2400,0,5515,125
05:44:17.339,active,15294,534,8352,16786,0,95,62.2,58.4,No,2400,2400,0,5514,125
05:44:18.337,active,15273,858,13136,16786,0,95,62.8,58.4,No,2400,2400,0,5507,125
05:44:19.337,active,15277,986,13600,16787,0,95,63.4,57.6,No,2400,2400,0,5507,125
05:44:20.337,active,15266,790,12114,16786,0,95,62.8,57.4,No,2400,2400,0,5507,125
05:44:21.339,active,15260,1022,12616,16786,-3,95,62.8,57.9,No,2400,2400,0,5510,125
05:44:22.337,sleep,15290,524,8044,16787,0,95,60.0,29.8,No,2400,2400,0,5542,125
05:44:23.337,sleep,15296,532,8178,16788,8,95,59.0,0.0,No,2400,2400,0,5564,125
05:44:24.337,sleep,15286,604,9278,16788,10,95,57.9,0.0,No,2400,2400,0,5575,125
05:44:25.337,sleep,15290,438,6712,16789,14,95,57.3,0.0,No,2400,2400,0,5567,125
05:44:26.337,sleep,15290,534,8178,16789,12,95,56.2,-0.0,No,2400,2400,0,5558,125
05:44:27.337,sleep,15286,492,7542,16790,11,95,55.6,0.3,No,1500,2400,0,5567,125
05:44:28.337,sleep,15286,554,8912,16790,14,95,54.5,0.3,No,1500,2400,0,4587,75
05:44:29.337,sleep,15288,460,7040,16790,18,95,54.5,-0.0,No,1500,2400,0,3583,75
05:44:30.337,sleep,15290,362,7060,16790,17,95,54.0,0.3,No,1500,2400,0,3428,75
05:44:31.337,sleep,15292,256,3934,16790,20,95,53.5,-0.0,No,1500,2400,0,3416,75
05:44:32.337,sleep,15290,554,6790,16790,15,95,53.5,0.3,No,1500,2400,0,3408,75
05:44:33.337,sleep,15294,342,5246,16791,17,95,52.4,0.0,No,1500,2400,0,3404,75
05:44:34.337,sleep,15286,482,7736,16791,16,95,52.4,0.3,No,1500,2400,0,3376,75
05:44:35.337,sleep,15292,402,6154,16791,18,95,52.9,0.0,No,1500,2400,0,3379,75
05:44:36.337,sleep,15288,542,8334,16790,12,95,52.4,0.3,No,1500,2400,0,3389,75
05:44:37.341,active,15322,518,7948,16790,10,95,55.6,35.3,No,2400,2400,0,3362,75
05:44:38.337,active,15318,438,6712,16787,-4,95,57.3,58.7,No,2400,2400,0,3322,75
05:44:39.338,active,15309,452,6944,16786,-7,95,57.9,56.5,No,2400,2400,0,3295,75
05:44:40.337,active,15346,470,7214,16786,-8,95,57.9,58.6,No,2400,2400,0,3290,75
05:44:41.341,active,15335,486,7484,16786,-6,95,60.0,59.3,No,2400,2400,0,3303,75
05:44:42.341,active,15292,522,8024,16787,-4,95,60.6,58.8,No,2400,2400,0,3304,75
05:44:43.337,active,15350,384,5922,16786,-3,95,60.6,58.8,No,2400,2400,0,3292,75
05:44:44.341,active,15294,496,7638,16785,-7,95,60.6,58.8,No,2400,2400,0,3283,125
05:44:45.342,active,15322,452,6944,16787,-6,95,59.5,56.9,No,2400,2400,0,5188,125
05:44:46.337,active,15247,734,11246,16785,-7,95,60.6,54.7,No,2400,2400,0,5402,125
05:44:47.337,active,15277,710,14332,16784,-7,95,62.2,57.1,No,2400,2400,0,5416,125
05:44:48.337,active,15262,842,12886,16785,-7,95,60.6,58.3,No,2400,2400,0,5411,125
05:44:49.341,active,15260,728,14332,16786,-7,95,61.7,59.0,No,2400,2400,0,5410,125
05:44:50.341,active,15273,752,11516,16787,-5,95,61.7,58.0,No,2400,2400,0,5406,125
05:44:51.337,active,15251,766,12152,16786,0,95,60.0,58.3,No,2400,2400,0,5412,125
05:44:52.337,active,15256,898,13734,16786,0,95,61.7,58.5,No,2400,2400,0,5417,125
05:44:53.340,active,15245,814,15414,16786,0,95,61.7,55.8,No,2400,2400,0,5423,125
05:44:54.337,active,15243,748,11420,16786,0,95,61.1,54.1,No,2400,2400,0,5427,125
05:44:55.341,active,15299,510,7812,16788,0,95,62.8,54.5,No,2400,2400,0,5432,125
05:44:56.337,active,15294,718,6662,16787,-3,95,61.1,54.5,No,2400,2400,0,5427,125
05:44:57.337,active,15296,790,12114,16787,-3,95,61.7,59.6,No,2400,2400,0,5435,125
05:44:58.337,active,15299,752,12048,16786,0,95,62.2,55.1,No,2400,2400,0,5441,125
05:44:59.337,active,15301,694,10648,16786,0,95,61.7,53.6,No,2400,2400,0,5449,125
05:45:00.341,active,15301,816,11752,16786,0,95,62.8,51.9,No,2400,2400,0,5450,125
05:45:01.341,active,15314,700,10726,16788,0,95,62.8,56.0,No,2400,2400,0,5450,125
05:45:02.337,active,15311,748,11130,16787,-8,95,61.7,55.3,No,2400,2400,0,5453,125
05:45:03.338,active,15262,738,11342,16786,-6,95,62.2,53.4,No,2400,2400,0,5459,125
05:45:04.341,active,15279,694,11420,16785,-10,95,62.8,52.7,No,2400,2400,0,5470,125
05:45:05.337,active,15305,486,7466,16784,-9,95,63.4,56.3,No,2400,2400,0,5473,125
05:45:06.341,active,15311,428,7022,16785,-5,95,61.7,54.5,No,2400,2400,0,5471,125
05:45:07.338,active,15339,476,7330,16785,-5,95,61.7,55.5,No,2400,2400,0,5468,125
05:45:08.337,active,15324,498,7446,16786,-7,95,61.7,52.2,No,2400,2400,0,5475,125
05:45:09.337,active,15316,564,8662,16785,-7,95,62.8,53.0,No,2400,2400,0,5474,125
05:45:10.337,active,15335,566,8700,16786,-4,95,61.7,54.1,No,2400,2400,0,5475,125
05:45:11.337,active,15326,566,8700,16785,-5,95,63.4,53.5,No,2400,2400,0,5485,125
05:45:12.338,active,15294,448,6906,16785,-3,95,62.8,56.5,No,2400,2400,0,5477,125
05:45:13.337,active,15324,500,7678,16787,0,95,61.7,53.9,No,2400,2400,0,5477,125
05:45:14.337,active,15260,942,14410,16786,-3,95,62.8,53.4,No,2400,2400,0,5485,125
05:45:15.337,active,15253,858,11170,16787,-4,95,61.7,52.6,No,2400,2400,0,5489,125
05:45:16.337,active,15260,878,13426,16786,-4,95,62.2,51.4,No,2400,2400,0,5491,125
05:45:17.339,active,15260,948,11922,16786,0,95,61.1,51.9,No,2400,2400,0,5492,125
05:45:18.341,active,15260,906,13850,16786,-3,95,61.7,51.8,No,2400,2400,0,5497,125
05:45:19.337,active,15243,698,12480,16785,0,95,61.1,51.7,No,2400,2400,0,5505,125
05:45:20.337,active,15260,878,13426,16788,0,95,62.2,52.4,No,2400,2400,0,5519,125
05:45:21.337,active,15236,718,14236,16788,-3,95,62.8,52.0,No,2400,2400,0,5508,125
05:45:22.337,active,15251,878,13426,16786,-5,95,61.7,51.5,No,2400,2400,0,5508,125
05:45:23.341,active,15299,422,6500,16785,0,95,62.2,52.4,No,2400,2400,0,5500,125
05:45:24.338,active,15294,744,11400,16784,-3,95,61.1,52.4,No,2400,2400,0,5497,125
05:45:25.337,active,15296,768,11768,16786,-5,95,61.1,53.6,No,2400,2400,0,5500,125
05:45:26.337,active,15294,702,10764,16787,0,95,62.2,54.2,No,2400,2400,0,5510,125
05:45:27.337,active,15299,720,11034,16786,0,95,62.2,53.3,No,2400,2400,0,5514,125
05:45:28.339,active,15294,742,11382,16786,-4,95,62.2,58.4,No,2400,2400,0,5508,125
05:45:29.341,active,15275,724,11092,16785,-3,95,62.2,57.5,No,2400,2400,0,5507,125
05:45:30.337,active,15309,746,11458,16785,0,95,62.8,57.9,No,2400,2400,0,5515,125
05:45:31.337,active,15268,714,10938,16786,0,95,64.5,57.4,No,2400,2400,0,5512,125
05:45:32.339,active,15341,706,10842,16787,0,95,63.4,56.7,No,2400,2400,0,5510,125
05:45:33.337,active,15322,506,7774,16786,-3,95,63.4,56.9,No,2400,2400,0,5497,125
05:45:34.338,active,15329,526,7310,16787,0,95,62.8,57.8,No,2400,2400,0,5506,125
05:45:35.342,active,15316,548,8410,16786,0,95,62.2,56.7,No,2400,2400,0,5510,125
05:45:36.337,active,15296,744,8294,16786,0,95,63.4,57.6,No,2400,2400,0,5519,125
05:45:37.337,sleep,15296,482,7408,16787,0,95,59.5,30.8,No,2400,2400,0,5542,125
05:45:38.337,sleep,15292,408,7542,16789,9,95,58.4,0.0,No,2400,2400,0,5554,125
05:45:39.337,sleep,15288,434,6636,16789,6,95,57.3,0.0,No,2400,2400,0,5559,125
05:45:40.337,sleep,15294,470,7118,16788,6,95,57.3,-0.0,No,2400,2400,0,5572,125
05:45:41.337,sleep,15290,468,7176,16788,11,95,56.8,0.3,No,2400,2400,0,5563,125
05:45:42.337,sleep,15290,532,8160,16788,11,95,55.6,0.0,No,1500,2400,0,5565,125
05:45:43.337,sleep,15281,508,6256,16789,12,95,55.1,0.3,No,1500,2400,0,5575,125
05:45:44.337,sleep,15299,344,5286,16790,14,95,55.1,0.0,No,1500,2400,0,4167,75
05:45:45.337,sleep,15288,336,4914,16789,13,95,54.0,0.0,No,1500,2400,0,3523,75
05:45:46.337,sleep,15296,434,6654,16789,9,95,53.5,0.5,No,1500,2400,0,3432,75
05:45:47.337,sleep,15290,280,8890,16788,7,95,53.5,-0.0,No,1500,2400,0,3419,75
05:45:48.337,sleep,15294,378,5806,16788,10,95,53.5,0.3,No,1500,2400,0,3401,75
05:45:49.337,sleep,15294,588,4676,16789,9,95,52.4,-0.0,No,1500,2400,0,3400,75
05:45:50.337,sleep,15296,272,4166,16790,12,95,52.4,0.3,No,1500,2400,0,3402,75
05:45:51.337,sleep,15299,546,8410,16791,14,95,52.4,0.0,No,1500,2400,0,3405,75
05:45:52.337,active,15296,676,10358,16787,3,95,54.5,34.0,No,2400,2400,0,3345,75
05:45:53.337,active,15303,736,11284,16786,-3,95,57.3,59.5,No,2400,2400,0,3331,75
05:45:54.341,active,15299,712,10918,16787,0,95,58.4,59.3,No,2400,2400,0,3324,75
05:45:55.337,active,15303,716,10996,16787,-3,95,59.0,58.1,No,2400,2400,0,3322,75
05:45:56.337,active,15294,720,11054,16788,0,95,59.5,59.1,No,2400,2400,0,3312,75
05:45:57.341,active,15305,732,11226,16788,0,95,59.5,58.5,No,2400,2400,0,3303,75
05:45:58.337,active,15307,740,11342,16787,-4,95,60.0,60.2,No,2400,2400,0,3966,125
05:45:59.337,active,15281,706,10822,16787,0,95,60.6,59.0,No,2400,2400,0,5315,125
05:46:00.340,active,15322,508,9916,16785,-5,95,60.6,58.6,No,2400,2400,0,5420,125
05:46:01.337,active,15301,528,8082,16786,-5,95,61.7,58.1,No,2400,2400,0,5415,125
05:46:02.338,active,15331,562,7658,16785,-4,95,61.1,58.2,No,2400,2400,0,5417,125
05:46:03.338,active,15322,488,7504,16786,0,95,61.1,59.0,No,2400,2400,0,5422,125
05:46:04.337,active,15346,452,7118,16787,0,95,61.1,58.9,No,2400,2400,0,5425,125
05:46:05.337,active,15331,470,7214,16785,0,95,62.8,55.7,No,2400,2400,0,5428,125
05:46:06.337,active,15326,458,8430,16787,-5,95,61.1,54.4,No,2400,2400,0,5436,125
05:46:07.338,active,15309,526,8064,16786,0,95,62.2,54.3,No,2400,2400,0,5433,125
05:46:08.342,active,15352,532,8718,16788,0,95,61.1,54.4,No,2400,2400,0,5431,125
05:46:09.337,active,15262,970,10898,16786,0,95,62.2,56.8,No,2400,2400,0,5437,125
05:46:10.337,active,15251,856,13098,16786,0,95,62.8,56.1,No,2400,2400,0,5443,125
05:46:11.341,active,15253,830,12418,16786,0,95,62.2,58.6,No,2400,2400,0,5445,125
05:46:12.337,active,15234,892,13658,16786,0,95,62.8,51.7,No,2400,2400,0,5454,125
05:46:13.337,active,15256,844,11652,16785,-6,95,62.2,51.7,No,2400,2400,0,5458,125
05:46:14.343,active,15245,972,14874,16786,-3,95,61.7,51.4,No,2400,2400,0,5459,125
05:46:15.337,active,15247,786,15104,16785,-4,95,62.2,52.1,No,2400,2400,0,5464,125
05:46:16.337,active,15266,878,13426,16787,-3,95,61.7,52.2,No,2400,2400,0,5473,125
05:46:17.341,active,15247,860,13638,16787,-3,95,61.7,51.9,No,2400,2400,0,5476,125
05:46:18.337,active,15249,818,12500,16787,-3,95,62.2,54.0,No,2400,2400,0,5470,125
05:46:19.341,active,15299,770,11806,16787,0,95,62.8,54.5,No,2400,2400,0,5475,125
05:46:20.337,active,15296,778,11922,16785,-4,95,62.2,54.5,No,2400,2400,0,5479,125
05:46:21.337,active,15309,760,11632,16785,-3,95,62.2,55.2,No,2400,2400,0,5479,125
05:46:22.337,active,15299,758,11632,16785,-3,95,62.8,55.6,No,2400,2400,0,5488,125
05:46:23.337,active,15307,810,12424,16787,0,95,62.8,53.6,No,2400,2400,0,5487,125
05:46:24.340,active,15299,730,10676,16786,0,95,62.8,55.7,No,2400,2400,0,5487,125
05:46:25.338,active,15303,750,11478,16787,0,95,61.1,53.4,No,2400,2400,0,5491,125
05:46:26.337,active,15296,662,12076,16786,0,95,62.2,51.7,No,2400,2400,0,5490,125
05:46:27.337,active,15301,752,11516,16786,0,95,62.8,53.1,No,2400,2400,0,5491,125
05:46:28.341,active,15309,742,9162,16786,0,95,62.8,52.9,No,2400,2400,0,5491,125
05:46:29.337,active,15305,512,7850,16787,0,95,63.4,55.2,No,2400,2400,0,5490,125
05:46:30.337,active,15350,538,8256,16787,0,95,62.2,54.0,No,2400,2400,0,5493,125
05:46:31.342,active,15314,516,7908,16786,0,95,61.7,52.7,No,2400,2400,0,5505,125
05:46:32.337,active,15318,472,7252,16786,0,95,61.7,52.1,No,2400,2400,0,5512,125
05:46:33.341,active,15316,518,7966,16786,0,95,62.2,53.6,No,2400,2400,0,5505,125
05:46:34.341,active,15324,542,8314,16786,0,95,62.8,54.8,No,2400,2400,0,5502,125
05:46:35.337,active,15335,526,8082,16787,0,95,63.4,58.2,No,2400,2400,0,5500,125
05:46:36.338,active,15290,572,8776,16787,0,95,62.2,55.4,No,2400,2400,0,5503,125
05:46:37.337,active,15266,728,10802,16787,-3,95,61.7,55.9,No,2400,2400,0,5504,125
05:46:38.338,active,15262,930,14218,16787,-4,95,62.8,58.1,No,2400,2400,0,5497,125
05:46:39.341,active,15271,678,13522,16786,-4,95,63.4,58.0,No,2400,2400,0,5503,125
05:46:40.337,active,15277,750,11478,16785,-3,95,63.4,58.4,No,2400,2400,0,5503,125
05:46:41.338,active,15264,864,13388,16785,-3,95,63.4,57.8,No,2400,2400,0,5506,125
05:46:42.342,active,15275,806,12346,16786,0,95,62.2,56.9,No,2400,2400,0,5505,125
05:46:43.337,active,15268,766,13678,16787,0,95,62.2,58.2,No,2400,2400,0,5510,125
05:46:44.340,active,15260,718,10996,16786,0,95,62.8,58.9,No,2400,2400,0,5508,125
05:46:45.337,active,15249,694,11594,16785,-6,95,63.9,56.6,No,2400,2400,0,5512,125
05:46:46.339,active,15275,726,11112,16785,-3,95,63.9,57.4,No,2400,2400,0,5508,125
05:46:47.342,active,15301,716,10976,16784,-7,95,62.8,58.1,No,2400,2400,0,5508,125
05:46:48.337,active,15294,748,11458,16785,-3,95,62.8,57.1,No,2400,2400,0,5511,125
05:46:49.337,active,15299,720,11054,16787,0,95,63.4,57.7,No,2400,2400,0,5520,125
05:46:50.341,active,15303,732,10970,16785,-9,95,63.4,57.2,No,2400,2400,0,5527,125
05:46:51.337,active,15303,766,11768,16784,-9,95,63.9,57.0,No,2400,2400,0,5523,125
05:46:52.337,sleep,15288,436,8230,16787,0,95,60.0,32.7,No,2400,2400,0,5541,125
05:46:53.337,sleep,15292,538,8256,16787,4,95,58.4,0.0,No,2400,2400,0,5567,125
05:46:54.337,sleep,15292,532,7392,16788,9,95,57.9,0.3,No,2400,2400,0,5565,125
05:46:55.337,sleep,15288,500,7658,16787,8,95,57.9,0.0,No,2400,2400,0,5561,125
05:46:56.337,sleep,15290,308,5728,16788,9,95,56.2,-0.0,No,2400,2400,0,5560,125
05:46:57.337,sleep,15286,544,8352,16788,10,95,55.6,0.3,No,1500,2400,0,5564,125
05:46:58.337,sleep,15288,326,6732,16789,14,95,55.1,0.0,No,1500,2400,0,5564,125
05:46:59.337,sleep,15286,536,8218,16790,17,95,54.5,0.3,No,1500,2400,0,3881,75
05:47:00.337,sleep,15286,574,8816,16790,18,95,54.5,0.0,No,1500,2400,0,3489,75
05:47:01.337,sleep,15290,346,5304,16789,13,95,54.0,0.3,No,1500,2400,0,3434,75
05:47:02.337,sleep,15288,484,7408,16790,17,95,52.9,0.0,No,1500,2400,0,3410,75
05:47:03.337,sleep,15290,438,6732,16790,15,95,53.5,0.0,No,1500,2400,0,3409,75
05:47:04.337,sleep,15292,430,6596,16789,13,95,52.9,0.3,No,1500,2400,0,3410,75
05:47:05.337,sleep,15288,540,5092,16791,12,95,52.4,0.0,No,1500,2400,0,3408,75
05:47:06.337,sleep,15283,334,5112,16791,14,95,52.4,0.0,No,1500,2400,0,3400,75
05:47:07.341,active,15275,768,13234,16789,9,95,56.8,31.8,No,2400,2400,0,3378,75
05:47:08.338,active,15260,782,11960,16786,-8,95,57.9,58.7,No,2400,2400,0,3333,75
05:47:09.341,active,15256,914,13310,16785,-4,95,57.3,58.9,No,2400,2400,0,3312,75
05:47:10.338,active,15271,832,12752,16785,-6,95,57.9,59.0,No,2400,2400,0,3311,75
05:47:11.337,active,15260,818,12520,16786,-6,95,59.5,58.7,No,2400,2400,0,3314,75
05:47:12.341,active,15262,780,11940,16787,-5,95,60.6,59.0,No,2400,2400,0,3306,75
05:47:13.337,active,15236,894,13678,16786,-7,95,60.6,58.9,No,2400,2400,0,3302,75
05:47:14.337,active,15292,730,8506,16785,-6,95,60.6,58.8,No,2400,2400,0,4619,125
05:47:15.343,active,15292,670,10282,16786,-5,95,60.6,58.0,No,2400,2400,0,5364,125
05:47:16.337,active,15296,790,9896,16786,0,95,60.6,59.3,No,2400,2400,0,5417,125
05:47:17.337,active,15294,700,10744,16787,-3,95,61.1,59.6,No,2400,2400,0,5413,125
05:47:18.341,active,15303,684,10744,16786,-7,95,61.1,59.0,No,2400,2400,0,5421,125
05:47:19.337,active,15299,598,9162,16786,-6,95,61.1,57.4,No,2400,2400,0,5420,125
05:47:20.337,active,15290,700,10726,16785,-3,95,61.7,55.5,No,2400,2400,0,5422,125
05:47:21.344,active,15299,712,10918,16786,0,95,61.1,55.5,No,2400,2400,0,5422,125
05:47:22.337,active,15299,736,11284,16785,-6,95,60.6,55.1,No,2400,2400,0,5432,125
05:47:23.337,active,15301,468,12210,16787,-3,95,62.2,55.4,No,2400,2400,0,5432,125
05:47:24.341,active,15281,574,8776,16786,-6,95,62.2,60.5,No,2400,2400,0,5445,125
05:47:25.337,active,15318,484,11768,16786,-8,95,62.2,53.8,No,2400,2400,0,5436,125
05:47:26.338,active,15296,504,7716,16787,-3,95,62.2,51.9,No,2400,2400,0,5449,125
05:47:27.337,active,15299,744,10108,16786,0,95,61.1,51.2,No,2400,2400,0,5458,125
05:47:28.337,active,15303,464,7118,16786,0,95,61.1,52.6,No,2400,2400,0,5459,125
05:47:29.340,active,15316,494,7580,16786,-4,95,61.7,54.5,No,2400,2400,0,5461,125
05:47:30.341,active,15305,440,6770,16786,0,95,61.7,51.9,No,2400,2400,0,5461,125
05:47:31.337,active,15326,456,6982,16786,-4,95,62.2,51.7,No,2400,2400,0,5462,125
05:47:32.338,active,15316,492,7562,16785,-3,95,61.1,51.2,No,2400,2400,0,5461,125
05:47:33.337,active,15299,674,10340,16785,0,95,61.7,51.8,No,2400,2400,0,5461,125
05:47:34.337,active,15264,940,11922,16786,0,95,62.2,52.4,No,2400,2400,0,5473,125
05:47:35.341,active,15303,764,11710,16787,0,95,61.7,51.7,No,2400,2400,0,5474,125
05:47:36.337,active,15256,736,11284,16787,0,95,63.4,51.4,No,2400,2400,0,5475,125
05:47:37.338,active,15271,760,11632,16787,0,95,61.1,51.5,No,2400,2400,0,5479,125
05:47:38.337,active,15251,772,11824,16786,0,95,60.6,51.5,No,2400,2400,0,5479,125
05:47:39.337,active,15258,900,13774,16787,0,95,62.2,52.3,No,2400,2400,0,5481,125
05:47:40.340,active,15243,724,11112,16786,0,95,62.2,52.3,No,2400,2400,0,5484,125
05:47:41.341,active,15253,952,14546,16787,0,95,62.2,55.0,No,2400,2400,0,5490,125
05:47:42.337,active,15290,696,10668,16785,-5,95,61.7,53.7,No,2400,2400,0,5492,125
05:47:43.338,active,15294,742,10398,16785,-4,95,61.7,56.2,No,2400,2400,0,5486,125
05:47:44.337,active,15346,458,7060,16784,-5,95,61.1,52.8,No,2400,2400,0,5497,125
05:47:45.337,active,15290,734,7966,16785,-5,95,61.1,52.6,No,2400,2400,0,5495,125
05:47:46.338,active,15299,484,7426,16785,-7,95,62.2,53.0,No,2400,2400,0,5493,125
05:47:47.338,active,15292,474,7292,16786,-7,95,62.2,52.3,No,2400,2400,0,5496,125
05:47:48.343,active,15299,664,10186,16784,-9,95,62.8,52.8,No,2400,2400,0,5498,125
05:47:49.338,active,15299,738,11304,16784,-7,95,62.2,56.6,No,2400,2400,0,5497,125
05:47:50.337,active,15292,712,10918,16784,-5,95,62.2,56.0,No,2400,2400,0,5500,125
05:47:51.337,active,15230,782,11940,16786,-6,95,62.2,53.3,No,2400,2400,0,5497,125
05:47:52.337,active,15301,686,13136,16787,-6,95,61.7,53.2,No,2400,2400,0,5512,125
05:47:53.337,active,15245,802,12250,16786,-7,95,62.2,53.0,No,2400,2400,0,5508,125
05:47:54.338,active,15320,458,10898,16786,0,95,63.4,55.7,No,2400,2400,0,5508,125
05:47:55.337,active,15275,648,9934,16785,-6,95,61.7,57.1,No,2400,2400,0,5509,125
05:47:56.337,active,15324,480,10012,16785,-3,95,63.9,58.4,No,2400,2400,0,5509,125
05:47:57.337,active,15303,550,8430,16784,-6,95,63.4,58.0,No,2400,2400,0,5507,125
05:47:58.337,active,15314,458,8912,16785,-5,95,62.2,57.6,No,2400,2400,0,5505,125
05:47:59.339,active,15307,434,6654,16786,0,95,63.4,56.6,No,2400,2400,0,5510,125
05:48:00.340,active,15273,752,7600,16785,-3,95,62.2,57.7,No,2400,2400,0,5507,125
05:48:01.337,active,15264,838,11548,16785,-4,95,62.8,57.0,No,2400,2400,0,5515,125
05:48:02.341,active,15260,678,10378,16785,-4,95,63.9,57.6,No,2400,2400,0,5515,125
05:48:03.337,active,15266,936,10030,16784,-7,95,63.4,57.2,No,2400,2400,0,5514,125
05:48:04.337,active,15281,914,14004,16785,-4,95,62.8,57.9,No,2400,2400,0,5512,125
05:48:05.344,active,15264,878,10956,16784,-3,95,62.8,57.7,No,2400,2400,0,5515,125
05:48:06.337,active,15264,872,13330,16786,-3,95,63.4,57.2,No,2400,2400,0,5514,125
05:48:07.337,sleep,15290,480,8082,16787,0,95,60.0,34.6,No,2400,2400,0,5544,125
05:48:08.337,sleep,15288,482,7368,16788,8,95,58.4,0.0,No,2400,2400,0,5564,125
05:48:09.337,sleep,15296,482,7620,16788,14,95,57.9,0.0,No,2400,2400,0,5559,125
05:48:10.337,sleep,15288,450,6906,16790,15,95,57.3,-0.0,No,2400,2400,0,5557,125
05:48:11.337,sleep,15290,428,6558,16790,11,95,56.8,0.3,No,2400,2400,0,5562,125
05:48:12.337,sleep,15288,410,6288,16790,11,95,56.2,0.3,No,1500,2400,0,5574,125
05:48:13.337,sleep,15283,442,6770,16789,14,95,55.1,0.3,No,1500,2400,0,5579,125
05:48:14.337,sleep,15290,500,7658,16789,16,95,54.5,-0.0,No,1500,2400,0,5433,75
05:48:15.337,sleep,15288,242,3704,16789,18,95,54.5,0.0,No,1500,2400,0,3717,75
05:48:16.337,sleep,15290,292,4456,16790,17,95,54.0,0.3,No,1500,2400,0,3467,75
05:48:17.337,sleep,15294,354,5440,16790,18,95,51.8,0.3,No,1500,2400,0,3424,75
05:48:18.337,sleep,15290,308,4706,16790,17,95,52.9,-0.0,No,1500,2400,0,3424,75
05:48:19.337,sleep,15294,250,3838,16789,16,95,52.9,0.3,No,1500,2400,0,3410,75
05:48:20.337,sleep,15299,498,10128,16790,14,95,51.2,0.0,No,1500,2400,0,3399,75
05:48:21.337,sleep,15296,238,3646,16790,14,95,52.4,0.0,No,1500,2400,0,3399,75
05:48:22.342,active,15299,488,11690,16787,5,95,55.6,30.3,No,2400,2400,0,3366,75
05:48:23.337,active,15292,630,9644,16786,-9,95,56.8,59.0,No,2400,2400,0,3340,75
05:48:24.337,active,15307,494,11670,16785,-9,95,57.9,58.9,No,2400,2400,0,3324,75
05:48:25.341,active,15305,410,6288,16785,-4,95,59.0,59.0,No,2400,2400,0,3322,75
05:48:26.337,active,15322,686,9278,16785,-5,95,59.5,58.1,No,2400,2400,0,3316,75
05:48:27.338,active,15316,462,7098,16786,-5,95,59.5,58.6,No,2400,2400,0,3311,75
05:48:28.338,active,15260,730,11208,16786,-4,95,59.5,59.3,No,2400,2400,0,3285,75
05:48:29.337,active,15271,936,10108,16786,-4,95,60.0,58.4,No,2400,2400,0,3287,75
05:48:30.337,active,15262,738,11342,16785,-5,95,60.6,58.4,No,2400,2400,0,4967,125
05:48:31.337,active,15260,958,11382,16786,-3,95,61.1,57.8,No,2400,2400,0,5397,125
05:48:32.341,active,15277,916,14024,16785,-4,95,61.7,58.6,No,2400,2400,0,5422,125
05:48:33.338,active,15253,970,11786,16786,0,95,60.6,55.9,No,2400,2400,0,5423,125
05:48:34.337,active,15290,676,10358,16787,0,95,61.1,55.2,No,2400,2400,0,5417,125
05:48:35.337,active,15256,922,11072,16788,0,95,62.2,55.9,No,2400,2400,0,5416,125
05:48:36.341,active,15260,904,13832,16788,3,95,61.1,54.9,No,2400,2400,0,5415,125
05:48:37.337,active,15294,510,7850,16787,0,95,61.7,60.0,No,2400,2400,0,5419,125
05:48:38.341,active,15294,674,10358,16786,-3,95,61.7,55.6,No,2400,2400,0,5418,125
05:48:39.343,active,15301,476,7330,16786,-3,95,61.1,53.7,No,2400,2400,0,5429,125
05:48:40.337,active,15307,466,7292,16787,0,95,61.1,52.5,No,2400,2400,0,5430,125
05:48:41.337,active,15294,482,7408,16788,-4,95,62.2,56.6,No,2400,2400,0,5430,125
05:48:42.341,active,15288,656,9144,16786,-6,95,62.2,52.2,No,2400,2400,0,5442,125
05:48:43.337,active,15294,544,8372,16785,-5,95,61.7,51.7,No,2400,2400,0,5447,125
05:48:44.338,active,15290,738,7754,16785,-4,95,61.7,51.7,No,2400,2400,0,5447,125
05:48:45.337,active,15294,526,8064,16785,-7,95,62.2,51.0,No,2400,2400,0,5454,125
05:48:46.337,active,15260,740,7350,16787,0,95,61.1,52.6,No,2400,2400,0,5471,125
05:48:47.340,active,15243,880,13446,16787,0,95,61.1,52.3,No,2400,2400,0,5468,125
05:48:48.341,active,15311,720,11014,16785,0,95,62.2,53.7,No,2400,2400,0,5464,125
05:48:49.337,active,15258,636,13326,16785,-3,95,62.2,56.2,No,2400,2400,0,5470,125
05:48:50.340,active,15299,794,12114,16786,0,95,62.2,53.4,No,2400,2400,0,5472,125
05:48:51.337,active,15303,484,11806,16787,0,95,61.1,51.8,No,2400,2400,0,5476,125
05:48:52.337,active,15303,708,10842,16787,0,95,61.7,52.9,No,2400,2400,0,5481,125
05:48:53.338,active,15294,476,12288,16786,-4,95,62.2,52.2,No,2400,2400,0,5486,125
05:48:54.341,active,15314,602,9260,16786,0,95,62.2,53.3,No,2400,2400,0,5491,125
05:48:55.337,active,15305,522,11226,16786,0,95,62.2,56.2,No,2400,2400,0,5482,125
05:48:56.342,active,15294,792,12152,16786,0,95,62.8,52.7,No,2400,2400,0,5484,125
05:48:57.337,active,15275,758,11632,16788,0,95,62.8,54.0,No,2400,2400,0,5487,125
05:48:58.338,active,15301,694,10648,16788,0,95,62.8,57.3,No,2400,2400,0,5489,125
05:48:59.337,active,15277,716,10996,16787,3,95,62.8,52.1,No,2400,2400,0,5491,125
05:49:00.337,active,15264,856,11050,16786,0,95,62.2,55.1,No,2400,2400,0,5493,125
05:49:01.338,active,15273,646,9896,16786,0,95,62.8,56.4,No,2400,2400,0,5492,125
05:49:02.337,active,15288,754,10784,16786,0,95,62.8,56.3,No,2400,2400,0,5501,125
05:49:03.337,active,15273,894,13696,16787,0,95,63.4,58.7,No,2400,2400,0,5515,125
05:49:04.337,active,15290,846,11072,16786,0,95,62.8,57.4,No,2400,2400,0,5506,125
05:49:05.337,active,15337,496,7620,16786,0,95,63.4,56.7,No,2400,2400,0,5509,125
05:49:06.338,active,15292,448,6886,16788,3,95,62.2,57.0,No,2400,2400,0,5509,125
05:49:07.338,active,15350,464,7156,16786,0,95,62.2,56.7,No,2400,2400,0,5504,125
05:49:08.337,active,15294,486,7466,16786,0,95,62.8,57.6,No,2400,2400,0,5504,125
05:49:09.337,active,15294,700,10744,16786,0,95,63.4,58.7,No,2400,2400,0,5504,125
05:49:10.337,active,15288,490,7542,16787,0,95,63.4,57.7,No,2400,2400,0,5503,125
05:49:11.339,active,15288,756,11594,16788,0,95,63.4,57.8,No,2400,2400,0,5509,125
05:49:12.342,active,15290,438,6712,16787,0,95,63.4,56.4,No,2400,2400,0,5510,125
05:49:13.337,active,15290,704,8468,16788,0,95,62.2,58.2,No,2400,2400,0,5506,125
05:49:14.337,active,15253,806,12326,16786,6,95,63.4,58.1,No,2400,2400,0,5512,125
05:49:15.341,active,15249,726,11130,16787,4,95,63.9,57.3,No,2400,2400,0,5510,125
05:49:16.337,active,15264,780,11940,16787,3,95,63.9,57.9,No,2400,2400,0,5514,125
05:49:17.338,active,15253,768,11748,16788,5,95,63.9,57.8,No,2400,2400,0,5519,125
05:49:18.337,active,15258,710,10860,16788,7,95,62.8,57.9,No,2400,2400,0,5515,125
05:49:19.337,active,15296,764,11710,16787,4,95,62.2,57.6,No,2400,2400,0,5515,125
05:49:20.337,active,15271,694,10628,16787,0,95,64.5,58.3,No,2400,2400,0,5517,125
05:49:21.337,active,15303,782,11960,16786,0,95,63.9,57.2,No,2400,2400,0,5521,125
05:49:22.337,sleep,15290,436,6694,16786,5,95,61.1,36.6,No,2400,2400,0,5544,125
05:49:23.337,sleep,15290,458,7022,16788,14,95,59.0,-0.0,No,2400,2400,0,5560,125
05:49:24.337,sleep,15286,458,7908,16790,12,95,58.4,0.0,No,2400,2400,0,5561,125
05:49:25.337,sleep,15286,524,8024,16790,13,95,57.3,0.0,No,2400,2400,0,5556,125
05:49:26.337,sleep,15294,496,7658,16791,15,95,56.8,-0.0,No,2400,2400,0,5560,125
05:49:27.337,sleep,15283,446,6828,16790,16,95,55.6,0.3,No,1500,2400,0,5563,125
05:49:28.337,sleep,15286,538,7138,16790,20,95,55.6,0.3,No,1500,2400,0,5581,125
05:49:29.337,sleep,15283,460,7040,16789,14,95,54.5,0.3,No,1500,2400,0,5565,125
05:49:30.337,sleep,15283,590,4070,16791,21,95,53.5,-0.0,No,1500,2400,0,4748,75
05:49:31.337,sleep,15292,330,5054,16790,22,95,54.0,0.0,No,1500,2400,0,3609,75
05:49:32.337,sleep,15288,448,6268,16792,21,95,53.5,0.3,No,1500,2400,0,3437,75
05:49:33.337,sleep,15290,440,7850,16791,18,95,52.9,-0.0,No,1500,2400,0,3411,75
05:49:34.337,sleep,15299,374,5728,16790,20,95,52.9,0.3,No,1500,2400,0,3412,75
05:49:35.337,sleep,15286,392,8102,16790,14,95,52.4,-0.0,No,1500,2400,0,3412,75
05:49:36.337,sleep,15290,494,7580,16790,16,95,52.4,0.0,No,1500,2400,0,3404,75
05:49:37.341,active,15301,636,10510,16789,12,95,56.2,28.6,No,2400,2400,0,3370,75
05:49:38.337,active,15290,432,6636,16788,-3,95,58.4,58.3,No,2400,2400,0,3345,75
05:49:39.337,active,15290,686,6418,16788,0,95,58.4,58.5,No,2400,2400,0,3342,75
05:49:40.341,active,15296,486,7466,16785,-6,95,58.4,58.3,No,2400,2400,0,3335,75
05:49:41.337,active,15292,744,7304,16786,-5,95,59.0,58.6,No,2400,2400,0,3353,125
05:49:42.337,active,15271,712,10898,16785,-3,95,60.6,59.3,No,2400,2400,0,5254,125
05:49:43.341,active,15256,908,13118,16787,-4,95,61.1,58.3,No,2400,2400,0,5439,125
05:49:44.337,active,15247,738,11266,16788,0,95,61.1,58.5,No,2400,2400,0,5445,125
05:49:45.337,active,15245,876,12230,16788,0,95,60.0,59.0,No,2400,2400,0,5441,125
05:49:46.344,active,15241,684,10456,16788,0,95,60.6,56.1,No,2400,2400,0,5434,125
05:49:47.337,active,15296,994,13812,16786,0,95,60.6,55.0,No,2400,2400,0,5440,125
05:49:48.337,active,15275,662,10146,16786,0,95,61.7,55.1,No,2400,2400,0,5444,125
05:49:49.341,active,15301,664,10166,16787,0,95,61.7,55.5,No,2400,2400,0,5444,125
05:49:50.337,active,15299,634,9722,16788,0,95,61.7,59.9,No,2400,2400,0,5446,125
05:49:51.338,active,15292,668,10244,16786,0,95,60.6,51.8,No,2400,2400,0,5453,125
05:49:52.337,active,15296,762,10514,16786,0,95,60.6,51.2,No,2400,2400,0,5464,125
05:49:53.337,active,15303,702,10764,16786,-3,95,61.1,52.4,No,2400,2400,0,5467,125
05:49:54.340,active,15303,776,11304,16786,0,95,62.2,52.3,No,2400,2400,0,5463,125
05:49:55.341,active,15271,698,10706,16787,0,95,63.4,51.7,No,2400,2400,0,5464,125
05:49:56.338,active,15303,686,11266,16788,0,95,61.7,51.7,No,2400,2400,0,5468,125
05:49:57.341,active,15258,706,10842,16787,0,95,61.7,53.2,No,2400,2400,0,5465,125
05:49:58.337,active,15271,764,10070,16787,0,95,60.6,56.4,No,2400,2400,0,5468,125
05:49:59.337,active,15262,694,10668,16787,0,95,61.7,52.9,No,2400,2400,0,5483,125
05:50:00.341,active,15260,942,10726,16787,0,95,62.2,54.8,No,2400,2400,0,5476,125
05:50:01.337,active,15318,530,8140,16787,0,95,61.7,53.2,No,2400,2400,0,5479,125
05:50:02.338,active,15290,470,7214,16786,-3,95,62.2,55.1,No,2400,2400,0,5476,125
05:50:03.337,active,15324,520,7986,16786,-3,95,61.1,53.7,No,2400,2400,0,5469,125
05:50:04.337,active,15301,514,7890,16786,0,95,61.7,52.3,No,2400,2400,0,5488,125
05:50:05.337,active,15352,446,6848,16786,0,95,61.1,53.3,No,2400,2400,0,5484,125
05:50:06.340,active,15301,756,11594,16786,0,95,62.2,52.2,No,2400,2400,0,5491,125
05:50:07.340,active,15288,730,11188,16788,0,95,62.2,53.2,No,2400,2400,0,5497,125
05:50:08.338,active,15290,530,8160,16788,6,95,61.7,52.5,No,2400,2400,0,5480,125
05:50:09.337,active,15292,704,10802,16788,3,95,61.7,55.4,No,2400,2400,0,5496,125
05:50:10.337,active,15253,874,13368,16787,5,95,62.8,55.0,No,2400,2400,0,5506,125
05:50:11.338,active,15247,826,13832,16788,7,95,62.2,52.5,No,2400,2400,0,5505,125
05:50:12.337,active,15241,932,14236,16789,5,95,62.2,51.4,No,2400,2400,0,5503,125
05:50:13.341,active,15271,656,12848,16789,7,95,62.8,52.1,No,2400,2400,0,5511,125
05:50:14.342,active,15303,774,11824,16788,3,95,61.1,52.3,No,2400,2400,0,5515,125
05:50:15.337,active,15303,428,13040,16788,3,95,61.1,52.4,No,2400,2400,0,5515,125
05:50:16.337,active,15305,620,9490,16787,0,95,62.8,53.1,No,2400,2400,0,5513,125
05:50:17.341,active,15307,542,10146,16786,0,95,62.2,55.1,No,2400,2400,0,5506,125
05:50:18.337,active,15311,494,7562,16787,0,95,62.8,56.7,No,2400,2400,0,5505,125
05:50:19.341,active,15305,584,10300,16787,0,95,63.4,57.9,No,2400,2400,0,5506,125
05:50:20.337,active,15303,718,11034,16786,0,95,62.2,57.2,No,2400,2400,0,5509,125
05:50:21.337,active,15279,564,10764,16786,-4,95,63.4,60.4,No,2400,2400,0,5505,125
05:50:22.337,active,15305,694,10668,16787,0,95,63.4,57.9,No,2400,2400,0,5514,125
05:50:23.337,active,15268,878,11710,16786,0,95,62.8,57.3,No,2400,2400,0,5510,125
05:50:24.339,active,15305,796,12210,16786,-3,95,65.0,55.1,No,2400,2400,0,5515,125
05:50:25.338,active,15260,812,12096,16786,0,95,61.7,57.4,No,2400,2400,0,5512,125
05:50:26.337,active,15266,774,11864,16786,-3,95,63.9,58.2,No,2400,2400,0,5514,125
05:50:27.337,active,15266,718,14468,16786,0,95,63.9,58.0,No,2400,2400,0,5510,125
05:50:28.337,active,15266,892,13658,16787,0,95,63.4,57.2,No,2400,2400,0,5515,125
05:50:29.339,active,15296,450,6944,16785,-4,95,63.9,58.3,No,2400,2400,0,5514,125
05:50:30.341,active,15290,728,11150,16787,0,95,62.2,57.1,No,2400,2400,0,5514,125
05:50:31.337,active,15290,760,11652,16786,0,95,63.4,58.6,No,2400,2400,0,5517,125
05:50:32.337,active,15288,748,11478,16788,0,95,63.9,57.3,No,2400,2400,0,5515,125
05:50:33.337,active,15290,736,11266,16787,0,95,63.4,57.3,No,2400,2400,0,5523,125
05:50:34.337,active,15294,712,10898,16787,-4,95,63.4,56.5,No,2400,2400,0,5517,125
05:50:35.340,active,15296,812,12442,16787,0,95,63.9,57.3,No,2400,2400,0,5511,125
05:50:36.338,active,15296,718,11014,16786,0,95,62.2,57.0,No,2400,2400,0,5521,125
05:50:37.337,sleep,15292,438,6712,16788,0,95,60.0,37.8,No,2400,2400,0,5542,125
05:50:38.337,sleep,15292,488,6866,16787,7,95,59.0,-0.0,No,2400,2400,0,5563,125
05:50:39.337,sleep,15296,448,6866,16788,6,95,57.9,0.3,No,2400,2400,0,5566,125
05:50:40.337,sleep,15294,428,5884,16788,11,95,57.9,-0.0,No,2400,2400,0,5568,125
05:50:41.337,sleep,15290,456,7002,16790,15,95,56.8,0.3,No,2400,2400,0,5564,125
05:50:42.337,sleep,15286,432,7870,16789,11,95,56.2,0.3,No,1500,2400,0,5572,125
05:50:43.337,sleep,15292,392,6018,16789,13,95,56.2,0.0,No,1500,2400,0,5578,125
05:50:44.337,sleep,15292,252,5768,16789,11,95,54.5,1.0,No,1500,2400,0,4200,75
05:50:45.337,sleep,15292,284,4358,16790,17,95,54.5,0.0,No,1500,2400,0,3547,75
05:50:46.337,sleep,15290,324,7696,16790,15,95,54.0,0.3,No,1500,2400,0,3421,75
05:50:47.337,sleep,15292,448,6886,16789,13,95,54.0,0.0,No,1500,2400,0,3414,75
05:50:48.337,sleep,15288,616,8854,16791,17,95,53.5,0.0,No,1500,2400,0,3404,75
05:50:49.337,sleep,15290,392,5998,16791,17,95,53.5,0.0,No,1500,2400,0,3383,75
05:50:50.337,sleep,15286,362,5498,16791,17,95,52.9,0.3,No,1500,2400,0,3377,75
05:50:51.337,sleep,15283,404,6212,16791,19,95,52.4,0.0,No,1500,2400,0,3373,75
05:50:52.341,active,15277,990,12944,16790,16,95,56.2,27.2,No,2400,2400,0,3353,75
05:50:53.340,active,15258,872,13350,16788,0,95,56.8,57.2,No,2400,2400,0,3327,75
05:50:54.337,active,15275,948,13600,16787,-4,95,57.9,59.1,No,2400,2400,0,3328,75
05:50:55.341,active,15277,806,12346,16788,0,95,59.5,58.6,No,2400,2400,0,4207,125
05:50:56.337,active,15249,810,12250,16788,0,95,60.6,59.0,No,2400,2400,0,5361,125
05:50:57.337,active,15292,630,8468,16786,-6,95,60.0,58.5,No,2400,2400,0,5448,125
05:50:58.341,active,15288,690,10572,16786,-9,95,60.0,57.2,No,2400,2400,0,5448,125
05:50:59.337,active,15292,670,7060,16785,-8,95,60.0,54.7,No,2400,2400,0,5446,125
05:51:00.337,active,15292,586,9008,16787,-7,95,60.0,55.2,No,2400,2400,0,5447,125
05:51:01.341,active,15296,686,7948,16787,-8,95,61.1,55.1,No,2400,2400,0,5449,125
05:51:02.337,active,15301,648,9934,16788,-4,95,61.1,56.1,No,2400,2400,0,5450,125
05:51:03.337,active,15292,690,8140,16787,-4,95,61.1,57.4,No,2400,2400,0,5447,125
05:51:04.343,active,15294,774,11882,16786,-3,95,61.1,51.4,No,2400,2400,0,5456,125
05:51:05.337,active,15294,678,8680,16785,0,95,61.1,52.6,No,2400,2400,0,5458,125
05:51:06.337,active,15268,642,9818,16786,-3,95,61.7,52.2,No,2400,2400,0,5461,125
05:51:07.341,active,15301,890,13600,16788,0,95,62.2,51.9,No,2400,2400,0,5468,125
05:51:08.337,active,15299,490,7522,16788,0,95,62.2,51.3,No,2400,2400,0,5473,125
05:51:09.338,active,15303,700,10686,16786,0,95,60.6,54.5,No,2400,2400,0,5455,125
05:51:10.337,active,15296,496,10180,16786,0,95,61.1,55.4,No,2400,2400,0,5484,125
05:51:11.337,active,15333,534,8218,16787,0,95,62.2,54.5,No,2400,2400,0,5484,125
05:51:12.341,active,15301,554,11304,16787,0,95,62.8,54.5,No,2400,2400,0,5482,125
05:51:13.337,active,15307,516,7928,16786,-3,95,62.2,55.3,No,2400,2400,0,5479,125
05:51:14.341,active,15307,482,8488,16786,-3,95,62.2,53.0,No,2400,2400,0,5487,125
05:51:15.340,active,15271,766,6828,16786,-3,95,61.7,54.4,No,2400,2400,0,5484,125
05:51:16.337,active,15307,722,11072,16787,0,95,61.7,54.4,No,2400,2400,0,5495,125
05:51:17.337,active,15301,714,10938,16786,0,95,62.8,54.5,No,2400,2400,0,5495,125
05:51:18.338,active,15290,672,10300,16786,0,95,62.8,52.8,No,2400,2400,0,5497,125
05:51:19.341,active,15273,866,13272,16788,0,95,61.7,52.1,No,2400,2400,0,5494,125
05:51:20.338,active,15266,738,11304,16788,0,95,62.2,52.8,No,2400,2400,0,5498,125
05:51:21.338,active,15260,890,13620,16788,3,95,61.7,53.5,No,2400,2400,0,5503,125
05:51:22.337,active,15251,786,12056,16788,4,95,62.8,55.0,No,2400,2400,0,5510,125
05:51:23.337,active,15249,998,15258,16788,5,95,62.2,52.8,No,2400,2400,0,5503,125
05:51:24.337,active,15256,764,11728,16788,4,95,62.8,52.2,No,2400,2400,0,5506,125
05:51:25.337,active,15296,528,7696,16788,4,95,61.7,52.0,No,2400,2400,0,5504,125
05:51:26.341,active,15335,518,7966,16788,4,95,61.7,52.5,No,2400,2400,0,5507,125
05:51:27.337,active,15290,798,8120,16788,4,95,61.1,52.4,No,2400,2400,0,5511,125
05:51:28.337,active,15329,520,8006,16789,5,95,62.2,54.8,No,2400,2400,0,5520,125
05:51:29.337,active,15286,712,7890,16787,3,95,62.2,52.8,No,2400,2400,0,5518,125
05:51:30.337,active,15292,670,10262,16786,0,95,62.2,52.4,No,2400,2400,0,5514,125
05:51:31.341,active,15292,498,6712,16788,0,95,61.7,52.6,No,2400,2400,0,5521,125
05:51:32.342,active,15294,678,10378,16788,0,95,61.1,53.1,No,2400,2400,0,5502,125
05:51:33.337,active,15299,682,10474,16786,0,95,61.7,57.8,No,2400,2400,0,5509,125
05:51:34.341,active,15279,526,10088,16786,0,95,63.4,58.1,No,2400,2400,0,5507,125
05:51:35.337,active,15309,664,10166,16787,0,95,63.9,58.3,No,2400,2400,0,5509,125
05:51:36.337,active,15305,480,12636,16788,0,95,63.4,58.3,No,2400,2400,0,5518,125
05:51:37.342,active,15309,682,10416,16787,0,95,64.5,57.8,No,2400,2400,0,5520,125
05:51:38.337,active,15303,550,10668,16788,0,95,62.8,57.3,No,2400,2400,0,5518,125
05:51:39.337,active,15303,476,7310,16786,0,95,63.4,57.7,No,2400,2400,0,5514,125
05:51:40.341,active,15309,486,11034,16786,0,95,63.4,57.0,No,2400,2400,0,5516,125
05:51:41.337,active,15311,542,8334,16787,-3,95,63.4,57.9,No,2400,2400,0,5518,125
05:51:42.338,active,15318,488,10012,16786,-4,95,63.4,57.1,No,2400,2400,0,5517,125
05:51:43.338,active,15268,866,13252,16788,0,95,62.2,57.4,No,2400,2400,0,5524,125
05:51:44.337,active,15262,752,11516,16787,4,95,62.8,57.2,No,2400,2400,0,5528,125
05:51:45.337,active,15277,798,10648,16787,5,95,63.9,57.9,No,2400,2400,0,5528,125
05:51:46.337,active,15279,748,11458,16788,6,95,63.9,57.8,No,2400,2400,0,5523,125
05:51:47.339,active,15286,726,11188,16788,8,95,63.9,57.0,No,2400,2400,0,5528,125
05:51:48.340,active,15264,738,11324,16788,0,95,63.9,58.5,No,2400,2400,0,5534,125
05:51:49.338,active,15264,980,11940,16788,0,95,62.8,57.3,No,2400,2400,0,5525,125
05:51:50.337,active,15264,784,11998,16788,0,95,63.4,57.6,No,2400,2400,0,5524,125
05:51:51.341,active,15266,890,11440,16787,0,95,64.5,57.0,No,2400,2400,0,5533,125
05:51:52.337,sleep,15288,510,7832,16788,4,95,60.6,38.5,No,2400,2400,0,5546,125
05:51:53.337,sleep,15292,438,6732,16788,13,95,59.5,0.0,No,2400,2400,0,5567,125
05:51:54.337,sleep,15290,498,7658,16791,20,95,57.9,0.2,No,2400,2400,0,5572,125
05:51:55.337,sleep,15292,516,7908,16790,15,95,57.9,0.0,No,2400,2400,0,5571,125
05:51:56.337,sleep,15296,514,7890,16791,16,95,57.3,0.3,No,2400,2400,0,5576,125
05:51:57.337,sleep,15288,382,5864,16790,17,95,56.2,0.3,No,1500,2400,0,5580,125
05:51:58.337,sleep,15290,464,7118,16791,21,95,55.1,0.3,No,1500,2400,0,5583,125
05:51:59.337,sleep,15292,500,7658,16790,18,95,55.1,0.3,No,1500,2400,0,5590,125
05:52:00.337,sleep,15286,412,5540,16791,14,95,54.0,0.0,No,1500,2400,0,5587,125
05:52:01.337,sleep,15292,330,5072,16791,17,95,54.0,0.3,No,1500,2400,0,3954,75
05:52:02.337,sleep,15301,266,3260,16791,14,95,53.5,0.0,No,1500,2400,0,3502,75
05:52:03.337,sleep,15292,596,9144,16791,19,95,54.0,-0.0,No,1500,2400,0,3436,75
05:52:04.337,sleep,15288,546,3704,16791,20,95,52.4,0.0,No,1500,2400,0,3411,75
05:52:05.337,sleep,15294,210,3220,16791,19,95,52.9,0.0,No,1500,2400,0,3406,75
05:52:06.337,sleep,15286,392,3818,16791,18,95,52.4,0.2,No,1500,2400,0,3407,75
05:52:07.337,active,15305,696,10686,16788,10,95,56.2,25.1,No,2400,2400,0,3395,75
05:52:08.340,active,15309,508,11014,16789,-4,95,57.9,58.6,No,2400,2400,0,3362,75
05:52:09.337,active,15305,428,6558,16788,-3,95,59.0,58.6,No,2400,2400,0,3343,75
05:52:10.341,active,15303,542,8718,16788,-3,95,59.0,57.9,No,2400,2400,0,3327,75
05:52:11.337,active,15294,672,10320,16787,0,95,59.0,56.4,No,2400,2400,0,4770,125
05:52:12.337,active,15307,684,10514,16787,0,95,59.0,54.7,No,2400,2400,0,5409,125
05:52:13.337,active,15294,706,10842,16787,0,95,60.6,55.2,No,2400,2400,0,5462,125
05:52:14.341,active,15258,716,10996,16787,0,95,60.6,55.3,No,2400,2400,0,5456,125
05:52:15.337,active,15307,712,10938,16786,-4,95,60.6,62.0,No,2400,2400,0,5446,125
05:52:16.338,active,15266,696,10686,16786,-6,95,61.1,52.3,No,2400,2400,0,5456,125
05:52:17.337,active,15303,784,12038,16786,-5,95,60.0,53.2,No,2400,2400,0,5462,125
05:52:18.337,active,15258,666,10224,16786,-4,95,61.1,52.6,No,2400,2400,0,5461,125
05:52:19.339,active,15279,628,9626,16787,0,95,61.1,52.3,No,2400,2400,0,5466,125
05:52:20.341,active,15253,656,10050,16788,0,95,60.6,51.7,No,2400,2400,0,5462,125
05:52:21.337,active,15344,468,7194,16787,0,95,61.1,51.5,No,2400,2400,0,5472,125
05:52:22.338,active,15339,512,7870,16787,-3,95,61.1,51.2,No,2400,2400,0,5476,125
05:52:23.337,active,15292,670,8236,16788,0,95,61.1,51.8,No,2400,2400,0,5466,125
05:52:24.337,active,15354,498,7678,16787,-3,95,61.1,52.4,No,2400,2400,0,5476,125
05:52:25.341,active,15296,684,9916,16786,0,95,62.2,53.3,No,2400,2400,0,5470,125
05:52:26.339,active,15294,574,8816,16786,-3,95,61.7,54.7,No,2400,2400,0,5487,125
05:52:27.341,active,15296,716,7792,16787,0,95,62.2,51.7,No,2400,2400,0,5502,125
05:52:28.337,active,15292,780,11960,16788,0,95,61.7,51.9,No,2400,2400,0,5491,125
05:52:29.337,active,15301,740,11536,16789,4,95,62.8,55.6,No,2400,2400,0,5492,125
05:52:30.337,active,15249,658,13634,16789,6,95,61.7,53.2,No,2400,2400,0,5485,125
05:52:31.337,active,15299,708,10822,16787,0,95,62.2,52.8,No,2400,2400,0,5492,125
05:52:32.338,active,15301,516,12172,16786,0,95,62.2,54.6,No,2400,2400,0,5491,125
05:52:33.342,active,15299,726,11112,16787,3,95,61.7,51.9,No,2400,2400,0,5494,125
05:52:34.337,active,15301,532,10166,16789,0,95,61.1,55.0,No,2400,2400,0,5503,125
05:52:35.337,active,15303,646,9896,16789,0,95,61.1,53.7,No,2400,2400,0,5507,125
05:52:36.338,active,15301,532,11362,16789,5,95,62.2,52.3,No,2400,2400,0,5514,125
05:52:37.337,active,15311,464,7118,16788,4,95,62.2,53.1,No,2400,2400,0,5505,125
05:52:38.338,active,15311,476,10224,16788,3,95,61.7,55.4,No,2400,2400,0,5502,125
05:52:39.338,active,15296,688,10552,16787,0,95,61.1,55.6,No,2400,2400,0,5500,125
05:52:40.337,active,15299,524,10186,16788,0,95,61.7,54.0,No,2400,2400,0,5505,125
05:52:41.337,active,15299,770,11786,16788,0,95,63.4,53.4,No,2400,2400,0,5510,125
05:52:42.337,active,15303,636,11362,16788,0,95,62.2,52.4,No,2400,2400,0,5514,125
05:52:43.337,active,15271,822,12578,16787,0,95,62.2,54.4,No,2400,2400,0,5505,125
05:52:44.341,active,15271,754,11554,16786,-4,95,61.7,55.2,No,2400,2400,0,5507,125
05:52:45.337,active,15268,888,13580,16786,-6,95,62.2,55.2,No,2400,2400,0,5512,125
05:52:46.337,active,15266,780,11960,16787,0,95,62.8,57.8,No,2400,2400,0,5511,125
05:52:47.337,active,15253,918,14044,16786,-3,95,62.2,57.3,No,2400,2400,0,5515,125
05:52:48.337,active,15288,550,8448,16787,0,95,63.4,57.5,No,2400,2400,0,5512,125
05:52:49.339,active,15294,708,7408,16787,0,95,62.8,57.4,No,2400,2400,0,5510,125
05:52:50.341,active,15296,724,11112,16785,-8,95,61.7,57.1,No,2400,2400,0,5507,125
05:52:51.337,active,15294,668,7388,16785,-7,95,63.9,58.9,No,2400,2400,0,5515,125
05:52:52.337,active,15299,754,11574,16785,-11,95,64.5,60.7,No,2400,2400,0,5512,125
05:52:53.337,active,15296,766,11458,16786,-9,95,63.9,56.7,No,2400,2400,0,5512,125
05:52:54.339,active,15296,686,10514,16787,-6,95,62.2,56.9,No,2400,2400,0,5513,125
05:52:55.341,active,15296,736,11516,16787,-7,95,63.4,57.9,No,2400,2400,0,5514,125
05:52:56.337,active,15299,748,11458,16787,0,95,62.2,57.8,No,2400,2400,0,5515,125
05:52:57.337,active,15299,700,11382,16787,-4,95,64.5,57.9,No,2400,2400,0,5511,125
05:52:58.337,active,15253,668,10224,16787,0,95,63.9,57.2,No,2400,2400,0,5513,125
05:52:59.337,active,15309,620,9490,16786,0,95,63.4,57.3,No,2400,2400,0,5515,125
05:53:00.338,active,15305,560,8584,16786,0,95,63.4,57.6,No,2400,2400,0,5514,125
05:53:01.340,active,15316,734,11246,16786,0,95,62.8,57.0,No,2400,2400,0,5514,125
05:53:02.337,active,15303,522,8006,16787,0,95,62.8,58.1,No,2400,2400,0,5517,125
05:53:03.340,active,15314,636,9760,16786,0,95,63.4,57.3,No,2400,2400,0,5522,125
05:53:04.337,active,15314,542,8314,16786,0,95,63.4,56.9,No,2400,2400,0,5522,125
05:53:05.340,active,15322,510,7832,16787,0,95,64.5,57.1,No,2400,2400,0,5512,125
05:53:06.340,active,15329,492,7562,16788,0,95,62.8,57.6,No,2400,2400,0,5517,125
05:53:07.337,sleep,15292,542,8294,16787,0,95,60.6,41.4,No,2400,2400,0,5543,125
05:53:08.337,sleep,15290,546,8334,16789,13,95,58.4,0.0,No,2400,2400,0,5567,125
05:53:09.337,sleep,15292,428,6578,16788,10,95,57.9,0.3,No,2400,2400,0,5568,125
05:53:10.337,sleep,15288,524,7678,16789,8,95,57.3,0.0,No,2400,2400,0,5576,125
05:53:11.337,sleep,15288,502,7696,16789,9,95,56.8,0.0,No,2400,2400,0,5573,125
05:53:12.337,sleep,15286,376,8776,16789,7,95,56.8,0.3,No,1500,2400,0,5571,125
05:53:13.337,sleep,15288,282,4320,16790,17,95,55.1,-0.0,No,1500,2400,0,5573,125
05:53:14.337,sleep,15283,276,5362,16790,13,95,54.5,0.3,No,1500,2400,0,5478,75
05:53:15.337,sleep,15288,446,6848,16790,14,95,54.0,0.0,No,1500,2400,0,3738,75
05:53:16.337,sleep,15288,394,6038,16791,16,95,53.5,0.3,No,1500,2400,0,3466,75
05:53:17.337,sleep,15292,450,6906,16790,15,95,52.9,0.0,No,1500,2400,0,3419,75
05:53:18.337,sleep,15292,460,7060,16791,15,95,53.5,0.0,No,1500,2400,0,3411,75
05:53:19.337,sleep,15288,496,7344,16790,16,95,53.5,0.0,No,1500,2400,0,3400,75
05:53:20.337,sleep,15290,344,5266,16790,13,95,52.9,0.3,No,1500,2400,0,3382,75
05:53:21.337,sleep,15288,486,5612,16790,12,95,52.4,0.3,No,1500,2400,0,3380,75
05:53:22.341,active,15296,662,10166,16792,14,95,55.6,23.5,No,2400,2400,0,3378,75
05:53:23.338,active,15292,708,7522,16789,0,95,57.3,57.1,No,2400,2400,0,3344,75
05:53:24.337,active,15292,674,10320,16789,0,95,57.9,54.8,No,2400,2400,0,3340,75
05:53:25.337,active,15301,648,8140,16787,0,95,58.4,55.8,No,2400,2400,0,3340,75
05:53:26.341,active,15260,740,11324,16787,0,95,60.0,55.0,No,2400,2400,0,3337,75
05:53:27.337,active,15292,678,10358,16786,0,95,60.0,57.1,No,2400,2400,0,3324,75
05:53:28.341,active,15303,564,8662,16787,-6,95,61.1,57.2,No,2400,2400,0,5025,125
05:53:29.344,active,15305,720,11014,16787,-4,95,59.5,52.4,No,2400,2400,0,5421,125
05:53:30.337,active,15301,450,6906,16786,-5,95,60.0,51.8,No,2400,2400,0,5443,125
05:53:31.337,active,15303,680,10436,16786,-4,95,60.6,52.4,No,2400,2400,0,5439,125
05:53:32.341,active,15299,458,7022,16786,-5,95,60.6,54.0,No,2400,2400,0,5432,125
05:53:33.337,active,15314,464,7138,16787,0,95,60.6,52.2,No,2400,2400,0,5433,125
05:53:34.341,active,15326,474,7292,16787,-3,95,61.1,55.8,No,2400,2400,0,5431,125
05:53:35.337,active,15292,796,12192,16788,-4,95,60.6,53.5,No,2400,2400,0,5432,125
05:53:36.337,active,15303,748,10416,16787,0,95,60.6,54.2,No,2400,2400,0,5443,125
05:53:37.337,active,15299,694,10628,16788,0,95,62.2,56.0,No,2400,2400,0,5444,125
05:53:38.337,active,15294,732,10976,16787,0,95,62.2,54.8,No,2400,2400,0,5445,125
05:53:39.338,active,15301,720,11054,16787,0,95,61.7,56.1,No,2400,2400,0,5443,125
05:53:40.342,active,15268,942,11922,16787,0,95,61.1,53.8,No,2400,2400,0,5458,125
05:53:41.337,active,15279,856,13118,16788,0,95,62.2,56.7,No,2400,2400,0,5457,125
05:53:42.337,active,15258,708,10514,16787,-4,95,62.2,54.8,No,2400,2400,0,5464,125
05:53:43.338,active,15286,726,11130,16786,-3,95,62.8,55.0,No,2400,2400,0,5465,125
05:53:44.338,active,15299,518,7966,16786,-5,95,61.1,51.3,No,2400,2400,0,5473,125
05:53:45.338,active,15333,470,8642,16787,0,95,62.2,51.9,No,2400,2400,0,5472,125
05:53:46.342,active,15292,510,7850,16787,0,95,60.6,51.9,No,2400,2400,0,5478,125
05:53:47.337,active,15292,802,7716,16786,-5,95,61.7,51.9,No,2400,2400,0,5482,125
05:53:48.340,active,15348,486,7484,16786,0,95,61.7,52.2,No,2400,2400,0,5487,125
05:53:49.341,active,15290,674,7678,16787,0,95,62.2,52.0,No,2400,2400,0,5493,125
05:53:50.337,active,15299,540,8294,16786,-6,95,62.8,51.5,No,2400,2400,0,5488,125
05:53:51.338,active,15292,744,7792,16786,-3,95,61.7,51.9,No,2400,2400,0,5490,125
05:53:52.337,active,15299,654,10012,16786,-4,95,61.7,55.9,No,2400,2400,0,5491,125
05:53:53.341,active,15301,692,10398,16785,-7,95,61.7,57.3,No,2400,2400,0,5495,125
05:53:54.341,active,15260,714,11710,16785,-7,95,63.4,58.3,No,2400,2400,0,5498,125
05:53:55.337,active,15307,798,12210,16785,-9,95,62.8,58.2,No,2400,2400,0,5494,125
05:53:56.338,active,15307,526,12250,16786,-5,95,62.8,57.4,No,2400,2400,0,5482,125
05:53:57.340,active,15305,696,10648,16787,-4,95,62.8,57.1,No,2400,2400,0,5489,125
05:53:58.337,active,15303,440,10494,16787,0,95,62.2,57.2,No,2400,2400,0,5497,125
05:53:59.338,active,15307,708,10860,16787,0,95,62.8,59.1,No,2400,2400,0,5500,125
05:54:00.337,active,15307,412,12268,16786,0,95,62.8,57.0,No,2400,2400,0,5508,125
05:54:01.339,active,15301,512,7850,16786,0,95,62.8,57.0,No,2400,2400,0,5516,125
05:54:02.342,active,15309,558,9086,16786,-5,95,63.4,57.0,No,2400,2400,0,5504,125
05:54:03.337,active,15309,706,10822,16786,-4,95,62.8,57.7,No,2400,2400,0,5507,125
05:54:04.341,active,15271,758,11632,16786,0,95,63.9,58.3,No,2400,2400,0,5518,125
05:54:05.341,active,15268,748,11440,16786,0,95,63.4,58.0,No,2400,2400,0,5509,125
05:54:06.337,active,15262,712,10918,16787,0,95,63.4,56.8,No,2400,2400,0,5507,125
05:54:07.344,active,15271,930,14236,16787,0,95,63.4,57.3,No,2400,2400,0,5509,125
05:54:08.337,active,15266,774,11864,16787,0,95,62.2,56.7,No,2400,2400,0,5505,125
05:54:09.337,active,15264,966,14776,16787,0,95,62.2,57.1,No,2400,2400,0,5513,125
05:54:10.337,active,15275,852,13040,16787,-3,95,64.5,58.1,No,2400,2400,0,5519,125
05:54:11.337,active,15260,964,14738,16789,0,95,63.9,56.7,No,2400,2400,0,5519,125
05:54:12.339,active,15348,502,7716,16787,-4,95,63.9,57.7,No,2400,2400,0,5523,125
05:54:13.337,active,15296,716,7272,16786,0,95,63.4,55.8,No,2400,2400,0,5528,125
05:54:14.339,active,15292,662,10146,16785,0,95,62.8,56.8,No,2400,2400,0,5524,125
05:54:15.337,active,15288,696,7966,16785,-4,95,63.9,57.4,No,2400,2400,0,5524,125
05:54:16.337,active,15290,670,10262,16786,-4,95,63.9,57.4,No,2400,2400,0,5525,125
05:54:17.337,active,15299,758,7350,16786,-4,95,63.9,57.6,No,2400,2400,0,5523,125
05:54:18.338,active,15296,668,10244,16785,-9,95,63.9,56.7,No,2400,2400,0,5522,125
05:54:19.340,active,15294,668,11554,16785,-7,95,62.8,58.1,No,2400,2400,0,5517,125
05:54:20.337,active,15299,774,11864,16786,0,95,63.4,57.2,No,2400,2400,0,5516,125
05:54:21.341,active,15311,750,11554,16787,0,95,62.8,59.7,No,2400,2400,0,5525,125
05:54:22.337,sleep,15292,466,7156,16788,0,95,60.6,44.1,No,2400,2400,0,5533,125
05:54:23.337,sleep,15292,416,6404,16789,12,95,59.5,0.0,No,2400,2400,0,5563,125
05:54:24.337,sleep,15303,490,7522,16788,8,95,57.3,0.0,No,2400,2400,0,5567,125
05:54:25.337,sleep,15288,542,8314,16788,8,95,57.9,-0.0,No,2400,2400,0,5571,125
05:54:26.337,sleep,15288,550,8430,16788,4,95,56.8,0.0,No,2400,2400,0,5569,125
05:54:27.337,sleep,15294,484,7426,16787,5,95,56.8,0.3,No,1500,2400,0,5575,125
05:54:28.337,sleep,15283,358,5478,16790,14,95,55.1,0.0,No,1500,2400,0,5587,125
05:54:29.337,sleep,15290,282,4610,16791,14,95,55.1,-0.0,No,1500,2400,0,5002,75
05:54:30.337,sleep,15294,336,5150,16790,15,95,54.5,0.3,No,1500,2400,0,3657,75
05:54:31.337,sleep,15290,670,10262,16790,18,95,54.0,0.0,No,1500,2400,0,3442,75
05:54:32.337,sleep,15288,366,4058,16790,17,95,53.5,0.0,No,1500,2400,0,3407,75
05:54:33.337,sleep,15288,342,5246,16790,17,95,53.5,0.2,No,1500,2400,0,3416,75
05:54:34.337,sleep,15288,438,7756,16792,17,95,53.5,0.0,No,1500,2400,0,3420,75
05:54:35.337,sleep,15288,586,8970,16792,21,95,52.9,0.3,No,1500,2400,0,3396,75
05:54:36.337,sleep,15286,352,5382,16791,20,95,52.9,0.3,No,1500,2400,0,3398,75
05:54:37.337,active,15260,656,10070,16789,15,95,55.1,21.1,No,2400,2400,0,3392,75
05:54:38.337,active,15249,878,13406,16787,-5,95,57.3,55.0,No,2400,2400,0,3353,75
05:54:39.341,active,15253,738,11304,16787,0,95,58.4,57.5,No,2400,2400,0,3336,75
05:54:40.337,active,15296,724,6866,16788,0,95,60.0,56.8,No,2400,2400,0,3320,75
05:54:41.338,active,15326,480,7368,16789,0,95,58.4,52.2,No,2400,2400,0,3325,75
05:54:42.337,active,15294,670,9684,16789,0,95,59.0,53.2,No,2400,2400,0,3318,125
05:54:43.338,active,15294,774,11864,16787,0,95,60.6,54.5,No,2400,2400,0,5159,125
05:54:44.337,active,15294,818,9278,16786,-4,95,60.6,54.9,No,2400,2400,0,5411,125
05:54:45.341,active,15292,728,11150,16787,0,95,60.6,53.2,No,2400,2400,0,5430,125
05:54:46.337,active,15290,736,7620,16788,0,95,60.6,51.7,No,2400,2400,0,5429,125
05:54:47.337,active,15290,756,11612,16788,-3,95,60.0,51.0,No,2400,2400,0,5440,125
05:54:48.337,active,15299,718,10398,16786,-5,95,61.1,52.4,No,2400,2400,0,5441,125
05:54:49.337,active,15307,526,12096,16787,0,95,61.1,52.6,No,2400,2400,0,5449,125
05:54:50.337,active,15296,1002,12538,16787,0,95,60.6,51.8,No,2400,2400,0,5446,125
05:54:51.337,active,15299,526,8064,16788,3,95,61.1,51.4,No,2400,2400,0,5455,125
05:54:52.341,active,15311,726,11246,16788,0,95,61.7,51.5,No,2400,2400,0,5454,125
05:54:53.337,active,15296,512,7850,16787,0,95,60.6,51.4,No,2400,2400,0,5455,125
05:54:54.337,active,15307,512,8758,16786,-3,95,61.7,52.3,No,2400,2400,0,5451,125
05:54:55.337,active,15299,450,6906,16787,0,95,62.2,52.4,No,2400,2400,0,5461,125
05:54:56.337,active,15316,464,8546,16787,0,95,61.7,51.4,No,2400,2400,0,5463,125
05:54:57.339,active,15305,472,7234,16787,0,95,62.2,51.8,No,2400,2400,0,5472,125
05:54:58.341,active,15322,484,8006,16788,0,95,61.7,51.9,No,2400,2400,0,5474,125
05:54:59.337,active,15305,778,11940,16788,3,95,60.6,51.7,No,2400,2400,0,5472,125
05:55:00.337,active,15251,644,9896,16788,0,95,62.2,52.3,No,2400,2400,0,5472,125
05:55:01.337,active,15264,870,13310,16787,-5,95,62.2,52.2,No,2400,2400,0,5480,125
05:55:02.337,active,15249,744,11420,16787,-4,95,62.2,51.4,No,2400,2400,0,5480,125
05:55:03.341,active,15249,846,12944,16786,0,95,62.8,52.2,No,2400,2400,0,5486,125
05:55:04.338,active,15266,670,10262,16785,0,95,61.7,55.2,No,2400,2400,0,5485,125
05:55:05.337,active,15266,754,11536,16786,-7,95,62.2,57.9,No,2400,2400,0,5488,125
05:55:06.338,active,15266,752,11516,16788,-3,95,63.4,58.1,No,2400,2400,0,5498,125
05:55:07.337,active,15258,826,12636,16787,-3,95,63.4,57.2,No,2400,2400,0,5497,125
05:55:08.339,active,15292,694,10628,16786,-5,95,63.4,57.5,No,2400,2400,0,5496,125
05:55:09.341,active,15296,684,11072,16786,-5,95,62.2,58.5,No,2400,2400,0,5496,125
05:55:10.337,active,15292,742,11382,16787,0,95,61.7,57.3,No,2400,2400,0,5492,125
05:55:11.337,active,15296,670,10956,16787,-4,95,63.4,57.5,No,2400,2400,0,5496,125
05:55:12.337,active,15288,714,10956,16788,0,95,63.4,57.1,No,2400,2400,0,5508,125
05:55:13.337,active,15296,704,10398,16788,0,95,62.8,56.9,No,2400,2400,0,5505,125
05:55:14.339,active,15290,802,12308,16788,3,95,63.4,56.6,No,2400,2400,0,5507,125
05:55:15.340,active,15309,674,11710,16787,0,95,62.8,56.5,No,2400,2400,0,5498,125
05:55:16.337,active,15294,698,10706,16788,0,95,63.4,58.1,No,2400,2400,0,5502,125
05:55:17.337,active,15320,712,10822,16787,0,95,62.8,58.3,No,2400,2400,0,5500,125
05:55:18.337,active,15311,532,10706,16788,0,95,62.8,57.3,No,2400,2400,0,5503,125
05:55:19.339,active,15322,538,8236,16787,0,95,63.4,57.7,No,2400,2400,0,5504,125
05:55:20.341,active,15311,530,10590,16787,0,95,62.8,56.9,No,2400,2400,0,5498,125
05:55:21.337,active,15346,494,7580,16786,0,95,62.8,57.7,No,2400,2400,0,5506,125
05:55:22.337,active,15318,434,6866,16786,-3,95,63.4,57.2,No,2400,2400,0,5512,125
05:55:23.337,active,15335,566,8700,16787,-3,95,64.5,57.7,No,2400,2400,0,5519,125
05:55:24.337,active,15331,538,8854,16787,0,95,63.9,56.7,No,2400,2400,0,5519,125
05:55:25.340,active,15292,526,8082,16788,0,95,63.4,56.8,No,2400,2400,0,5518,125
05:55:26.337,active,15346,522,7310,16789,4,95,63.4,57.3,No,2400,2400,0,5529,125
05:55:27.337,active,15264,930,14236,16788,0,95,63.4,57.6,No,2400,2400,0,5533,125
05:55:28.337,active,15283,912,14970,16788,0,95,64.5,57.6,No,2400,2400,0,5522,125
05:55:29.337,active,15266,1010,15452,16786,0,95,64.5,57.6,No,2400,2400,0,5518,125
05:55:30.338,active,15279,1014,15530,16786,0,95,64.5,57.7,No,2400,2400,0,5521,125
05:55:31.338,active,15262,866,13252,16787,0,95,63.4,56.9,No,2400,2400,0,5520,125
05:55:32.337,active,15251,976,14950,16788,0,95,63.4,57.5,No,2400,2400,0,5526,125
05:55:33.337,active,15271,712,10880,16788,0,95,62.8,59.6,No,2400,2400,0,5527,125
05:55:34.338,active,15238,900,13754,16787,0,95,63.9,56.1,No,2400,2400,0,5533,125
05:55:35.337,active,15258,816,12480,16786,0,95,64.5,54.4,No,2400,2400,0,5529,125
05:55:36.338,active,15339,506,7792,16787,0,95,63.9,54.3,No,2400,2400,0,5528,125
05:55:37.337,sleep,15292,498,7832,16788,0,95,60.6,44.9,No,2400,2400,0,5524,125
05:55:38.337,sleep,15292,526,8044,16790,15,95,59.5,-0.0,No,2400,2400,0,5568,125
05:55:39.337,sleep,15283,466,8120,16790,14,95,59.0,0.0,No,2400,2400,0,5575,125
05:55:40.337,sleep,15283,514,7890,16788,8,95,57.3,0.3,No,2400,2400,0,5580,125
05:55:41.337,sleep,15290,546,6886,16789,9,95,57.3,-0.0,No,2400,2400,0,5584,125
05:55:42.337,sleep,15283,448,6886,16788,7,95,56.8,0.3,No,1500,2400,0,5587,125
05:55:43.337,sleep,15292,480,5014,16790,13,95,54.5,0.0,No,1500,2400,0,5587,125
05:55:44.337,sleep,15290,500,7658,16790,9,95,54.5,0.3,No,1500,2400,0,5589,125
05:55:45.337,sleep,15288,356,6636,16790,9,95,54.5,0.0,No,1500,2400,0,5589,125
05:55:46.337,sleep,15290,486,7446,16790,11,95,54.5,0.5,No,1500,2400,0,4497,75
05:55:47.337,sleep,15290,260,3992,16790,14,95,53.5,0.2,No,1500,2400,0,3580,75
05:55:48.337,sleep,15292,352,5400,16789,17,95,53.5,0.3,No,1500,2400,0,3436,75
05:55:49.337,sleep,15290,612,8738,16790,17,95,53.5,0.0,No,1500,2400,0,3411,75
05:55:50.337,sleep,15288,284,4358,16790,15,95,52.9,-0.0,No,1500,2400,0,3391,75
05:55:51.337,sleep,15296,296,4590,16789,15,95,52.9,0.3,No,1500,2400,0,3384,75
05:55:52.337,active,15307,482,7408,16791,12,95,56.2,19.8,No,2400,2400,0,3389,75
05:55:53.338,active,15292,694,7966,16787,-4,95,57.3,54.2,No,2400,2400,0,3350,75
05:55:54.344,active,15311,514,7890,16787,0,95,58.4,55.4,No,2400,2400,0,3347,75
05:55:55.337,active,15247,764,11710,16788,0,95,57.9,51.8,No,2400,2400,0,3354,75
05:55:56.337,active,15258,872,13350,16786,0,95,59.0,52.3,No,2400,2400,0,3344,75
05:55:57.341,active,15253,726,11150,16788,0,95,60.0,52.3,No,2400,2400,0,3340,75
05:55:58.337,active,15251,884,13522,16788,0,95,61.7,51.7,No,2400,2400,0,3550,125
05:55:59.338,active,15249,882,13504,16787,-3,95,58.4,51.4,No,2400,2400,0,5312,125
05:56:00.337,active,15251,778,11902,16786,-7,95,60.0,51.3,No,2400,2400,0,5442,125
05:56:01.337,active,15247,960,14660,16785,-7,95,60.6,52.4,No,2400,2400,0,5450,125
05:56:02.340,active,15258,858,11088,16787,-5,95,61.1,52.2,No,2400,2400,0,5448,125
05:56:03.341,active,15253,710,10860,16787,-7,95,61.1,51.2,No,2400,2400,0,5445,125
05:56:04.337,active,15299,736,11458,16785,-7,95,62.2,59.6,No,2400,2400,0,5446,125
05:56:05.340,active,15296,764,11728,16787,-4,95,61.7,56.9,No,2400,2400,0,5454,125
05:56:06.337,active,15299,742,9490,16787,-4,95,61.1,54.9,No,2400,2400,0,5462,125
05:56:07.337,active,15299,648,9954,16787,-4,95,61.7,53.6,No,2400,2400,0,5452,125
05:56:08.341,active,15303,766,10474,16786,0,95,62.2,54.1,No,2400,2400,0,5460,125
05:56:09.337,active,15301,770,11806,16786,0,95,62.8,53.8,No,2400,2400,0,5467,125
05:56:10.337,active,15303,732,10726,16785,-4,95,62.2,52.2,No,2400,2400,0,5475,125
05:56:11.339,active,15309,668,10244,16785,-4,95,61.7,55.7,No,2400,2400,0,5458,125
05:56:12.337,active,15299,714,11130,16786,0,95,62.2,55.5,No,2400,2400,0,5471,125
05:56:13.341,active,15303,760,11670,16788,0,95,63.4,56.5,No,2400,2400,0,5468,125
05:56:14.341,active,15311,546,8392,16785,-5,95,62.8,55.4,No,2400,2400,0,5473,125
05:56:15.337,active,15311,482,8352,16785,-6,95,62.8,54.2,No,2400,2400,0,5477,125
05:56:16.337,active,15288,472,7234,16786,-3,95,62.8,55.1,No,2400,2400,0,5481,125
05:56:17.337,active,15322,554,7310,16786,0,95,62.2,56.7,No,2400,2400,0,5487,125
05:56:18.338,active,15341,474,7272,16786,-5,95,62.8,57.6,No,2400,2400,0,5492,125
05:56:19.337,active,15341,530,7658,16787,-4,95,63.4,57.5,No,2400,2400,0,5497,125
05:56:20.337,active,15292,526,8082,16786,-3,95,62.2,55.9,No,2400,2400,0,5499,125
05:56:21.338,active,15350,534,6848,16786,-3,95,62.8,57.6,No,2400,2400,0,5492,125
05:56:22.343,active,15296,552,8488,16786,-4,95,63.4,57.2,No,2400,2400,0,5502,125
05:56:23.337,active,15275,798,13774,16787,0,95,62.8,57.6,No,2400,2400,0,5505,125
05:56:24.337,active,15277,686,10514,16788,0,95,62.8,57.9,No,2400,2400,0,5504,125
05:56:25.337,active,15275,806,14178,16787,0,95,63.4,58.1,No,2400,2400,0,5505,125
05:56:26.339,active,15253,830,12674,16787,0,95,63.4,56.2,No,2400,2400,0,5500,125
05:56:27.342,active,15260,660,12828,16786,0,95,63.4,56.7,No,2400,2400,0,5504,125
05:56:28.337,active,15260,768,11748,16785,-4,95,62.8,57.5,No,2400,2400,0,5506,125
05:56:29.337,active,15260,774,13040,16786,-4,95,63.9,57.9,No,2400,2400,0,5503,125
05:56:30.341,active,15262,740,11324,16787,-3,95,63.4,58.2,No,2400,2400,0,5506,125
05:56:31.337,active,15273,648,10648,16786,-6,95,64.5,57.0,No,2400,2400,0,5510,125
05:56:32.338,active,15299,744,11144,16786,-7,95,63.9,57.5,No,2400,2400,0,5511,125
05:56:33.338,active,15296,668,10244,16784,-9,95,62.8,56.9,No,2400,2400,0,5514,125
05:56:34.337,active,15305,706,10822,16784,-11,95,63.4,57.6,No,2400,2400,0,5512,125
05:56:35.337,active,15301,690,10590,16785,-5,95,63.9,57.8,No,2400,2400,0,5510,125
05:56:36.337,active,15301,690,10590,16786,-7,95,64.5,56.8,No,2400,2400,0,5516,125
05:56:37.339,active,15309,766,11748,16787,-6,95,63.9,58.6,No,2400,2400,0,5516,125
05:56:38.337,active,15299,760,11652,16785,-5,95,63.4,57.0,No,2400,2400,0,5514,125
05:56:39.338,active,15283,772,11844,16785,-9,95,62.8,57.1,No,2400,2400,0,5517,125
05:56:40.337,active,15303,732,11246,16785,-6,95,63.4,57.7,No,2400,2400,0,5521,125
05:56:41.337,active,15273,696,10668,16786,-4,95,63.4,56.7,No,2400,2400,0,5520,125
05:56:42.337,active,15329,498,6964,16786,-5,95,63.9,57.0,No,2400,2400,0,5527,125
05:56:43.340,active,15316,536,8236,16786,-3,95,64.5,57.5,No,2400,2400,0,5529,125
05:56:44.341,active,15296,728,7658,16786,-5,95,62.8,58.0,No,2400,2400,0,5523,125
05:56:45.337,active,15301,736,11284,16786,-3,95,63.4,57.9,No,2400,2400,0,5522,125
05:56:46.340,active,15350,508,8352,16785,-5,95,63.4,59.4,No,2400,2400,0,5525,125
05:56:47.337,active,15294,486,7466,16785,-7,95,63.9,59.1,No,2400,2400,0,5519,125
05:56:48.340,active,15296,734,6790,16786,0,95,63.9,58.8,No,2400,2400,0,5523,125
05:56:49.340,active,15299,630,9664,16787,-5,95,63.9,58.2,No,2400,2400,0,5527,125
05:56:50.338,active,15292,682,7890,16785,-4,95,63.4,58.0,No,2400,2400,0,5522,125
05:56:51.337,active,15279,872,13368,16786,0,95,65.0,58.6,No,2400,2400,0,5534,125
05:56:52.337,sleep,15292,720,8584,16786,0,95,61.7,48.6,No,2400,2400,0,5543,125
05:56:53.337,sleep,15283,496,7620,16788,11,95,59.5,0.3,No,2400,2400,0,5582,125
05:56:54.337,sleep,15290,470,6810,16787,10,95,58.4,0.0,No,2400,2400,0,5582,125
05:56:55.337,sleep,15288,492,7542,16787,6,95,57.9,0.0,No,2400,2400,0,5579,125
05:56:56.337,sleep,15301,418,7966,16787,9,95,57.3,0.3,No,2400,2400,0,5577,125
05:56:57.337,sleep,15290,304,4648,16788,6,95,56.8,0.3,No,1500,2400,0,5577,125
05:56:58.337,sleep,15294,370,8564,16788,10,95,55.6,0.3,No,1500,2400,0,5585,125
05:56:59.337,sleep,15290,492,7542,16788,10,95,55.1,0.0,No,1500,2400,0,5583,125
05:57:00.337,sleep,15286,406,6230,16789,9,95,54.5,0.0,No,1500,2400,0,5582,125
05:57:01.337,sleep,15286,392,5228,16790,13,95,54.5,0.3,No,1500,2400,0,4088,75
05:57:02.337,sleep,15288,358,5478,16790,16,95,54.0,0.0,No,1500,2400,0,3516,75
05:57:03.337,sleep,15288,592,5690,16789,15,95,53.5,-0.0,No,1500,2400,0,3427,75
05:57:04.337,sleep,15292,404,6212,16790,18,95,53.5,1.2,No,1500,2400,0,3419,75
05:57:05.337,sleep,15286,528,6694,16790,13,95,53.5,0.0,No,1500,2400,0,3419,75
05:57:06.337,sleep,15286,486,7466,16790,13,95,52.9,-0.0,No,1500,2400,0,3418,75
05:57:07.337,active,15299,738,9954,16789,13,95,54.5,16.6,No,2400,2400,0,3400,75
05:57:08.337,active,15253,702,10744,16786,-6,95,57.3,53.4,No,2400,2400,0,3370,75
05:57:09.340,active,15303,682,10494,16787,-3,95,59.5,56.3,No,2400,2400,0,3350,75
05:57:10.341,active,15350,504,7754,16787,-5,95,59.0,57.1,No,2400,2400,0,3341,75
05:57:11.342,active,15329,460,7080,16786,-4,95,60.0,54.5,No,2400,2400,0,3328,75
05:57:12.343,active,15311,558,8564,16787,-3,95,59.0,54.5,No,2400,2400,0,3327,75
05:57:13.337,active,15346,562,8622,16785,-10,95,59.5,54.1,No,2400,2400,0,4396,125
05:57:14.337,active,15296,746,11440,16785,-11,95,60.6,57.7,No,2400,2400,0,5379,125
05:57:15.337,active,15294,522,8024,16785,-7,95,61.1,54.4,No,2400,2400,0,5449,125
05:57:16.341,active,15329,486,7484,16785,-9,95,61.1,52.4,No,2400,2400,0,5449,125
05:57:17.338,active,15296,460,7060,16787,-6,95,61.1,54.4,No,2400,2400,0,5438,125
05:57:18.337,active,15339,528,8120,16787,-5,95,60.6,51.3,No,2400,2400,0,5448,125
05:57:19.337,active,15253,928,14198,16787,-3,95,61.1,52.3,No,2400,2400,0,5450,125
05:57:20.338,active,15245,854,10686,16786,0,95,61.1,53.3,No,2400,2400,0,5446,125
05:57:21.337,active,15253,896,13716,16785,-3,95,61.7,54.2,No,2400,2400,0,5449,125
05:57:22.338,active,15228,874,13812,16786,-3,95,62.2,52.2,No,2400,2400,0,5452,125
05:57:23.342,active,15258,862,13194,16787,-5,95,61.7,55.0,No,2400,2400,0,5464,125
05:57:24.337,active,15236,842,14044,16787,-6,95,63.4,53.2,No,2400,2400,0,5457,125
05:57:25.337,active,15251,802,12268,16785,-4,95,62.2,55.3,No,2400,2400,0,5463,125
05:57:26.341,active,15249,888,13562,16784,-10,95,62.2,56.0,No,2400,2400,0,5468,125
05:57:27.337,active,15238,810,12366,16785,-6,95,62.8,55.8,No,2400,2400,0,5463,125
05:57:28.338,active,15288,718,11014,16787,0,95,62.8,56.4,No,2400,2400,0,5466,125
05:57:29.342,active,15299,744,10514,16786,0,95,62.8,57.4,No,2400,2400,0,5469,125
05:57:30.337,active,15290,700,10726,16786,0,95,63.4,59.3,No,2400,2400,0,5476,125
05:57:31.340,active,15303,708,11130,16786,-3,95,62.8,59.3,No,2400,2400,0,5483,125
05:57:32.337,active,15301,786,12056,16786,0,95,63.4,57.3,No,2400,2400,0,5485,125
05:57:33.337,active,15301,688,10744,16785,-6,95,63.4,56.8,No,2400,2400,0,5492,125
05:57:34.341,active,15294,734,11246,16786,-7,95,60.6,57.5,No,2400,2400,0,5491,125
05:57:35.337,active,15309,796,10764,16788,0,95,62.8,58.1,No,2400,2400,0,5495,125
05:57:36.337,active,15307,720,11072,16786,0,95,63.4,59.1,No,2400,2400,0,5491,125
05:57:37.337,active,15350,486,7466,16786,-3,95,62.8,57.6,No,2400,2400,0,5496,125
05:57:38.339,active,15326,486,6596,16786,-3,95,63.9,57.3,No,2400,2400,0,5494,125
05:57:39.339,active,15344,564,8662,16786,-8,95,61.7,57.1,No,2400,2400,0,5495,125
05:57:40.340,active,15335,526,7542,16786,-6,95,62.8,56.9,No,2400,2400,0,5500,125
05:57:41.337,active,15290,434,6654,16786,0,95,64.5,57.9,No,2400,2400,0,5494,125
05:57:42.337,active,15350,484,7310,16786,0,95,63.4,57.7,No,2400,2400,0,5495,125
05:57:43.337,active,15290,554,8506,16785,-4,95,63.4,57.1,No,2400,2400,0,5503,125
05:57:44.339,active,15294,730,6770,16787,0,95,62.2,57.4,No,2400,2400,0,5510,125
05:57:45.341,active,15288,520,7986,16786,0,95,62.2,56.5,No,2400,2400,0,5507,125
05:57:46.337,active,15275,708,7446,16788,0,95,63.4,58.1,No,2400,2400,0,5509,125
05:57:47.337,active,15271,890,13638,16788,0,95,63.9,58.4,No,2400,2400,0,5509,125
05:57:48.337,active,15260,948,14506,16787,-3,95,63.4,57.9,No,2400,2400,0,5508,125
05:57:49.337,active,15283,640,9800,16785,0,95,63.4,58.0,No,2400,2400,0,5521,125
05:57:50.340,active,15264,844,12924,16785,-3,95,63.9,57.4,No,2400,2400,0,5513,125
05:57:51.338,active,15264,720,11014,16785,-3,95,63.4,57.3,No,2400,2400,0,5519,125
05:57:52.337,active,15245,940,14372,16786,-5,95,62.8,54.6,No,2400,2400,0,5518,125
05:57:53.337,active,15251,828,12654,16787,-3,95,62.8,53.0,No,2400,2400,0,5512,125
05:57:54.337,active,15264,936,14294,16787,-3,95,63.4,52.5,No,2400,2400,0,5515,125
05:57:55.337,active,15228,790,12056,16787,0,95,62.8,52.2,No,2400,2400,0,5517,125
05:57:56.338,active,15290,702,10744,16786,0,95,62.8,52.5,No,2400,2400,0,5516,125
05:57:57.338,active,15301,708,12172,16786,0,95,62.8,58.5,No,2400,2400,0,5516,125
05:57:58.337,active,15303,686,10532,16787,0,95,62.8,59.5,No,2400,2400,0,5519,125
05:57:59.337,active,15294,646,10898,16787,-3,95,63.4,59.3,No,2400,2400,0,5516,125
05:58:00.337,active,15305,690,10572,16786,-5,95,63.4,57.9,No,2400,2400,0,5518,125
05:58:01.338,active,15311,788,10204,16786,0,95,63.4,59.6,No,2400,2400,0,5523,125
05:58:02.341,active,15305,742,11382,16787,0,95,63.4,58.3,No,2400,2400,0,5518,125
05:58:03.337,active,15303,798,10610,16786,0,95,62.2,58.6,No,2400,2400,0,5525,125
05:58:04.337,active,15273,750,11516,16785,-4,95,64.5,59.4,No,2400,2400,0,5522,125
05:58:05.341,active,15335,774,10938,16788,0,95,63.9,58.8,No,2400,2400,0,5522,125
05:58:06.337,active,15322,394,6076,16788,0,95,65.0,58.6,No,2400,2400,0,5522,125
05:58:07.337,sleep,15294,500,7658,16788,0,95,61.1,49.5,No,2400,2400,0,5528,125
05:58:08.337,sleep,15294,486,7466,16789,11,95,59.0,0.3,No,2400,2400,0,5567,125
05:58:09.337,sleep,15288,478,7330,16788,11,95,57.9,0.0,No,2400,2400,0,5565,125
05:58:10.337,sleep,15288,462,7098,16788,8,95,57.3,-0.0,No,2400,2400,0,5563,125
05:58:11.337,sleep,15288,426,6538,16788,9,95,57.3,0.0,No,2400,2400,0,5571,125
05:58:12.337,sleep,15296,584,8950,16789,8,95,56.2,0.3,No,1500,2400,0,5568,125
05:58:13.337,sleep,15288,502,7696,16790,14,95,55.1,0.3,No,1500,2400,0,5584,75
05:58:14.337,sleep,15290,654,6134,16790,18,95,54.0,-0.0,No,1500,2400,0,3796,75
05:58:15.337,sleep,15281,406,6230,16790,16,95,54.0,0.3,No,1500,2400,0,3485,75
05:58:16.337,sleep,15288,360,7466,16790,19,95,52.9,0.7,No,1500,2400,0,3432,75
05:58:17.337,sleep,15286,424,6482,16790,17,95,53.5,0.0,No,1500,2400,0,3412,75
05:58:18.337,sleep,15286,470,7812,16790,16,95,52.9,0.3,No,1500,2400,0,3414,75
05:58:19.337,sleep,15286,270,4128,16790,12,95,52.9,0.0,No,1500,2400,0,3411,75
05:58:20.337,sleep,15292,506,4456,16790,15,95,52.9,0.3,No,1500,2400,0,3396,75
05:58:21.337,sleep,15281,398,6096,16790,14,95,52.4,-0.0,No,1500,2400,0,3390,75
05:58:22.337,active,15253,574,9336,16790,12,95,55.1,16.0,No,2400,2400,0,3387,75
05:58:23.337,active,15225,766,11690,16786,0,95,57.3,52.3,No,2400,2400,0,3345,75
05:58:24.341,active,15290,434,6654,16788,0,95,57.9,55.7,No,2400,2400,0,3328,75
05:58:25.337,active,15299,670,7368,16787,0,95,57.9,51.4,No,2400,2400,0,3324,75
05:58:26.337,active,15290,672,10300,16786,0,95,59.0,52.4,No,2400,2400,0,3313,75
05:58:27.337,active,15292,648,7118,16788,0,95,60.0,52.6,No,2400,2400,0,3304,75
05:58:28.337,active,15292,710,10880,16786,-6,95,59.5,54.1,No,2400,2400,0,3288,75
05:58:29.338,active,15296,744,9916,16785,-5,95,60.6,55.6,No,2400,2400,0,4824,125
05:58:30.342,active,15290,754,11554,16785,-6,95,60.0,54.5,No,2400,2400,0,5389,125
05:58:31.337,active,15290,776,10842,16785,-3,95,59.5,52.2,No,2400,2400,0,5437,125
05:58:32.337,active,15292,696,10668,16787,-3,95,60.6,52.4,No,2400,2400,0,5431,125
05:58:33.341,active,15311,592,9086,16789,0,95,61.1,53.9,No,2400,2400,0,5424,125
05:58:34.338,active,15303,530,10860,16788,0,95,61.1,53.0,No,2400,2400,0,5418,125
05:58:35.338,active,15311,460,7060,16787,-3,95,60.6,56.2,No,2400,2400,0,5419,125
05:58:36.338,active,15307,570,7562,16786,-4,95,60.6,53.3,No,2400,2400,0,5427,125
05:58:37.337,active,15316,458,7022,16786,-3,95,62.2,56.5,No,2400,2400,0,5429,125
05:58:38.337,active,15311,518,8642,16785,-6,95,61.1,57.0,No,2400,2400,0,5427,125
05:58:39.337,active,15288,478,7350,16786,-8,95,62.8,55.1,No,2400,2400,0,5433,125
05:58:40.338,active,15290,614,8294,16786,-6,95,62.2,54.4,No,2400,2400,0,5441,125
05:58:41.338,active,15294,526,8102,16787,-4,95,61.7,54.5,No,2400,2400,0,5449,125
05:58:42.337,active,15268,604,9916,16785,-8,95,61.7,57.1,No,2400,2400,0,5449,125
05:58:43.338,active,15258,924,14140,16785,-10,95,62.2,57.3,No,2400,2400,0,5451,125
05:58:44.338,active,15260,970,13446,16785,-8,95,62.8,58.6,No,2400,2400,0,5458,125
05:58:45.337,active,15262,842,12886,16785,-10,95,63.4,57.1,No,2400,2400,0,5465,125
05:58:46.341,active,15256,836,12268,16785,-8,95,62.8,56.3,No,2400,2400,0,5469,125
05:58:47.339,active,15268,788,12076,16786,-9,95,61.1,57.2,No,2400,2400,0,5462,125
05:58:48.337,active,15258,830,12712,16785,-9,95,62.8,58.4,No,2400,2400,0,5466,125
05:58:49.337,active,15249,796,12172,16785,-6,95,63.4,57.3,No,2400,2400,0,5474,125
05:58:50.339,active,15262,822,12578,16785,-3,95,61.7,57.3,No,2400,2400,0,5478,125
05:58:51.339,active,15262,726,11112,16784,-5,95,63.4,56.5,No,2400,2400,0,5478,125
05:58:52.344,active,15292,694,10648,16786,-9,95,61.7,57.3,No,2400,2400,0,5476,125
05:58:53.337,active,15301,714,10726,16787,-8,95,62.8,56.5,No,2400,2400,0,5480,125
05:58:54.337,active,15296,674,10358,16786,-5,95,62.8,58.6,No,2400,2400,0,5487,125
05:58:55.341,active,15301,702,10938,16784,-10,95,63.4,58.0,No,2400,2400,0,5483,125
05:58:56.337,active,15292,780,11960,16785,-9,95,63.4,58.2,No,2400,2400,0,5486,125
05:58:57.338,active,15294,788,10108,16785,-5,95,62.2,57.4,No,2400,2400,0,5493,125
05:58:58.338,active,15296,724,11092,16786,-4,95,62.8,58.0,No,2400,2400,0,5484,125
05:58:59.337,active,15299,724,10610,16786,-4,95,62.8,57.4,No,2400,2400,0,5490,125
05:59:00.337,active,15299,710,10898,16784,-6,95,63.4,58.0,No,2400,2400,0,5504,125
05:59:01.337,active,15326,722,11072,16785,-7,95,62.8,57.7,No,2400,2400,0,5499,125
05:59:02.340,active,15320,470,10262,16785,-4,95,63.4,57.1,No,2400,2400,0,5495,125
05:59:03.341,active,15346,452,6944,16785,-4,95,63.4,58.1,No,2400,2400,0,5506,125
05:59:04.338,active,15322,518,9220,16785,-4,95,62.2,56.5,No,2400,2400,0,5501,125
05:59:05.337,active,15318,474,7272,16785,-5,95,63.4,58.3,No,2400,2400,0,5505,125
05:59:06.337,active,15331,506,8082,16785,-8,95,63.4,56.6,No,2400,2400,0,5505,125
05:59:07.337,active,15346,446,6848,16784,-12,95,63.4,57.7,No,2400,2400,0,5504,125
05:59:08.338,active,15335,518,7234,16785,-9,95,63.9,57.5,No,2400,2400,0,5505,125
05:59:09.338,active,15326,520,8006,16785,-5,95,63.9,58.8,No,2400,2400,0,5505,125
05:59:10.337,active,15279,864,13234,16785,-6,95,63.9,59.1,No,2400,2400,0,5500,125
05:59:11.337,active,15262,836,12790,16785,-10,95,63.4,59.3,No,2400,2400,0,5505,125
05:59:12.337,active,15268,966,14796,16784,-7,95,63.9,58.6,No,2400,2400,0,5506,125
05:59:13.340,active,15281,812,12462,16785,-4,95,63.4,58.5,No,2400,2400,0,5514,125
05:59:14.338,active,15245,862,13194,16785,-4,95,64.5,58.2,No,2400,2400,0,5517,125
05:59:15.337,active,15281,730,11188,16786,0,95,62.2,58.1,No,2400,2400,0,5513,125
05:59:16.337,active,15253,746,11420,16786,0,95,62.2,59.9,No,2400,2400,0,5512,125
05:59:17.340,active,15251,812,12404,16785,0,95,63.4,58.9,No,2400,2400,0,5511,125
05:59:18.341,active,15256,660,10108,16785,0,95,63.9,57.2,No,2400,2400,0,5522,125
05:59:19.337,active,15292,706,7792,16785,0,95,63.4,57.7,No,2400,2400,0,5515,125
05:59:20.338,active,15292,772,11844,16786,0,95,63.4,58.4,No,2400,2400,0,5522,125
05:59:21.337,active,15299,670,11014,16787,0,95,63.4,57.6,No,2400,2400,0,5527,125
05:59:22.337,sleep,15294,466,7156,16786,-5,95,61.7,51.7,No,2400,2400,0,5520,125
05:59:23.337,sleep,15294,532,6404,16788,7,95,59.5,0.3,No,2400,2400,0,5578,125
05:59:24.337,sleep,15292,434,6654,16788,11,95,58.4,0.0,No,2400,2400,0,5576,125
05:59:25.337,sleep,15292,490,8352,16787,7,95,57.9,0.0,No,2400,2400,0,5572,125
05:59:26.337,sleep,15290,538,8236,16787,7,95,57.3,-0.0,No,2400,2400,0,5572,125
05:59:27.337,sleep,15299,472,6404,16788,6,95,56.8,0.0,No,1500,2400,0,5557,125
05:59:28.337,sleep,15292,320,4900,16789,12,95,55.6,0.7,No,1500,2400,0,5581,125
05:59:29.337,sleep,15288,520,7966,16789,17,95,55.1,0.3,No,1500,2400,0,5581,125
05:59:30.337,sleep,15290,420,6424,16789,14,95,55.6,0.3,No,1500,2400,0,5578,125
05:59:31.337,sleep,15292,332,5112,16789,14,95,54.0,0.0,No,1500,2400,0,5586,125
05:59:32.337,sleep,15290,460,3968,16788,13,95,53.5,-0.0,No,1500,2400,0,5303,75
05:59:33.337,sleep,15283,486,7466,16790,17,95,53.5,0.3,No,1500,2400,0,3706,75
05:59:34.337,sleep,15288,542,3942,16790,18,95,52.9,0.2,No,1500,2400,0,3466,75
05:59:35.337,sleep,15288,428,6558,16790,17,95,53.5,0.3,No,1500,2400,0,3430,75
05:59:36.337,sleep,15290,384,4340,16789,17,95,52.9,0.0,No,1500,2400,0,3418,75
05:59:37.342,active,15296,452,6944,16790,16,95,55.6,13.7,No,2400,2400,0,3422,75
05:59:38.337,active,15249,732,11226,16786,-7,95,56.8,53.2,No,2400,2400,0,3377,75
05:59:39.337,active,15277,736,11284,16788,0,95,58.4,52.4,No,2400,2400,0,3369,75
05:59:40.337,active,15251,738,11324,16788,0,95,57.9,51.8,No,2400,2400,0,3349,75
05:59:41.338,active,15253,918,14044,16787,-5,95,59.0,52.3,No,2400,2400,0,3348,75
05:59:42.341,active,15247,702,10764,16786,-8,95,60.6,55.4,No,2400,2400,0,3345,75
05:59:43.337,active,15249,858,13118,16786,0,95,59.5,53.2,No,2400,2400,0,3330,75
05:59:44.337,active,15243,860,13156,16786,0,95,60.6,52.6,No,2400,2400,0,5159,125
05:59:45.340,active,15253,928,14198,16785,-7,95,60.6,52.2,No,2400,2400,0,5448,125
05:59:46.341,active,15243,952,14546,16787,-4,95,61.1,52.8,No,2400,2400,0,5466,125
05:59:47.337,active,15292,684,6828,16785,-3,95,61.1,51.5,No,2400,2400,0,5461,125
05:59:48.338,active,15290,562,8642,16787,0,95,60.0,51.5,No,2400,2400,0,5458,125
05:59:49.337,active,15292,754,7850,16785,-6,95,60.6,54.3,No,2400,2400,0,5454,125
05:59:50.338,active,15299,706,10822,16785,0,95,62.2,54.2,No,2400,2400,0,5451,125
05:59:51.341,active,15292,762,7138,16786,0,95,62.2,55.0,No,2400,2400,0,5454,125
05:59:52.337,active,15294,738,11324,16788,0,95,61.7,55.1,No,2400,2400,0,5460,125
05:59:53.338,active,15296,766,9954,16788,3,95,60.6,56.0,No,2400,2400,0,5462,125
05:59:54.338,active,15288,762,11690,16786,-4,95,61.7,56.6,No,2400,2400,0,5462,125
05:59:55.337,active,15303,704,11342,16785,0,95,62.8,57.4,No,2400,2400,0,5462,125
05:59:56.341,active,15292,774,11864,16788,0,95,62.8,58.1,No,2400,2400,0,5462,125
05:59:57.341,active,15318,600,9182,16786,-5,95,63.4,56.9,No,2400,2400,0,5474,125
05:59:58.337,active,15352,510,11440,16786,-3,95,62.8,58.8,No,2400,2400,0,5474,125
05:59:59.341,active,15320,540,8294,16785,0,95,62.2,57.2,No,2400,2400,0,5480,125
06:00:00.337,active,15316,484,10494,16787,0,95,62.2,58.4,No,2400,2400,0,5479,125
06:00:01.337,active,15326,526,8082,16787,0,95,61.1,56.7,No,2400,2400,0,5484,125
06:00:02.337,active,15322,432,11014,16788,0,95,63.9,57.7,No,2400,2400,0,5491,125
06:00:03.337,active,15311,434,6674,16786,0,95,62.8,57.2,No,2400,2400,0,5489,125
06:00:04.338,active,15346,492,8488,16787,0,95,62.8,57.9,No,2400,2400,0,5488,125
06:00:05.340,active,15264,956,8448,16786,-4,95,62.8,57.3,No,2400,2400,0,5496,125
06:00:06.337,active,15258,672,10320,16787,0,95,62.8,56.9,No,2400,2400,0,5496,125
06:00:07.341,active,15266,892,10586,16786,-3,95,63.4,57.2,No,2400,2400,0,5492,125
06:00:08.337,active,15275,982,15008,16788,0,95,63.4,56.8,No,2400,2400,0,5489,125
06:00:09.337,active,15258,908,12462,16786,0,95,63.4,57.2,No,2400,2400,0,5496,125
06:00:10.343,active,15260,946,14468,16788,0,95,62.8,57.0,No,2400,2400,0,5508,125
06:00:11.337,active,15258,892,11670,16786,0,95,62.2,57.5,No,2400,2400,0,5501,125
06:00:12.337,active,15264,978,14970,16786,0,95,63.4,57.6,No,2400,2400,0,5505,125
06:00:13.341,active,15266,690,13368,16786,0,95,63.9,57.3,No,2400,2400,0,5502,125
06:00:14.337,active,15260,822,12578,16786,-3,95,63.9,56.9,No,2400,2400,0,5501,125
06:00:15.337,active,15292,486,7484,16788,0,95,63.9,56.2,No,2400,2400,0,5506,125
06:00:16.340,active,15288,736,7682,16788,0,95,63.4,57.0,No,2400,2400,0,5501,125
06:00:17.337,active,15294,626,9606,16785,0,95,63.4,57.8,No,2400,2400,0,5513,125
06:00:18.339,active,15292,730,11072,16786,0,95,63.4,58.0,No,2400,2400,0,5511,125
06:00:19.337,active,15296,676,10358,16787,0,95,63.9,56.8,No,2400,2400,0,5511,125
06:00:20.337,active,15292,720,10088,16788,0,95,63.4,57.3,No,2400,2400,0,5513,125
06:00:21.341,active,15296,774,11864,16788,0,95,63.9,57.8,No,2400,2400,0,5515,125
06:00:22.337,active,15292,786,7696,16788,4,95,62.8,56.7,No,2400,2400,0,5521,125
06:00:23.337,active,15292,722,11072,16785,0,95,63.4,58.7,No,2400,2400,0,5516,125
06:00:24.337,active,15299,842,12866,16785,0,95,63.4,59.1,No,2400,2400,0,5511,125
06:00:25.337,active,15268,694,10628,16785,-3,95,64.5,59.3,No,2400,2400,0,5517,125
06:00:26.341,active,15309,650,9954,16787,-5,95,63.4,59.0,No,2400,2400,0,5518,125
06:00:27.341,active,15296,690,10590,16788,0,95,62.8,58.1,No,2400,2400,0,5515,125
06:00:28.337,active,15322,642,9818,16787,0,95,62.8,58.4,No,2400,2400,0,5518,125
06:00:29.337,active,15305,580,8912,16787,0,95,63.9,59.7,No,2400,2400,0,5516,125
06:00:30.340,active,15320,696,10668,16787,0,95,63.9,58.4,No,2400,2400,0,5519,125
06:00:31.337,active,15314,516,7908,16786,0,95,63.9,57.9,No,2400,2400,0,5529,125
06:00:32.338,active,15318,436,6694,16786,0,95,63.9,58.9,No,2400,2400,0,5528,125
06:00:33.344,active,15273,974,11382,16786,0,95,63.4,58.3,No,2400,2400,0,5531,125
06:00:34.337,active,15288,714,10938,16787,3,95,63.9,58.5,No,2400,2400,0,5526,125
06:00:35.341,active,15271,824,10938,16786,0,95,64.5,57.6,No,2400,2400,0,5526,125
06:00:36.337,active,15303,724,11112,16787,0,95,63.9,55.7,No,2400,2400,0,5527,125
06:00:37.337,sleep,15286,528,8392,16787,0,95,61.7,48.9,No,2400,2400,0,5525,125
06:00:38.337,sleep,15292,508,7792,16790,16,95,59.0,0.2,No,2400,2400,0,5568,125
06:00:39.337,sleep,15279,540,7368,16790,17,95,58.4,0.0,No,2400,2400,0,5573,125
06:00:40.337,sleep,15283,508,7792,16790,16,95,58.4,0.7,No,2400,2400,0,5572,125
06:00:41.337,sleep,15281,524,7580,16790,17,95,56.8,0.0,No,2400,2400,0,5576,125
06:00:42.337,sleep,15283,554,6696,16789,16,95,56.8,0.0,No,1500,2400,0,5571,125
06:00:43.337,sleep,15288,436,6694,16790,16,95,55.1,0.3,No,1500,2400,0,5587,125
06:00:44.337,sleep,15286,386,7330,16791,18,95,54.5,0.3,No,1500,2400,0,5588,125
06:00:45.337,sleep,15288,328,5014,16791,17,95,54.0,0.0,No,1500,2400,0,4484,75
06:00:46.337,sleep,15288,404,5130,16791,20,95,54.0,0.2,No,1500,2400,0,3599,75
06:00:47.337,sleep,15288,560,8564,16790,16,95,52.4,0.0,No,1500,2400,0,3449,75
06:00:48.337,sleep,15290,522,5652,16789,15,95,53.5,-0.0,No,1500,2400,0,3425,75
06:00:49.337,sleep,15286,452,6944,16790,11,95,53.5,0.5,No,1500,2400,0,3414,75
06:00:50.337,sleep,15292,332,4860,16791,14,95,52.4,-0.0,No,1500,2400,0,3419,75
06:00:51.337,sleep,15288,324,4958,16790,11,95,52.4,0.3,No,1500,2400,0,3413,75
06:00:52.337,active,15283,552,8468,16790,15,95,55.1,13.2,No,2400,2400,0,3411,75
06:00:53.341,active,15245,780,11922,16787,0,95,57.3,51.7,No,2400,2400,0,3366,75
06:00:54.337,active,15299,708,10842,16786,-6,95,58.4,51.5,No,2400,2400,0,3333,75
06:00:55.338,active,15266,598,9162,16786,-3,95,57.3,51.4,No,2400,2400,0,3321,75
06:00:56.337,active,15294,908,13870,16789,0,95,58.4,51.8,No,2400,2400,0,3326,75
06:00:57.337,active,15294,484,7426,16787,0,95,59.0,52.2,No,2400,2400,0,3329,75
06:00:58.341,active,15305,678,10340,16790,0,95,60.6,52.3,No,2400,2400,0,3318,75
06:00:59.337,active,15305,444,13722,16786,0,95,60.0,51.4,No,2400,2400,0,3419,125
06:01:00.337,active,15314,540,8294,16786,0,95,60.0,52.0,No,2400,2400,0,5276,125
06:01:01.342,active,15303,726,10146,16787,0,95,60.0,53.2,No,2400,2400,0,5431,125
06:01:02.337,active,15296,794,12172,16788,0,95,60.0,52.3,No,2400,2400,0,5438,125
06:01:03.337,active,15303,750,11498,16787,0,95,60.6,53.0,No,2400,2400,0,5424,125
06:01:04.341,active,15296,666,10204,16787,0,95,61.1,52.1,No,2400,2400,0,5436,125
06:01:05.337,active,15260,716,10976,16787,0,95,61.7,57.4,No,2400,2400,0,5436,125
06:01:06.338,active,15266,860,13176,16787,0,95,62.2,56.6,No,2400,2400,0,5432,125
06:01:07.337,active,15271,934,14276,16787,0,95,61.7,57.9,No,2400,2400,0,5434,125
06:01:08.341,active,15283,834,12770,16787,3,95,62.2,59.0,No,2400,2400,0,5437,125
06:01:09.341,active,15268,826,12654,16787,0,95,62.2,57.1,No,2400,2400,0,5443,125
06:01:10.337,active,15296,508,8488,16788,0,95,63.4,58.1,No,2400,2400,0,5445,125
06:01:11.338,active,15346,552,8506,16788,0,95,62.2,56.6,No,2400,2400,0,5450,125
06:01:12.338,active,15288,740,7040,16788,0,95,61.7,57.5,No,2400,2400,0,5454,125
06:01:13.337,active,15288,670,10262,16788,0,95,62.8,57.5,No,2400,2400,0,5453,125
06:01:14.337,active,15294,752,10224,16786,0,95,63.9,58.2,No,2400,2400,0,5456,125
06:01:15.337,active,15288,710,10880,16788,0,95,63.4,57.5,No,2400,2400,0,5463,125
06:01:16.339,active,15292,744,11420,16789,4,95,63.4,58.0,No,2400,2400,0,5463,125
06:01:17.344,active,15292,726,11112,16788,3,95,62.8,57.7,No,2400,2400,0,5464,125
06:01:18.337,active,15294,772,11824,16789,0,95,62.8,57.4,No,2400,2400,0,5471,125
06:01:19.337,active,15258,814,13234,16787,0,95,63.4,57.7,No,2400,2400,0,5476,125
06:01:20.341,active,15256,746,11420,16787,0,95,62.8,57.0,No,2400,2400,0,5474,125
06:01:21.337,active,15266,684,12134,16786,0,95,63.4,56.9,No,2400,2400,0,5482,125
06:01:22.338,active,15256,688,10532,16786,0,95,62.8,57.6,No,2400,2400,0,5480,125
06:01:23.338,active,15290,720,11400,16788,0,95,62.2,56.9,No,2400,2400,0,5483,125
06:01:24.337,active,15253,766,11728,16788,0,95,63.9,57.0,No,2400,2400,0,5486,125
06:01:25.337,active,15301,960,12038,16787,0,95,63.4,58.7,No,2400,2400,0,5493,125
06:01:26.337,active,15251,596,9104,16787,0,95,63.4,57.0,No,2400,2400,0,5497,125
06:01:27.339,active,15307,756,10012,16787,0,95,63.4,57.7,No,2400,2400,0,5495,125
06:01:28.339,active,15303,728,11554,16786,0,95,63.4,56.3,No,2400,2400,0,5499,125
06:01:29.337,active,15273,710,10898,16788,0,95,62.2,56.8,No,2400,2400,0,5498,125
06:01:30.337,active,15283,722,12096,16787,0,95,63.9,58.9,No,2400,2400,0,5497,125
06:01:31.341,active,15262,702,10764,16789,0,95,63.4,56.9,No,2400,2400,0,5502,125
06:01:32.337,active,15301,762,12886,16788,4,95,63.4,57.7,No,2400,2400,0,5504,125
06:01:33.338,active,15303,702,10764,16787,0,95,62.8,58.7,No,2400,2400,0,5506,125
06:01:34.338,active,15264,884,12752,16787,0,95,63.4,58.4,No,2400,2400,0,5502,125
06:01:35.337,active,15275,844,12924,16786,-4,95,63.9,58.5,No,2400,2400,0,5507,125
06:01:36.341,active,15266,916,10744,16787,0,95,62.8,58.9,No,2400,2400,0,5512,125
06:01:37.341,active,15266,984,15066,16786,0,95,63.4,59.1,No,2400,2400,0,5504,125
06:01:38.338,active,15288,428,6596,16787,0,95,63.4,58.1,No,2400,2400,0,5507,125
06:01:39.341,active,15346,540,8294,16787,0,95,63.4,58.5,No,2400,2400,0,5502,125
06:01:40.337,active,15290,568,8718,16786,0,95,63.4,58.6,No,2400,2400,0,5509,125
06:01:41.337,active,15294,490,8546,16786,0,95,62.8,58.6,No,2400,2400,0,5509,125
06:01:42.340,active,15292,504,7754,16786,0,95,63.9,58.9,No,2400,2400,0,5513,125
06:01:43.337,active,15288,716,8526,16788,0,95,63.9,59.1,No,2400,2400,0,5510,125
06:01:44.341,active,15294,486,7484,16788,0,95,63.9,58.8,No,2400,2400,0,5513,125
06:01:45.341,active,15294,702,8082,16787,0,95,62.8,58.0,No,2400,2400,0,5520,125
06:01:46.337,active,15296,472,7252,16787,0,95,63.4,59.4,No,2400,2400,0,5519,125
06:01:47.337,active,15249,942,14410,16786,0,95,63.4,57.2,No,2400,2400,0,5522,125
06:01:48.341,active,15256,864,13194,16785,0,95,63.4,55.7,No,2400,2400,0,5518,125
06:01:49.337,active,15258,894,13696,16787,0,95,62.8,55.3,No,2400,2400,0,5514,125
06:01:50.337,active,15247,788,12038,16787,-5,95,62.8,54.4,No,2400,2400,0,5519,125
06:01:51.342,active,15279,826,12636,16788,0,95,62.8,57.7,No,2400,2400,0,5519,125
06:01:52.337,sleep,15303,462,7098,16786,-5,95,62.2,49.4,No,2400,2400,0,5521,125
06:01:53.337,sleep,15288,396,6076,16789,13,95,59.5,0.0,No,2400,2400,0,5565,125
06:01:54.337,sleep,15303,462,8360,16788,12,95,58.4,0.3,No,2400,2400,0,5574,125
06:01:55.337,sleep,15294,376,5748,16789,14,95,57.9,0.3,No,2400,2400,0,5565,125
06:01:56.337,sleep,15288,508,7272,16790,14,95,56.8,0.3,No,2400,2400,0,5560,125
06:01:57.337,sleep,15288,454,6964,16791,15,95,56.2,0.3,No,2400,2400,0,5571,125
06:01:58.337,sleep,15283,492,6924,16790,18,95,55.1,0.0,No,1500,2400,0,5586,125
06:01:59.337,sleep,15288,544,8352,16790,20,95,54.5,0.3,No,1500,2400,0,5576,125
06:02:00.337,sleep,15283,550,8410,16791,18,95,54.0,-0.0,No,1500,2400,0,5581,125
06:02:01.337,sleep,15283,536,8218,16790,18,95,54.5,0.0,No,1500,2400,0,4103,75
06:02:02.337,sleep,15288,408,6250,16793,21,95,53.5,0.3,No,1500,2400,0,3528,75
06:02:03.337,sleep,15281,458,7002,16792,20,95,53.5,0.0,No,1500,2400,0,3443,75
06:02:04.337,sleep,15281,320,4918,16792,20,95,52.9,0.3,No,1500,2400,0,3428,75
06:02:05.337,sleep,15288,370,5478,16790,16,95,52.9,-0.0,No,1500,2400,0,3419,75
06:02:06.337,sleep,15294,528,8102,16792,19,95,52.9,0.0,No,1500,2400,0,3405,75
06:02:07.346,active,15256,606,9394,16791,14,95,54.5,11.1,No,1800,2400,0,3399,75
06:02:08.337,active,15309,430,6596,16787,-3,95,56.2,52.3,No,2400,2400,0,3347,75
06:02:09.337,active,15314,502,8352,16786,-5,95,57.3,53.2,No,2400,2400,0,3350,75
06:02:10.340,active,15311,508,7792,16787,0,95,57.9,52.2,No,2400,2400,0,3333,75
06:02:11.337,active,15335,456,7774,16788,-3,95,59.0,51.4,No,2400,2400,0,3326,75
06:02:12.339,active,15324,508,7792,16788,0,95,59.5,51.5,No,2400,2400,0,3322,75
06:02:13.342,active,15352,436,6964,16788,0,95,59.5,51.7,No,2400,2400,0,3315,75
06:02:14.337,active,15253,462,7098,16788,0,95,59.5,53.4,No,2400,2400,0,3310,75
06:02:15.337,active,15232,912,13948,16789,0,95,60.0,53.1,No,2400,2400,0,4199,125
06:02:16.337,active,15251,910,11074,16787,0,95,60.6,52.8,No,2400,2400,0,5351,125
06:02:17.337,active,15253,724,11092,16786,0,95,61.1,54.4,No,2400,2400,0,5435,125
06:02:18.340,active,15256,708,13620,16787,-4,95,60.0,57.1,No,2400,2400,0,5432,125
06:02:19.338,active,15251,786,12038,16787,-4,95,61.1,58.0,No,2400,2400,0,5425,125
06:02:20.337,active,15256,618,12732,16787,-6,95,61.1,57.5,No,2400,2400,0,5425,125
06:02:21.337,active,15301,766,11710,16786,-5,95,62.2,58.1,No,2400,2400,0,5424,125
06:02:22.337,active,15266,670,11400,16785,-10,95,61.7,56.9,No,2400,2400,0,5430,125
06:02:23.339,active,15262,710,10860,16786,-5,95,61.1,58.4,No,2400,2400,0,5431,125
06:02:24.341,active,15303,686,10514,16787,-5,95,61.7,56.4,No,2400,2400,0,5432,125
06:02:25.337,active,15294,688,10552,16786,-10,95,61.7,58.8,No,2400,2400,0,5438,125
06:02:26.337,active,15296,696,10668,16785,-7,95,62.2,56.1,No,2400,2400,0,5439,125
06:02:27.337,active,15294,712,11666,16785,-6,95,61.7,52.7,No,2400,2400,0,5452,125
06:02:28.337,active,15275,678,10398,16786,0,95,62.2,52.6,No,2400,2400,0,5444,125
06:02:29.339,active,15305,766,11256,16786,-3,95,62.2,56.9,No,2400,2400,0,5453,125
06:02:30.337,active,15268,724,11112,16786,-6,95,62.2,58.0,No,2400,2400,0,5455,125
06:02:31.337,active,15273,860,10360,16788,0,95,62.8,58.6,No,2400,2400,0,5450,125
06:02:32.337,active,15258,718,11034,16788,0,95,61.7,57.6,No,2400,2400,0,5459,125
06:02:33.337,active,15337,508,7850,16787,-5,95,62.8,56.0,No,2400,2400,0,5462,125
06:02:34.340,active,15320,474,7272,16787,0,95,62.2,57.6,No,2400,2400,0,5475,125
06:02:35.341,active,15352,496,7446,16786,0,95,62.2,56.6,No,2400,2400,0,5469,125
06:02:36.337,active,15329,486,7466,16786,0,95,62.2,57.7,No,2400,2400,0,5474,125
06:02:37.337,active,15329,456,7252,16787,0,95,63.4,58.2,No,2400,2400,0,5477,125
06:02:38.341,active,15348,468,7214,16788,0,95,62.8,57.3,No,2400,2400,0,5484,125
06:02:39.341,active,15288,770,8044,16786,0,95,62.8,56.8,No,2400,2400,0,5493,125
06:02:40.338,active,15318,492,7562,16787,0,95,62.8,58.2,No,2400,2400,0,5492,125
06:02:41.337,active,15290,716,8044,16787,0,95,62.8,57.2,No,2400,2400,0,5485,125
06:02:42.337,active,15273,766,13504,16785,-3,95,63.9,58.1,No,2400,2400,0,5489,125
06:02:43.337,active,15251,940,14372,16786,0,95,63.4,57.5,No,2400,2400,0,5490,125
06:02:44.337,active,15260,770,14178,16788,0,95,63.4,58.6,No,2400,2400,0,5490,125
06:02:45.341,active,15251,742,11382,16788,0,95,65.0,59.5,No,2400,2400,0,5494,125
06:02:46.337,active,15262,790,12886,16787,0,95,63.4,58.5,No,2400,2400,0,5504,125
06:02:47.337,active,15264,720,11034,16786,0,95,62.8,58.2,No,2400,2400,0,5495,125
06:02:48.337,active,15249,806,15722,16785,-6,95,62.2,56.6,No,2400,2400,0,5494,125
06:02:49.339,active,15303,798,12192,16786,-4,95,62.8,55.4,No,2400,2400,0,5500,125
06:02:50.340,active,15256,688,13908,16787,-3,95,63.4,54.7,No,2400,2400,0,5495,125
06:02:51.337,active,15234,874,13350,16786,0,95,63.4,54.1,No,2400,2400,0,5498,125
06:02:52.341,active,15292,696,10668,16786,-3,95,62.2,54.4,No,2400,2400,0,5500,125
06:02:53.337,active,15299,738,11324,16786,-3,95,62.8,57.6,No,2400,2400,0,5507,125
06:02:54.337,active,15303,754,11554,16788,0,95,63.4,59.3,No,2400,2400,0,5508,125
06:02:55.337,active,15301,796,12192,16786,-4,95,63.4,58.2,No,2400,2400,0,5506,125
06:02:56.337,active,15273,650,9992,16786,0,95,63.4,58.2,No,2400,2400,0,5501,125
06:02:57.341,active,15305,686,10532,16787,3,95,63.4,58.9,No,2400,2400,0,5506,125
06:02:58.344,active,15268,716,10976,16787,4,95,63.4,57.7,No,2400,2400,0,5510,125
06:02:59.337,active,15296,756,11612,16787,3,95,62.2,56.0,No,2400,2400,0,5518,125
06:03:00.340,active,15271,730,11208,16788,4,95,63.4,56.8,No,2400,2400,0,5518,125
06:03:01.341,active,15320,472,7002,16788,3,95,62.8,54.6,No,2400,2400,0,5523,125
06:03:02.337,active,15314,472,7252,16788,4,95,62.8,54.8,No,2400,2400,0,5520,125
06:03:03.338,active,15322,414,7736,16788,4,95,62.8,59.8,No,2400,2400,0,5514,125
06:03:04.337,active,15316,520,8006,16787,0,95,62.2,53.6,No,2400,2400,0,5513,125
06:03:05.337,active,15324,462,8372,16787,0,95,62.8,52.4,No,2400,2400,0,5516,125
06:03:06.341,active,15318,538,8256,16787,0,95,63.4,56.8,No,2400,2400,0,5509,125
06:03:07.337,sleep,15348,510,8970,16787,0,95,62.2,50.9,No,2400,2400,0,5508,125
06:03:08.337,sleep,15294,482,7408,16790,15,95,59.0,0.3,No,2400,2400,0,5564,125
06:03:09.337,sleep,15292,740,8314,16789,14,95,57.9,0.0,No,2400,2400,0,5567,125
06:03:10.337,sleep,15277,446,7118,16789,12,95,56.2,0.0,No,2400,2400,0,5571,125
06:03:11.337,sleep,15290,428,6578,16789,9,95,57.3,0.0,No,2400,2400,0,5580,125
06:03:12.337,sleep,15288,470,6906,16789,7,95,57.3,0.0,No,2400,2400,0,5573,125
06:03:13.337,sleep,15294,548,8392,16790,13,95,55.6,-0.0,No,1500,2400,0,5580,125
06:03:14.337,sleep,15290,366,5998,16790,15,95,55.1,0.0,No,1500,2400,0,5582,125
06:03:15.337,sleep,15286,568,8700,16789,14,95,54.0,0.3,No,1500,2400,0,5573,75
06:03:16.337,sleep,15299,520,6828,16790,20,95,53.5,0.0,No,1500,2400,0,3842,75
06:03:17.337,sleep,15290,474,7272,16789,13,95,52.4,0.3,No,1500,2400,0,3484,75
06:03:18.337,sleep,15292,212,8584,16791,14,95,52.9,0.0,No,1500,2400,0,3428,75
06:03:19.337,sleep,15290,358,5498,16792,12,95,52.4,-0.0,No,1500,2400,0,3397,75
06:03:20.337,sleep,15292,438,6732,16791,13,95,52.9,0.3,No,1500,2400,0,3409,75
06:03:21.337,sleep,15292,642,9838,16791,14,95,52.9,0.0,No,1500,2400,0,3397,75
06:03:22.344,active,15288,368,5652,16790,14,95,53.5,8.0,No,2400,2400,0,3405,75
06:03:23.337,active,15296,666,10224,16786,-5,95,57.3,57.9,No,2400,2400,0,3366,75
06:03:24.337,active,15303,830,12712,16786,-7,95,57.9,54.1,No,2400,2400,0,3337,75
06:03:25.341,active,15303,620,10790,16786,-10,95,58.4,53.1,No,2400,2400,0,3341,75
06:03:26.340,active,15301,644,9876,16787,-8,95,59.0,52.8,No,2400,2400,0,3311,75
06:03:27.337,active,15296,610,10636,16786,-5,95,59.0,53.3,No,2400,2400,0,3312,75
06:03:28.337,active,15303,660,10128,16786,-5,95,60.0,53.0,No,2400,2400,0,3298,75
06:03:29.337,active,15314,754,8294,16786,0,95,59.5,52.1,No,2400,2400,0,4830,125
06:03:30.340,active,15309,456,6982,16788,0,95,60.6,52.3,No,2400,2400,0,5397,125
06:03:31.342,active,15314,288,6424,16787,-6,95,59.5,53.2,No,2400,2400,0,5438,125
06:03:32.337,active,15311,494,7580,16786,-4,95,60.0,53.2,No,2400,2400,0,5441,125
06:03:33.337,active,15326,480,7368,16786,0,95,61.1,54.1,No,2400,2400,0,5440,125
06:03:34.337,active,15314,476,7330,16786,0,95,61.7,53.8,No,2400,2400,0,5437,125
06:03:35.337,active,15331,400,6134,16785,-6,95,60.6,53.2,No,2400,2400,0,5435,125
06:03:36.337,active,15341,440,6770,16786,-3,95,61.1,54.6,No,2400,2400,0,5432,125
06:03:37.340,active,15352,430,6596,16788,-4,95,60.6,53.8,No,2400,2400,0,5436,125
06:03:38.337,active,15273,738,13272,16787,-3,95,61.7,56.2,No,2400,2400,0,5431,125
06:03:39.339,active,15258,806,12308,16786,-6,95,62.2,57.6,No,2400,2400,0,5440,125
06:03:40.337,active,15262,770,14256,16786,0,95,62.2,57.5,No,2400,2400,0,5443,125
06:03:41.337,active,15253,966,14776,16786,0,95,62.2,51.8,No,2400,2400,0,5452,125
06:03:42.341,active,15247,844,11690,16787,0,95,61.1,51.5,No,2400,2400,0,5456,125
06:03:43.337,active,15253,910,13908,16788,0,95,61.1,51.4,No,2400,2400,0,5459,125
06:03:44.337,active,15236,764,13986,16789,0,95,60.6,52.4,No,2400,2400,0,5470,125
06:03:45.337,active,15251,790,12076,16788,0,95,62.2,52.6,No,2400,2400,0,5473,125
06:03:46.337,active,15266,818,10262,16786,0,95,62.8,56.7,No,2400,2400,0,5464,125
06:03:47.340,active,15301,754,11554,16788,0,95,62.8,57.4,No,2400,2400,0,5468,125
06:03:48.337,active,15301,788,12096,16787,0,95,62.2,57.4,No,2400,2400,0,5474,125
06:03:49.337,active,15296,746,11696,16788,0,95,62.8,58.2,No,2400,2400,0,5471,125
06:03:50.337,active,15303,670,10282,16788,0,95,63.4,57.9,No,2400,2400,0,5479,125
06:03:51.337,active,15294,752,12540,16787,0,95,62.8,57.0,No,2400,2400,0,5478,125
06:03:52.340,active,15309,756,11594,16786,-6,95,63.4,56.5,No,2400,2400,0,5474,125
06:03:53.341,active,15299,738,11304,16786,-3,95,62.8,58.4,No,2400,2400,0,5488,125
06:03:54.338,active,15303,694,10648,16786,0,95,62.2,56.7,No,2400,2400,0,5487,125
06:03:55.341,active,15279,892,13678,16788,0,95,63.4,58.1,No,2400,2400,0,5492,125
06:03:56.341,active,15258,682,10474,16785,0,95,63.4,58.4,No,2400,2400,0,5490,125
06:03:57.337,active,15305,522,8352,16785,0,95,62.8,56.2,No,2400,2400,0,5496,125
06:03:58.337,active,15307,550,8448,16786,-3,95,62.8,54.6,No,2400,2400,0,5495,125
06:03:59.338,active,15316,468,8392,16787,0,95,60.6,54.2,No,2400,2400,0,5503,125
06:04:00.337,active,15320,452,6964,16786,0,95,63.4,58.6,No,2400,2400,0,5500,125
06:04:01.337,active,15303,522,8604,16787,0,95,63.4,59.2,No,2400,2400,0,5506,125
06:04:02.337,active,15329,480,7368,16786,-4,95,64.5,58.4,No,2400,2400,0,5504,125
06:04:03.339,active,15299,724,7736,16786,-8,95,63.4,58.8,No,2400,2400,0,5501,125
06:04:04.340,active,15346,502,7736,16787,-7,95,62.8,59.0,No,2400,2400,0,5502,125
06:04:05.338,active,15288,672,7986,16786,-6,95,62.2,58.4,No,2400,2400,0,5502,125
06:04:06.337,active,15279,704,12832,16785,-7,95,62.8,58.8,No,2400,2400,0,5510,125
06:04:07.340,active,15260,850,13022,16787,0,95,63.4,58.5,No,2400,2400,0,5516,125
06:04:08.337,active,15271,774,13892,16787,0,95,62.2,57.6,No,2400,2400,0,5510,125
06:04:09.341,active,15249,788,12056,16787,-4,95,63.4,60.1,No,2400,2400,0,5510,125
06:04:10.341,active,15236,812,14964,16786,-3,95,62.8,57.7,No,2400,2400,0,5514,125
06:04:11.337,active,15249,822,12578,16785,-6,95,62.8,55.4,No,2400,2400,0,5513,125
06:04:12.337,active,15245,662,14972,16784,-7,95,62.8,55.7,No,2400,2400,0,5509,125
06:04:13.341,active,15305,752,11498,16786,-5,95,63.4,54.8,No,2400,2400,0,5516,125
06:04:14.337,active,15275,730,12450,16785,-3,95,62.8,57.8,No,2400,2400,0,5515,125
06:04:15.337,active,15292,724,11112,16788,0,95,62.2,58.2,No,2400,2400,0,5511,125
06:04:16.343,active,15290,810,10802,16786,-4,95,62.2,54.4,No,2400,2400,0,5515,125
06:04:17.337,active,15292,710,10880,16786,0,95,62.2,51.8,No,2400,2400,0,5521,125
06:04:18.337,active,15301,730,10358,16786,0,95,62.2,52.3,No,2400,2400,0,5519,125
06:04:19.341,active,15292,748,11478,16787,0,95,62.8,51.9,No,2400,2400,0,5519,125
06:04:20.337,active,15296,738,11188,16787,0,95,62.8,51.3,No,2400,2400,0,5526,125
06:04:21.338,active,15294,716,10996,16786,0,95,61.7,51.4,No,2400,2400,0,5525,125
06:04:22.337,sleep,15299,694,10976,16786,0,95,62.2,51.4,No,2400,2400,0,5527,125
06:04:23.337,sleep,15294,458,7022,16789,12,95,58.4,0.3,No,2400,2400,0,5566,125
06:04:24.337,sleep,15286,532,8334,16788,9,95,57.9,-0.0,No,2400,2400,0,5569,125
06:04:25.337,sleep,15286,528,7058,16788,8,95,56.8,0.0,No,2400,2400,0,5565,125
06:04:26.337,sleep,15288,418,6404,16788,5,95,56.8,0.0,No,2400,2400,0,5571,125
06:04:27.337,sleep,15288,540,7508,16788,5,95,56.2,0.0,No,2400,2400,0,5571,125
06:04:28.337,sleep,15290,520,7966,16789,10,95,55.6,0.2,No,1500,2400,0,5572,125
06:04:29.337,sleep,15286,538,9374,16789,11,95,54.5,0.0,No,1500,2400,0,5094,75
06:04:30.337,sleep,15290,382,5864,16789,11,95,54.5,0.3,No,1500,2400,0,3681,75
06:04:31.337,sleep,15294,436,8160,16790,16,95,53.5,-0.0,No,1500,2400,0,3463,75
06:04:32.337,sleep,15290,484,7426,16789,16,95,54.0,0.3,No,1500,2400,0,3434,75
06:04:33.337,sleep,15288,498,7408,16789,18,95,52.9,-0.0,No,1500,2400,0,3415,75
06:04:34.337,sleep,15286,330,5054,16791,19,95,52.4,0.3,No,1500,2400,0,3402,75
06:04:35.337,sleep,15294,554,3818,16792,17,95,52.9,0.0,No,1500,2400,0,3405,75
06:04:36.337,sleep,15286,468,7176,16792,18,95,52.9,0.3,No,1500,2400,0,3394,75
06:04:37.342,active,15290,532,4706,16791,18,95,53.5,5.2,No,1500,2400,0,3393,75
06:04:38.337,active,15251,820,12538,16787,3,95,56.8,57.5,No,2400,2400,0,3345,75
06:04:39.337,active,15268,750,13716,16787,0,95,57.3,55.5,No,2400,2400,0,3337,75
06:04:40.341,active,15264,726,11092,16787,0,95,59.0,58.9,No,2400,2400,0,3335,75
06:04:41.341,active,15307,584,11054,16788,0,95,60.0,57.9,No,2400,2400,0,3322,75
06:04:42.337,active,15251,584,8932,16788,0,95,60.6,57.3,No,2400,2400,0,3311,75
06:04:43.338,active,15305,668,10244,16787,0,95,59.5,57.2,No,2400,2400,0,3296,75
06:04:44.342,active,15296,710,10358,16787,0,95,60.0,58.1,No,2400,2400,0,3305,75
06:04:45.337,active,15303,790,12134,16788,0,95,61.1,58.3,No,2400,2400,0,3305,75
06:04:46.341,active,15301,716,11440,16787,0,95,61.7,57.2,No,2400,2400,0,5053,125
06:04:47.337,active,15305,706,10842,16786,-4,95,62.2,56.4,No,2400,2400,0,5395,125
06:04:48.340,active,15301,760,10416,16786,-8,95,62.2,57.7,No,2400,2400,0,5419,125
06:04:49.338,active,15294,756,11594,16787,-4,95,61.1,54.1,No,2400,2400,0,5412,125
06:04:50.337,active,15262,938,10590,16785,-4,95,61.7,55.3,No,2400,2400,0,5410,125
06:04:51.337,active,15305,744,11440,16786,-6,95,61.7,58.4,No,2400,2400,0,5406,125
06:04:52.341,active,15275,896,11014,16787,0,95,62.2,57.0,No,2400,2400,0,5410,125
06:04:53.337,active,15333,512,7870,16787,-3,95,62.2,57.9,No,2400,2400,0,5420,125
06:04:54.339,active,15292,466,7156,16788,0,95,62.8,56.4,No,2400,2400,0,5422,125
06:04:55.338,active,15350,528,8140,16787,-4,95,61.7,57.3,No,2400,2400,0,5428,125
06:04:56.337,active,15296,456,7002,16787,0,95,63.4,56.7,No,2400,2400,0,5441,125
06:04:57.339,active,15333,500,7184,16787,0,95,62.8,57.5,No,2400,2400,0,5438,125
06:04:58.337,active,15290,516,7948,16787,3,95,63.4,57.7,No,2400,2400,0,5443,125
06:04:59.340,active,15294,724,6944,16787,0,95,63.9,57.0,No,2400,2400,0,5441,125
06:05:00.341,active,15290,464,7156,16787,0,95,62.2,57.5,No,2400,2400,0,5448,125
06:05:01.337,active,15292,770,8120,16787,0,95,62.2,57.3,No,2400,2400,0,5457,125
06:05:02.337,active,15260,762,11652,16788,0,95,62.8,57.8,No,2400,2400,0,5459,125
06:05:03.339,active,15262,888,13580,16787,0,95,63.4,57.4,No,2400,2400,0,5462,125
06:05:04.337,active,15271,756,11574,16786,0,95,63.4,56.6,No,2400,2400,0,5466,125
06:05:05.340,active,15258,936,14332,16786,0,95,63.4,56.7,No,2400,2400,0,5477,125
06:05:06.337,active,15253,750,14274,16787,0,95,62.8,56.8,No,2400,2400,0,5483,125
06:05:07.337,active,15277,714,10918,16788,0,95,62.2,58.4,No,2400,2400,0,5475,125
06:05:08.337,active,15256,744,11632,16787,0,95,63.4,59.9,No,2400,2400,0,5473,125
06:05:09.337,active,15309,692,10590,16787,3,95,63.4,58.5,No,2400,2400,0,5479,125
06:05:10.341,active,15247,720,11728,16788,0,95,63.9,58.7,No,2400,2400,0,5484,125
06:05:11.341,active,15294,716,10996,16787,0,95,63.9,59.0,No,2400,2400,0,5480,125
06:05:12.338,active,15299,750,11516,16788,3,95,62.8,58.2,No,2400,2400,0,5492,125
06:05:13.337,active,15290,746,10672,16787,3,95,64.5,59.6,No,2400,2400,0,5489,125
06:05:14.341,active,15301,696,10686,16787,0,95,63.4,59.2,No,2400,2400,0,5488,125
06:05:15.337,active,15299,700,12924,16788,0,95,63.9,58.0,No,2400,2400,0,5492,125
06:05:16.337,active,15307,694,10648,16787,0,95,64.5,59.0,No,2400,2400,0,5495,125
06:05:17.341,active,15294,774,11748,16786,0,95,62.8,57.6,No,2400,2400,0,5499,125
06:05:18.337,active,15303,746,11440,16787,3,95,62.2,57.9,No,2400,2400,0,5494,125
06:05:19.337,active,15299,782,11342,16787,4,95,63.9,59.4,No,2400,2400,0,5492,125
06:05:20.341,active,15305,470,7194,16789,5,95,63.4,58.9,No,2400,2400,0,5498,125
06:05:21.337,active,15316,638,9760,16789,4,95,63.4,58.3,No,2400,2400,0,5509,125
06:05:22.337,active,15318,550,8448,16788,0,95,62.8,56.2,No,2400,2400,0,5514,125
06:05:23.338,active,15314,480,7368,16788,0,95,63.4,54.7,No,2400,2400,0,5508,125
06:05:24.337,active,15305,498,7402,16788,6,95,62.8,54.7,No,2400,2400,0,5514,125
06:05:25.337,active,15316,476,7310,16788,7,95,63.4,55.1,No,2400,2400,0,5513,125
06:05:26.337,active,15307,484,7446,16788,6,95,63.4,55.8,No,2400,2400,0,5514,125
06:05:27.341,active,15335,534,8218,16788,4,95,63.4,55.0,No,2400,2400,0,5518,125
06:05:28.338,active,15316,538,7928,16788,0,95,62.2,53.1,No,2400,2400,0,5517,125
06:05:29.337,active,15301,790,12114,16788,0,95,63.4,51.5,No,2400,2400,0,5525,125
06:05:30.337,active,15249,718,11014,16788,0,95,62.2,52.4,No,2400,2400,0,5527,125
06:05:31.341,active,15277,772,11806,16787,0,95,63.9,52.0,No,2400,2400,0,5521,125
06:05:32.341,active,15256,770,11824,16787,0,95,63.4,54.8,No,2400,2400,0,5514,125
06:05:33.338,active,15258,850,13002,16787,0,95,62.8,53.5,No,2400,2400,0,5523,125
06:05:34.343,active,15249,702,10764,16788,0,95,62.8,54.2,No,2400,2400,0,5518,125
06:05:35.337,active,15251,932,10672,16789,4,95,62.8,52.2,No,2400,2400,0,5521,125
06:05:36.337,active,15241,848,12982,16788,5,95,62.8,52.3,No,2400,2400,0,5527,125
06:05:37.341,sleep,15258,926,11092,16788,4,95,63.4,52.2,No,2400,2400,0,5528,125
06:05:38.337,sleep,15292,522,8024,16790,14,95,59.5,0.5,No,2400,2400,0,5567,125
06:05:39.337,sleep,15296,484,7426,16791,20,95,57.9,0.0,No,2400,2400,0,5571,125
06:05:40.337,sleep,15292,506,7774,16791,13,95,57.9,0.0,No,2400,2400,0,5569,125
06:05:41.337,sleep,15296,446,6848,16792,17,95,56.8,0.2,No,2400,2400,0,5569,125
06:05:42.337,sleep,15290,418,6404,16791,17,95,56.8,0.0,No,2400,2400,0,5568,125
06:05:43.337,sleep,15283,450,6906,16791,19,95,55.1,0.3,No,1500,2400,0,5581,125
06:05:44.337,sleep,15286,414,6858,16789,13,95,55.1,0.3,No,1500,2400,0,5584,125
06:05:45.337,sleep,15288,434,6654,16791,14,95,54.5,0.0,No,1500,2400,0,4493,75
06:05:46.337,sleep,15288,480,4474,16791,15,95,54.5,0.5,No,1500,2400,0,3579,75
06:05:47.337,sleep,15290,486,7446,16792,20,95,53.5,0.0,No,1500,2400,0,3430,75
06:05:48.337,sleep,15290,308,4706,16791,16,95,53.5,0.0,No,1500,2400,0,3404,75
06:05:49.337,sleep,15292,532,8178,16790,15,95,53.5,0.3,No,1500,2400,0,3420,75
06:05:50.337,sleep,15292,486,7466,16790,13,95,52.9,0.3,No,1500,2400,0,3421,75
06:05:51.337,sleep,15290,280,4282,16790,17,95,52.9,0.0,No,1500,2400,0,3396,75
06:05:52.341,active,15296,660,10108,16791,19,95,52.9,2.2,No,1500,2400,0,3403,75
06:05:53.337,active,15305,542,8334,16787,-5,95,57.9,62.5,No,2400,2400,0,3361,75
06:05:54.337,active,15324,386,5922,16786,-3,95,58.4,56.2,No,2400,2400,0,3341,75
06:05:55.337,active,15322,560,10140,16787,0,95,59.0,57.2,No,2400,2400,0,3332,75
06:05:56.342,active,15331,522,8024,16788,0,95,59.5,56.8,No,2400,2400,0,3330,75
06:05:57.337,active,15262,742,10166,16787,0,95,59.5,58.4,No,2400,2400,0,3500,125
06:05:58.337,active,15305,700,10744,16787,0,95,61.1,58.0,No,2400,2400,0,5290,125
06:05:59.337,active,15268,720,11054,16787,0,95,61.1,58.3,No,2400,2400,0,5438,125
06:06:00.337,active,15266,916,14004,16786,-4,95,61.1,56.4,No,2400,2400,0,5442,125
06:06:01.340,active,15264,672,10320,16788,0,95,61.7,57.8,No,2400,2400,0,5433,125
06:06:02.338,active,15268,906,13890,16787,0,95,60.0,57.1,No,2400,2400,0,5433,125
06:06:03.337,active,15279,782,11980,16787,0,95,62.2,57.3,No,2400,2400,0,5442,125
06:06:04.341,active,15262,912,12134,16786,-3,95,62.8,57.7,No,2400,2400,0,5445,125
06:06:05.341,active,15275,872,13350,16787,0,95,62.2,56.4,No,2400,2400,0,5457,125
06:06:06.337,active,15290,532,8178,16786,-4,95,62.8,57.0,No,2400,2400,0,5455,125
06:06:07.342,active,15324,456,7002,16787,0,95,62.2,57.0,No,2400,2400,0,5454,125
06:06:08.337,active,15290,480,7368,16788,-5,95,62.2,57.3,No,2400,2400,0,5450,125
06:06:09.337,active,15294,552,7188,16787,-5,95,64.5,58.4,No,2400,2400,0,5461,125
06:06:10.341,active,15292,526,8082,16786,-7,95,63.4,57.9,No,2400,2400,0,5459,125
06:06:11.337,active,15299,680,7986,16786,-6,95,63.4,57.3,No,2400,2400,0,5460,125
06:06:12.338,active,15296,544,8372,16786,-3,95,62.2,56.7,No,2400,2400,0,5463,125
06:06:13.338,active,15292,724,7118,16786,-6,95,62.2,57.2,No,2400,2400,0,5471,125
06:06:14.337,active,15277,684,10474,16787,-6,95,62.8,57.0,No,2400,2400,0,5486,125
06:06:15.337,active,15260,894,13678,16786,-6,95,62.8,57.1,No,2400,2400,0,5482,125
06:06:16.337,active,15268,704,10784,16786,-6,95,62.8,58.2,No,2400,2400,0,5476,125
06:06:17.340,active,15264,724,11092,16786,0,95,63.4,57.0,No,2400,2400,0,5483,125
06:06:18.338,active,15264,726,11092,16786,-5,95,62.8,57.0,No,2400,2400,0,5482,125
06:06:19.338,active,15256,806,12346,16788,0,95,63.4,58.6,No,2400,2400,0,5486,125
06:06:20.337,active,15279,592,9086,16788,0,95,62.8,60.3,No,2400,2400,0,5488,125
06:06:21.337,active,15311,744,11382,16787,-4,95,63.4,58.9,No,2400,2400,0,5489,125
06:06:22.337,active,15309,510,7850,16787,0,95,63.4,58.4,No,2400,2400,0,5487,125
06:06:23.340,active,15309,748,11420,16786,0,95,63.9,59.3,No,2400,2400,0,5491,125
06:06:24.340,active,15268,800,11420,16785,-3,95,63.4,57.8,No,2400,2400,0,5495,125
06:06:25.337,active,15299,734,11266,16788,0,95,62.8,58.5,No,2400,2400,0,5504,125
06:06:26.341,active,15303,732,11072,16789,0,95,63.4,59.2,No,2400,2400,0,5505,125
06:06:27.337,active,15299,674,10358,16787,0,95,63.4,58.5,No,2400,2400,0,5498,125
06:06:28.339,active,15262,702,10784,16786,0,95,63.9,58.7,No,2400,2400,0,5501,125
06:06:29.340,active,15307,718,11014,16786,0,95,63.4,59.1,No,2400,2400,0,5501,125
06:06:30.338,active,15264,740,11342,16788,0,95,62.8,58.6,No,2400,2400,0,5505,125
06:06:31.337,active,15296,708,11372,16786,0,95,63.4,58.3,No,2400,2400,0,5513,125
06:06:32.341,active,15290,726,11112,16788,0,95,63.4,58.2,No,2400,2400,0,5517,125
06:06:33.337,active,15305,528,8178,16787,0,95,63.4,58.5,No,2400,2400,0,5511,125
06:06:34.339,active,15309,476,7310,16786,0,95,62.8,55.8,No,2400,2400,0,5517,125
06:06:35.342,active,15324,452,6944,16787,0,95,62.8,54.4,No,2400,2400,0,5513,125
06:06:36.337,active,15305,522,8024,16787,-3,95,62.2,54.4,No,2400,2400,0,5517,125
06:06:37.337,active,15329,552,8468,16786,-5,95,62.8,55.3,No,2400,2400,0,5518,125
06:06:38.341,active,15318,468,7176,16787,0,95,63.9,58.7,No,2400,2400,0,5522,125
06:06:39.337,active,15337,480,7368,16786,0,95,62.8,51.8,No,2400,2400,0,5523,125
06:06:40.341,active,15322,556,8564,16787,0,95,63.4,51.5,No,2400,2400,0,5523,125
06:06:41.343,active,15346,516,7908,16786,0,95,62.8,51.4,No,2400,2400,0,5523,125
06:06:42.337,active,15256,638,10262,16786,-3,95,63.4,51.8,No,2400,2400,0,5520,125
06:06:43.337,active,15275,754,11554,16787,0,95,63.4,52.6,No,2400,2400,0,5525,125
06:06:44.337,active,15256,788,12462,16787,0,95,63.4,53.5,No,2400,2400,0,5519,125
06:06:45.337,active,15253,958,14642,16786,-4,95,64.5,55.2,No,2400,2400,0,5528,125
06:06:46.338,active,15262,704,10802,16786,0,95,63.9,54.2,No,2400,2400,0,5521,125
06:06:47.337,active,15266,682,10456,16785,-4,95,62.2,57.0,No,2400,2400,0,5521,125
06:06:48.337,active,15247,950,14526,16786,-7,95,63.4,57.6,No,2400,2400,0,5521,125
06:06:49.337,active,15262,896,13716,16787,-4,95,63.9,54.2,No,2400,2400,0,5523,125
06:06:50.337,active,15307,820,12520,16788,0,95,62.8,51.5,No,2400,2400,0,5519,125
06:06:51.341,active,15290,762,8468,16786,-7,95,62.8,51.7,No,2400,2400,0,5520,125
06:06:52.342,active,15296,684,10494,16785,-4,95,62.8,52.4,No,2400,2400,0,5528,125
06:06:53.337,sleep,15292,462,7638,16789,10,95,59.5,3.0,No,2400,2400,0,5566,125
06:06:54.337,sleep,15283,496,7620,16791,12,95,57.9,0.0,No,2400,2400,0,5572,125
06:06:55.337,sleep,15290,496,7890,16790,9,95,57.9,0.0,No,2400,2400,0,5579,125
06:06:56.337,sleep,15290,486,7466,16790,9,95,56.8,-0.0,No,2400,2400,0,5562,125
06:06:57.337,sleep,15288,268,7408,16789,10,95,56.8,0.0,No,2400,2400,0,5571,125
06:06:58.337,sleep,15279,532,8160,16789,15,95,55.6,0.3,No,1500,2400,0,5578,125
06:06:59.337,sleep,15283,438,6732,16789,13,95,54.5,0.3,No,1500,2400,0,5582,125
06:07:00.337,sleep,15292,562,8950,16790,16,95,54.5,0.0,No,1500,2400,0,4091,75
06:07:01.337,sleep,15288,238,3664,16790,19,95,54.0,0.0,No,1500,2400,0,3535,75
06:07:02.337,sleep,15283,466,3992,16791,19,95,54.0,0.3,No,1500,2400,0,3438,75
06:07:03.337,sleep,15288,368,5652,16791,19,95,53.5,0.0,No,1500,2400,0,3415,75
06:07:04.337,sleep,15283,530,9220,16791,18,95,52.9,0.3,No,1500,2400,0,3422,75
06:07:05.337,sleep,15290,360,5516,16790,14,95,52.9,0.2,No,1500,2400,0,3416,75
06:07:06.337,sleep,15288,568,5362,16790,14,95,52.4,0.0,No,1500,2400,0,3407,75
06:07:07.337,sleep,15294,552,8468,16791,14,95,52.4,0.0,No,1500,2400,0,3408,75
06:07:08.339,active,15311,498,6500,16787,-3,95,57.3,57.3,No,2400,2400,0,3366,75
06:07:09.338,active,15296,706,7696,16788,0,95,56.8,53.3,No,2400,2400,0,3338,75
06:07:10.337,active,15258,718,11014,16788,0,95,58.4,54.3,No,2400,2400,0,3335,75
06:07:11.337,active,15296,746,11440,16787,0,95,58.4,54.1,No,2400,2400,0,3331,75
06:07:12.341,active,15251,714,10938,16787,-5,95,59.5,52.3,No,2400,2400,0,3325,75
06:07:13.337,active,15268,800,10202,16787,0,95,60.0,51.3,No,2400,2400,0,3322,75
06:07:14.338,active,15249,704,10784,16789,0,95,60.0,51.5,No,2400,2400,0,3297,75
06:07:15.337,active,15275,826,13734,16788,-3,95,60.6,53.8,No,2400,2400,0,4149,125
06:07:16.337,active,15268,820,12538,16787,-6,95,61.7,58.0,No,2400,2400,0,5332,125
06:07:17.341,active,15275,684,15104,16785,-6,95,62.2,58.2,No,2400,2400,0,5419,125
06:07:18.337,active,15266,844,12924,16786,-6,95,62.2,57.9,No,2400,2400,0,5423,125
06:07:19.338,active,15290,718,10996,16786,-5,95,62.2,58.1,No,2400,2400,0,5413,125
06:07:20.338,active,15292,756,11594,16787,-5,95,61.7,56.4,No,2400,2400,0,5424,125
06:07:21.337,active,15294,740,11342,16787,-3,95,62.2,57.7,No,2400,2400,0,5421,125
06:07:22.337,active,15292,784,11998,16787,0,95,63.4,58.8,No,2400,2400,0,5430,125
06:07:23.337,active,15290,760,11632,16786,0,95,62.2,56.5,No,2400,2400,0,5423,125
06:07:24.340,active,15290,708,10860,16787,0,95,63.4,56.7,No,2400,2400,0,5427,125
06:07:25.341,active,15292,672,10300,16788,0,95,62.2,57.0,No,2400,2400,0,5441,125
06:07:26.337,active,15299,738,10686,16788,0,95,61.7,57.8,No,2400,2400,0,5453,125
06:07:27.337,active,15305,778,11922,16788,0,95,63.4,58.4,No,2400,2400,0,5451,125
06:07:28.337,active,15301,784,11998,16787,0,95,63.4,56.8,No,2400,2400,0,5451,125
06:07:29.339,active,15307,642,9858,16786,0,95,63.4,57.1,No,2400,2400,0,5455,125
06:07:30.340,active,15314,736,11266,16786,-3,95,62.8,57.0,No,2400,2400,0,5462,125
06:07:31.338,active,15305,428,6578,16786,-5,95,62.2,58.9,No,2400,2400,0,5463,125
06:07:32.337,active,15316,718,10996,16787,0,95,62.8,58.3,No,2400,2400,0,5463,125
06:07:33.337,active,15299,494,11806,16788,0,95,62.8,55.3,No,2400,2400,0,5468,125
06:07:34.337,active,15305,532,8178,16787,0,95,62.8,54.5,No,2400,2400,0,5471,125
06:07:35.337,active,15307,508,9510,16786,0,95,62.2,54.2,No,2400,2400,0,5473,125
06:07:36.341,active,15316,542,8314,16786,0,95,62.2,54.2,No,2400,2400,0,5493,125
06:07:37.337,active,15301,694,10628,16786,-3,95,61.7,53.8,No,2400,2400,0,5489,125
06:07:38.337,active,15303,684,10514,16787,-4,95,62.2,57.6,No,2400,2400,0,5485,125
06:07:39.337,active,15256,824,12654,16789,0,95,63.4,58.7,No,2400,2400,0,5490,125
06:07:40.337,active,15271,824,12636,16787,-4,95,63.4,58.0,No,2400,2400,0,5486,125
06:07:41.341,active,15279,840,12848,16788,-4,95,63.9,59.0,No,2400,2400,0,5492,125
06:07:42.338,active,15268,950,14546,16785,-6,95,62.2,58.6,No,2400,2400,0,5492,125
06:07:43.337,active,15273,706,10842,16785,-7,95,63.9,59.0,No,2400,2400,0,5498,125
06:07:44.337,active,15292,808,11922,16786,0,95,62.8,57.5,No,2400,2400,0,5500,125
06:07:45.341,active,15264,758,11632,16786,0,95,63.4,57.8,No,2400,2400,0,5504,125
06:07:46.337,active,15311,504,7736,16786,-4,95,63.4,55.8,No,2400,2400,0,5500,125
06:07:47.337,active,15341,468,7194,16786,-6,95,63.4,54.8,No,2400,2400,0,5501,125
06:07:48.338,active,15299,538,8276,16786,-6,95,62.2,54.2,No,2400,2400,0,5496,125
06:07:49.337,active,15346,468,7194,16786,-6,95,62.8,58.5,No,2400,2400,0,5511,125
06:07:50.337,active,15288,528,8120,16785,-7,95,64.5,56.0,No,2400,2400,0,5513,125
06:07:51.337,active,15305,506,6986,16787,0,95,62.8,51.8,No,2400,2400,0,5509,125
06:07:52.338,active,15294,464,7138,16788,0,95,62.8,51.7,No,2400,2400,0,5511,125
06:07:53.342,active,15290,692,8642,16788,0,95,62.8,51.4,No,2400,2400,0,5513,125
06:07:54.337,active,15288,554,8506,16787,0,95,62.2,51.5,No,2400,2400,0,5512,125
06:07:55.337,active,15249,780,15086,16787,3,95,62.8,52.3,No,2400,2400,0,5518,125
06:07:56.337,active,15232,812,12404,16786,0,95,62.8,52.2,No,2400,2400,0,5519,125
06:07:57.337,active,15283,880,13464,16789,0,95,62.8,54.4,No,2400,2400,0,5514,125
06:07:58.338,active,15247,794,12114,16788,-3,95,62.2,52.7,No,2400,2400,0,5515,125
06:07:59.342,active,15301,822,12578,16787,0,95,61.7,54.1,No,2400,2400,0,5521,125
06:08:00.337,active,15247,666,10186,16788,3,95,62.2,52.7,No,2400,2400,0,5528,125
06:08:01.337,active,15301,850,12982,16787,3,95,63.4,52.3,No,2400,2400,0,5527,125
06:08:02.337,active,15305,434,6674,16786,0,95,63.4,51.9,No,2400,2400,0,5522,125
06:08:03.338,active,15303,742,11342,16787,0,95,63.4,55.3,No,2400,2400,0,5517,125
06:08:04.348,active,15292,450,6906,16788,0,95,62.2,54.1,No,2400,2400,0,5530,125
06:08:05.337,active,15292,676,10358,16786,0,95,61.7,54.0,No,2400,2400,0,5530,125
06:08:06.337,active,15299,742,11440,16786,-3,95,61.1,53.6,No,2400,2400,0,5533,125
06:08:07.340,active,15296,730,11208,16787,0,95,63.4,52.3,No,2400,2400,0,5522,125
06:08:08.337,sleep,15294,516,7118,16789,10,95,59.0,3.5,No,2400,2400,0,5559,125
06:08:09.337,sleep,15294,484,7408,16790,14,95,59.0,0.0,No,2400,2400,0,5571,125
06:08:10.337,sleep,15290,530,7678,16791,17,95,57.3,0.3,No,2400,2400,0,5574,125
06:08:11.337,sleep,15290,486,7466,16791,16,95,57.3,0.0,No,2400,2400,0,5568,125
06:08:12.337,sleep,15288,456,7638,16790,17,95,56.8,0.0,No,2400,2400,0,5572,125
06:08:13.337,sleep,15286,444,6790,16791,17,95,55.6,0.2,No,1500,2400,0,5588,125
06:08:14.337,sleep,15288,402,6154,16791,18,95,55.1,0.0,No,1500,2400,0,5591,125
06:08:15.337,sleep,15286,434,6500,16790,16,95,55.1,0.3,No,1500,2400,0,5583,125
06:08:16.337,sleep,15288,410,6288,16791,18,95,53.5,0.0,No,1500,2400,0,5585,125
06:08:17.337,sleep,15286,346,5400,16790,14,95,54.0,0.3,No,1500,2400,0,3883,75
06:08:18.337,sleep,15290,402,6172,16791,17,95,52.9,0.3,No,1500,2400,0,3495,75
06:08:19.337,sleep,15290,602,7870,16791,15,95,53.5,0.0,No,1500,2400,0,3430,75
06:08:20.337,sleep,15286,322,4958,16791,15,95,53.5,0.0,No,1500,2400,0,3418,75
06:08:21.337,sleep,15286,544,8854,16790,15,95,52.4,0.3,No,1500,2400,0,3412,75
06:08:22.337,sleep,15288,426,6538,16790,19,95,53.5,-0.0,No,1500,2400,0,3414,75
06:08:23.337,active,15241,912,13948,16787,0,95,56.8,55.9,No,2400,2400,0,3380,75
06:08:24.341,active,15247,818,12500,16787,-5,95,59.0,51.9,No,2400,2400,0,3362,75
06:08:25.337,active,15262,922,14102,16789,0,95,59.0,51.3,No,2400,2400,0,3348,75
06:08:26.341,active,15264,706,10802,16789,0,95,58.4,55.0,No,2400,2400,0,3334,75
06:08:27.338,active,15307,674,10320,16787,0,95,59.0,56.8,No,2400,2400,0,4891,125
06:08:28.337,active,15256,668,10204,16787,0,95,59.5,58.1,No,2400,2400,0,5420,125
06:08:29.339,active,15307,734,11226,16787,0,95,60.6,57.6,No,2400,2400,0,5453,125
06:08:30.337,active,15260,664,10166,16788,0,95,61.1,56.8,No,2400,2400,0,5457,125
06:08:31.339,active,15311,648,9916,16788,0,95,61.1,56.8,No,2400,2400,0,5458,125
06:08:32.341,active,15294,710,10686,16788,0,95,61.1,56.8,No,2400,2400,0,5462,125
06:08:33.337,active,15296,680,10416,16788,0,95,61.1,58.1,No,2400,2400,0,5450,125
06:08:34.337,active,15303,718,10648,16787,0,95,61.7,57.2,No,2400,2400,0,5452,125
06:08:35.341,active,15299,720,11034,16787,-3,95,61.7,57.5,No,2400,2400,0,5462,125
06:08:36.337,active,15268,1010,11458,16786,-7,95,62.8,57.2,No,2400,2400,0,5471,125
06:08:37.338,active,15305,706,10842,16786,-4,95,62.8,58.0,No,2400,2400,0,5469,125
06:08:38.340,active,15275,680,10070,16785,-6,95,62.2,57.6,No,2400,2400,0,5472,125
06:08:39.337,active,15311,774,11882,16786,-5,95,62.2,57.3,No,2400,2400,0,5473,125
06:08:40.341,active,15273,958,10474,16786,0,95,63.4,58.1,No,2400,2400,0,5472,125
06:08:41.341,active,15305,784,12018,16787,0,95,63.9,57.0,No,2400,2400,0,5480,125
06:08:42.338,active,15292,502,7696,16786,0,95,62.2,57.8,No,2400,2400,0,5476,125
06:08:43.337,active,15346,506,7774,16788,0,95,62.8,59.1,No,2400,2400,0,5479,125
06:08:44.337,active,15288,482,7426,16787,0,95,62.2,58.2,No,2400,2400,0,5497,125
06:08:45.337,active,15290,720,7696,16787,-4,95,63.4,59.2,No,2400,2400,0,5493,125
06:08:46.341,active,15292,476,7330,16788,0,95,63.4,58.9,No,2400,2400,0,5502,125
06:08:47.337,active,15290,762,7214,16787,0,95,63.4,58.4,No,2400,2400,0,5494,125
06:08:48.341,active,15292,530,8120,16786,0,95,62.8,59.2,No,2400,2400,0,5503,125
06:08:49.340,active,15294,712,8140,16786,0,95,63.4,58.0,No,2400,2400,0,5510,125
06:08:50.337,active,15279,652,9992,16788,0,95,62.2,59.7,No,2400,2400,0,5500,125
06:08:51.337,active,15232,980,14988,16788,0,95,63.4,56.8,No,2400,2400,0,5498,125
06:08:52.341,active,15258,926,14160,16788,0,95,62.8,54.7,No,2400,2400,0,5502,125
06:08:53.337,active,15238,988,15124,16787,3,95,62.2,54.4,No,2400,2400,0,5508,125
06:08:54.338,active,15247,814,12462,16788,4,95,62.2,54.2,No,2400,2400,0,5516,125
06:08:55.338,active,15256,904,13832,16788,0,95,62.8,57.2,No,2400,2400,0,5509,125
06:08:56.337,active,15258,746,11420,16788,3,95,63.4,59.7,No,2400,2400,0,5512,125
06:08:57.340,active,15301,668,10204,16788,3,95,63.4,56.9,No,2400,2400,0,5512,125
06:08:58.341,active,15266,620,9472,16787,0,95,63.4,55.2,No,2400,2400,0,5526,125
06:08:59.337,active,15294,860,13156,16788,0,95,63.4,55.3,No,2400,2400,0,5523,125
06:09:00.338,active,15292,766,11072,16788,3,95,62.2,55.6,No,2400,2400,0,5518,125
06:09:01.337,active,15296,694,10648,16788,7,95,62.2,58.9,No,2400,2400,0,5524,125
06:09:02.337,active,15294,708,11478,16787,0,95,63.4,57.1,No,2400,2400,0,5533,125
06:09:03.341,active,15292,696,10668,16788,5,95,62.2,53.7,No,2400,2400,0,5538,125
06:09:04.341,active,15292,748,11400,16787,0,95,63.4,51.5,No,2400,2400,0,5528,125
06:09:05.337,active,15292,764,11728,16788,0,95,63.9,51.4,No,2400,2400,0,5517,125
06:09:06.343,active,15296,748,10860,16788,0,95,61.7,51.4,No,2400,2400,0,5524,125
06:09:07.337,active,15296,706,10822,16787,0,95,62.2,53.9,No,2400,2400,0,5525,125
06:09:08.337,active,15305,682,10474,16787,0,95,63.4,55.3,No,2400,2400,0,5523,125
06:09:09.337,active,15311,530,11266,16787,-7,95,63.9,55.5,No,2400,2400,0,5516,125
06:09:10.337,active,15290,504,7754,16787,0,95,63.4,53.8,No,2400,2400,0,5524,125
06:09:11.341,active,15344,562,7176,16788,0,95,62.8,53.2,No,2400,2400,0,5523,125
06:09:12.337,active,15350,544,8352,16788,3,95,62.8,55.8,No,2400,2400,0,5522,125
06:09:13.337,active,15290,752,7234,16788,-3,95,62.8,55.8,No,2400,2400,0,5531,125
06:09:14.341,active,15335,490,7522,16787,0,95,64.5,54.4,No,2400,2400,0,5529,125
06:09:15.337,active,15337,552,8024,16786,0,95,63.4,52.2,No,2400,2400,0,5531,125
06:09:16.337,active,15320,460,7080,16787,-4,95,62.8,53.1,No,2400,2400,0,5536,125
06:09:17.342,active,15348,450,7080,16787,-3,95,61.7,54.7,No,2400,2400,0,5535,125
06:09:18.337,active,15253,920,14062,16787,-4,95,62.8,55.0,No,2400,2400,0,5530,125
06:09:19.341,active,15247,848,12982,16787,0,95,63.4,54.6,No,2400,2400,0,5534,125
06:09:20.341,active,15249,872,11046,16787,0,95,63.4,52.1,No,2400,2400,0,5537,125
06:09:21.337,active,15241,964,14738,16787,0,95,62.8,51.9,No,2400,2400,0,5523,125
06:09:22.339,active,15251,786,12530,16787,0,95,62.2,52.9,No,2400,2400,0,5530,125
06:09:23.337,sleep,15296,522,8006,16791,13,95,59.5,7.1,No,2400,2400,0,5575,125
06:09:24.337,sleep,15292,456,6726,16790,17,95,58.4,0.0,No,2400,2400,0,5577,125
06:09:25.337,sleep,15296,428,6558,16790,12,95,57.9,0.3,No,2400,2400,0,5583,125
06:09:26.337,sleep,15296,440,6496,16790,15,95,57.3,0.0,No,2400,2400,0,5578,125
06:09:27.337,sleep,15283,458,7022,16789,11,95,57.3,-0.0,No,2400,2400,0,5585,125
06:09:28.337,sleep,15283,530,7658,16791,13,95,55.1,0.3,No,1500,2400,0,5594,125
06:09:29.337,sleep,15288,490,7522,16792,19,95,55.1,0.0,No,1500,2400,0,5595,125
06:09:30.337,sleep,15294,424,4764,16792,18,95,55.1,0.2,No,1500,2400,0,5594,125
06:09:31.337,sleep,15290,312,4784,16792,18,95,55.1,0.0,No,1500,2400,0,5332,75
06:09:32.337,sleep,15292,278,7620,16792,19,95,54.0,0.2,No,1500,2400,0,3708,75
06:09:33.337,sleep,15288,490,7522,16792,20,95,53.5,0.0,No,1500,2400,0,3479,75
06:09:34.337,sleep,15283,564,8120,16792,20,95,53.5,0.0,No,1500,2400,0,3436,75
06:09:35.337,sleep,15286,538,8256,16792,22,95,52.9,0.3,No,1500,2400,0,3412,75
06:09:36.337,sleep,15281,518,8506,16792,22,95,52.9,0.0,No,1500,2400,0,3407,75
06:09:37.337,sleep,15290,390,6056,16792,20,95,52.4,0.0,No,1500,2400,0,3401,75
06:09:38.337,active,15311,452,6944,16788,0,95,57.9,53.6,No,2400,2400,0,3370,75
06:09:39.338,active,15314,508,10744,16788,0,95,59.0,56.6,No,2400,2400,0,3337,75
06:09:40.337,active,15348,556,8546,16788,0,95,58.4,58.1,No,2400,2400,0,3331,75
06:09:41.337,active,15350,472,7716,16788,0,95,60.0,58.6,No,2400,2400,0,3333,75
06:09:42.337,active,15337,498,7658,16788,0,95,61.1,57.4,No,2400,2400,0,5167,125
06:09:43.337,active,15290,690,8392,16788,0,95,61.1,57.4,No,2400,2400,0,5447,125
06:09:44.341,active,15311,494,7600,16788,0,95,62.2,57.4,No,2400,2400,0,5463,125
06:09:45.342,active,15331,490,7620,16788,0,95,60.0,51.8,No,2400,2400,0,5466,125
06:09:46.337,active,15266,902,13812,16788,0,95,60.6,52.9,No,2400,2400,0,5460,125
06:09:47.338,active,15262,678,10398,16788,0,95,60.6,52.9,No,2400,2400,0,5467,125
06:09:48.341,active,15283,824,12616,16788,0,95,61.7,56.7,No,2400,2400,0,5466,125
06:09:49.337,active,15253,946,14488,16786,-7,95,61.7,57.5,No,2400,2400,0,5459,125
06:09:50.338,active,15275,740,11342,16786,0,95,62.2,56.6,No,2400,2400,0,5463,125
06:09:51.337,active,15260,880,13464,16787,-4,95,61.7,57.1,No,2400,2400,0,5466,125
06:09:52.337,active,15249,760,11632,16786,-7,95,62.2,58.8,No,2400,2400,0,5469,125
06:09:53.341,active,15264,824,12636,16788,-5,95,62.8,57.7,No,2400,2400,0,5473,125
06:09:54.337,active,15253,762,11652,16787,-4,95,62.8,58.1,No,2400,2400,0,5474,125
06:09:55.338,active,15301,742,11400,16786,0,95,61.7,59.1,No,2400,2400,0,5482,125
06:09:56.340,active,15294,766,11208,16787,3,95,62.8,57.8,No,2400,2400,0,5481,125
06:09:57.337,active,15296,760,11652,16787,0,95,62.2,59.5,No,2400,2400,0,5480,125
06:09:58.341,active,15292,734,9916,16789,0,95,62.8,59.1,No,2400,2400,0,5487,125
06:09:59.341,active,15290,718,11014,16789,0,95,63.4,58.3,No,2400,2400,0,5491,125
06:10:00.338,active,15294,740,11304,16788,0,95,63.4,59.5,No,2400,2400,0,5490,125
06:10:01.338,active,15290,770,11786,16787,0,95,62.2,58.8,No,2400,2400,0,5490,125
06:10:02.338,active,15288,734,10976,16787,0,95,61.7,58.4,No,2400,2400,0,5493,125
06:10:03.337,active,15294,730,11188,16787,0,95,63.4,59.3,No,2400,2400,0,5498,125
06:10:04.341,active,15301,762,11266,16787,0,95,63.4,59.2,No,2400,2400,0,5499,125
06:10:05.337,active,15318,510,10922,16787,0,95,63.4,59.5,No,2400,2400,0,5497,125
06:10:06.337,active,15350,486,7466,16787,0,95,63.4,59.1,No,2400,2400,0,5504,125
06:10:07.341,active,15316,522,9606,16787,0,95,62.2,59.5,No,2400,2400,0,5506,125
06:10:08.337,active,15326,538,8236,16787,0,95,61.7,57.4,No,2400,2400,0,5517,125
06:10:09.337,active,15316,496,8546,16787,0,95,62.2,56.4,No,2400,2400,0,5511,125
06:10:10.341,active,15303,394,6056,16787,-5,95,63.4,55.1,No,2400,2400,0,5505,125
06:10:11.337,active,15316,504,7966,16787,0,95,63.4,54.6,No,2400,2400,0,5510,125
06:10:12.337,active,15309,502,7716,16787,-3,95,62.8,56.4,No,2400,2400,0,5517,125
06:10:13.343,active,15253,548,7292,16787,-3,95,62.8,56.4,No,2400,2400,0,5509,125
06:10:14.337,active,15268,716,10976,16787,0,95,62.2,53.4,No,2400,2400,0,5521,125
06:10:15.340,active,15251,804,12326,16788,0,95,62.8,52.3,No,2400,2400,0,5526,125
06:10:16.341,active,15253,1026,11728,16788,0,95,62.8,52.2,No,2400,2400,0,5518,125
06:10:17.341,active,15249,768,11768,16789,0,95,63.4,52.2,No,2400,2400,0,5515,125
06:10:18.338,active,15277,808,14970,16788,0,95,62.8,54.9,No,2400,2400,0,5504,125
06:10:19.337,active,15232,896,13716,16787,0,95,62.2,54.0,No,2400,2400,0,5515,125
06:10:20.337,active,15249,882,11690,16786,0,95,62.8,53.1,No,2400,2400,0,5520,125
06:10:21.341,active,15256,996,15240,16786,0,95,63.4,52.7,No,2400,2400,0,5521,125
06:10:22.337,active,15245,842,14372,16788,0,95,62.8,56.2,No,2400,2400,0,5517,125
06:10:23.338,active,15311,516,7928,16788,-3,95,62.8,55.4,No,2400,2400,0,5518,125
06:10:24.343,active,15290,560,8604,16788,0,95,62.2,53.5,No,2400,2400,0,5524,125
06:10:25.337,active,15292,734,11246,16787,0,95,62.2,55.9,No,2400,2400,0,5526,125
06:10:26.337,active,15290,494,7600,16787,0,95,62.8,55.2,No,2400,2400,0,5525,125
06:10:27.341,active,15294,730,7368,16787,0,95,62.8,52.7,No,2400,2400,0,5529,125
06:10:28.337,active,15286,526,8064,16788,0,95,62.8,51.4,No,2400,2400,0,5524,125
06:10:29.338,active,15288,716,7372,16789,0,95,62.2,51.7,No,2400,2400,0,5531,125
06:10:30.337,active,15292,662,10166,16787,0,95,62.2,51.5,No,2400,2400,0,5527,125
06:10:31.337,active,15290,768,7176,16788,-3,95,61.7,52.8,No,2400,2400,0,5524,125
06:10:32.340,active,15268,730,11188,16787,0,95,63.4,52.4,No,2400,2400,0,5534,125
06:10:33.341,active,15296,732,9972,16787,0,95,62.2,51.8,No,2400,2400,0,5540,125
06:10:34.337,active,15307,766,11748,16787,-3,95,63.4,54.0,No,2400,2400,0,5534,125
06:10:35.337,active,15299,770,11882,16789,3,95,62.8,54.8,No,2400,2400,0,5526,125
06:10:36.337,active,15292,468,7156,16788,0,95,61.7,54.3,No,2400,2400,0,5535,125
06:10:37.337,active,15299,614,9394,16787,0,95,62.2,53.1,No,2400,2400,0,5540,125
06:10:38.337,sleep,15292,460,7040,16789,8,95,59.0,7.3,No,2400,2400,0,5576,125
06:10:39.337,sleep,15290,528,8102,16789,12,95,57.9,0.0,No,2400,2400,0,5579,125
06:10:40.337,sleep,15286,440,6752,16789,11,95,57.3,0.3,No,2400,2400,0,5576,125
06:10:41.337,sleep,15292,498,7638,16790,11,95,56.8,0.0,No,2400,2400,0,5576,125
06:10:42.337,sleep,15286,554,8140,16791,12,95,56.2,0.3,No,2400,2400,0,5575,125
06:10:43.337,sleep,15294,490,7504,16792,16,95,55.6,0.0,No,1500,2400,0,5585,125
06:10:44.337,sleep,15290,528,6056,16791,14,95,54.5,0.3,No,1500,2400,0,5588,125
06:10:45.337,sleep,15290,304,4648,16790,14,95,54.5,-0.0,No,1500,2400,0,4544,75
06:10:46.337,sleep,15281,556,7368,16790,14,95,54.5,0.3,No,1500,2400,0,3597,75
06:10:47.337,sleep,15290,338,5188,16790,13,95,54.0,0.5,No,1500,2400,0,3457,75
06:10:48.337,sleep,15283,322,5228,16790,13,95,53.5,-0.0,No,1500,2400,0,3429,75
06:10:49.337,sleep,15288,274,4204,16791,15,95,53.5,0.3,No,1500,2400,0,3423,75
06:10:50.337,sleep,15290,478,7330,16790,16,95,52.9,0.0,No,1500,2400,0,3413,75
06:10:51.337,sleep,15290,404,6192,16790,15,95,52.4,0.0,No,1500,2400,0,3396,75
06:10:52.337,sleep,15292,438,6712,16790,14,95,52.9,0.7,No,1500,2400,0,3390,75
06:10:53.337,active,15339,484,7446,16787,0,95,56.2,51.8,No,2400,2400,0,3355,75
06:10:54.337,active,15292,460,7060,16787,-6,95,57.9,52.9,No,2400,2400,0,3351,75
06:10:55.341,active,15292,700,10726,16789,-3,95,59.0,51.8,No,2400,2400,0,3348,75
06:10:56.337,active,15292,510,7850,16788,0,95,59.0,51.5,No,2400,2400,0,3334,75
06:10:57.338,active,15290,674,8804,16786,0,95,59.5,54.5,No,2400,2400,0,3485,125
06:10:58.337,active,15294,630,9644,16786,-6,95,60.0,57.6,No,2400,2400,0,5291,125
06:10:59.337,active,15258,670,11054,16786,-6,95,60.6,57.1,No,2400,2400,0,5439,125
06:11:00.337,active,15253,686,10514,16788,-5,95,61.1,56.9,No,2400,2400,0,5444,125
06:11:01.337,active,15299,976,12308,16787,-6,95,62.2,57.5,No,2400,2400,0,5440,125
06:11:02.338,active,15281,616,9432,16787,-10,95,61.7,57.4,No,2400,2400,0,5439,125
06:11:03.337,active,15314,734,11226,16786,-8,95,61.1,58.1,No,2400,2400,0,5443,125
06:11:04.337,active,15311,642,9838,16785,-7,95,61.7,58.4,No,2400,2400,0,5446,125
06:11:05.337,active,15307,674,10300,16786,-8,95,62.2,58.5,No,2400,2400,0,5445,125
06:11:06.337,active,15318,462,7118,16786,-7,95,62.8,60.9,No,2400,2400,0,5448,125
06:11:07.340,active,15309,590,9028,16787,-5,95,62.2,59.0,No,2400,2400,0,5466,125
06:11:08.337,active,15311,456,7002,16786,0,95,63.4,57.6,No,2400,2400,0,5466,125
06:11:09.337,active,15303,738,11324,16786,-5,95,61.7,58.3,No,2400,2400,0,5461,125
06:11:10.337,active,15262,910,10706,16785,-7,95,61.7,59.2,No,2400,2400,0,5465,125
06:11:11.337,active,15288,628,9626,16785,-9,95,62.8,58.5,No,2400,2400,0,5466,125
06:11:12.337,active,15260,928,11284,16787,-5,95,63.4,59.0,No,2400,2400,0,5462,125
06:11:13.338,active,15273,858,13156,16787,0,95,62.2,58.0,No,2400,2400,0,5473,125
06:11:14.337,active,15271,574,10996,16787,0,95,61.7,58.4,No,2400,2400,0,5467,125
06:11:15.337,active,15262,980,14988,16787,0,95,62.8,59.4,No,2400,2400,0,5480,125
06:11:16.337,active,15251,748,10668,16788,0,95,62.8,55.2,No,2400,2400,0,5481,125
06:11:17.337,active,15266,908,13890,16788,0,95,64.5,55.4,No,2400,2400,0,5479,125
06:11:18.339,active,15294,582,8932,16787,-3,95,63.9,59.2,No,2400,2400,0,5480,125
06:11:19.337,active,15290,520,8218,16786,-5,95,62.8,58.6,No,2400,2400,0,5488,125
06:11:20.338,active,15326,472,7252,16786,0,95,61.7,57.4,No,2400,2400,0,5490,125
06:11:21.337,active,15339,490,8816,16787,0,95,62.2,55.0,No,2400,2400,0,5497,125
06:11:22.337,active,15331,452,6944,16788,0,95,62.8,55.2,No,2400,2400,0,5498,125
06:11:23.337,active,15290,712,7580,16788,0,95,62.8,55.3,No,2400,2400,0,5495,125
06:11:24.339,active,15294,722,11072,16787,-4,95,62.8,59.0,No,2400,2400,0,5498,125
06:11:25.337,active,15292,814,7542,16787,0,95,62.8,53.3,No,2400,2400,0,5501,125
06:11:26.337,active,15290,548,8410,16788,0,95,62.2,53.8,No,2400,2400,0,5498,125
06:11:27.337,active,15273,876,13388,16789,6,95,62.8,54.3,No,2400,2400,0,5502,125
06:11:28.337,active,15264,648,11748,16789,4,95,63.4,53.4,No,2400,2400,0,5507,125
06:11:29.337,active,15309,868,13272,16789,4,95,64.5,54.1,No,2400,2400,0,5505,125
06:11:30.337,active,15258,858,14276,16787,0,95,64.5,52.5,No,2400,2400,0,5510,125
06:11:31.344,active,15301,716,10956,16786,-3,95,61.7,53.1,No,2400,2400,0,5504,125
06:11:32.337,active,15249,588,13734,16786,-3,95,62.2,54.9,No,2400,2400,0,5505,125
06:11:33.337,active,15245,786,11998,16787,-3,95,63.9,56.6,No,2400,2400,0,5511,125
06:11:34.341,active,15301,442,12828,16788,0,95,63.4,52.8,No,2400,2400,0,5521,125
06:11:35.337,active,15266,670,10262,16786,-5,95,63.9,54.0,No,2400,2400,0,5513,125
06:11:36.338,active,15303,690,10590,16786,0,95,62.8,54.6,No,2400,2400,0,5516,125
06:11:37.337,active,15301,720,11092,16787,0,95,62.2,53.6,No,2400,2400,0,5513,125
06:11:38.337,active,15303,724,11112,16787,0,95,63.4,54.4,No,2400,2400,0,5513,125
06:11:39.341,active,15292,660,11516,16787,0,95,63.4,53.7,No,2400,2400,0,5516,125
06:11:40.337,active,15294,706,10822,16786,-3,95,62.8,52.8,No,2400,2400,0,5523,125
06:11:41.338,active,15299,672,11960,16787,0,95,62.2,51.8,No,2400,2400,0,5523,125
06:11:42.342,active,15303,762,11690,16786,0,95,62.8,54.7,No,2400,2400,0,5519,125
06:11:43.337,active,15305,704,11612,16786,0,95,62.8,51.7,No,2400,2400,0,5519,125
06:11:44.337,active,15296,718,11014,16787,0,95,63.4,52.6,No,2400,2400,0,5519,125
06:11:45.341,active,15301,666,12172,16787,0,95,63.4,52.7,No,2400,2400,0,5518,125
06:11:46.337,active,15296,730,8116,16789,0,95,62.8,53.7,No,2400,2400,0,5517,125
06:11:47.338,active,15324,578,8874,16789,0,95,62.2,52.1,No,2400,2400,0,5534,125
06:11:48.337,active,15320,520,8198,16788,0,95,60.6,52.2,No,2400,2400,0,5525,125
06:11:49.337,active,15339,498,7638,16787,0,95,62.2,53.0,No,2400,2400,0,5522,125
06:11:50.339,active,15322,442,8604,16787,3,95,63.4,53.5,No,2400,2400,0,5524,125
06:11:51.337,active,15348,508,7812,16787,0,95,62.8,52.5,No,2400,2400,0,5528,125
06:11:52.340,active,15331,530,8932,16787,0,95,62.8,53.1,No,2400,2400,0,5527,125
06:11:53.337,sleep,15294,498,7638,16789,9,95,60.0,9.0,No,2400,2400,0,5564,125
06:11:54.337,sleep,15283,468,7156,16790,13,95,57.9,0.0,No,2400,2400,0,5567,125
06:11:55.337,sleep,15286,566,8662,16789,9,95,58.4,0.0,No,2400,2400,0,5568,125
06:11:56.337,sleep,15286,444,6810,16789,8,95,56.8,-0.0,No,2400,2400,0,5571,125
06:11:57.337,sleep,15286,502,8190,16790,12,95,56.8,0.0,No,2400,2400,0,5572,125
06:11:58.337,sleep,15294,368,5632,16791,14,95,55.6,0.2,No,1500,2400,0,5577,125
06:11:59.337,sleep,15286,472,6500,16790,14,95,54.5,0.0,No,1500,2400,0,5577,125
06:12:00.337,sleep,15296,448,6866,16789,11,95,54.5,0.3,No,1500,2400,0,5576,125
06:12:01.337,sleep,15292,312,7484,16790,12,95,54.0,-0.0,No,1500,2400,0,4149,75
06:12:02.337,sleep,15292,340,5208,16790,13,95,53.5,0.3,No,1500,2400,0,3518,75
06:12:03.337,sleep,15290,354,5420,16789,11,95,52.9,0.0,No,1500,2400,0,3439,75
06:12:04.337,sleep,15294,502,7678,16790,10,95,54.0,0.0,No,1500,2400,0,3429,75
06:12:05.337,sleep,15292,262,4032,16790,12,95,52.9,0.3,No,1500,2400,0,3420,75
06:12:06.337,sleep,15290,282,4340,16791,14,95,52.9,0.3,No,1500,2400,0,3413,75
06:12:07.337,sleep,15292,514,7890,16792,14,95,52.4,-0.0,No,1500,2400,0,3407,75
06:12:08.337,active,15296,666,11228,16787,0,95,56.8,55.1,No,2400,2400,0,3365,75
06:12:09.340,active,15264,714,10956,16786,-8,95,58.4,57.7,No,2400,2400,0,3338,75
06:12:10.340,active,15303,684,9278,16785,-9,95,58.4,57.0,No,2400,2400,0,3325,75
06:12:11.337,active,15273,740,11342,16787,-7,95,60.0,58.0,No,2400,2400,0,3322,75
06:12:12.341,active,15305,716,10938,16787,-8,95,61.1,59.4,No,2400,2400,0,4326,125
06:12:13.337,active,15309,520,7986,16787,-6,95,60.6,57.4,No,2400,2400,0,5372,125
06:12:14.337,active,15320,522,8024,16788,-4,95,60.6,57.8,No,2400,2400,0,5446,125
06:12:15.341,active,15326,510,7832,16787,-3,95,60.6,57.6,No,2400,2400,0,5450,125
06:12:16.337,active,15326,436,6674,16786,-7,95,60.6,57.1,No,2400,2400,0,5446,125
06:12:17.337,active,15320,502,9508,16786,-3,95,62.2,60.8,No,2400,2400,0,5444,125
06:12:18.341,active,15352,460,7060,16787,-4,95,63.4,58.7,No,2400,2400,0,5452,125
06:12:19.337,active,15329,546,7624,16787,-3,95,63.4,58.4,No,2400,2400,0,5452,125
06:12:20.338,active,15357,528,8102,16787,-4,95,61.7,59.6,No,2400,2400,0,5452,125
06:12:21.340,active,15333,432,7194,16786,-3,95,61.7,59.0,No,2400,2400,0,5455,125
06:12:22.337,active,15268,964,14776,16787,0,95,61.7,59.3,No,2400,2400,0,5457,125
06:12:23.340,active,15260,672,10300,16786,-4,95,62.8,59.4,No,2400,2400,0,5467,125
06:12:24.340,active,15262,926,14178,16786,-5,95,62.8,59.1,No,2400,2400,0,5475,125
06:12:25.340,active,15271,792,12134,16787,-5,95,62.8,58.6,No,2400,2400,0,5479,125
06:12:26.341,active,15273,814,12462,16786,-9,95,62.2,59.7,No,2400,2400,0,5471,125
06:12:27.341,active,15251,732,11226,16786,-4,95,61.7,57.9,No,2400,2400,0,5470,125
06:12:28.337,active,15253,906,13870,16786,-5,95,61.7,54.9,No,2400,2400,0,5479,125
06:12:29.337,active,15256,796,12172,16786,-6,95,62.2,55.1,No,2400,2400,0,5485,125
06:12:30.337,active,15251,992,11304,16788,0,95,62.2,54.3,No,2400,2400,0,5492,125
06:12:31.338,active,15348,554,8546,16788,0,95,62.2,54.3,No,2400,2400,0,5496,125
06:12:32.342,active,15290,440,7214,16788,0,95,62.8,54.1,No,2400,2400,0,5493,125
06:12:33.337,active,15294,800,12268,16788,0,95,61.7,55.5,No,2400,2400,0,5493,125
06:12:34.337,active,15290,464,7156,16787,0,95,62.8,55.1,No,2400,2400,0,5488,125
06:12:35.341,active,15288,758,11612,16787,0,95,62.8,58.1,No,2400,2400,0,5496,125
06:12:36.337,active,15294,726,11112,16787,-3,95,62.2,56.7,No,2400,2400,0,5500,125
06:12:37.337,active,15294,768,11768,16787,-5,95,62.8,54.8,No,2400,2400,0,5501,125
06:12:38.343,active,15292,764,11710,16788,0,95,62.8,51.4,No,2400,2400,0,5503,125
06:12:39.337,active,15296,706,10822,16787,-3,95,62.2,51.8,No,2400,2400,0,5502,125
06:12:40.340,active,15271,702,10744,16786,0,95,62.8,52.7,No,2400,2400,0,5512,125
06:12:41.341,active,15299,486,12790,16788,0,95,62.8,51.7,No,2400,2400,0,5514,125
06:12:42.337,active,15301,670,10282,16788,0,95,62.2,51.4,No,2400,2400,0,5518,125
06:12:43.341,active,15299,514,11786,16787,0,95,61.7,52.5,No,2400,2400,0,5519,125
06:12:44.337,active,15301,494,7580,16786,0,95,62.2,54.0,No,2400,2400,0,5516,125
06:12:45.337,active,15305,476,9780,16787,0,95,62.8,55.8,No,2400,2400,0,5518,125
06:12:46.337,active,15299,456,7002,16787,0,95,62.8,55.0,No,2400,2400,0,5515,125
06:12:47.338,active,15337,516,8006,16787,0,95,63.9,52.8,No,2400,2400,0,5517,125
06:12:48.344,active,15301,508,7812,16789,3,95,63.4,54.5,No,2400,2400,0,5515,125
06:12:49.343,active,15305,710,10898,16788,4,95,62.8,54.2,No,2400,2400,0,5514,125
06:12:50.337,active,15303,812,12230,16788,3,95,62.2,52.6,No,2400,2400,0,5521,125
06:12:51.337,active,15271,726,11130,16788,0,95,62.8,52.4,No,2400,2400,0,5517,125
06:12:52.341,active,15299,638,11150,16788,0,95,63.4,51.8,No,2400,2400,0,5510,125
06:12:53.337,active,15262,742,11400,16788,0,95,63.9,53.7,No,2400,2400,0,5515,125
06:12:54.338,active,15283,766,10918,16788,0,95,62.2,54.7,No,2400,2400,0,5521,125
06:12:55.337,active,15271,954,14604,16787,0,95,62.2,55.2,No,2400,2400,0,5527,125
06:12:56.337,active,15266,936,11652,16787,0,95,61.7,53.1,No,2400,2400,0,5523,125
06:12:57.338,active,15303,702,10784,16787,0,95,63.4,52.5,No,2400,2400,0,5527,125
06:12:58.341,active,15256,982,10898,16788,0,95,63.4,52.2,No,2400,2400,0,5531,125
06:12:59.337,active,15324,496,7638,16787,0,95,64.5,52.4,No,2400,2400,0,5525,125
06:13:00.341,active,15335,552,8468,16788,0,95,62.8,52.1,No,2400,2400,0,5525,125
06:13:01.337,active,15296,452,6944,16788,0,95,63.4,52.6,No,2400,2400,0,5541,125
06:13:02.337,active,15290,510,7850,16786,-4,95,62.8,53.3,No,2400,2400,0,5540,125
06:13:03.337,active,15292,742,8054,16786,-3,95,63.4,53.5,No,2400,2400,0,5529,125
06:13:04.337,active,15296,448,6886,16786,0,95,63.4,53.0,No,2400,2400,0,5533,125
06:13:05.338,active,15292,714,7194,16786,-8,95,62.2,56.0,No,2400,2400,0,5531,125
06:13:06.338,active,15296,752,11516,16788,0,95,62.2,57.4,No,2400,2400,0,5530,125
06:13:07.337,active,15286,720,10648,16787,-3,95,63.4,57.3,No,2400,2400,0,5533,125
06:13:08.337,sleep,15292,516,7908,16789,4,95,59.5,12.0,No,2400,2400,0,5575,125
06:13:09.337,sleep,15296,450,6886,16788,12,95,58.4,0.0,No,2400,2400,0,5573,125
06:13:10.337,sleep,15299,464,7118,16790,13,95,57.9,-0.0,No,2400,2400,0,5575,125
06:13:11.337,sleep,15290,504,7716,16790,13,95,56.8,0.3,No,2400,2400,0,5585,125
06:13:12.337,sleep,15299,478,7330,16789,7,95,56.8,-0.0,No,2400,2400,0,5579,125
06:13:13.337,sleep,15288,392,5998,16789,8,95,55.6,0.3,No,1500,2400,0,5587,125
06:13:14.337,sleep,15294,472,7234,16790,13,95,54.5,0.0,No,1500,2400,0,5593,125
06:13:15.337,sleep,15288,362,5556,16791,16,95,55.1,-0.0,No,1500,2400,0,5604,125
06:13:16.337,sleep,15290,344,7058,16791,14,95,54.0,0.3,No,1500,2400,0,5586,125
06:13:17.337,sleep,15294,310,4764,16792,14,95,54.0,-0.0,No,1500,2400,0,3898,75
06:13:18.337,sleep,15288,508,7580,16792,16,95,53.5,0.3,No,1500,2400,0,3492,75
06:13:19.337,sleep,15288,252,3858,16791,13,95,53.5,0.0,No,1500,2400,0,3442,75
06:13:20.337,sleep,15294,270,5362,16790,15,95,52.9,0.0,No,1500,2400,0,3427,75
06:13:21.337,sleep,15290,364,5574,16790,18,95,52.4,0.3,No,1500,2400,0,3407,75
06:13:22.337,sleep,15292,452,6944,16791,17,95,52.4,0.0,No,1500,2400,0,3406,75
06:13:23.337,active,15301,652,10012,16788,3,95,56.2,50.8,No,2400,2400,0,3371,75
06:13:24.337,active,15264,698,10706,16787,-4,95,58.4,58.3,No,2400,2400,0,3360,75
06:13:25.337,active,15262,878,13426,16788,-4,95,59.0,57.4,No,2400,2400,0,3350,75
06:13:26.337,active,15339,486,7484,16787,-8,95,60.0,57.8,No,2400,2400,0,3348,75
06:13:27.340,active,15354,498,8834,16786,-8,95,60.0,58.2,No,2400,2400,0,4881,125
06:13:28.340,active,15344,494,7600,16785,-12,95,59.5,58.9,No,2400,2400,0,5425,125
06:13:29.337,active,15299,522,8468,16785,-7,95,60.6,59.8,No,2400,2400,0,5468,125
06:13:30.341,active,15352,456,7002,16787,-6,95,61.7,60.2,No,2400,2400,0,5465,125
06:13:31.341,active,15290,702,7466,16787,-4,95,62.8,59.1,No,2400,2400,0,5459,125
06:13:32.338,active,15320,484,7426,16787,-6,95,61.7,59.4,No,2400,2400,0,5461,125
06:13:33.341,active,15292,730,8680,16787,-3,95,61.7,58.3,No,2400,2400,0,5456,125
06:13:34.338,active,15294,736,11266,16787,0,95,62.2,58.6,No,2400,2400,0,5466,125
06:13:35.337,active,15277,778,11940,16786,-3,95,62.2,59.7,No,2400,2400,0,5466,125
06:13:36.341,active,15256,770,11498,16786,-5,95,62.8,59.1,No,2400,2400,0,5469,125
06:13:37.337,active,15305,752,11516,16787,-4,95,62.2,58.1,No,2400,2400,0,5470,125
06:13:38.338,active,15251,598,14024,16787,-5,95,62.2,58.7,No,2400,2400,0,5464,125
06:13:39.337,active,15311,738,11284,16787,-3,95,61.7,59.1,No,2400,2400,0,5473,125
06:13:40.337,active,15253,654,10204,16786,0,95,62.2,58.6,No,2400,2400,0,5470,125
06:13:41.337,active,15249,888,13562,16786,0,95,62.8,55.2,No,2400,2400,0,5476,125
06:13:42.337,active,15301,470,10012,16788,0,95,62.2,54.4,No,2400,2400,0,5487,125
06:13:43.337,active,15273,694,10628,16788,0,95,62.8,56.5,No,2400,2400,0,5480,125
06:13:44.341,active,15305,510,12674,16788,0,95,62.8,55.4,No,2400,2400,0,5485,125
06:13:45.337,active,15294,810,12404,16788,-3,95,61.1,54.3,No,2400,2400,0,5488,125
06:13:46.337,active,15296,698,10706,16787,0,95,62.2,56.7,No,2400,2400,0,5487,125
06:13:47.340,active,15296,720,11054,16787,0,95,61.7,57.9,No,2400,2400,0,5503,125
06:13:48.341,active,15296,714,10938,16787,0,95,62.8,53.5,No,2400,2400,0,5506,125
06:13:49.337,active,15290,772,11332,16786,-4,95,62.8,51.9,No,2400,2400,0,5496,125
06:13:50.341,active,15283,726,11150,16786,-3,95,63.4,58.1,No,2400,2400,0,5496,125
06:13:51.337,active,15296,744,11304,16786,0,95,62.8,54.2,No,2400,2400,0,5496,125
06:13:52.337,active,15296,738,11304,16786,0,95,63.9,53.0,No,2400,2400,0,5502,125
06:13:53.337,active,15329,510,7850,16787,0,95,62.8,53.2,No,2400,2400,0,5511,125
06:13:54.337,active,15324,522,8044,16787,0,95,63.4,52.8,No,2400,2400,0,5513,125
06:13:55.338,active,15316,476,7330,16787,0,95,62.8,53.5,No,2400,2400,0,5504,125
06:13:56.338,active,15307,542,8334,16787,0,95,62.2,56.6,No,2400,2400,0,5510,125
06:13:57.337,active,15348,488,7484,16787,0,95,62.8,56.6,No,2400,2400,0,5514,125
06:13:58.337,active,15288,576,8834,16786,0,95,63.4,55.9,No,2400,2400,0,5506,125
06:13:59.337,active,15292,526,8064,16787,0,95,62.8,54.2,No,2400,2400,0,5512,125
06:14:00.341,active,15296,640,6746,16787,0,95,63.4,52.8,No,2400,2400,0,5518,125
06:14:01.338,active,15294,534,8218,16786,-3,95,62.8,54.5,No,2400,2400,0,5515,125
06:14:02.337,active,15326,526,7040,16788,0,95,61.7,53.3,No,2400,2400,0,5517,125
06:14:03.337,active,15256,906,13850,16788,0,95,62.2,52.3,No,2400,2400,0,5517,125
06:14:04.341,active,15249,830,11824,16788,0,95,62.8,52.2,No,2400,2400,0,5524,125
06:14:05.337,active,15256,894,13678,16788,5,95,62.2,51.4,No,2400,2400,0,5523,125
06:14:06.337,active,15236,800,14622,16787,5,95,62.2,51.8,No,2400,2400,0,5519,125
06:14:07.338,active,15249,774,11844,16787,0,95,62.8,51.8,No,2400,2400,0,5523,125
06:14:08.337,active,15258,924,14140,16788,0,95,61.7,53.7,No,2400,2400,0,5523,125
06:14:09.337,active,15234,772,11786,16788,0,95,63.4,52.6,No,2400,2400,0,5523,125
06:14:10.341,active,15290,870,13292,16787,0,95,62.8,51.9,No,2400,2400,0,5526,125
06:14:11.337,active,15241,802,12250,16788,5,95,62.8,51.5,No,2400,2400,0,5519,125
06:14:12.338,active,15292,736,11266,16787,3,95,61.7,52.5,No,2400,2400,0,5518,125
06:14:13.337,active,15296,730,11226,16788,0,95,62.8,56.8,No,2400,2400,0,5524,125
06:14:14.338,active,15292,742,11382,16787,0,95,63.4,59.1,No,2400,2400,0,5522,125
06:14:15.341,active,15301,648,10416,16787,0,95,63.9,57.9,No,2400,2400,0,5519,125
06:14:16.337,active,15294,728,11150,16786,-3,95,62.8,58.8,No,2400,2400,0,5519,125
06:14:17.341,active,15294,700,10244,16786,-3,95,63.9,57.2,No,2400,2400,0,5528,125
06:14:18.337,active,15292,788,12096,16786,0,95,62.8,56.0,No,2400,2400,0,5529,125
06:14:19.337,active,15268,892,11806,16788,0,95,63.4,58.0,No,2400,2400,0,5528,125
06:14:20.337,active,15296,730,11188,16788,7,95,63.4,58.7,No,2400,2400,0,5522,125
06:14:21.341,active,15335,500,7678,16787,0,95,63.4,57.0,No,2400,2400,0,5522,125
06:14:22.337,active,15311,452,11170,16787,0,95,63.9,58.0,No,2400,2400,0,5526,125
06:14:23.337,sleep,15294,518,7948,16790,7,95,59.5,12.9,No,2400,2400,0,5560,125
06:14:24.337,sleep,15290,520,7408,16790,14,95,59.0,0.0,No,2400,2400,0,5569,125
06:14:25.337,sleep,15299,448,6866,16791,16,95,57.3,0.0,No,2400,2400,0,5573,125
06:14:26.337,sleep,15296,462,6172,16791,17,95,57.3,0.0,No,2400,2400,0,5576,125
06:14:27.337,sleep,15290,428,6558,16790,15,95,57.9,0.0,No,2400,2400,0,5573,125
06:14:28.337,sleep,15283,312,6172,16791,17,95,55.6,-0.0,No,1500,2400,0,5585,125
06:14:29.337,sleep,15283,464,7118,16792,18,95,55.1,0.2,No,1500,2400,0,5586,125
06:14:30.337,sleep,15288,322,4938,16792,18,95,54.5,-0.0,No,1500,2400,0,5587,125
06:14:31.337,sleep,15283,364,5594,16792,16,95,54.0,0.3,No,1500,2400,0,5359,75
06:14:32.337,sleep,15283,370,5670,16792,20,95,54.0,0.0,No,1500,2400,0,3717,75
06:14:33.337,sleep,15286,448,8914,16791,20,95,53.5,0.0,No,1500,2400,0,3472,75
06:14:34.337,sleep,15294,366,5612,16791,18,95,52.9,0.3,No,1500,2400,0,3427,75
06:14:35.337,sleep,15286,470,7194,16793,20,95,52.9,-0.0,No,1500,2400,0,3426,75
06:14:36.337,sleep,15290,374,5728,16792,18,95,52.9,0.3,No,1500,2400,0,3411,75
06:14:37.337,sleep,15283,308,4012,16792,19,95,52.4,0.0,No,1500,2400,0,3399,75
06:14:38.341,active,15256,926,14140,16788,3,95,56.8,47.1,No,2400,2400,0,3370,75
06:14:39.337,active,15288,420,7658,16788,-4,95,57.3,52.3,No,2400,2400,0,3350,75
06:14:40.341,active,15288,586,8970,16787,0,95,58.4,54.2,No,2400,2400,0,3351,75
06:14:41.337,active,15296,532,8178,16790,0,95,57.9,57.4,No,2400,2400,0,3324,75
06:14:42.337,active,15296,716,10976,16788,-3,95,59.5,60.6,No,2400,2400,0,3333,75
06:14:43.337,active,15296,746,11440,16787,0,95,61.1,58.6,No,2400,2400,0,3331,75
06:14:44.337,active,15299,690,10590,16788,0,95,60.6,59.0,No,2400,2400,0,5098,125
06:14:45.338,active,15296,694,10628,16787,0,95,60.6,58.3,No,2400,2400,0,5431,125
06:14:46.339,active,15294,692,10610,16787,0,95,60.6,59.5,No,2400,2400,0,5449,125
06:14:47.337,active,15299,728,11170,16789,0,95,61.1,59.0,No,2400,2400,0,5445,125
06:14:48.341,active,15296,692,10610,16789,-4,95,61.7,59.4,No,2400,2400,0,5445,125
06:14:49.341,active,15292,626,9588,16788,-4,95,61.1,58.6,No,2400,2400,0,5439,125
06:14:50.338,active,15320,480,10474,16788,0,95,62.8,58.9,No,2400,2400,0,5437,125
06:14:51.341,active,15307,542,8334,16787,0,95,61.1,58.5,No,2400,2400,0,5437,125
06:14:52.341,active,15316,490,9394,16787,0,95,61.1,58.5,No,2400,2400,0,5446,125
06:14:53.337,active,15311,504,7736,16788,0,95,63.4,60.0,No,2400,2400,0,5450,125
06:14:54.339,active,15305,536,8218,16788,0,95,61.7,58.8,No,2400,2400,0,5449,125
06:14:55.340,active,15305,444,6810,16788,4,95,62.8,54.6,No,2400,2400,0,5460,125
06:14:56.337,active,15307,504,7736,16788,0,95,61.7,54.4,No,2400,2400,0,5461,125
06:14:57.338,active,15305,484,7446,16788,3,95,61.7,54.5,No,2400,2400,0,5471,125
06:14:58.337,active,15307,762,11690,16789,0,95,63.4,57.3,No,2400,2400,0,5477,125
06:14:59.337,active,15303,698,11324,16789,3,95,62.2,57.5,No,2400,2400,0,5483,125
06:15:00.341,active,15301,768,11786,16788,3,95,61.7,52.0,No,2400,2400,0,5480,125
06:15:01.341,active,15253,900,10764,16788,0,95,61.7,51.4,No,2400,2400,0,5480,125
06:15:02.337,active,15279,742,11362,16788,3,95,62.8,51.4,No,2400,2400,0,5485,125
06:15:03.343,active,15251,960,10822,16788,5,95,61.7,51.4,No,2400,2400,0,5491,125
06:15:04.337,active,15262,960,14680,16788,0,95,62.8,51.8,No,2400,2400,0,5494,125
06:15:05.337,active,15262,836,14526,16788,0,95,62.8,52.2,No,2400,2400,0,5493,125
06:15:06.337,active,15275,788,12076,16787,0,95,62.8,53.9,No,2400,2400,0,5488,125
06:15:07.338,active,15292,550,8448,16788,0,95,62.2,56.4,No,2400,2400,0,5492,125
06:15:08.342,active,15296,690,8044,16788,0,95,62.8,57.7,No,2400,2400,0,5487,125
06:15:09.337,active,15292,750,11498,16789,0,95,62.8,55.3,No,2400,2400,0,5493,125
06:15:10.337,active,15294,670,7792,16788,0,95,63.4,54.8,No,2400,2400,0,5510,125
06:15:11.337,active,15286,772,11844,16788,0,95,63.9,57.4,No,2400,2400,0,5495,125
06:15:12.341,active,15294,742,7176,16787,0,95,62.8,52.7,No,2400,2400,0,5509,125
06:15:13.337,active,15288,740,11342,16787,0,95,63.4,57.8,No,2400,2400,0,5505,125
06:15:14.343,active,15292,256,6964,16788,4,95,61.7,53.1,No,2400,2400,0,5503,125
06:15:15.337,active,15292,766,11748,16790,3,95,62.8,53.1,No,2400,2400,0,5511,125
06:15:16.337,active,15251,888,13562,16789,4,95,62.8,52.4,No,2400,2400,0,5514,125
06:15:17.341,active,15249,660,13330,16787,0,95,62.2,51.9,No,2400,2400,0,5510,125
06:15:18.337,active,15258,608,9298,16788,0,95,63.4,52.7,No,2400,2400,0,5509,125
06:15:19.338,active,15305,568,11382,16787,0,95,62.8,54.6,No,2400,2400,0,5515,125
06:15:20.337,active,15266,766,11728,16788,0,95,62.2,52.8,No,2400,2400,0,5513,125
06:15:21.338,active,15309,518,11150,16788,-4,95,63.4,54.6,No,2400,2400,0,5508,125
06:15:22.341,active,15288,712,10918,16786,-5,95,63.4,55.6,No,2400,2400,0,5513,125
06:15:23.337,active,15303,744,10398,16786,-7,95,63.4,55.7,No,2400,2400,0,5518,125
06:15:24.339,active,15305,438,6732,16785,-8,95,63.4,57.6,No,2400,2400,0,5516,125
06:15:25.342,active,15266,734,11266,16786,-7,95,63.4,58.1,No,2400,2400,0,5519,125
06:15:26.337,active,15303,696,11824,16787,-5,95,62.8,57.1,No,2400,2400,0,5521,125
06:15:27.337,active,15260,742,11382,16787,-3,95,63.4,57.7,No,2400,2400,0,5525,125
06:15:28.337,active,15275,822,11324,16788,0,95,63.4,57.0,No,2400,2400,0,5524,125
06:15:29.337,active,15268,700,10726,16787,0,95,63.9,57.2,No,2400,2400,0,5525,125
06:15:30.338,active,15299,742,11112,16788,0,95,62.8,57.9,No,2400,2400,0,5527,125
06:15:31.338,active,15264,736,11284,16787,3,95,62.8,56.9,No,2400,2400,0,5523,125
06:15:32.337,active,15264,924,10532,16788,0,95,63.4,57.6,No,2400,2400,0,5528,125
06:15:33.337,active,15262,860,13156,16789,0,95,63.9,56.8,No,2400,2400,0,5519,125
06:15:34.337,active,15294,512,7870,16788,0,95,63.9,57.1,No,2400,2400,0,5519,125
06:15:35.339,active,15346,528,8120,16788,0,95,63.9,58.2,No,2400,2400,0,5521,125
06:15:36.340,active,15290,498,7678,16787,0,95,63.4,57.4,No,2400,2400,0,5521,125
06:15:37.337,active,15290,754,11574,16786,0,95,63.9,57.7,No,2400,2400,0,5523,125
06:15:38.337,sleep,15299,526,8044,16789,5,95,59.5,15.0,No,2400,2400,0,5558,125
06:15:39.337,sleep,15296,470,7450,16791,12,95,59.5,-0.0,No,2400,2400,0,5572,125
06:15:40.337,sleep,15301,426,6520,16790,14,95,58.4,0.0,No,2400,2400,0,5566,125
06:15:41.337,sleep,15294,524,8044,16790,12,95,57.3,0.0,No,2400,2400,0,5568,125
06:15:42.337,sleep,15296,394,6038,16789,13,95,57.3,0.0,No,2400,2400,0,5568,125
06:15:43.337,sleep,15292,398,6616,16790,14,95,55.6,0.3,No,1500,2400,0,5576,125
06:15:44.337,sleep,15288,410,6288,16791,18,95,55.6,-0.0,No,1500,2400,0,5573,125
06:15:45.337,sleep,15292,410,6482,16790,17,95,54.5,0.0,No,1500,2400,0,5586,125
06:15:46.337,sleep,15290,530,8120,16791,16,95,54.0,0.5,No,1500,2400,0,4629,75
06:15:47.337,sleep,15294,300,4610,16790,18,95,54.5,-0.0,No,1500,2400,0,3606,75
06:15:48.337,sleep,15292,534,8198,16790,16,95,53.5,0.2,No,1500,2400,0,3455,75
06:15:49.337,sleep,15292,352,5400,16791,16,95,52.9,0.0,No,1500,2400,0,3422,75
06:15:50.337,sleep,15296,574,8796,16792,14,95,52.9,0.3,No,1500,2400,0,3414,75
06:15:51.337,sleep,15294,448,6866,16793,14,95,53.5,0.0,No,1500,2400,0,3401,75
06:15:52.337,sleep,15292,472,7252,16791,13,95,52.4,0.0,No,1500,2400,0,3405,75
06:15:53.338,active,15309,676,10378,16788,4,95,56.2,50.5,No,2400,2400,0,3370,75
06:15:54.337,active,15301,652,10668,16788,-6,95,58.4,59.0,No,2400,2400,0,3340,75
06:15:55.341,active,15286,692,10610,16789,-3,95,59.0,59.2,No,2400,2400,0,3325,75
06:15:56.341,active,15305,742,9414,16788,-3,95,59.5,58.2,No,2400,2400,0,3299,75
06:15:57.342,active,15296,678,10398,16788,-5,95,60.6,59.0,No,2400,2400,0,3305,75
06:15:58.337,active,15275,812,10590,16786,-5,95,60.6,58.5,No,2400,2400,0,3394,125
06:15:59.337,active,15305,706,10822,16787,-6,95,60.6,58.8,No,2400,2400,0,5268,125
06:16:00.337,active,15262,912,11710,16786,-5,95,61.1,59.2,No,2400,2400,0,5447,125
06:16:01.341,active,15305,760,11670,16788,-3,95,61.7,58.5,No,2400,2400,0,5457,125
06:16:02.337,active,15348,540,8294,16788,-5,95,61.1,58.6,No,2400,2400,0,5451,125
06:16:03.338,active,15335,564,8680,16788,-3,95,62.2,58.4,No,2400,2400,0,5437,125
06:16:04.344,active,15299,542,8314,16786,-6,95,61.7,58.0,No,2400,2400,0,5440,125
06:16:05.337,active,15352,494,7620,16786,-9,95,61.7,58.5,No,2400,2400,0,5440,125
06:16:06.337,active,15329,474,7272,16785,-8,95,62.2,57.5,No,2400,2400,0,5445,125
06:16:07.341,active,15341,522,8044,16786,-7,95,61.1,54.8,No,2400,2400,0,5454,125
06:16:08.337,active,15294,458,7022,16788,0,95,62.8,54.2,No,2400,2400,0,5457,125
06:16:09.341,active,15354,476,7330,16788,0,95,62.8,55.0,No,2400,2400,0,5458,125
06:16:10.337,active,15290,514,7890,16788,0,95,61.1,57.7,No,2400,2400,0,5461,125
06:16:11.338,active,15258,854,13310,16786,-5,95,62.2,55.6,No,2400,2400,0,5454,125
06:16:12.339,active,15251,948,14506,16786,-4,95,62.8,52.3,No,2400,2400,0,5466,125
06:16:13.341,active,15232,920,14082,16787,0,95,62.2,51.7,No,2400,2400,0,5472,125
06:16:14.337,active,15258,872,13330,16788,0,95,62.8,53.5,No,2400,2400,0,5467,125
06:16:15.338,active,15251,852,13040,16788,-4,95,61.7,53.9,No,2400,2400,0,5479,125
06:16:16.337,active,15247,754,11536,16787,-6,95,61.7,52.7,No,2400,2400,0,5485,125
06:16:17.337,active,15256,860,13136,16786,-4,95,61.7,52.4,No,2400,2400,0,5475,125
06:16:18.341,active,15243,818,12500,16785,-6,95,62.8,52.2,No,2400,2400,0,5485,125
06:16:19.337,active,15301,748,11440,16787,-7,95,62.2,51.3,No,2400,2400,0,5488,125
06:16:20.337,active,15299,662,7638,16788,-3,95,62.8,51.9,No,2400,2400,0,5484,125
06:16:21.342,active,15286,770,11806,16789,0,95,61.1,51.4,No,2400,2400,0,5495,125
06:16:22.337,active,15288,718,10610,16786,-5,95,60.6,51.9,No,2400,2400,0,5494,125
06:16:23.337,active,15296,710,10880,16785,-4,95,62.8,52.4,No,2400,2400,0,5491,125
06:16:24.341,active,15299,624,9684,16786,0,95,62.8,51.7,No,2400,2400,0,5492,125
06:16:25.337,active,15299,730,11188,16787,0,95,62.8,51.3,No,2400,2400,0,5504,125
06:16:26.338,active,15290,762,11092,16788,0,95,61.7,51.8,No,2400,2400,0,5512,125
06:16:27.337,active,15294,714,10938,16786,0,95,61.1,51.4,No,2400,2400,0,5503,125
06:16:28.337,active,15303,742,10996,16786,-5,95,62.8,52.3,No,2400,2400,0,5505,125
06:16:29.341,active,15266,888,13580,16786,0,95,63.4,54.6,No,2400,2400,0,5500,125
06:16:30.337,active,15350,406,6250,16786,0,95,62.8,55.5,No,2400,2400,0,5501,125
06:16:31.337,active,15314,540,8218,16787,0,95,62.8,54.6,No,2400,2400,0,5502,125
06:16:32.338,active,15322,532,8160,16787,0,95,62.2,53.4,No,2400,2400,0,5513,125
06:16:33.337,active,15303,586,7252,16786,0,95,62.8,52.9,No,2400,2400,0,5513,125
06:16:34.337,active,15331,504,7754,16787,0,95,62.8,57.1,No,2400,2400,0,5513,125
06:16:35.341,active,15316,540,7678,16787,0,95,63.9,56.8,No,2400,2400,0,5513,125
06:16:36.337,active,15299,488,7484,16787,-3,95,63.9,56.6,No,2400,2400,0,5515,125
06:16:37.341,active,15294,688,9144,16786,-5,95,63.4,60.5,No,2400,2400,0,5512,125
06:16:38.337,active,15294,624,9606,16787,0,95,63.9,61.9,No,2400,2400,0,5509,125
06:16:39.337,active,15249,832,12732,16788,0,95,63.9,62.2,No,2400,2400,0,5517,125
06:16:40.341,active,15268,842,12886,16788,0,95,63.9,63.1,No,2400,2400,0,5516,125
06:16:41.337,active,15268,732,11226,16788,0,95,65.0,62.0,No,2400,2400,0,5512,125
06:16:42.338,active,15264,812,12424,16787,-4,95,63.4,62.7,No,2400,2400,0,5521,125
06:16:43.341,active,15260,930,14236,16786,-4,95,62.8,57.5,No,2400,2400,0,5519,125
06:16:44.337,active,15273,668,10224,16785,-6,95,62.8,59.0,No,2400,2400,0,5513,125
06:16:45.337,active,15283,774,11844,16787,-3,95,64.5,58.7,No,2400,2400,0,5518,125
06:16:46.337,active,15273,744,11382,16786,-5,95,63.9,57.5,No,2400,2400,0,5518,125
06:16:47.339,active,15307,788,12038,16787,-8,95,65.0,58.2,No,2400,2400,0,5514,125
06:16:48.343,active,15299,772,10956,16787,-4,95,64.5,57.4,No,2400,2400,0,5513,125
06:16:49.338,active,15307,666,10224,16787,-5,95,63.4,58.0,No,2400,2400,0,5519,125
06:16:50.337,active,15299,752,11632,16786,-3,95,63.4,58.2,No,2400,2400,0,5522,125
06:16:51.341,active,15309,704,10802,16787,-5,95,63.9,57.4,No,2400,2400,0,5521,125
06:16:52.337,active,15309,670,10204,16788,0,95,64.5,57.0,No,2400,2400,0,5522,125
06:16:53.337,sleep,15294,542,8294,16789,7,95,60.0,17.1,No,2400,2400,0,5555,125
06:16:54.337,sleep,15290,538,8000,16790,18,95,59.5,0.0,No,2400,2400,0,5572,125
06:16:55.337,sleep,15290,448,6886,16789,12,95,57.9,0.3,No,2400,2400,0,5566,125
06:16:56.337,sleep,15292,432,7896,16789,10,95,57.9,0.0,No,2400,2400,0,5554,125
06:16:57.337,sleep,15292,546,8392,16789,8,95,56.8,0.5,No,2400,2400,0,5554,125
06:16:58.337,sleep,15288,514,6752,16790,14,95,55.6,0.2,No,1500,2400,0,5574,125
06:16:59.337,sleep,15294,372,5710,16790,17,95,55.6,0.0,No,1500,2400,0,5585,125
06:17:00.337,sleep,15292,434,9626,16791,18,95,55.1,0.3,No,1500,2400,0,4132,75
06:17:01.337,sleep,15294,350,5362,16791,18,95,54.5,-0.0,No,1500,2400,0,3534,75
06:17:02.337,sleep,15288,414,7156,16791,21,95,54.5,0.5,No,1500,2400,0,3438,75
06:17:03.337,sleep,15290,318,4860,16791,19,95,53.5,0.3,No,1500,2400,0,3432,75
06:17:04.337,sleep,15290,572,8758,16791,17,95,52.9,0.0,No,1500,2400,0,3431,75
06:17:05.337,sleep,15294,398,6114,16792,16,95,52.9,-0.0,No,1500,2400,0,3418,75
06:17:06.337,sleep,15292,550,8430,16792,16,95,52.9,0.3,No,1500,2400,0,3412,75
06:17:07.337,sleep,15281,324,6866,16793,20,95,52.9,0.0,No,1500,2400,0,3400,75
06:17:08.341,active,15251,776,11864,16789,3,95,57.9,47.4,No,2400,2400,0,3344,75
06:17:09.337,active,15262,740,14584,16788,0,95,59.0,58.6,No,2400,2400,0,3339,75
06:17:10.338,active,15256,672,10282,16787,0,95,59.0,58.9,No,2400,2400,0,3332,75
06:17:11.337,active,15262,772,13292,16788,-4,95,59.0,58.2,No,2400,2400,0,3324,75
06:17:12.337,active,15268,646,9876,16788,-3,95,59.5,59.6,No,2400,2400,0,3315,75
06:17:13.337,active,15256,816,12944,16788,-4,95,60.6,60.0,No,2400,2400,0,4200,125
06:17:14.337,active,15249,768,11748,16786,-5,95,61.7,59.5,No,2400,2400,0,5342,125
06:17:15.339,active,15253,746,10358,16787,-4,95,61.7,59.4,No,2400,2400,0,5436,125
06:17:16.338,active,15292,732,11226,16786,-7,95,60.6,58.6,No,2400,2400,0,5432,125
06:17:17.338,active,15290,702,10744,16787,-3,95,61.1,56.7,No,2400,2400,0,5433,125
06:17:18.337,active,15290,688,7224,16788,0,95,61.1,55.7,No,2400,2400,0,5438,125
06:17:19.340,active,15296,670,10262,16787,-5,95,61.7,55.2,No,2400,2400,0,5437,125
06:17:20.337,active,15296,684,11014,16787,-4,95,61.7,54.8,No,2400,2400,0,5443,125
06:17:21.339,active,15296,812,12442,16786,0,95,62.2,58.6,No,2400,2400,0,5437,125
06:17:22.341,active,15294,712,10668,16788,6,95,61.1,56.5,No,2400,2400,0,5438,125
06:17:23.337,active,15288,724,11092,16788,0,95,61.7,52.9,No,2400,2400,0,5444,125
06:17:24.337,active,15292,692,10996,16787,0,95,62.2,52.3,No,2400,2400,0,5454,125
06:17:25.337,active,15305,502,7716,16787,0,95,62.8,53.1,No,2400,2400,0,5460,125
06:17:26.337,active,15311,562,8604,16786,-5,95,62.2,54.6,No,2400,2400,0,5458,125
06:17:27.341,active,15314,572,8776,16786,-4,95,62.8,56.6,No,2400,2400,0,5465,125
06:17:28.343,active,15348,512,7850,16786,-3,95,61.7,55.4,No,2400,2400,0,5465,125
06:17:29.337,active,15305,570,8738,16787,0,95,61.7,54.0,No,2400,2400,0,5467,125
06:17:30.341,active,15331,498,7658,16788,0,95,63.4,55.8,No,2400,2400,0,5465,125
06:17:31.341,active,15309,520,7986,16787,0,95,63.4,56.4,No,2400,2400,0,5476,125
06:17:32.341,active,15339,546,8372,16787,0,95,62.8,54.2,No,2400,2400,0,5476,125
06:17:33.338,active,15329,462,7098,16788,0,95,62.2,54.5,No,2400,2400,0,5478,125
06:17:34.337,active,15290,702,10744,16787,-4,95,62.2,53.2,No,2400,2400,0,5480,125
06:17:35.341,active,15256,878,11768,16787,-5,95,64.5,54.1,No,2400,2400,0,5489,125
06:17:36.337,active,15266,930,14256,16788,0,95,63.4,54.3,No,2400,2400,0,5487,125
06:17:37.340,active,15258,752,13156,16787,-3,95,62.8,55.3,No,2400,2400,0,5490,125
06:17:38.338,active,15260,922,14102,16785,-7,95,62.8,53.1,No,2400,2400,0,5491,125
06:17:39.338,active,15260,836,14892,16786,-5,95,62.2,54.5,No,2400,2400,0,5490,125
06:17:40.337,active,15258,912,13948,16788,0,95,62.2,52.9,No,2400,2400,0,5497,125
06:17:41.337,active,15232,838,13350,16788,0,95,63.4,52.4,No,2400,2400,0,5506,125
06:17:42.337,active,15253,798,12192,16788,0,95,62.8,52.3,No,2400,2400,0,5511,125
06:17:43.337,active,15290,502,14584,16787,0,95,63.4,51.3,No,2400,2400,0,5504,125
06:17:44.341,active,15292,764,7580,16788,0,95,62.2,51.9,No,2400,2400,0,5507,125
06:17:45.337,active,15296,748,11458,16787,0,95,62.8,54.2,No,2400,2400,0,5500,125
06:17:46.337,active,15288,742,7252,16789,0,95,62.8,53.5,No,2400,2400,0,5493,125
06:17:47.337,active,15294,724,11112,16788,0,95,62.8,54.8,No,2400,2400,0,5506,125
06:17:48.337,active,15296,764,6462,16787,0,95,62.8,52.3,No,2400,2400,0,5510,125
06:17:49.340,active,15290,764,11710,16787,0,95,62.8,52.7,No,2400,2400,0,5519,125
06:17:50.342,active,15299,714,11670,16787,0,95,61.7,52.5,No,2400,2400,0,5514,125
06:17:51.337,active,15294,676,10358,16788,0,95,62.2,53.2,No,2400,2400,0,5513,125
06:17:52.337,active,15303,748,12096,16789,0,95,62.8,58.4,No,2400,2400,0,5505,125
06:17:53.337,active,15320,462,11982,16789,0,95,63.4,56.6,No,2400,2400,0,5509,125
06:17:54.339,active,15335,546,8352,16787,0,95,62.8,58.4,No,2400,2400,0,5508,125
06:17:55.338,active,15322,458,11594,16786,-4,95,62.8,57.0,No,2400,2400,0,5501,125
06:17:56.337,active,15292,460,7080,16786,-4,95,62.2,57.6,No,2400,2400,0,5508,125
06:17:57.337,active,15335,570,6712,16786,-6,95,63.4,58.0,No,2400,2400,0,5510,125
06:17:58.341,active,15301,520,7986,16786,-8,95,63.9,57.5,No,2400,2400,0,5513,125
06:17:59.337,active,15335,504,7638,16786,-6,95,64.5,57.4,No,2400,2400,0,5514,125
06:18:00.338,active,15322,544,8372,16786,-7,95,63.9,57.4,No,2400,2400,0,5522,125
06:18:01.337,active,15352,474,8256,16786,-5,95,62.8,58.4,No,2400,2400,0,5516,125
06:18:02.337,active,15260,958,14660,16786,-6,95,62.2,58.5,No,2400,2400,0,5516,125
06:18:03.337,active,15277,892,13658,16786,-7,95,62.8,57.3,No,2400,2400,0,5513,125
06:18:04.337,active,15275,694,14212,16786,-4,95,63.4,56.8,No,2400,2400,0,5527,125
06:18:05.339,active,15277,870,13310,16787,-3,95,63.9,57.2,No,2400,2400,0,5522,125
06:18:06.339,active,15264,802,11342,16786,-3,95,63.4,56.9,No,2400,2400,0,5519,125
06:18:07.338,active,15258,946,14488,16788,-3,95,63.4,57.8,No,2400,2400,0,5517,125
06:18:08.337,sleep,15286,456,7310,16789,13,95,60.6,19.0,No,2400,2400,0,5563,125
06:18:09.337,sleep,15288,452,6924,16790,14,95,59.0,0.0,No,2400,2400,0,5572,125
06:18:10.337,sleep,15290,508,7716,16790,14,95,59.0,-0.0,No,2400,2400,0,5580,125
06:18:11.337,sleep,15286,540,8276,16789,13,95,57.3,0.0,No,2400,2400,0,5573,125
06:18:12.337,sleep,15283,458,7022,16789,6,95,56.8,0.0,No,2400,2400,0,5573,125
06:18:13.337,sleep,15290,484,7408,16790,8,95,55.6,0.0,No,1500,2400,0,5578,125
06:18:14.337,sleep,15290,404,6192,16791,14,95,55.1,0.3,No,1500,2400,0,5588,125
06:18:15.337,sleep,15281,566,8662,16790,12,95,54.5,0.0,No,1500,2400,0,5585,125
06:18:16.337,sleep,15292,448,6886,16791,16,95,54.0,0.0,No,1500,2400,0,3876,75
06:18:17.337,sleep,15288,346,7372,16790,15,95,54.0,0.3,No,1500,2400,0,3476,75
06:18:18.337,sleep,15292,468,7176,16790,16,95,53.5,0.3,No,1500,2400,0,3432,75
06:18:19.337,sleep,15290,424,4196,16793,16,95,53.5,-0.0,No,1500,2400,0,3421,75
06:18:20.337,sleep,15292,526,8064,16792,13,95,52.4,0.0,No,1500,2400,0,3415,75
06:18:21.337,sleep,15290,440,5072,16792,17,95,53.5,0.3,No,1500,2400,0,3418,75
06:18:22.337,sleep,15296,556,8526,16791,17,95,52.9,0.0,No,1500,2400,0,3408,75
06:18:23.341,active,15299,826,12654,16787,3,95,56.2,43.7,No,2400,2400,0,3367,75
06:18:24.338,active,15296,472,7234,16788,0,95,56.8,54.0,No,2400,2400,0,3334,75
06:18:25.337,active,15318,644,9838,16788,0,95,58.4,57.9,No,2400,2400,0,3337,75
06:18:26.337,active,15305,534,8198,16788,0,95,59.5,58.6,No,2400,2400,0,3336,75
06:18:27.337,active,15354,382,5884,16787,0,95,60.0,57.8,No,2400,2400,0,3327,75
06:18:28.341,active,15314,508,7792,16788,0,95,60.0,59.7,No,2400,2400,0,3315,75
06:18:29.344,active,15299,768,11786,16787,-3,95,60.0,55.9,No,2400,2400,0,4754,125
06:18:30.337,active,15309,684,11284,16787,0,95,59.5,55.4,No,2400,2400,0,5400,125
06:18:31.337,active,15299,844,12944,16788,0,95,62.2,56.2,No,2400,2400,0,5446,125
06:18:32.341,active,15294,736,11284,16788,0,95,61.7,54.9,No,2400,2400,0,5444,125
06:18:33.337,active,15301,784,12018,16787,0,95,61.1,59.5,No,2400,2400,0,5441,125
06:18:34.338,active,15277,744,11420,16787,-6,95,60.6,54.4,No,2400,2400,0,5439,125
06:18:35.337,active,15303,686,10532,16786,-8,95,60.6,51.2,No,2400,2400,0,5443,125
06:18:36.337,active,15253,702,10764,16786,-5,95,60.6,52.3,No,2400,2400,0,5436,125
06:18:37.340,active,15268,864,11934,16788,0,95,61.7,53.3,No,2400,2400,0,5440,125
06:18:38.341,active,15258,776,11922,16789,0,95,62.2,54.4,No,2400,2400,0,5441,125
06:18:39.341,active,15337,712,7948,16789,0,95,61.7,54.6,No,2400,2400,0,5447,125
06:18:40.338,active,15322,456,7002,16788,0,95,61.7,55.0,No,2400,2400,0,5448,125
06:18:41.337,active,15290,502,7736,16786,-9,95,62.2,56.3,No,2400,2400,0,5447,125
06:18:42.341,active,15299,710,10898,16786,-4,95,62.8,57.1,No,2400,2400,0,5458,125
06:18:43.341,active,15294,526,8064,16785,-4,95,62.2,55.8,No,2400,2400,0,5457,125
06:18:44.337,active,15346,516,7948,16787,-4,95,63.4,56.2,No,2400,2400,0,5458,125
06:18:45.337,active,15292,456,7022,16789,0,95,60.6,54.8,No,2400,2400,0,5464,125
06:18:46.337,active,15290,764,7614,16788,-4,95,60.6,53.7,No,2400,2400,0,5476,125
06:18:47.337,active,15268,778,11902,16787,0,95,61.7,54.3,No,2400,2400,0,5479,125
06:18:48.337,active,15245,898,13754,16787,0,95,63.4,53.9,No,2400,2400,0,5483,125
06:18:49.337,active,15260,810,12404,16787,-3,95,62.2,53.1,No,2400,2400,0,5485,125
06:18:50.337,active,15253,760,11632,16788,0,95,62.8,54.1,No,2400,2400,0,5479,125
06:18:51.341,active,15271,700,10726,16787,-3,95,61.7,56.8,No,2400,2400,0,5484,125
06:18:52.337,active,15305,740,11324,16787,0,95,61.1,52.4,No,2400,2400,0,5490,125
06:18:53.337,active,15256,548,8392,16787,0,95,62.2,52.6,No,2400,2400,0,5491,125
06:18:54.338,active,15305,868,13252,16786,0,95,62.2,52.8,No,2400,2400,0,5492,125
06:18:55.337,active,15307,510,12458,16787,0,95,62.8,51.4,No,2400,2400,0,5496,125
06:18:56.338,active,15303,764,11670,16787,0,95,62.8,54.4,No,2400,2400,0,5490,125
06:18:57.338,active,15296,516,11594,16787,-4,95,62.2,52.6,No,2400,2400,0,5491,125
06:18:58.337,active,15299,732,11246,16786,0,95,61.7,53.0,No,2400,2400,0,5498,125
06:18:59.337,active,15296,752,11536,16786,-4,95,63.4,53.1,No,2400,2400,0,5509,125
06:19:00.341,active,15301,702,10784,16787,-5,95,62.8,52.6,No,2400,2400,0,5510,125
06:19:01.337,active,15266,788,12076,16787,-3,95,62.2,54.6,No,2400,2400,0,5506,125
06:19:02.341,active,15273,752,11516,16787,-4,95,62.8,56.8,No,2400,2400,0,5502,125
06:19:03.337,active,15262,764,11728,16787,-4,95,62.8,57.9,No,2400,2400,0,5505,125
06:19:04.337,active,15303,684,10494,16786,-3,95,62.8,57.6,No,2400,2400,0,5505,125
06:19:05.337,active,15262,736,11304,16787,0,95,63.4,57.3,No,2400,2400,0,5509,125
06:19:06.337,active,15318,306,7194,16788,0,95,63.4,57.3,No,2400,2400,0,5509,125
06:19:07.339,active,15316,500,7678,16788,0,95,63.4,56.3,No,2400,2400,0,5512,125
06:19:08.343,active,15333,458,7040,16788,0,95,63.9,57.1,No,2400,2400,0,5508,125
06:19:09.337,active,15326,470,7234,16789,0,95,62.8,57.9,No,2400,2400,0,5505,125
06:19:10.341,active,15290,536,8236,16788,0,95,63.9,57.8,No,2400,2400,0,5510,125
06:19:11.339,active,15331,538,8276,16787,0,95,62.8,57.6,No,2400,2400,0,5519,125
06:19:12.337,active,15290,538,8256,16787,0,95,63.4,57.4,No,2400,2400,0,5515,125
06:19:13.341,active,15339,596,8138,16787,-3,95,63.4,57.9,No,2400,2400,0,5514,125
06:19:14.337,active,15292,540,8314,16788,0,95,62.8,57.3,No,2400,2400,0,5513,125
06:19:15.338,active,15283,772,13890,16787,-6,95,63.9,57.3,No,2400,2400,0,5515,125
06:19:16.337,active,15266,796,12192,16787,-3,95,63.9,57.0,No,2400,2400,0,5523,125
06:19:17.337,active,15264,782,12346,16786,0,95,63.4,57.4,No,2400,2400,0,5517,125
06:19:18.340,active,15277,894,13696,16787,0,95,64.5,57.5,No,2400,2400,0,5522,125
06:19:19.342,active,15260,840,12848,16787,0,95,63.4,57.0,No,2400,2400,0,5519,125
06:19:20.337,active,15275,702,10764,16788,0,95,63.4,56.7,No,2400,2400,0,5518,125
06:19:21.337,active,15268,810,12384,16788,0,95,63.9,57.9,No,2400,2400,0,5519,125
06:19:22.341,active,15264,800,12250,16788,0,95,63.9,58.1,No,2400,2400,0,5518,125
06:19:23.337,sleep,15299,516,7890,16789,6,95,60.0,19.8,No,2400,2400,0,5550,125
06:19:24.337,sleep,15294,476,7466,16790,14,95,60.0,0.0,No,2400,2400,0,5567,125
06:19:25.337,sleep,15292,520,7966,16790,11,95,58.4,-0.0,No,2400,2400,0,5567,125
06:19:26.337,sleep,15292,456,7330,16790,8,95,57.3,0.3,No,2400,2400,0,5566,125
06:19:27.337,sleep,15286,498,7638,16791,11,95,57.3,-0.0,No,2400,2400,0,5561,125
06:19:28.337,sleep,15292,472,7330,16791,9,95,56.2,0.0,No,1500,2400,0,5573,125
06:19:29.337,sleep,15288,470,7194,16790,12,95,56.2,0.3,No,1500,2400,0,5581,125
06:19:30.337,sleep,15290,414,6366,16790,14,95,54.5,0.0,No,1500,2400,0,5582,125
06:19:31.337,sleep,15290,534,8198,16791,14,95,54.0,0.3,No,1500,2400,0,5581,125
06:19:32.337,sleep,15286,354,5440,16790,17,95,52.9,0.0,No,1500,2400,0,5454,75
06:19:33.337,sleep,15292,516,8314,16791,16,95,53.5,0.3,No,1500,2400,0,3726,75
06:19:34.337,sleep,15292,424,6500,16791,18,95,53.5,0.0,No,1500,2400,0,3461,75
06:19:35.337,sleep,15292,400,4416,16791,17,95,52.4,0.0,No,1500,2400,0,3416,75
06:19:36.337,sleep,15288,316,4842,16790,16,95,52.9,0.3,No,1500,2400,0,3412,75
06:19:37.337,sleep,15292,258,6752,16790,12,95,52.9,0.0,No,1500,2400,0,3415,75
06:19:38.337,active,15303,470,7214,16788,0,95,56.8,44.7,No,2400,2400,0,3380,75
06:19:39.337,active,15333,496,6924,16788,-8,95,58.4,58.0,No,2400,2400,0,3356,75
06:19:40.337,active,15301,526,8082,16787,0,95,59.0,58.2,No,2400,2400,0,3348,75
06:19:41.341,active,15316,502,7696,16787,0,95,59.0,54.4,No,2400,2400,0,3344,75
06:19:42.337,active,15299,662,10802,16788,0,95,59.5,54.2,No,2400,2400,0,3340,75
06:19:43.337,active,15253,724,11092,16787,-3,95,61.1,55.1,No,2400,2400,0,3335,75
06:19:44.337,active,15273,694,11806,16787,0,95,59.5,56.0,No,2400,2400,0,3330,75
06:19:45.337,active,15262,704,10802,16787,-3,95,60.6,56.4,No,2400,2400,0,5070,125
06:19:46.339,active,15268,762,10204,16786,0,95,60.6,55.1,No,2400,2400,0,5422,125
06:19:47.342,active,15256,924,14120,16788,0,95,60.0,53.9,No,2400,2400,0,5448,125
06:19:48.337,active,15251,1000,10784,16788,0,95,60.0,52.9,No,2400,2400,0,5444,125
06:19:49.337,active,15260,922,14082,16787,-3,95,61.7,52.3,No,2400,2400,0,5445,125
06:19:50.341,active,15258,918,10552,16787,-4,95,61.1,52.3,No,2400,2400,0,5438,125
06:19:51.341,active,15256,890,13600,16787,-4,95,60.6,51.3,No,2400,2400,0,5444,125
06:19:52.337,active,15292,516,7928,16787,-7,95,61.7,51.5,No,2400,2400,0,5449,125
06:19:53.343,active,15290,760,11632,16788,-4,95,61.7,51.6,No,2400,2400,0,5448,125
06:19:54.337,active,15301,686,10514,16788,0,95,62.8,58.8,No,2400,2400,0,5450,125
06:19:55.340,active,15294,730,11208,16788,0,95,61.7,57.7,No,2400,2400,0,5450,125
06:19:56.337,active,15294,642,9838,16787,0,95,61.7,54.5,No,2400,2400,0,5455,125
06:19:57.341,active,15292,716,7648,16786,0,95,62.8,54.0,No,2400,2400,0,5458,125
06:19:58.338,active,15299,630,9644,16786,-5,95,61.7,53.9,No,2400,2400,0,5467,125
06:19:59.337,active,15294,750,12210,16788,-3,95,61.7,51.6,No,2400,2400,0,5468,125
06:20:00.337,active,15301,738,11324,16788,0,95,62.8,53.5,No,2400,2400,0,5473,125
06:20:01.341,active,15303,782,11960,16788,0,95,63.4,53.2,No,2400,2400,0,5485,125
06:20:02.337,active,15294,554,8506,16787,0,95,63.4,54.6,No,2400,2400,0,5483,125
06:20:03.337,active,15303,646,9876,16787,0,95,61.7,53.8,No,2400,2400,0,5483,125
06:20:04.342,active,15305,518,12318,16787,0,95,61.1,53.2,No,2400,2400,0,5480,125
06:20:05.337,active,15311,462,7080,16787,-4,95,60.6,52.4,No,2400,2400,0,5487,125
06:20:06.337,active,15305,446,10956,16786,-5,95,62.2,52.4,No,2400,2400,0,5492,125
06:20:07.337,active,15309,510,7832,16786,-3,95,62.2,51.9,No,2400,2400,0,5485,125
06:20:08.338,active,15329,448,8546,16786,-6,95,62.2,52.6,No,2400,2400,0,5488,125
06:20:09.341,active,15303,518,7948,16786,-6,95,63.9,57.3,No,2400,2400,0,5488,125
06:20:10.337,active,15262,748,11478,16787,0,95,62.2,57.4,No,2400,2400,0,5493,125
06:20:11.337,active,15264,904,13832,16788,0,95,62.8,58.4,No,2400,2400,0,5497,125
06:20:12.341,active,15260,690,10572,16787,-4,95,63.4,57.4,No,2400,2400,0,5500,125
06:20:13.337,active,15264,980,10898,16787,-7,95,63.4,57.1,No,2400,2400,0,5497,125
06:20:14.338,active,15271,716,10996,16786,-7,95,62.2,57.8,No,2400,2400,0,5499,125
06:20:15.341,active,15290,842,10648,16786,-8,95,62.8,56.8,No,2400,2400,0,5502,125
06:20:16.337,active,15301,748,11458,16786,-5,95,61.1,56.5,No,2400,2400,0,5505,125
06:20:17.337,active,15266,980,11072,16787,0,95,61.7,54.3,No,2400,2400,0,5513,125
06:20:18.337,active,15305,682,10474,16787,0,95,62.2,53.1,No,2400,2400,0,5505,125
06:20:19.337,active,15288,460,7080,16787,0,95,62.2,51.5,No,2400,2400,0,5512,125
06:20:20.341,active,15348,484,6698,16788,0,95,63.4,51.7,No,2400,2400,0,5516,125
06:20:21.338,active,15290,496,7638,16786,-3,95,61.1,51.2,No,2400,2400,0,5513,125
06:20:22.337,active,15299,534,7754,16786,0,95,62.2,52.1,No,2400,2400,0,5510,125
06:20:23.337,active,15290,496,7620,16786,0,95,62.2,52.2,No,2400,2400,0,5512,125
06:20:24.337,active,15292,708,7504,16786,-4,95,62.8,51.4,No,2400,2400,0,5520,125
06:20:25.341,active,15341,454,6982,16788,0,95,62.2,51.7,No,2400,2400,0,5525,125
06:20:26.337,active,15292,708,10532,16787,0,95,62.2,54.9,No,2400,2400,0,5515,125
06:20:27.337,active,15292,694,10628,16787,0,95,62.2,55.4,No,2400,2400,0,5520,125
06:20:28.337,active,15305,852,13040,16787,-3,95,62.8,52.6,No,2400,2400,0,5513,125
06:20:29.337,active,15234,732,14294,16787,0,95,62.2,52.3,No,2400,2400,0,5516,125
06:20:30.337,active,15303,800,12230,16787,0,95,62.8,52.2,No,2400,2400,0,5515,125
06:20:31.341,active,15253,616,13484,16787,0,95,62.2,52.4,No,2400,2400,0,5510,125
06:20:32.339,active,15256,702,10744,16786,-4,95,62.2,56.1,No,2400,2400,0,5511,125
06:20:33.337,active,15307,472,11748,16787,0,95,62.8,57.6,No,2400,2400,0,5522,125
06:20:34.337,active,15264,590,9028,16788,-3,95,63.4,56.9,No,2400,2400,0,5515,125
06:20:35.337,active,15309,558,11824,16787,0,95,63.9,57.5,No,2400,2400,0,5516,125
06:20:36.340,active,15307,660,10146,16786,0,95,62.8,58.1,No,2400,2400,0,5515,125
06:20:37.341,active,15307,724,11092,16786,0,95,63.4,57.9,No,2400,2400,0,5511,125
06:20:38.337,sleep,15292,446,7638,16788,0,95,59.5,23.2,No,2400,2400,0,5563,125
06:20:39.337,sleep,15290,528,8082,16790,13,95,59.0,0.0,No,2400,2400,0,5564,125
06:20:40.337,sleep,15294,502,8256,16790,11,95,57.3,0.0,No,2400,2400,0,5568,125
06:20:41.337,sleep,15294,540,8294,16789,9,95,57.9,0.2,No,2400,2400,0,5572,125
06:20:42.337,sleep,15292,436,7966,16788,8,95,56.8,0.0,No,2400,2400,0,5564,125
06:20:43.337,sleep,15288,498,7638,16790,15,95,56.2,0.2,No,1500,2400,0,5575,125
06:20:44.337,sleep,15290,530,4436,16790,18,95,54.5,0.3,No,1500,2400,0,5582,125
06:20:45.337,sleep,15294,360,5516,16791,11,95,54.0,0.0,No,1500,2400,0,4608,75
06:20:46.337,sleep,15290,510,7832,16791,16,95,53.5,0.0,No,1500,2400,0,3594,75
06:20:47.337,sleep,15296,458,5228,16790,16,95,54.0,-0.0,No,1500,2400,0,3438,75
06:20:48.337,sleep,15292,350,5362,16791,16,95,53.5,0.3,No,1500,2400,0,3415,75
06:20:49.337,sleep,15292,318,7156,16791,17,95,52.9,0.0,No,1500,2400,0,3407,75
06:20:50.337,sleep,15288,560,8564,16791,14,95,52.4,0.3,No,1500,2400,0,3409,75
06:20:51.337,sleep,15288,316,8256,16792,14,95,52.9,0.3,No,1500,2400,0,3412,75
06:20:52.337,sleep,15292,344,5266,16791,13,95,52.9,0.0,No,1500,2400,0,3409,75
06:20:53.341,active,15341,518,6268,16788,0,95,56.2,40.4,No,2400,2400,0,3373,75
06:20:54.343,active,15337,476,7310,16787,-5,95,57.3,54.4,No,2400,2400,0,3349,75
06:20:55.337,active,15230,854,13060,16788,-4,95,57.3,55.3,No,2400,2400,0,3338,75
06:20:56.337,active,15256,888,11020,16788,-4,95,59.0,58.8,No,2400,2400,0,3478,125
06:20:57.341,active,15245,938,14352,16789,-3,95,59.5,53.9,No,2400,2400,0,5287,125
06:20:58.337,active,15251,860,11266,16789,-4,95,59.5,51.4,No,2400,2400,0,5435,125
06:20:59.338,active,15266,860,13156,16788,-7,95,59.5,52.7,No,2400,2400,0,5443,125
06:21:00.337,active,15225,830,14082,16787,0,95,59.5,51.3,No,2400,2400,0,5447,125
06:21:01.337,active,15249,900,13754,16786,-3,95,59.5,52.3,No,2400,2400,0,5447,125
06:21:02.340,active,15256,776,15028,16787,-3,95,60.6,54.9,No,2400,2400,0,5439,125
06:21:03.341,active,15236,720,10996,16788,-3,95,60.6,51.7,No,2400,2400,0,5446,125
06:21:04.341,active,15296,690,12520,16786,-5,95,60.6,52.2,No,2400,2400,0,5447,125
06:21:05.338,active,15301,732,12384,16786,-6,95,61.1,55.8,No,2400,2400,0,5451,125
06:21:06.337,active,15311,750,11498,16787,-4,95,61.1,55.9,No,2400,2400,0,5449,125
06:21:07.337,active,15294,680,7678,16787,0,95,60.6,55.3,No,2400,2400,0,5458,125
06:21:08.341,active,15301,700,10726,16788,0,95,62.8,57.2,No,2400,2400,0,5459,125
06:21:09.337,active,15301,674,10976,16788,0,95,62.2,54.5,No,2400,2400,0,5453,125
06:21:10.338,active,15292,796,12192,16787,0,95,62.2,56.0,No,2400,2400,0,5459,125
06:21:11.343,active,15305,686,10802,16788,0,95,61.1,54.2,No,2400,2400,0,5473,125
06:21:12.337,active,15288,706,10842,16787,0,95,61.7,52.8,No,2400,2400,0,5473,125
06:21:13.337,active,15307,762,11670,16789,3,95,61.7,52.4,No,2400,2400,0,5484,125
06:21:14.337,active,15309,508,10668,16788,0,95,61.7,51.8,No,2400,2400,0,5480,125
06:21:15.337,active,15307,522,8006,16787,-3,95,61.7,51.3,No,2400,2400,0,5488,125
06:21:16.341,active,15314,488,7908,16787,0,95,60.6,51.7,No,2400,2400,0,5485,125
06:21:17.337,active,15309,522,8024,16787,-4,95,61.1,51.5,No,2400,2400,0,5484,125
06:21:18.337,active,15314,260,7678,16787,-6,95,61.7,52.6,No,2400,2400,0,5483,125
06:21:19.337,active,15301,508,7812,16786,-5,95,62.2,52.8,No,2400,2400,0,5490,125
06:21:20.337,active,15329,498,7658,16787,-6,95,62.8,52.1,No,2400,2400,0,5495,125
06:21:21.340,active,15318,556,8546,16786,0,95,61.7,52.8,No,2400,2400,0,5502,125
06:21:22.342,active,15335,498,7658,16785,-5,95,61.7,53.0,No,2400,2400,0,5496,125
06:21:23.337,active,15266,856,11284,16787,-7,95,61.1,52.9,No,2400,2400,0,5498,125
06:21:24.337,active,15301,740,11362,16788,-5,95,62.8,53.8,No,2400,2400,0,5501,125
06:21:25.337,active,15251,614,11054,16788,0,95,63.4,53.2,No,2400,2400,0,5512,125
06:21:26.337,active,15275,742,11362,16788,0,95,62.2,53.1,No,2400,2400,0,5501,125
06:21:27.338,active,15264,992,15182,16787,-3,95,61.7,55.4,No,2400,2400,0,5500,125
06:21:28.337,active,15273,764,11690,16786,0,95,61.1,57.9,No,2400,2400,0,5500,125
06:21:29.337,active,15262,896,13716,16787,0,95,62.2,58.6,No,2400,2400,0,5496,125
06:21:30.339,active,15271,726,11130,16787,-4,95,62.8,56.6,No,2400,2400,0,5515,125
06:21:31.337,active,15266,850,13002,16787,-4,95,61.7,57.3,No,2400,2400,0,5515,125
06:21:32.339,active,15294,638,8276,16787,0,95,62.8,57.4,No,2400,2400,0,5511,125
06:21:33.346,active,15301,708,10860,16786,-6,95,63.4,59.5,No,2400,2400,0,5509,125
06:21:34.337,active,15294,486,7774,16786,-3,95,62.8,57.9,No,2400,2400,0,5509,125
06:21:35.340,active,15296,690,10590,16787,0,95,62.8,59.3,No,2400,2400,0,5505,125
06:21:36.341,active,15301,678,10398,16788,0,95,62.8,58.0,No,2400,2400,0,5516,125
06:21:37.337,active,15296,724,11112,16787,-5,95,63.4,57.3,No,2400,2400,0,5507,125
06:21:38.338,active,15299,794,12152,16786,-4,95,63.4,56.9,No,2400,2400,0,5509,125
06:21:39.338,active,15299,708,10880,16785,-3,95,62.2,57.8,No,2400,2400,0,5508,125
06:21:40.337,active,15301,756,11594,16785,-4,95,63.4,57.4,No,2400,2400,0,5512,125
06:21:41.341,active,15307,688,11226,16786,-3,95,63.4,58.4,No,2400,2400,0,5518,125
06:21:42.337,active,15264,604,9240,16788,-3,95,63.9,58.5,No,2400,2400,0,5516,125
06:21:43.337,active,15309,758,11208,16788,-4,95,63.4,56.4,No,2400,2400,0,5518,125
06:21:44.344,active,15281,584,8950,16788,0,95,63.4,57.1,No,2400,2400,0,5524,125
06:21:45.337,active,15314,718,10976,16786,-3,95,62.8,56.8,No,2400,2400,0,5520,125
06:21:46.337,active,15320,462,7118,16787,0,95,63.9,58.2,No,2400,2400,0,5522,125
06:21:47.340,active,15307,626,9568,16788,0,95,62.8,54.2,No,2400,2400,0,5528,125
06:21:48.341,active,15305,578,8874,16788,0,95,62.8,52.4,No,2400,2400,0,5523,125
06:21:49.338,active,15316,622,9548,16788,0,95,62.2,53.9,No,2400,2400,0,5525,125
06:21:50.337,active,15309,758,11284,16787,0,95,61.7,54.0,No,2400,2400,0,5519,125
06:21:51.337,active,15309,760,11652,16788,0,95,63.9,58.0,No,2400,2400,0,5521,125
06:21:52.337,active,15264,690,10802,16786,0,95,63.4,58.5,No,2400,2400,0,5505,125
06:21:53.337,sleep,15299,480,7368,16789,4,95,59.5,25.0,No,2400,2400,0,5557,125
06:21:54.337,sleep,15290,424,6500,16789,9,95,58.4,0.0,No,2400,2400,0,5564,125
06:21:55.337,sleep,15292,574,8816,16790,10,95,57.3,0.2,No,2400,2400,0,5569,125
06:21:56.337,sleep,15290,522,8006,16789,8,95,57.3,0.0,No,2400,2400,0,5558,125
06:21:57.337,sleep,15290,550,8430,16789,9,95,56.8,-0.0,No,2400,2400,0,5564,125
06:21:58.337,sleep,15288,364,5574,16790,13,95,55.6,0.3,No,1500,2400,0,5577,125
06:21:59.337,sleep,15290,356,7292,16791,17,95,55.1,0.3,No,1500,2400,0,5585,125
06:22:00.337,sleep,15288,436,6694,16791,15,95,54.5,0.0,No,1500,2400,0,5581,125
06:22:01.337,sleep,15292,448,6038,16790,15,95,54.0,-0.0,No,1500,2400,0,5582,125
06:22:02.337,sleep,15288,504,7716,16791,16,95,54.0,0.3,No,1500,2400,0,4220,75
06:22:03.337,sleep,15296,528,5324,16790,12,95,54.0,0.3,No,1500,2400,0,3543,75
06:22:04.337,sleep,15290,482,7388,16791,13,95,51.8,0.0,No,1500,2400,0,3453,75
06:22:05.337,sleep,15288,632,8140,16790,13,95,52.9,0.0,No,1500,2400,0,3428,75
06:22:06.337,sleep,15292,518,7948,16791,13,95,52.9,0.3,No,1500,2400,0,3400,75
06:22:07.337,sleep,15294,318,4860,16791,15,95,52.4,0.3,No,1500,2400,0,3402,75
06:22:08.337,active,15228,812,13580,16789,7,95,55.6,37.8,No,2400,2400,0,3374,75
06:22:09.337,active,15251,826,12636,16787,-7,95,57.3,54.4,No,2400,2400,0,3331,75
06:22:10.337,active,15241,764,15278,16787,-3,95,57.9,51.7,No,2400,2400,0,3321,75
06:22:11.338,active,15247,858,13118,16789,0,95,58.4,51.4,No,2400,2400,0,3320,75
06:22:12.341,active,15249,576,13368,16789,-5,95,58.4,51.5,No,2400,2400,0,3322,75
06:22:13.337,active,15245,890,13600,16786,-7,95,58.4,51.4,No,2400,2400,0,3330,75
06:22:14.337,active,15301,434,12732,16785,-9,95,59.5,52.3,No,2400,2400,0,3325,75
06:22:15.337,active,15268,756,11574,16786,-9,95,60.6,52.2,No,2400,2400,0,3320,75
06:22:16.337,active,15309,480,11882,16787,-5,95,60.6,51.5,No,2400,2400,0,3907,125
06:22:17.341,active,15303,588,9008,16788,0,95,60.0,51.8,No,2400,2400,0,5332,125
06:22:18.344,active,15296,708,10880,16787,-5,95,60.0,51.4,No,2400,2400,0,5430,125
06:22:19.337,active,15294,726,11498,16787,-5,95,60.6,51.8,No,2400,2400,0,5434,125
06:22:20.340,active,15301,776,11922,16786,-8,95,60.6,52.2,No,2400,2400,0,5430,125
06:22:21.341,active,15305,776,10610,16786,-8,95,62.2,52.3,No,2400,2400,0,5434,125
06:22:22.337,active,15264,682,10474,16786,-7,95,61.1,54.6,No,2400,2400,0,5424,125
06:22:23.338,active,15262,940,11170,16785,-9,95,61.1,54.9,No,2400,2400,0,5428,125
06:22:24.337,active,15264,930,14236,16787,-6,95,61.1,54.2,No,2400,2400,0,5433,125
06:22:25.337,active,15286,766,9954,16786,-4,95,61.1,53.2,No,2400,2400,0,5438,125
06:22:26.341,active,15301,706,10842,16787,0,95,61.7,52.7,No,2400,2400,0,5441,125
06:22:27.337,active,15335,486,7466,16787,-3,95,61.7,52.2,No,2400,2400,0,5450,125
06:22:28.337,active,15316,486,7466,16788,0,95,61.1,51.7,No,2400,2400,0,5447,125
06:22:29.342,active,15344,580,8892,16789,0,95,61.1,51.7,No,2400,2400,0,5457,125
06:22:30.337,active,15329,462,7214,16788,0,95,61.7,52.4,No,2400,2400,0,5458,125
06:22:31.337,active,15303,494,7580,16788,0,95,62.8,52.7,No,2400,2400,0,5470,125
06:22:32.341,active,15333,498,8102,16788,0,95,62.2,52.3,No,2400,2400,0,5467,125
06:22:33.337,active,15294,454,6982,16788,0,95,62.2,52.2,No,2400,2400,0,5469,125
06:22:34.341,active,15346,440,7620,16786,0,95,61.7,52.4,No,2400,2400,0,5476,125
06:22:35.337,active,15296,490,7522,16786,0,95,61.1,56.9,No,2400,2400,0,5470,125
06:22:36.337,active,15260,866,13252,16786,0,95,62.2,57.7,No,2400,2400,0,5474,125
06:22:37.337,active,15264,728,11150,16788,-4,95,62.8,57.5,No,2400,2400,0,5473,125
06:22:38.337,active,15253,834,12770,16787,-4,95,62.8,57.5,No,2400,2400,0,5481,125
06:22:39.337,active,15268,762,12950,16787,0,95,62.8,57.1,No,2400,2400,0,5485,125
06:22:40.340,active,15277,826,12654,16786,-7,95,63.4,58.0,No,2400,2400,0,5484,125
06:22:41.337,active,15256,742,12964,16787,-7,95,62.2,57.3,No,2400,2400,0,5487,125
06:22:42.341,active,15318,826,12654,16787,-5,95,62.2,58.2,No,2400,2400,0,5493,125
06:22:43.341,active,15264,674,11266,16786,-3,95,63.4,57.5,No,2400,2400,0,5486,125
06:22:44.337,active,15303,704,10764,16788,0,95,62.8,58.0,No,2400,2400,0,5489,125
06:22:45.338,active,15305,802,12308,16787,0,95,62.8,57.2,No,2400,2400,0,5485,125
06:22:46.338,active,15296,708,10860,16785,-4,95,62.8,56.9,No,2400,2400,0,5487,125
06:22:47.337,active,15299,694,10628,16786,-5,95,63.4,58.6,No,2400,2400,0,5503,125
06:22:48.341,active,15299,632,9702,16785,-6,95,63.4,57.3,No,2400,2400,0,5500,125
06:22:49.337,active,15275,732,11226,16786,-8,95,63.4,57.1,No,2400,2400,0,5501,125
06:22:50.338,active,15271,820,12538,16785,-7,95,62.8,56.7,No,2400,2400,0,5502,125
06:22:51.338,active,15268,826,12694,16785,-6,95,63.4,56.9,No,2400,2400,0,5504,125
06:22:52.337,active,15266,880,12204,16786,-7,95,62.8,57.5,No,2400,2400,0,5506,125
06:22:53.337,active,15264,814,12480,16785,-5,95,62.8,57.4,No,2400,2400,0,5510,125
06:22:54.337,active,15329,748,8256,16786,-5,95,63.4,57.0,No,2400,2400,0,5506,125
06:22:55.340,active,15320,446,6866,16785,-4,95,63.9,56.6,No,2400,2400,0,5501,125
06:22:56.341,active,15350,486,6886,16787,0,95,62.8,59.1,No,2400,2400,0,5506,125
06:22:57.338,active,15346,468,7194,16787,0,95,63.4,57.9,No,2400,2400,0,5508,125
06:22:58.337,active,15294,502,7716,16787,-3,95,63.4,58.2,No,2400,2400,0,5498,125
06:22:59.341,active,15346,566,8700,16786,0,95,64.5,56.8,No,2400,2400,0,5502,125
06:23:00.341,active,15290,512,7870,16786,-6,95,64.5,58.6,No,2400,2400,0,5501,125
06:23:01.337,active,15350,502,7716,16785,-5,95,63.4,58.3,No,2400,2400,0,5510,125
06:23:02.341,active,15290,568,8738,16786,0,95,63.4,58.9,No,2400,2400,0,5513,125
06:23:03.337,active,15350,496,7620,16787,0,95,62.8,58.5,No,2400,2400,0,5514,125
06:23:04.337,active,15262,906,13870,16788,0,95,63.4,59.2,No,2400,2400,0,5517,125
06:23:05.341,active,15268,736,12848,16786,0,95,63.9,59.5,No,2400,2400,0,5515,125
06:23:06.337,active,15279,738,11304,16786,-5,95,62.8,58.1,No,2400,2400,0,5507,125
06:23:07.338,active,15260,796,12538,16785,-5,95,63.9,59.4,No,2400,2400,0,5512,125
06:23:08.337,sleep,15290,488,7484,16788,0,95,60.0,27.6,No,2400,2400,0,5551,125
06:23:09.337,sleep,15301,508,9086,16789,8,95,59.0,0.0,No,2400,2400,0,5571,125
06:23:10.337,sleep,15290,472,7252,16788,7,95,57.3,0.3,No,2400,2400,0,5559,125
06:23:11.337,sleep,15296,484,6848,16788,7,95,56.8,0.0,No,2400,2400,0,5561,125
06:23:12.337,sleep,15301,496,7600,16788,10,95,56.8,0.3,No,2400,2400,0,5573,125
06:23:13.337,sleep,15286,382,5844,16789,13,95,55.6,0.3,No,1500,2400,0,5569,125
06:23:14.337,sleep,15294,460,7040,16790,17,95,55.6,0.3,No,1500,2400,0,5578,125
06:23:15.337,sleep,15283,508,7792,16791,17,95,54.0,-0.0,No,1500,2400,0,5579,125
06:23:16.337,sleep,15292,406,6230,16792,16,95,54.5,0.0,No,1500,2400,0,5578,125
06:23:17.337,sleep,15288,416,6384,16792,17,95,54.0,0.3,No,1500,2400,0,3913,75
06:23:18.337,sleep,15292,392,5998,16790,16,95,53.5,-0.0,No,1500,2400,0,3501,75
06:23:19.337,sleep,15286,414,6366,16790,14,95,53.5,0.5,No,1500,2400,0,3431,75
06:23:20.337,sleep,15288,526,8044,16790,17,95,52.4,0.3,No,1500,2400,0,3414,75
06:23:21.337,sleep,15288,356,5458,16791,18,95,52.4,0.3,No,1500,2400,0,3417,75
06:23:22.337,sleep,15290,516,7638,16790,18,95,52.4,0.0,No,1500,2400,0,3415,75
06:23:23.341,active,15307,514,7890,16786,4,95,56.2,35.9,No,2400,2400,0,3361,75
06:23:24.338,active,15314,498,7542,16787,-4,95,57.3,54.1,No,2400,2400,0,3351,75
06:23:25.337,active,15309,482,7408,16787,0,95,57.3,52.3,No,2400,2400,0,3337,75
06:23:26.337,active,15326,528,6596,16787,0,95,59.0,54.4,No,2400,2400,0,3329,75
06:23:27.340,active,15335,506,7792,16786,0,95,59.5,55.9,No,2400,2400,0,3330,75
06:23:28.337,active,15346,444,7870,16787,0,95,60.0,55.0,No,2400,2400,0,4766,125
06:23:29.338,active,15290,718,10996,16787,-5,95,60.6,52.5,No,2400,2400,0,5411,125
06:23:30.338,active,15350,470,7484,16785,-8,95,59.5,55.0,No,2400,2400,0,5450,125
06:23:31.337,active,15275,850,7870,16786,-9,95,61.1,55.0,No,2400,2400,0,5453,125
06:23:32.337,active,15249,830,12712,16787,-4,95,60.6,52.9,No,2400,2400,0,5445,125
06:23:33.337,active,15253,882,10628,16787,0,95,61.1,52.2,No,2400,2400,0,5445,125
06:23:34.341,active,15245,904,13812,16787,-3,95,61.1,51.4,No,2400,2400,0,5448,125
06:23:35.337,active,15258,880,10842,16786,0,95,61.1,51.5,No,2400,2400,0,5452,125
06:23:36.344,active,15253,922,14102,16786,-9,95,60.6,51.5,No,2400,2400,0,5441,125
06:23:37.337,active,15228,910,14102,16787,-5,95,60.6,53.7,No,2400,2400,0,5450,125
06:23:38.337,active,15249,836,12790,16787,-5,95,62.8,55.1,No,2400,2400,0,5454,125
06:23:39.341,active,15260,692,11054,16787,-3,95,61.7,55.8,No,2400,2400,0,5455,125
06:23:40.337,active,15241,904,13812,16787,0,95,61.7,54.6,No,2400,2400,0,5469,125
06:23:41.341,active,15305,756,11594,16786,0,95,62.2,56.9,No,2400,2400,0,5471,125
06:23:42.337,active,15301,734,9474,16787,0,95,61.1,54.5,No,2400,2400,0,5471,125
06:23:43.337,active,15299,772,11844,16788,0,95,61.7,55.6,No,2400,2400,0,5474,125
06:23:44.340,active,15296,718,11014,16789,0,95,62.8,55.4,No,2400,2400,0,5479,125
06:23:45.337,active,15307,762,11690,16788,0,95,62.2,55.9,No,2400,2400,0,5478,125
06:23:46.339,active,15303,748,10282,16787,0,95,62.8,57.1,No,2400,2400,0,5485,125
06:23:47.340,active,15273,666,10224,16786,-4,95,62.2,57.2,No,2400,2400,0,5485,125
06:23:48.337,active,15303,690,10802,16787,-6,95,63.4,57.1,No,2400,2400,0,5490,125
06:23:49.337,active,15271,788,12076,16786,-9,95,62.8,58.3,No,2400,2400,0,5480,125
06:23:50.337,active,15301,404,6212,16786,-7,95,63.4,56.9,No,2400,2400,0,5487,125
06:23:51.343,active,15329,474,7292,16787,-4,95,63.4,57.1,No,2400,2400,0,5487,125
06:23:52.341,active,15350,562,8622,16786,-5,95,62.8,57.6,No,2400,2400,0,5491,125
06:23:53.337,active,15339,500,7696,16786,-6,95,62.2,58.8,No,2400,2400,0,5496,125
06:23:54.337,active,15301,492,7562,16786,-4,95,62.2,58.1,No,2400,2400,0,5496,125
06:23:55.337,active,15318,530,6604,16787,-5,95,63.9,52.2,No,2400,2400,0,5497,125
06:23:56.337,active,15290,502,7716,16787,-4,95,62.8,53.5,No,2400,2400,0,5496,125
06:23:57.338,active,15354,530,7562,16787,-4,95,62.2,57.8,No,2400,2400,0,5496,125
06:23:58.337,active,15290,514,7908,16786,-3,95,62.2,56.7,No,2400,2400,0,5502,125
06:23:59.337,active,15279,972,14874,16786,0,95,62.8,57.2,No,2400,2400,0,5506,125
06:24:00.337,active,15266,826,12636,16786,-3,95,62.8,60.2,No,2400,2400,0,5503,125
06:24:01.337,active,15264,972,14892,16786,-6,95,63.4,57.7,No,2400,2400,0,5505,125
06:24:02.339,active,15275,812,12424,16787,-6,95,63.4,57.4,No,2400,2400,0,5494,125
06:24:03.344,active,15258,912,13948,16788,0,95,63.4,57.8,No,2400,2400,0,5504,125
06:24:04.338,active,15275,752,12028,16787,-6,95,64.5,56.9,No,2400,2400,0,5504,125
06:24:05.337,active,15262,784,11998,16786,-4,95,62.8,57.7,No,2400,2400,0,5494,125
06:24:06.339,active,15258,836,14622,16786,0,95,63.9,58.4,No,2400,2400,0,5507,125
06:24:07.337,active,15260,822,12596,16788,0,95,63.9,57.9,No,2400,2400,0,5514,125
06:24:08.340,active,15296,686,10532,16786,-3,95,63.4,57.6,No,2400,2400,0,5509,125
06:24:09.341,active,15296,612,9374,16785,-5,95,63.4,57.3,No,2400,2400,0,5515,125
06:24:10.337,active,15296,706,10822,16786,0,95,62.8,58.1,No,2400,2400,0,5513,125
06:24:11.337,active,15305,750,11516,16786,0,95,63.4,57.8,No,2400,2400,0,5514,125
06:24:12.341,active,15299,728,11170,16786,0,95,63.9,58.4,No,2400,2400,0,5512,125
06:24:13.337,active,15301,678,10910,16788,0,95,63.9,58.8,No,2400,2400,0,5514,125
06:24:14.337,active,15305,754,11574,16787,0,95,62.8,59.2,No,2400,2400,0,5519,125
06:24:15.337,active,15299,788,12500,16786,0,95,62.8,58.4,No,2400,2400,0,5519,125
06:24:16.337,active,15273,678,10398,16786,-3,95,63.9,59.5,No,2400,2400,0,5518,125
06:24:17.341,active,15303,704,11034,16788,-3,95,63.9,60.0,No,2400,2400,0,5516,125
06:24:18.337,active,15305,492,7542,16787,-4,95,63.9,58.4,No,2400,2400,0,5510,125
06:24:19.337,active,15314,708,10860,16786,-3,95,63.9,59.2,No,2400,2400,0,5515,125
06:24:20.341,active,15307,424,6520,16785,0,95,63.4,58.2,No,2400,2400,0,5524,125
06:24:21.337,active,15331,518,7966,16785,-8,95,62.8,58.8,No,2400,2400,0,5518,125
06:24:22.337,active,15324,496,10454,16786,-8,95,63.4,59.3,No,2400,2400,0,5510,125
06:24:23.337,sleep,15292,494,7562,16788,-3,95,60.6,27.7,No,2400,2400,0,5545,125
06:24:24.337,sleep,15296,538,7620,16790,8,95,59.0,-0.0,No,2400,2400,0,5565,125
06:24:25.337,sleep,15296,474,7292,16789,10,95,58.4,0.0,No,2400,2400,0,5562,125
06:24:26.337,sleep,15290,472,7234,16788,9,95,57.9,0.0,No,2400,2400,0,5569,125
06:24:27.337,sleep,15294,468,7156,16789,7,95,56.8,0.3,No,2400,2400,0,5579,125
06:24:28.337,sleep,15292,560,8564,16789,8,95,56.2,0.3,No,1500,2400,0,5587,125
06:24:29.337,sleep,15294,546,8392,16790,10,95,55.1,0.3,No,1500,2400,0,5555,75
06:24:30.337,sleep,15292,336,5170,16792,15,95,55.1,0.3,No,1500,2400,0,3765,75
06:24:31.337,sleep,15286,578,8874,16791,15,95,54.0,0.5,No,1500,2400,0,3475,75
06:24:32.337,sleep,15288,662,10166,16790,15,95,54.0,-0.0,No,1500,2400,0,3428,75
06:24:33.337,sleep,15288,302,8470,16789,11,95,52.9,0.3,No,1500,2400,0,3418,75
06:24:34.337,sleep,15301,398,6096,16790,14,95,53.5,0.0,No,1500,2400,0,3419,75
06:24:35.337,sleep,15288,628,5670,16790,17,95,52.9,0.3,No,1500,2400,0,3414,75
06:24:36.337,sleep,15296,506,7754,16791,15,95,53.5,0.0,No,1500,2400,0,3404,75
06:24:37.337,sleep,15294,586,8990,16791,15,95,52.9,0.0,No,1500,2400,0,3392,75
06:24:38.337,active,15299,532,8160,16787,4,95,56.2,35.9,No,2400,2400,0,3361,75
06:24:39.341,active,15296,602,9240,16785,-9,95,59.0,55.0,No,2400,2400,0,3320,75
06:24:40.337,active,15299,706,7330,16786,-9,95,59.0,54.4,No,2400,2400,0,3317,75
06:24:41.337,active,15296,736,11266,16787,-8,95,59.0,56.3,No,2400,2400,0,3310,75
06:24:42.338,active,15299,726,7040,16787,-4,95,59.5,53.2,No,2400,2400,0,3318,75
06:24:43.337,active,15292,612,9374,16787,-8,95,59.0,52.2,No,2400,2400,0,4985,125
06:24:44.337,active,15281,706,6790,16786,-6,95,59.0,52.4,No,2400,2400,0,5406,125
06:24:45.337,active,15241,760,14684,16787,0,95,60.0,52.3,No,2400,2400,0,5437,125
06:24:46.337,active,15303,786,12018,16787,0,95,61.1,51.7,No,2400,2400,0,5436,125
06:24:47.339,active,15245,594,13214,16787,0,95,60.6,51.4,No,2400,2400,0,5434,125
06:24:48.342,active,15305,818,12500,16788,-3,95,61.1,53.3,No,2400,2400,0,5426,125
06:24:49.337,active,15305,498,13734,16788,-3,95,60.6,51.4,No,2400,2400,0,5424,125
06:24:50.337,active,15271,768,11748,16787,-3,95,61.1,52.4,No,2400,2400,0,5433,125
06:24:51.338,active,15303,482,11420,16786,-3,95,61.1,52.4,No,2400,2400,0,5437,125
06:24:52.337,active,15309,742,11382,16786,-3,95,61.1,52.2,No,2400,2400,0,5434,125
06:24:53.341,active,15309,538,10532,16787,0,95,61.7,54.0,No,2400,2400,0,5436,125
06:24:54.342,active,15301,788,11612,16787,0,95,61.1,55.6,No,2400,2400,0,5446,125
06:24:55.337,active,15292,770,11786,16787,0,95,61.7,55.6,No,2400,2400,0,5455,125
06:24:56.341,active,15309,680,10784,16787,0,95,61.7,57.1,No,2400,2400,0,5449,125
06:24:57.338,active,15296,716,10996,16787,0,95,62.2,57.2,No,2400,2400,0,5446,125
06:24:58.339,active,15303,714,10686,16787,0,95,62.8,57.5,No,2400,2400,0,5461,125
06:24:59.341,active,15290,778,11922,16787,0,95,62.2,55.7,No,2400,2400,0,5469,125
06:25:00.337,active,15299,776,11940,16788,0,95,61.1,52.5,No,2400,2400,0,5466,125
06:25:01.337,active,15294,772,11824,16788,0,95,61.7,54.9,No,2400,2400,0,5472,125
06:25:02.341,active,15305,696,10686,16788,6,95,62.8,54.3,No,2400,2400,0,5475,125
06:25:03.341,active,15318,508,7890,16787,0,95,61.7,53.1,No,2400,2400,0,5477,125
06:25:04.337,active,15309,482,7388,16787,0,95,62.2,52.7,No,2400,2400,0,5483,125
06:25:05.337,active,15288,474,7620,16788,0,95,61.7,57.0,No,2400,2400,0,5488,125
06:25:06.337,active,15352,474,7292,16787,-3,95,62.2,58.3,No,2400,2400,0,5478,125
06:25:07.337,active,15299,444,6810,16788,0,95,63.4,57.6,No,2400,2400,0,5482,125
06:25:08.337,active,15309,474,7292,16787,0,95,62.8,57.4,No,2400,2400,0,5482,125
06:25:09.338,active,15290,518,7948,16786,0,95,63.4,57.1,No,2400,2400,0,5465,125
06:25:10.341,active,15290,738,7208,16785,-4,95,62.8,57.5,No,2400,2400,0,5495,125
06:25:11.338,active,15294,448,6886,16785,-5,95,62.8,56.8,No,2400,2400,0,5500,125
06:25:12.337,active,15264,880,13464,16785,-7,95,62.8,58.3,No,2400,2400,0,5494,125
06:25:13.337,active,15290,794,12172,16786,-6,95,63.4,58.3,No,2400,2400,0,5489,125
06:25:14.337,active,15264,908,13908,16786,-5,95,63.4,58.5,No,2400,2400,0,5481,125
06:25:15.340,active,15268,632,14292,16786,-4,95,62.8,57.4,No,2400,2400,0,5492,125
06:25:16.338,active,15262,838,12828,16786,-6,95,62.2,56.5,No,2400,2400,0,5495,125
06:25:17.337,active,15260,790,15066,16787,-4,95,62.8,56.6,No,2400,2400,0,5500,125
06:25:18.337,active,15273,746,11420,16788,0,95,62.8,57.6,No,2400,2400,0,5503,125
06:25:19.337,active,15262,778,11998,16788,0,95,63.4,56.5,No,2400,2400,0,5509,125
06:25:20.340,active,15253,790,12076,16788,0,95,63.9,56.7,No,2400,2400,0,5499,125
06:25:21.337,active,15294,742,11382,16786,0,95,62.8,56.7,No,2400,2400,0,5504,125
06:25:22.337,active,15296,738,7720,16786,0,95,62.2,56.6,No,2400,2400,0,5518,125
06:25:23.337,active,15301,708,10842,16788,0,95,62.2,58.3,No,2400,2400,0,5505,125
06:25:24.341,active,15299,818,10706,16788,0,95,63.4,58.6,No,2400,2400,0,5508,125
06:25:25.341,active,15305,834,12790,16788,-4,95,63.9,58.6,No,2400,2400,0,5503,125
06:25:26.337,active,15296,664,10456,16788,0,95,62.8,58.6,No,2400,2400,0,5502,125
06:25:27.338,active,15301,732,11246,16786,0,95,62.8,57.9,No,2400,2400,0,5511,125
06:25:28.337,active,15301,788,10802,16786,0,95,62.8,59.0,No,2400,2400,0,5509,125
06:25:29.337,active,15294,622,9548,16787,0,95,64.5,59.1,No,2400,2400,0,5515,125
06:25:30.340,active,15309,642,9818,16787,-3,95,64.5,58.6,No,2400,2400,0,5512,125
06:25:31.337,active,15307,498,10204,16786,-4,95,63.4,58.1,No,2400,2400,0,5505,125
06:25:32.341,active,15314,740,11342,16785,-6,95,63.9,59.0,No,2400,2400,0,5514,125
06:25:33.338,active,15309,564,11266,16785,-6,95,62.8,58.4,No,2400,2400,0,5516,125
06:25:34.337,active,15309,568,8718,16785,-6,95,62.8,58.2,No,2400,2400,0,5514,125
06:25:35.337,active,15316,476,10976,16787,0,95,63.4,59.1,No,2400,2400,0,5514,125
06:25:36.337,active,15303,476,7310,16787,0,95,63.9,57.9,No,2400,2400,0,5513,125
06:25:37.337,active,15314,498,7466,16787,-4,95,63.4,58.2,No,2400,2400,0,5509,125
06:25:38.337,sleep,15290,496,7600,16788,0,95,60.0,28.8,No,2400,2400,0,5542,125
06:25:39.337,sleep,15286,480,7368,16788,9,95,59.0,0.0,No,2400,2400,0,5560,125
06:25:40.337,sleep,15294,464,7774,16789,9,95,57.9,0.0,No,2400,2400,0,5560,125
06:25:41.337,sleep,15286,522,8006,16789,13,95,58.4,0.0,No,2400,2400,0,5557,125
06:25:42.337,sleep,15290,558,6192,16789,13,95,56.8,0.5,No,2400,2400,0,5562,125
06:25:43.337,sleep,15288,506,7754,16791,16,95,55.6,0.7,No,1500,2400,0,5571,125
06:25:44.337,sleep,15288,436,6384,16790,15,95,55.6,-0.0,No,1500,2400,0,5581,125
06:25:45.337,sleep,15290,490,7522,16790,13,95,54.5,0.0,No,1500,2400,0,4900,75
06:25:46.337,sleep,15290,510,9548,16790,15,95,54.0,0.3,No,1500,2400,0,3644,75
06:25:47.337,sleep,15292,370,5690,16790,14,95,52.9,0.7,No,1500,2400,0,3460,75
06:25:48.337,sleep,15288,354,5440,16790,15,95,52.9,0.0,No,1500,2400,0,3417,75
06:25:49.337,sleep,15290,332,5980,16790,15,95,52.9,0.3,No,1500,2400,0,3394,75
06:25:50.337,sleep,15292,474,7252,16791,17,95,52.4,0.0,No,1500,2400,0,3407,75
06:25:51.337,sleep,15286,542,7908,16792,17,95,51.8,0.3,No,1500,2400,0,3394,75
06:25:52.337,sleep,15290,574,8796,16791,15,95,52.4,0.0,No,1500,2400,0,3389,75
06:25:53.337,active,15294,668,6752,16788,10,95,55.6,32.7,No,2400,2400,0,3360,75
06:25:54.338,active,15301,778,11922,16787,-5,95,57.3,54.9,No,2400,2400,0,3307,75
06:25:55.342,active,15288,704,7832,16786,-5,95,57.9,53.4,No,2400,2400,0,3317,75
06:25:56.337,active,15290,776,11902,16787,0,95,58.4,55.1,No,2400,2400,0,3318,75
06:25:57.337,active,15290,888,13580,16788,-3,95,59.0,54.2,No,2400,2400,0,3318,75
06:25:58.338,active,15238,754,11516,16787,-6,95,59.0,52.3,No,2400,2400,0,3322,125
06:25:59.341,active,15307,708,10842,16788,0,95,60.6,51.4,No,2400,2400,0,5181,125
06:26:00.337,active,15253,654,9992,16786,-3,95,60.0,51.7,No,2400,2400,0,5418,125
06:26:01.342,active,15307,836,12770,16786,-6,95,59.5,51.7,No,2400,2400,0,5429,125
06:26:02.337,active,15299,480,7350,16786,-7,95,60.6,52.2,No,2400,2400,0,5431,125
06:26:03.337,active,15301,668,10224,16788,0,95,61.1,52.3,No,2400,2400,0,5425,125
06:26:04.341,active,15296,528,8102,16788,-3,95,61.1,51.9,No,2400,2400,0,5431,125
06:26:05.337,active,15311,552,8468,16786,-7,95,60.6,51.5,No,2400,2400,0,5426,125
06:26:06.338,active,15303,554,8488,16787,0,95,60.6,52.3,No,2400,2400,0,5431,125
06:26:07.337,active,15296,744,11400,16787,0,95,60.6,51.9,No,2400,2400,0,5440,125
06:26:08.337,active,15301,726,10416,16788,0,95,61.1,53.4,No,2400,2400,0,5447,125
06:26:09.341,active,15299,762,11670,16788,0,95,61.1,52.9,No,2400,2400,0,5444,125
06:26:10.337,active,15266,742,11266,16786,-3,95,61.1,52.9,No,2400,2400,0,5449,125
06:26:11.337,active,15303,730,11188,16787,-6,95,61.1,53.4,No,2400,2400,0,5445,125
06:26:12.338,active,15277,906,11980,16786,-8,95,61.1,56.4,No,2400,2400,0,5453,125
06:26:13.337,active,15260,922,14082,16786,-6,95,61.7,56.5,No,2400,2400,0,5445,125
06:26:14.337,active,15281,962,14718,16786,-5,95,63.4,58.5,No,2400,2400,0,5452,125
06:26:15.337,active,15258,868,13272,16787,0,95,62.2,57.4,No,2400,2400,0,5461,125
06:26:16.339,active,15314,480,7350,16786,0,95,61.7,57.5,No,2400,2400,0,5464,125
06:26:17.341,active,15292,742,7292,16787,0,95,61.7,56.7,No,2400,2400,0,5470,125
06:26:18.337,active,15296,748,11458,16787,-5,95,61.7,57.8,No,2400,2400,0,5468,125
06:26:19.337,active,15294,774,6694,16786,-6,95,62.2,58.2,No,2400,2400,0,5471,125
06:26:20.337,active,15296,822,12596,16786,-9,95,63.4,57.1,No,2400,2400,0,5470,125
06:26:21.337,active,15299,738,10204,16785,-7,95,63.4,56.9,No,2400,2400,0,5471,125
06:26:22.340,active,15292,740,11362,16787,-8,95,62.8,57.5,No,2400,2400,0,5474,125
06:26:23.338,active,15299,858,13136,16787,-8,95,62.2,57.2,No,2400,2400,0,5479,125
06:26:24.337,active,15294,652,9992,16786,-7,95,61.7,57.5,No,2400,2400,0,5487,125
06:26:25.341,active,15309,712,10898,16786,-4,95,62.8,57.3,No,2400,2400,0,5487,125
06:26:26.341,active,15256,694,11786,16787,-6,95,63.4,56.7,No,2400,2400,0,5476,125
06:26:27.337,active,15264,682,10456,16787,-3,95,63.4,57.1,No,2400,2400,0,5482,125
06:26:28.337,active,15275,620,10494,16785,-4,95,62.8,56.0,No,2400,2400,0,5494,125
06:26:29.338,active,15256,764,11670,16785,-5,95,62.8,58.5,No,2400,2400,0,5495,125
06:26:30.337,active,15303,498,11922,16785,-4,95,62.8,57.6,No,2400,2400,0,5498,125
06:26:31.339,active,15266,608,9318,16785,-5,95,62.2,57.5,No,2400,2400,0,5496,125
06:26:32.337,active,15305,1010,13060,16786,0,95,63.4,57.0,No,2400,2400,0,5497,125
06:26:33.340,active,15301,560,8584,16787,0,95,63.9,57.1,No,2400,2400,0,5497,125
06:26:34.341,active,15260,706,10822,16787,-3,95,62.8,57.4,No,2400,2400,0,5493,125
06:26:35.337,active,15296,742,10378,16786,0,95,63.4,57.3,No,2400,2400,0,5497,125
06:26:36.337,active,15260,710,10898,16786,-4,95,63.4,59.3,No,2400,2400,0,5500,125
06:26:37.340,active,15303,744,11188,16787,0,95,63.9,59.3,No,2400,2400,0,5504,125
06:26:38.339,active,15273,620,9510,16786,-4,95,63.9,58.4,No,2400,2400,0,5500,125
06:26:39.340,active,15258,956,11284,16786,-3,95,63.4,58.1,No,2400,2400,0,5497,125
06:26:40.338,active,15273,796,12172,16785,-6,95,62.2,57.9,No,2400,2400,0,5504,125
06:26:41.337,active,15275,846,11054,16787,0,95,63.4,59.1,No,2400,2400,0,5507,125
06:26:42.337,active,15273,870,13310,16786,-4,95,63.9,59.5,No,2400,2400,0,5505,125
06:26:43.337,active,15290,524,8044,16786,-4,95,63.4,58.4,No,2400,2400,0,5507,125
06:26:44.341,active,15344,528,8376,16785,-3,95,64.5,58.2,No,2400,2400,0,5512,125
06:26:45.341,active,15292,522,8024,16787,-3,95,62.8,58.5,No,2400,2400,0,5519,125
06:26:46.337,active,15311,492,6924,16787,0,95,62.8,58.1,No,2400,2400,0,5516,125
06:26:47.337,active,15301,544,8352,16785,0,95,63.9,58.7,No,2400,2400,0,5510,125
06:26:48.340,active,15296,684,7388,16786,0,95,63.4,58.8,No,2400,2400,0,5513,125
06:26:49.337,active,15339,446,6848,16786,0,95,62.8,58.1,No,2400,2400,0,5508,125
06:26:50.338,active,15290,530,7330,16787,0,95,62.8,56.0,No,2400,2400,0,5520,125
06:26:51.344,active,15348,434,6674,16788,0,95,63.9,56.0,No,2400,2400,0,5513,125
06:26:52.337,active,15243,898,13734,16785,-6,95,62.2,55.1,No,2400,2400,0,5519,125
06:26:53.337,sleep,15290,530,6348,16788,0,95,60.0,29.8,No,2400,2400,0,5548,125
06:26:54.337,sleep,15294,590,9046,16788,8,95,59.0,-0.0,No,2400,2400,0,5566,125
06:26:55.337,sleep,15294,472,7002,16788,8,95,57.9,0.0,No,2400,2400,0,5566,125
06:26:56.337,sleep,15299,438,6712,16788,5,95,57.3,0.0,No,2400,2400,0,5563,125
06:26:57.337,sleep,15296,366,7080,16788,4,95,57.3,0.3,No,2400,2400,0,5559,125
06:26:58.337,sleep,15290,520,7986,16788,4,95,55.6,0.3,No,1500,2400,0,5567,125
06:26:59.337,sleep,15292,320,7252,16788,7,95,55.1,0.0,No,1500,2400,0,5576,125
06:27:00.337,sleep,15294,364,5594,16788,9,95,55.1,0.3,No,1500,2400,0,4324,75
06:27:01.337,sleep,15294,516,7716,16788,9,95,54.5,0.3,No,1500,2400,0,3550,75
06:27:02.337,sleep,15290,272,4166,16788,4,95,54.5,0.5,No,1500,2400,0,3424,75
06:27:03.337,sleep,15290,330,5054,16789,8,95,54.0,0.3,No,1500,2400,0,3412,75
06:27:04.337,sleep,15290,372,5710,16789,10,95,53.5,-0.0,No,1500,2400,0,3409,75
06:27:05.337,sleep,15283,488,7484,16789,13,95,53.5,0.0,No,1500,2400,0,3399,75
06:27:06.337,sleep,15292,368,8212,16788,10,95,52.4,0.0,No,1500,2400,0,3392,75
06:27:07.337,sleep,15292,412,6326,16790,13,95,52.9,0.3,No,1500,2400,0,3384,75
06:27:08.337,active,15299,662,9890,16788,4,95,55.6,30.6,No,2400,2400,0,3372,75
06:27:09.337,active,15296,642,9858,16787,-9,95,56.8,52.4,No,2400,2400,0,3333,75
06:27:10.338,active,15296,694,9606,16787,-6,95,58.4,52.4,No,2400,2400,0,3327,75
06:27:11.341,active,15301,434,6654,16786,-4,95,59.0,51.5,No,2400,2400,0,3298,75
06:27:12.337,active,15311,458,7022,16787,-3,95,60.0,51.5,No,2400,2400,0,3302,75
06:27:13.341,active,15301,428,6558,16786,-3,95,59.5,52.0,No,2400,2400,0,3314,75
06:27:14.337,active,15322,502,7696,16787,0,95,59.0,51.5,No,2400,2400,0,3612,125
06:27:15.337,active,15309,494,7600,16788,4,95,60.0,52.6,No,2400,2400,0,5291,125
06:27:16.337,active,15335,510,7832,16788,0,95,60.0,52.2,No,2400,2400,0,5419,125
06:27:17.337,active,15322,522,8300,16787,0,95,61.1,51.7,No,2400,2400,0,5430,125
06:27:18.341,active,15348,520,8006,16786,-5,95,60.6,52.0,No,2400,2400,0,5423,125
06:27:19.338,active,15288,662,7908,16789,0,95,61.1,56.3,No,2400,2400,0,5418,125
06:27:20.337,active,15264,896,13716,16787,0,95,61.1,57.6,No,2400,2400,0,5419,125
06:27:21.337,active,15256,854,13060,16785,-4,95,61.7,57.1,No,2400,2400,0,5418,125
06:27:22.337,active,15279,822,12596,16785,-6,95,62.2,58.5,No,2400,2400,0,5422,125
06:27:23.339,active,15260,888,13580,16786,-3,95,62.8,56.9,No,2400,2400,0,5419,125
06:27:24.341,active,15266,788,14872,16788,0,95,61.7,57.5,No,2400,2400,0,5424,125
06:27:25.337,active,15260,808,12366,16788,0,95,61.7,58.2,No,2400,2400,0,5434,125
06:27:26.337,active,15264,738,14564,16788,0,95,61.1,58.0,No,2400,2400,0,5440,125
06:27:27.337,active,15264,872,13330,16786,0,95,62.8,56.9,No,2400,2400,0,5441,125
06:27:28.337,active,15260,718,13098,16786,0,95,62.8,57.9,No,2400,2400,0,5442,125
06:27:29.339,active,15292,744,11400,16787,0,95,62.2,58.0,No,2400,2400,0,5445,125
06:27:30.340,active,15296,750,11498,16789,0,95,62.8,57.3,No,2400,2400,0,5453,125
06:27:31.337,active,15296,772,11824,16788,0,95,61.7,57.6,No,2400,2400,0,5458,125
06:27:32.337,active,15292,624,9588,16787,0,95,63.4,58.3,No,2400,2400,0,5458,125
06:27:33.337,active,15299,700,10744,16786,0,95,63.4,58.3,No,2400,2400,0,5465,125
06:27:34.339,active,15303,660,10128,16786,0,95,64.5,58.3,No,2400,2400,0,5465,125
06:27:35.340,active,15303,720,10744,16788,0,95,62.8,57.2,No,2400,2400,0,5471,125
06:27:36.338,active,15288,680,10436,16788,0,95,61.7,56.9,No,2400,2400,0,5484,125
06:27:37.341,active,15271,848,10474,16788,0,95,63.4,57.9,No,2400,2400,0,5480,125
06:27:38.341,active,15301,468,10822,16788,0,95,63.4,57.6,No,2400,2400,0,5482,125
06:27:39.337,active,15316,696,10686,16787,0,95,63.4,57.5,No,2400,2400,0,5480,125
06:27:40.341,active,15311,490,7504,16786,0,95,62.8,57.4,No,2400,2400,0,5488,125
06:27:41.337,active,15354,544,8372,16787,0,95,62.2,57.8,No,2400,2400,0,5488,125
06:27:42.337,active,15316,574,8816,16787,0,95,62.8,56.8,No,2400,2400,0,5488,125
06:27:43.337,active,15329,462,7080,16787,0,95,63.4,58.4,No,2400,2400,0,5494,125
06:27:44.337,active,15320,446,7908,16786,-5,95,63.9,58.1,No,2400,2400,0,5493,125
06:27:45.340,active,15286,452,6964,16786,0,95,63.4,57.9,No,2400,2400,0,5491,125
06:27:46.337,active,15333,522,8352,16787,0,95,62.2,57.7,No,2400,2400,0,5497,125
06:27:47.338,active,15262,966,14796,16787,0,95,62.8,58.3,No,2400,2400,0,5484,125
06:27:48.337,active,15266,748,11458,16788,3,95,62.8,59.0,No,2400,2400,0,5498,125
06:27:49.337,active,15262,962,14718,16787,0,95,63.4,59.6,No,2400,2400,0,5499,125
06:27:50.337,active,15277,952,14584,16788,0,95,63.4,58.2,No,2400,2400,0,5499,125
06:27:51.337,active,15260,894,13696,16787,0,95,63.4,57.6,No,2400,2400,0,5495,125
06:27:52.342,active,15275,870,13330,16786,0,95,63.9,59.3,No,2400,2400,0,5503,125
06:27:53.337,active,15268,894,13696,16786,0,95,62.2,58.5,No,2400,2400,0,5505,125
06:27:54.337,active,15253,970,14834,16787,0,95,63.4,59.3,No,2400,2400,0,5510,125
06:27:55.341,active,15281,834,14326,16789,0,95,65.5,59.7,No,2400,2400,0,5512,125
06:27:56.337,active,15253,794,12134,16788,0,95,63.9,57.9,No,2400,2400,0,5508,125
06:27:57.338,active,15294,740,6674,16787,0,95,64.5,60.6,No,2400,2400,0,5501,125
06:27:58.337,active,15294,674,10358,16786,0,95,62.8,58.6,No,2400,2400,0,5510,125
06:27:59.337,active,15301,748,8334,16788,0,95,62.8,59.4,No,2400,2400,0,5509,125
06:28:00.337,active,15294,758,11632,16788,0,95,63.4,57.4,No,2400,2400,0,5510,125
06:28:01.337,active,15294,676,11112,16786,0,95,63.4,56.8,No,2400,2400,0,5511,125
06:28:02.341,active,15294,778,11922,16788,0,95,63.4,55.7,No,2400,2400,0,5514,125
06:28:03.338,active,15301,730,11188,16786,0,95,62.2,55.8,No,2400,2400,0,5517,125
06:28:04.337,active,15296,772,11824,16786,0,95,61.7,55.7,No,2400,2400,0,5513,125
06:28:05.337,active,15294,752,11516,16788,0,95,63.4,61.1,No,2400,2400,0,5517,125
06:28:06.341,active,15301,494,10802,16788,0,95,63.4,56.4,No,2400,2400,0,5544,125
06:28:07.337,active,15303,634,9742,16789,0,95,63.4,52.6,No,2400,2400,0,5523,125
06:28:08.337,sleep,15292,538,7234,16790,9,95,60.0,29.0,No,2400,2400,0,5563,125
06:28:09.337,sleep,15288,496,7620,16790,17,95,59.0,0.0,No,2400,2400,0,5577,125
06:28:10.337,sleep,15290,548,6866,16790,19,95,57.9,0.0,No,2400,2400,0,5566,125
06:28:11.337,sleep,15290,566,8680,16790,17,95,57.3,-0.0,No,2400,2400,0,5564,125
06:28:12.337,sleep,15290,496,7350,16790,13,95,56.8,0.0,No,2400,2400,0,5560,125
06:28:13.337,sleep,15283,478,7330,16790,13,95,56.2,0.3,No,1500,2400,0,5577,125
06:28:14.337,sleep,15290,508,6694,16791,18,95,55.1,0.3,No,1500,2400,0,5578,125
06:28:15.337,sleep,15292,498,8150,16790,13,95,54.0,-0.0,No,1500,2400,0,5569,125
06:28:16.337,sleep,15288,404,6192,16790,16,95,54.5,0.3,No,1500,2400,0,4002,75
06:28:17.337,sleep,15288,414,4996,16791,18,95,53.5,0.0,No,1500,2400,0,3497,75
06:28:18.337,sleep,15283,472,7234,16791,16,95,53.5,0.0,No,1500,2400,0,3425,75
06:28:19.337,sleep,15283,476,4108,16790,13,95,54.0,0.3,No,1500,2400,0,3412,75
06:28:20.337,sleep,15283,402,6154,16790,11,95,53.5,-0.0,No,1500,2400,0,3416,75
06:28:21.337,sleep,15290,444,7292,16791,13,95,52.4,0.3,No,1500,2400,0,3399,75
06:28:22.337,sleep,15286,476,7310,16790,14,95,51.8,0.3,No,1500,2400,0,3397,75
06:28:23.338,active,15277,786,12114,16786,3,95,56.8,30.6,No,2400,2400,0,3377,75
06:28:24.338,active,15326,460,7060,16787,-7,95,57.3,54.2,No,2400,2400,0,3343,75
06:28:25.344,active,15296,526,8082,16789,0,95,59.0,57.2,No,2400,2400,0,3331,75
06:28:26.342,active,15296,674,6578,16788,0,95,59.0,55.6,No,2400,2400,0,3313,75
06:28:27.337,active,15292,482,7408,16787,0,95,59.0,54.1,No,2400,2400,0,3313,75
06:28:28.337,active,15344,506,7292,16787,0,95,60.0,53.2,No,2400,2400,0,4548,125
06:28:29.341,active,15339,554,8506,16786,-4,95,60.0,52.6,No,2400,2400,0,5388,125
06:28:30.337,active,15288,698,8198,16787,-5,95,61.1,52.0,No,2400,2400,0,5447,125
06:28:31.338,active,15290,694,10628,16787,-6,95,60.0,52.5,No,2400,2400,0,5446,125
06:28:32.337,active,15294,714,7792,16787,-6,95,60.0,52.5,No,2400,2400,0,5435,125
06:28:33.337,active,15253,742,13620,16787,-6,95,60.6,53.7,No,2400,2400,0,5430,125
06:28:34.338,active,15303,772,11786,16786,-4,95,60.6,53.6,No,2400,2400,0,5444,125
06:28:35.337,active,15271,676,13368,16786,-5,95,61.1,53.0,No,2400,2400,0,5448,125
06:28:36.341,active,15249,738,11284,16787,-5,95,62.8,55.6,No,2400,2400,0,5438,125
06:28:37.338,active,15314,496,11054,16788,0,95,60.6,56.5,No,2400,2400,0,5445,125
06:28:38.337,active,15262,630,9626,16786,-6,95,61.7,59.7,No,2400,2400,0,5454,125
06:28:39.337,active,15322,526,11998,16787,-4,95,62.8,57.8,No,2400,2400,0,5453,125
06:28:40.337,active,15314,490,7522,16785,-6,95,62.2,57.6,No,2400,2400,0,5448,125
06:28:41.339,active,15307,522,10494,16787,-5,95,63.4,58.4,No,2400,2400,0,5443,125
06:28:42.344,active,15309,498,7658,16787,0,95,61.7,57.0,No,2400,2400,0,5452,125
06:28:43.337,active,15290,686,10532,16786,-3,95,61.1,53.5,No,2400,2400,0,5463,125
06:28:44.337,active,15296,680,11130,16788,-4,95,61.7,52.4,No,2400,2400,0,5475,125
06:28:45.339,active,15292,636,9742,16787,0,95,62.8,52.2,No,2400,2400,0,5473,125
06:28:46.341,active,15294,630,11246,16787,-3,95,61.1,51.3,No,2400,2400,0,5463,125
06:28:47.338,active,15299,754,11574,16786,0,95,61.7,51.7,No,2400,2400,0,5479,125
06:28:48.342,active,15307,700,11112,16786,-4,95,61.1,51.7,No,2400,2400,0,5475,125
06:28:49.337,active,15303,748,11478,16787,0,95,61.1,51.7,No,2400,2400,0,5487,125
06:28:50.337,active,15305,770,11806,16786,0,95,61.7,52.8,No,2400,2400,0,5484,125
06:28:51.341,active,15303,806,12346,16788,0,95,61.7,52.5,No,2400,2400,0,5489,125
06:28:52.337,active,15305,504,7716,16787,0,95,62.8,51.9,No,2400,2400,0,5495,125
06:28:53.337,active,15296,568,8468,16786,-4,95,62.8,54.5,No,2400,2400,0,5491,125
06:28:54.337,active,15326,552,8468,16786,-5,95,62.2,57.3,No,2400,2400,0,5493,125
06:28:55.337,active,15324,530,8006,16786,-3,95,62.8,58.0,No,2400,2400,0,5495,125
06:28:56.337,active,15335,516,7948,16786,0,95,63.4,57.3,No,2400,2400,0,5497,125
06:28:57.337,active,15296,720,7792,16787,0,95,62.8,58.1,No,2400,2400,0,5497,125
06:28:58.340,active,15348,508,7812,16787,0,95,62.8,57.5,No,2400,2400,0,5503,125
06:28:59.341,active,15292,424,7774,16786,0,95,63.4,58.9,No,2400,2400,0,5501,125
06:29:00.337,active,15296,524,8044,16786,-3,95,62.8,58.6,No,2400,2400,0,5504,125
06:29:01.337,active,15251,774,11844,16786,0,95,63.4,58.8,No,2400,2400,0,5498,125
06:29:02.341,active,15253,794,14160,16786,0,95,63.4,59.7,No,2400,2400,0,5499,125
06:29:03.338,active,15253,780,11940,16787,-3,95,63.4,58.6,No,2400,2400,0,5500,125
06:29:04.341,active,15258,712,11188,16787,0,95,63.4,58.2,No,2400,2400,0,5507,125
06:29:05.342,active,15249,880,13446,16787,0,95,61.7,55.5,No,2400,2400,0,5511,125
06:29:06.337,active,15264,822,15182,16786,0,95,62.2,55.0,No,2400,2400,0,5518,125
06:29:07.337,active,15232,724,11054,16787,0,95,62.2,55.2,No,2400,2400,0,5524,125
06:29:08.337,active,15303,696,13426,16787,0,95,62.8,54.3,No,2400,2400,0,5511,125
06:29:09.338,active,15234,762,11632,16788,0,95,63.4,54.6,No,2400,2400,0,5521,125
06:29:10.341,active,15290,714,10956,16787,0,95,62.2,54.1,No,2400,2400,0,5514,125
06:29:11.337,active,15296,642,10436,16786,0,95,62.2,57.6,No,2400,2400,0,5510,125
06:29:12.337,active,15299,758,11612,16785,-5,95,62.8,55.1,No,2400,2400,0,5516,125
06:29:13.337,active,15290,796,11150,16786,-3,95,64.5,54.8,No,2400,2400,0,5518,125
06:29:14.337,active,15292,722,11072,16787,0,95,63.4,54.2,No,2400,2400,0,5515,125
06:29:15.341,active,15292,848,10456,16787,-3,95,62.8,54.3,No,2400,2400,0,5513,125
06:29:16.344,active,15288,732,11208,16787,-4,95,63.4,54.1,No,2400,2400,0,5518,125
06:29:17.337,active,15292,710,11034,16786,0,95,62.8,58.2,No,2400,2400,0,5515,125
06:29:18.337,active,15299,662,10146,16787,0,95,63.4,55.1,No,2400,2400,0,5518,125
06:29:19.341,active,15303,484,7446,16787,0,95,63.4,51.8,No,2400,2400,0,5519,125
06:29:20.337,active,15299,446,9896,16787,0,95,62.2,51.3,No,2400,2400,0,5531,125
06:29:21.338,active,15309,514,7890,16786,0,95,62.2,51.5,No,2400,2400,0,5538,125
06:29:22.337,active,15309,432,8468,16787,0,95,62.2,51.5,No,2400,2400,0,5528,125
06:29:23.337,sleep,15292,490,7504,16788,3,95,60.0,31.2,No,2400,2400,0,5552,125
06:29:24.337,sleep,15283,486,7098,16789,13,95,59.0,0.3,No,2400,2400,0,5566,125
06:29:25.337,sleep,15290,508,7774,16788,12,95,57.9,0.0,No,2400,2400,0,5562,125
06:29:26.337,sleep,15286,448,8642,16788,8,95,56.8,0.0,No,2400,2400,0,5565,125
06:29:27.337,sleep,15281,550,8410,16788,4,95,56.8,-0.0,No,2400,2400,0,5565,125
06:29:28.337,sleep,15283,448,6866,16789,9,95,56.2,0.3,No,1500,2400,0,5572,125
06:29:29.337,sleep,15288,406,7040,16790,16,95,55.1,0.0,No,1500,2400,0,5581,125
06:29:30.337,sleep,15290,382,5844,16790,15,95,54.5,0.2,No,1500,2400,0,5579,125
06:29:31.337,sleep,15288,492,6384,16790,12,95,54.0,0.0,No,1500,2400,0,5597,75
06:29:32.337,sleep,15288,516,7908,16790,16,95,54.0,-0.0,No,1500,2400,0,3802,75
06:29:33.337,sleep,15290,268,5574,16790,14,95,54.0,0.3,No,1500,2400,0,3471,75
06:29:34.337,sleep,15286,570,8738,16791,21,95,52.9,0.3,No,1500,2400,0,3435,75
06:29:35.337,sleep,15288,308,7504,16791,20,95,52.9,0.0,No,1500,2400,0,3408,75
06:29:36.337,sleep,15283,472,7252,16792,18,95,52.9,-0.0,No,1500,2400,0,3407,75
06:29:37.337,sleep,15290,394,6038,16792,15,95,51.8,0.3,No,1500,2400,0,3395,75
06:29:38.342,active,15290,654,6958,16791,16,95,55.6,27.9,No,2400,2400,0,3381,75
06:29:39.337,active,15294,548,8430,16788,0,95,56.2,52.9,No,2400,2400,0,3357,75
06:29:40.337,active,15292,750,8178,16787,0,95,57.3,52.9,No,2400,2400,0,3340,75
06:29:41.338,active,15292,514,7870,16786,-3,95,59.5,52.8,No,2400,2400,0,3336,75
06:29:42.337,active,15294,718,11324,16787,-3,95,59.0,56.8,No,2400,2400,0,3337,75
06:29:43.341,active,15299,764,11728,16787,-3,95,59.5,57.6,No,2400,2400,0,3324,75
06:29:44.338,active,15299,674,10938,16786,-6,95,58.4,56.6,No,2400,2400,0,4952,125
06:29:45.337,active,15299,700,10726,16787,-4,95,60.6,58.6,No,2400,2400,0,5418,125
06:29:46.337,active,15303,748,11420,16787,-4,95,61.1,59.9,No,2400,2400,0,5439,125
06:29:47.337,active,15316,622,11554,16787,0,95,62.2,57.9,No,2400,2400,0,5440,125
06:29:48.339,active,15316,724,11054,16788,-4,95,62.2,58.6,No,2400,2400,0,5444,125
06:29:49.341,active,15305,482,11072,16787,-7,95,61.7,57.5,No,2400,2400,0,5427,125
06:29:50.337,active,15307,608,9298,16787,-4,95,60.6,57.0,No,2400,2400,0,5435,125
06:29:51.337,active,15305,498,9606,16787,0,95,62.8,58.5,No,2400,2400,0,5437,125
06:29:52.341,active,15305,538,8236,16787,0,95,62.8,57.4,No,2400,2400,0,5437,125
06:29:53.337,active,15309,512,9452,16787,-3,95,62.8,57.3,No,2400,2400,0,5438,125
06:29:54.338,active,15305,486,7466,16788,0,95,62.2,58.0,No,2400,2400,0,5446,125
06:29:55.343,active,15266,752,11554,16787,0,95,62.2,56.3,No,2400,2400,0,5447,125
06:29:56.337,active,15264,896,10880,16787,-5,95,62.8,57.9,No,2400,2400,0,5449,125
06:29:57.341,active,15253,702,10764,16787,-3,95,63.4,58.7,No,2400,2400,0,5464,125
06:29:58.341,active,15266,876,10186,16787,0,95,62.8,57.2,No,2400,2400,0,5480,125
06:29:59.344,active,15279,880,13464,16787,0,95,63.9,58.0,No,2400,2400,0,5465,125
06:30:00.337,active,15264,892,11362,16786,-3,95,62.8,56.7,No,2400,2400,0,5465,125
06:30:01.338,active,15260,956,14622,16787,-3,95,63.4,56.6,No,2400,2400,0,5471,125
06:30:02.337,active,15260,530,11284,16787,-4,95,62.8,58.1,No,2400,2400,0,5467,125
06:30:03.341,active,15258,884,13522,16788,0,95,62.8,57.4,No,2400,2400,0,5479,125
06:30:04.337,active,15294,554,8526,16787,0,95,62.8,56.8,No,2400,2400,0,5475,125
06:30:05.338,active,15292,648,8604,16787,0,95,62.8,56.8,No,2400,2400,0,5485,125
06:30:06.337,active,15352,490,7542,16788,4,95,62.8,56.5,No,2400,2400,0,5497,125
06:30:07.337,active,15348,458,7736,16788,0,95,62.2,56.6,No,2400,2400,0,5494,125
06:30:08.337,active,15329,462,7118,16788,0,95,62.2,53.0,No,2400,2400,0,5508,125
06:30:09.337,active,15296,556,7426,16787,0,95,62.8,53.0,No,2400,2400,0,5501,125
06:30:10.337,active,15341,486,7466,16787,0,95,62.8,53.5,No,2400,2400,0,5503,125
06:30:11.341,active,15294,694,8314,16787,0,95,62.8,54.2,No,2400,2400,0,5500,125
06:30:12.337,active,15290,674,10340,16787,0,95,61.7,54.7,No,2400,2400,0,5502,125
06:30:13.337,active,15273,692,10610,16786,0,95,62.8,58.3,No,2400,2400,0,5498,125
06:30:14.337,active,15253,680,13696,16786,0,95,62.8,59.5,No,2400,2400,0,5503,125
06:30:15.337,active,15307,794,12152,16787,0,95,63.9,58.2,No,2400,2400,0,5503,125
06:30:16.340,active,15266,606,10416,16788,0,95,62.8,58.4,No,2400,2400,0,5515,125
06:30:17.341,active,15253,818,12500,16787,0,95,62.8,59.5,No,2400,2400,0,5519,125
06:30:18.337,active,15288,638,10224,16786,-3,95,62.8,58.4,No,2400,2400,0,5509,125
06:30:19.340,active,15251,658,10070,16786,0,95,63.9,58.2,No,2400,2400,0,5511,125
06:30:20.341,active,15296,498,13658,16786,0,95,65.0,58.8,No,2400,2400,0,5499,125
06:30:21.337,active,15245,668,10224,16787,0,95,64.5,58.4,No,2400,2400,0,5504,125
06:30:22.338,active,15309,738,11458,16789,0,95,62.8,58.4,No,2400,2400,0,5511,125
06:30:23.337,active,15294,708,10706,16788,-4,95,62.8,58.1,No,2400,2400,0,5511,125
06:30:24.337,active,15299,772,11824,16787,-5,95,63.4,57.8,No,2400,2400,0,5511,125
06:30:25.337,active,15294,680,10378,16787,0,95,63.4,55.1,No,2400,2400,0,5519,125
06:30:26.337,active,15292,818,12538,16786,0,95,63.9,54.6,No,2400,2400,0,5528,125
06:30:27.337,active,15307,696,11382,16786,0,95,62.8,54.1,No,2400,2400,0,5518,125
06:30:28.338,active,15296,642,9858,16787,0,95,62.8,56.3,No,2400,2400,0,5519,125
06:30:29.337,active,15301,684,10610,16787,0,95,62.2,57.3,No,2400,2400,0,5516,125
06:30:30.337,active,15290,788,12076,16787,0,95,62.8,52.8,No,2400,2400,0,5523,125
06:30:31.337,active,15279,668,11014,16787,3,95,62.8,52.1,No,2400,2400,0,5519,125
06:30:32.337,active,15311,580,6732,16786,-3,95,63.4,51.3,No,2400,2400,0,5524,125
06:30:33.341,active,15303,478,7330,16787,0,95,63.4,51.5,No,2400,2400,0,5530,125
06:30:34.338,active,15339,464,8410,16786,0,95,62.8,54.8,No,2400,2400,0,5524,125
06:30:35.337,active,15331,482,7426,16787,0,95,62.2,56.3,No,2400,2400,0,5526,125
06:30:36.337,active,15329,546,6596,16787,0,95,62.8,52.6,No,2400,2400,0,5516,125
06:30:37.337,active,15311,516,7928,16787,0,95,63.9,52.9,No,2400,2400,0,5524,125
06:30:38.337,sleep,15290,760,8584,16788,6,95,60.0,33.0,No,2400,2400,0,5546,125
06:30:39.337,sleep,15286,536,8218,16789,16,95,59.0,0.0,No,2400,2400,0,5564,125
06:30:40.337,sleep,15286,522,8006,16790,12,95,57.9,0.5,No,2400,2400,0,5576,125
06:30:41.337,sleep,15283,414,6810,16790,8,95,56.8,0.0,No,2400,2400,0,5580,125
06:30:42.337,sleep,15292,514,7890,16791,12,95,56.2,-0.0,No,2400,2400,0,5598,125
06:30:43.337,sleep,15286,402,7792,16789,11,95,55.6,0.3,No,1500,2400,0,5581,125
06:30:44.337,sleep,15283,498,7620,16789,15,95,55.6,0.0,No,1500,2400,0,5590,125
06:30:45.337,sleep,15296,400,5072,16790,19,95,54.5,0.3,No,1500,2400,0,5590,125
06:30:46.337,sleep,15286,484,7408,16791,16,95,54.0,0.0,No,1500,2400,0,5582,125
06:30:47.337,sleep,15290,312,4784,16791,16,95,54.5,0.0,No,1500,2400,0,5078,75
06:30:48.337,sleep,15288,398,6114,16790,18,95,53.5,-0.0,No,1500,2400,0,3671,75
06:30:49.337,sleep,15292,444,6810,16790,19,95,53.5,0.3,No,1500,2400,0,3467,75
06:30:50.337,sleep,15283,474,5960,16790,19,95,52.4,0.3,No,1500,2400,0,3428,75
06:30:51.337,sleep,15286,306,4686,16791,19,95,52.9,0.0,No,1500,2400,0,3411,75
06:30:52.337,sleep,15286,380,7928,16791,16,95,53.5,0.3,No,1500,2400,0,3414,75
06:30:53.337,active,15292,672,10320,16789,8,95,55.6,27.6,No,2400,2400,0,3394,75
06:30:54.337,active,15299,722,11072,16788,-6,95,57.3,52.6,No,2400,2400,0,3368,75
06:30:55.337,active,15292,716,10976,16787,-3,95,58.4,52.3,No,2400,2400,0,3358,75
06:30:56.338,active,15301,656,10070,16786,0,95,58.4,55.1,No,2400,2400,0,3330,75
06:30:57.337,active,15292,706,10842,16786,-5,95,59.0,58.3,No,2400,2400,0,3310,75
06:30:58.337,active,15299,704,10784,16787,-3,95,59.5,58.6,No,2400,2400,0,3317,125
06:30:59.337,active,15303,522,10784,16787,-3,95,60.6,57.9,No,2400,2400,0,5194,125
06:31:00.337,active,15299,592,9086,16788,0,95,61.1,57.4,No,2400,2400,0,5450,125
06:31:01.338,active,15314,642,9858,16788,0,95,60.6,56.5,No,2400,2400,0,5459,125
06:31:02.338,active,15299,526,8064,16788,0,95,60.6,54.5,No,2400,2400,0,5449,125
06:31:03.337,active,15303,462,7098,16787,-5,95,60.6,52.7,No,2400,2400,0,5448,125
06:31:04.337,active,15307,480,9398,16786,-6,95,61.1,52.8,No,2400,2400,0,5453,125
06:31:05.337,active,15316,550,8448,16787,-3,95,62.2,51.5,No,2400,2400,0,5458,125
06:31:06.339,active,15324,502,7040,16787,-6,95,62.2,56.0,No,2400,2400,0,5449,125
06:31:07.341,active,15341,466,7156,16785,-10,95,62.2,57.4,No,2400,2400,0,5449,125
06:31:08.337,active,15268,714,10956,16788,-6,95,61.1,57.1,No,2400,2400,0,5457,125
06:31:09.341,active,15273,892,13658,16788,-5,95,62.2,58.4,No,2400,2400,0,5454,125
06:31:10.341,active,15266,690,10572,16788,-5,95,62.8,57.2,No,2400,2400,0,5457,125
06:31:11.337,active,15266,908,11842,16787,-4,95,62.2,56.1,No,2400,2400,0,5461,125
06:31:12.340,active,15279,864,13234,16786,-8,95,61.7,57.0,No,2400,2400,0,5465,125
06:31:13.341,active,15262,840,11072,16784,-11,95,61.7,57.0,No,2400,2400,0,5466,125
06:31:14.337,active,15268,978,14950,16785,-8,95,62.2,56.8,No,2400,2400,0,5472,125
06:31:15.339,active,15264,802,10706,16786,-8,95,63.4,57.3,No,2400,2400,0,5475,125
06:31:16.341,active,15260,864,13214,16787,-4,95,62.8,57.8,No,2400,2400,0,5476,125
06:31:17.337,active,15292,464,7156,16787,-5,95,63.4,58.2,No,2400,2400,0,5479,125
06:31:18.338,active,15329,522,7256,16786,-3,95,61.7,56.7,No,2400,2400,0,5483,125
06:31:19.337,active,15292,472,7252,16786,0,95,62.2,55.7,No,2400,2400,0,5486,125
06:31:20.337,active,15292,734,7580,16786,-3,95,62.2,57.9,No,2400,2400,0,5487,125
06:31:21.341,active,15292,602,9220,16787,0,95,62.8,58.3,No,2400,2400,0,5490,125
06:31:22.337,active,15292,726,6886,16788,0,95,62.8,57.9,No,2400,2400,0,5495,125
06:31:23.337,active,15294,732,11226,16787,-4,95,63.4,59.0,No,2400,2400,0,5504,125
06:31:24.341,active,15290,672,6770,16786,-6,95,61.7,58.4,No,2400,2400,0,5503,125
06:31:25.337,active,15290,694,10648,16788,0,95,62.8,58.8,No,2400,2400,0,5498,125
06:31:26.341,active,15307,716,10938,16787,-4,95,63.4,60.0,No,2400,2400,0,5500,125
06:31:27.337,active,15266,824,14218,16788,0,95,63.4,54.9,No,2400,2400,0,5504,125
06:31:28.337,active,15303,824,12578,16788,0,95,63.4,54.1,No,2400,2400,0,5505,125
06:31:29.341,active,15294,654,13176,16787,-4,95,62.8,54.3,No,2400,2400,0,5506,125
06:31:30.337,active,15243,748,11420,16787,0,95,61.7,53.9,No,2400,2400,0,5501,125
06:31:31.337,active,15309,464,12462,16786,-7,95,62.8,58.0,No,2400,2400,0,5506,125
06:31:32.337,active,15256,568,8700,16786,0,95,62.8,55.2,No,2400,2400,0,5513,125
06:31:33.337,active,15301,456,12654,16787,-4,95,62.2,54.3,No,2400,2400,0,5503,125
06:31:34.338,active,15305,492,7542,16788,0,95,61.7,54.3,No,2400,2400,0,5509,125
06:31:35.341,active,15299,720,12808,16787,-5,95,62.2,54.2,No,2400,2400,0,5517,125
06:31:36.337,active,15299,752,10610,16786,0,95,61.7,56.2,No,2400,2400,0,5515,125
06:31:37.337,active,15301,760,11652,16786,0,95,62.8,55.2,No,2400,2400,0,5520,125
06:31:38.337,active,15299,622,10262,16785,-8,95,63.9,54.8,No,2400,2400,0,5521,125
06:31:39.337,active,15301,784,12038,16787,-8,95,63.4,54.5,No,2400,2400,0,5522,125
06:31:40.338,active,15303,706,10572,16786,-7,95,62.8,58.2,No,2400,2400,0,5518,125
06:31:41.343,active,15301,702,10784,16786,-6,95,62.2,54.3,No,2400,2400,0,5515,125
06:31:42.337,active,15301,688,11458,16787,0,95,62.8,52.8,No,2400,2400,0,5517,125
06:31:43.337,active,15296,706,10842,16786,-7,95,62.8,52.3,No,2400,2400,0,5520,125
06:31:44.341,active,15305,712,11304,16786,-4,95,63.4,51.9,No,2400,2400,0,5524,125
06:31:45.337,active,15314,484,7190,16786,-5,95,63.4,51.3,No,2400,2400,0,5530,125
06:31:46.338,active,15335,494,7580,16785,-8,95,62.2,51.4,No,2400,2400,0,5527,125
06:31:47.337,active,15311,528,7194,16785,-7,95,61.7,51.5,No,2400,2400,0,5529,125
06:31:48.337,active,15294,504,7736,16785,-9,95,62.8,56.2,No,2400,2400,0,5523,125
06:31:49.341,active,15296,694,6886,16785,-6,95,62.8,57.2,No,2400,2400,0,5530,125
06:31:50.341,active,15350,518,7986,16785,-6,95,62.8,55.5,No,2400,2400,0,5534,125
06:31:51.337,active,15296,712,8198,16785,-7,95,63.4,55.5,No,2400,2400,0,5522,125
06:31:52.338,active,15324,552,8488,16786,-6,95,63.9,55.0,No,2400,2400,0,5524,125
06:31:53.337,sleep,15292,578,8854,16786,-3,95,59.5,35.9,No,2400,2400,0,5547,125
06:31:54.337,sleep,15281,552,6654,16789,6,95,57.9,0.0,No,2400,2400,0,5563,125
06:31:55.337,sleep,15290,424,6500,16789,7,95,58.4,0.0,No,2400,2400,0,5561,125
06:31:56.337,sleep,15288,498,7638,16788,7,95,57.3,0.0,No,2400,2400,0,5565,125
06:31:57.337,sleep,15286,454,6964,16787,3,95,56.8,0.5,No,2400,2400,0,5576,125
06:31:58.337,sleep,15292,528,5112,16787,4,95,55.1,0.0,No,1500,2400,0,5572,125
06:31:59.337,sleep,15290,288,4416,16788,7,95,55.1,0.2,No,1500,2400,0,5605,125
06:32:00.337,sleep,15292,458,5632,16789,9,95,54.5,-0.0,No,1500,2400,0,5591,125
06:32:01.337,sleep,15296,588,9008,16790,12,95,54.0,0.0,No,1500,2400,0,4407,75
06:32:02.337,sleep,15281,346,5304,16789,14,95,54.0,0.3,No,1500,2400,0,3575,75
06:32:03.337,sleep,15292,318,5440,16789,16,95,53.5,0.0,No,1500,2400,0,3445,75
06:32:04.337,sleep,15294,598,9162,16790,14,95,52.9,0.2,No,1500,2400,0,3429,75
06:32:05.337,sleep,15296,586,5208,16789,11,95,52.9,0.0,No,1500,2400,0,3416,75
06:32:06.337,sleep,15292,562,8604,16790,13,95,52.4,0.3,No,1500,2400,0,3407,75
06:32:07.337,sleep,15290,514,4166,16790,12,95,52.4,0.0,No,1500,2400,0,3390,75
06:32:08.339,active,15301,664,10186,16788,7,95,55.6,25.4,No,2400,2400,0,3370,75
06:32:09.338,active,15301,712,10378,16785,-9,95,56.2,52.3,No,2400,2400,0,3340,75
06:32:10.337,active,15299,728,11150,16785,-9,95,57.3,53.6,No,2400,2400,0,3332,75
06:32:11.341,active,15296,660,10686,16786,-8,95,58.4,56.7,No,2400,2400,0,3326,75
06:32:12.337,active,15303,428,6578,16786,-10,95,60.0,59.1,No,2400,2400,0,3326,75
06:32:13.337,active,15314,366,5632,16786,-9,95,60.0,57.7,No,2400,2400,0,3309,75
06:32:14.342,active,15322,530,8140,16786,-8,95,59.5,56.9,No,2400,2400,0,3584,125
06:32:15.337,active,15339,482,7388,16786,-9,95,60.6,56.9,No,2400,2400,0,5308,125
06:32:16.337,active,15316,460,8340,16785,-10,95,60.6,58.2,No,2400,2400,0,5437,125
06:32:17.341,active,15350,522,8006,16785,-3,95,61.1,57.8,No,2400,2400,0,5430,125
06:32:18.337,active,15333,484,7446,16785,-6,95,61.7,57.6,No,2400,2400,0,5431,125
06:32:19.338,active,15294,482,7408,16784,-9,95,61.1,57.3,No,2400,2400,0,5415,125
06:32:20.338,active,15350,508,7736,16786,-8,95,61.7,56.4,No,2400,2400,0,5433,125
06:32:21.337,active,15271,880,13484,16785,-7,95,61.1,54.0,No,2400,2400,0,5437,125
06:32:22.338,active,15251,738,11304,16786,-4,95,61.7,52.2,No,2400,2400,0,5441,125
06:32:23.339,active,15256,946,14468,16785,-6,95,62.2,51.9,No,2400,2400,0,5449,125
06:32:24.337,active,15247,720,11034,16786,-5,95,61.7,51.5,No,2400,2400,0,5449,125
06:32:25.337,active,15258,886,12026,16787,-5,95,61.7,52.0,No,2400,2400,0,5454,125
06:32:26.337,active,15234,994,15220,16787,-6,95,61.1,52.4,No,2400,2400,0,5454,125
06:32:27.337,active,15256,852,10088,16786,-6,95,61.7,53.8,No,2400,2400,0,5455,125
06:32:28.339,active,15251,794,12152,16786,-4,95,62.8,56.8,No,2400,2400,0,5463,125
06:32:29.337,active,15266,812,14874,16786,0,95,62.8,57.0,No,2400,2400,0,5460,125
06:32:30.340,active,15296,714,10956,16786,-3,95,62.8,56.7,No,2400,2400,0,5465,125
06:32:31.337,active,15301,668,10976,16786,-4,95,62.2,56.6,No,2400,2400,0,5464,125
06:32:32.337,active,15294,648,9934,16785,-4,95,61.7,57.3,No,2400,2400,0,5473,125
06:32:33.337,active,15292,744,10244,16786,-3,95,63.4,58.9,No,2400,2400,0,5478,125
06:32:34.337,active,15305,766,11748,16786,0,95,63.4,59.0,No,2400,2400,0,5478,125
06:32:35.340,active,15299,694,10996,16788,0,95,63.4,59.0,No,2400,2400,0,5482,125
06:32:36.338,active,15294,808,12384,16788,0,95,62.2,58.1,No,2400,2400,0,5484,125
06:32:37.339,active,15303,776,11902,16788,0,95,62.2,58.4,No,2400,2400,0,5493,125
06:32:38.337,active,15301,746,11440,16786,0,95,63.4,59.1,No,2400,2400,0,5489,125
06:32:39.341,active,15307,712,10918,16787,0,95,63.4,58.6,No,2400,2400,0,5492,125
06:32:40.337,active,15307,522,11748,16787,0,95,63.4,59.6,No,2400,2400,0,5492,125
06:32:41.337,active,15316,454,6964,16787,0,95,62.8,58.6,No,2400,2400,0,5494,125
06:32:42.341,active,15309,532,9432,16788,0,95,61.7,58.0,No,2400,2400,0,5490,125
06:32:43.337,active,15326,434,6674,16788,0,95,62.2,58.0,No,2400,2400,0,5498,125
06:32:44.337,active,15318,482,10186,16788,0,95,64.5,58.9,No,2400,2400,0,5501,125
06:32:45.341,active,15294,456,7002,16786,-3,95,63.9,59.5,No,2400,2400,0,5503,125
06:32:46.337,active,15326,470,8604,16785,-4,95,64.5,58.7,No,2400,2400,0,5492,125
06:32:47.341,active,15305,494,7580,16786,-6,95,62.8,57.8,No,2400,2400,0,5502,125
06:32:48.344,active,15273,452,7194,16786,0,95,62.8,56.6,No,2400,2400,0,5502,125
06:32:49.337,active,15268,900,13774,16788,0,95,61.7,55.2,No,2400,2400,0,5507,125
06:32:50.337,active,15256,744,11420,16787,4,95,62.2,55.1,No,2400,2400,0,5509,125
06:32:51.341,active,15266,926,14160,16787,0,95,62.8,57.5,No,2400,2400,0,5507,125
06:32:52.337,active,15253,688,10552,16787,-3,95,63.4,57.2,No,2400,2400,0,5516,125
06:32:53.338,active,15253,996,10868,16787,0,95,62.2,52.8,No,2400,2400,0,5516,125
06:32:54.337,active,15266,754,11554,16786,0,95,62.8,53.2,No,2400,2400,0,5521,125
06:32:55.337,active,15256,844,10628,16785,-4,95,62.8,55.3,No,2400,2400,0,5507,125
06:32:56.341,active,15247,946,14468,16787,0,95,62.8,53.4,No,2400,2400,0,5518,125
06:32:57.337,active,15238,794,15124,16787,0,95,62.8,53.8,No,2400,2400,0,5515,125
06:32:58.338,active,15301,566,8680,16786,-4,95,62.8,54.9,No,2400,2400,0,5513,125
06:32:59.343,active,15290,440,6790,16785,-4,95,63.4,55.7,No,2400,2400,0,5515,125
06:33:00.337,active,15288,756,11594,16786,0,95,61.7,54.8,No,2400,2400,0,5518,125
06:33:01.341,active,15290,712,10918,16787,0,95,63.4,56.4,No,2400,2400,0,5521,125
06:33:02.341,active,15296,672,10320,16787,-3,95,63.4,52.9,No,2400,2400,0,5525,125
06:33:03.337,active,15294,832,12752,16787,0,95,62.8,54.3,No,2400,2400,0,5525,125
06:33:04.338,active,15290,826,12674,16787,0,95,61.7,53.7,No,2400,2400,0,5523,125
06:33:05.337,active,15292,658,10088,16785,-6,95,61.7,54.7,No,2400,2400,0,5522,125
06:33:06.337,active,15288,720,8238,16787,-3,95,62.8,55.0,No,2400,2400,0,5527,125
06:33:07.337,active,15262,662,10128,16785,-3,95,62.8,52.3,No,2400,2400,0,5530,125
06:33:08.337,sleep,15288,492,7022,16785,-5,95,60.6,34.8,No,2400,2400,0,5542,125
06:33:09.337,sleep,15296,410,6268,16787,6,95,59.0,0.0,No,2400,2400,0,5574,125
06:33:10.337,sleep,15292,438,6964,16788,9,95,59.0,0.2,No,2400,2400,0,5574,125
06:33:11.337,sleep,15286,492,7522,16788,8,95,57.3,0.3,No,2400,2400,0,5568,125
06:33:12.337,sleep,15286,752,8140,16788,9,95,56.8,0.0,No,2400,2400,0,5571,125
06:33:13.337,sleep,15292,364,5594,16788,8,95,56.2,0.0,No,1500,2400,0,5573,125
06:33:14.337,sleep,15292,324,4976,16789,11,95,55.1,0.3,No,1500,2400,0,5584,125
06:33:15.337,sleep,15288,458,7022,16789,10,95,55.6,0.0,No,1500,2400,0,5586,125
06:33:16.337,sleep,15283,506,7754,16789,14,95,52.9,0.0,No,1500,2400,0,4031,75
06:33:17.337,sleep,15290,506,7368,16789,14,95,54.0,0.2,No,1500,2400,0,3527,75
06:33:18.337,sleep,15292,476,7310,16791,15,95,52.4,0.0,No,1500,2400,0,3441,75
06:33:19.337,sleep,15292,574,6114,16791,15,95,52.9,0.3,No,1500,2400,0,3407,75
06:33:20.337,sleep,15290,324,4976,16789,14,95,53.5,-0.0,No,1500,2400,0,3394,75
06:33:21.337,sleep,15290,434,5728,16789,13,95,52.9,0.0,No,1500,2400,0,3393,75
06:33:22.337,sleep,15288,238,3664,16789,15,95,52.4,0.3,No,1500,2400,0,3394,75
06:33:23.337,active,15249,870,11054,16790,12,95,55.1,24.4,No,2400,2400,0,3393,75
06:33:24.337,active,15256,858,13118,16787,-5,95,57.3,53.9,No,2400,2400,0,3356,75
06:33:25.337,active,15294,472,7252,16787,-3,95,57.9,53.1,No,2400,2400,0,3349,75
06:33:26.341,active,15350,434,7272,16787,-5,95,59.0,52.0,No,2400,2400,0,3343,75
06:33:27.338,active,15292,684,10474,16786,-5,95,60.0,54.8,No,2400,2400,0,3328,75
06:33:28.337,active,15296,514,8334,16788,0,95,59.0,52.3,No,2400,2400,0,3302,75
06:33:29.337,active,15292,708,10842,16786,0,95,60.0,55.7,No,2400,2400,0,3303,75
06:33:30.337,active,15294,646,7678,16787,-7,95,60.6,58.2,No,2400,2400,0,4366,125
06:33:31.339,active,15292,728,11170,16788,-7,95,61.1,56.6,No,2400,2400,0,5361,125
06:33:32.341,active,15294,720,11304,16786,-5,95,60.6,57.2,No,2400,2400,0,5428,125
06:33:33.337,active,15290,752,11516,16786,0,95,60.6,56.5,No,2400,2400,0,5435,125
06:33:34.337,active,15307,762,11652,16785,-3,95,61.7,57.4,No,2400,2400,0,5433,125
06:33:35.337,active,15253,692,12638,16785,-4,95,62.2,57.9,No,2400,2400,0,5431,125
06:33:36.337,active,15299,728,11130,16786,-5,95,62.2,56.2,No,2400,2400,0,5432,125
06:33:37.340,active,15266,596,10532,16786,-5,95,62.2,57.7,No,2400,2400,0,5430,125
06:33:38.337,active,15309,674,10320,16785,-6,95,61.1,57.0,No,2400,2400,0,5427,125
06:33:39.337,active,15303,490,12636,16786,0,95,62.8,57.9,No,2400,2400,0,5436,125
06:33:40.337,active,15271,712,10898,16785,-7,95,62.8,57.8,No,2400,2400,0,5441,125
06:33:41.337,active,15318,522,11284,16786,-6,95,62.8,56.8,No,2400,2400,0,5444,125
06:33:42.340,active,15307,668,10262,16786,-6,95,62.8,56.7,No,2400,2400,0,5449,125
06:33:43.340,active,15303,470,10282,16786,-6,95,62.2,56.7,No,2400,2400,0,5457,125
06:33:44.337,active,15307,694,11436,16786,-5,95,61.7,57.7,No,2400,2400,0,5463,125
06:33:45.337,active,15264,744,11400,16785,-6,95,61.7,59.0,No,2400,2400,0,5463,125
06:33:46.341,active,15307,708,10668,16786,-3,95,63.4,59.7,No,2400,2400,0,5460,125
06:33:47.337,active,15262,702,10764,16786,0,95,63.4,59.6,No,2400,2400,0,5466,125
06:33:48.337,active,15288,808,11536,16787,-4,95,63.4,60.3,No,2400,2400,0,5473,125
06:33:49.341,active,15268,736,11304,16787,-7,95,63.4,59.5,No,2400,2400,0,5473,125
06:33:50.337,active,15271,936,11266,16787,-7,95,62.2,57.9,No,2400,2400,0,5471,125
06:33:51.340,active,15283,894,13678,16787,-5,95,63.4,59.0,No,2400,2400,0,5475,125
06:33:52.337,active,15262,894,9934,16785,-4,95,62.8,58.3,No,2400,2400,0,5478,125
06:33:53.339,active,15354,492,7580,16786,-6,95,63.4,59.1,No,2400,2400,0,5482,125
06:33:54.340,active,15294,518,7966,16786,-6,95,62.8,58.8,No,2400,2400,0,5479,125
06:33:55.338,active,15307,490,7504,16786,-5,95,62.8,57.7,No,2400,2400,0,5491,125
06:33:56.337,active,15290,564,8662,16787,-7,95,62.8,58.5,No,2400,2400,0,5490,125
06:33:57.340,active,15290,658,10088,16787,-4,95,63.9,59.8,No,2400,2400,0,5488,125
06:33:58.337,active,15299,454,6982,16785,-6,95,63.4,58.2,No,2400,2400,0,5494,125
06:33:59.341,active,15314,470,7234,16785,0,95,63.4,57.2,No,2400,2400,0,5490,125
06:34:00.338,active,15288,508,7832,16786,0,95,63.4,57.0,No,2400,2400,0,5499,125
06:34:01.337,active,15292,810,12424,16788,0,95,62.8,56.7,No,2400,2400,0,5505,125
06:34:02.337,active,15251,842,12886,16787,0,95,62.2,55.8,No,2400,2400,0,5503,125
06:34:03.344,active,15253,712,11940,16786,0,95,63.9,60.0,No,2400,2400,0,5500,125
06:34:04.337,active,15249,848,12982,16785,-5,95,62.2,54.3,No,2400,2400,0,5508,125
06:34:05.338,active,15260,680,12906,16785,0,95,63.4,51.8,No,2400,2400,0,5514,125
06:34:06.337,active,15256,726,11092,16786,-4,95,62.8,55.3,No,2400,2400,0,5510,125
06:34:07.337,active,15314,652,12674,16787,0,95,63.4,55.0,No,2400,2400,0,5508,125
06:34:08.337,active,15260,732,11208,16787,-4,95,63.4,54.8,No,2400,2400,0,5508,125
06:34:09.337,active,15296,980,11960,16786,0,95,63.4,52.1,No,2400,2400,0,5520,125
06:34:10.338,active,15286,654,10030,16786,0,95,63.9,54.3,No,2400,2400,0,5523,125
06:34:11.341,active,15305,712,10108,16785,-6,95,63.4,56.1,No,2400,2400,0,5517,125
06:34:12.337,active,15303,716,10628,16786,-7,95,63.4,59.1,No,2400,2400,0,5508,125
06:34:13.337,active,15301,776,11882,16785,0,95,62.8,56.6,No,2400,2400,0,5510,125
06:34:14.337,active,15301,724,11478,16786,0,95,63.4,54.0,No,2400,2400,0,5518,125
06:34:15.337,active,15299,750,11478,16785,-6,95,63.9,55.8,No,2400,2400,0,5518,125
06:34:16.338,active,15307,762,11882,16785,-6,95,62.8,54.4,No,2400,2400,0,5518,125
06:34:17.342,active,15262,772,11824,16785,-5,95,62.8,55.1,No,2400,2400,0,5518,125
06:34:18.337,active,15299,670,10726,16787,-3,95,63.4,53.5,No,2400,2400,0,5523,125
06:34:19.341,active,15275,780,11940,16786,0,95,63.9,55.6,No,2400,2400,0,5523,125
06:34:20.341,active,15266,928,10918,16786,-7,95,63.9,53.1,No,2400,2400,0,5527,125
06:34:21.337,active,15346,504,7736,16787,0,95,63.9,53.6,No,2400,2400,0,5528,125
06:34:22.338,active,15299,504,7754,16785,-5,95,63.9,55.8,No,2400,2400,0,5524,125
06:34:23.337,sleep,15299,486,7446,16787,0,95,60.6,39.0,No,2400,2400,0,5537,125
06:34:24.337,sleep,15292,502,7678,16788,10,95,59.0,0.0,No,2400,2400,0,5566,125
06:34:25.337,sleep,15292,514,6610,16789,7,95,58.4,-0.0,No,2400,2400,0,5572,125
06:34:26.337,sleep,15283,490,7522,16788,6,95,57.9,0.0,No,2400,2400,0,5567,125
06:34:27.337,sleep,15292,516,6628,16788,4,95,57.3,0.0,No,2400,2400,0,5562,125
06:34:28.337,sleep,15290,514,7890,16788,9,95,56.2,0.0,No,1500,2400,0,5572,125
06:34:29.337,sleep,15288,388,8008,16788,13,95,55.6,0.2,No,1500,2400,0,5584,125
06:34:30.337,sleep,15290,388,5960,16789,11,95,55.1,0.0,No,1500,2400,0,5584,75
06:34:31.337,sleep,15290,408,3916,16790,14,95,54.5,0.5,No,1500,2400,0,3800,75
06:34:32.337,sleep,15286,296,4552,16790,15,95,54.0,0.0,No,1500,2400,0,3481,75
06:34:33.337,sleep,15292,628,7138,16789,12,95,53.5,0.0,No,1500,2400,0,3435,75
06:34:34.337,sleep,15292,516,7908,16789,11,95,53.5,0.3,No,1500,2400,0,3416,75
06:34:35.337,sleep,15294,604,6520,16788,8,95,52.4,-0.0,No,1500,2400,0,3417,75
06:34:36.337,sleep,15292,168,2564,16790,15,95,53.5,0.3,No,1500,2400,0,3399,75
06:34:37.337,sleep,15294,318,4204,16791,13,95,52.4,0.0,No,1500,2400,0,3394,75
06:34:38.339,active,15256,674,10320,16790,14,95,54.0,22.4,No,2400,2400,0,3385,75
06:34:39.338,active,15294,720,11034,16788,-4,95,56.8,51.4,No,2400,2400,0,3353,75
06:34:40.337,active,15296,724,10784,16786,-7,95,58.4,55.2,No,2400,2400,0,3337,75
06:34:41.337,active,15311,670,10262,16786,-7,95,59.5,57.6,No,2400,2400,0,3326,75
06:34:42.341,active,15296,684,9702,16785,-11,95,59.5,57.2,No,2400,2400,0,3319,75
06:34:43.337,active,15283,736,11284,16786,-5,95,60.6,56.4,No,2400,2400,0,4954,125
06:34:44.338,active,15305,768,11998,16786,-3,95,60.0,57.3,No,2400,2400,0,5416,125
06:34:45.340,active,15271,666,10224,16786,-3,95,60.6,57.9,No,2400,2400,0,5444,125
06:34:46.337,active,15277,928,11072,16786,-3,95,61.7,57.6,No,2400,2400,0,5448,125
06:34:47.341,active,15258,696,10668,16785,-6,95,61.7,57.5,No,2400,2400,0,5441,125
06:34:48.337,active,15354,454,6964,16786,-4,95,63.9,57.3,No,2400,2400,0,5442,125
06:34:49.337,active,15307,472,7252,16787,0,95,61.7,52.5,No,2400,2400,0,5449,125
06:34:50.338,active,15316,760,8448,16786,0,95,61.7,52.1,No,2400,2400,0,5453,125
06:34:51.338,active,15339,536,8236,16787,0,95,61.7,56.0,No,2400,2400,0,5446,125
06:34:52.337,active,15290,478,7408,16786,-3,95,62.2,58.0,No,2400,2400,0,5449,125
06:34:53.341,active,15348,496,7638,16787,0,95,62.8,57.5,No,2400,2400,0,5451,125
06:34:54.337,active,15292,564,8430,16787,-3,95,62.8,56.8,No,2400,2400,0,5459,125
06:34:55.341,active,15290,768,11768,16786,-3,95,62.2,57.0,No,2400,2400,0,5463,125
06:34:56.337,active,15290,684,8178,16786,0,95,61.7,58.6,No,2400,2400,0,5461,125
06:34:57.337,active,15262,708,10860,16786,0,95,62.8,60.0,No,2400,2400,0,5474,125
06:34:58.337,active,15253,954,14622,16786,-4,95,63.4,59.5,No,2400,2400,0,5473,125
06:34:59.337,active,15251,722,13594,16787,0,95,63.4,58.0,No,2400,2400,0,5471,125
06:35:00.340,active,15264,700,10706,16786,-4,95,63.4,58.7,No,2400,2400,0,5479,125
06:35:01.339,active,15258,604,11564,16785,-7,95,62.8,59.7,No,2400,2400,0,5477,125
06:35:02.339,active,15307,860,13156,16787,0,95,62.8,57.9,No,2400,2400,0,5485,125
06:35:03.337,active,15266,642,9818,16786,0,95,62.2,58.1,No,2400,2400,0,5483,125
06:35:04.339,active,15301,800,12210,16787,-5,95,63.4,57.0,No,2400,2400,0,5491,125
06:35:05.340,active,15290,694,10628,16788,0,95,62.8,54.7,No,2400,2400,0,5491,125
06:35:06.337,active,15309,730,11170,16787,-5,95,63.4,57.6,No,2400,2400,0,5487,125
06:35:07.341,active,15296,706,10436,16786,-3,95,62.8,59.0,No,2400,2400,0,5496,125
06:35:08.337,active,15296,730,11208,16786,-3,95,62.8,58.2,No,2400,2400,0,5494,125
06:35:09.337,active,15305,748,11034,16786,-4,95,63.4,58.9,No,2400,2400,0,5492,125
06:35:10.340,active,15271,782,11980,16785,-5,95,63.4,58.5,No,2400,2400,0,5497,125
06:35:11.337,active,15296,730,10952,16787,-5,95,63.4,56.2,No,2400,2400,0,5502,125
06:35:12.341,active,15262,668,10244,16786,0,95,63.4,55.0,No,2400,2400,0,5504,125
06:35:13.343,active,15303,720,10542,16786,-3,95,61.7,54.9,No,2400,2400,0,5500,125
06:35:14.337,active,15264,708,10880,16785,-5,95,63.4,55.8,No,2400,2400,0,5503,125
06:35:15.337,active,15301,794,12192,16786,-4,95,63.4,58.5,No,2400,2400,0,5506,125
06:35:16.341,active,15279,914,14004,16786,-3,95,63.9,54.7,No,2400,2400,0,5510,125
06:35:17.337,active,15348,514,7928,16785,-5,95,63.4,53.5,No,2400,2400,0,5515,125
06:35:18.341,active,15320,452,6944,16785,-3,95,62.8,53.2,No,2400,2400,0,5504,125
06:35:19.337,active,15344,504,7252,16786,-6,95,60.6,54.3,No,2400,2400,0,5508,125
06:35:20.337,active,15337,516,7948,16785,-8,95,62.8,53.9,No,2400,2400,0,5517,125
06:35:21.337,active,15294,736,7504,16785,-7,95,62.8,54.3,No,2400,2400,0,5521,125
06:35:22.337,active,15292,476,7330,16785,-4,95,62.8,53.0,No,2400,2400,0,5520,125
06:35:23.337,active,15294,692,7696,16785,-4,95,62.8,54.8,No,2400,2400,0,5513,125
06:35:24.338,active,15301,678,10398,16786,-6,95,61.7,54.4,No,2400,2400,0,5514,125
06:35:25.337,active,15288,756,7194,16784,-6,95,63.4,56.4,No,2400,2400,0,5521,125
06:35:26.337,active,15271,740,11342,16785,-3,95,63.9,58.2,No,2400,2400,0,5515,125
06:35:27.337,active,15301,956,13812,16786,0,95,63.9,53.1,No,2400,2400,0,5521,125
06:35:28.337,active,15256,696,10648,16787,0,95,63.9,56.9,No,2400,2400,0,5521,125
06:35:29.341,active,15305,436,11980,16787,-5,95,63.4,54.7,No,2400,2400,0,5523,125
06:35:30.337,active,15256,616,9432,16785,-4,95,62.8,52.8,No,2400,2400,0,5523,125
06:35:31.337,active,15299,510,10610,16784,0,95,64.5,56.5,No,2400,2400,0,5518,125
06:35:32.341,active,15301,492,7542,16785,-5,95,64.5,52.6,No,2400,2400,0,5525,125
06:35:33.341,active,15303,506,10378,16784,-6,95,62.8,51.9,No,2400,2400,0,5523,125
06:35:34.337,active,15299,464,7118,16785,-7,95,63.4,53.8,No,2400,2400,0,5528,125
06:35:35.339,active,15260,716,10996,16786,-6,95,63.4,55.3,No,2400,2400,0,5523,125
06:35:36.337,active,15290,782,11980,16786,-6,95,62.8,53.1,No,2400,2400,0,5530,125
06:35:37.337,active,15271,674,10358,16787,0,95,62.8,54.5,No,2400,2400,0,5527,125
06:35:38.337,sleep,15286,496,7600,16786,0,95,60.6,41.8,No,2400,2400,0,5542,125
06:35:39.337,sleep,15290,520,9278,16788,12,95,59.5,0.0,No,2400,2400,0,5573,125
06:35:40.337,sleep,15286,498,7638,16788,10,95,58.4,0.0,No,2400,2400,0,5569,125
06:35:41.337,sleep,15290,504,6462,16788,8,95,57.3,0.3,No,2400,2400,0,5567,125
06:35:42.337,sleep,15286,532,8160,16788,10,95,57.3,0.0,No,2400,2400,0,5549,125
06:35:43.337,sleep,15288,338,6538,16788,8,95,56.2,0.3,No,1500,2400,0,5575,125
06:35:44.337,sleep,15286,396,6076,16790,15,95,56.2,0.0,No,1500,2400,0,5595,125
06:35:45.337,sleep,15288,534,8198,16789,12,95,54.5,0.3,No,1500,2400,0,5586,125
06:35:46.337,sleep,15290,292,4456,16788,9,95,54.0,-0.0,No,1500,2400,0,5059,75
06:35:47.337,sleep,15286,434,6636,16790,13,95,54.5,0.5,No,1500,2400,0,3675,75
06:35:48.337,sleep,15290,426,6538,16790,15,95,54.0,0.0,No,1500,2400,0,3464,75
06:35:49.337,sleep,15288,448,6866,16790,15,95,54.0,0.3,No,1500,2400,0,3436,75
06:35:50.337,sleep,15290,440,6752,16789,15,95,53.5,0.3,No,1500,2400,0,3402,75
06:35:51.337,sleep,15288,260,3992,16788,14,95,53.5,0.0,No,1500,2400,0,3394,75
06:35:52.337,sleep,15288,292,4474,16789,13,95,52.9,0.0,No,1500,2400,0,3390,75
06:35:53.337,active,15299,650,9972,16789,11,95,55.6,20.7,No,2400,2400,0,3402,75
06:35:54.339,active,15305,408,12538,16787,-6,95,57.9,58.4,No,2400,2400,0,3364,75
06:35:55.337,active,15277,748,11440,16788,-3,95,59.0,57.2,No,2400,2400,0,3337,75
06:35:56.340,active,15299,426,9742,16787,-6,95,59.5,57.4,No,2400,2400,0,3316,75
06:35:57.341,active,15307,604,9278,16785,-9,95,60.0,57.1,No,2400,2400,0,3308,125
06:35:58.337,active,15309,498,10552,16785,-10,95,59.5,57.3,No,2400,2400,0,5204,125
06:35:59.337,active,15307,476,7330,16784,-11,95,61.1,58.2,No,2400,2400,0,5444,125
06:36:00.337,active,15318,534,9452,16785,-6,95,60.6,56.8,No,2400,2400,0,5449,125
06:36:01.339,active,15322,448,6886,16786,-7,95,61.7,57.6,No,2400,2400,0,5448,125
06:36:02.338,active,15331,458,7580,16785,-8,95,61.1,56.6,No,2400,2400,0,5449,125
06:36:03.340,active,15305,764,11710,16785,-7,95,61.1,57.9,No,2400,2400,0,5453,125
06:36:04.337,active,15262,714,10956,16785,-5,95,61.1,57.3,No,2400,2400,0,5448,125
06:36:05.341,active,15273,844,12906,16785,-7,95,62.2,58.1,No,2400,2400,0,5437,125
06:36:06.337,active,15268,766,11748,16785,-5,95,63.4,57.5,No,2400,2400,0,5454,125
06:36:07.338,active,15264,942,14430,16786,-6,95,61.7,57.9,No,2400,2400,0,5467,125
06:36:08.341,active,15260,726,11130,16786,-5,95,61.7,58.4,No,2400,2400,0,5473,125
06:36:09.338,active,15266,936,14332,16786,-3,95,61.7,58.8,No,2400,2400,0,5475,125
06:36:10.337,active,15283,876,13406,16785,-5,95,62.8,58.8,No,2400,2400,0,5472,125
06:36:11.341,active,15268,832,12752,16785,-7,95,62.8,59.1,No,2400,2400,0,5481,125
06:36:12.337,active,15268,924,14140,16787,-6,95,62.8,59.6,No,2400,2400,0,5483,125
06:36:13.338,active,15294,734,8834,16786,-5,95,61.7,59.0,No,2400,2400,0,5483,125
06:36:14.341,active,15296,680,10436,16785,-3,95,63.4,57.8,No,2400,2400,0,5484,125
06:36:15.337,active,15296,694,7716,16785,-5,95,62.8,58.2,No,2400,2400,0,5489,125
06:36:16.340,active,15290,662,10166,16786,-4,95,62.8,59.2,No,2400,2400,0,5491,125
06:36:17.337,active,15296,664,11882,16785,-7,95,63.4,59.3,No,2400,2400,0,5485,125
06:36:18.339,active,15296,700,10726,16786,-5,95,62.8,58.8,No,2400,2400,0,5503,125
06:36:19.338,active,15301,756,11112,16785,-3,95,62.8,58.5,No,2400,2400,0,5496,125
06:36:20.341,active,15296,672,10320,16785,-3,95,62.8,58.1,No,2400,2400,0,5491,125
06:36:21.337,active,15307,660,10764,16785,-3,95,63.9,58.7,No,2400,2400,0,5499,125
06:36:22.337,active,15305,674,10340,16784,0,95,63.4,55.2,No,2400,2400,0,5504,125
06:36:23.337,active,15303,718,10976,16788,0,95,62.8,54.2,No,2400,2400,0,5508,125
06:36:24.338,active,15305,406,6250,16787,0,95,62.8,54.4,No,2400,2400,0,5511,125
06:36:25.341,active,15301,580,8874,16787,0,95,62.8,54.2,No,2400,2400,0,5510,125
06:36:26.337,active,15318,526,8064,16785,0,95,63.4,56.9,No,2400,2400,0,5510,125
06:36:27.337,active,15303,504,7716,16786,-4,95,62.8,54.8,No,2400,2400,0,5509,125
06:36:28.337,active,15303,508,7812,16785,0,95,62.8,52.3,No,2400,2400,0,5510,125
06:36:29.337,active,15309,546,8392,16786,-3,95,62.8,51.5,No,2400,2400,0,5512,125
06:36:30.341,active,15307,468,7194,16785,-4,95,62.8,51.3,No,2400,2400,0,5515,125
06:36:31.343,active,15296,730,11208,16785,-6,95,61.7,51.4,No,2400,2400,0,5521,125
06:36:32.337,active,15303,680,11150,16786,0,95,62.8,51.8,No,2400,2400,0,5529,125
06:36:33.337,active,15296,616,9452,16786,0,95,62.8,52.3,No,2400,2400,0,5523,125
06:36:34.341,active,15260,976,10996,16785,-5,95,63.9,54.6,No,2400,2400,0,5520,125
06:36:35.337,active,15258,848,12982,16785,-4,95,63.4,53.4,No,2400,2400,0,5530,125
06:36:36.338,active,15266,982,11652,16787,0,95,62.2,55.2,No,2400,2400,0,5520,125
06:36:37.337,active,15305,766,11748,16786,0,95,62.2,55.2,No,2400,2400,0,5524,125
06:36:38.337,active,15275,828,12018,16787,4,95,63.4,53.7,No,2400,2400,0,5521,125
06:36:39.337,active,15268,848,12982,16787,3,95,63.4,54.4,No,2400,2400,0,5528,125
06:36:40.337,active,15260,810,14218,16786,0,95,63.4,53.2,No,2400,2400,0,5520,125
06:36:41.338,active,15299,522,8024,16786,-3,95,62.8,55.6,No,2400,2400,0,5517,125
06:36:42.342,active,15286,436,6712,16787,0,95,62.2,55.1,No,2400,2400,0,5526,125
06:36:43.337,active,15296,662,10146,16788,0,95,62.2,52.5,No,2400,2400,0,5524,125
06:36:44.337,active,15292,508,7812,16788,0,95,62.8,52.3,No,2400,2400,0,5530,125
06:36:45.337,active,15290,736,11266,16786,0,95,62.8,52.1,No,2400,2400,0,5530,125
06:36:46.337,active,15299,774,11864,16785,0,95,62.8,53.8,No,2400,2400,0,5524,125
06:36:47.341,active,15294,736,11284,16784,-4,95,63.4,53.6,No,2400,2400,0,5530,125
06:36:48.337,active,15296,684,10494,16786,0,95,62.8,57.0,No,2400,2400,0,5530,125
06:36:49.337,active,15296,662,10146,16786,0,95,61.7,53.0,No,2400,2400,0,5529,125
06:36:50.341,active,15275,654,10012,16786,0,95,63.4,56.8,No,2400,2400,0,5520,125
06:36:51.337,active,15309,510,13002,16785,0,95,63.4,56.5,No,2400,2400,0,5536,125
06:36:52.337,active,15305,680,10416,16785,-4,95,63.9,56.3,No,2400,2400,0,5528,125
06:36:53.337,sleep,15296,470,6790,16785,0,95,60.6,45.4,No,2400,2400,0,5548,125
06:36:54.337,sleep,15294,470,7214,16788,9,95,59.5,-0.0,No,2400,2400,0,5574,125
06:36:55.337,sleep,15290,468,6866,16788,8,95,58.4,0.3,No,2400,2400,0,5581,125
06:36:56.337,sleep,15292,508,7792,16788,9,95,57.9,-0.0,No,2400,2400,0,5564,125
06:36:57.337,sleep,15296,510,7466,16788,9,95,56.8,0.3,No,2400,2400,0,5572,125
06:36:58.337,sleep,15296,562,8604,16788,12,95,56.2,0.0,No,1500,2400,0,5577,125
06:36:59.337,sleep,15290,508,7774,16789,15,95,55.1,0.3,No,1500,2400,0,5597,125
06:37:00.337,sleep,15288,528,8082,16790,15,95,55.1,0.0,No,1500,2400,0,4394,75
06:37:01.337,sleep,15290,354,5440,16790,14,95,54.5,0.3,No,1500,2400,0,3569,75
06:37:02.337,sleep,15292,356,5478,16790,16,95,54.0,-0.0,No,1500,2400,0,3443,75
06:37:03.337,sleep,15283,352,5150,16789,18,95,52.9,0.3,No,1500,2400,0,3437,75
06:37:04.337,sleep,15288,446,6828,16790,16,95,53.5,0.0,No,1500,2400,0,3425,75
06:37:05.337,sleep,15286,496,6520,16790,18,95,53.5,0.3,No,1500,2400,0,3414,75
06:37:06.337,sleep,15288,396,6076,16791,18,95,52.9,0.0,No,1500,2400,0,3414,75
06:37:07.337,sleep,15286,554,8082,16790,16,95,51.2,0.5,No,1500,2400,0,3381,75
06:37:08.339,active,15253,874,13368,16790,15,95,55.6,18.6,No,2400,2400,0,3380,75
06:37:09.337,active,15294,506,7792,16787,0,95,57.3,52.0,No,2400,2400,0,3344,75
06:37:10.340,active,15296,672,7740,16786,-5,95,57.9,56.2,No,2400,2400,0,3313,75
06:37:11.337,active,15299,700,10726,16787,-5,95,58.4,57.0,No,2400,2400,0,3308,75
06:37:12.341,active,15303,658,10088,16787,0,95,60.6,57.8,No,2400,2400,0,3324,75
06:37:13.341,active,15294,768,11768,16787,-6,95,60.6,57.1,No,2400,2400,0,3631,125
06:37:14.337,active,15299,776,11922,16787,-4,95,60.6,57.7,No,2400,2400,0,5306,125
06:37:15.337,active,15303,724,11092,16785,-6,95,60.0,57.1,No,2400,2400,0,5431,125
06:37:16.338,active,15299,734,11266,16784,-5,95,61.1,58.2,No,2400,2400,0,5442,125
06:37:17.341,active,15275,702,10764,16786,-4,95,62.2,57.9,No,2400,2400,0,5440,125
06:37:18.341,active,15316,466,10590,16786,-5,95,61.7,57.6,No,2400,2400,0,5440,125
06:37:19.337,active,15309,470,7214,16786,-4,95,62.2,57.7,No,2400,2400,0,5440,125
06:37:20.344,active,15314,554,9722,16785,-6,95,61.7,58.4,No,2400,2400,0,5440,125
06:37:21.338,active,15307,544,8372,16785,0,95,61.1,57.7,No,2400,2400,0,5444,125
06:37:22.337,active,15322,474,10668,16786,0,95,61.7,58.7,No,2400,2400,0,5450,125
06:37:23.337,active,15307,464,7118,16787,0,95,63.4,59.6,No,2400,2400,0,5449,125
06:37:24.337,active,15333,496,7542,16787,0,95,62.2,58.8,No,2400,2400,0,5462,125
06:37:25.339,active,15314,514,7890,16786,-4,95,62.8,59.0,No,2400,2400,0,5464,125
06:37:26.337,active,15337,470,7022,16785,-7,95,62.8,58.4,No,2400,2400,0,5464,125
06:37:27.337,active,15279,922,14102,16785,-7,95,61.7,58.4,No,2400,2400,0,5476,125
06:37:28.337,active,15275,720,11054,16786,-6,95,62.2,59.6,No,2400,2400,0,5470,125
06:37:29.337,active,15264,878,13446,16785,-5,95,63.4,58.5,No,2400,2400,0,5473,125
06:37:30.337,active,15268,748,11440,16785,-7,95,62.8,58.3,No,2400,2400,0,5462,125
06:37:31.341,active,15264,920,14082,16786,-5,95,63.4,58.4,No,2400,2400,0,5476,125
06:37:32.341,active,15283,902,13812,16787,-3,95,62.8,58.2,No,2400,2400,0,5489,125
06:37:33.337,active,15262,830,12712,16786,-6,95,62.8,57.4,No,2400,2400,0,5480,125
06:37:34.337,active,15258,840,12866,16785,-8,95,62.8,56.8,No,2400,2400,0,5482,125
06:37:35.341,active,15251,952,14564,16785,-5,95,62.8,55.2,No,2400,2400,0,5492,125
06:37:36.341,active,15238,898,13734,16785,-4,95,63.4,54.5,No,2400,2400,0,5499,125
06:37:37.338,active,15292,534,7870,16785,-3,95,63.4,54.5,No,2400,2400,0,5493,125
06:37:38.343,active,15301,668,10244,16786,0,95,62.2,56.9,No,2400,2400,0,5497,125
06:37:39.337,active,15301,784,6886,16785,-9,95,61.7,52.7,No,2400,2400,0,5500,125
06:37:40.337,active,15296,648,9934,16785,-4,95,62.8,52.3,No,2400,2400,0,5501,125
06:37:41.341,active,15290,708,8120,16785,0,95,63.9,51.9,No,2400,2400,0,5500,125
06:37:42.338,active,15303,742,11362,16784,-5,95,62.8,52.4,No,2400,2400,0,5514,125
06:37:43.338,active,15309,744,11072,16785,-4,95,62.8,56.6,No,2400,2400,0,5497,125
06:37:44.337,active,15303,712,10898,16786,-4,95,62.2,55.1,No,2400,2400,0,5512,125
06:37:45.337,active,15296,696,10166,16785,-4,95,63.4,54.0,No,2400,2400,0,5518,125
06:37:46.341,active,15299,460,7040,16785,-4,95,62.8,55.0,No,2400,2400,0,5518,125
06:37:47.337,active,15305,722,10532,16786,0,95,62.2,52.7,No,2400,2400,0,5514,125
06:37:48.337,active,15303,490,7504,16786,0,95,61.7,51.7,No,2400,2400,0,5515,125
06:37:49.342,active,15309,460,7194,16786,0,95,62.2,51.7,No,2400,2400,0,5513,125
06:37:50.337,active,15305,490,7522,16786,-3,95,62.2,52.1,No,2400,2400,0,5516,125
06:37:51.337,active,15311,510,7832,16785,-4,95,62.2,52.3,No,2400,2400,0,5518,125
06:37:52.341,active,15305,534,8198,16785,0,95,62.8,51.8,No,2400,2400,0,5520,125
06:37:53.337,active,15346,474,7292,16785,-4,95,63.4,52.1,No,2400,2400,0,5522,125
06:37:54.341,active,15348,502,7716,16785,-5,95,63.4,55.7,No,2400,2400,0,5515,125
06:37:55.337,active,15253,700,10744,16785,-5,95,61.1,54.3,No,2400,2400,0,5526,125
06:37:56.338,active,15288,694,13022,16784,-11,95,63.4,54.7,No,2400,2400,0,5527,125
06:37:57.338,active,15264,892,13658,16784,-6,95,63.4,55.9,No,2400,2400,0,5523,125
06:37:58.337,active,15266,892,11304,16785,-8,95,63.4,55.5,No,2400,2400,0,5513,125
06:37:59.338,active,15251,718,11014,16786,-6,95,62.8,54.2,No,2400,2400,0,5521,125
06:38:00.342,active,15279,818,11768,16786,-7,95,63.4,56.4,No,2400,2400,0,5525,125
06:38:01.337,active,15271,686,10514,16786,-5,95,63.4,57.8,No,2400,2400,0,5522,125
06:38:02.341,active,15262,776,12172,16784,-5,95,63.9,56.3,No,2400,2400,0,5525,125
06:38:03.341,active,15266,714,10938,16783,-7,95,63.4,58.1,No,2400,2400,0,5524,125
06:38:04.337,active,15303,774,13832,16784,-7,95,63.9,58.2,No,2400,2400,0,5521,125
06:38:05.338,active,15299,748,11478,16785,-5,95,63.9,57.4,No,2400,2400,0,5526,125
06:38:06.338,active,15296,776,11902,16786,-3,95,62.2,57.3,No,2400,2400,0,5524,125
06:38:07.337,active,15303,666,10204,16784,-7,95,63.4,58.4,No,2400,2400,0,5527,125
06:38:08.337,sleep,15294,486,7466,16785,-6,95,60.6,46.4,No,2400,2400,0,5536,125
06:38:09.337,sleep,15294,478,7330,16787,10,95,59.0,0.3,No,2400,2400,0,5578,125
06:38:10.337,sleep,15294,316,7678,16788,13,95,58.4,0.0,No,2400,2400,0,5573,125
06:38:11.337,sleep,15288,468,7176,16788,6,95,57.9,0.0,No,2400,2400,0,5568,125
06:38:12.337,sleep,15286,430,7542,16788,8,95,56.8,0.3,No,2400,2400,0,5566,125
06:38:13.337,sleep,15288,498,7638,16787,6,95,57.3,0.0,No,1500,2400,0,5571,125
06:38:14.337,sleep,15288,562,8622,16787,11,95,55.1,0.2,No,1500,2400,0,5581,125
06:38:15.337,sleep,15290,584,7678,16788,13,95,54.5,0.0,No,1500,2400,0,5585,125
06:38:16.337,sleep,15296,614,9432,16788,15,95,54.5,0.0,No,1500,2400,0,4044,75
06:38:17.337,sleep,15290,556,3530,16790,13,95,54.0,-0.0,No,1500,2400,0,3510,75
06:38:18.337,sleep,15299,490,7522,16790,11,95,53.5,0.3,No,1500,2400,0,3441,75
06:38:19.337,sleep,15296,428,8352,16790,15,95,53.5,0.0,No,1500,2400,0,3414,75
06:38:20.337,sleep,15290,556,8546,16790,15,95,53.5,0.3,No,1500,2400,0,3416,75
06:38:21.337,sleep,15286,466,8006,16789,14,95,52.9,0.0,No,1500,2400,0,3409,75
06:38:22.337,sleep,15292,576,8834,16789,14,95,52.9,0.0,No,1500,2400,0,3412,75
06:38:23.337,active,15283,750,8506,16789,13,95,55.1,16.6,No,2400,2400,0,3392,75
06:38:24.337,active,15260,924,14120,16787,-4,95,57.3,58.7,No,2400,2400,0,3354,75
06:38:25.337,active,15258,570,11478,16785,-6,95,57.9,56.9,No,2400,2400,0,3338,75
06:38:26.337,active,15264,904,13832,16785,-5,95,59.0,56.7,No,2400,2400,0,3327,75
06:38:27.340,active,15279,980,14004,16785,-7,95,60.0,57.3,No,2400,2400,0,4536,125
06:38:28.338,active,15268,876,13388,16785,-5,95,60.0,57.3,No,2400,2400,0,5386,125
06:38:29.337,active,15262,936,14120,16785,-7,95,60.0,58.2,No,2400,2400,0,5446,125
06:38:30.337,active,15253,970,14834,16786,-5,95,60.6,56.8,No,2400,2400,0,5449,125
06:38:31.337,active,15251,840,12712,16785,-4,95,61.1,54.4,No,2400,2400,0,5451,125
06:38:32.337,active,15339,490,6326,16784,-9,95,61.1,54.3,No,2400,2400,0,5451,125
06:38:33.338,active,15296,700,10744,16784,-10,95,62.2,55.0,No,2400,2400,0,5462,125
06:38:34.337,active,15303,778,10148,16785,-11,95,60.6,58.4,No,2400,2400,0,5444,125
06:38:35.337,active,15299,696,10668,16785,-8,95,61.1,59.5,No,2400,2400,0,5445,125
06:38:36.341,active,15294,662,8738,16785,-7,95,63.4,58.2,No,2400,2400,0,5453,125
06:38:37.337,active,15299,714,10956,16784,-9,95,62.2,59.8,No,2400,2400,0,5457,125
06:38:38.337,active,15296,694,10996,16785,-11,95,61.7,59.1,No,2400,2400,0,5458,125
06:38:39.341,active,15303,724,11112,16786,-3,95,61.7,58.5,No,2400,2400,0,5460,125
06:38:40.337,active,15299,724,10880,16785,-7,95,62.2,59.2,No,2400,2400,0,5461,125
06:38:41.340,active,15294,688,10552,16785,-3,95,62.2,59.0,No,2400,2400,0,5463,125
06:38:42.337,active,15311,684,10456,16785,0,95,63.9,58.8,No,2400,2400,0,5472,125
06:38:43.339,active,15316,506,7754,16784,-4,95,62.8,58.2,No,2400,2400,0,5475,125
06:38:44.337,active,15320,512,7850,16785,-3,95,62.8,58.0,No,2400,2400,0,5478,125
06:38:45.337,active,15305,480,7368,16786,-3,95,61.7,58.3,No,2400,2400,0,5473,125
06:38:46.337,active,15322,420,6424,16787,-3,95,62.2,55.7,No,2400,2400,0,5477,125
06:38:47.337,active,15307,484,7426,16787,0,95,62.8,55.1,No,2400,2400,0,5485,125
06:38:48.337,active,15316,512,7850,16786,0,95,63.4,54.5,No,2400,2400,0,5493,125
06:38:49.341,active,15324,478,7350,16786,0,95,62.2,56.6,No,2400,2400,0,5492,125
06:38:50.338,active,15324,458,7040,16786,0,95,62.8,53.2,No,2400,2400,0,5499,125
06:38:51.337,active,15303,704,11130,16787,0,95,61.1,52.8,No,2400,2400,0,5504,125
06:38:52.337,active,15305,708,10860,16787,0,95,62.2,52.3,No,2400,2400,0,5503,125
06:38:53.341,active,15264,896,10532,16786,0,95,62.2,52.2,No,2400,2400,0,5499,125
06:38:54.341,active,15301,714,10956,16787,0,95,62.8,51.4,No,2400,2400,0,5497,125
06:38:55.338,active,15260,872,10590,16785,0,95,62.8,52.2,No,2400,2400,0,5501,125
06:38:56.343,active,15273,876,13406,16785,-4,95,62.8,54.5,No,2400,2400,0,5501,125
06:38:57.337,active,15256,846,10416,16785,0,95,62.2,53.9,No,2400,2400,0,5504,125
06:38:58.337,active,15260,852,13022,16787,0,95,62.8,54.8,No,2400,2400,0,5505,125
06:38:59.341,active,15268,786,15162,16787,0,95,62.8,57.0,No,2400,2400,0,5506,125
06:39:00.337,active,15294,706,10822,16786,0,95,62.8,56.6,No,2400,2400,0,5510,125
06:39:01.338,active,15294,546,8410,16787,0,95,62.2,54.8,No,2400,2400,0,5506,125
06:39:02.337,active,15296,656,10070,16786,0,95,61.7,54.8,No,2400,2400,0,5512,125
06:39:03.337,active,15292,560,8604,16786,3,95,63.4,52.6,No,2400,2400,0,5509,125
06:39:04.338,active,15290,782,11998,16787,0,95,63.4,52.4,No,2400,2400,0,5515,125
06:39:05.338,active,15299,690,10590,16788,3,95,62.8,51.9,No,2400,2400,0,5523,125
06:39:06.338,active,15294,778,11940,16788,3,95,62.8,55.7,No,2400,2400,0,5511,125
06:39:07.342,active,15299,778,11940,16787,0,95,62.2,55.6,No,2400,2400,0,5516,125
06:39:08.337,active,15292,650,9972,16786,3,95,62.2,54.0,No,2400,2400,0,5510,125
06:39:09.337,active,15303,720,11054,16786,0,95,62.8,52.8,No,2400,2400,0,5518,125
06:39:10.341,active,15324,484,10456,16786,0,95,63.4,55.8,No,2400,2400,0,5515,125
06:39:11.337,active,15301,518,7948,16784,-5,95,62.8,56.2,No,2400,2400,0,5506,125
06:39:12.341,active,15311,514,9548,16785,0,95,61.7,53.3,No,2400,2400,0,5518,125
06:39:13.337,active,15307,496,7620,16786,0,95,61.7,55.1,No,2400,2400,0,5513,125
06:39:14.337,active,15318,514,7832,16786,0,95,63.4,55.2,No,2400,2400,0,5525,125
06:39:15.338,active,15303,474,7272,16786,0,95,63.4,56.0,No,2400,2400,0,5521,125
06:39:16.337,active,15320,552,6848,16787,0,95,63.4,56.6,No,2400,2400,0,5524,125
06:39:17.339,active,15331,586,8990,16786,0,95,63.4,57.3,No,2400,2400,0,5516,125
06:39:18.342,active,15331,474,7638,16785,0,95,62.2,56.8,No,2400,2400,0,5511,125
06:39:19.337,active,15275,842,12906,16786,0,95,63.4,58.3,No,2400,2400,0,5519,125
06:39:20.337,active,15273,876,13406,16785,0,95,63.4,58.7,No,2400,2400,0,5506,125
06:39:21.337,active,15256,866,13252,16786,0,95,63.4,56.4,No,2400,2400,0,5519,125
06:39:22.337,active,15273,752,11498,16787,0,95,63.4,57.2,No,2400,2400,0,5523,125
06:39:23.337,sleep,15292,496,7620,16786,0,95,61.1,47.1,No,2400,2400,0,5541,125
06:39:24.337,sleep,15281,502,7350,16788,13,95,59.5,0.3,No,2400,2400,0,5576,125
06:39:25.337,sleep,15288,450,6886,16788,13,95,58.4,0.3,No,2400,2400,0,5566,125
06:39:26.337,sleep,15290,500,7156,16788,12,95,57.9,-0.0,No,2400,2400,0,5572,125
06:39:27.337,sleep,15286,476,7292,16789,14,95,57.9,0.0,No,2400,2400,0,5564,125
06:39:28.337,sleep,15299,518,7928,16790,14,95,56.8,0.3,No,1500,2400,0,5563,125
06:39:29.337,sleep,15290,410,4340,16789,16,95,55.6,0.3,No,1500,2400,0,5581,125
06:39:30.337,sleep,15290,528,8082,16788,13,95,55.1,0.0,No,1500,2400,0,5593,125
06:39:31.337,sleep,15290,428,6192,16789,15,95,54.0,-0.0,No,1500,2400,0,5595,75
06:39:32.337,sleep,15292,394,6056,16788,17,95,54.0,0.3,No,1500,2400,0,3824,75
06:39:33.337,sleep,15288,448,6520,16791,20,95,53.5,0.0,No,1500,2400,0,3470,75
06:39:34.337,sleep,15288,394,6056,16790,18,95,53.5,0.3,No,1500,2400,0,3414,75
06:39:35.337,sleep,15294,368,6944,16791,17,95,52.9,0.0,No,1500,2400,0,3409,75
06:39:36.337,sleep,15294,430,6596,16790,16,95,52.9,0.0,No,1500,2400,0,3406,75
06:39:37.337,sleep,15290,526,7376,16790,18,95,52.9,0.3,No,1500,2400,0,3402,75
06:39:38.337,active,15290,652,9992,16790,16,95,55.1,15.9,No,2400,2400,0,3396,75
06:39:39.337,active,15320,496,9318,16786,-3,95,57.9,57.8,No,2400,2400,0,3360,75
06:39:40.340,active,15307,458,7040,16787,-3,95,57.9,59.6,No,2400,2400,0,3345,75
06:39:41.337,active,15352,480,6732,16786,0,95,59.0,58.6,No,2400,2400,0,3335,75
06:39:42.337,active,15320,510,7832,16786,0,95,60.6,58.5,No,2400,2400,0,3332,75
06:39:43.341,active,15341,470,7484,16786,0,95,59.5,58.9,No,2400,2400,0,4947,125
06:39:44.337,active,15324,510,7850,16786,0,95,60.0,59.7,No,2400,2400,0,5422,125
06:39:45.341,active,15344,448,8064,16787,0,95,61.1,58.3,No,2400,2400,0,5456,125
06:39:46.340,active,15333,492,7562,16787,0,95,60.6,58.4,No,2400,2400,0,5449,125
06:39:47.337,active,15281,876,13406,16787,-3,95,61.1,60.5,No,2400,2400,0,5441,125
06:39:48.341,active,15268,840,12848,16785,-7,95,61.7,59.5,No,2400,2400,0,5444,125
06:39:49.337,active,15277,742,11382,16785,-7,95,62.2,59.2,No,2400,2400,0,5450,125
06:39:50.339,active,15258,834,12770,16785,-4,95,62.2,58.7,No,2400,2400,0,5447,125
06:39:51.337,active,15258,960,14700,16785,0,95,61.1,58.7,No,2400,2400,0,5453,125
06:39:52.338,active,15277,764,11710,16787,0,95,61.1,58.3,No,2400,2400,0,5449,125
06:39:53.337,active,15256,844,12924,16788,0,95,61.1,57.2,No,2400,2400,0,5467,125
06:39:54.337,active,15256,872,13330,16787,0,95,62.2,55.3,No,2400,2400,0,5470,125
06:39:55.337,active,15243,918,14044,16786,0,95,62.2,54.2,No,2400,2400,0,5473,125
06:39:56.338,active,15303,758,7620,16785,0,95,61.7,54.5,No,2400,2400,0,5474,125
06:39:57.342,active,15303,514,7890,16786,-3,95,62.8,57.5,No,2400,2400,0,5476,125
06:39:58.337,active,15294,740,7562,16787,-3,95,61.7,54.9,No,2400,2400,0,5491,125
06:39:59.337,active,15292,682,10474,16787,0,95,62.2,55.2,No,2400,2400,0,5493,125
06:40:00.341,active,15299,686,10358,16787,-5,95,62.8,57.1,No,2400,2400,0,5497,125
06:40:01.337,active,15296,826,12674,16786,0,95,62.8,57.0,No,2400,2400,0,5485,125
06:40:02.341,active,15299,716,10590,16784,-4,95,63.4,53.9,No,2400,2400,0,5486,125
06:40:03.343,active,15292,702,10764,16785,-4,95,61.7,52.7,No,2400,2400,0,5488,125
06:40:04.337,active,15311,724,10686,16786,-3,95,62.8,52.8,No,2400,2400,0,5492,125
06:40:05.341,active,15299,674,10340,16787,-6,95,62.2,56.8,No,2400,2400,0,5491,125
06:40:06.337,active,15337,530,8140,16786,0,95,62.8,57.2,No,2400,2400,0,5490,125
06:40:07.337,active,15305,476,7330,16786,0,95,63.4,53.4,No,2400,2400,0,5497,125
06:40:08.338,active,15314,520,7966,16785,-8,95,62.8,57.7,No,2400,2400,0,5500,125
06:40:09.337,active,15339,504,7754,16786,-3,95,62.2,54.1,No,2400,2400,0,5501,125
06:40:10.337,active,15316,496,7620,16785,-4,95,62.2,58.8,No,2400,2400,0,5503,125
06:40:11.341,active,15350,550,8448,16786,0,95,63.4,57.8,No,2400,2400,0,5504,125
06:40:12.337,active,15333,564,8662,16785,-4,95,63.4,55.0,No,2400,2400,0,5501,125
06:40:13.337,active,15316,448,6886,16785,-4,95,62.8,57.5,No,2400,2400,0,5514,125
06:40:14.343,active,15296,496,7620,16786,0,95,62.2,55.5,No,2400,2400,0,5505,125
06:40:15.337,active,15264,984,10706,16784,-7,95,61.7,53.1,No,2400,2400,0,5511,125
06:40:16.337,active,15253,656,10070,16784,-5,95,62.2,52.7,No,2400,2400,0,5512,125
06:40:17.337,active,15258,946,11728,16786,-3,95,63.4,51.9,No,2400,2400,0,5514,125
06:40:18.337,active,15247,910,13928,16787,-4,95,62.8,51.7,No,2400,2400,0,5512,125
06:40:19.341,active,15256,896,11170,16786,-5,95,62.2,51.5,No,2400,2400,0,5518,125
06:40:20.337,active,15249,934,14294,16786,0,95,61.7,51.5,No,2400,2400,0,5517,125
06:40:21.337,active,15266,782,14410,16785,0,95,62.2,53.6,No,2400,2400,0,5515,125
06:40:22.337,active,15264,730,11188,16787,0,95,63.4,54.6,No,2400,2400,0,5517,125
06:40:23.337,active,15260,696,10802,16788,0,95,63.4,55.3,No,2400,2400,0,5518,125
06:40:24.338,active,15292,662,10166,16787,0,95,62.2,54.3,No,2400,2400,0,5521,125
06:40:25.342,active,15301,684,11130,16787,-6,95,62.8,56.4,No,2400,2400,0,5526,125
06:40:26.337,active,15299,720,11034,16785,0,95,62.2,56.1,No,2400,2400,0,5514,125
06:40:27.338,active,15299,724,11170,16785,0,95,63.9,58.8,No,2400,2400,0,5517,125
06:40:28.341,active,15294,744,11420,16786,0,95,63.4,56.9,No,2400,2400,0,5534,125
06:40:29.337,active,15307,722,11612,16786,0,95,63.4,58.0,No,2400,2400,0,5528,125
06:40:30.338,active,15301,724,11112,16787,0,95,63.4,56.5,No,2400,2400,0,5518,125
06:40:31.338,active,15303,744,10610,16785,-3,95,62.2,56.5,No,2400,2400,0,5513,125
06:40:32.337,active,15301,658,10108,16787,0,95,63.9,57.5,No,2400,2400,0,5518,125
06:40:33.341,active,15303,814,12308,16786,0,95,62.8,58.7,No,2400,2400,0,5523,125
06:40:34.337,active,15316,494,7600,16787,0,95,63.4,56.9,No,2400,2400,0,5522,125
06:40:35.337,active,15322,474,7272,16787,0,95,63.4,57.3,No,2400,2400,0,5524,125
06:40:36.344,active,15324,564,8662,16786,3,95,63.4,57.4,No,2400,2400,0,5526,125
06:40:37.337,active,15303,508,7792,16787,0,95,63.9,57.1,No,2400,2400,0,5521,125
06:40:38.337,sleep,15286,552,7936,16787,0,95,61.1,50.0,No,2400,2400,0,5525,125
06:40:39.337,sleep,15294,484,7426,16789,15,95,59.5,0.0,No,2400,2400,0,5562,125
06:40:40.337,sleep,15290,500,8426,16788,11,95,59.0,-0.0,No,2400,2400,0,5564,125
06:40:41.337,sleep,15294,472,7234,16790,9,95,57.9,0.3,No,2400,2400,0,5568,125
06:40:42.337,sleep,15288,434,8702,16788,13,95,56.8,0.0,No,2400,2400,0,5568,125
06:40:43.337,sleep,15296,412,6326,16788,16,95,56.2,0.3,No,2400,2400,0,5576,125
06:40:44.337,sleep,15290,380,7736,16790,14,95,55.6,0.0,No,1500,2400,0,5582,125
06:40:45.337,sleep,15290,522,8024,16790,12,95,55.1,0.2,No,1500,2400,0,5038,75
06:40:46.337,sleep,15288,534,3954,16789,16,95,54.5,0.0,No,1500,2400,0,3672,75
06:40:47.337,sleep,15290,444,6810,16789,16,95,54.0,0.5,No,1500,2400,0,3461,75
06:40:48.337,sleep,15292,562,5806,16789,14,95,54.0,-0.0,No,1500,2400,0,3428,75
06:40:49.337,sleep,15286,514,7870,16791,16,95,52.9,0.0,No,1500,2400,0,3394,75
06:40:50.337,sleep,15296,582,7426,16790,17,95,52.9,0.3,No,1500,2400,0,3403,75
06:40:51.337,sleep,15296,576,8834,16791,16,95,52.4,0.3,No,1500,2400,0,3410,75
06:40:52.337,sleep,15288,364,5594,16791,17,95,53.5,0.0,No,1500,2400,0,3402,75
06:40:53.337,active,15281,660,9664,16790,15,95,54.0,13.5,No,2400,2400,0,3394,75
06:40:54.337,active,15305,710,10880,16785,-4,95,56.8,59.0,No,2400,2400,0,3347,75
06:40:55.337,active,15292,740,7620,16788,0,95,57.3,55.2,No,2400,2400,0,3337,75
06:40:56.337,active,15294,680,10416,16788,4,95,58.4,54.6,No,2400,2400,0,3334,75
06:40:57.337,active,15294,694,6828,16788,-3,95,60.0,54.2,No,2400,2400,0,3326,75
06:40:58.341,active,15299,748,11478,16787,0,95,60.0,54.3,No,2400,2400,0,3315,75
06:40:59.337,active,15296,692,10300,16785,-5,95,59.0,53.9,No,2400,2400,0,3311,75
06:41:00.337,active,15294,660,10128,16787,0,95,59.5,54.9,No,2400,2400,0,3305,75
06:41:01.337,active,15307,766,11710,16787,0,95,61.1,55.1,No,2400,2400,0,3299,75
06:41:02.337,active,15301,518,7948,16788,0,95,60.6,54.3,No,2400,2400,0,3287,75
06:41:03.338,active,15324,698,10706,16788,0,95,60.6,58.1,No,2400,2400,0,5053,125
06:41:04.338,active,15307,596,9144,16787,0,95,60.0,59.0,No,2400,2400,0,5384,125
06:41:05.337,active,15337,460,6770,16787,0,95,61.7,59.0,No,2400,2400,0,5406,125
06:41:06.337,active,15311,492,7562,16787,0,95,61.1,54.9,No,2400,2400,0,5415,125
06:41:07.337,active,15331,482,7446,16785,0,95,60.6,55.3,No,2400,2400,0,5410,125
06:41:08.337,active,15314,566,8680,16787,0,95,61.7,54.1,No,2400,2400,0,5415,125
06:41:09.341,active,15333,268,6828,16787,-3,95,61.7,55.4,No,2400,2400,0,5403,125
06:41:10.337,active,15326,516,7928,16788,0,95,60.6,54.0,No,2400,2400,0,5406,125
06:41:11.337,active,15253,670,10262,16787,0,95,61.7,55.1,No,2400,2400,0,5419,125
06:41:12.337,active,15258,898,11536,16787,0,95,62.2,56.6,No,2400,2400,0,5427,125
06:41:13.337,active,15256,748,11458,16787,0,95,62.2,54.0,No,2400,2400,0,5430,125
06:41:14.338,active,15256,886,10610,16787,0,95,61.1,51.4,No,2400,2400,0,5434,125
06:41:15.342,active,15258,898,13734,16786,0,95,60.6,54.6,No,2400,2400,0,5435,125
06:41:16.337,active,15260,844,11594,16786,-4,95,61.1,56.3,No,2400,2400,0,5442,125
06:41:17.337,active,15258,934,14276,16787,0,95,62.2,54.5,No,2400,2400,0,5452,125
06:41:18.341,active,15245,860,13966,16785,-3,95,61.7,54.9,No,2400,2400,0,5451,125
06:41:19.337,active,15251,826,12636,16786,0,95,62.2,55.1,No,2400,2400,0,5453,125
06:41:20.337,active,15294,484,7446,16786,-4,95,61.7,55.5,No,2400,2400,0,5451,125
06:41:21.338,active,15294,702,10764,16787,-3,95,62.2,54.4,No,2400,2400,0,5463,125
06:41:22.337,active,15296,548,8410,16788,0,95,61.7,53.6,No,2400,2400,0,5462,125
06:41:23.337,active,15294,674,10358,16787,0,95,62.8,52.4,No,2400,2400,0,5465,125
06:41:24.337,active,15292,746,11440,16786,0,95,62.2,51.7,No,2400,2400,0,5473,125
06:41:25.337,active,15294,772,11844,16786,0,95,62.8,51.4,No,2400,2400,0,5477,125
06:41:26.341,active,15292,656,10070,16786,0,95,61.1,51.4,No,2400,2400,0,5479,125
06:41:27.337,active,15296,696,10668,16788,0,95,61.7,51.4,No,2400,2400,0,5474,125
06:41:28.337,active,15294,760,11632,16786,0,95,61.1,52.4,No,2400,2400,0,5472,125
06:41:29.337,active,15307,532,13272,16787,0,95,62.2,52.3,No,2400,2400,0,5491,125
06:41:30.337,active,15305,516,7908,16787,0,95,62.8,51.7,No,2400,2400,0,5485,125
06:41:31.339,active,15309,502,11188,16787,-4,95,62.8,51.7,No,2400,2400,0,5490,125
06:41:32.341,active,15305,452,6944,16785,-4,95,62.2,51.5,No,2400,2400,0,5497,125
06:41:33.337,active,15316,478,8854,16785,-6,95,61.7,51.5,No,2400,2400,0,5502,125
06:41:34.337,active,15307,474,7292,16785,0,95,62.8,52.4,No,2400,2400,0,5496,125
06:41:35.337,active,15316,518,7716,16785,0,95,62.2,51.9,No,2400,2400,0,5490,125
06:41:36.337,active,15309,432,6616,16787,0,95,62.2,51.7,No,2400,2400,0,5497,125
06:41:37.341,active,15324,502,7696,16786,0,95,62.2,52.4,No,2400,2400,0,5494,125
06:41:38.337,active,15292,686,14082,16788,0,95,62.8,56.3,No,2400,2400,0,5493,125
06:41:39.337,active,15262,680,10416,16788,0,95,62.8,53.3,No,2400,2400,0,5506,125
06:41:40.337,active,15260,898,10398,16787,0,95,63.4,53.1,No,2400,2400,0,5514,125
06:41:41.337,active,15251,718,11014,16785,0,95,63.4,55.0,No,2400,2400,0,5512,125
06:41:42.339,active,15245,840,14236,16786,0,95,62.8,57.3,No,2400,2400,0,5505,125
06:41:43.342,active,15268,926,14160,16786,0,95,63.4,58.9,No,2400,2400,0,5508,125
06:41:44.337,active,15258,704,13600,16786,0,95,62.8,57.8,No,2400,2400,0,5509,125
06:41:45.337,active,15258,890,13620,16787,0,95,63.4,58.0,No,2400,2400,0,5509,125
06:41:46.337,active,15273,682,13784,16786,0,95,63.4,56.7,No,2400,2400,0,5506,125
06:41:47.339,active,15279,684,10494,16785,0,95,63.9,58.6,No,2400,2400,0,5509,125
06:41:48.338,active,15290,774,9104,16786,0,95,63.4,57.9,No,2400,2400,0,5513,125
06:41:49.338,active,15292,734,11246,16786,0,95,63.4,57.4,No,2400,2400,0,5507,125
06:41:50.337,active,15292,704,12076,16787,0,95,63.4,57.8,No,2400,2400,0,5511,125
06:41:51.341,active,15294,770,11786,16785,0,95,63.9,57.2,No,2400,2400,0,5514,125
06:41:52.337,active,15299,748,11226,16785,-3,95,63.9,56.7,No,2400,2400,0,5508,125
06:41:53.337,sleep,15292,424,6520,16785,0,95,62.2,52.1,No,2400,2400,0,5513,125
06:41:54.337,sleep,15292,490,8236,16788,12,95,59.0,0.0,No,2400,2400,0,5559,125
06:41:55.337,sleep,15294,516,7908,16789,13,95,58.4,0.3,No,2400,2400,0,5567,125
06:41:56.337,sleep,15294,440,7948,16790,11,95,57.3,0.3,No,2400,2400,0,5559,125
06:41:57.337,sleep,15290,464,7118,16789,9,95,56.8,0.3,No,2400,2400,0,5566,125
06:41:58.337,sleep,15290,442,6770,16790,12,95,57.3,0.3,No,2400,2400,0,5564,125
06:41:59.337,sleep,15296,346,5324,16789,11,95,56.2,-0.0,No,1500,2400,0,5578,125
06:42:00.337,sleep,15294,322,4958,16789,13,95,54.5,0.0,No,1500,2400,0,5582,125
06:42:01.337,sleep,15292,436,6694,16789,14,95,54.5,0.3,No,1500,2400,0,5589,125
06:42:02.337,sleep,15294,230,3530,16789,14,95,54.0,-0.0,No,1500,2400,0,4507,75
06:42:03.337,sleep,15288,562,8604,16790,16,95,53.5,0.0,No,1500,2400,0,3575,75
06:42:04.337,sleep,15288,366,6308,16790,17,95,53.5,0.3,No,1500,2400,0,3441,75
06:42:05.337,sleep,15292,512,7850,16790,15,95,52.9,0.0,No,1500,2400,0,3423,75
06:42:06.337,sleep,15296,310,4744,16789,13,95,52.9,0.3,No,1500,2400,0,3395,75
06:42:07.337,sleep,15288,344,3626,16789,11,95,52.4,-0.0,No,1500,2400,0,3394,75
06:42:08.340,active,15283,586,8990,16789,11,95,55.6,12.7,No,2400,2400,0,3401,75
06:42:09.337,active,15281,672,13194,16786,-9,95,57.9,57.6,No,2400,2400,0,3341,75
06:42:10.340,active,15256,734,11246,16787,-6,95,57.3,59.0,No,2400,2400,0,3331,75
06:42:11.340,active,15266,690,13948,16786,-6,95,58.4,59.2,No,2400,2400,0,3335,75
06:42:12.337,active,15258,800,12268,16786,-3,95,59.0,58.6,No,2400,2400,0,3659,125
06:42:13.341,active,15251,806,13118,16786,0,95,60.6,60.0,No,2400,2400,0,5321,125
06:42:14.341,active,15260,732,11208,16787,-3,95,60.6,58.3,No,2400,2400,0,5453,125
06:42:15.337,active,15256,754,13484,16785,0,95,61.1,58.2,No,2400,2400,0,5460,125
06:42:16.341,active,15294,730,11188,16785,-5,95,60.6,58.2,No,2400,2400,0,5449,125
06:42:17.338,active,15299,724,10628,16786,-5,95,61.1,58.4,No,2400,2400,0,5448,125
06:42:18.337,active,15296,730,11188,16786,-5,95,61.1,59.1,No,2400,2400,0,5451,125
06:42:19.340,active,15299,712,11092,16787,-3,95,61.7,57.4,No,2400,2400,0,5451,125
06:42:20.340,active,15290,694,10648,16787,0,95,62.2,56.5,No,2400,2400,0,5454,125
06:42:21.339,active,15296,746,10976,16787,0,95,62.8,56.0,No,2400,2400,0,5454,125
06:42:22.342,active,15294,700,10726,16786,0,95,61.1,54.4,No,2400,2400,0,5466,125
06:42:23.337,active,15294,704,10706,16787,0,95,61.1,55.0,No,2400,2400,0,5479,125
06:42:24.337,active,15290,742,11362,16790,4,95,62.8,58.2,No,2400,2400,0,5474,125
06:42:25.341,active,15309,684,10494,16788,0,95,62.8,53.4,No,2400,2400,0,5466,125
06:42:26.341,active,15299,492,11226,16788,3,95,62.2,51.4,No,2400,2400,0,5475,125
06:42:27.337,active,15314,516,7928,16787,3,95,62.8,53.9,No,2400,2400,0,5473,125
06:42:28.343,active,15322,520,8892,16787,3,95,61.7,54.7,No,2400,2400,0,5475,125
06:42:29.337,active,15307,524,8044,16787,3,95,62.8,56.6,No,2400,2400,0,5484,125
06:42:30.340,active,15311,484,8160,16787,0,95,62.8,57.0,No,2400,2400,0,5481,125
06:42:31.341,active,15335,492,7562,16788,5,95,64.5,55.7,No,2400,2400,0,5488,125
06:42:32.337,active,15292,714,8448,16788,8,95,62.8,56.7,No,2400,2400,0,5484,125
06:42:33.341,active,15311,518,7966,16787,4,95,62.2,54.0,No,2400,2400,0,5485,125
06:42:34.337,active,15264,696,10686,16788,0,95,62.8,56.6,No,2400,2400,0,5489,125
06:42:35.337,active,15268,910,13908,16788,0,95,62.8,55.6,No,2400,2400,0,5492,125
06:42:36.337,active,15249,722,11072,16788,5,95,62.8,56.3,No,2400,2400,0,5496,125
06:42:37.337,active,15266,736,11246,16787,4,95,62.8,53.5,No,2400,2400,0,5502,125
06:42:38.338,active,15253,690,10572,16788,0,95,62.2,57.5,No,2400,2400,0,5508,125
06:42:39.338,active,15247,880,10886,16787,0,95,62.2,53.6,No,2400,2400,0,5505,125
06:42:40.337,active,15230,910,13928,16787,0,95,62.8,56.1,No,2400,2400,0,5505,125
06:42:41.337,active,15253,856,10774,16786,0,95,63.4,52.4,No,2400,2400,0,5501,125
06:42:42.337,active,15238,986,15066,16785,0,95,63.4,51.8,No,2400,2400,0,5506,125
06:42:43.337,active,15288,750,7966,16788,0,95,62.8,51.4,No,2400,2400,0,5506,125
06:42:44.341,active,15307,480,7350,16789,0,95,63.4,51.7,No,2400,2400,0,5505,125
06:42:45.337,active,15290,708,7890,16789,3,95,62.2,51.9,No,2400,2400,0,5505,125
06:42:46.337,active,15288,734,11246,16786,0,95,61.7,52.6,No,2400,2400,0,5511,125
06:42:47.337,active,15296,738,6828,16786,0,95,62.8,52.4,No,2400,2400,0,5517,125
06:42:48.337,active,15292,740,11362,16786,0,95,63.4,52.0,No,2400,2400,0,5525,125
06:42:49.340,active,15299,760,11188,16787,0,95,62.8,56.0,No,2400,2400,0,5512,125
06:42:50.342,active,15294,756,11594,16788,0,95,62.8,56.8,No,2400,2400,0,5509,125
06:42:51.337,active,15294,1006,11998,16788,4,95,62.2,58.2,No,2400,2400,0,5502,125
06:42:52.337,active,15294,712,10918,16786,3,95,63.4,59.1,No,2400,2400,0,5511,125
06:42:53.337,active,15314,726,11112,16785,-4,95,63.9,57.4,No,2400,2400,0,5514,125
06:42:54.337,active,15341,516,11440,16787,0,95,63.4,57.0,No,2400,2400,0,5517,125
06:42:55.338,active,15316,638,9780,16786,0,95,63.4,56.2,No,2400,2400,0,5519,125
06:42:56.338,active,15305,514,10938,16786,0,95,62.2,57.5,No,2400,2400,0,5519,125
06:42:57.337,active,15335,486,7466,16787,3,95,62.8,57.9,No,2400,2400,0,5523,125
06:42:58.339,active,15333,492,9954,16786,0,95,63.9,58.9,No,2400,2400,0,5509,125
06:42:59.337,active,15290,562,8662,16787,0,95,63.9,57.4,No,2400,2400,0,5520,125
06:43:00.339,active,15341,532,8218,16787,0,95,63.9,57.3,No,2400,2400,0,5528,125
06:43:01.344,active,15288,466,7156,16788,6,95,63.9,56.9,No,2400,2400,0,5524,125
06:43:02.337,active,15260,592,11748,16788,9,95,63.4,57.0,No,2400,2400,0,5524,125
06:43:03.340,active,15264,890,13620,16788,8,95,63.4,57.7,No,2400,2400,0,5528,125
06:43:04.337,active,15279,798,14430,16788,5,95,64.5,57.2,No,2400,2400,0,5527,125
06:43:05.339,active,15262,842,12886,16787,3,95,63.4,57.9,No,2400,2400,0,5524,125
06:43:06.340,active,15266,516,11092,16788,5,95,64.5,57.3,No,2400,2400,0,5527,125
06:43:07.338,active,15271,852,13022,16788,4,95,62.8,56.9,No,2400,2400,0,5524,125
06:43:08.337,sleep,15292,564,8642,16788,0,95,61.7,51.2,No,2400,2400,0,5524,125
06:43:09.337,sleep,15286,492,7522,16790,16,95,59.5,0.0,No,2400,2400,0,5568,125
06:43:10.337,sleep,15286,546,8372,16788,15,95,59.0,0.7,No,2400,2400,0,5564,125
06:43:11.337,sleep,15294,466,7138,16790,18,95,57.9,0.0,No,2400,2400,0,5562,125
06:43:12.337,sleep,15288,450,6906,16791,17,95,56.8,0.0,No,2400,2400,0,5575,125
06:43:13.337,sleep,15290,502,7252,16792,20,95,56.2,0.2,No,1500,2400,0,5577,125
06:43:14.337,sleep,15288,434,6654,16792,20,95,55.6,0.0,No,1500,2400,0,5595,125
06:43:15.337,sleep,15281,496,6886,16791,21,95,54.0,0.2,No,1500,2400,0,5594,125
06:43:16.337,sleep,15294,414,6366,16791,23,95,54.5,0.0,No,1500,2400,0,4071,75
06:43:17.337,sleep,15288,408,4668,16790,19,95,54.0,0.3,No,1500,2400,0,3521,75
06:43:18.337,sleep,15292,392,5998,16790,18,95,54.5,-0.0,No,1500,2400,0,3430,75
06:43:19.337,sleep,15288,386,6636,16791,17,95,54.5,0.0,No,1500,2400,0,3407,75
06:43:20.337,sleep,15299,618,9490,16791,19,95,53.5,0.3,No,1500,2400,0,3411,75
06:43:21.337,sleep,15288,298,4572,16791,16,95,52.9,0.0,No,1500,2400,0,3420,75
06:43:22.337,sleep,15294,584,8950,16790,17,95,54.0,-0.0,No,1500,2400,0,3411,75
06:43:23.341,active,15283,590,9066,16790,17,95,55.1,10.7,No,2400,2400,0,3411,75
06:43:24.338,active,15307,414,6346,16787,0,95,55.6,57.6,No,2400,2400,0,3341,75
06:43:25.337,active,15318,656,10012,16788,0,95,58.4,59.7,No,2400,2400,0,3319,75
06:43:26.341,active,15314,482,7388,16787,-3,95,60.0,59.5,No,2400,2400,0,3325,75
06:43:27.337,active,15311,526,8064,16787,-6,95,60.0,59.0,No,2400,2400,0,3326,75
06:43:28.337,active,15322,518,7948,16787,-5,95,60.0,59.1,No,2400,2400,0,4431,125
06:43:29.341,active,15292,480,7388,16786,0,95,60.0,58.5,No,2400,2400,0,5374,125
06:43:30.337,active,15262,882,10436,16786,-5,95,61.1,57.8,No,2400,2400,0,5448,125
06:43:31.341,active,15273,812,12442,16787,-7,95,61.7,57.8,No,2400,2400,0,5459,125
06:43:32.337,active,15264,866,11246,16786,-8,95,61.1,57.6,No,2400,2400,0,5456,125
06:43:33.337,active,15258,670,10282,16787,-6,95,61.7,54.9,No,2400,2400,0,5445,125
06:43:34.341,active,15262,1020,11150,16786,-4,95,61.7,56.4,No,2400,2400,0,5444,125
06:43:35.337,active,15260,752,11516,16788,0,95,61.1,60.1,No,2400,2400,0,5446,125
06:43:36.337,active,15258,928,10802,16787,0,95,61.7,54.4,No,2400,2400,0,5439,125
06:43:37.339,active,15245,830,12712,16787,0,95,61.7,52.3,No,2400,2400,0,5451,125
06:43:38.341,active,15258,912,10956,16787,0,95,61.7,51.7,No,2400,2400,0,5462,125
06:43:39.337,active,15333,480,7388,16787,0,95,62.8,51.7,No,2400,2400,0,5466,125
06:43:40.340,active,15290,778,7890,16787,0,95,62.2,54.0,No,2400,2400,0,5465,125
06:43:41.337,active,15331,504,7754,16786,-4,95,61.7,55.7,No,2400,2400,0,5467,125
06:43:42.337,active,15296,720,10340,16785,0,95,62.8,55.5,No,2400,2400,0,5471,125
06:43:43.341,active,15292,688,10552,16786,0,95,63.4,54.6,No,2400,2400,0,5475,125
06:43:44.337,active,15292,728,7928,16787,0,95,62.2,56.5,No,2400,2400,0,5470,125
06:43:45.337,active,15292,716,10976,16788,0,95,62.8,51.7,No,2400,2400,0,5482,125
06:43:46.343,active,15303,672,10842,16787,0,95,62.2,57.0,No,2400,2400,0,5485,125
06:43:47.337,active,15290,730,11188,16788,0,95,62.2,55.9,No,2400,2400,0,5489,125
06:43:48.337,active,15314,644,9838,16788,4,95,63.4,54.8,No,2400,2400,0,5489,125
06:43:49.337,active,15299,646,9896,16786,0,95,63.4,56.0,No,2400,2400,0,5475,125
06:43:50.337,active,15309,756,11554,16786,0,95,63.9,54.0,No,2400,2400,0,5489,125
06:43:51.338,active,15301,486,7446,16787,0,95,62.8,52.7,No,2400,2400,0,5497,125
06:43:52.337,active,15305,570,8718,16788,0,95,61.7,53.5,No,2400,2400,0,5493,125
06:43:53.337,active,15301,476,7310,16788,0,95,61.7,53.7,No,2400,2400,0,5502,125
06:43:54.337,active,15309,478,7330,16787,3,95,63.9,52.3,No,2400,2400,0,5499,125
06:43:55.337,active,15303,526,8064,16786,0,95,63.4,51.7,No,2400,2400,0,5501,125
06:43:56.339,active,15309,474,7292,16788,3,95,63.4,51.8,No,2400,2400,0,5506,125
06:43:57.342,active,15305,516,7908,16787,0,95,61.7,51.7,No,2400,2400,0,5502,125
06:43:58.337,active,15262,910,13908,16788,0,95,61.7,54.6,No,2400,2400,0,5506,125
06:43:59.337,active,15260,936,10976,16789,4,95,63.4,55.6,No,2400,2400,0,5508,125
06:44:00.337,active,15256,946,14488,16788,0,95,64.5,56.6,No,2400,2400,0,5504,125
06:44:01.338,active,15268,878,10976,16788,3,95,63.4,56.4,No,2400,2400,0,5507,125
06:44:02.341,active,15258,960,14700,16787,0,95,63.4,57.1,No,2400,2400,0,5513,125
06:44:03.337,active,15275,874,12018,16787,0,95,62.8,57.5,No,2400,2400,0,5512,125
06:44:04.337,active,15258,900,13754,16787,4,95,63.4,58.0,No,2400,2400,0,5515,125
06:44:05.337,active,15251,768,14448,16787,0,95,63.4,57.9,No,2400,2400,0,5513,125
06:44:06.337,active,15264,774,11844,16788,0,95,64.5,58.5,No,2400,2400,0,5522,125
06:44:07.339,active,15292,730,11188,16788,3,95,63.4,57.2,No,2400,2400,0,5517,125
06:44:08.340,active,15294,746,11440,16787,0,95,62.8,56.5,No,2400,2400,0,5512,125
06:44:09.337,active,15294,724,11092,16787,0,95,63.4,58.4,No,2400,2400,0,5518,125
06:44:10.337,active,15286,764,11710,16787,0,95,63.9,58.4,No,2400,2400,0,5524,125
06:44:11.337,active,15303,756,11594,16788,3,95,63.9,57.6,No,2400,2400,0,5522,125
06:44:12.339,active,15294,798,12230,16787,0,95,63.9,57.2,No,2400,2400,0,5518,125
06:44:13.340,active,15305,706,10822,16787,0,95,63.9,57.0,No,2400,2400,0,5527,125
06:44:14.338,active,15294,702,10744,16786,0,95,62.2,56.7,No,2400,2400,0,5523,125
06:44:15.337,active,15299,674,10358,16786,0,95,63.9,57.4,No,2400,2400,0,5524,125
06:44:16.341,active,15303,578,11226,16787,0,95,65.5,57.3,No,2400,2400,0,5527,125
06:44:17.337,active,15264,716,10956,16788,0,95,64.5,57.7,No,2400,2400,0,5521,125
06:44:18.337,active,15309,546,11034,16788,0,95,63.4,56.7,No,2400,2400,0,5526,125
06:44:19.341,active,15301,738,11304,16788,0,95,63.4,56.8,No,2400,2400,0,5533,125
06:44:20.337,active,15299,540,10860,16788,0,95,63.9,57.4,No,2400,2400,0,5527,125
06:44:21.337,active,15314,516,7928,16787,0,95,63.9,58.5,No,2400,2400,0,5521,125
06:44:22.341,active,15309,524,9374,16787,0,95,64.5,56.7,No,2400,2400,0,5525,125
06:44:23.337,sleep,15301,506,7754,16788,0,95,62.8,54.5,No,2400,2400,0,5524,125
06:44:24.337,sleep,15283,424,6500,16789,12,95,60.0,0.0,No,2400,2400,0,5569,125
06:44:25.337,sleep,15283,462,8140,16791,18,95,59.0,0.3,No,2400,2400,0,5575,125
06:44:26.337,sleep,15281,474,7272,16789,16,95,58.4,0.3,No,2400,2400,0,5572,125
06:44:27.337,sleep,15290,496,6442,16789,7,95,57.3,0.0,No,2400,2400,0,5575,125
06:44:28.337,sleep,15288,496,7620,16789,11,95,57.9,0.0,No,2400,2400,0,5576,125
06:44:29.337,sleep,15286,444,6250,16790,13,95,55.6,-0.0,No,1500,2400,0,5590,125
06:44:30.337,sleep,15292,516,7908,16790,14,95,54.5,0.5,No,1500,2400,0,5592,125
06:44:31.337,sleep,15283,420,5556,16790,14,95,54.0,0.3,No,1500,2400,0,5585,125
06:44:32.337,sleep,15279,534,8178,16790,16,95,54.0,0.0,No,1500,2400,0,5585,125
06:44:33.337,sleep,15279,386,7350,16791,20,95,54.0,0.0,No,1500,2400,0,3864,75
06:44:34.337,sleep,15288,346,5324,16791,21,95,53.5,0.3,No,1500,2400,0,3484,75
06:44:35.337,sleep,15294,384,5884,16790,19,95,53.5,-0.0,No,1500,2400,0,3416,75
06:44:36.337,sleep,15290,584,8950,16791,17,95,52.9,0.3,No,1500,2400,0,3412,75
06:44:37.337,sleep,15290,536,8218,16791,17,95,52.9,0.0,No,1500,2400,0,3416,75
06:44:38.341,active,15288,400,6134,16791,19,95,54.0,6.8,No,1500,2400,0,3401,75
06:44:39.337,active,15294,660,10108,16789,4,95,57.3,60.6,No,2400,2400,0,3364,75
06:44:40.339,active,15294,648,9954,16788,0,95,58.4,58.1,No,2400,2400,0,3353,75
06:44:41.340,active,15296,696,10686,16787,0,95,59.5,57.9,No,2400,2400,0,3350,75
06:44:42.342,active,15299,650,9972,16787,0,95,58.4,57.8,No,2400,2400,0,3320,75
06:44:43.337,active,15294,548,8410,16788,0,95,59.5,57.4,No,2400,2400,0,4928,125
06:44:44.340,active,15273,736,12808,16788,0,95,60.6,55.3,No,2400,2400,0,5434,125
06:44:45.341,active,15249,824,12616,16788,-3,95,61.1,54.6,No,2400,2400,0,5472,125
06:44:46.337,active,15301,702,12172,16788,0,95,61.1,56.3,No,2400,2400,0,5464,125
06:44:47.338,active,15309,684,10456,16787,0,95,61.1,57.2,No,2400,2400,0,5461,125
06:44:48.337,active,15305,534,12210,16787,-3,95,60.0,53.6,No,2400,2400,0,5489,125
06:44:49.337,active,15301,622,9510,16786,0,95,61.1,52.3,No,2400,2400,0,5472,125
06:44:50.341,active,15307,514,12732,16787,0,95,61.7,52.2,No,2400,2400,0,5481,125
06:44:51.341,active,15318,462,7080,16788,0,95,62.2,52.8,No,2400,2400,0,5476,125
06:44:52.338,active,15318,468,10262,16787,-3,95,62.2,52.7,No,2400,2400,0,5467,125
06:44:53.343,active,15294,702,10764,16787,0,95,62.2,53.2,No,2400,2400,0,5471,125
06:44:54.337,active,15288,714,10938,16786,-3,95,61.1,52.8,No,2400,2400,0,5474,125
06:44:55.337,active,15311,726,11130,16788,0,95,62.2,56.9,No,2400,2400,0,5479,125
06:44:56.341,active,15268,764,11728,16787,-4,95,63.4,52.3,No,2400,2400,0,5481,125
06:44:57.341,active,15277,822,12596,16787,0,95,62.8,56.3,No,2400,2400,0,5479,125
06:44:58.338,active,15256,678,10398,16787,0,95,62.2,55.2,No,2400,2400,0,5486,125
06:44:59.337,active,15268,728,11130,16787,0,95,61.1,54.8,No,2400,2400,0,5485,125
06:45:00.337,active,15258,716,10976,16787,0,95,62.2,55.2,No,2400,2400,0,5491,125
06:45:01.341,active,15264,916,14024,16787,0,95,62.8,56.4,No,2400,2400,0,5500,125
06:45:02.337,active,15294,518,7966,16787,0,95,62.2,52.2,No,2400,2400,0,5497,125
06:45:03.337,active,15357,502,7774,16788,0,95,62.8,54.7,No,2400,2400,0,5494,125
06:45:04.342,active,15294,708,10880,16789,0,95,61.1,53.7,No,2400,2400,0,5492,125
06:45:05.337,active,15307,558,8160,16788,0,95,62.2,52.6,No,2400,2400,0,5501,125
06:45:06.337,active,15288,490,7542,16787,3,95,62.2,52.6,No,2400,2400,0,5504,125
06:45:07.338,active,15292,702,6674,16786,0,95,62.8,52.0,No,2400,2400,0,5515,125
06:45:08.337,active,15292,500,7696,16787,0,95,62.8,51.3,No,2400,2400,0,5511,125
06:45:09.341,active,15299,736,7812,16787,0,95,62.8,53.4,No,2400,2400,0,5504,125
06:45:10.337,active,15290,736,11284,16788,-3,95,61.7,54.1,No,2400,2400,0,5502,125
06:45:11.337,active,15288,780,7986,16786,0,95,62.2,57.1,No,2400,2400,0,5506,125
06:45:12.341,active,15253,778,11902,16786,0,95,62.2,59.0,No,2400,2400,0,5502,125
06:45:13.337,active,15301,762,11670,16786,0,95,63.4,58.0,No,2400,2400,0,5505,125
06:45:14.341,active,15253,678,10378,16787,0,95,63.4,58.1,No,2400,2400,0,5509,125
06:45:15.338,active,15307,572,10802,16787,0,95,63.4,58.3,No,2400,2400,0,5510,125
06:45:16.337,active,15301,584,8950,16788,0,95,63.4,58.3,No,2400,2400,0,5509,125
06:45:17.341,active,15303,754,10340,16787,0,95,62.8,58.1,No,2400,2400,0,5509,125
06:45:18.341,active,15301,530,8140,16786,0,95,63.4,58.9,No,2400,2400,0,5506,125
06:45:19.338,active,15307,748,10186,16787,0,95,64.5,57.1,No,2400,2400,0,5513,125
06:45:20.338,active,15303,518,7948,16787,0,95,62.8,57.1,No,2400,2400,0,5515,125
06:45:21.338,active,15279,748,11458,16786,-5,95,62.8,58.5,No,2400,2400,0,5519,125
06:45:22.337,active,15258,986,10802,16786,-6,95,63.4,57.9,No,2400,2400,0,5525,125
06:45:23.341,active,15268,786,12038,16785,-6,95,63.9,57.9,No,2400,2400,0,5522,125
06:45:24.337,active,15262,892,11354,16786,-7,95,63.4,57.2,No,2400,2400,0,5514,125
06:45:25.337,active,15249,724,11092,16787,-3,95,63.9,53.5,No,2400,2400,0,5523,125
06:45:26.338,active,15266,852,11248,16785,0,95,63.4,51.5,No,2400,2400,0,5529,125
06:45:27.337,active,15264,892,13658,16786,-5,95,63.4,54.4,No,2400,2400,0,5523,125
06:45:28.340,active,15273,814,13998,16786,-7,95,63.9,57.0,No,2400,2400,0,5516,125
06:45:29.341,active,15251,822,12596,16787,-3,95,63.4,56.8,No,2400,2400,0,5509,125
06:45:30.338,active,15292,720,7716,16785,-4,95,63.4,58.0,No,2400,2400,0,5527,125
06:45:31.341,active,15292,696,10686,16788,0,95,63.4,56.3,No,2400,2400,0,5523,125
06:45:32.338,active,15290,722,8064,16788,0,95,63.9,56.6,No,2400,2400,0,5528,125
06:45:33.337,active,15292,730,11188,16788,0,95,63.9,57.9,No,2400,2400,0,5522,125
06:45:34.337,active,15290,544,8372,16785,-7,95,64.5,58.2,No,2400,2400,0,5524,125
06:45:35.337,active,15288,728,11170,16785,-5,95,63.9,56.6,No,2400,2400,0,5530,125
06:45:36.341,active,15303,772,11844,16786,-3,95,65.0,57.4,No,2400,2400,0,5527,125
06:45:37.341,active,15292,686,10532,16787,0,95,63.4,57.5,No,2400,2400,0,5525,125
06:45:38.337,sleep,15296,704,10802,16787,-3,95,62.8,56.7,No,2400,2400,0,5524,125
06:45:39.337,sleep,15296,458,7986,16788,9,95,59.5,0.0,No,2400,2400,0,5575,125
06:45:40.337,sleep,15294,464,7118,16789,12,95,58.4,0.3,No,2400,2400,0,5575,125
06:45:41.337,sleep,15296,446,6114,16788,9,95,57.9,-0.0,No,2400,2400,0,5573,125
06:45:42.337,sleep,15290,484,7408,16788,7,95,57.3,0.3,No,2400,2400,0,5569,125
06:45:43.337,sleep,15286,456,8082,16789,8,95,57.3,-0.0,No,2400,2400,0,5576,125
06:45:44.337,sleep,15294,288,4436,16789,10,95,55.6,0.3,No,1500,2400,0,5589,125
06:45:45.337,sleep,15288,320,9318,16789,12,95,54.5,0.0,No,1500,2400,0,5095,75
06:45:46.337,sleep,15296,540,8294,16790,13,95,54.5,0.3,No,1500,2400,0,3679,75
06:45:47.337,sleep,15290,300,6636,16788,9,95,54.5,0.5,No,1500,2400,0,3470,75
06:45:48.337,sleep,15292,302,4726,16790,9,95,54.0,0.3,No,1500,2400,0,3430,75
06:45:49.337,sleep,15286,336,5170,16791,11,95,52.9,0.0,No,1500,2400,0,3427,75
06:45:50.337,sleep,15290,464,8700,16791,11,95,53.5,0.0,No,1500,2400,0,3422,75
06:45:51.337,sleep,15283,328,5034,16790,11,95,52.9,-0.0,No,1500,2400,0,3404,75
06:45:52.337,sleep,15286,550,4378,16790,13,95,52.9,0.3,No,1500,2400,0,3400,75
06:45:53.345,active,15292,322,4938,16789,12,95,53.5,4.2,No,1500,2400,0,3381,75
06:45:54.338,active,15253,960,9954,16786,-8,95,56.8,60.1,No,2400,2400,0,3353,75
06:45:55.337,active,15253,718,11014,16786,-9,95,57.3,55.1,No,2400,2400,0,3335,75
06:45:56.337,active,15262,832,10938,16787,-5,95,60.0,55.0,No,2400,2400,0,3319,75
06:45:57.341,active,15253,724,11092,16786,-8,95,59.5,57.0,No,2400,2400,0,3300,75
06:45:58.337,active,15346,478,7330,16786,-5,95,60.0,59.8,No,2400,2400,0,3310,75
06:45:59.342,active,15352,482,7408,16786,-6,95,60.0,52.8,No,2400,2400,0,5147,125
06:46:00.337,active,15348,518,7966,16785,-11,95,59.5,53.1,No,2400,2400,0,5435,125
06:46:01.337,active,15324,510,7850,16786,-6,95,60.0,52.3,No,2400,2400,0,5457,125
06:46:02.337,active,15292,490,7522,16785,-8,95,61.1,54.6,No,2400,2400,0,5460,125
06:46:03.337,active,15292,682,10456,16787,-7,95,61.1,52.2,No,2400,2400,0,5460,125
06:46:04.337,active,15294,766,7908,16785,-10,95,60.6,53.6,No,2400,2400,0,5451,125
06:46:05.342,active,15299,518,7948,16785,-10,95,61.1,54.9,No,2400,2400,0,5445,125
06:46:06.337,active,15294,288,7774,16785,-11,95,61.7,53.9,No,2400,2400,0,5440,125
06:46:07.337,active,15236,938,13098,16786,-8,95,61.7,56.4,No,2400,2400,0,5446,125
06:46:08.341,active,15314,860,13156,16787,-5,95,61.7,54.3,No,2400,2400,0,5452,125
06:46:09.337,active,15258,840,13870,16786,0,95,62.8,56.4,No,2400,2400,0,5454,125
06:46:10.337,active,15305,794,12134,16786,0,95,61.7,51.7,No,2400,2400,0,5461,125
06:46:11.342,active,15258,526,10880,16786,-4,95,61.1,54.4,No,2400,2400,0,5462,125
06:46:12.337,active,15305,696,10648,16786,-6,95,62.2,55.8,No,2400,2400,0,5463,125
06:46:13.337,active,15301,436,12770,16787,-7,95,62.2,52.3,No,2400,2400,0,5470,125
06:46:14.341,active,15307,632,9664,16786,-3,95,62.2,52.0,No,2400,2400,0,5471,125
06:46:15.337,active,15299,470,12346,16786,-3,95,61.7,51.3,No,2400,2400,0,5471,125
06:46:16.338,active,15294,706,10822,16786,0,95,61.1,52.0,No,2400,2400,0,5478,125
06:46:17.337,active,15301,728,11170,16786,-4,95,61.1,54.2,No,2400,2400,0,5475,125
06:46:18.337,active,15294,802,12288,16787,0,95,62.8,53.0,No,2400,2400,0,5485,125
06:46:19.338,active,15301,716,10996,16787,-4,95,62.2,52.8,No,2400,2400,0,5482,125
06:46:20.341,active,15294,728,11170,16787,-3,95,62.2,51.8,No,2400,2400,0,5487,125
06:46:21.337,active,15299,724,11092,16786,-3,95,61.7,52.5,No,2400,2400,0,5487,125
06:46:22.342,active,15296,746,11440,16787,0,95,61.7,52.4,No,2400,2400,0,5502,125
06:46:23.337,active,15288,678,10398,16786,0,95,62.2,57.0,No,2400,2400,0,5496,125
06:46:24.341,active,15286,814,11712,16786,-3,95,63.4,57.3,No,2400,2400,0,5489,125
06:46:25.337,active,15335,526,12346,16785,-8,95,63.4,59.0,No,2400,2400,0,5492,125
06:46:26.337,active,15333,526,7890,16786,0,95,63.4,57.3,No,2400,2400,0,5494,125
06:46:27.341,active,15314,468,7176,16786,-3,95,62.8,57.6,No,2400,2400,0,5505,125
06:46:28.337,active,15296,574,8816,16786,-6,95,62.2,56.4,No,2400,2400,0,5502,125
06:46:29.338,active,15294,674,10358,16785,0,95,62.8,58.8,No,2400,2400,0,5502,125
06:46:30.341,active,15292,524,8044,16785,-7,95,62.8,57.5,No,2400,2400,0,5508,125
06:46:31.337,active,15296,764,11728,16786,-5,95,63.4,57.7,No,2400,2400,0,5504,125
06:46:32.338,active,15296,680,10416,16786,-8,95,64.5,58.1,No,2400,2400,0,5495,125
06:46:33.339,active,15294,700,10744,16786,-8,95,62.8,57.3,No,2400,2400,0,5515,125
06:46:34.337,active,15294,696,10686,16785,-4,95,62.8,58.0,No,2400,2400,0,5515,125
06:46:35.337,active,15260,818,14276,16785,-5,95,63.9,58.1,No,2400,2400,0,5510,125
06:46:36.337,active,15266,668,10224,16787,0,95,63.4,56.7,No,2400,2400,0,5512,125
06:46:37.339,active,15258,692,12886,16788,0,95,63.9,57.2,No,2400,2400,0,5511,125
06:46:38.340,active,15258,764,11690,16787,-4,95,64.5,57.0,No,2400,2400,0,5511,125
06:46:39.337,active,15275,722,10186,16786,-3,95,62.8,57.6,No,2400,2400,0,5515,125
06:46:40.337,active,15262,702,10744,16786,-3,95,63.9,58.0,No,2400,2400,0,5510,125
06:46:41.341,active,15305,752,11824,16785,-4,95,63.9,57.6,No,2400,2400,0,5509,125
06:46:42.341,active,15256,690,10552,16786,-3,95,63.9,56.7,No,2400,2400,0,5524,125
06:46:43.337,active,15305,754,10860,16786,-7,95,63.4,57.1,No,2400,2400,0,5529,125
06:46:44.338,active,15296,732,11362,16785,-6,95,63.9,56.4,No,2400,2400,0,5527,125
06:46:45.337,active,15311,694,10648,16786,0,95,62.2,57.4,No,2400,2400,0,5523,125
06:46:46.337,active,15301,736,10726,16787,0,95,63.9,57.5,No,2400,2400,0,5526,125
06:46:47.341,active,15294,764,11728,16788,4,95,63.9,55.2,No,2400,2400,0,5524,125
06:46:48.340,active,15307,766,11284,16787,4,95,64.5,53.3,No,2400,2400,0,5520,125
06:46:49.338,active,15296,730,11208,16787,0,95,65.0,57.6,No,2400,2400,0,5520,125
06:46:50.338,active,15277,762,10880,16786,0,95,62.8,57.3,No,2400,2400,0,5522,125
06:46:51.337,active,15305,712,10918,16787,0,95,63.4,58.2,No,2400,2400,0,5522,125
06:46:52.341,active,15266,864,12056,16785,0,95,65.0,59.3,No,2400,2400,0,5533,125
06:46:53.337,sleep,15320,518,7710,16786,-3,95,63.9,59.1,No,2400,2400,0,5526,125
06:46:54.337,sleep,15292,544,8334,16788,9,95,60.0,1.0,No,2400,2400,0,5567,125
06:46:55.337,sleep,15290,380,7484,16789,15,95,59.0,0.0,No,2400,2400,0,5573,125
06:46:56.337,sleep,15288,540,8276,16788,10,95,57.3,0.3,No,2400,2400,0,5580,125
06:46:57.337,sleep,15296,442,7658,16789,9,95,58.4,0.3,No,2400,2400,0,5577,125
06:46:58.337,sleep,15292,522,8024,16788,7,95,57.9,0.0,No,2400,2400,0,5578,125
06:46:59.337,sleep,15290,420,6578,16789,15,95,54.5,0.3,No,1500,2400,0,5589,125
06:47:00.337,sleep,15292,450,6906,16790,19,95,55.6,0.0,No,1500,2400,0,5586,125
06:47:01.337,sleep,15283,506,8024,16789,18,95,54.5,-0.0,No,1500,2400,0,5572,125
06:47:02.337,sleep,15294,464,7394,16791,17,95,54.5,0.3,No,1500,2400,0,4545,75
06:47:03.337,sleep,15286,378,5786,16792,18,95,54.0,0.3,No,1500,2400,0,3596,75
06:47:04.337,sleep,15288,498,4822,16790,15,95,53.5,0.0,No,1500,2400,0,3454,75
06:47:05.337,sleep,15296,472,7252,16790,15,95,53.5,0.3,No,1500,2400,0,3433,75
06:47:06.337,sleep,15283,556,6222,16790,17,95,52.4,0.0,No,1500,2400,0,3418,75
06:47:07.337,sleep,15292,346,5304,16790,13,95,52.9,0.0,No,1500,2400,0,3412,75
06:47:08.342,active,15292,528,8082,16790,11,95,52.9,1.2,No,1500,2400,0,3412,75
06:47:09.337,active,15279,858,13118,16787,-3,95,57.3,62.8,No,2400,2400,0,3374,75
06:47:10.337,active,15264,656,12866,16788,-3,95,59.0,56.9,No,2400,2400,0,3351,75
06:47:11.337,active,15292,586,8970,16787,0,95,59.0,52.0,No,2400,2400,0,3345,75
06:47:12.342,active,15292,742,7638,16786,0,95,59.0,51.5,No,2400,2400,0,3344,75
06:47:13.337,active,15299,690,10572,16787,0,95,59.5,54.7,No,2400,2400,0,3552,125
06:47:14.337,active,15299,530,11382,16788,0,95,60.0,54.3,No,2400,2400,0,5309,125
06:47:15.341,active,15296,686,10532,16787,0,95,60.6,55.7,No,2400,2400,0,5451,125
06:47:16.337,active,15309,754,11554,16786,-3,95,61.1,53.8,No,2400,2400,0,5462,125
06:47:17.338,active,15303,780,11960,16785,-4,95,60.0,54.7,No,2400,2400,0,5458,125
06:47:18.338,active,15311,690,10572,16785,-4,95,60.6,54.5,No,2400,2400,0,5457,125
06:47:19.337,active,15299,738,11304,16786,0,95,61.1,53.5,No,2400,2400,0,5463,125
06:47:20.337,active,15303,470,7214,16787,-3,95,61.1,52.3,No,2400,2400,0,5462,125
06:47:21.337,active,15307,560,9490,16788,-3,95,61.7,53.2,No,2400,2400,0,5462,125
06:47:22.341,active,15305,568,8738,16786,-4,95,62.2,52.5,No,2400,2400,0,5459,125
06:47:23.338,active,15318,426,7176,16785,-9,95,62.2,52.5,No,2400,2400,0,5462,125
06:47:24.337,active,15305,502,7716,16786,-7,95,61.1,52.3,No,2400,2400,0,5462,125
06:47:25.337,active,15314,274,7252,16786,-5,95,61.7,52.3,No,2400,2400,0,5471,125
06:47:26.341,active,15307,480,7368,16786,0,95,61.7,52.2,No,2400,2400,0,5473,125
06:47:27.337,active,15324,506,7774,16786,0,95,61.7,51.8,No,2400,2400,0,5475,125
06:47:28.337,active,15307,492,7542,16786,0,95,62.2,51.9,No,2400,2400,0,5475,125
06:47:29.340,active,15324,520,7966,16786,-3,95,61.7,51.4,No,2400,2400,0,5477,125
06:47:30.337,active,15277,714,11188,16786,0,95,61.1,52.2,No,2400,2400,0,5485,125
06:47:31.337,active,15299,770,11806,16787,0,95,61.7,52.4,No,2400,2400,0,5489,125
06:47:32.337,active,15262,980,9838,16786,0,95,62.2,51.7,No,2400,2400,0,5487,125
06:47:33.338,active,15294,800,12268,16787,0,95,62.8,53.8,No,2400,2400,0,5491,125
06:47:34.341,active,15275,814,14332,16786,-3,95,62.2,58.7,No,2400,2400,0,5493,125
06:47:35.337,active,15288,822,12596,16787,0,95,62.8,57.8,No,2400,2400,0,5493,125
06:47:36.338,active,15258,796,14140,16787,0,95,62.8,59.1,No,2400,2400,0,5492,125
06:47:37.341,active,15266,762,11670,16785,-3,95,62.8,57.0,No,2400,2400,0,5500,125
06:47:38.337,active,15262,842,13734,16786,0,95,62.8,56.8,No,2400,2400,0,5500,125
06:47:39.341,active,15296,688,8410,16786,0,95,62.8,57.6,No,2400,2400,0,5506,125
06:47:40.337,active,15299,522,8024,16786,0,95,62.8,56.9,No,2400,2400,0,5498,125
06:47:41.337,active,15296,710,7080,16788,0,95,62.2,57.7,No,2400,2400,0,5497,125
06:47:42.341,active,15288,686,10532,16788,0,95,63.4,58.2,No,2400,2400,0,5500,125
06:47:43.337,active,15292,784,9780,16787,0,95,63.9,59.2,No,2400,2400,0,5500,125
06:47:44.337,active,15292,686,10532,16787,3,95,63.9,57.9,No,2400,2400,0,5507,125
06:47:45.337,active,15301,738,11980,16786,0,95,63.4,57.6,No,2400,2400,0,5509,125
06:47:46.337,active,15294,712,10918,16787,0,95,62.8,58.0,No,2400,2400,0,5509,125
06:47:47.337,active,15296,742,11748,16788,0,95,63.4,58.2,No,2400,2400,0,5511,125
06:47:48.341,active,15326,464,7138,16788,3,95,63.9,58.3,No,2400,2400,0,5512,125
06:47:49.337,active,15309,702,10744,16788,0,95,63.4,57.8,No,2400,2400,0,5513,125
06:47:50.337,active,15309,480,7350,16787,0,95,63.9,57.5,No,2400,2400,0,5509,125
06:47:51.341,active,15316,728,11188,16787,0,95,63.4,57.5,No,2400,2400,0,5514,125
06:47:52.337,active,15314,500,7678,16785,-4,95,63.4,58.4,No,2400,2400,0,5521,125
06:47:53.337,active,15352,530,8160,16787,-3,95,64.5,59.4,No,2400,2400,0,5523,125
06:47:54.337,active,15320,532,9696,16787,-5,95,63.4,57.6,No,2400,2400,0,5526,125
06:47:55.338,active,15337,614,9414,16785,0,95,64.5,56.7,No,2400,2400,0,5526,125
06:47:56.340,active,15324,510,8006,16786,0,95,63.9,57.5,No,2400,2400,0,5523,125
06:47:57.337,active,15294,682,10474,16786,0,95,62.2,58.2,No,2400,2400,0,5509,125
06:47:58.337,active,15262,946,11980,16786,0,95,63.9,60.1,No,2400,2400,0,5517,125
06:47:59.341,active,15283,672,10300,16787,3,95,64.5,58.5,No,2400,2400,0,5521,125
06:48:00.337,active,15268,716,10976,16787,0,95,64.5,58.4,No,2400,2400,0,5520,125
06:48:01.337,active,15268,888,13580,16788,0,95,63.9,58.7,No,2400,2400,0,5522,125
06:48:02.341,active,15271,788,12076,16788,0,95,63.9,58.2,No,2400,2400,0,5531,125
06:48:03.337,active,15264,1000,15298,16788,0,95,63.4,58.6,No,2400,2400,0,5530,125
06:48:04.337,active,15279,896,13734,16787,0,95,64.5,59.7,No,2400,2400,0,5527,125
06:48:05.341,active,15264,856,13098,16788,0,95,63.9,59.0,No,2400,2400,0,5519,125
06:48:06.337,active,15344,562,8642,16788,0,95,63.9,58.1,No,2400,2400,0,5525,125
06:48:07.343,active,15299,742,7638,16787,0,95,63.9,58.4,No,2400,2400,0,5527,125
06:48:08.344,active,15352,530,8160,16788,0,95,63.4,58.1,No,2400,2400,0,5525,125
06:48:09.337,sleep,15288,460,7774,16789,9,95,59.5,3.0,No,2400,2400,0,5578,125
06:48:10.337,sleep,15292,522,8006,16788,12,95,59.5,0.0,No,2400,2400,0,5582,125
06:48:11.337,sleep,15296,500,7252,16790,10,95,58.4,-0.0,No,2400,2400,0,5576,125
06:48:12.337,sleep,15296,550,8430,16790,11,95,57.3,0.3,No,2400,2400,0,5574,125
06:48:13.337,sleep,15290,454,7522,16790,9,95,57.3,0.2,No,2400,2400,0,5575,125
06:48:14.337,sleep,15292,460,7060,16790,13,95,56.2,0.3,No,1500,2400,0,5600,125
06:48:15.337,sleep,15296,482,7388,16789,12,95,55.6,0.0,No,1500,2400,0,5600,125
06:48:16.337,sleep,15290,290,7832,16790,14,95,54.5,0.3,No,1500,2400,0,5587,125
06:48:17.337,sleep,15290,426,6520,16790,15,95,54.5,0.0,No,1500,2400,0,5589,125
06:48:18.337,sleep,15299,286,5420,16791,16,95,54.0,0.0,No,1500,2400,0,4148,75
06:48:19.337,sleep,15294,542,8314,16790,15,95,52.9,0.3,No,1500,2400,0,3528,75
06:48:20.337,sleep,15292,550,5150,16789,11,95,52.9,0.0,No,1500,2400,0,3438,75
06:48:21.337,sleep,15290,526,8064,16790,14,95,53.5,0.3,No,1500,2400,0,3432,75
06:48:22.337,sleep,15290,262,4532,16789,13,95,52.9,0.0,No,1500,2400,0,3421,75
06:48:23.337,sleep,15296,492,7542,16792,15,95,53.5,0.0,No,1500,2400,0,3418,75
06:48:24.341,active,15301,506,9838,16787,0,95,56.2,55.7,No,2400,2400,0,3380,75
06:48:25.337,active,15292,638,9800,16787,0,95,57.3,51.3,No,2400,2400,0,3365,75
06:48:26.337,active,15303,708,10860,16788,0,95,58.4,52.3,No,2400,2400,0,3350,75
06:48:27.340,active,15294,662,10146,16788,0,95,59.5,52.3,No,2400,2400,0,3341,75
06:48:28.341,active,15309,648,9954,16786,-5,95,60.6,51.7,No,2400,2400,0,3334,75
06:48:29.337,active,15299,706,10842,16787,-4,95,60.6,51.8,No,2400,2400,0,4332,125
06:48:30.342,active,15262,730,11208,16786,-5,95,60.0,53.5,No,2400,2400,0,5389,125
06:48:31.337,active,15301,784,11526,16785,-6,95,60.0,56.0,No,2400,2400,0,5458,125
06:48:32.341,active,15275,840,12848,16787,0,95,61.1,55.5,No,2400,2400,0,5462,125
06:48:33.338,active,15264,934,11204,16787,0,95,61.7,58.6,No,2400,2400,0,5455,125
06:48:34.341,active,15339,434,6674,16788,0,95,61.7,56.8,No,2400,2400,0,5448,125
06:48:35.338,active,15303,494,7736,16787,-6,95,60.6,57.5,No,2400,2400,0,5446,125
06:48:36.338,active,15337,476,7310,16786,-7,95,61.1,57.0,No,2400,2400,0,5458,125
06:48:37.337,active,15286,358,7600,16786,-4,95,61.7,57.5,No,2400,2400,0,5458,125
06:48:38.337,active,15346,482,7426,16786,0,95,63.4,57.6,No,2400,2400,0,5467,125
06:48:39.337,active,15292,516,7928,16787,0,95,63.4,57.0,No,2400,2400,0,5464,125
06:48:40.339,active,15346,584,8990,16788,0,95,62.2,58.1,No,2400,2400,0,5468,125
06:48:41.344,active,15296,510,7812,16787,0,95,62.8,57.3,No,2400,2400,0,5460,125
06:48:42.337,active,15296,702,10744,16787,0,95,62.2,56.4,No,2400,2400,0,5478,125
06:48:43.337,active,15279,782,11980,16786,0,95,63.4,57.9,No,2400,2400,0,5478,125
06:48:44.341,active,15253,720,11998,16787,0,95,62.8,57.1,No,2400,2400,0,5481,125
06:48:45.337,active,15271,738,11304,16786,-4,95,63.9,57.2,No,2400,2400,0,5480,125
06:48:46.338,active,15262,714,12712,16787,-4,95,63.4,56.9,No,2400,2400,0,5487,125
06:48:47.337,active,15260,752,11516,16788,3,95,62.8,56.8,No,2400,2400,0,5486,125
06:48:48.337,active,15307,518,12404,16786,0,95,62.8,57.7,No,2400,2400,0,5497,125
06:48:49.337,active,15273,674,10340,16786,0,95,63.9,57.3,No,2400,2400,0,5498,125
06:48:50.337,active,15311,458,10262,16786,-4,95,63.4,57.3,No,2400,2400,0,5492,125
06:48:51.340,active,15296,704,10802,16787,-4,95,63.4,57.3,No,2400,2400,0,5496,125
06:48:52.341,active,15301,744,11034,16788,0,95,63.9,57.0,No,2400,2400,0,5499,125
06:48:53.337,active,15301,754,11318,16787,-5,95,62.8,57.5,No,2400,2400,0,5492,125
06:48:54.337,active,15292,692,10628,16787,0,95,63.9,58.0,No,2400,2400,0,5499,125
06:48:55.339,active,15305,708,11372,16786,0,95,63.4,57.6,No,2400,2400,0,5503,125
06:48:56.337,active,15275,788,12096,16786,-3,95,63.4,56.0,No,2400,2400,0,5505,125
06:48:57.338,active,15305,760,11652,16787,0,95,62.2,58.0,No,2400,2400,0,5507,125
06:48:58.340,active,15279,674,10358,16787,-3,95,63.9,59.1,No,2400,2400,0,5515,125
06:48:59.337,active,15268,828,11284,16786,-3,95,63.4,58.0,No,2400,2400,0,5509,125
06:49:00.341,active,15268,742,11400,16786,0,95,63.9,59.4,No,2400,2400,0,5513,125
06:49:01.341,active,15264,964,11612,16787,0,95,63.9,59.4,No,2400,2400,0,5512,125
06:49:02.337,active,15324,426,6558,16788,0,95,63.9,58.2,No,2400,2400,0,5524,125
06:49:03.341,active,15352,544,8372,16787,0,95,62.8,58.7,No,2400,2400,0,5515,125
06:49:04.337,active,15322,512,7870,16788,0,95,63.4,58.4,No,2400,2400,0,5512,125
06:49:05.337,active,15333,522,8024,16787,0,95,63.9,58.9,No,2400,2400,0,5517,125
06:49:06.341,active,15346,528,7608,16787,0,95,64.5,59.4,No,2400,2400,0,5515,125
06:49:07.337,active,15290,488,7504,16787,0,95,63.9,58.0,No,2400,2400,0,5512,125
06:49:08.337,active,15352,506,8546,16787,0,95,63.4,58.3,No,2400,2400,0,5513,125
06:49:09.338,active,15288,526,8082,16787,0,95,62.2,57.4,No,2400,2400,0,5522,125
06:49:10.337,active,15260,814,12480,16788,0,95,62.2,56.0,No,2400,2400,0,5510,125
06:49:11.337,active,15260,932,14256,16786,-6,95,62.8,57.4,No,2400,2400,0,5519,125
06:49:12.341,active,15253,748,11478,16785,-6,95,64.5,57.1,No,2400,2400,0,5521,125
06:49:13.337,active,15256,996,15240,16787,0,95,63.9,58.5,No,2400,2400,0,5526,125
06:49:14.338,active,15247,1028,15722,16788,4,95,63.4,52.8,No,2400,2400,0,5524,125
06:49:15.342,active,15232,880,12678,16787,0,95,63.9,55.1,No,2400,2400,0,5534,125
06:49:16.337,active,15249,942,14410,16788,0,95,62.8,54.3,No,2400,2400,0,5534,125
06:49:17.337,active,15262,626,10938,16788,0,95,63.4,53.8,No,2400,2400,0,5523,125
06:49:18.337,active,15271,910,13908,16787,0,95,63.4,54.4,No,2400,2400,0,5522,125
06:49:19.337,active,15299,496,7638,16786,0,95,63.4,53.9,No,2400,2400,0,5526,125
06:49:20.340,active,15294,792,12152,16787,0,95,63.4,53.2,No,2400,2400,0,5541,125
06:49:21.337,active,15296,786,12038,16789,0,95,63.4,57.1,No,2400,2400,0,5535,125
06:49:22.337,active,15299,776,11922,16789,0,95,63.9,52.6,No,2400,2400,0,5538,125
06:49:23.337,active,15292,750,11498,16787,0,95,63.4,52.2,No,2400,2400,0,5550,125
06:49:24.337,sleep,15290,454,6964,16789,9,95,59.5,3.5,No,2400,2400,0,5574,125
06:49:25.337,sleep,15299,518,7948,16789,13,95,58.4,0.3,No,2400,2400,0,5578,125
06:49:26.337,sleep,15288,540,8276,16789,13,95,57.3,0.3,No,2400,2400,0,5580,125
06:49:27.337,sleep,15283,512,7850,16790,17,95,59.0,0.3,No,2400,2400,0,5580,125
06:49:28.337,sleep,15281,522,8006,16789,14,95,56.8,-0.0,No,2400,2400,0,5582,125
06:49:29.337,sleep,15294,444,6790,16790,17,95,55.1,0.3,No,1500,2400,0,5592,125
06:49:30.337,sleep,15290,394,5710,16790,18,95,55.6,0.2,No,1500,2400,0,5591,125
06:49:31.337,sleep,15292,516,7908,16790,20,95,54.0,0.0,No,1500,2400,0,3839,75
06:49:32.337,sleep,15290,496,5112,16790,17,95,54.0,0.3,No,1500,2400,0,3493,75
06:49:33.337,sleep,15294,686,10532,16791,17,95,54.5,0.0,No,1500,2400,0,3445,75
06:49:34.337,sleep,15288,474,4166,16791,17,95,53.5,0.3,No,1500,2400,0,3427,75
06:49:35.337,sleep,15286,546,8372,16792,20,95,53.5,-0.0,No,1500,2400,0,3424,75
06:49:36.337,sleep,15288,332,4204,16790,18,95,53.5,0.3,No,1500,2400,0,3421,75
06:49:37.337,sleep,15288,420,6424,16790,18,95,52.4,0.0,No,1500,2400,0,3408,75
06:49:38.337,sleep,15283,456,6982,16792,16,95,52.4,0.3,No,1500,2400,0,3397,75
06:49:39.337,active,15299,680,10070,16789,3,95,57.3,56.5,No,2400,2400,0,3351,75
06:49:40.341,active,15303,726,11150,16789,0,95,58.4,53.8,No,2400,2400,0,3340,75
06:49:41.337,active,15264,834,11498,16788,0,95,58.4,53.0,No,2400,2400,0,3331,75
06:49:42.338,active,15290,742,11382,16787,0,95,59.0,54.8,No,2400,2400,0,4945,125
06:49:43.338,active,15286,676,13928,16786,0,95,59.5,57.6,No,2400,2400,0,5421,125
06:49:44.337,active,15266,804,12308,16787,0,95,60.6,58.2,No,2400,2400,0,5455,125
06:49:45.339,active,15273,924,14140,16787,0,95,61.1,58.7,No,2400,2400,0,5455,125
06:49:46.337,active,15262,690,10552,16787,0,95,61.7,57.2,No,2400,2400,0,5456,125
06:49:47.339,active,15326,480,7368,16788,0,95,61.7,57.1,No,2400,2400,0,5456,125
06:49:48.342,active,15286,748,7542,16787,0,95,61.1,55.1,No,2400,2400,0,5462,125
06:49:49.337,active,15294,684,10494,16786,-3,95,62.2,56.4,No,2400,2400,0,5464,125
06:49:50.340,active,15294,762,7832,16787,-3,95,62.2,57.1,No,2400,2400,0,5455,125
06:49:51.337,active,15294,670,10262,16787,-4,95,62.2,57.0,No,2400,2400,0,5469,125
06:49:52.339,active,15292,720,10166,16788,0,95,62.8,56.9,No,2400,2400,0,5471,125
06:49:53.337,active,15294,744,11400,16787,0,95,62.8,56.4,No,2400,2400,0,5471,125
06:49:54.338,active,15296,714,10956,16787,0,95,62.2,57.4,No,2400,2400,0,5474,125
06:49:55.337,active,15290,810,12424,16788,0,95,62.2,58.3,No,2400,2400,0,5478,125
06:49:56.337,active,15262,702,10744,16787,0,95,63.4,58.7,No,2400,2400,0,5481,125
06:49:57.337,active,15301,674,12230,16787,0,95,63.4,54.9,No,2400,2400,0,5484,125
06:49:58.337,active,15249,710,10860,16788,0,95,63.4,53.1,No,2400,2400,0,5482,125
06:49:59.341,active,15299,490,11844,16789,0,95,61.7,53.9,No,2400,2400,0,5490,125
06:50:00.337,active,15275,636,9742,16788,0,95,62.2,58.5,No,2400,2400,0,5495,125
06:50:01.337,active,15320,524,11324,16787,0,95,63.4,60.0,No,2400,2400,0,5490,125
06:50:02.337,active,15303,470,7214,16786,0,95,63.4,59.2,No,2400,2400,0,5495,125
06:50:03.337,active,15316,662,10128,16788,0,95,63.9,58.8,No,2400,2400,0,5503,125
06:50:04.338,active,15305,538,8256,16789,0,95,62.8,58.5,No,2400,2400,0,5494,125
06:50:05.337,active,15292,750,11498,16788,-3,95,62.8,59.4,No,2400,2400,0,5497,125
06:50:06.337,active,15305,704,10744,16787,0,95,63.4,59.0,No,2400,2400,0,5510,125
06:50:07.337,active,15301,784,12038,16787,0,95,63.4,60.1,No,2400,2400,0,5514,125
06:50:08.337,active,15292,784,11342,16787,0,95,62.8,57.5,No,2400,2400,0,5509,125
06:50:09.339,active,15301,734,11266,16787,0,95,63.4,59.0,No,2400,2400,0,5513,125
06:50:10.340,active,15273,732,11226,16787,0,95,62.8,57.8,No,2400,2400,0,5510,125
06:50:11.338,active,15296,842,12924,16787,0,95,62.2,57.2,No,2400,2400,0,5517,125
06:50:12.337,active,15286,740,11342,16788,0,95,63.9,57.0,No,2400,2400,0,5518,125
06:50:13.341,active,15301,744,11420,16787,0,95,63.4,55.6,No,2400,2400,0,5522,125
06:50:14.341,active,15316,522,8024,16787,0,95,63.4,57.2,No,2400,2400,0,5518,125
06:50:15.337,active,15331,478,8392,16788,0,95,62.2,57.0,No,2400,2400,0,5517,125
06:50:16.343,active,15324,502,7696,16788,3,95,62.2,53.1,No,2400,2400,0,5523,125
06:50:17.337,active,15292,744,8448,16788,0,95,63.4,53.8,No,2400,2400,0,5514,125
06:50:18.340,active,15329,494,7580,16788,0,95,63.4,54.8,No,2400,2400,0,5527,125
06:50:19.341,active,15307,734,8256,16788,0,95,63.4,54.2,No,2400,2400,0,5526,125
06:50:20.337,active,15335,576,8854,16788,4,95,63.4,54.0,No,2400,2400,0,5530,125
06:50:21.338,active,15290,782,11998,16787,0,95,62.2,54.1,No,2400,2400,0,5521,125
06:50:22.337,active,15350,498,7658,16788,3,95,63.4,54.9,No,2400,2400,0,5528,125
06:50:23.337,active,15256,1000,15298,16790,5,95,62.8,55.4,No,2400,2400,0,5526,125
06:50:24.340,active,15241,814,13774,16789,6,95,63.4,56.4,No,2400,2400,0,5523,125
06:50:25.341,active,15253,814,12442,16789,7,95,63.4,52.8,No,2400,2400,0,5526,125
06:50:26.341,active,15241,874,15258,16788,3,95,63.9,56.0,No,2400,2400,0,5523,125
06:50:27.338,active,15256,794,12134,16788,3,95,63.4,56.0,No,2400,2400,0,5526,125
06:50:28.337,active,15262,680,11922,16788,3,95,63.4,56.0,No,2400,2400,0,5531,125
06:50:29.337,active,15232,802,12268,16788,0,95,63.4,55.8,No,2400,2400,0,5524,125
06:50:30.341,active,15296,840,12828,16787,-3,95,63.4,54.0,No,2400,2400,0,5531,125
06:50:31.337,active,15256,718,10976,16786,-3,95,63.9,53.9,No,2400,2400,0,5526,125
06:50:32.338,active,15290,774,11864,16787,0,95,63.9,53.2,No,2400,2400,0,5530,125
06:50:33.338,active,15290,770,7600,16788,0,95,61.7,55.8,No,2400,2400,0,5530,125
06:50:34.337,active,15290,800,12250,16788,0,95,62.8,53.8,No,2400,2400,0,5538,125
06:50:35.337,active,15286,744,11226,16789,0,95,63.4,53.0,No,2400,2400,0,5536,125
06:50:36.341,active,15292,712,10918,16790,7,95,62.2,52.5,No,2400,2400,0,5539,125
06:50:37.337,active,15296,704,10224,16789,6,95,62.8,52.4,No,2400,2400,0,5540,125
06:50:38.338,active,15301,736,11284,16787,3,95,62.8,53.0,No,2400,2400,0,5530,125
06:50:39.337,sleep,15299,744,8024,16790,15,95,59.5,6.3,No,2400,2400,0,5578,125
06:50:40.337,sleep,15292,462,7080,16790,15,95,58.4,0.0,No,2400,2400,0,5580,125
06:50:41.337,sleep,15292,458,7022,16790,15,95,57.9,0.3,No,2400,2400,0,5585,125
06:50:42.337,sleep,15288,502,7002,16790,16,95,56.8,0.2,No,2400,2400,0,5579,125
06:50:43.337,sleep,15296,530,8140,16789,13,95,56.2,0.0,No,2400,2400,0,5577,125
06:50:44.337,sleep,15294,402,8584,16791,18,95,55.6,0.0,No,1500,2400,0,5583,125
06:50:45.337,sleep,15290,422,6482,16791,20,95,55.1,0.0,No,1500,2400,0,5587,125
06:50:46.337,sleep,15286,386,7080,16791,19,95,54.5,0.3,No,1500,2400,0,5212,75
06:50:47.337,sleep,15292,342,5246,16792,19,95,54.5,-0.0,No,1500,2400,0,3689,75
06:50:48.337,sleep,15283,362,6076,16792,19,95,54.0,0.0,No,1500,2400,0,3464,75
06:50:49.337,sleep,15294,298,4572,16791,21,95,52.4,0.3,No,1500,2400,0,3428,75
06:50:50.337,sleep,15292,518,5188,16791,18,95,54.0,-0.0,No,1500,2400,0,3414,75
06:50:51.337,sleep,15288,366,5612,16791,18,95,52.9,0.3,No,1500,2400,0,3419,75
06:50:52.337,sleep,15288,346,6654,16793,19,95,52.9,0.0,No,1500,2400,0,3402,75
06:50:53.337,sleep,15286,322,4958,16794,24,95,52.9,0.3,No,1500,2400,0,3405,75
06:50:54.341,active,15258,748,13580,16790,6,95,56.2,56.6,No,2400,2400,0,3351,75
06:50:55.337,active,15268,690,10572,16788,0,95,57.3,57.7,No,2400,2400,0,3335,75
06:50:56.337,active,15256,790,12732,16788,0,95,58.4,56.9,No,2400,2400,0,3339,75
06:50:57.337,active,15251,726,11092,16787,0,95,60.0,57.6,No,2400,2400,0,3333,75
06:50:58.337,active,15251,730,11980,16787,0,95,60.6,57.3,No,2400,2400,0,5161,125
06:50:59.340,active,15266,788,12076,16788,0,95,61.1,57.3,No,2400,2400,0,5433,125
06:51:00.340,active,15294,666,10204,16787,-6,95,60.6,56.7,No,2400,2400,0,5455,125
06:51:01.339,active,15296,708,10860,16787,-4,95,60.0,58.7,No,2400,2400,0,5449,125
06:51:02.337,active,15292,762,11670,16787,0,95,60.6,59.4,No,2400,2400,0,5443,125
06:51:03.340,active,15299,732,11246,16787,-3,95,61.7,59.0,No,2400,2400,0,5440,125
06:51:04.337,active,15301,718,11014,16788,0,95,61.7,58.6,No,2400,2400,0,5446,125
06:51:05.340,active,15296,724,11112,16788,0,95,62.2,58.4,No,2400,2400,0,5454,125
06:51:06.341,active,15301,720,11054,16787,0,95,61.7,59.1,No,2400,2400,0,5455,125
06:51:07.337,active,15299,746,11440,16787,0,95,61.7,59.2,No,2400,2400,0,5461,125
06:51:08.337,active,15305,714,10956,16788,0,95,62.2,59.6,No,2400,2400,0,5460,125
06:51:09.341,active,15324,576,10410,16788,3,95,62.8,58.5,No,2400,2400,0,5474,125
06:51:10.337,active,15311,488,7484,16789,0,95,62.8,59.0,No,2400,2400,0,5470,125
06:51:11.338,active,15335,380,7792,16789,0,95,62.2,59.6,No,2400,2400,0,5492,125
06:51:12.341,active,15309,528,8120,16788,0,95,62.8,58.5,No,2400,2400,0,5470,125
06:51:13.337,active,15318,596,7792,16789,4,95,61.1,53.9,No,2400,2400,0,5480,125
06:51:14.341,active,15326,478,7350,16788,0,95,63.4,58.0,No,2400,2400,0,5485,125
06:51:15.341,active,15341,490,6848,16788,0,95,62.8,54.6,No,2400,2400,0,5486,125
06:51:16.337,active,15286,566,8662,16787,0,95,63.4,55.5,No,2400,2400,0,5490,125
06:51:17.341,active,15292,690,7908,16787,0,95,62.2,60.2,No,2400,2400,0,5491,125
06:51:18.337,active,15264,896,10282,16787,0,95,62.2,54.8,No,2400,2400,0,5496,125
06:51:19.337,active,15245,744,11400,16787,-5,95,62.2,55.2,No,2400,2400,0,5489,125
06:51:20.341,active,15256,974,11670,16787,0,95,62.8,52.4,No,2400,2400,0,5499,125
06:51:21.341,active,15264,952,14584,16786,-3,95,62.2,52.3,No,2400,2400,0,5499,125
06:51:22.337,active,15253,870,12288,16787,-3,95,62.8,52.7,No,2400,2400,0,5493,125
06:51:23.343,active,15253,1010,15452,16787,-3,95,60.6,54.2,No,2400,2400,0,5499,125
06:51:24.337,active,15271,694,10996,16788,-3,95,62.8,55.7,No,2400,2400,0,5495,125
06:51:25.337,active,15256,898,13734,16788,0,95,63.4,55.2,No,2400,2400,0,5507,125
06:51:26.341,active,15256,532,11612,16788,0,95,62.8,53.6,No,2400,2400,0,5505,125
06:51:27.337,active,15296,734,7504,16788,0,95,63.4,55.9,No,2400,2400,0,5506,125
06:51:28.338,active,15299,760,11632,16788,0,95,62.8,55.0,No,2400,2400,0,5510,125
06:51:29.337,active,15301,816,11690,16787,0,95,63.4,55.1,No,2400,2400,0,5504,125
06:51:30.337,active,15299,704,10802,16786,-7,95,63.4,55.9,No,2400,2400,0,5509,125
06:51:31.340,active,15292,730,11960,16787,0,95,62.8,53.5,No,2400,2400,0,5512,125
06:51:32.338,active,15288,696,10668,16789,4,95,63.4,53.9,No,2400,2400,0,5512,125
06:51:33.338,active,15294,710,12520,16789,3,95,63.9,56.1,No,2400,2400,0,5499,125
06:51:34.342,active,15292,764,11728,16789,4,95,62.8,54.1,No,2400,2400,0,5509,125
06:51:35.337,active,15292,698,10880,16787,3,95,63.4,54.5,No,2400,2400,0,5523,125
06:51:36.337,active,15294,728,11150,16788,0,95,62.8,52.8,No,2400,2400,0,5523,125
06:51:37.338,active,15307,760,11594,16787,0,95,63.4,52.4,No,2400,2400,0,5516,125
06:51:38.337,active,15305,490,7504,16789,0,95,63.9,54.6,No,2400,2400,0,5511,125
06:51:39.340,active,15318,438,6712,16788,0,95,62.8,57.8,No,2400,2400,0,5515,125
06:51:40.342,active,15305,506,12382,16788,0,95,62.2,53.8,No,2400,2400,0,5524,125
06:51:41.337,active,15309,530,8120,16788,0,95,62.8,53.3,No,2400,2400,0,5529,125
06:51:42.337,active,15305,534,11902,16788,5,95,63.4,53.8,No,2400,2400,0,5523,125
06:51:43.341,active,15322,490,7522,16787,0,95,63.9,53.2,No,2400,2400,0,5523,125
06:51:44.337,active,15311,500,9568,16788,0,95,63.9,53.0,No,2400,2400,0,5520,125
06:51:45.337,active,15346,454,6964,16789,5,95,62.2,56.3,No,2400,2400,0,5523,125
06:51:46.337,active,15290,958,13620,16788,0,95,62.8,56.9,No,2400,2400,0,5520,125
06:51:47.338,active,15262,978,14970,16787,0,95,63.9,58.9,No,2400,2400,0,5523,125
06:51:48.341,active,15271,800,12288,16788,0,95,63.9,57.7,No,2400,2400,0,5522,125
06:51:49.337,active,15264,988,15124,16786,0,95,63.9,58.1,No,2400,2400,0,5526,125
06:51:50.337,active,15277,788,12076,16787,0,95,63.9,57.3,No,2400,2400,0,5524,125
06:51:51.339,active,15253,840,12848,16788,-3,95,62.8,57.6,No,2400,2400,0,5523,125
06:51:52.337,active,15260,952,14564,16788,0,95,63.4,57.2,No,2400,2400,0,5523,125
06:51:53.337,active,15283,734,11246,16788,0,95,63.9,57.7,No,2400,2400,0,5524,125
06:51:54.337,sleep,15290,514,7890,16789,7,95,59.5,8.0,No,2400,2400,0,5580,125
06:51:55.337,sleep,15290,446,7522,16789,11,95,59.0,0.3,No,2400,2400,0,5577,125
06:51:56.337,sleep,15292,472,7252,16790,10,95,58.4,0.3,No,2400,2400,0,5575,125
06:51:57.337,sleep,15292,550,6866,16791,12,95,57.3,0.0,No,2400,2400,0,5575,125
06:51:58.337,sleep,15292,486,7466,16791,8,95,56.2,0.3,No,2400,2400,0,5582,125
06:51:59.337,sleep,15286,438,5998,16791,15,95,56.2,0.0,No,1500,2400,0,5591,125
06:52:00.337,sleep,15288,464,7138,16791,17,95,55.1,0.2,No,1500,2400,0,5586,125
06:52:01.337,sleep,15286,378,8430,16790,12,95,54.5,0.0,No,1500,2400,0,5590,125
06:52:02.337,sleep,15290,592,9086,16791,16,95,54.5,0.3,No,1500,2400,0,4595,75
06:52:03.337,sleep,15292,376,6482,16790,14,95,53.5,0.3,No,1500,2400,0,3610,75
06:52:04.337,sleep,15296,172,2662,16790,13,95,54.0,-0.0,No,1500,2400,0,3465,75
06:52:05.337,sleep,15292,626,9606,16792,14,95,52.9,0.0,No,1500,2400,0,3436,75
06:52:06.337,sleep,15296,230,3548,16791,14,95,52.9,0.3,No,1500,2400,0,3431,75
06:52:07.337,sleep,15292,238,3646,16791,14,95,52.9,0.0,No,1500,2400,0,3420,75
06:52:08.337,sleep,15286,540,8276,16791,13,95,52.4,0.3,No,1500,2400,0,3414,75
06:52:09.337,active,15301,782,11960,16789,0,95,56.2,52.4,No,2400,2400,0,3379,75
06:52:10.337,active,15307,512,7850,16787,-3,95,57.9,55.7,No,2400,2400,0,3354,75
06:52:11.337,active,15329,704,10802,16788,-3,95,59.0,58.3,No,2400,2400,0,3346,75
06:52:12.341,active,15311,440,6752,16788,0,95,61.1,59.3,No,2400,2400,0,3577,125
06:52:13.341,active,15344,432,6616,16787,-4,95,59.5,57.7,No,2400,2400,0,5328,125
06:52:14.337,active,15266,828,10282,16787,-8,95,60.0,57.7,No,2400,2400,0,5459,125
06:52:15.341,active,15256,1020,15586,16786,-7,95,60.6,60.0,No,2400,2400,0,5466,125
06:52:16.341,active,15258,980,10398,16786,-7,95,61.1,57.9,No,2400,2400,0,5462,125
06:52:17.343,active,15305,690,10590,16786,-10,95,61.1,56.7,No,2400,2400,0,5469,125
06:52:18.338,active,15256,880,11324,16786,-6,95,61.1,56.1,No,2400,2400,0,5466,125
06:52:19.337,active,15277,688,10532,16787,-3,95,60.6,54.3,No,2400,2400,0,5469,125
06:52:20.337,active,15266,730,13658,16787,0,95,62.8,58.5,No,2400,2400,0,5471,125
06:52:21.340,active,15268,846,12964,16787,-3,95,61.7,56.3,No,2400,2400,0,5461,125
06:52:22.341,active,15251,890,10744,16787,-4,95,62.2,51.7,No,2400,2400,0,5461,125
06:52:23.337,active,15333,492,8256,16787,-5,95,61.1,51.3,No,2400,2400,0,5472,125
06:52:24.338,active,15288,476,7330,16786,-4,95,61.1,51.3,No,2400,2400,0,5482,125
06:52:25.337,active,15348,470,8314,16786,-5,95,60.6,51.7,No,2400,2400,0,5484,125
06:52:26.337,active,15294,498,7658,16788,-5,95,61.7,52.3,No,2400,2400,0,5500,125
06:52:27.337,active,15296,690,6866,16787,-8,95,61.7,54.6,No,2400,2400,0,5483,125
06:52:28.337,active,15294,464,7156,16788,-6,95,62.2,53.2,No,2400,2400,0,5491,125
06:52:29.337,active,15299,786,11014,16787,-3,95,62.2,54.1,No,2400,2400,0,5496,125
06:52:30.342,active,15299,718,11014,16785,-6,95,62.2,56.5,No,2400,2400,0,5477,125
06:52:31.337,active,15296,660,11922,16786,-7,95,62.2,56.4,No,2400,2400,0,5475,125
06:52:32.337,active,15243,900,13754,16788,0,95,62.8,53.9,No,2400,2400,0,5490,125
06:52:33.337,active,15296,750,11458,16787,0,95,63.4,55.7,No,2400,2400,0,5503,125
06:52:34.340,active,15262,760,11632,16787,0,95,62.8,53.8,No,2400,2400,0,5492,125
06:52:35.338,active,15299,624,9568,16787,0,95,62.2,55.0,No,2400,2400,0,5496,125
06:52:36.337,active,15281,604,9260,16788,0,95,61.7,52.4,No,2400,2400,0,5502,125
06:52:37.337,active,15303,754,11516,16786,0,95,61.7,52.3,No,2400,2400,0,5511,125
06:52:38.337,active,15301,526,8064,16788,0,95,63.4,52.4,No,2400,2400,0,5515,125
06:52:39.337,active,15307,672,10282,16788,0,95,62.2,52.0,No,2400,2400,0,5505,125
06:52:40.339,active,15307,496,7600,16788,0,95,62.2,52.1,No,2400,2400,0,5508,125
06:52:41.342,active,15294,738,11324,16786,-5,95,61.7,52.0,No,2400,2400,0,5509,125
06:52:42.337,active,15299,682,10686,16787,0,95,61.1,52.9,No,2400,2400,0,5519,125
06:52:43.337,active,15294,736,11266,16787,0,95,63.4,52.9,No,2400,2400,0,5516,125
06:52:44.341,active,15305,728,10822,16789,5,95,62.2,52.8,No,2400,2400,0,5518,125
06:52:45.338,active,15286,778,11922,16788,0,95,62.8,55.0,No,2400,2400,0,5511,125
06:52:46.341,active,15288,744,10784,16789,0,95,63.9,57.4,No,2400,2400,0,5518,125
06:52:47.337,active,15273,904,13850,16787,-3,95,62.8,56.1,No,2400,2400,0,5521,125
06:52:48.337,active,15271,872,11246,16787,0,95,62.8,57.7,No,2400,2400,0,5519,125
06:52:49.338,active,15283,858,13136,16787,0,95,63.4,59.1,No,2400,2400,0,5518,125
06:52:50.337,active,15292,498,7658,16788,0,95,63.4,58.3,No,2400,2400,0,5505,125
06:52:51.339,active,15348,506,7792,16786,-3,95,62.2,56.8,No,2400,2400,0,5520,125
06:52:52.343,active,15294,486,7484,16787,0,95,62.8,56.9,No,2400,2400,0,5525,125
06:52:53.337,active,15294,762,7830,16786,-5,95,63.4,57.0,No,2400,2400,0,5526,125
06:52:54.339,active,15292,502,7736,16787,-5,95,63.9,58.6,No,2400,2400,0,5521,125
06:52:55.337,active,15299,702,10744,16787,0,95,63.9,57.7,No,2400,2400,0,5521,125
06:52:56.339,active,15292,738,11304,16787,0,95,63.9,57.6,No,2400,2400,0,5525,125
06:52:57.337,active,15290,726,11284,16788,0,95,63.9,56.8,No,2400,2400,0,5528,125
06:52:58.338,active,15299,674,10320,16789,5,95,62.8,57.2,No,2400,2400,0,5531,125
06:52:59.337,active,15294,684,11824,16787,0,95,64.5,58.2,No,2400,2400,0,5531,125
06:53:00.341,active,15262,812,12424,16788,0,95,63.9,56.7,No,2400,2400,0,5527,125
06:53:01.337,active,15268,728,11150,16788,3,95,63.4,56.7,No,2400,2400,0,5525,125
06:53:02.337,active,15258,644,9838,16788,0,95,63.9,57.3,No,2400,2400,0,5527,125
06:53:03.344,active,15299,844,12906,16788,0,95,63.9,56.7,No,2400,2400,0,5529,125
06:53:04.337,active,15273,796,12172,16787,0,95,64.5,57.2,No,2400,2400,0,5522,125
06:53:05.341,active,15318,716,10956,16789,0,95,63.9,58.2,No,2400,2400,0,5520,125
06:53:06.341,active,15303,718,11014,16787,0,95,63.9,57.8,No,2400,2400,0,5521,125
06:53:07.337,active,15316,714,10918,16787,-5,95,63.9,57.7,No,2400,2400,0,5534,125
06:53:08.340,active,15311,526,12160,16786,0,95,63.9,59.0,No,2400,2400,0,5534,125
06:53:09.337,sleep,15290,484,7408,16789,6,95,60.6,11.0,No,2400,2400,0,5577,125
06:53:10.337,sleep,15292,308,6982,16788,10,95,59.0,0.0,No,2400,2400,0,5583,125
06:53:11.337,sleep,15288,498,7638,16790,8,95,57.9,-0.0,No,2400,2400,0,5579,125
06:53:12.337,sleep,15288,526,8044,16790,7,95,57.9,0.0,No,2400,2400,0,5578,125
06:53:13.337,sleep,15290,464,7138,16790,6,95,57.3,0.5,No,2400,2400,0,5564,125
06:53:14.337,sleep,15290,416,6366,16791,13,95,55.6,0.3,No,1500,2400,0,5583,125
06:53:15.337,sleep,15283,496,7620,16789,11,95,55.1,0.5,No,1500,2400,0,5584,125
06:53:16.337,sleep,15283,400,6134,16790,15,95,54.0,0.0,No,1500,2400,0,5591,125
06:53:17.337,sleep,15288,540,8276,16791,15,95,54.5,0.3,No,1500,2400,0,4296,75
06:53:18.337,sleep,15288,386,5902,16790,13,95,54.5,-0.0,No,1500,2400,0,3554,75
06:53:19.337,sleep,15286,400,5458,16791,12,95,54.0,0.3,No,1500,2400,0,3442,75
06:53:20.337,sleep,15290,540,8276,16790,12,95,53.5,0.0,No,1500,2400,0,3430,75
06:53:21.337,sleep,15288,398,7022,16790,12,95,52.9,0.3,No,1500,2400,0,3419,75
06:53:22.337,sleep,15288,504,7716,16790,12,95,52.4,0.0,No,1500,2400,0,3414,75
06:53:23.337,sleep,15290,518,6500,16790,10,95,53.5,0.3,No,1500,2400,0,3407,75
06:53:24.341,active,15326,492,7562,16787,0,95,57.3,54.1,No,2400,2400,0,3366,75
06:53:25.342,active,15296,428,6596,16787,-7,95,57.9,58.7,No,2400,2400,0,3341,75
06:53:26.337,active,15331,474,7292,16787,-4,95,58.4,53.4,No,2400,2400,0,3346,75
06:53:27.337,active,15243,942,14430,16788,0,95,60.0,54.5,No,2400,2400,0,3337,75
06:53:28.340,active,15256,884,9916,16786,-3,95,60.6,53.5,No,2400,2400,0,4371,125
06:53:29.341,active,15256,936,14294,16786,-6,95,61.1,53.5,No,2400,2400,0,5384,125
06:53:30.337,active,15273,714,13678,16788,-8,95,61.1,54.1,No,2400,2400,0,5463,125
06:53:31.341,active,15253,778,11902,16788,-4,95,60.6,56.3,No,2400,2400,0,5466,125
06:53:32.337,active,15232,782,14680,16787,-6,95,60.6,51.7,No,2400,2400,0,5469,125
06:53:33.337,active,15249,786,11998,16786,-6,95,62.8,52.4,No,2400,2400,0,5461,125
06:53:34.337,active,15256,732,13542,16786,-6,95,61.7,52.2,No,2400,2400,0,5460,125
06:53:35.337,active,15241,818,12480,16787,-3,95,61.1,51.4,No,2400,2400,0,5454,125
06:53:36.344,active,15299,744,11670,16785,-6,95,62.2,56.2,No,2400,2400,0,5458,125
06:53:37.343,active,15305,690,11130,16786,-3,95,61.1,56.2,No,2400,2400,0,5457,125
06:53:38.337,active,15305,782,11998,16786,-7,95,62.2,58.3,No,2400,2400,0,5466,125
06:53:39.337,active,15296,630,11458,16786,-3,95,63.9,56.6,No,2400,2400,0,5472,125
06:53:40.337,active,15292,804,12326,16786,0,95,62.8,55.0,No,2400,2400,0,5466,125
06:53:41.338,active,15294,762,11824,16788,0,95,62.8,52.7,No,2400,2400,0,5468,125
06:53:42.340,active,15303,704,10802,16787,0,95,62.2,53.3,No,2400,2400,0,5478,125
06:53:43.337,active,15294,704,11226,16787,-3,95,62.2,51.9,No,2400,2400,0,5479,125
06:53:44.337,active,15294,720,11054,16787,0,95,62.2,53.3,No,2400,2400,0,5479,125
06:53:45.338,active,15305,482,7388,16788,-4,95,62.8,52.8,No,2400,2400,0,5477,125
06:53:46.337,active,15301,432,6616,16787,0,95,62.2,51.7,No,2400,2400,0,5485,125
06:53:47.341,active,15294,506,7774,16787,-4,95,62.8,53.4,No,2400,2400,0,5492,125
06:53:48.342,active,15314,510,7832,16787,-4,95,62.2,56.9,No,2400,2400,0,5487,125
06:53:49.337,active,15337,522,8006,16787,-7,95,62.2,58.2,No,2400,2400,0,5487,125
06:53:50.341,active,15322,540,8294,16786,-5,95,63.4,58.1,No,2400,2400,0,5495,125
06:53:51.341,active,15344,480,7368,16786,-3,95,63.4,57.5,No,2400,2400,0,5484,125
06:53:52.338,active,15333,510,7832,16787,0,95,63.4,57.1,No,2400,2400,0,5498,125
06:53:53.338,active,15290,496,7620,16788,0,95,63.4,58.1,No,2400,2400,0,5493,125
06:53:54.337,active,15262,872,10976,16787,0,95,62.8,56.9,No,2400,2400,0,5492,125
06:53:55.337,active,15258,952,14564,16787,0,95,64.5,58.1,No,2400,2400,0,5499,125
06:53:56.341,active,15279,998,15298,16787,0,95,63.4,57.7,No,2400,2400,0,5504,125
06:53:57.337,active,15256,796,12172,16787,0,95,63.4,57.2,No,2400,2400,0,5512,125
06:53:58.343,active,15253,978,14970,16788,-6,95,63.4,57.6,No,2400,2400,0,5518,125
06:53:59.337,active,15277,742,11382,16788,0,95,63.4,57.6,No,2400,2400,0,5527,125
06:54:00.337,active,15262,850,13002,16788,-3,95,62.8,57.6,No,2400,2400,0,5505,125
06:54:01.337,active,15277,744,11400,16788,0,95,63.9,57.9,No,2400,2400,0,5509,125
06:54:02.337,active,15268,872,13368,16786,0,95,63.9,57.0,No,2400,2400,0,5526,125
06:54:03.339,active,15251,784,11998,16787,0,95,64.5,56.7,No,2400,2400,0,5512,125
06:54:04.338,active,15290,726,11130,16788,0,95,63.4,56.8,No,2400,2400,0,5512,125
06:54:05.337,active,15290,764,9760,16788,0,95,63.4,58.0,No,2400,2400,0,5526,125
06:54:06.337,active,15290,712,10918,16787,0,95,62.8,59.0,No,2400,2400,0,5524,125
06:54:07.337,active,15305,790,10494,16787,0,95,63.9,57.9,No,2400,2400,0,5515,125
06:54:08.337,active,15296,714,10938,16787,0,95,64.5,57.7,No,2400,2400,0,5521,125
06:54:09.341,active,15303,736,10860,16786,-3,95,64.5,58.3,No,2400,2400,0,5524,125
06:54:10.340,active,15296,724,11092,16788,-3,95,62.8,51.9,No,2400,2400,0,5529,125
06:54:11.337,active,15299,738,10802,16787,-4,95,62.8,52.5,No,2400,2400,0,5539,125
06:54:12.337,active,15292,778,11940,16786,-6,95,62.8,54.0,No,2400,2400,0,5526,125
06:54:13.341,active,15307,716,10996,16786,0,95,63.9,54.5,No,2400,2400,0,5521,125
06:54:14.337,active,15303,526,8082,16786,0,95,63.4,54.0,No,2400,2400,0,5545,125
06:54:15.338,active,15311,506,7754,16787,0,95,62.2,54.5,No,2400,2400,0,5525,125
06:54:16.338,active,15305,566,9212,16789,0,95,62.2,54.0,No,2400,2400,0,5510,125
06:54:17.337,active,15350,510,7850,16788,0,95,63.4,57.0,No,2400,2400,0,5512,125
06:54:18.337,active,15314,492,7542,16787,0,95,64.5,60.0,No,2400,2400,0,5519,125
06:54:19.337,active,15348,448,6866,16788,0,95,63.4,58.5,No,2400,2400,0,5520,125
06:54:20.341,active,15316,492,7736,16787,4,95,64.5,59.7,No,2400,2400,0,5530,125
06:54:21.341,active,15290,460,7080,16787,0,95,63.4,58.1,No,2400,2400,0,5523,125
06:54:22.337,active,15264,666,11130,16789,0,95,63.4,58.5,No,2400,2400,0,5524,125
06:54:23.337,active,15301,656,10070,16787,0,95,63.4,57.0,No,2400,2400,0,5519,125
06:54:24.337,sleep,15288,444,7118,16789,8,95,60.0,12.0,No,2400,2400,0,5562,125
06:54:25.337,sleep,15288,424,6500,16789,12,95,59.0,0.0,No,2400,2400,0,5575,125
06:54:26.337,sleep,15288,468,7176,16790,15,95,58.4,0.3,No,2400,2400,0,5571,125
06:54:27.337,sleep,15283,562,8622,16790,14,95,58.4,-0.0,No,2400,2400,0,5584,125
06:54:28.337,sleep,15283,494,7580,16789,11,95,57.3,0.3,No,2400,2400,0,5581,125
06:54:29.337,sleep,15288,478,7330,16790,12,95,56.2,0.7,No,1500,2400,0,5576,125
06:54:30.337,sleep,15294,390,5980,16790,13,95,55.6,1.0,No,1500,2400,0,5578,125
06:54:31.337,sleep,15281,402,5998,16789,14,95,55.1,0.2,No,1500,2400,0,5577,125
06:54:32.337,sleep,15286,210,3202,16792,17,95,54.0,0.0,No,1500,2400,0,3956,75
06:54:33.337,sleep,15288,382,8892,16791,18,95,54.0,0.3,No,1500,2400,0,3497,75
06:54:34.337,sleep,15286,362,5536,16792,20,95,54.0,0.0,No,1500,2400,0,3433,75
06:54:35.337,sleep,15290,370,6384,16791,18,95,54.0,0.0,No,1500,2400,0,3430,75
06:54:36.337,sleep,15288,530,8140,16791,19,95,54.0,0.3,No,1500,2400,0,3407,75
06:54:37.337,sleep,15290,472,7408,16791,17,95,52.9,-0.0,No,1500,2400,0,3412,75
06:54:38.337,sleep,15290,316,4842,16791,14,95,52.9,0.0,No,1500,2400,0,3412,75
06:54:39.337,active,15301,716,9818,16787,0,95,56.2,50.4,No,2400,2400,0,3367,75
06:54:40.337,active,15301,694,11416,16787,-6,95,59.0,55.5,No,2400,2400,0,3347,75
06:54:41.337,active,15296,644,9838,16786,-8,95,59.0,54.5,No,2400,2400,0,3322,75
06:54:42.337,active,15294,400,10996,16786,-3,95,59.0,54.0,No,2400,2400,0,3335,75
06:54:43.341,active,15320,630,9626,16787,0,95,60.0,57.1,No,2400,2400,0,3327,75
06:54:44.337,active,15299,490,12964,16788,0,95,59.0,51.5,No,2400,2400,0,4666,125
06:54:45.337,active,15307,424,6520,16789,-4,95,60.6,52.4,No,2400,2400,0,5400,125
06:54:46.340,active,15303,434,12114,16789,0,95,60.6,52.4,No,2400,2400,0,5452,125
06:54:47.341,active,15299,556,8526,16787,0,95,61.1,51.7,No,2400,2400,0,5448,125
06:54:48.337,active,15309,498,10802,16787,-3,95,61.1,51.7,No,2400,2400,0,5445,125
06:54:49.337,active,15277,766,11728,16787,-3,95,60.6,54.9,No,2400,2400,0,5444,125
06:54:50.337,active,15303,690,10572,16788,0,95,61.1,53.3,No,2400,2400,0,5448,125
06:54:51.337,active,15301,738,11304,16788,0,95,60.6,52.9,No,2400,2400,0,5449,125
06:54:52.337,active,15292,728,11170,16788,0,95,61.7,52.5,No,2400,2400,0,5447,125
06:54:53.337,active,15303,728,11170,16786,-5,95,61.1,52.4,No,2400,2400,0,5453,125
06:54:54.341,active,15260,748,11478,16786,-5,95,61.7,53.0,No,2400,2400,0,5452,125
06:54:55.339,active,15266,896,10662,16787,0,95,61.7,57.5,No,2400,2400,0,5457,125
06:54:56.337,active,15268,884,13522,16787,-4,95,62.2,58.1,No,2400,2400,0,5462,125
06:54:57.337,active,15264,908,11586,16787,0,95,63.4,57.1,No,2400,2400,0,5461,125
06:54:58.337,active,15348,916,14024,16787,-4,95,62.8,57.8,No,2400,2400,0,5459,125
06:54:59.339,active,15296,708,8874,16787,-4,95,62.8,57.0,No,2400,2400,0,5464,125
06:55:00.342,active,15294,746,11440,16786,-7,95,62.8,56.6,No,2400,2400,0,5470,125
06:55:01.337,active,15292,264,7350,16786,-6,95,62.2,57.8,No,2400,2400,0,5471,125
06:55:02.337,active,15292,760,11652,16785,-5,95,63.4,57.3,No,2400,2400,0,5474,125
06:55:03.341,active,15299,718,11034,16786,-7,95,63.9,57.4,No,2400,2400,0,5479,125
06:55:04.337,active,15294,704,10802,16788,-5,95,63.4,57.7,No,2400,2400,0,5472,125
06:55:05.337,active,15301,754,11554,16788,0,95,62.8,57.3,No,2400,2400,0,5468,125
06:55:06.337,active,15292,770,11806,16785,-4,95,62.2,56.7,No,2400,2400,0,5487,125
06:55:07.337,active,15296,702,10764,16787,-6,95,62.8,57.6,No,2400,2400,0,5499,125
06:55:08.341,active,15275,712,10648,16788,-3,95,63.9,57.4,No,2400,2400,0,5492,125
06:55:09.337,active,15256,760,11632,16787,-5,95,63.9,57.2,No,2400,2400,0,5501,125
06:55:10.337,active,15299,726,11882,16786,-9,95,63.4,57.0,No,2400,2400,0,5488,125
06:55:11.342,active,15251,758,11594,16787,-5,95,63.4,57.2,No,2400,2400,0,5492,125
06:55:12.337,active,15303,480,12250,16786,0,95,62.8,56.7,No,2400,2400,0,5495,125
06:55:13.337,active,15249,672,10262,16786,-4,95,63.4,58.5,No,2400,2400,0,5500,125
06:55:14.337,active,15307,520,10918,16787,-3,95,63.9,57.7,No,2400,2400,0,5503,125
06:55:15.337,active,15307,552,8488,16786,-4,95,63.9,56.6,No,2400,2400,0,5496,125
06:55:16.341,active,15305,484,10842,16788,0,95,63.9,53.8,No,2400,2400,0,5499,125
06:55:17.338,active,15305,710,10386,16787,0,95,62.8,54.7,No,2400,2400,0,5517,125
06:55:18.337,active,15275,764,11710,16787,0,95,63.9,59.2,No,2400,2400,0,5522,125
06:55:19.337,active,15303,776,10572,16788,0,95,64.5,58.7,No,2400,2400,0,5508,125
06:55:20.337,active,15264,660,10128,16788,0,95,63.9,59.4,No,2400,2400,0,5501,125
06:55:21.340,active,15286,720,11072,16787,0,95,63.9,58.5,No,2400,2400,0,5505,125
06:55:22.338,active,15307,728,11188,16787,-4,95,62.8,58.3,No,2400,2400,0,5515,125
06:55:23.337,active,15268,980,11150,16788,0,95,62.2,58.0,No,2400,2400,0,5512,125
06:55:24.337,active,15307,760,11670,16788,4,95,63.4,59.8,No,2400,2400,0,5514,125
06:55:25.340,active,15264,934,10956,16787,0,95,63.9,59.1,No,2400,2400,0,5510,125
06:55:26.337,active,15348,528,7928,16788,3,95,64.5,59.8,No,2400,2400,0,5521,125
06:55:27.337,active,15346,448,6886,16788,0,95,63.9,59.0,No,2400,2400,0,5543,125
06:55:28.338,active,15311,464,7234,16787,0,95,62.8,56.4,No,2400,2400,0,5537,125
06:55:29.337,active,15296,498,7638,16787,0,95,62.8,58.2,No,2400,2400,0,5523,125
06:55:30.337,active,15324,510,7292,16788,0,95,63.9,58.8,No,2400,2400,0,5515,125
06:55:31.341,active,15322,430,6616,16788,0,95,63.9,57.0,No,2400,2400,0,5525,125
06:55:32.337,active,15339,450,8256,16788,0,95,63.4,54.8,No,2400,2400,0,5531,125
06:55:33.337,active,15335,488,7504,16788,-3,95,62.8,55.1,No,2400,2400,0,5536,125
06:55:34.337,active,15296,674,7446,16789,0,95,63.4,57.5,No,2400,2400,0,5523,125
06:55:35.337,active,15247,812,12404,16787,-6,95,63.4,54.3,No,2400,2400,0,5518,125
06:55:36.337,active,15247,954,14584,16786,-4,95,63.4,52.3,No,2400,2400,0,5523,125
06:55:37.337,active,15247,770,11768,16786,-3,95,63.4,51.5,No,2400,2400,0,5527,125
06:55:38.338,active,15268,880,13446,16787,0,95,63.4,51.5,No,2400,2400,0,5525,125
06:55:39.337,sleep,15299,478,7330,16789,8,95,60.0,11.6,No,2400,2400,0,5561,125
06:55:40.337,sleep,15296,564,8642,16790,14,95,59.0,0.3,No,2400,2400,0,5577,125
06:55:41.337,sleep,15290,474,7528,16790,12,95,59.0,0.0,No,2400,2400,0,5572,125
06:55:42.337,sleep,15292,456,6982,16788,8,95,57.9,0.2,No,2400,2400,0,5583,125
06:55:43.337,sleep,15294,452,8460,16788,6,95,56.8,0.0,No,2400,2400,0,5577,125
06:55:44.337,sleep,15292,382,5864,16790,7,95,55.6,0.0,No,1500,2400,0,5590,125
06:55:45.337,sleep,15290,378,6114,16790,8,95,55.6,0.2,No,1500,2400,0,5576,125
06:55:46.337,sleep,15292,432,6636,16790,11,95,55.6,0.0,No,1500,2400,0,5518,75
06:55:47.337,sleep,15279,262,6326,16791,16,95,54.5,0.5,No,1500,2400,0,3754,75
06:55:48.337,sleep,15296,456,6982,16791,17,95,54.5,0.0,No,1500,2400,0,3474,75
06:55:49.337,sleep,15292,392,5748,16790,17,95,52.9,0.3,No,1500,2400,0,3437,75
06:55:50.337,sleep,15294,474,7292,16791,16,95,52.9,0.0,No,1500,2400,0,3427,75
06:55:51.337,sleep,15288,548,4842,16793,17,95,52.9,0.3,No,1500,2400,0,3412,75
06:55:52.337,sleep,15288,330,5054,16793,15,95,53.5,0.0,No,1500,2400,0,3414,75
06:55:53.337,sleep,15294,346,5786,16791,16,95,52.4,0.3,No,1500,2400,0,3404,75
06:55:54.337,active,15301,456,8392,16788,6,95,56.8,46.2,No,2400,2400,0,3360,75
06:55:55.339,active,15314,436,6694,16786,-7,95,57.9,52.5,No,2400,2400,0,3350,75
06:55:56.341,active,15305,446,7600,16787,-6,95,57.9,51.9,No,2400,2400,0,3343,75
06:55:57.337,active,15292,462,7118,16788,-3,95,59.0,55.4,No,2400,2400,0,3330,75
06:55:58.337,active,15348,524,7156,16788,-3,95,60.6,58.6,No,2400,2400,0,5061,125
06:55:59.337,active,15318,472,7234,16787,-4,95,60.6,57.1,No,2400,2400,0,5419,125
06:56:00.338,active,15341,438,7118,16787,-3,95,61.7,57.9,No,2400,2400,0,5446,125
06:56:01.338,active,15333,508,7812,16787,-5,95,60.6,57.6,No,2400,2400,0,5450,125
06:56:02.339,active,15292,724,7426,16786,-8,95,60.6,57.1,No,2400,2400,0,5433,125
06:56:03.337,active,15273,858,13136,16786,-6,95,61.1,57.0,No,2400,2400,0,5446,125
06:56:04.337,active,15260,790,12114,16786,0,95,61.7,57.8,No,2400,2400,0,5449,125
06:56:05.337,active,15268,760,11612,16787,-4,95,62.8,57.5,No,2400,2400,0,5446,125
06:56:06.339,active,15256,788,12056,16788,-4,95,62.2,56.7,No,2400,2400,0,5450,125
06:56:07.346,active,15256,784,11980,16788,0,95,61.1,58.3,No,2400,2400,0,5447,125
06:56:08.337,active,15256,708,10842,16787,0,95,61.7,57.4,No,2400,2400,0,5460,125
06:56:09.340,active,15264,918,13294,16787,0,95,62.2,58.8,No,2400,2400,0,5475,125
06:56:10.337,active,15258,720,11014,16786,-5,95,63.4,57.2,No,2400,2400,0,5470,125
06:56:11.339,active,15264,792,13394,16787,-3,95,62.8,58.3,No,2400,2400,0,5472,125
06:56:12.338,active,15288,728,11170,16788,0,95,62.8,56.9,No,2400,2400,0,5481,125
06:56:13.338,active,15301,730,11594,16788,0,95,62.8,58.7,No,2400,2400,0,5474,125
06:56:14.337,active,15296,684,10494,16787,0,95,63.4,57.1,No,2400,2400,0,5475,125
06:56:15.339,active,15303,806,12366,16786,0,95,63.4,57.7,No,2400,2400,0,5475,125
06:56:16.337,active,15301,694,10648,16786,-5,95,63.4,56.4,No,2400,2400,0,5479,125
06:56:17.340,active,15299,708,10860,16787,-6,95,63.9,57.9,No,2400,2400,0,5475,125
06:56:18.341,active,15292,776,11882,16788,-4,95,62.8,55.8,No,2400,2400,0,5480,125
06:56:19.337,active,15303,740,11362,16788,0,95,63.4,57.4,No,2400,2400,0,5480,125
06:56:20.337,active,15299,800,12288,16788,0,95,63.4,57.3,No,2400,2400,0,5479,125
06:56:21.340,active,15305,718,11014,16787,0,95,63.9,57.4,No,2400,2400,0,5489,125
06:56:22.337,active,15303,474,10956,16786,0,95,62.8,55.9,No,2400,2400,0,5490,125
06:56:23.341,active,15299,492,7542,16788,0,95,62.8,53.5,No,2400,2400,0,5499,125
06:56:24.340,active,15307,474,9278,16787,0,95,62.8,54.1,No,2400,2400,0,5495,125
06:56:25.337,active,15311,518,7966,16788,0,95,62.2,58.1,No,2400,2400,0,5520,125
06:56:26.340,active,15326,486,7890,16787,0,95,63.9,59.3,No,2400,2400,0,5500,125
06:56:27.337,active,15324,454,6982,16787,-4,95,63.4,58.5,No,2400,2400,0,5499,125
06:56:28.340,active,15294,740,6326,16786,-3,95,63.4,59.0,No,2400,2400,0,5503,125
06:56:29.341,active,15316,474,7272,16787,0,95,63.4,59.1,No,2400,2400,0,5492,125
06:56:30.337,active,15260,730,11188,16787,-3,95,62.2,58.2,No,2400,2400,0,5496,125
06:56:31.337,active,15271,922,11542,16787,-3,95,63.4,59.3,No,2400,2400,0,5505,125
06:56:32.341,active,15281,972,14854,16788,0,95,63.9,58.8,No,2400,2400,0,5505,125
06:56:33.337,active,15275,766,11236,16787,-3,95,63.4,58.5,No,2400,2400,0,5512,125
06:56:34.338,active,15262,936,14314,16786,-6,95,63.4,58.3,No,2400,2400,0,5514,125
06:56:35.337,active,15281,764,13994,16787,0,95,62.2,58.6,No,2400,2400,0,5511,125
06:56:36.337,active,15249,910,13928,16788,0,95,62.8,56.8,No,2400,2400,0,5512,125
06:56:37.337,active,15249,870,11756,16788,0,95,63.4,55.2,No,2400,2400,0,5509,125
06:56:38.337,active,15238,956,14622,16788,-3,95,63.4,54.6,No,2400,2400,0,5504,125
06:56:39.337,active,15296,444,7522,16786,-5,95,62.8,54.1,No,2400,2400,0,5513,125
06:56:40.341,active,15303,522,8024,16787,-5,95,62.8,56.9,No,2400,2400,0,5515,125
06:56:41.337,active,15299,654,7890,16786,-4,95,62.2,53.8,No,2400,2400,0,5516,125
06:56:42.337,active,15294,686,10514,16786,-3,95,63.4,52.3,No,2400,2400,0,5510,125
06:56:43.339,active,15290,474,7310,16787,0,95,63.9,52.3,No,2400,2400,0,5518,125
06:56:44.341,active,15292,672,10300,16786,-3,95,63.4,51.7,No,2400,2400,0,5517,125
06:56:45.337,active,15294,648,10784,16787,0,95,62.2,51.8,No,2400,2400,0,5527,125
06:56:46.338,active,15290,700,10726,16787,0,95,62.8,56.2,No,2400,2400,0,5518,125
06:56:47.337,active,15294,788,12096,16786,0,95,62.8,57.5,No,2400,2400,0,5519,125
06:56:48.337,active,15292,764,11710,16786,-3,95,63.4,53.8,No,2400,2400,0,5518,125
06:56:49.341,active,15305,782,11980,16787,0,95,63.9,54.3,No,2400,2400,0,5520,125
06:56:50.337,active,15301,464,11170,16786,0,95,63.4,54.1,No,2400,2400,0,5530,125
06:56:51.338,active,15305,674,10340,16787,0,95,62.2,51.8,No,2400,2400,0,5539,125
06:56:52.343,active,15301,504,12210,16787,0,95,62.8,54.7,No,2400,2400,0,5525,125
06:56:53.337,active,15311,424,6500,16787,0,95,62.8,53.5,No,2400,2400,0,5518,125
06:56:54.337,sleep,15296,510,8892,16789,3,95,59.0,13.9,No,2400,2400,0,5563,125
06:56:55.337,sleep,15301,468,7194,16788,10,95,58.4,-0.0,No,2400,2400,0,5569,125
06:56:56.337,sleep,15292,444,8256,16789,13,95,57.9,0.3,No,2400,2400,0,5566,125
06:56:57.337,sleep,15290,480,7368,16788,10,95,56.8,0.0,No,2400,2400,0,5567,125
06:56:58.337,sleep,15283,470,7194,16790,11,95,57.3,0.3,No,2400,2400,0,5563,125
06:56:59.337,sleep,15294,494,7580,16791,13,95,55.6,0.3,No,1500,2400,0,5589,125
06:57:00.337,sleep,15292,380,5844,16790,15,95,55.6,0.3,No,1500,2400,0,5587,125
06:57:01.337,sleep,15286,450,6886,16789,14,95,54.5,-0.0,No,1500,2400,0,5590,125
06:57:02.337,sleep,15283,552,8448,16790,15,95,54.0,0.0,No,1500,2400,0,4859,75
06:57:03.337,sleep,15288,508,7774,16792,14,95,54.0,0.3,No,1500,2400,0,3636,75
06:57:04.337,sleep,15290,302,4630,16791,11,95,54.0,0.0,No,1500,2400,0,3451,75
06:57:05.337,sleep,15290,278,4262,16791,10,95,53.5,0.2,No,1500,2400,0,3427,75
06:57:06.337,sleep,15288,374,5728,16791,14,95,53.5,0.0,No,1500,2400,0,3394,75
06:57:07.337,sleep,15294,522,9318,16790,16,95,52.9,0.0,No,1500,2400,0,3402,75
06:57:08.337,sleep,15288,364,5594,16790,16,95,52.4,0.2,No,1500,2400,0,3408,75
06:57:09.337,active,15296,584,6076,16788,6,95,55.6,46.2,No,2400,2400,0,3373,75
06:57:10.337,active,15296,674,10340,16788,-6,95,57.9,56.7,No,2400,2400,0,3354,75
06:57:11.341,active,15292,604,7620,16787,-9,95,59.5,56.9,No,2400,2400,0,3344,75
06:57:12.337,active,15296,708,10860,16787,-7,95,60.0,58.4,No,2400,2400,0,3355,125
06:57:13.338,active,15296,664,12114,16786,-10,95,60.6,57.3,No,2400,2400,0,5249,125
06:57:14.344,active,15301,682,10474,16786,-4,95,59.5,57.6,No,2400,2400,0,5439,125
06:57:15.337,active,15290,764,7408,16787,0,95,60.0,55.6,No,2400,2400,0,5451,125
06:57:16.337,active,15260,704,10784,16788,0,95,61.1,52.4,No,2400,2400,0,5454,125
06:57:17.339,active,15305,770,11768,16788,-3,95,60.6,52.7,No,2400,2400,0,5441,125
06:57:18.337,active,15286,648,9934,16786,-6,95,61.1,51.4,No,2400,2400,0,5450,125
06:57:19.338,active,15303,766,11710,16786,-4,95,60.6,51.7,No,2400,2400,0,5448,125
06:57:20.338,active,15303,434,6654,16785,-6,95,60.0,51.2,No,2400,2400,0,5454,125
06:57:21.337,active,15303,640,9800,16787,-6,95,61.1,52.8,No,2400,2400,0,5458,125
06:57:22.338,active,15305,508,7792,16788,-6,95,61.1,55.2,No,2400,2400,0,5460,125
06:57:23.339,active,15305,560,8584,16787,-4,95,61.7,52.2,No,2400,2400,0,5465,125
06:57:24.337,active,15309,522,12376,16787,-7,95,61.7,51.9,No,2400,2400,0,5466,125
06:57:25.338,active,15301,760,7908,16788,0,95,61.7,52.1,No,2400,2400,0,5474,125
06:57:26.337,active,15290,704,11072,16788,0,95,61.7,56.8,No,2400,2400,0,5474,125
06:57:27.341,active,15262,872,13350,16787,-4,95,62.8,57.8,No,2400,2400,0,5474,125
06:57:28.341,active,15271,768,11786,16785,-8,95,62.8,57.6,No,2400,2400,0,5479,125
06:57:29.337,active,15268,878,13446,16786,-9,95,62.8,57.3,No,2400,2400,0,5475,125
06:57:30.337,active,15268,772,11844,16787,-6,95,62.2,57.7,No,2400,2400,0,5477,125
06:57:31.340,active,15266,1010,15452,16786,-4,95,62.2,58.4,No,2400,2400,0,5483,125
06:57:32.337,active,15281,782,11960,16786,-5,95,61.7,59.5,No,2400,2400,0,5481,125
06:57:33.340,active,15266,900,13774,16785,-7,95,63.4,59.4,No,2400,2400,0,5483,125
06:57:34.337,active,15249,704,10784,16786,-7,95,61.7,59.5,No,2400,2400,0,5485,125
06:57:35.338,active,15344,486,8256,16786,-3,95,62.8,58.1,No,2400,2400,0,5486,125
06:57:36.338,active,15354,494,7620,16785,-4,95,62.2,56.2,No,2400,2400,0,5498,125
06:57:37.337,active,15299,732,6366,16786,-3,95,61.7,58.7,No,2400,2400,0,5491,125
06:57:38.337,active,15296,646,9916,16788,0,95,62.8,59.1,No,2400,2400,0,5505,125
06:57:39.337,active,15292,726,8256,16787,-4,95,63.9,58.0,No,2400,2400,0,5496,125
06:57:40.337,active,15286,754,11574,16786,0,95,62.8,58.4,No,2400,2400,0,5498,125
06:57:41.338,active,15290,448,7310,16786,0,95,63.4,58.3,No,2400,2400,0,5493,125
06:57:42.344,active,15294,706,10822,16785,-7,95,62.2,58.5,No,2400,2400,0,5498,125
06:57:43.337,active,15290,542,8334,16787,-4,95,61.7,57.0,No,2400,2400,0,5502,125
06:57:44.337,active,15245,806,14892,16788,0,95,62.8,55.4,No,2400,2400,0,5505,125
06:57:45.341,active,15256,882,13484,16787,-3,95,63.4,54.7,No,2400,2400,0,5508,125
06:57:46.337,active,15268,608,13098,16786,-4,95,62.8,59.0,No,2400,2400,0,5511,125
06:57:47.338,active,15266,636,9742,16785,-3,95,62.2,55.6,No,2400,2400,0,5509,125
06:57:48.337,active,15292,1020,14622,16786,0,95,61.7,51.8,No,2400,2400,0,5515,125
06:57:49.337,active,15243,732,11188,16789,3,95,62.8,52.4,No,2400,2400,0,5524,125
06:57:50.339,active,15303,790,12076,16788,0,95,62.8,52.2,No,2400,2400,0,5518,125
06:57:51.341,active,15249,676,10340,16787,-3,95,62.8,51.7,No,2400,2400,0,5514,125
06:57:52.337,active,15301,856,13078,16786,0,95,62.8,51.4,No,2400,2400,0,5517,125
06:57:53.341,active,15296,720,11498,16786,0,95,61.1,51.4,No,2400,2400,0,5513,125
06:57:54.337,active,15299,720,11054,16786,0,95,62.8,52.7,No,2400,2400,0,5512,125
06:57:55.337,active,15303,702,11652,16787,-4,95,62.8,53.9,No,2400,2400,0,5513,125
06:57:56.337,active,15301,712,10898,16786,-5,95,63.4,52.5,No,2400,2400,0,5519,125
06:57:57.337,active,15299,692,11324,16786,-3,95,62.8,51.3,No,2400,2400,0,5517,125
06:57:58.341,active,15296,752,11516,16786,0,95,62.2,51.9,No,2400,2400,0,5513,125
06:57:59.337,active,15301,706,10842,16787,0,95,61.7,52.1,No,2400,2400,0,5520,125
06:58:00.337,active,15296,748,11458,16788,0,95,62.8,52.4,No,2400,2400,0,5521,125
06:58:01.337,active,15294,690,10590,16788,0,95,63.4,52.3,No,2400,2400,0,5525,125
06:58:02.337,active,15314,494,7176,16787,0,95,62.8,51.7,No,2400,2400,0,5519,125
06:58:03.339,active,15309,592,9086,16787,0,95,62.8,51.4,No,2400,2400,0,5523,125
06:58:04.341,active,15314,552,8044,16786,0,95,62.8,52.7,No,2400,2400,0,5519,125
06:58:05.337,active,15305,492,7562,16788,0,95,62.8,54.9,No,2400,2400,0,5524,125
06:58:06.337,active,15331,480,7350,16788,4,95,62.2,54.0,No,2400,2400,0,5520,125
06:58:07.341,active,15326,578,8874,16789,0,95,63.4,56.2,No,2400,2400,0,5522,125
06:58:08.337,active,15335,506,7754,16789,0,95,62.8,53.2,No,2400,2400,0,5523,125
06:58:09.337,sleep,15288,534,7666,16790,9,95,59.5,16.6,No,2400,2400,0,5558,125
06:58:10.337,sleep,15290,460,7040,16789,13,95,59.0,0.0,No,2400,2400,0,5565,125
06:58:11.337,sleep,15290,264,7620,16790,12,95,57.9,-0.0,No,2400,2400,0,5568,125
06:58:12.337,sleep,15288,540,8276,16790,13,95,56.8,0.0,No,2400,2400,0,5568,125
06:58:13.337,sleep,15290,466,7138,16789,8,95,56.8,0.0,No,2400,2400,0,5569,125
06:58:14.337,sleep,15288,426,6520,16791,15,95,56.8,0.5,No,1500,2400,0,5576,125
06:58:15.337,sleep,15296,362,5536,16790,14,95,55.1,0.0,No,1500,2400,0,5582,125
06:58:16.337,sleep,15288,284,4358,16790,13,95,54.0,0.0,No,1500,2400,0,4258,75
06:58:17.337,sleep,15288,392,5998,16790,14,95,54.0,-0.0,No,1500,2400,0,3545,75
06:58:18.337,sleep,15281,384,4860,16791,17,95,53.5,0.3,No,1500,2400,0,3434,75
06:58:19.337,sleep,15288,570,8738,16791,15,95,52.9,0.0,No,1500,2400,0,3415,75
06:58:20.337,sleep,15288,310,5362,16790,15,95,52.9,0.3,No,1500,2400,0,3410,75
06:58:21.337,sleep,15294,540,8276,16790,17,95,52.9,0.0,No,1500,2400,0,3415,75
06:58:22.337,sleep,15294,336,5170,16790,15,95,52.9,0.0,No,1500,2400,0,3411,75
06:58:23.337,sleep,15294,350,5362,16792,18,95,52.4,0.3,No,1500,2400,0,3405,75
06:58:24.339,active,15294,458,7040,16789,10,95,56.2,43.8,No,2400,2400,0,3361,75
06:58:25.337,active,15292,772,11824,16788,0,95,57.9,51.4,No,2400,2400,0,3340,75
06:58:26.337,active,15294,724,11092,16788,0,95,58.4,51.9,No,2400,2400,0,3329,75
06:58:27.337,active,15294,728,11150,16788,0,95,58.4,55.6,No,2400,2400,0,3325,75
06:58:28.337,active,15307,702,10764,16788,0,95,60.0,57.6,No,2400,2400,0,3974,125
06:58:29.341,active,15307,520,10628,16788,0,95,60.0,56.9,No,2400,2400,0,5338,125
06:58:30.337,active,15314,510,7850,16788,-5,95,61.1,56.9,No,2400,2400,0,5439,125
06:58:31.337,active,15307,490,10686,16787,-3,95,61.1,57.8,No,2400,2400,0,5440,125
06:58:32.338,active,15311,480,7368,16787,0,95,59.5,57.4,No,2400,2400,0,5434,125
06:58:33.337,active,15331,986,12152,16787,-3,95,60.6,57.9,No,2400,2400,0,5435,125
06:58:34.337,active,15303,550,8448,16788,-3,95,62.8,58.1,No,2400,2400,0,5427,125
06:58:35.337,active,15318,470,7194,16788,0,95,62.2,57.9,No,2400,2400,0,5431,125
06:58:36.337,active,15305,510,7832,16788,0,95,61.1,58.6,No,2400,2400,0,5439,125
06:58:37.338,active,15335,438,6712,16788,0,95,61.1,57.0,No,2400,2400,0,5445,125
06:58:38.338,active,15275,1016,10860,16787,0,95,61.7,58.6,No,2400,2400,0,5456,125
06:58:39.337,active,15303,754,11574,16787,0,95,61.7,59.1,No,2400,2400,0,5451,125
06:58:40.337,active,15262,720,11054,16786,0,95,61.7,58.9,No,2400,2400,0,5452,125
06:58:41.337,active,15277,748,11458,16787,0,95,62.8,58.4,No,2400,2400,0,5451,125
06:58:42.340,active,15264,668,10244,16787,-5,95,62.8,58.4,No,2400,2400,0,5466,125
06:58:43.342,active,15262,1000,15316,16786,-6,95,62.2,58.2,No,2400,2400,0,5465,125
06:58:44.337,active,15273,710,10880,16786,-6,95,61.7,59.4,No,2400,2400,0,5465,125
06:58:45.337,active,15264,990,10536,16785,-7,95,62.8,59.9,No,2400,2400,0,5469,125
06:58:46.340,active,15273,900,13792,16785,-6,95,63.4,58.5,No,2400,2400,0,5472,125
06:58:47.340,active,15329,262,7580,16786,-7,95,62.8,57.6,No,2400,2400,0,5480,125
06:58:48.342,active,15318,510,7850,16787,-6,95,63.9,58.2,No,2400,2400,0,5482,125
06:58:49.337,active,15348,500,7678,16787,-3,95,62.2,56.2,No,2400,2400,0,5479,125
06:58:50.337,active,15331,486,7484,16787,-3,95,63.4,55.9,No,2400,2400,0,5483,125
06:58:51.337,active,15346,548,8410,16787,-4,95,62.2,55.0,No,2400,2400,0,5490,125
06:58:52.337,active,15316,470,7214,16788,0,95,62.2,54.8,No,2400,2400,0,5497,125
06:58:53.337,active,15292,468,7214,16788,0,95,62.2,56.8,No,2400,2400,0,5489,125
06:58:54.341,active,15346,500,7696,16789,-3,95,62.2,55.3,No,2400,2400,0,5501,125
06:58:55.337,active,15292,550,8430,16787,-3,95,61.7,51.2,No,2400,2400,0,5498,125
06:58:56.337,active,15251,752,14024,16788,0,95,63.4,53.0,No,2400,2400,0,5497,125
06:58:57.341,active,15232,840,12808,16786,0,95,62.8,54.3,No,2400,2400,0,5497,125
06:58:58.337,active,15273,948,12964,16787,0,95,62.2,53.4,No,2400,2400,0,5491,125
06:58:59.337,active,15247,650,9954,16786,0,95,62.8,54.3,No,2400,2400,0,5505,125
06:59:00.343,active,15305,744,11208,16787,-3,95,60.6,53.7,No,2400,2400,0,5499,125
06:59:01.337,active,15256,702,10726,16786,-5,95,62.8,53.1,No,2400,2400,0,5508,125
06:59:02.337,active,15301,860,13156,16785,-8,95,61.7,57.0,No,2400,2400,0,5503,125
06:59:03.341,active,15303,622,9548,16787,0,95,63.4,53.5,No,2400,2400,0,5499,125
06:59:04.337,active,15324,722,11054,16787,-3,95,63.4,52.6,No,2400,2400,0,5508,125
06:59:05.338,active,15292,706,11150,16785,-4,95,61.1,54.0,No,2400,2400,0,5510,125
06:59:06.337,active,15296,748,11478,16787,0,95,62.2,51.3,No,2400,2400,0,5508,125
06:59:07.337,active,15299,742,11536,16787,-4,95,60.6,52.8,No,2400,2400,0,5510,125
06:59:08.340,active,15299,754,11574,16787,0,95,62.8,52.0,No,2400,2400,0,5512,125
06:59:09.341,active,15301,702,10668,16785,-5,95,62.8,51.8,No,2400,2400,0,5517,125
06:59:10.337,active,15299,720,11034,16786,-3,95,61.7,51.4,No,2400,2400,0,5514,125
06:59:11.338,active,15305,778,11554,16787,0,95,61.7,51.4,No,2400,2400,0,5511,125
06:59:12.337,active,15296,710,10880,16787,0,95,61.7,55.2,No,2400,2400,0,5508,125
06:59:13.337,active,15305,718,11612,16786,-6,95,62.2,55.8,No,2400,2400,0,5521,125
06:59:14.341,active,15275,810,12404,16786,-8,95,62.8,56.6,No,2400,2400,0,5522,125
06:59:15.337,active,15292,556,8546,16787,-3,95,63.4,55.6,No,2400,2400,0,5526,125
06:59:16.338,active,15311,530,8912,16787,-3,95,62.8,54.4,No,2400,2400,0,5531,125
06:59:17.342,active,15294,556,8546,16787,-4,95,62.2,57.0,No,2400,2400,0,5525,125
06:59:18.337,active,15322,546,7870,16787,0,95,62.2,57.6,No,2400,2400,0,5514,125
06:59:19.337,active,15309,504,7736,16788,0,95,63.4,53.7,No,2400,2400,0,5515,125
06:59:20.341,active,15331,492,7138,16789,0,95,63.4,53.7,No,2400,2400,0,5523,125
06:59:21.337,active,15309,522,8024,16788,0,95,62.8,53.1,No,2400,2400,0,5522,125
06:59:22.341,active,15292,740,6770,16788,0,95,62.8,55.6,No,2400,2400,0,5522,125
06:59:23.337,active,15294,670,10262,16786,-6,95,62.2,56.8,No,2400,2400,0,5519,125
06:59:24.337,sleep,15294,478,7330,16788,0,95,59.5,19.1,No,2400,2400,0,5556,125
06:59:25.337,sleep,15281,454,7220,16789,7,95,59.0,0.0,No,2400,2400,0,5574,125
06:59:26.337,sleep,15288,482,7388,16790,10,95,57.9,0.0,No,2400,2400,0,5569,125
06:59:27.337,sleep,15286,494,8074,16789,8,95,57.3,0.3,No,2400,2400,0,5558,125
06:59:28.337,sleep,15294,426,6538,16789,8,95,56.8,-0.0,No,2400,2400,0,5553,125
06:59:29.337,sleep,15290,504,5612,16789,6,95,55.6,0.0,No,1500,2400,0,5571,125
06:59:30.337,sleep,15292,314,4822,16789,11,95,54.5,-0.0,No,1500,2400,0,5577,125
06:59:31.337,sleep,15296,280,3510,16790,14,95,54.0,0.3,No,1500,2400,0,3932,75
06:59:32.337,sleep,15290,286,4378,16790,13,95,54.0,0.0,No,1500,2400,0,3496,75
06:59:33.337,sleep,15290,328,5034,16790,11,95,54.0,0.3,No,1500,2400,0,3421,75
06:59:34.337,sleep,15292,516,7908,16789,10,95,53.5,0.0,No,1500,2400,0,3421,75
06:59:35.337,sleep,15294,516,7908,16790,11,95,52.9,0.3,No,1500,2400,0,3413,75
06:59:36.337,sleep,15290,310,4764,16789,12,95,51.8,0.0,No,1500,2400,0,3404,75
06:59:37.337,sleep,15290,660,10128,16790,10,95,52.4,0.3,No,1500,2400,0,3388,75
06:59:38.337,sleep,15290,246,4804,16791,11,95,52.4,0.3,No,1500,2400,0,3392,75
06:59:39.337,active,15288,664,10186,16786,-4,95,55.6,44.4,No,2400,2400,0,3363,75
06:59:40.337,active,15305,694,11400,16786,-13,95,56.8,57.7,No,2400,2400,0,3336,75
06:59:41.337,active,15271,688,10552,16786,-8,95,59.0,58.0,No,2400,2400,0,3329,75
06:59:42.337,active,15314,588,9008,16786,-8,95,59.5,57.9,No,2400,2400,0,3328,75
06:59:43.340,active,15305,500,7678,16786,-8,95,59.5,58.9,No,2400,2400,0,3320,75
06:59:44.337,active,15322,476,7310,16785,-7,95,60.0,58.0,No,2400,2400,0,4620,125
06:59:45.339,active,15316,502,10768,16785,-10,95,60.6,59.3,No,2400,2400,0,5383,125
06:59:46.337,active,15344,442,6790,16785,-6,95,60.6,58.8,No,2400,2400,0,5434,125
06:59:47.337,active,15326,424,8044,16785,-8,95,61.1,58.1,No,2400,2400,0,5427,125
06:59:48.337,active,15318,474,7272,16785,-11,95,61.1,55.4,No,2400,2400,0,5429,125
06:59:49.338,active,15314,600,7736,16785,-8,95,61.1,54.1,No,2400,2400,0,5429,125
06:59:50.341,active,15316,484,7426,16786,-4,95,60.6,54.2,No,2400,2400,0,5433,125
06:59:51.337,active,15275,832,12732,16785,-6,95,61.1,57.8,No,2400,2400,0,5430,125
06:59:52.337,active,15266,890,12084,16786,0,95,61.1,55.1,No,2400,2400,0,5438,125
06:59:53.337,active,15262,894,13678,16786,-5,95,61.1,58.3,No,2400,2400,0,5425,125
06:59:54.339,active,15275,788,13426,16786,-8,95,61.7,59.0,No,2400,2400,0,5445,125
06:59:55.340,active,15234,866,13252,16785,-7,95,61.1,57.5,No,2400,2400,0,5445,125
06:59:56.337,active,15277,684,13350,16786,-4,95,61.1,57.3,No,2400,2400,0,5449,125
06:59:57.337,active,15256,918,14044,16786,-3,95,61.7,55.8,No,2400,2400,0,5457,125
06:59:58.337,active,15253,766,11844,16785,-6,95,62.2,55.2,No,2400,2400,0,5458,125
06:59:59.337,active,15251,908,13890,16786,-6,95,62.2,55.8,No,2400,2400,0,5461,125
07:00:00.341,active,15294,514,7908,16787,-3,95,61.7,55.5,No,2400,2400,0,5468,125
07:00:01.338,active,15294,682,7310,16786,-4,95,62.2,53.9,No,2400,2400,0,5465,125
07:00:02.337,active,15299,490,7522,16785,-6,95,60.6,52.1,No,2400,2400,0,5472,125
07:00:03.337,active,15292,760,8410,16786,-6,95,61.7,52.3,No,2400,2400,0,5469,125
07:00:04.341,active,15299,468,7156,16786,-3,95,62.2,52.3,No,2400,2400,0,5478,125
07:00:05.341,active,15294,764,8410,16787,-6,95,61.7,52.1,No,2400,2400,0,5484,125
07:00:06.337,active,15294,690,10590,16786,-9,95,61.7,55.2,No,2400,2400,0,5478,125
07:00:07.343,active,15305,726,10358,16786,-6,95,61.1,54.8,No,2400,2400,0,5494,125
07:00:08.337,active,15296,668,10244,16785,-7,95,61.1,52.7,No,2400,2400,0,5490,125
07:00:09.337,active,15311,660,10108,16785,-4,95,62.2,54.9,No,2400,2400,0,5483,125
07:00:10.341,active,15305,618,9490,16786,-6,95,62.2,55.5,No,2400,2400,0,5488,125
07:00:11.337,active,15316,776,11864,16787,-3,95,62.2,53.1,No,2400,2400,0,5494,125
07:00:12.338,active,15296,492,13686,16786,-4,95,62.2,51.8,No,2400,2400,0,5496,125
07:00:13.337,active,15303,590,9028,16785,-3,95,61.1,51.4,No,2400,2400,0,5494,125
07:00:14.337,active,15299,560,13292,16786,-4,95,61.7,52.3,No,2400,2400,0,5493,125
07:00:15.341,active,15331,480,7350,16785,-5,95,62.8,56.1,No,2400,2400,0,5515,125
07:00:16.337,active,15318,544,9260,16786,-6,95,62.8,54.8,No,2400,2400,0,5498,125
07:00:17.341,active,15301,432,6616,16786,-7,95,62.8,56.6,No,2400,2400,0,5491,125
07:00:18.338,active,15262,678,10398,16786,-7,95,62.2,57.0,No,2400,2400,0,5496,125
07:00:19.337,active,15299,752,11536,16785,-4,95,61.7,53.7,No,2400,2400,0,5501,125
07:00:20.337,active,15305,678,10398,16785,-6,95,62.2,53.0,No,2400,2400,0,5497,125
07:00:21.341,active,15266,924,10536,16785,-6,95,62.2,55.1,No,2400,2400,0,5501,125
07:00:22.337,active,15258,652,10012,16785,-3,95,62.8,53.5,No,2400,2400,0,5503,125
07:00:23.338,active,15275,774,10378,16787,0,95,62.8,55.4,No,2400,2400,0,5505,125
07:00:24.342,active,15264,722,11072,16788,0,95,61.7,54.1,No,2400,2400,0,5509,125
07:00:25.337,active,15266,902,9992,16787,0,95,62.8,53.3,No,2400,2400,0,5508,125
07:00:26.341,active,15303,754,11574,16786,-3,95,63.4,53.6,No,2400,2400,0,5534,125
07:00:27.341,active,15262,944,11824,16786,-5,95,62.8,53.1,No,2400,2400,0,5521,125
07:00:28.337,active,15329,520,7986,16786,-7,95,62.2,53.2,No,2400,2400,0,5522,125
07:00:29.337,active,15299,682,10474,16784,-10,95,61.7,58.7,No,2400,2400,0,5514,125
07:00:30.337,active,15294,596,8868,16785,-8,95,62.2,57.2,No,2400,2400,0,5512,125
07:00:31.337,active,15296,526,8102,16785,-10,95,62.8,57.4,No,2400,2400,0,5510,125
07:00:32.339,active,15292,678,8350,16785,-6,95,63.4,57.4,No,2400,2400,0,5506,125
07:00:33.339,active,15299,842,12906,16786,-6,95,62.8,57.0,No,2400,2400,0,5508,125
07:00:34.337,active,15292,680,8140,16785,0,95,63.4,56.6,No,2400,2400,0,5513,125
07:00:35.338,active,15294,754,11574,16785,-5,95,61.7,56.7,No,2400,2400,0,5514,125
07:00:36.337,active,15256,718,12346,16784,-6,95,62.8,58.3,No,2400,2400,0,5508,125
07:00:37.337,active,15273,752,11516,16786,-3,95,63.4,57.4,No,2400,2400,0,5518,125
07:00:38.337,active,15253,758,11594,16786,-6,95,63.9,56.9,No,2400,2400,0,5515,125
07:00:39.337,sleep,15299,448,6886,16788,0,95,60.0,20.7,No,2400,2400,0,5548,125
07:00:40.337,sleep,15294,446,6828,16788,10,95,59.0,-0.0,No,2400,2400,0,5561,125
07:00:41.337,sleep,15296,518,8952,16789,11,95,57.9,0.3,No,2400,2400,0,5563,125
07:00:42.337,sleep,15290,556,8526,16788,10,95,57.3,0.5,No,2400,2400,0,5569,125
07:00:43.337,sleep,15294,476,5774,16788,8,95,56.8,0.0,No,2400,2400,0,5562,125
07:00:44.337,sleep,15290,428,6558,16789,11,95,55.6,0.0,No,1500,2400,0,5571,125
07:00:45.337,sleep,15294,364,7736,16790,14,95,56.2,-0.0,No,1500,2400,0,5584,125
07:00:46.337,sleep,15294,532,8178,16790,13,95,54.5,0.3,No,1500,2400,0,5541,75
07:00:47.337,sleep,15288,362,5536,16790,17,95,54.0,-0.0,No,1500,2400,0,3759,75
07:00:48.337,sleep,15294,252,3858,16789,12,95,53.5,0.5,No,1500,2400,0,3445,75
07:00:49.337,sleep,15288,318,4860,16789,12,95,53.5,0.0,No,1500,2400,0,3411,75
07:00:50.337,sleep,15294,532,8178,16791,13,95,52.9,-0.0,No,1500,2400,0,3408,75
07:00:51.337,sleep,15292,262,4012,16791,13,95,52.9,0.3,No,1500,2400,0,3395,75
07:00:52.337,sleep,15294,464,7118,16791,13,95,52.9,0.0,No,1500,2400,0,3407,75
07:00:53.337,sleep,15288,436,6694,16790,12,95,51.8,0.2,No,1500,2400,0,3402,75
07:00:54.337,active,15286,846,12982,16785,0,95,56.2,44.4,No,2400,2400,0,3374,75
07:00:55.337,active,15329,454,6982,16785,-10,95,57.9,58.8,No,2400,2400,0,3338,75
07:00:56.338,active,15359,432,6192,16786,-8,95,59.0,58.6,No,2400,2400,0,3327,75
07:00:57.338,active,15339,492,7562,16786,-6,95,58.4,59.2,No,2400,2400,0,3307,75
07:00:58.337,active,15299,738,6770,16788,-3,95,60.0,58.4,No,2400,2400,0,3305,75
07:00:59.337,active,15354,470,7234,16787,-6,95,60.6,59.7,No,2400,2400,0,3313,75
07:01:00.337,active,15299,738,7214,16786,-5,95,60.6,59.2,No,2400,2400,0,4985,125
07:01:01.341,active,15318,514,7890,16786,-5,95,61.1,58.7,No,2400,2400,0,5410,125
07:01:02.341,active,15296,640,7986,16786,-5,95,60.6,58.3,No,2400,2400,0,5435,125
07:01:03.337,active,15294,670,10262,16786,-4,95,61.1,57.9,No,2400,2400,0,5431,125
07:01:04.337,active,15247,978,14970,16786,-4,95,61.1,56.3,No,2400,2400,0,5433,125
07:01:05.341,active,15262,818,12500,16787,-3,95,61.7,55.4,No,2400,2400,0,5433,125
07:01:06.341,active,15262,966,14796,16786,-4,95,61.1,56.1,No,2400,2400,0,5424,125
07:01:07.337,active,15247,806,12326,16785,-7,95,61.7,58.7,No,2400,2400,0,5431,125
07:01:08.338,active,15292,826,12636,16786,-4,95,60.6,51.8,No,2400,2400,0,5448,125
07:01:09.337,active,15243,800,12230,16787,-5,95,61.1,52.4,No,2400,2400,0,5459,125
07:01:10.337,active,15299,764,11670,16788,-3,95,61.1,52.3,No,2400,2400,0,5453,125
07:01:11.341,active,15241,632,9644,16787,0,95,62.8,52.6,No,2400,2400,0,5448,125
07:01:12.341,active,15307,848,12964,16787,0,95,62.8,51.3,No,2400,2400,0,5459,125
07:01:13.337,active,15294,494,7580,16787,0,95,62.8,51.5,No,2400,2400,0,5458,125
07:01:14.343,active,15296,808,12384,16787,0,95,62.2,51.2,No,2400,2400,0,5456,125
07:01:15.337,active,15309,728,11072,16788,-3,95,61.7,57.1,No,2400,2400,0,5461,125
07:01:16.341,active,15296,746,11440,16786,-3,95,62.8,57.0,No,2400,2400,0,5471,125
07:01:17.337,active,15277,894,10956,16786,-4,95,63.4,58.3,No,2400,2400,0,5461,125
07:01:18.338,active,15296,702,10764,16786,0,95,62.2,54.5,No,2400,2400,0,5463,125
07:01:19.338,active,15292,696,11690,16787,0,95,61.7,54.5,No,2400,2400,0,5469,125
07:01:20.337,active,15301,802,12308,16786,0,95,62.2,54.7,No,2400,2400,0,5474,125
07:01:21.337,active,15266,870,11112,16788,0,95,62.8,58.1,No,2400,2400,0,5479,125
07:01:22.341,active,15273,896,13734,16787,0,95,62.8,54.4,No,2400,2400,0,5476,125
07:01:23.337,active,15294,510,7832,16786,-4,95,63.4,56.7,No,2400,2400,0,5486,125
07:01:24.337,active,15322,398,7638,16786,0,95,62.8,55.5,No,2400,2400,0,5486,125
07:01:25.343,active,15294,526,8102,16786,0,95,62.2,54.9,No,2400,2400,0,5498,125
07:01:26.337,active,15326,530,8064,16786,0,95,62.2,53.2,No,2400,2400,0,5496,125
07:01:27.337,active,15311,532,8160,16787,0,95,62.2,52.8,No,2400,2400,0,5490,125
07:01:28.337,active,15341,496,7736,16787,0,95,62.8,53.4,No,2400,2400,0,5496,125
07:01:29.338,active,15346,514,7908,16787,0,95,63.4,56.3,No,2400,2400,0,5495,125
07:01:30.341,active,15292,654,8140,16787,0,95,62.8,55.4,No,2400,2400,0,5498,125
07:01:31.337,active,15292,588,9008,16786,0,95,62.2,57.0,No,2400,2400,0,5494,125
07:01:32.337,active,15232,926,14160,16787,0,95,62.2,53.3,No,2400,2400,0,5504,125
07:01:33.337,active,15256,796,13708,16788,0,95,61.7,55.5,No,2400,2400,0,5509,125
07:01:34.337,active,15256,756,11594,16788,0,95,63.9,57.5,No,2400,2400,0,5513,125
07:01:35.338,active,15262,762,11922,16787,0,95,62.8,57.2,No,2400,2400,0,5507,125
07:01:36.341,active,15247,726,11092,16786,0,95,62.8,57.6,No,2400,2400,0,5510,125
07:01:37.337,active,15256,668,14834,16787,0,95,62.2,57.6,No,2400,2400,0,5507,125
07:01:38.338,active,15299,780,11940,16786,0,95,62.8,56.8,No,2400,2400,0,5507,125
07:01:39.341,active,15279,682,12866,16789,0,95,63.4,57.5,No,2400,2400,0,5519,125
07:01:40.337,active,15299,800,12250,16789,0,95,63.4,57.0,No,2400,2400,0,5514,125
07:01:41.338,active,15296,728,11170,16787,0,95,63.4,57.0,No,2400,2400,0,5514,125
07:01:42.339,active,15290,838,12848,16787,0,95,63.4,57.8,No,2400,2400,0,5511,125
07:01:43.337,active,15303,664,10186,16785,0,95,63.4,57.9,No,2400,2400,0,5510,125
07:01:44.337,active,15303,800,12268,16786,-4,95,63.9,59.0,No,2400,2400,0,5505,125
07:01:45.337,active,15307,768,11768,16788,0,95,62.8,57.2,No,2400,2400,0,5512,125
07:01:46.337,active,15301,756,11612,16787,0,95,63.4,57.2,No,2400,2400,0,5512,125
07:01:47.341,active,15275,718,11014,16786,-3,95,63.4,56.5,No,2400,2400,0,5518,125
07:01:48.337,active,15303,734,11266,16787,0,95,62.2,56.8,No,2400,2400,0,5522,125
07:01:49.341,active,15286,762,11670,16785,-8,95,64.5,57.9,No,2400,2400,0,5522,125
07:01:50.337,active,15329,564,8044,16785,-8,95,63.4,58.0,No,2400,2400,0,5519,125
07:01:51.337,active,15318,420,6442,16786,0,95,63.9,57.3,No,2400,2400,0,5519,125
07:01:52.338,active,15309,510,8526,16786,0,95,64.5,55.2,No,2400,2400,0,5520,125
07:01:53.338,active,15322,594,9124,16786,-3,95,63.4,56.7,No,2400,2400,0,5514,125
07:01:54.337,sleep,15288,456,7214,16789,6,95,60.0,23.1,No,2400,2400,0,5545,125
07:01:55.337,sleep,15294,448,6886,16789,10,95,59.0,0.0,No,2400,2400,0,5563,125
07:01:56.337,sleep,15288,552,7774,16788,5,95,57.9,0.0,No,2400,2400,0,5568,125
07:01:57.337,sleep,15292,504,7716,16788,8,95,57.3,-0.0,No,2400,2400,0,5567,125
07:01:58.337,sleep,15294,550,7466,16789,6,95,57.3,0.0,No,2400,2400,0,5562,125
07:01:59.337,sleep,15292,470,7194,16787,4,95,55.1,0.3,No,1500,2400,0,5576,125
07:02:00.337,sleep,15292,514,7890,16790,11,95,55.1,0.3,No,1500,2400,0,5569,125
07:02:01.337,sleep,15294,488,7098,16790,10,95,54.5,0.0,No,1500,2400,0,4812,75
07:02:02.337,sleep,15292,336,5150,16790,15,95,54.5,0.0,No,1500,2400,0,3622,75
07:02:03.337,sleep,15301,344,6034,16789,12,95,54.5,0.3,No,1500,2400,0,3455,75
07:02:04.337,sleep,15290,344,5266,16788,12,95,52.4,0.3,No,1500,2400,0,3413,75
07:02:05.337,sleep,15288,626,3954,16791,14,95,54.0,0.2,No,1500,2400,0,3409,75
07:02:06.337,sleep,15296,306,4706,16790,13,95,53.5,0.0,No,1500,2400,0,3412,75
07:02:07.337,sleep,15292,252,5112,16790,13,95,52.9,0.0,No,1500,2400,0,3409,75
07:02:08.337,sleep,15294,632,9684,16791,16,95,51.8,0.3,No,1500,2400,0,3397,75
07:02:09.342,active,15296,678,9490,16789,6,95,56.2,41.0,No,2400,2400,0,3362,75
07:02:10.337,active,15299,674,10340,16787,0,95,57.9,56.9,No,2400,2400,0,3332,75
07:02:11.337,active,15296,662,10146,16785,-3,95,58.4,56.7,No,2400,2400,0,3329,75
07:02:12.340,active,15296,616,9452,16786,-3,95,59.0,55.7,No,2400,2400,0,3324,75
07:02:13.337,active,15296,708,10842,16787,-4,95,60.0,55.8,No,2400,2400,0,3319,75
07:02:14.339,active,15305,704,10802,16787,-4,95,60.0,57.9,No,2400,2400,0,3324,75
07:02:15.341,active,15260,748,11478,16787,-3,95,60.0,55.1,No,2400,2400,0,3319,125
07:02:16.337,active,15307,730,11188,16786,-4,95,60.6,52.6,No,2400,2400,0,5186,125
07:02:17.338,active,15301,744,11420,16786,-5,95,60.6,54.4,No,2400,2400,0,5427,125
07:02:18.341,active,15307,498,7176,16786,-8,95,61.7,54.5,No,2400,2400,0,5436,125
07:02:19.352,active,15307,546,8392,16787,0,95,61.1,56.1,No,2400,2400,0,5416,125
07:02:20.339,active,15318,532,7928,16787,0,95,61.1,55.2,No,2400,2400,0,5426,125
07:02:21.341,active,15318,450,6924,16786,-5,95,61.1,56.7,No,2400,2400,0,5422,125
07:02:22.337,active,15318,584,7194,16786,-3,95,61.1,52.1,No,2400,2400,0,5423,125
07:02:23.337,active,15309,502,7716,16786,-4,95,61.7,52.2,No,2400,2400,0,5424,125
07:02:24.337,active,15326,512,6866,16787,-4,95,61.7,51.5,No,2400,2400,0,5432,125
07:02:25.338,active,15320,498,7638,16786,-6,95,62.2,51.3,No,2400,2400,0,5439,125
07:02:26.342,active,15290,720,8178,16786,-10,95,62.2,56.5,No,2400,2400,0,5443,125
07:02:27.337,active,15271,822,12596,16787,-5,95,61.1,54.6,No,2400,2400,0,5444,125
07:02:28.337,active,15266,928,14198,16786,-6,95,61.7,54.3,No,2400,2400,0,5451,125
07:02:29.338,active,15251,944,11614,16786,-3,95,62.8,52.3,No,2400,2400,0,5453,125
07:02:30.341,active,15234,844,12906,16784,-8,95,61.7,51.4,No,2400,2400,0,5462,125
07:02:31.337,active,15256,806,11028,16785,-5,95,61.7,51.4,No,2400,2400,0,5461,125
07:02:32.340,active,15245,960,14660,16786,-3,95,61.7,51.5,No,2400,2400,0,5470,125
07:02:33.337,active,15251,890,11710,16786,0,95,61.1,54.1,No,2400,2400,0,5466,125
07:02:34.337,active,15251,910,13908,16787,0,95,62.2,52.6,No,2400,2400,0,5475,125
07:02:35.337,active,15238,836,13562,16786,-3,95,62.2,52.2,No,2400,2400,0,5470,125
07:02:36.337,active,15303,874,13368,16785,-4,95,62.2,51.7,No,2400,2400,0,5484,125
07:02:37.341,active,15296,506,7792,16786,-4,95,62.8,52.1,No,2400,2400,0,5489,125
07:02:38.337,active,15296,698,10706,16787,0,95,62.8,54.6,No,2400,2400,0,5484,125
07:02:39.337,active,15301,624,9568,16786,-5,95,62.8,57.8,No,2400,2400,0,5486,125
07:02:40.337,active,15301,694,10648,16786,-5,95,63.4,58.8,No,2400,2400,0,5488,125
07:02:41.338,active,15303,650,9972,16785,-3,95,63.4,56.9,No,2400,2400,0,5489,125
07:02:42.341,active,15303,678,10398,16785,-6,95,63.4,56.7,No,2400,2400,0,5487,125
07:02:43.338,active,15305,732,11246,16785,-5,95,61.7,58.6,No,2400,2400,0,5489,125
07:02:44.337,active,15301,724,11112,16787,-3,95,63.4,57.2,No,2400,2400,0,5495,125
07:02:45.337,active,15275,712,10918,16786,-3,95,63.9,58.6,No,2400,2400,0,5496,125
07:02:46.339,active,15318,546,7466,16784,-10,95,62.8,57.0,No,2400,2400,0,5502,125
07:02:47.339,active,15318,440,6770,16785,-9,95,63.4,57.3,No,2400,2400,0,5499,125
07:02:48.341,active,15339,504,7176,16784,-11,95,63.4,57.3,No,2400,2400,0,5496,125
07:02:49.338,active,15322,470,7214,16785,-6,95,62.2,57.0,No,2400,2400,0,5499,125
07:02:50.337,active,15350,492,8006,16785,-9,95,63.4,57.2,No,2400,2400,0,5497,125
07:02:51.341,active,15326,548,8430,16785,-4,95,62.8,57.7,No,2400,2400,0,5506,125
07:02:52.337,active,15294,738,7832,16785,-4,95,65.0,57.3,No,2400,2400,0,5511,125
07:02:53.338,active,15346,524,8064,16786,-3,95,63.9,57.1,No,2400,2400,0,5505,125
07:02:54.340,active,15296,310,7466,16787,0,95,63.4,57.7,No,2400,2400,0,5511,125
07:02:55.337,active,15262,848,10532,16788,0,95,63.4,56.9,No,2400,2400,0,5512,125
07:02:56.341,active,15260,878,13426,16787,0,95,64.5,57.1,No,2400,2400,0,5513,125
07:02:57.339,active,15260,986,10976,16787,0,95,63.4,55.5,No,2400,2400,0,5519,125
07:02:58.337,active,15271,860,13176,16788,3,95,62.8,51.8,No,2400,2400,0,5518,125
07:02:59.338,active,15256,896,11594,16786,0,95,62.8,52.3,No,2400,2400,0,5514,125
07:03:00.338,active,15275,876,13406,16786,0,95,61.7,57.0,No,2400,2400,0,5513,125
07:03:01.337,active,15251,844,14082,16787,0,95,63.4,57.3,No,2400,2400,0,5521,125
07:03:02.341,active,15281,860,13176,16787,0,95,63.9,56.7,No,2400,2400,0,5522,125
07:03:03.337,active,15258,660,13136,16786,0,95,63.4,56.7,No,2400,2400,0,5517,125
07:03:04.340,active,15296,720,10628,16786,0,95,63.9,58.6,No,2400,2400,0,5514,125
07:03:05.341,active,15294,762,11670,16787,0,95,63.4,58.5,No,2400,2400,0,5514,125
07:03:06.337,active,15294,736,8642,16786,-3,95,62.8,59.2,No,2400,2400,0,5505,125
07:03:07.337,active,15299,640,9818,16787,0,95,63.9,58.8,No,2400,2400,0,5514,125
07:03:08.341,active,15294,730,10726,16787,0,95,63.4,58.2,No,2400,2400,0,5520,125
07:03:09.337,sleep,15294,510,7832,16788,3,95,59.5,24.8,No,2400,2400,0,5551,125
07:03:10.337,sleep,15288,532,7504,16789,16,95,59.5,0.0,No,2400,2400,0,5561,125
07:03:11.337,sleep,15290,536,8218,16789,16,95,58.4,0.3,No,2400,2400,0,5568,125
07:03:12.337,sleep,15292,480,6694,16788,12,95,57.9,0.0,No,2400,2400,0,5566,125
07:03:13.337,sleep,15294,542,8314,16790,10,95,56.8,0.0,No,2400,2400,0,5563,125
07:03:14.337,sleep,15292,550,8430,16790,10,95,55.1,0.5,No,1500,2400,0,5571,125
07:03:15.337,sleep,15294,434,6654,16790,12,95,55.1,0.0,No,1500,2400,0,5583,125
07:03:16.337,sleep,15292,446,6848,16790,13,95,54.5,0.0,No,1500,2400,0,4282,75
07:03:17.337,sleep,15292,370,5670,16789,14,95,54.0,0.0,No,1500,2400,0,3538,75
07:03:18.337,sleep,15290,458,7022,16789,13,95,54.0,0.3,No,1500,2400,0,3417,75
07:03:19.337,sleep,15294,474,7272,16789,13,95,53.5,0.0,No,1500,2400,0,3392,75
07:03:20.337,sleep,15290,268,4108,16790,13,95,53.5,0.5,No,1500,2400,0,3401,75
07:03:21.337,sleep,15288,528,8082,16789,13,95,53.5,0.0,No,1500,2400,0,3413,75
07:03:22.337,sleep,15294,522,8024,16790,15,95,52.9,0.3,No,1500,2400,0,3412,75
07:03:23.337,sleep,15296,506,5130,16790,18,95,52.9,0.5,No,1500,2400,0,3402,75
07:03:24.337,active,15305,660,10128,16787,5,95,56.2,37.5,No,2400,2400,0,3369,75
07:03:25.341,active,15260,906,10224,16786,-7,95,57.9,53.7,No,2400,2400,0,3347,75
07:03:26.337,active,15283,684,10474,16787,-7,95,59.0,52.2,No,2400,2400,0,3333,75
07:03:27.338,active,15258,974,10398,16787,-3,95,57.9,53.0,No,2400,2400,0,3319,75
07:03:28.337,active,15264,968,14816,16787,-6,95,59.0,55.5,No,2400,2400,0,3301,75
07:03:29.337,active,15258,1022,14102,16786,-3,95,60.0,57.5,No,2400,2400,0,3306,75
07:03:30.341,active,15277,828,12674,16787,0,95,60.6,57.4,No,2400,2400,0,3718,125
07:03:31.337,active,15262,588,11440,16788,0,95,61.1,53.5,No,2400,2400,0,5307,125
07:03:32.338,active,15296,662,6694,16785,-6,95,61.7,59.8,No,2400,2400,0,5422,125
07:03:33.342,active,15299,706,10822,16785,-7,95,61.7,57.1,No,2400,2400,0,5426,125
07:03:34.337,active,15294,784,8276,16786,0,95,60.6,54.5,No,2400,2400,0,5430,125
07:03:35.337,active,15352,474,7310,16788,0,95,61.1,53.3,No,2400,2400,0,5427,125
07:03:36.337,active,15296,726,8064,16787,0,95,61.7,53.5,No,2400,2400,0,5426,125
07:03:37.340,active,15301,748,11478,16787,-3,95,61.7,56.1,No,2400,2400,0,5434,125
07:03:38.337,active,15290,704,7562,16786,0,95,60.6,51.9,No,2400,2400,0,5434,125
07:03:39.338,active,15296,788,12096,16785,0,95,61.1,54.2,No,2400,2400,0,5432,125
07:03:40.337,active,15296,798,6442,16786,0,95,61.1,55.6,No,2400,2400,0,5436,125
07:03:41.337,active,15305,412,6308,16787,-3,95,62.2,55.5,No,2400,2400,0,5447,125
07:03:42.337,active,15301,612,9356,16789,0,95,62.8,54.2,No,2400,2400,0,5455,125
07:03:43.337,active,15299,520,14110,16788,0,95,62.8,54.2,No,2400,2400,0,5458,125
07:03:44.341,active,15307,732,11188,16786,0,95,61.7,54.0,No,2400,2400,0,5462,125
07:03:45.337,active,15318,462,10474,16786,0,95,61.7,55.4,No,2400,2400,0,5467,125
07:03:46.337,active,15329,616,9432,16787,0,95,62.8,56.8,No,2400,2400,0,5470,125
07:03:47.338,active,15326,500,9992,16787,0,95,63.4,57.1,No,2400,2400,0,5472,125
07:03:48.337,active,15309,508,7792,16787,0,95,63.4,57.5,No,2400,2400,0,5472,125
07:03:49.338,active,15318,472,7446,16787,-4,95,62.2,57.4,No,2400,2400,0,5472,125
07:03:50.338,active,15303,630,9644,16786,0,95,62.8,57.6,No,2400,2400,0,5475,125
07:03:51.337,active,15262,804,12346,16786,0,95,63.4,57.9,No,2400,2400,0,5476,125
07:03:52.337,active,15277,760,10884,16786,0,95,63.9,57.1,No,2400,2400,0,5482,125
07:03:53.337,active,15264,730,11188,16786,-4,95,63.9,57.4,No,2400,2400,0,5477,125
07:03:54.337,active,15260,938,11362,16786,0,95,62.8,57.9,No,2400,2400,0,5483,125
07:03:55.344,active,15281,910,13928,16786,-4,95,63.4,56.8,No,2400,2400,0,5497,125
07:03:56.337,active,15264,850,11440,16786,-5,95,62.8,56.4,No,2400,2400,0,5492,125
07:03:57.337,active,15264,878,13446,16785,-5,95,63.4,58.7,No,2400,2400,0,5495,125
07:03:58.341,active,15277,776,14236,16787,-3,95,63.9,56.7,No,2400,2400,0,5490,125
07:03:59.337,active,15339,530,8140,16786,0,95,64.5,57.5,No,2400,2400,0,5490,125
07:04:00.338,active,15292,514,7908,16786,-4,95,63.4,57.5,No,2400,2400,0,5496,125
07:04:01.339,active,15316,498,7126,16788,-4,95,62.2,59.0,No,2400,2400,0,5496,125
07:04:02.337,active,15292,502,7716,16786,-8,95,62.8,57.1,No,2400,2400,0,5496,125
07:04:03.339,active,15294,610,7484,16785,-7,95,63.9,58.0,No,2400,2400,0,5497,125
07:04:04.337,active,15301,478,7330,16785,-5,95,63.4,56.8,No,2400,2400,0,5495,125
07:04:05.340,active,15299,698,10320,16785,-4,95,64.5,58.7,No,2400,2400,0,5503,125
07:04:06.340,active,15290,660,10108,16787,0,95,63.4,56.8,No,2400,2400,0,5510,125
07:04:07.338,active,15292,732,8604,16787,0,95,62.8,57.3,No,2400,2400,0,5511,125
07:04:08.337,active,15268,750,11498,16787,0,95,63.4,57.9,No,2400,2400,0,5513,125
07:04:09.337,active,15262,886,13580,16785,-3,95,63.9,58.4,No,2400,2400,0,5505,125
07:04:10.337,active,15271,820,12558,16785,-7,95,63.9,57.0,No,2400,2400,0,5514,125
07:04:11.340,active,15260,740,11342,16785,-7,95,65.0,57.1,No,2400,2400,0,5511,125
07:04:12.341,active,15264,868,12780,16787,-4,95,63.4,58.0,No,2400,2400,0,5510,125
07:04:13.337,active,15311,626,9588,16787,-5,95,63.4,58.3,No,2400,2400,0,5511,125
07:04:14.341,active,15314,510,11246,16786,-3,95,63.4,59.6,No,2400,2400,0,5510,125
07:04:15.341,active,15322,794,12152,16785,0,95,64.5,59.7,No,2400,2400,0,5514,125
07:04:16.337,active,15307,720,10610,16785,0,95,63.9,58.1,No,2400,2400,0,5515,125
07:04:17.337,active,15299,616,9472,16787,0,95,63.4,58.2,No,2400,2400,0,5519,125
07:04:18.338,active,15309,752,11536,16788,0,95,62.8,58.2,No,2400,2400,0,5517,125
07:04:19.337,active,15301,682,10456,16786,0,95,63.4,59.0,No,2400,2400,0,5517,125
07:04:20.337,active,15286,772,11844,16787,0,95,63.9,58.9,No,2400,2400,0,5522,125
07:04:21.337,active,15277,808,12384,16787,0,95,64.5,58.6,No,2400,2400,0,5523,125
07:04:22.341,active,15273,750,11498,16786,0,95,63.9,58.2,No,2400,2400,0,5523,125
07:04:23.343,active,15305,748,11478,16785,-3,95,63.4,58.3,No,2400,2400,0,5524,125
07:04:24.337,sleep,15290,464,7118,16788,0,95,60.6,26.8,No,2400,2400,0,5557,125
07:04:25.337,sleep,15292,506,7754,16789,10,95,59.5,0.0,No,2400,2400,0,5578,125
07:04:26.337,sleep,15288,490,7504,16788,6,95,58.4,0.0,No,2400,2400,0,5558,125
07:04:27.337,sleep,15290,538,7368,16787,7,95,57.9,0.3,No,2400,2400,0,5558,125
07:04:28.337,sleep,15288,486,7446,16787,8,95,56.8,0.3,No,2400,2400,0,5565,125
07:04:29.337,sleep,15290,510,6114,16790,10,95,55.6,0.0,No,1500,2400,0,5578,125
07:04:30.337,sleep,15290,514,7870,16790,12,95,54.5,0.7,No,1500,2400,0,5577,125
07:04:31.337,sleep,15290,322,6288,16791,11,95,54.5,0.5,No,1500,2400,0,5580,125
07:04:32.337,sleep,15288,458,7002,16789,13,95,54.5,0.3,No,1500,2400,0,5580,125
07:04:33.337,sleep,15294,368,5362,16789,14,95,54.0,0.0,No,1500,2400,0,4009,75
07:04:34.337,sleep,15290,504,7736,16789,11,95,54.0,0.3,No,1500,2400,0,3513,75
07:04:35.337,sleep,15290,572,8776,16790,13,95,53.5,0.0,No,1500,2400,0,3438,75
07:04:36.337,sleep,15281,476,6404,16790,14,95,54.0,0.0,No,1500,2400,0,3429,75
07:04:37.337,sleep,15292,576,8816,16790,10,95,52.4,-0.0,No,1500,2400,0,3412,75
07:04:38.337,sleep,15286,444,5420,16790,13,95,52.9,0.3,No,1500,2400,0,3407,75
07:04:39.341,active,15281,764,11710,16786,0,95,57.3,37.5,No,2400,2400,0,3368,75
07:04:40.337,active,15268,746,9954,16785,-4,95,57.3,51.7,No,2400,2400,0,3357,75
07:04:41.337,active,15258,694,10628,16785,-7,95,58.4,56.7,No,2400,2400,0,3354,75
07:04:42.337,active,15236,820,14854,16787,-5,95,59.5,56.4,No,2400,2400,0,3334,75
07:04:43.341,active,15247,752,11498,16786,-8,95,59.5,54.1,No,2400,2400,0,3332,75
07:04:44.337,active,15301,406,12288,16787,-5,95,60.6,55.3,No,2400,2400,0,3329,75
07:04:45.338,active,15290,702,10744,16787,0,95,60.6,55.1,No,2400,2400,0,3329,75
07:04:46.338,active,15299,724,11112,16787,3,95,60.0,51.9,No,2400,2400,0,4507,125
07:04:47.337,active,15292,776,11902,16788,0,95,60.6,55.2,No,2400,2400,0,5381,125
07:04:48.338,active,15301,712,10898,16789,3,95,61.7,53.6,No,2400,2400,0,5436,125
07:04:49.341,active,15299,718,11014,16789,0,95,61.7,51.8,No,2400,2400,0,5441,125
07:04:50.348,active,15303,680,10416,16788,0,95,61.1,52.3,No,2400,2400,0,5439,125
07:04:51.338,active,15299,682,10474,16787,0,95,60.6,51.4,No,2400,2400,0,5446,125
07:04:52.337,active,15258,750,11498,16786,0,95,61.1,56.1,No,2400,2400,0,5438,125
07:04:53.337,active,15296,650,9992,16787,0,95,61.1,53.8,No,2400,2400,0,5451,125
07:04:54.338,active,15301,518,10244,16786,0,95,61.7,52.8,No,2400,2400,0,5448,125
07:04:55.337,active,15322,464,9124,16788,3,95,61.7,54.2,No,2400,2400,0,5448,125
07:04:56.341,active,15316,458,7040,16787,0,95,62.2,56.2,No,2400,2400,0,5449,125
07:04:57.339,active,15339,498,8064,16787,0,95,61.7,56.5,No,2400,2400,0,5449,125
07:04:58.337,active,15324,470,7234,16787,0,95,61.7,56.4,No,2400,2400,0,5448,125
07:04:59.337,active,15346,504,6752,16786,0,95,62.8,59.1,No,2400,2400,0,5450,125
07:05:00.337,active,15333,480,7388,16786,-5,95,62.8,56.6,No,2400,2400,0,5465,125
07:05:01.339,active,15346,522,8024,16787,-3,95,63.4,57.7,No,2400,2400,0,5472,125
07:05:02.341,active,15292,682,10474,16787,0,95,62.8,57.4,No,2400,2400,0,5466,125
07:05:03.337,active,15271,452,6944,16787,0,95,61.7,56.7,No,2400,2400,0,5472,125
07:05:04.337,active,15283,726,15144,16788,0,95,62.8,57.9,No,2400,2400,0,5471,125
07:05:05.341,active,15262,818,12500,16786,-5,95,63.4,58.2,No,2400,2400,0,5471,125
07:05:06.337,active,15264,672,14738,16787,0,95,62.8,56.0,No,2400,2400,0,5482,125
07:05:07.338,active,15281,728,11170,16787,0,95,63.9,57.3,No,2400,2400,0,5479,125
07:05:08.338,active,15260,790,13966,16787,0,95,62.2,56.9,No,2400,2400,0,5482,125
07:05:09.337,active,15288,648,9934,16787,0,95,62.8,59.5,No,2400,2400,0,5471,125
07:05:10.337,active,15271,690,11902,16787,0,95,63.4,57.8,No,2400,2400,0,5487,125
07:05:11.337,active,15260,774,11844,16786,0,95,63.4,57.6,No,2400,2400,0,5487,125
07:05:12.339,active,15260,526,11092,16785,-3,95,63.9,57.0,No,2400,2400,0,5496,125
07:05:13.340,active,15299,740,9954,16785,0,95,63.4,56.0,No,2400,2400,0,5501,125
07:05:14.338,active,15305,706,10822,16786,0,95,61.7,57.0,No,2400,2400,0,5495,125
07:05:15.337,active,15301,724,10842,16788,0,95,63.4,59.1,No,2400,2400,0,5490,125
07:05:16.341,active,15307,646,9916,16788,0,95,63.4,57.3,No,2400,2400,0,5485,125
07:05:17.346,active,15307,732,11054,16788,0,95,63.9,57.4,No,2400,2400,0,5493,125
07:05:18.338,active,15307,700,10744,16787,0,95,63.9,56.6,No,2400,2400,0,5505,125
07:05:19.338,active,15309,776,10938,16786,0,95,62.2,56.9,No,2400,2400,0,5508,125
07:05:20.337,active,15271,750,11516,16786,-3,95,63.4,58.0,No,2400,2400,0,5514,125
07:05:21.337,active,15307,754,11768,16785,-5,95,64.5,58.7,No,2400,2400,0,5505,125
07:05:22.337,active,15309,404,6192,16785,-3,95,64.5,58.7,No,2400,2400,0,5506,125
07:05:23.339,active,15324,472,7234,16785,-9,95,63.4,58.3,No,2400,2400,0,5508,125
07:05:24.341,active,15314,506,7754,16785,-6,95,63.9,59.4,No,2400,2400,0,5506,125
07:05:25.338,active,15333,464,7138,16785,-5,95,63.4,58.4,No,2400,2400,0,5511,125
07:05:26.337,active,15316,536,8236,16785,-4,95,63.4,59.0,No,2400,2400,0,5502,125
07:05:27.341,active,15352,520,7986,16785,-5,95,65.0,59.0,No,2400,2400,0,5506,125
07:05:28.337,active,15329,464,7138,16786,0,95,63.9,58.3,No,2400,2400,0,5519,125
07:05:29.337,active,15307,490,7504,16786,0,95,64.5,59.2,No,2400,2400,0,5512,125
07:05:30.341,active,15290,594,9104,16787,0,95,63.4,58.3,No,2400,2400,0,5517,125
07:05:31.337,active,15303,730,11188,16786,0,95,62.2,58.1,No,2400,2400,0,5515,125
07:05:32.337,active,15260,846,11054,16786,0,95,64.5,58.7,No,2400,2400,0,5516,125
07:05:33.340,active,15258,1000,15316,16786,0,95,63.9,58.8,No,2400,2400,0,5518,125
07:05:34.337,active,15258,842,9510,16787,0,95,65.0,57.0,No,2400,2400,0,5526,125
07:05:35.341,active,15260,908,13890,16788,0,95,63.9,56.6,No,2400,2400,0,5531,125
07:05:36.344,active,15258,820,12038,16788,0,95,62.8,54.5,No,2400,2400,0,5524,125
07:05:37.337,active,15258,1030,15742,16787,0,95,62.8,56.1,No,2400,2400,0,5524,125
07:05:38.337,active,15241,702,14082,16787,0,95,63.4,58.4,No,2400,2400,0,5523,125
07:05:39.337,sleep,15290,532,8160,16788,7,95,60.6,28.0,No,2400,2400,0,5554,125
07:05:40.337,sleep,15286,410,8334,16789,14,95,59.5,0.0,No,2400,2400,0,5571,125
07:05:41.337,sleep,15290,504,7736,16789,15,95,58.4,0.0,No,2400,2400,0,5575,125
07:05:42.337,sleep,15290,462,7080,16788,11,95,57.9,0.2,No,2400,2400,0,5564,125
07:05:43.337,sleep,15294,506,7754,16789,14,95,56.8,0.0,No,2400,2400,0,5569,125
07:05:44.337,sleep,15288,390,5998,16790,15,95,56.2,0.0,No,1500,2400,0,5582,125
07:05:45.337,sleep,15288,406,6230,16790,19,95,55.1,0.3,No,1500,2400,0,5585,125
07:05:46.337,sleep,15290,544,8334,16790,16,95,54.5,-0.0,No,1500,2400,0,5587,125
07:05:47.337,sleep,15283,492,7542,16790,15,95,54.5,0.0,No,1500,2400,0,5584,125
07:05:48.337,sleep,15294,514,7870,16791,16,95,54.5,0.5,No,1500,2400,0,5580,75
07:05:49.337,sleep,15292,470,7214,16790,17,95,53.5,0.3,No,1500,2400,0,3808,75
07:05:50.337,sleep,15288,578,8874,16791,17,95,52.9,-0.0,No,1500,2400,0,3481,75
07:05:51.337,sleep,15294,584,2314,16791,14,95,53.5,0.3,No,1500,2400,0,3430,75
07:05:52.337,sleep,15290,496,7620,16791,14,95,52.9,0.0,No,1500,2400,0,3414,75
07:05:53.337,sleep,15294,556,6384,16790,17,95,52.9,0.0,No,1500,2400,0,3423,75
07:05:54.337,active,15305,474,7292,16787,9,95,55.6,34.1,No,2400,2400,0,3394,75
07:05:55.340,active,15316,498,6520,16787,-6,95,59.0,54.1,No,2400,2400,0,3359,75
07:05:56.341,active,15299,460,7040,16787,0,95,58.4,54.3,No,2400,2400,0,3356,75
07:05:57.338,active,15292,616,6694,16785,-8,95,59.5,55.0,No,2400,2400,0,3353,75
07:05:58.337,active,15324,474,7272,16787,-9,95,59.5,53.8,No,2400,2400,0,3351,75
07:05:59.337,active,15258,706,10842,16786,-5,95,60.0,57.0,No,2400,2400,0,3336,75
07:06:00.337,active,15271,748,11458,16787,-5,95,61.1,57.2,No,2400,2400,0,3322,75
07:06:01.341,active,15264,938,14372,16786,-4,95,61.1,55.7,No,2400,2400,0,4956,125
07:06:02.337,active,15273,876,13406,16788,0,95,61.1,55.9,No,2400,2400,0,5422,125
07:06:03.338,active,15268,744,11420,16787,-4,95,61.7,54.8,No,2400,2400,0,5455,125
07:06:04.342,active,15268,852,13040,16787,-3,95,61.1,57.0,No,2400,2400,0,5444,125
07:06:05.337,active,15268,852,13040,16787,-4,95,61.7,60.2,No,2400,2400,0,5446,125
07:06:06.337,active,15262,734,11226,16786,-5,95,62.2,57.3,No,2400,2400,0,5449,125
07:06:07.337,active,15258,782,11980,16785,-4,95,62.8,57.4,No,2400,2400,0,5440,125
07:06:08.339,active,15299,702,11284,16786,0,95,62.2,57.0,No,2400,2400,0,5433,125
07:06:09.341,active,15299,730,11188,16787,0,95,62.2,57.6,No,2400,2400,0,5436,125
07:06:10.337,active,15294,750,11498,16787,0,95,61.7,56.9,No,2400,2400,0,5443,125
07:06:11.337,active,15299,700,10726,16786,0,95,62.8,58.2,No,2400,2400,0,5446,125
07:06:12.337,active,15296,718,11014,16787,0,95,62.8,58.4,No,2400,2400,0,5455,125
07:06:13.339,active,15299,730,11208,16785,-3,95,62.8,57.2,No,2400,2400,0,5457,125
07:06:14.337,active,15301,706,10842,16786,0,95,62.8,57.3,No,2400,2400,0,5461,125
07:06:15.338,active,15299,748,11458,16787,-3,95,61.7,57.7,No,2400,2400,0,5463,125
07:06:16.337,active,15309,684,10514,16788,0,95,63.4,57.7,No,2400,2400,0,5464,125
07:06:17.337,active,15307,456,11440,16786,0,95,63.4,57.7,No,2400,2400,0,5468,125
07:06:18.337,active,15303,462,7080,16785,-4,95,63.9,57.5,No,2400,2400,0,5478,125
07:06:19.340,active,15307,550,10030,16786,0,95,63.4,56.7,No,2400,2400,0,5478,125
07:06:20.341,active,15307,490,7504,16786,-3,95,63.4,57.5,No,2400,2400,0,5476,125
07:06:21.337,active,15316,494,7832,16788,0,95,62.8,56.8,No,2400,2400,0,5476,125
07:06:22.337,active,15314,506,7754,16787,-5,95,63.9,58.1,No,2400,2400,0,5479,125
07:06:23.341,active,15333,462,7620,16787,-7,95,62.8,57.1,No,2400,2400,0,5487,125
07:06:24.337,active,15309,470,7214,16786,-5,95,63.4,57.0,No,2400,2400,0,5481,125
07:06:25.338,active,15335,484,8082,16786,0,95,62.8,56.4,No,2400,2400,0,5493,125
07:06:26.340,active,15316,454,6982,16787,0,95,63.4,57.2,No,2400,2400,0,5495,125
07:06:27.337,active,15266,724,11092,16787,-3,95,62.8,56.8,No,2400,2400,0,5485,125
07:06:28.340,active,15266,984,10950,16785,-5,95,63.4,57.8,No,2400,2400,0,5496,125
07:06:29.341,active,15275,774,11844,16785,-4,95,63.9,58.1,No,2400,2400,0,5492,125
07:06:30.337,active,15266,880,11266,16786,-3,95,63.9,58.8,No,2400,2400,0,5502,125
07:06:31.337,active,15273,886,13562,16786,-3,95,63.4,58.7,No,2400,2400,0,5496,125
07:06:32.338,active,15271,900,12636,16786,0,95,62.8,58.2,No,2400,2400,0,5503,125
07:06:33.337,active,15251,856,13098,16786,0,95,63.4,59.6,No,2400,2400,0,5507,125
07:06:34.341,active,15277,684,13002,16786,0,95,65.0,59.1,No,2400,2400,0,5501,125
07:06:35.337,active,15256,884,13522,16785,-3,95,62.8,58.7,No,2400,2400,0,5507,125
07:06:36.338,active,15294,616,9432,16786,0,95,63.4,58.4,No,2400,2400,0,5511,125
07:06:37.341,active,15296,770,11806,16786,0,95,62.8,57.9,No,2400,2400,0,5516,125
07:06:38.337,active,15294,760,11652,16787,0,95,62.8,58.0,No,2400,2400,0,5511,125
07:06:39.337,active,15301,744,11420,16786,0,95,63.9,58.8,No,2400,2400,0,5506,125
07:06:40.341,active,15299,720,11034,16785,-5,95,63.4,59.2,No,2400,2400,0,5504,125
07:06:41.341,active,15296,748,11458,16786,-4,95,63.9,59.4,No,2400,2400,0,5508,125
07:06:42.338,active,15301,712,10918,16785,-4,95,63.4,57.7,No,2400,2400,0,5515,125
07:06:43.337,active,15294,726,11130,16788,0,95,62.8,57.0,No,2400,2400,0,5512,125
07:06:44.337,active,15296,732,11246,16787,0,95,62.8,55.2,No,2400,2400,0,5510,125
07:06:45.341,active,15314,530,11284,16787,0,95,63.9,57.6,No,2400,2400,0,5514,125
07:06:46.341,active,15307,632,9684,16785,-3,95,63.4,55.2,No,2400,2400,0,5529,125
07:06:47.337,active,15307,540,11516,16785,0,95,63.4,57.0,No,2400,2400,0,5522,125
07:06:48.338,active,15305,482,7408,16786,-3,95,62.8,53.1,No,2400,2400,0,5518,125
07:06:49.337,active,15309,758,10108,16787,-3,95,62.2,51.8,No,2400,2400,0,5511,125
07:06:50.337,active,15303,556,8546,16788,-3,95,62.8,52.3,No,2400,2400,0,5513,125
07:06:51.341,active,15309,456,6982,16788,0,95,63.4,52.2,No,2400,2400,0,5526,125
07:06:52.341,active,15307,506,7754,16786,0,95,62.8,51.4,No,2400,2400,0,5531,125
07:06:53.338,active,15316,530,8140,16786,0,95,62.8,53.4,No,2400,2400,0,5525,125
07:06:54.337,sleep,15294,496,7928,16788,3,95,59.5,28.0,No,2400,2400,0,5545,125
07:06:55.337,sleep,15296,506,7754,16788,10,95,59.0,0.0,No,2400,2400,0,5569,125
07:06:56.337,sleep,15292,560,9104,16788,12,95,57.3,-0.0,No,2400,2400,0,5562,125
07:06:57.337,sleep,15290,480,7350,16790,13,95,57.3,0.3,No,2400,2400,0,5571,125
07:06:58.337,sleep,15290,440,7716,16789,11,95,56.8,0.0,No,2400,2400,0,5571,125
07:06:59.337,sleep,15281,434,6654,16789,11,95,56.2,0.3,No,1500,2400,0,5580,125
07:07:00.337,sleep,15290,334,7156,16788,13,95,55.6,0.0,No,1500,2400,0,5582,125
07:07:01.337,sleep,15288,380,5826,16789,12,95,55.1,0.3,No,1500,2400,0,5577,125
07:07:02.337,sleep,15288,350,7446,16790,16,95,54.0,0.0,No,1500,2400,0,4918,75
07:07:03.337,sleep,15292,484,7408,16790,14,95,54.0,0.0,No,1500,2400,0,3642,75
07:07:04.337,sleep,15290,326,4996,16790,12,95,53.5,0.3,No,1500,2400,0,3455,75
07:07:05.337,sleep,15292,490,7522,16788,13,95,53.5,0.0,No,1500,2400,0,3423,75
07:07:06.337,sleep,15296,290,4456,16789,13,95,52.9,-0.0,No,1500,2400,0,3412,75
07:07:07.337,sleep,15286,356,8806,16790,14,95,52.4,0.3,No,1500,2400,0,3416,75
07:07:08.337,sleep,15294,288,4436,16791,14,95,52.4,0.0,No,1500,2400,0,3400,75
07:07:09.341,active,15292,702,11054,16787,3,95,56.2,34.2,No,2400,2400,0,3382,75
07:07:10.338,active,15299,712,10918,16785,-9,95,57.3,55.2,No,2400,2400,0,3338,75
07:07:11.342,active,15299,696,8758,16786,-7,95,57.3,56.0,No,2400,2400,0,3337,75
07:07:12.337,active,15303,662,10146,16786,-8,95,59.0,57.0,No,2400,2400,0,3330,75
07:07:13.341,active,15309,726,11112,16786,-4,95,59.5,57.9,No,2400,2400,0,3331,75
07:07:14.337,active,15245,688,10514,16785,-7,95,59.5,57.5,No,2400,2400,0,3314,125
07:07:15.341,active,15307,674,10300,16786,-9,95,60.6,57.8,No,2400,2400,0,5202,125
07:07:16.337,active,15309,556,8526,16785,-5,95,60.0,57.5,No,2400,2400,0,5439,125
07:07:17.337,active,15309,670,10262,16786,-3,95,60.6,58.5,No,2400,2400,0,5439,125
07:07:18.338,active,15305,486,11286,16787,0,95,61.1,57.9,No,2400,2400,0,5436,125
07:07:19.339,active,15320,592,9086,16786,-7,95,61.1,57.1,No,2400,2400,0,5436,125
07:07:20.337,active,15303,540,11786,16786,-6,95,61.7,54.9,No,2400,2400,0,5440,125
07:07:21.341,active,15309,440,6752,16785,-4,95,61.7,51.9,No,2400,2400,0,5448,125
07:07:22.338,active,15292,654,10012,16786,0,95,60.6,53.5,No,2400,2400,0,5449,125
07:07:23.337,active,15311,620,9530,16785,-6,95,61.7,57.4,No,2400,2400,0,5450,125
07:07:24.337,active,15275,750,11498,16786,-3,95,62.2,57.4,No,2400,2400,0,5454,125
07:07:25.337,active,15307,728,11188,16785,-4,95,62.2,58.2,No,2400,2400,0,5449,125
07:07:26.339,active,15268,674,10340,16785,-7,95,62.8,57.4,No,2400,2400,0,5456,125
07:07:27.341,active,15273,884,10918,16785,-6,95,62.2,57.9,No,2400,2400,0,5458,125
07:07:28.337,active,15266,716,10976,16785,-8,95,61.7,57.0,No,2400,2400,0,5465,125
07:07:29.337,active,15266,922,11054,16785,-5,95,62.8,57.7,No,2400,2400,0,5460,125
07:07:30.341,active,15279,952,14584,16785,-6,95,62.8,57.6,No,2400,2400,0,5466,125
07:07:31.337,active,15294,472,7252,16786,-4,95,63.4,58.3,No,2400,2400,0,5471,125
07:07:32.338,active,15339,500,7696,16786,-4,95,62.2,57.6,No,2400,2400,0,5475,125
07:07:33.337,active,15292,504,7754,16786,0,95,62.2,57.9,No,2400,2400,0,5472,125
07:07:34.337,active,15294,744,11420,16786,-5,95,62.8,58.3,No,2400,2400,0,5480,125
07:07:35.337,active,15299,680,10436,16786,-5,95,63.9,59.5,No,2400,2400,0,5476,125
07:07:36.337,active,15301,762,7574,16786,-8,95,64.5,57.7,No,2400,2400,0,5488,125
07:07:37.340,active,15294,646,9916,16786,-6,95,63.4,57.5,No,2400,2400,0,5472,125
07:07:38.341,active,15299,682,11824,16787,0,95,63.9,59.1,No,2400,2400,0,5478,125
07:07:39.337,active,15299,784,12018,16785,0,95,63.4,58.3,No,2400,2400,0,5488,125
07:07:40.337,active,15256,868,13292,16786,0,95,64.5,59.1,No,2400,2400,0,5493,125
07:07:41.340,active,15258,726,11092,16787,-4,95,62.8,58.5,No,2400,2400,0,5501,125
07:07:42.337,active,15262,704,10784,16786,-4,95,63.4,58.1,No,2400,2400,0,5493,125
07:07:43.340,active,15253,860,13156,16786,-3,95,63.4,57.2,No,2400,2400,0,5506,125
07:07:44.340,active,15286,716,10976,16785,-3,95,62.8,58.7,No,2400,2400,0,5499,125
07:07:45.337,active,15256,698,10668,16785,-5,95,62.8,59.5,No,2400,2400,0,5492,125
07:07:46.340,active,15309,736,11266,16786,0,95,63.4,58.9,No,2400,2400,0,5508,125
07:07:47.341,active,15256,608,10578,16786,0,95,63.4,59.4,No,2400,2400,0,5514,125
07:07:48.349,active,15307,684,10456,16787,-3,95,63.9,58.9,No,2400,2400,0,5511,125
07:07:49.341,active,15296,546,11246,16786,0,95,63.9,59.0,No,2400,2400,0,5502,125
07:07:50.338,active,15296,700,10726,16786,0,95,62.8,59.9,No,2400,2400,0,5502,125
07:07:51.337,active,15294,806,12366,16785,-3,95,63.4,57.3,No,2400,2400,0,5512,125
07:07:52.340,active,15294,760,11632,16786,-5,95,63.4,57.0,No,2400,2400,0,5509,125
07:07:53.337,active,15301,708,10860,16787,0,95,63.9,54.5,No,2400,2400,0,5509,125
07:07:54.339,active,15296,746,11440,16786,-4,95,63.4,55.4,No,2400,2400,0,5512,125
07:07:55.342,active,15305,732,11226,16786,-3,95,63.4,57.3,No,2400,2400,0,5509,125
07:07:56.337,active,15299,700,10726,16785,-5,95,62.2,53.0,No,2400,2400,0,5519,125
07:07:57.337,active,15296,622,9548,16785,-6,95,62.8,54.2,No,2400,2400,0,5520,125
07:07:58.341,active,15301,730,11208,16785,-4,95,63.4,52.3,No,2400,2400,0,5524,125
07:07:59.341,active,15311,428,6578,16785,-3,95,65.5,53.0,No,2400,2400,0,5518,125
07:08:00.338,active,15322,508,7330,16786,0,95,62.8,53.9,No,2400,2400,0,5518,125
07:08:01.343,active,15329,468,7176,16786,0,95,63.9,54.8,No,2400,2400,0,5522,125
07:08:02.337,active,15341,394,7754,16786,0,95,62.8,54.4,No,2400,2400,0,5518,125
07:08:03.337,active,15305,510,7832,16785,0,95,64.5,55.4,No,2400,2400,0,5524,125
07:08:04.341,active,15296,754,8218,16785,0,95,63.4,54.0,No,2400,2400,0,5524,125
07:08:05.337,active,15352,518,7966,16786,0,95,63.4,57.1,No,2400,2400,0,5518,125
07:08:06.338,active,15357,500,8178,16786,0,95,62.8,54.4,No,2400,2400,0,5522,125
07:08:07.337,active,15258,506,7774,16786,0,95,62.2,55.3,No,2400,2400,0,5521,125
07:08:08.337,active,15243,914,14004,16787,0,95,63.4,55.3,No,2400,2400,0,5522,125
07:08:09.337,sleep,15281,456,8518,16787,4,95,60.6,28.6,No,2400,2400,0,5549,125
07:08:10.337,sleep,15292,518,7948,16788,13,95,59.0,-0.0,No,2400,2400,0,5573,125
07:08:11.337,sleep,15290,526,7532,16787,9,95,57.9,0.3,No,2400,2400,0,5572,125
07:08:12.337,sleep,15292,532,8160,16789,13,95,57.3,0.0,No,2400,2400,0,5568,125
07:08:13.337,sleep,15294,472,6996,16789,10,95,56.8,0.0,No,2400,2400,0,5568,125
07:08:14.337,sleep,15299,360,5516,16789,11,95,55.1,-0.0,No,1500,2400,0,5575,125
07:08:15.337,sleep,15296,432,6828,16789,13,95,55.6,0.0,No,1500,2400,0,5579,125
07:08:16.337,sleep,15292,368,5652,16789,16,95,55.1,0.3,No,1500,2400,0,4310,75
07:08:17.337,sleep,15288,624,8236,16790,19,95,54.0,0.3,No,1500,2400,0,3549,75
07:08:18.337,sleep,15286,448,6866,16790,18,95,54.0,0.3,No,1500,2400,0,3451,75
07:08:19.337,sleep,15292,398,7928,16792,18,95,53.5,0.2,No,1500,2400,0,3426,75
07:08:20.337,sleep,15290,428,6578,16791,17,95,53.5,0.0,No,1500,2400,0,3399,75
07:08:21.337,sleep,15292,498,5940,16790,14,95,52.9,0.3,No,1500,2400,0,3411,75
07:08:22.337,sleep,15290,250,3838,16790,16,95,52.4,0.0,No,1500,2400,0,3394,75
07:08:23.337,sleep,15286,478,7522,16790,19,95,52.9,0.0,No,1500,2400,0,3406,75
07:08:24.337,active,15305,692,10610,16788,12,95,55.6,32.8,No,2400,2400,0,3370,75
07:08:25.337,active,15299,662,10166,16787,-4,95,56.8,55.7,No,2400,2400,0,3334,75
07:08:26.341,active,15305,494,7580,16786,-3,95,59.0,54.0,No,2400,2400,0,3327,75
07:08:27.337,active,15314,472,7234,16786,-4,95,59.0,52.7,No,2400,2400,0,3323,75
07:08:28.338,active,15303,502,9232,16788,0,95,59.5,52.5,No,2400,2400,0,3325,75
07:08:29.337,active,15316,446,6848,16787,0,95,59.0,51.2,No,2400,2400,0,3311,75
07:08:30.337,active,15318,462,7630,16788,0,95,59.5,52.6,No,2400,2400,0,3672,125
07:08:31.341,active,15294,466,7156,16786,-3,95,60.0,55.4,No,2400,2400,0,5307,125
07:08:32.337,active,15324,524,7788,16787,0,95,60.0,56.2,No,2400,2400,0,5429,125
07:08:33.337,active,15339,486,7466,16787,0,95,60.6,51.3,No,2400,2400,0,5437,125
07:08:34.344,active,15350,390,8198,16787,0,95,61.7,52.6,No,2400,2400,0,5432,125
07:08:35.337,active,15271,884,13542,16787,-3,95,61.1,57.0,No,2400,2400,0,5426,125
07:08:36.337,active,15251,956,13696,16785,-5,95,62.2,58.3,No,2400,2400,0,5417,125
07:08:37.341,active,15283,740,11324,16787,-5,95,62.2,57.4,No,2400,2400,0,5430,125
07:08:38.337,active,15264,856,13098,16787,-5,95,61.7,57.6,No,2400,2400,0,5430,125
07:08:39.337,active,15260,670,10244,16786,-4,95,61.7,56.5,No,2400,2400,0,5432,125
07:08:40.338,active,15253,700,10726,16788,0,95,61.7,56.6,No,2400,2400,0,5440,125
07:08:41.337,active,15256,788,12056,16787,0,95,63.9,58.0,No,2400,2400,0,5444,125
07:08:42.341,active,15260,702,10764,16785,-4,95,63.4,56.8,No,2400,2400,0,5458,125
07:08:43.337,active,15262,708,10842,16786,0,95,62.2,57.4,No,2400,2400,0,5458,125
07:08:44.337,active,15296,860,13176,16785,0,95,63.4,57.5,No,2400,2400,0,5455,125
07:08:45.344,active,15296,772,10436,16786,0,95,62.8,56.9,No,2400,2400,0,5456,125
07:08:46.337,active,15296,768,11786,16786,0,95,61.1,58.0,No,2400,2400,0,5459,125
07:08:47.337,active,15299,740,10996,16786,0,95,63.4,59.6,No,2400,2400,0,5459,125
07:08:48.340,active,15296,766,11768,16786,-3,95,62.8,56.7,No,2400,2400,0,5468,125
07:08:49.341,active,15296,762,12134,16788,0,95,62.8,54.1,No,2400,2400,0,5475,125
07:08:50.338,active,15292,670,10282,16788,0,95,62.8,57.3,No,2400,2400,0,5466,125
07:08:51.340,active,15307,670,9626,16785,0,95,62.2,58.3,No,2400,2400,0,5476,125
07:08:52.337,active,15303,710,10898,16785,-5,95,62.8,58.8,No,2400,2400,0,5482,125
07:08:53.341,active,15311,670,10706,16786,-4,95,63.9,58.8,No,2400,2400,0,5492,125
07:08:54.337,active,15307,450,10398,16787,0,95,63.4,54.7,No,2400,2400,0,5484,125
07:08:55.337,active,15314,562,8622,16786,0,95,62.8,54.3,No,2400,2400,0,5485,125
07:08:56.341,active,15311,450,9336,16786,0,95,62.8,54.5,No,2400,2400,0,5492,125
07:08:57.337,active,15333,536,8236,16787,0,95,63.4,58.6,No,2400,2400,0,5488,125
07:08:58.337,active,15309,506,7580,16786,0,95,62.2,55.0,No,2400,2400,0,5498,125
07:08:59.337,active,15303,498,7658,16786,0,95,62.8,55.1,No,2400,2400,0,5489,125
07:09:00.337,active,15311,528,8352,16786,0,95,62.8,54.3,No,2400,2400,0,5494,125
07:09:01.338,active,15301,518,7948,16785,0,95,61.7,54.2,No,2400,2400,0,5501,125
07:09:02.341,active,15333,492,7850,16786,0,95,61.1,54.3,No,2400,2400,0,5506,125
07:09:03.337,active,15279,814,12462,16785,-7,95,62.8,56.2,No,2400,2400,0,5506,125
07:09:04.337,active,15258,764,11710,16786,-3,95,62.8,57.3,No,2400,2400,0,5507,125
07:09:05.337,active,15253,862,11128,16786,-4,95,62.2,52.6,No,2400,2400,0,5509,125
07:09:06.337,active,15251,776,11902,16787,-3,95,62.2,51.2,No,2400,2400,0,5510,125
07:09:07.341,active,15256,840,10268,16787,-3,95,62.2,51.5,No,2400,2400,0,5505,125
07:09:08.337,active,15228,884,13542,16786,-8,95,62.2,51.2,No,2400,2400,0,5506,125
07:09:09.337,active,15253,886,11690,16785,-6,95,61.7,52.3,No,2400,2400,0,5507,125
07:09:10.337,active,15243,850,13002,16785,-4,95,61.7,52.3,No,2400,2400,0,5515,125
07:09:11.337,active,15245,884,13986,16786,0,95,62.8,51.7,No,2400,2400,0,5514,125
07:09:12.337,active,15292,544,8334,16786,0,95,62.2,51.4,No,2400,2400,0,5514,125
07:09:13.342,active,15292,492,7580,16785,-4,95,62.2,55.0,No,2400,2400,0,5513,125
07:09:14.337,active,15303,670,10282,16785,-3,95,62.2,57.4,No,2400,2400,0,5506,125
07:09:15.337,active,15292,546,8410,16786,0,95,62.8,56.4,No,2400,2400,0,5504,125
07:09:16.341,active,15296,702,10764,16786,0,95,62.2,56.0,No,2400,2400,0,5513,125
07:09:17.337,active,15301,748,11458,16787,0,95,63.4,54.6,No,2400,2400,0,5517,125
07:09:18.337,active,15296,656,10070,16786,-3,95,62.2,54.7,No,2400,2400,0,5521,125
07:09:19.342,active,15294,772,11844,16786,0,95,62.2,53.4,No,2400,2400,0,5518,125
07:09:20.337,active,15292,766,7908,16786,0,95,62.2,52.1,No,2400,2400,0,5518,125
07:09:21.337,active,15251,704,10764,16785,-4,95,62.8,52.8,No,2400,2400,0,5517,125
07:09:22.338,active,15309,532,12674,16787,-4,95,62.8,51.9,No,2400,2400,0,5523,125
07:09:23.337,active,15301,612,9374,16787,0,95,62.8,53.3,No,2400,2400,0,5518,125
07:09:24.337,sleep,15292,484,7812,16789,7,95,59.5,29.7,No,2400,2400,0,5544,125
07:09:25.337,sleep,15294,490,7504,16789,11,95,58.4,0.0,No,2400,2400,0,5557,125
07:09:26.337,sleep,15299,468,5768,16789,12,95,57.9,0.2,No,2400,2400,0,5572,125
07:09:27.337,sleep,15288,496,7600,16788,10,95,56.8,0.0,No,2400,2400,0,5562,125
07:09:28.337,sleep,15296,288,6500,16788,8,95,57.9,0.0,No,2400,2400,0,5567,125
07:09:29.337,sleep,15290,542,8314,16789,10,95,54.5,0.3,No,1500,2400,0,5576,125
07:09:30.337,sleep,15290,418,7716,16789,12,95,54.0,0.3,No,1500,2400,0,5577,125
07:09:31.337,sleep,15290,498,6366,16790,17,95,54.5,0.0,No,1500,2400,0,3971,75
07:09:32.337,sleep,15288,326,4996,16789,15,95,54.0,0.3,No,1500,2400,0,3516,75
07:09:33.337,sleep,15294,312,7022,16789,13,95,53.5,0.0,No,1500,2400,0,3436,75
07:09:34.337,sleep,15288,282,4320,16790,14,95,53.5,0.0,No,1500,2400,0,3425,75
07:09:35.337,sleep,15288,522,8082,16791,20,95,52.9,0.3,No,1500,2400,0,3417,75
07:09:36.337,sleep,15290,374,5728,16789,14,95,52.9,0.0,No,1500,2400,0,3408,75
07:09:37.337,sleep,15296,496,4036,16790,16,95,52.4,0.3,No,1500,2400,0,3399,75
07:09:38.337,sleep,15290,560,8564,16789,12,95,52.4,-0.0,No,1500,2400,0,3399,75
07:09:39.339,active,15247,818,10686,16790,7,95,55.6,30.7,No,2400,2400,0,3374,75
07:09:40.337,active,15354,470,7252,16787,-7,95,56.8,51.4,No,2400,2400,0,3341,75
07:09:41.339,active,15294,404,7252,16787,-4,95,56.8,51.2,No,2400,2400,0,3338,75
07:09:42.337,active,15290,680,10436,16785,-3,95,57.9,56.7,No,2400,2400,0,3325,75
07:09:43.340,active,15296,694,10648,16786,-3,95,59.5,57.4,No,2400,2400,0,3310,75
07:09:44.341,active,15301,760,11652,16788,-3,95,60.0,56.9,No,2400,2400,0,3293,75
07:09:45.337,active,15299,730,11188,16788,0,95,61.1,58.3,No,2400,2400,0,4499,125
07:09:46.338,active,15299,662,10166,16787,0,95,60.6,56.4,No,2400,2400,0,5365,125
07:09:47.338,active,15303,710,10898,16786,-5,95,60.0,56.9,No,2400,2400,0,5433,125
07:09:48.337,active,15299,748,8918,16785,-6,95,60.6,55.4,No,2400,2400,0,5432,125
07:09:49.338,active,15243,778,11902,16786,-6,95,60.6,53.0,No,2400,2400,0,5430,125
07:09:50.341,active,15305,808,12366,16787,-4,95,61.7,56.5,No,2400,2400,0,5427,125
07:09:51.337,active,15273,644,9858,16787,-6,95,61.7,57.4,No,2400,2400,0,5424,125
07:09:52.341,active,15305,718,10976,16787,-5,95,61.7,57.1,No,2400,2400,0,5427,125
07:09:53.337,active,15301,472,7252,16787,0,95,61.1,57.1,No,2400,2400,0,5427,125
07:09:54.337,active,15307,632,9664,16785,-5,95,62.2,58.6,No,2400,2400,0,5422,125
07:09:55.337,active,15309,484,7426,16786,-4,95,62.2,58.4,No,2400,2400,0,5435,125
07:09:56.337,active,15318,574,8796,16786,0,95,62.2,58.2,No,2400,2400,0,5447,125
07:09:57.338,active,15311,476,9890,16787,-6,95,62.8,58.5,No,2400,2400,0,5444,125
07:09:58.337,active,15307,748,11478,16786,-4,95,62.8,58.8,No,2400,2400,0,5458,125
07:09:59.337,active,15268,946,12480,16785,-7,95,61.7,58.5,No,2400,2400,0,5454,125
07:10:00.337,active,15281,744,11400,16785,-6,95,62.8,59.0,No,2400,2400,0,5457,125
07:10:01.337,active,15277,704,14314,16785,-5,95,64.5,59.5,No,2400,2400,0,5461,125
07:10:02.340,active,15264,840,12848,16786,-3,95,63.4,58.3,No,2400,2400,0,5466,125
07:10:03.341,active,15264,912,12038,16786,0,95,62.2,58.6,No,2400,2400,0,5477,125
07:10:04.337,active,15262,972,14874,16787,0,95,61.7,57.7,No,2400,2400,0,5474,125
07:10:05.337,active,15277,792,13484,16786,-3,95,63.4,59.2,No,2400,2400,0,5467,125
07:10:06.341,active,15268,810,12404,16785,-5,95,62.8,58.8,No,2400,2400,0,5477,125
07:10:07.337,active,15296,528,8140,16786,-3,95,63.4,58.2,No,2400,2400,0,5484,125
07:10:08.337,active,15346,500,7890,16786,0,95,62.8,57.4,No,2400,2400,0,5483,125
07:10:09.337,active,15292,584,8950,16787,0,95,61.7,57.2,No,2400,2400,0,5488,125
07:10:10.337,active,15294,670,7774,16788,-3,95,62.8,56.4,No,2400,2400,0,5496,125
07:10:11.337,active,15299,488,7504,16787,-3,95,62.8,55.2,No,2400,2400,0,5493,125
07:10:12.337,active,15294,684,7504,16786,-3,95,62.8,56.1,No,2400,2400,0,5496,125
07:10:13.337,active,15352,552,8506,16786,-4,95,61.7,57.6,No,2400,2400,0,5499,125
07:10:14.341,active,15294,784,7350,16785,-5,95,62.2,51.5,No,2400,2400,0,5494,125
07:10:15.337,active,15290,758,11612,16787,0,95,61.7,51.2,No,2400,2400,0,5494,125
07:10:16.337,active,15296,672,8488,16786,0,95,61.7,52.4,No,2400,2400,0,5504,125
07:10:17.337,active,15241,762,13444,16787,0,95,63.4,52.3,No,2400,2400,0,5501,125
07:10:18.337,active,15296,836,12790,16785,0,95,62.8,51.5,No,2400,2400,0,5506,125
07:10:19.349,active,15245,618,13156,16784,-7,95,62.2,52.0,No,2400,2400,0,5509,125
07:10:20.341,active,15307,834,12752,16786,-4,95,62.2,51.2,No,2400,2400,0,5510,125
07:10:21.337,active,15307,492,11554,16787,-3,95,62.2,51.9,No,2400,2400,0,5505,125
07:10:22.337,active,15303,702,10764,16786,-5,95,62.8,52.3,No,2400,2400,0,5508,125
07:10:23.337,active,15301,490,14738,16785,-4,95,61.1,51.9,No,2400,2400,0,5513,125
07:10:24.337,active,15305,640,9818,16784,-5,95,62.2,54.5,No,2400,2400,0,5510,125
07:10:25.338,active,15316,468,12752,16785,-5,95,62.2,55.6,No,2400,2400,0,5514,125
07:10:26.343,active,15303,654,10012,16785,-4,95,61.7,54.8,No,2400,2400,0,5512,125
07:10:27.337,active,15294,768,11768,16785,-6,95,61.7,54.2,No,2400,2400,0,5518,125
07:10:28.337,active,15299,766,11768,16786,0,95,63.4,52.3,No,2400,2400,0,5527,125
07:10:29.338,active,15279,704,10802,16785,-4,95,63.4,52.9,No,2400,2400,0,5519,125
07:10:30.338,active,15262,974,12114,16786,-3,95,62.8,54.7,No,2400,2400,0,5517,125
07:10:31.341,active,15271,672,10300,16786,0,95,62.2,54.8,No,2400,2400,0,5524,125
07:10:32.337,active,15299,734,12152,16785,-6,95,62.2,52.4,No,2400,2400,0,5522,125
07:10:33.337,active,15256,746,11440,16785,-4,95,62.8,53.0,No,2400,2400,0,5526,125
07:10:34.338,active,15266,826,11130,16786,0,95,63.4,52.7,No,2400,2400,0,5522,125
07:10:35.337,active,15320,518,7966,16786,-3,95,62.8,51.5,No,2400,2400,0,5522,125
07:10:36.341,active,15339,510,7832,16787,3,95,62.2,52.0,No,2400,2400,0,5521,125
07:10:37.342,active,15322,470,7214,16787,0,95,62.2,52.4,No,2400,2400,0,5526,125
07:10:38.337,active,15348,548,8410,16787,0,95,61.7,52.9,No,2400,2400,0,5521,125
07:10:39.337,sleep,15288,520,7454,16788,3,95,60.0,32.4,No,2400,2400,0,5547,125
07:10:40.337,sleep,15296,450,6906,16789,12,95,59.0,0.0,No,2400,2400,0,5573,125
07:10:41.337,sleep,15288,548,7792,16788,14,95,57.3,0.3,No,2400,2400,0,5565,125
07:10:42.337,sleep,15290,486,7466,16788,9,95,56.8,-0.0,No,2400,2400,0,5573,125
07:10:43.337,sleep,15290,450,7272,16790,15,95,57.9,0.0,No,2400,2400,0,5571,125
07:10:44.337,sleep,15290,394,6056,16790,12,95,55.6,0.3,No,1500,2400,0,5576,125
07:10:45.337,sleep,15292,566,8680,16790,14,95,54.5,0.0,No,1500,2400,0,5583,125
07:10:46.337,sleep,15292,440,6752,16790,16,95,54.0,0.3,No,1500,2400,0,5579,125
07:10:47.337,sleep,15294,468,7156,16789,14,95,54.5,0.0,No,1500,2400,0,5567,75
07:10:48.337,sleep,15296,536,8474,16790,16,95,52.9,0.2,No,1500,2400,0,3795,75
07:10:49.337,sleep,15296,576,8834,16790,18,95,53.5,0.0,No,1500,2400,0,3455,75
07:10:50.337,sleep,15294,448,7504,16790,15,95,53.5,0.0,No,1500,2400,0,3412,75
07:10:51.337,sleep,15294,212,3260,16791,15,95,52.4,-0.0,No,1500,2400,0,3400,75
07:10:52.337,sleep,15299,276,8372,16791,16,95,52.9,0.3,No,1500,2400,0,3409,75
07:10:53.337,sleep,15290,570,8738,16789,13,95,51.8,0.3,No,1500,2400,0,3412,75
07:10:54.338,active,15307,712,10898,16786,8,95,55.1,28.2,No,2400,2400,0,3389,75
07:10:55.337,active,15299,664,10186,16787,-7,95,57.3,58.2,No,2400,2400,0,3331,75
07:10:56.341,active,15281,694,10628,16788,-3,95,58.4,58.2,No,2400,2400,0,3333,75
07:10:57.337,active,15301,658,10600,16788,-5,95,59.5,57.2,No,2400,2400,0,3333,75
07:10:58.337,active,15307,726,11130,16787,0,95,59.5,57.1,No,2400,2400,0,3328,75
07:10:59.343,active,15305,690,10880,16786,-3,95,59.5,58.0,No,2400,2400,0,3324,75
07:11:00.337,active,15271,706,10842,16787,-3,95,59.0,56.8,No,2400,2400,0,4956,125
07:11:01.341,active,15271,902,11266,16786,-5,95,60.6,58.3,No,2400,2400,0,5411,125
07:11:02.341,active,15262,788,12096,16787,0,95,61.1,57.5,No,2400,2400,0,5443,125
07:11:03.337,active,15333,502,7716,16787,0,95,61.7,57.4,No,2400,2400,0,5440,125
07:11:04.337,active,15324,468,7176,16786,-7,95,60.6,58.0,No,2400,2400,0,5436,125
07:11:05.338,active,15352,508,7812,16785,-6,95,60.6,58.2,No,2400,2400,0,5436,125
07:11:06.337,active,15339,472,7252,16787,0,95,61.7,59.4,No,2400,2400,0,5434,125
07:11:07.341,active,15290,496,7620,16787,0,95,62.2,59.4,No,2400,2400,0,5440,125
07:11:08.337,active,15352,462,7118,16787,0,95,62.8,58.7,No,2400,2400,0,5448,125
07:11:09.337,active,15318,420,6462,16786,-3,95,61.7,58.0,No,2400,2400,0,5449,125
07:11:10.341,active,15324,452,7456,16786,-4,95,61.7,58.5,No,2400,2400,0,5456,125
07:11:11.337,active,15277,802,8160,16787,0,95,61.1,58.6,No,2400,2400,0,5457,125
07:11:12.340,active,15277,926,13850,16787,0,95,62.8,59.5,No,2400,2400,0,5453,125
07:11:13.340,active,15258,866,13252,16787,0,95,62.2,59.1,No,2400,2400,0,5458,125
07:11:14.337,active,15258,892,13658,16786,0,95,62.8,58.9,No,2400,2400,0,5468,125
07:11:15.338,active,15279,744,11420,16786,0,95,62.2,59.9,No,2400,2400,0,5458,125
07:11:16.341,active,15234,904,13832,16788,0,95,61.1,58.6,No,2400,2400,0,5471,125
07:11:17.337,active,15260,772,11824,16787,0,95,62.8,56.8,No,2400,2400,0,5474,125
07:11:18.337,active,15247,922,14102,16787,0,95,61.7,55.0,No,2400,2400,0,5474,125
07:11:19.337,active,15236,782,11940,16786,0,95,62.8,54.6,No,2400,2400,0,5477,125
07:11:20.337,active,15277,824,12616,16785,-3,95,63.4,54.2,No,2400,2400,0,5481,125
07:11:21.341,active,15294,680,8120,16787,0,95,61.7,54.9,No,2400,2400,0,5496,125
07:11:22.337,active,15290,718,11014,16787,0,95,62.8,54.8,No,2400,2400,0,5488,125
07:11:23.337,active,15294,728,11034,16788,0,95,62.8,53.9,No,2400,2400,0,5487,125
07:11:24.337,active,15299,716,10996,16786,0,95,62.2,56.1,No,2400,2400,0,5495,125
07:11:25.337,active,15301,750,11498,16785,-5,95,61.7,53.9,No,2400,2400,0,5495,125
07:11:26.337,active,15299,744,11400,16785,0,95,62.8,53.4,No,2400,2400,0,5497,125
07:11:27.339,active,15292,772,11844,16788,0,95,62.2,57.1,No,2400,2400,0,5499,125
07:11:28.337,active,15290,794,12172,16788,5,95,62.8,53.7,No,2400,2400,0,5502,125
07:11:29.337,active,15294,726,11130,16788,0,95,62.8,55.7,No,2400,2400,0,5499,125
07:11:30.341,active,15303,506,11188,16786,0,95,62.2,53.9,No,2400,2400,0,5498,125
07:11:31.337,active,15316,502,7696,16786,0,95,64.5,53.1,No,2400,2400,0,5505,125
07:11:32.338,active,15307,516,8236,16787,0,95,62.2,52.8,No,2400,2400,0,5508,125
07:11:33.337,active,15307,548,8410,16787,3,95,62.2,54.1,No,2400,2400,0,5510,125
07:11:34.337,active,15309,482,7234,16786,0,95,62.2,56.4,No,2400,2400,0,5509,125
07:11:35.338,active,15301,464,7118,16786,0,95,62.2,53.2,No,2400,2400,0,5513,125
07:11:36.341,active,15324,492,7542,16787,0,95,63.9,51.5,No,2400,2400,0,5510,125
07:11:37.337,active,15307,494,7580,16787,0,95,62.8,51.5,No,2400,2400,0,5515,125
07:11:38.342,active,15326,510,7832,16787,0,95,62.2,52.9,No,2400,2400,0,5491,125
07:11:39.337,active,15275,844,11130,16788,0,95,61.1,52.8,No,2400,2400,0,5504,125
07:11:40.337,active,15305,672,10300,16788,0,95,63.9,52.4,No,2400,2400,0,5509,125
07:11:41.341,active,15253,998,11786,16788,0,95,62.8,52.2,No,2400,2400,0,5509,125
07:11:42.337,active,15279,764,11710,16787,0,95,62.8,51.4,No,2400,2400,0,5510,125
07:11:43.337,active,15256,604,11150,16787,0,95,61.7,51.9,No,2400,2400,0,5510,125
07:11:44.343,active,15275,738,11284,16786,3,95,62.2,54.7,No,2400,2400,0,5514,125
07:11:45.337,active,15262,860,13176,16786,0,95,62.8,56.2,No,2400,2400,0,5510,125
07:11:46.341,active,15258,892,13658,16787,0,95,63.4,57.4,No,2400,2400,0,5507,125
07:11:47.341,active,15271,868,13310,16786,0,95,63.4,58.3,No,2400,2400,0,5518,125
07:11:48.337,active,15294,518,8700,16787,0,95,62.8,54.5,No,2400,2400,0,5524,125
07:11:49.338,active,15344,468,7194,16786,0,95,61.7,52.6,No,2400,2400,0,5525,125
07:11:50.337,active,15296,794,9472,16786,0,95,62.2,55.1,No,2400,2400,0,5523,125
07:11:51.337,active,15290,732,11226,16786,0,95,63.4,58.4,No,2400,2400,0,5518,125
07:11:52.341,active,15292,620,9510,16788,0,95,63.4,57.0,No,2400,2400,0,5517,125
07:11:53.337,active,15294,642,9838,16786,-3,95,63.4,57.7,No,2400,2400,0,5506,125
07:11:54.337,sleep,15301,512,7850,16787,0,95,60.0,36.5,No,2400,2400,0,5539,125
07:11:55.337,sleep,15286,560,8584,16788,13,95,59.0,-0.0,No,2400,2400,0,5571,125
07:11:56.337,sleep,15288,538,8256,16790,11,95,57.9,0.3,No,2400,2400,0,5573,125
07:11:57.337,sleep,15294,432,6964,16788,8,95,59.0,-0.0,No,2400,2400,0,5568,125
07:11:58.337,sleep,15301,452,6924,16787,7,95,55.6,0.0,No,2400,2400,0,5566,125
07:11:59.337,sleep,15292,500,7658,16787,3,95,56.2,0.3,No,1500,2400,0,5573,125
07:12:00.337,sleep,15296,534,8198,16789,9,95,55.1,0.3,No,1500,2400,0,5581,125
07:12:01.337,sleep,15292,476,7310,16789,9,95,54.5,0.3,No,1500,2400,0,5577,125
07:12:02.337,sleep,15288,484,7426,16790,12,95,54.0,0.3,No,1500,2400,0,4960,75
07:12:03.337,sleep,15296,112,1736,16789,14,95,53.5,0.0,No,1500,2400,0,3649,75
07:12:04.337,sleep,15288,366,4012,16789,12,95,54.0,-0.0,No,1500,2400,0,3457,75
07:12:05.337,sleep,15296,460,7040,16789,11,95,52.4,0.3,No,1500,2400,0,3436,75
07:12:06.337,sleep,15290,258,4958,16789,11,95,52.9,0.3,No,1500,2400,0,3421,75
07:12:07.337,sleep,15288,570,8738,16790,11,95,52.9,0.0,No,1500,2400,0,3415,75
07:12:08.337,sleep,15290,346,5324,16790,10,95,52.4,-0.0,No,1500,2400,0,3400,75
07:12:09.341,active,15286,666,10186,16790,11,95,56.2,27.1,No,2400,2400,0,3389,75
07:12:10.337,active,15260,722,11072,16787,-4,95,57.3,57.0,No,2400,2400,0,3351,75
07:12:11.337,active,15271,832,10960,16787,-5,95,58.4,57.1,No,2400,2400,0,3335,75
07:12:12.337,active,15268,900,13774,16786,-4,95,58.4,58.8,No,2400,2400,0,3332,75
07:12:13.337,active,15256,862,10088,16785,-4,95,59.5,59.3,No,2400,2400,0,3307,75
07:12:14.341,active,15271,852,13040,16786,-8,95,60.0,60.2,No,2400,2400,0,3325,125
07:12:15.337,active,15309,528,8120,16785,-8,95,60.0,59.3,No,2400,2400,0,5192,125
07:12:16.337,active,15348,492,7562,16786,-5,95,61.1,58.7,No,2400,2400,0,5429,125
07:12:17.341,active,15296,530,8160,16785,-9,95,60.0,57.9,No,2400,2400,0,5448,125
07:12:18.337,active,15335,510,7928,16785,-8,95,60.6,57.8,No,2400,2400,0,5436,125
07:12:19.341,active,15341,522,8024,16787,-3,95,61.1,59.5,No,2400,2400,0,5429,125
07:12:20.337,active,15292,752,6790,16787,-3,95,61.7,59.1,No,2400,2400,0,5432,125
07:12:21.337,active,15299,782,11980,16787,-4,95,61.7,58.9,No,2400,2400,0,5435,125
07:12:22.341,active,15294,404,7716,16786,-6,95,62.2,58.7,No,2400,2400,0,5440,125
07:12:23.340,active,15296,632,9684,16784,-6,95,60.6,58.0,No,2400,2400,0,5440,125
07:12:24.337,active,15260,810,12424,16786,0,95,61.7,59.9,No,2400,2400,0,5442,125
07:12:25.340,active,15260,750,11014,16786,-8,95,61.1,60.1,No,2400,2400,0,5448,125
07:12:26.341,active,15251,906,13850,16787,0,95,62.2,57.7,No,2400,2400,0,5456,125
07:12:27.337,active,15256,786,14140,16788,0,95,62.2,55.9,No,2400,2400,0,5460,125
07:12:28.338,active,15251,802,12268,16787,0,95,61.1,55.7,No,2400,2400,0,5459,125
07:12:29.337,active,15245,884,13542,16786,0,95,61.1,54.4,No,2400,2400,0,5467,125
07:12:30.337,active,15251,868,13272,16786,0,95,61.7,59.4,No,2400,2400,0,5471,125
07:12:31.341,active,15316,760,11612,16786,0,95,61.7,55.9,No,2400,2400,0,5470,125
07:12:32.337,active,15271,716,12492,16787,0,95,62.2,55.5,No,2400,2400,0,5462,125
07:12:33.337,active,15296,706,10842,16785,0,95,62.2,53.6,No,2400,2400,0,5475,125
07:12:34.343,active,15294,968,11998,16786,0,95,60.6,54.5,No,2400,2400,0,5471,125
07:12:35.337,active,15294,704,10784,16786,0,95,61.7,56.0,No,2400,2400,0,5483,125
07:12:36.337,active,15296,720,11034,16786,0,95,62.8,55.0,No,2400,2400,0,5484,125
07:12:37.337,active,15299,712,10918,16787,0,95,62.8,55.0,No,2400,2400,0,5495,125
07:12:38.337,active,15296,732,11208,16787,0,95,62.8,54.1,No,2400,2400,0,5492,125
07:12:39.338,active,15305,718,11208,16786,0,95,62.8,54.4,No,2400,2400,0,5491,125
07:12:40.337,active,15296,784,12018,16785,-4,95,61.1,55.9,No,2400,2400,0,5492,125
07:12:41.337,active,15299,760,10918,16786,0,95,61.7,52.7,No,2400,2400,0,5489,125
07:12:42.337,active,15299,482,7388,16786,0,95,63.4,53.1,No,2400,2400,0,5489,125
07:12:43.337,active,15320,522,8024,16786,0,95,62.2,54.5,No,2400,2400,0,5495,125
07:12:44.340,active,15307,510,7850,16786,0,95,62.8,52.3,No,2400,2400,0,5501,125
07:12:45.339,active,15348,484,7446,16786,0,95,62.2,54.6,No,2400,2400,0,5505,125
07:12:46.337,active,15324,510,7832,16786,0,95,61.1,56.6,No,2400,2400,0,5504,125
07:12:47.338,active,15307,478,7330,16787,0,95,62.8,58.5,No,2400,2400,0,5501,125
07:12:48.341,active,15320,590,8276,16787,3,95,62.8,57.4,No,2400,2400,0,5501,125
07:12:49.337,active,15348,524,8044,16787,5,95,62.8,54.3,No,2400,2400,0,5502,125
07:12:50.338,active,15354,502,8140,16787,3,95,62.2,53.6,No,2400,2400,0,5502,125
07:12:51.342,active,15260,516,7928,16787,0,95,62.2,55.8,No,2400,2400,0,5501,125
07:12:52.337,active,15281,934,14294,16786,0,95,62.2,56.3,No,2400,2400,0,5499,125
07:12:53.341,active,15277,676,10358,16787,0,95,63.4,56.8,No,2400,2400,0,5513,125
07:12:54.337,active,15256,714,10956,16789,0,95,62.8,56.9,No,2400,2400,0,5510,125
07:12:55.338,active,15277,870,12306,16788,0,95,63.9,56.3,No,2400,2400,0,5509,125
07:12:56.341,active,15266,706,10842,16787,0,95,62.8,57.3,No,2400,2400,0,5510,125
07:12:57.337,active,15253,762,14218,16785,0,95,61.7,57.0,No,2400,2400,0,5510,125
07:12:58.337,active,15258,762,11652,16785,-5,95,63.4,58.8,No,2400,2400,0,5509,125
07:12:59.337,active,15262,836,10628,16785,-6,95,63.4,57.1,No,2400,2400,0,5510,125
07:13:00.339,active,15260,766,11710,16787,0,95,62.2,57.5,No,2400,2400,0,5510,125
07:13:01.341,active,15290,764,11728,16788,3,95,63.9,57.2,No,2400,2400,0,5516,125
07:13:02.338,active,15292,740,11342,16786,0,95,61.7,57.7,No,2400,2400,0,5510,125
07:13:03.337,active,15294,736,11266,16787,5,95,62.8,58.0,No,2400,2400,0,5515,125
07:13:04.341,active,15299,706,10822,16787,0,95,63.4,59.7,No,2400,2400,0,5521,125
07:13:05.337,active,15294,690,10590,16788,0,95,63.4,56.3,No,2400,2400,0,5524,125
07:13:06.337,active,15296,790,10474,16787,0,95,62.8,58.4,No,2400,2400,0,5526,125
07:13:07.341,active,15292,760,11652,16787,0,95,63.4,57.3,No,2400,2400,0,5519,125
07:13:08.337,active,15303,788,11188,16787,5,95,63.4,58.3,No,2400,2400,0,5518,125
07:13:09.337,sleep,15290,562,8604,16787,7,95,60.6,38.5,No,2400,2400,0,5543,125
07:13:10.337,sleep,15296,490,7522,16789,17,95,58.4,0.0,No,2400,2400,0,5572,125
07:13:11.337,sleep,15292,490,7778,16791,17,95,59.0,0.3,No,2400,2400,0,5564,125
07:13:12.337,sleep,15283,462,7080,16792,15,95,57.9,0.0,No,2400,2400,0,5568,125
07:13:13.337,sleep,15292,460,7552,16790,13,95,57.3,0.3,No,2400,2400,0,5572,125
07:13:14.337,sleep,15292,340,5208,16790,14,95,56.2,0.3,No,1500,2400,0,5560,125
07:13:15.337,sleep,15290,540,7986,16789,15,95,55.6,0.0,No,1500,2400,0,5573,125
07:13:16.337,sleep,15296,438,6732,16789,16,95,56.2,0.0,No,1500,2400,0,5580,125
07:13:17.337,sleep,15294,498,8662,16790,16,95,53.5,0.3,No,1500,2400,0,4381,75
07:13:18.337,sleep,15294,538,8236,16790,18,95,53.5,0.3,No,1500,2400,0,3559,75
07:13:19.337,sleep,15290,714,9220,16791,18,95,52.9,0.0,No,1500,2400,0,3437,75
07:13:20.337,sleep,15288,336,5170,16791,21,95,53.5,0.2,No,1500,2400,0,3427,75
07:13:21.337,sleep,15294,482,4456,16790,16,95,53.5,0.0,No,1500,2400,0,3414,75
07:13:22.337,sleep,15290,484,7408,16789,15,95,53.5,0.0,No,1500,2400,0,3417,75
07:13:23.337,sleep,15290,542,8314,16789,14,95,52.9,0.3,No,1500,2400,0,3413,75
07:13:24.338,active,15286,828,12694,16788,7,95,55.6,26.0,No,2400,2400,0,3398,75
07:13:25.337,active,15266,918,14062,16787,-7,95,57.9,59.0,No,2400,2400,0,3351,75
07:13:26.337,active,15256,888,13562,16787,-5,95,57.9,59.1,No,2400,2400,0,3341,75
07:13:27.337,active,15247,768,11768,16787,0,95,59.0,54.7,No,2400,2400,0,3334,75
07:13:28.339,active,15294,652,7446,16785,-6,95,60.0,55.7,No,2400,2400,0,3335,75
07:13:29.337,active,15294,712,10918,16788,-3,95,59.5,58.5,No,2400,2400,0,3316,75
07:13:30.337,active,15296,744,7214,16787,0,95,59.5,58.6,No,2400,2400,0,3612,125
07:13:31.337,active,15296,706,10822,16786,-6,95,60.6,59.3,No,2400,2400,0,5294,125
07:13:32.337,active,15296,720,8468,16786,-3,95,61.1,58.9,No,2400,2400,0,5427,125
07:13:33.337,active,15296,706,10842,16786,0,95,61.7,59.9,No,2400,2400,0,5435,125
07:13:34.341,active,15294,734,11516,16786,-4,95,62.2,58.2,No,2400,2400,0,5430,125
07:13:35.341,active,15292,702,10764,16787,-5,95,62.2,57.1,No,2400,2400,0,5424,125
07:13:36.337,active,15292,668,10244,16787,-3,95,61.1,56.2,No,2400,2400,0,5415,125
07:13:37.337,active,15264,646,14390,16787,-5,95,61.7,55.6,No,2400,2400,0,5432,125
07:13:38.341,active,15301,774,11844,16787,-4,95,61.1,56.1,No,2400,2400,0,5444,125
07:13:39.337,active,15311,566,13754,16785,0,95,61.7,57.5,No,2400,2400,0,5436,125
07:13:40.337,active,15266,752,11498,16788,0,95,62.2,56.4,No,2400,2400,0,5444,125
07:13:41.343,active,15299,494,12500,16787,-4,95,60.6,54.6,No,2400,2400,0,5446,125
07:13:42.337,active,15296,640,9818,16788,0,95,61.1,51.8,No,2400,2400,0,5452,125
07:13:43.337,active,15305,484,11998,16787,0,95,61.7,52.3,No,2400,2400,0,5466,125
07:13:44.341,active,15305,492,7562,16785,-6,95,63.4,54.6,No,2400,2400,0,5459,125
07:13:45.337,active,15305,484,9202,16786,0,95,62.8,54.5,No,2400,2400,0,5466,125
07:13:46.338,active,15314,514,7890,16787,0,95,62.2,55.5,No,2400,2400,0,5475,125
07:13:47.337,active,15271,754,11554,16786,-4,95,61.1,54.1,No,2400,2400,0,5471,125
07:13:48.337,active,15273,932,11498,16787,-3,95,62.2,58.8,No,2400,2400,0,5466,125
07:13:49.337,active,15305,742,11382,16787,0,95,62.8,56.6,No,2400,2400,0,5483,125
07:13:50.341,active,15303,692,10262,16786,-3,95,62.2,51.4,No,2400,2400,0,5484,125
07:13:51.337,active,15258,704,10802,16787,-4,95,63.4,51.5,No,2400,2400,0,5486,125
07:13:52.342,active,15273,776,9742,16786,-4,95,61.7,51.7,No,2400,2400,0,5488,125
07:13:53.337,active,15260,730,11208,16786,-3,95,62.2,54.5,No,2400,2400,0,5486,125
07:13:54.337,active,15292,766,11014,16786,-3,95,62.2,53.2,No,2400,2400,0,5490,125
07:13:55.337,active,15281,754,11554,16786,0,95,61.7,51.7,No,2400,2400,0,5496,125
07:13:56.337,active,15354,554,8526,16786,0,95,62.8,51.4,No,2400,2400,0,5496,125
07:13:57.341,active,15333,486,7466,16787,0,95,62.2,51.8,No,2400,2400,0,5498,125
07:13:58.337,active,15296,552,8468,16787,-3,95,60.6,53.1,No,2400,2400,0,5498,125
07:13:59.337,active,15359,528,7352,16787,-3,95,62.2,52.4,No,2400,2400,0,5501,125
07:14:00.337,active,15292,476,7330,16788,0,95,62.2,52.8,No,2400,2400,0,5503,125
07:14:01.337,active,15299,536,8474,16787,0,95,62.2,52.6,No,2400,2400,0,5494,125
07:14:02.338,active,15292,754,11574,16787,0,95,63.4,57.2,No,2400,2400,0,5498,125
07:14:03.338,active,15294,694,8102,16787,3,95,62.8,55.8,No,2400,2400,0,5506,125
07:14:04.337,active,15303,742,11382,16786,0,95,62.2,56.8,No,2400,2400,0,5510,125
07:14:05.338,active,15279,972,12366,16786,0,95,62.8,57.5,No,2400,2400,0,5510,125
07:14:06.341,active,15264,772,11824,16788,0,95,62.8,56.2,No,2400,2400,0,5510,125
07:14:07.337,active,15305,750,11458,16787,0,95,63.4,58.3,No,2400,2400,0,5510,125
07:14:08.338,active,15251,668,10204,16787,0,95,63.4,57.5,No,2400,2400,0,5515,125
07:14:09.342,active,15311,700,10706,16786,0,95,62.2,57.2,No,2400,2400,0,5516,125
07:14:10.337,active,15260,642,9800,16787,0,95,63.4,58.8,No,2400,2400,0,5516,125
07:14:11.341,active,15301,858,13118,16788,0,95,63.4,58.6,No,2400,2400,0,5512,125
07:14:12.341,active,15309,424,6500,16788,0,95,62.8,56.5,No,2400,2400,0,5519,125
07:14:13.337,active,15316,752,11516,16787,0,95,63.4,57.9,No,2400,2400,0,5508,125
07:14:14.344,active,15309,506,7754,16788,0,95,63.4,57.4,No,2400,2400,0,5510,125
07:14:15.337,active,15303,660,10146,16786,0,95,63.4,57.3,No,2400,2400,0,5513,125
07:14:16.337,active,15311,684,11092,16787,0,95,63.4,57.3,No,2400,2400,0,5517,125
07:14:17.341,active,15307,730,11208,16787,0,95,63.9,57.4,No,2400,2400,0,5515,125
07:14:18.337,active,15279,796,10300,16787,0,95,63.9,57.6,No,2400,2400,0,5518,125
07:14:19.338,active,15281,724,11072,16787,3,95,63.4,57.8,No,2400,2400,0,5514,125
07:14:20.340,active,15266,866,9992,16787,0,95,63.4,56.5,No,2400,2400,0,5517,125
07:14:21.337,active,15262,926,14160,16786,0,95,63.4,57.5,No,2400,2400,0,5522,125
07:14:22.341,active,15264,814,11304,16787,0,95,63.9,58.1,No,2400,2400,0,5529,125
07:14:23.337,active,15346,728,11170,16787,0,95,63.9,56.4,No,2400,2400,0,5512,125
07:14:24.337,sleep,15286,504,7716,16786,0,95,61.1,39.7,No,2400,2400,0,5543,125
07:14:25.337,sleep,15292,554,7738,16790,16,95,60.0,-0.0,No,2400,2400,0,5573,125
07:14:26.337,sleep,15286,464,7138,16791,12,95,59.0,0.3,No,2400,2400,0,5571,125
07:14:27.337,sleep,15292,480,6924,16791,15,95,57.9,-0.0,No,2400,2400,0,5565,125
07:14:28.337,sleep,15290,482,7388,16791,12,95,56.8,0.3,No,2400,2400,0,5562,125
07:14:29.337,sleep,15283,446,5864,16790,13,95,56.8,0.0,No,1500,2400,0,5569,125
07:14:30.337,sleep,15283,462,7080,16789,13,95,57.3,0.5,No,1500,2400,0,5580,125
07:14:31.337,sleep,15288,388,6308,16789,13,95,55.1,0.0,No,1500,2400,0,5579,125
07:14:32.337,sleep,15290,484,7408,16790,17,95,54.0,0.3,No,1500,2400,0,4018,75
07:14:33.337,sleep,15294,520,8256,16790,15,95,53.5,0.3,No,1500,2400,0,3516,75
07:14:34.337,sleep,15294,544,8334,16790,16,95,53.5,-0.0,No,1500,2400,0,3442,75
07:14:35.337,sleep,15292,562,5092,16790,15,95,55.1,0.3,No,1500,2400,0,3423,75
07:14:36.337,sleep,15292,344,5266,16790,16,95,52.9,0.0,No,1500,2400,0,3407,75
07:14:37.337,sleep,15296,548,6636,16790,14,95,53.5,0.0,No,1500,2400,0,3401,75
07:14:38.337,sleep,15294,276,4224,16790,17,95,52.9,-0.0,No,1500,2400,0,3393,75
07:14:39.341,active,15303,458,11768,16790,13,95,56.2,27.1,No,2400,2400,0,3364,75
07:14:40.337,active,15281,666,10186,16787,-9,95,57.9,58.8,No,2400,2400,0,3341,75
07:14:41.337,active,15307,750,10262,16786,-5,95,58.4,59.1,No,2400,2400,0,3328,75
07:14:42.341,active,15305,744,10224,16785,-6,95,59.5,58.4,No,2400,2400,0,3335,75
07:14:43.337,active,15296,730,11188,16786,-4,95,59.0,58.1,No,2400,2400,0,3327,75
07:14:44.337,active,15266,714,10320,16787,-6,95,59.5,58.0,No,2400,2400,0,3318,75
07:14:45.341,active,15296,706,10842,16787,-3,95,60.6,57.9,No,2400,2400,0,4478,125
07:14:46.337,active,15299,766,11188,16787,0,95,60.6,55.0,No,2400,2400,0,5378,125
07:14:47.341,active,15299,750,11516,16786,-3,95,60.0,54.9,No,2400,2400,0,5450,125
07:14:48.343,active,15309,746,10956,16786,-3,95,60.6,56.3,No,2400,2400,0,5441,125
07:14:49.337,active,15271,822,12578,16786,-3,95,61.7,59.9,No,2400,2400,0,5440,125
07:14:50.337,active,15305,684,11246,16786,-5,95,61.7,55.8,No,2400,2400,0,5432,125
07:14:51.341,active,15301,716,10976,16786,-5,95,61.7,51.8,No,2400,2400,0,5435,125
07:14:52.337,active,15344,518,7948,16786,-8,95,61.7,51.3,No,2400,2400,0,5438,125
07:14:53.338,active,15322,472,7252,16786,0,95,60.6,51.0,No,2400,2400,0,5440,125
07:14:54.337,active,15354,486,7466,16785,-6,95,60.6,51.8,No,2400,2400,0,5445,125
07:14:55.337,active,15333,528,7608,16785,-5,95,61.1,52.7,No,2400,2400,0,5443,125
07:14:56.341,active,15290,518,7966,16786,-4,95,61.7,52.2,No,2400,2400,0,5450,125
07:14:57.337,active,15350,552,8506,16787,0,95,62.2,53.0,No,2400,2400,0,5450,125
07:14:58.338,active,15296,450,6906,16786,-3,95,61.7,55.2,No,2400,2400,0,5450,125
07:14:59.343,active,15305,554,7292,16786,-3,95,59.5,52.4,No,2400,2400,0,5459,125
07:15:00.337,active,15256,930,14218,16787,-4,95,62.2,52.1,No,2400,2400,0,5472,125
07:15:01.337,active,15234,908,13890,16787,-4,95,62.8,52.3,No,2400,2400,0,5469,125
07:15:02.341,active,15249,880,13464,16785,-7,95,61.7,51.8,No,2400,2400,0,5474,125
07:15:03.337,active,15260,982,15008,16786,-5,95,62.2,51.2,No,2400,2400,0,5478,125
07:15:04.338,active,15275,684,10494,16786,0,95,61.7,52.7,No,2400,2400,0,5481,125
07:15:05.337,active,15299,844,12906,16786,-3,95,61.1,53.2,No,2400,2400,0,5477,125
07:15:06.337,active,15245,834,12752,16788,0,95,62.2,52.3,No,2400,2400,0,5477,125
07:15:07.340,active,15303,906,13850,16787,0,95,61.7,52.3,No,2400,2400,0,5486,125
07:15:08.341,active,15253,626,9588,16787,0,95,62.2,52.9,No,2400,2400,0,5486,125
07:15:09.337,active,15305,858,13118,16786,0,95,62.2,57.3,No,2400,2400,0,5480,125
07:15:10.338,active,15299,788,10358,16786,0,95,61.7,54.1,No,2400,2400,0,5486,125
07:15:11.337,active,15292,700,10726,16788,0,95,61.7,54.8,No,2400,2400,0,5487,125
07:15:12.337,active,15296,682,10514,16789,5,95,61.7,53.1,No,2400,2400,0,5492,125
07:15:13.338,active,15301,704,10784,16789,5,95,62.2,52.8,No,2400,2400,0,5499,125
07:15:14.337,active,15305,648,10224,16788,0,95,62.8,55.2,No,2400,2400,0,5501,125
07:15:15.341,active,15311,752,11554,16787,0,95,62.2,57.5,No,2400,2400,0,5492,125
07:15:16.342,active,15309,698,11188,16787,4,95,62.2,57.1,No,2400,2400,0,5498,125
07:15:17.337,active,15299,736,11284,16786,0,95,61.1,57.8,No,2400,2400,0,5501,125
07:15:18.338,active,15262,954,11054,16787,3,95,62.8,57.5,No,2400,2400,0,5501,125
07:15:19.337,active,15339,572,7752,16785,-5,95,63.4,56.4,No,2400,2400,0,5511,125
07:15:20.339,active,15311,522,8006,16786,0,95,63.4,58.2,No,2400,2400,0,5508,125
07:15:21.341,active,15335,526,7570,16787,3,95,62.2,55.6,No,2400,2400,0,5502,125
07:15:22.337,active,15290,584,8970,16788,7,95,63.4,58.0,No,2400,2400,0,5502,125
07:15:23.341,active,15283,680,8112,16787,3,95,63.4,58.0,No,2400,2400,0,5499,125
07:15:24.340,active,15303,502,7716,16786,0,95,63.4,57.1,No,2400,2400,0,5501,125
07:15:25.337,active,15283,786,8216,16788,0,95,63.4,58.3,No,2400,2400,0,5506,125
07:15:26.337,active,15296,780,11960,16787,0,95,63.4,57.7,No,2400,2400,0,5510,125
07:15:27.338,active,15294,710,7716,16786,0,95,62.8,56.9,No,2400,2400,0,5516,125
07:15:28.337,active,15275,790,12096,16786,0,95,63.4,58.5,No,2400,2400,0,5515,125
07:15:29.341,active,15266,938,13446,16786,0,95,63.4,58.1,No,2400,2400,0,5515,125
07:15:30.337,active,15260,722,11054,16788,3,95,63.9,57.2,No,2400,2400,0,5512,125
07:15:31.337,active,15256,712,10898,16788,0,95,63.9,57.0,No,2400,2400,0,5516,125
07:15:32.341,active,15268,774,11864,16788,0,95,63.4,57.1,No,2400,2400,0,5510,125
07:15:33.337,active,15249,744,11382,16787,0,95,63.4,57.6,No,2400,2400,0,5518,125
07:15:34.337,active,15256,704,10784,16786,0,95,63.9,57.7,No,2400,2400,0,5528,125
07:15:35.341,active,15314,738,11266,16787,0,95,63.9,57.3,No,2400,2400,0,5528,125
07:15:36.337,active,15277,696,10648,16787,0,95,63.9,56.5,No,2400,2400,0,5519,125
07:15:37.338,active,15294,740,11324,16785,0,95,63.4,57.0,No,2400,2400,0,5516,125
07:15:38.338,active,15299,736,10416,16786,0,95,62.8,57.0,No,2400,2400,0,5517,125
07:15:39.337,sleep,15290,456,7002,16786,0,95,61.1,41.6,No,2400,2400,0,5540,125
07:15:40.337,sleep,15294,482,7388,16788,10,95,59.0,0.0,No,2400,2400,0,5571,125
07:15:41.337,sleep,15296,482,7408,16790,11,95,58.4,0.0,No,2400,2400,0,5571,125
07:15:42.337,sleep,15294,534,7522,16789,12,95,57.9,0.2,No,2400,2400,0,5567,125
07:15:43.337,sleep,15292,450,6906,16790,11,95,57.3,0.0,No,2400,2400,0,5565,125
07:15:44.337,sleep,15294,494,5304,16789,11,95,56.8,-0.0,No,1500,2400,0,5568,125
07:15:45.337,sleep,15288,414,6366,16789,11,95,55.6,0.3,No,1500,2400,0,5581,125
07:15:46.337,sleep,15290,246,7080,16790,11,95,54.5,0.0,No,1500,2400,0,5577,125
07:15:47.337,sleep,15290,420,6424,16790,14,95,54.5,0.3,No,1500,2400,0,5580,75
07:15:48.337,sleep,15290,366,7716,16790,17,95,54.0,0.5,No,1500,2400,0,3805,75
07:15:49.337,sleep,15290,266,4088,16790,19,95,52.9,-0.0,No,1500,2400,0,3483,75
07:15:50.337,sleep,15290,282,6500,16790,17,95,53.5,0.0,No,1500,2400,0,3422,75
07:15:51.337,sleep,15288,314,4822,16790,16,95,52.9,0.3,No,1500,2400,0,3418,75
07:15:52.337,sleep,15290,354,7426,16791,13,95,52.9,0.0,No,1500,2400,0,3423,75
07:15:53.337,sleep,15290,538,8256,16791,15,95,52.9,0.3,No,1500,2400,0,3409,75
07:15:54.338,active,15301,470,6866,16790,15,95,55.1,22.1,No,2400,2400,0,3399,75
07:15:55.337,active,15359,454,7002,16788,-3,95,56.8,55.2,No,2400,2400,0,3345,75
07:15:56.337,active,15245,882,13484,16788,-3,95,57.3,55.3,No,2400,2400,0,3326,75
07:15:57.340,active,15238,778,13368,16787,-3,95,59.0,56.0,No,2400,2400,0,3334,75
07:15:58.341,active,15264,820,12538,16788,-7,95,58.4,58.7,No,2400,2400,0,3336,75
07:15:59.337,active,15223,720,13118,16788,0,95,59.0,53.0,No,2400,2400,0,3331,75
07:16:00.342,active,15303,864,13194,16787,-4,95,59.5,53.2,No,2400,2400,0,3325,75
07:16:01.337,active,15251,732,14622,16786,0,95,59.5,51.5,No,2400,2400,0,3320,75
07:16:02.337,active,15243,762,11632,16785,0,95,60.6,52.3,No,2400,2400,0,4863,125
07:16:03.337,active,15279,614,13522,16786,-3,95,61.1,52.4,No,2400,2400,0,5405,125
07:16:04.337,active,15247,852,13002,16788,0,95,60.6,51.3,No,2400,2400,0,5440,125
07:16:05.337,active,15296,670,10282,16786,-8,95,61.1,55.4,No,2400,2400,0,5431,125
07:16:06.344,active,15292,762,11670,16786,-4,95,61.7,57.0,No,2400,2400,0,5430,125
07:16:07.337,active,15307,666,10204,16786,0,95,61.1,56.8,No,2400,2400,0,5430,125
07:16:08.341,active,15299,750,11516,16786,-5,95,61.7,58.6,No,2400,2400,0,5427,125
07:16:09.337,active,15299,678,10378,16787,-4,95,62.2,56.2,No,2400,2400,0,5434,125
07:16:10.337,active,15299,698,10706,16786,-6,95,61.7,51.3,No,2400,2400,0,5432,125
07:16:11.338,active,15305,648,9954,16787,0,95,61.7,51.5,No,2400,2400,0,5429,125
07:16:12.337,active,15296,760,11652,16786,-5,95,60.6,51.4,No,2400,2400,0,5442,125
07:16:13.337,active,15299,766,11768,16785,-4,95,61.1,52.3,No,2400,2400,0,5445,125
07:16:14.340,active,15301,712,10898,16787,0,95,61.7,52.3,No,2400,2400,0,5452,125
07:16:15.341,active,15307,446,6828,16786,0,95,61.7,51.7,No,2400,2400,0,5457,125
07:16:16.337,active,15322,490,7792,16788,0,95,61.7,51.5,No,2400,2400,0,5453,125
07:16:17.338,active,15314,508,7812,16789,0,95,60.6,51.9,No,2400,2400,0,5463,125
07:16:18.337,active,15329,518,7292,16788,0,95,60.6,53.5,No,2400,2400,0,5459,125
07:16:19.337,active,15322,490,7522,16786,-5,95,62.2,52.5,No,2400,2400,0,5479,125
07:16:20.338,active,15354,448,8102,16785,-6,95,62.2,52.6,No,2400,2400,0,5470,125
07:16:21.337,active,15346,532,8178,16785,-4,95,63.4,54.3,No,2400,2400,0,5471,125
07:16:22.341,active,15294,694,7870,16786,-5,95,62.2,56.5,No,2400,2400,0,5475,125
07:16:23.337,active,15341,448,6906,16788,0,95,62.2,54.3,No,2400,2400,0,5475,125
07:16:24.337,active,15256,854,13060,16787,0,95,61.1,54.0,No,2400,2400,0,5484,125
07:16:25.337,active,15260,850,15306,16789,5,95,62.8,57.1,No,2400,2400,0,5481,125
07:16:26.337,active,15277,786,12018,16786,0,95,62.8,58.4,No,2400,2400,0,5486,125
07:16:27.339,active,15266,748,13234,16786,0,95,62.8,58.0,No,2400,2400,0,5478,125
07:16:28.342,active,15305,782,11960,16787,0,95,62.2,56.5,No,2400,2400,0,5490,125
07:16:29.337,active,15251,788,11574,16787,0,95,63.4,59.0,No,2400,2400,0,5484,125
07:16:30.337,active,15296,724,11054,16788,0,95,62.8,57.6,No,2400,2400,0,5493,125
07:16:31.339,active,15262,584,13426,16786,0,95,63.4,57.7,No,2400,2400,0,5491,125
07:16:32.339,active,15314,738,11284,16785,0,95,63.4,57.1,No,2400,2400,0,5500,125
07:16:33.343,active,15299,694,9972,16786,-4,95,62.8,57.3,No,2400,2400,0,5492,125
07:16:34.338,active,15299,804,12326,16787,0,95,63.4,57.6,No,2400,2400,0,5497,125
07:16:35.337,active,15301,670,10262,16786,-6,95,63.4,58.1,No,2400,2400,0,5501,125
07:16:36.339,active,15299,754,11574,16787,0,95,63.9,57.9,No,2400,2400,0,5500,125
07:16:37.337,active,15262,754,11554,16786,0,95,62.8,57.2,No,2400,2400,0,5502,125
07:16:38.340,active,15303,718,11014,16786,0,95,63.9,57.0,No,2400,2400,0,5501,125
07:16:39.343,active,15271,748,11458,16787,0,95,63.4,56.9,No,2400,2400,0,5497,125
07:16:40.337,active,15275,880,13464,16787,0,95,63.4,57.3,No,2400,2400,0,5503,125
07:16:41.337,active,15262,768,11786,16787,0,95,64.5,57.7,No,2400,2400,0,5511,125
07:16:42.341,active,15283,686,10532,16787,0,95,63.4,57.1,No,2400,2400,0,5513,125
07:16:43.337,active,15324,526,8082,16786,0,95,63.4,56.8,No,2400,2400,0,5513,125
07:16:44.338,active,15348,544,7138,16787,0,95,63.4,58.2,No,2400,2400,0,5504,125
07:16:45.340,active,15331,560,8604,16788,0,95,62.8,56.7,No,2400,2400,0,5514,125
07:16:46.337,active,15288,648,8662,16788,3,95,63.4,56.4,No,2400,2400,0,5516,125
07:16:47.341,active,15341,514,7908,16788,0,95,63.9,57.5,No,2400,2400,0,5510,125
07:16:48.337,active,15292,748,7466,16787,0,95,64.5,57.1,No,2400,2400,0,5509,125
07:16:49.338,active,15296,586,8970,16787,0,95,63.9,58.8,No,2400,2400,0,5513,125
07:16:50.341,active,15294,684,10552,16788,0,95,63.4,58.7,No,2400,2400,0,5520,125
07:16:51.339,active,15294,680,10416,16786,0,95,63.4,57.9,No,2400,2400,0,5519,125
07:16:52.337,active,15256,802,12288,16788,0,95,63.9,59.7,No,2400,2400,0,5520,125
07:16:53.340,active,15258,808,14158,16789,0,95,63.9,58.7,No,2400,2400,0,5520,125
07:16:54.337,sleep,15294,468,7176,16788,5,95,60.6,44.7,No,2400,2400,0,5529,125
07:16:55.337,sleep,15286,492,7678,16788,13,95,59.0,-0.0,No,2400,2400,0,5567,125
07:16:56.337,sleep,15299,498,7638,16788,14,95,57.9,0.0,No,2400,2400,0,5572,125
07:16:57.337,sleep,15296,502,7928,16789,9,95,57.3,0.0,No,2400,2400,0,5566,125
07:16:58.337,sleep,15296,496,7600,16788,5,95,56.8,0.2,No,2400,2400,0,5563,125
07:16:59.337,sleep,15292,568,6538,16788,7,95,57.9,0.0,No,1500,2400,0,5562,125
07:17:00.337,sleep,15288,492,7542,16789,14,95,54.5,0.3,No,1500,2400,0,5577,125
07:17:01.337,sleep,15290,356,5458,16790,14,95,55.1,-0.0,No,1500,2400,0,5577,125
07:17:02.337,sleep,15286,396,6076,16790,14,95,54.0,0.0,No,1500,2400,0,5007,75
07:17:03.337,sleep,15288,518,7948,16792,23,95,54.0,0.3,No,1500,2400,0,3658,75
07:17:04.337,sleep,15292,444,6790,16792,22,95,52.4,-0.0,No,1500,2400,0,3445,75
07:17:05.337,sleep,15288,468,7156,16793,23,95,52.9,0.3,No,1500,2400,0,3419,75
07:17:06.337,sleep,15283,370,5690,16791,23,95,52.9,-0.0,No,1500,2400,0,3403,75
07:17:07.337,sleep,15292,404,6192,16790,17,95,52.9,0.7,No,1500,2400,0,3416,75
07:17:08.337,sleep,15290,222,3414,16790,20,95,52.4,1.0,No,1500,2400,0,3414,75
07:17:09.337,active,15301,682,10474,16791,18,95,55.6,20.2,No,2400,2400,0,3400,75
07:17:10.337,active,15303,578,8546,16787,-3,95,55.6,52.2,No,2400,2400,0,3365,75
07:17:11.337,active,15294,482,7408,16788,0,95,57.9,51.3,No,2400,2400,0,3345,75
07:17:12.341,active,15309,470,6596,16787,0,95,59.0,55.7,No,2400,2400,0,3312,75
07:17:13.338,active,15305,458,7022,16787,-3,95,59.0,53.9,No,2400,2400,0,3311,75
07:17:14.337,active,15326,488,7368,16786,-4,95,60.0,56.0,No,2400,2400,0,3313,75
07:17:15.337,active,15329,526,8082,16786,-3,95,61.1,55.9,No,2400,2400,0,3309,75
07:17:16.337,active,15294,698,7060,16787,-5,95,60.6,53.6,No,2400,2400,0,5159,125
07:17:17.338,active,15354,440,6770,16787,0,95,60.6,56.9,No,2400,2400,0,5424,125
07:17:18.341,active,15288,764,7156,16787,-3,95,61.1,54.5,No,2400,2400,0,5432,125
07:17:19.337,active,15258,966,10680,16787,0,95,61.1,54.4,No,2400,2400,0,5440,125
07:17:20.337,active,15251,790,12096,16788,0,95,61.7,53.4,No,2400,2400,0,5444,125
07:17:21.341,active,15256,842,13122,16787,0,95,61.7,54.9,No,2400,2400,0,5440,125
07:17:22.337,active,15234,888,13580,16787,0,95,61.7,54.4,No,2400,2400,0,5432,125
07:17:23.337,active,15249,806,10772,16787,0,95,61.1,54.2,No,2400,2400,0,5434,125
07:17:24.338,active,15260,950,14546,16788,0,95,61.7,54.5,No,2400,2400,0,5435,125
07:17:25.337,active,15238,832,14742,16787,0,95,61.7,54.6,No,2400,2400,0,5452,125
07:17:26.337,active,15275,878,13426,16787,0,95,62.2,52.6,No,2400,2400,0,5458,125
07:17:27.341,active,15260,646,12200,16786,-3,95,61.7,55.2,No,2400,2400,0,5449,125
07:17:28.337,active,15307,744,11400,16785,-5,95,62.8,54.1,No,2400,2400,0,5459,125
07:17:29.338,active,15294,750,7060,16786,-5,95,62.2,54.8,No,2400,2400,0,5461,125
07:17:30.337,active,15290,724,11092,16787,-3,95,61.1,53.4,No,2400,2400,0,5467,125
07:17:31.337,active,15299,694,11226,16788,0,95,61.7,53.0,No,2400,2400,0,5474,125
07:17:32.341,active,15292,726,11130,16787,0,95,62.8,53.4,No,2400,2400,0,5476,125
07:17:33.337,active,15307,760,10802,16787,0,95,62.8,54.5,No,2400,2400,0,5475,125
07:17:34.339,active,15296,646,9896,16786,-4,95,62.2,57.4,No,2400,2400,0,5471,125
07:17:35.342,active,15299,746,11054,16786,0,95,62.2,58.1,No,2400,2400,0,5478,125
07:17:36.337,active,15288,654,10030,16786,-6,95,62.2,58.1,No,2400,2400,0,5485,125
07:17:37.337,active,15305,744,11980,16787,-4,95,63.9,58.1,No,2400,2400,0,5480,125
07:17:38.337,active,15318,472,8514,16786,-3,95,62.2,57.1,No,2400,2400,0,5490,125
07:17:39.337,active,15341,470,7194,16787,0,95,63.4,58.0,No,2400,2400,0,5489,125
07:17:40.339,active,15324,532,9220,16787,0,95,62.8,57.2,No,2400,2400,0,5476,125
07:17:41.337,active,15294,520,7986,16786,-3,95,62.2,57.8,No,2400,2400,0,5491,125
07:17:42.337,active,15350,506,8256,16787,-4,95,62.8,57.3,No,2400,2400,0,5498,125
07:17:43.341,active,15292,508,7812,16787,0,95,63.4,58.0,No,2400,2400,0,5493,125
07:17:44.337,active,15290,668,7388,16787,0,95,63.4,56.6,No,2400,2400,0,5497,125
07:17:45.337,active,15296,514,7908,16787,-4,95,63.4,57.2,No,2400,2400,0,5499,125
07:17:46.341,active,15292,734,7292,16787,-3,95,63.9,57.1,No,2400,2400,0,5498,125
07:17:47.337,active,15273,936,14314,16787,0,95,63.4,56.7,No,2400,2400,0,5504,125
07:17:48.341,active,15253,764,13406,16785,-6,95,63.4,57.9,No,2400,2400,0,5500,125
07:17:49.339,active,15281,718,10996,16787,-3,95,63.4,57.7,No,2400,2400,0,5522,125
07:17:50.339,active,15249,720,13176,16788,-3,95,63.4,56.9,No,2400,2400,0,5511,125
07:17:51.340,active,15262,742,11362,16788,0,95,63.4,58.1,No,2400,2400,0,5497,125
07:17:52.338,active,15253,652,11960,16787,0,95,63.4,56.4,No,2400,2400,0,5509,125
07:17:53.337,active,15262,790,12096,16787,0,95,63.4,57.6,No,2400,2400,0,5512,125
07:17:54.341,active,15251,634,11824,16785,-4,95,63.4,57.9,No,2400,2400,0,5515,125
07:17:55.337,active,15305,756,11554,16786,-4,95,63.4,56.9,No,2400,2400,0,5508,125
07:17:56.337,active,15309,498,11960,16785,-4,95,63.9,56.8,No,2400,2400,0,5514,125
07:17:57.343,active,15296,736,11266,16785,-4,95,64.5,57.6,No,2400,2400,0,5513,125
07:17:58.337,active,15299,746,11440,16785,-8,95,62.8,57.1,No,2400,2400,0,5522,125
07:17:59.337,active,15296,724,11112,16786,0,95,63.4,59.0,No,2400,2400,0,5527,125
07:18:00.340,active,15307,722,11072,16786,-3,95,63.9,59.0,No,2400,2400,0,5522,125
07:18:01.337,active,15307,696,10686,16785,-7,95,63.4,58.6,No,2400,2400,0,5509,125
07:18:02.338,active,15277,704,10784,16786,-7,95,63.9,59.4,No,2400,2400,0,5515,125
07:18:03.340,active,15307,700,10726,16786,-3,95,63.4,58.9,No,2400,2400,0,5523,125
07:18:04.337,active,15275,628,9626,16786,0,95,63.4,58.2,No,2400,2400,0,5527,125
07:18:05.341,active,15311,782,11998,16786,-5,95,63.9,59.6,No,2400,2400,0,5519,125
07:18:06.341,active,15264,634,10686,16785,-6,95,63.9,59.2,No,2400,2400,0,5524,125
07:18:07.344,active,15326,454,8082,16784,-7,95,65.0,58.3,No,2400,2400,0,5519,125
07:18:08.341,active,15296,528,8120,16786,-3,95,63.9,58.8,No,2400,2400,0,5529,125
07:18:09.337,sleep,15290,484,6914,16787,0,95,60.6,46.4,No,2400,2400,0,5533,125
07:18:10.337,sleep,15290,506,7774,16789,12,95,59.5,0.0,No,2400,2400,0,5567,125
07:18:11.337,sleep,15294,472,6722,16788,13,95,59.0,-0.0,No,2400,2400,0,5561,125
07:18:12.337,sleep,15290,456,7002,16789,11,95,57.3,0.0,No,2400,2400,0,5568,125
07:18:13.337,sleep,15288,464,7630,16789,10,95,57.3,0.3,No,2400,2400,0,5567,125
07:18:14.337,sleep,15283,404,6192,16788,11,95,56.2,0.3,No,1500,2400,0,5574,125
07:18:15.337,sleep,15288,526,8064,16789,15,95,55.1,0.3,No,1500,2400,0,5582,125
07:18:16.337,sleep,15286,444,6810,16788,13,95,55.6,0.0,No,1500,2400,0,5585,125
07:18:17.337,sleep,15290,230,4436,16788,12,95,54.5,1.2,No,1500,2400,0,4416,75
07:18:18.337,sleep,15294,538,8236,16791,17,95,54.0,0.0,No,1500,2400,0,3573,75
07:18:19.337,sleep,15292,282,8430,16791,16,95,53.5,0.3,No,1500,2400,0,3448,75
07:18:20.337,sleep,15299,480,7350,16792,18,95,53.5,0.0,No,1500,2400,0,3428,75
07:18:21.337,sleep,15296,314,4590,16791,18,95,52.9,0.0,No,1500,2400,0,3418,75
07:18:22.337,sleep,15296,272,4186,16790,15,95,52.9,0.3,No,1500,2400,0,3401,75
07:18:23.337,sleep,15292,264,8700,16790,16,95,53.5,-0.0,No,1500,2400,0,3408,75
07:18:24.340,active,15268,554,8488,16790,17,95,55.1,18.8,No,2400,2400,0,3399,75
07:18:25.342,active,15296,634,9722,16788,0,95,56.8,54.2,No,2400,2400,0,3356,75
07:18:26.337,active,15305,712,10918,16787,0,95,58.4,56.7,No,2400,2400,0,3344,75
07:18:27.337,active,15303,712,10918,16786,-5,95,59.0,55.0,No,2400,2400,0,3340,75
07:18:28.337,active,15299,692,10610,16786,-7,95,59.5,55.9,No,2400,2400,0,3330,75
07:18:29.337,active,15273,728,11170,16785,-7,95,59.5,54.2,No,2400,2400,0,3321,75
07:18:30.339,active,15309,704,10802,16786,-5,95,60.6,55.5,No,2400,2400,0,3558,125
07:18:31.343,active,15307,650,9972,16786,-3,95,60.0,52.7,No,2400,2400,0,5297,125
07:18:32.337,active,15279,740,11324,16786,-6,95,60.6,54.8,No,2400,2400,0,5453,125
07:18:33.337,active,15281,730,11188,16787,0,95,61.7,54.0,No,2400,2400,0,5444,125
07:18:34.341,active,15303,802,12308,16787,0,95,61.7,54.2,No,2400,2400,0,5435,125
07:18:35.337,active,15320,534,8198,16788,0,95,61.1,53.8,No,2400,2400,0,5434,125
07:18:36.341,active,15352,554,8738,16786,0,95,61.1,55.9,No,2400,2400,0,5432,125
07:18:37.337,active,15316,438,6712,16787,-3,95,61.1,52.6,No,2400,2400,0,5443,125
07:18:38.337,active,15329,494,7948,16788,0,95,62.2,52.2,No,2400,2400,0,5440,125
07:18:39.341,active,15318,526,8064,16788,0,95,62.2,52.3,No,2400,2400,0,5444,125
07:18:40.341,active,15292,584,5998,16789,0,95,62.2,52.0,No,2400,2400,0,5445,125
07:18:41.337,active,15346,514,7908,16787,0,95,61.7,52.4,No,2400,2400,0,5461,125
07:18:42.338,active,15294,760,8236,16786,0,95,61.1,53.4,No,2400,2400,0,5473,125
07:18:43.337,active,15247,508,7812,16787,0,95,61.1,53.0,No,2400,2400,0,5468,125
07:18:44.337,active,15273,880,13464,16787,-3,95,61.7,53.7,No,2400,2400,0,5463,125
07:18:45.341,active,15223,774,14430,16787,0,95,61.7,53.4,No,2400,2400,0,5476,125
07:18:46.337,active,15309,834,12770,16786,-6,95,62.2,54.6,No,2400,2400,0,5467,125
07:18:47.341,active,15258,678,12384,16785,-10,95,61.7,57.3,No,2400,2400,0,5469,125
07:18:48.337,active,15314,784,11980,16786,-5,95,61.1,57.4,No,2400,2400,0,5477,125
07:18:49.338,active,15281,642,12616,16786,-3,95,63.4,58.0,No,2400,2400,0,5468,125
07:18:50.339,active,15309,678,10378,16786,-4,95,63.4,58.5,No,2400,2400,0,5471,125
07:18:51.337,active,15311,460,12948,16786,-4,95,63.9,56.7,No,2400,2400,0,5479,125
07:18:52.339,active,15311,706,10802,16785,-4,95,62.8,57.1,No,2400,2400,0,5481,125
07:18:53.345,active,15301,740,11710,16787,0,95,62.8,58.1,No,2400,2400,0,5485,125
07:18:54.337,active,15299,772,11824,16787,0,95,63.4,57.7,No,2400,2400,0,5490,125
07:18:55.339,active,15307,728,11266,16785,-6,95,62.8,58.5,No,2400,2400,0,5487,125
07:18:56.341,active,15305,656,10070,16785,-10,95,63.9,56.9,No,2400,2400,0,5488,125
07:18:57.337,active,15271,950,11130,16785,-9,95,63.9,56.9,No,2400,2400,0,5488,125
07:18:58.337,active,15309,766,11748,16785,-9,95,63.4,57.5,No,2400,2400,0,5490,125
07:18:59.337,active,15268,972,10300,16785,-7,95,62.8,57.0,No,2400,2400,0,5497,125
07:19:00.337,active,15305,728,11188,16787,-6,95,63.4,59.2,No,2400,2400,0,5487,125
07:19:01.339,active,15266,882,11092,16786,-6,95,65.0,58.9,No,2400,2400,0,5495,125
07:19:02.337,active,15341,502,8484,16786,-3,95,63.4,56.5,No,2400,2400,0,5502,125
07:19:03.341,active,15290,468,7194,16786,-4,95,63.9,56.5,No,2400,2400,0,5516,125
07:19:04.341,active,15339,468,7706,16786,0,95,62.8,56.1,No,2400,2400,0,5505,125
07:19:05.337,active,15294,500,7678,16786,-3,95,62.8,56.7,No,2400,2400,0,5510,125
07:19:06.337,active,15296,420,7448,16787,-4,95,63.4,57.7,No,2400,2400,0,5506,125
07:19:07.340,active,15296,510,7870,16788,-3,95,63.9,57.5,No,2400,2400,0,5505,125
07:19:08.337,active,15292,738,8744,16787,0,95,63.9,58.1,No,2400,2400,0,5500,125
07:19:09.340,active,15299,654,10012,16786,0,95,63.4,59.5,No,2400,2400,0,5504,125
07:19:10.340,active,15292,730,7624,16785,-5,95,63.9,58.7,No,2400,2400,0,5504,125
07:19:11.337,active,15260,706,10956,16787,0,95,63.4,58.3,No,2400,2400,0,5518,125
07:19:12.340,active,15258,740,13580,16788,0,95,63.9,59.3,No,2400,2400,0,5513,125
07:19:13.337,active,15262,902,13812,16788,0,95,63.4,58.5,No,2400,2400,0,5512,125
07:19:14.341,active,15281,692,10898,16787,0,95,63.9,58.8,No,2400,2400,0,5506,125
07:19:15.341,active,15264,718,10996,16785,0,95,63.4,59.1,No,2400,2400,0,5511,125
07:19:16.338,active,15311,538,11594,16786,0,95,63.4,59.5,No,2400,2400,0,5511,125
07:19:17.337,active,15258,554,8468,16787,0,95,62.8,59.8,No,2400,2400,0,5513,125
07:19:18.341,active,15309,538,10166,16787,0,95,63.9,58.8,No,2400,2400,0,5515,125
07:19:19.337,active,15309,602,9260,16788,0,95,63.9,58.1,No,2400,2400,0,5521,125
07:19:20.338,active,15309,532,9800,16787,0,95,63.4,58.7,No,2400,2400,0,5518,125
07:19:21.344,active,15296,720,12314,16786,0,95,63.9,57.6,No,2400,2400,0,5521,125
07:19:22.337,active,15303,724,11112,16787,0,95,63.4,56.7,No,2400,2400,0,5523,125
07:19:23.337,active,15294,798,11718,16787,4,95,64.5,55.9,No,2400,2400,0,5528,125
07:19:24.337,sleep,15290,488,7484,16788,0,95,61.1,44.8,No,2400,2400,0,5538,125
07:19:25.337,sleep,15292,562,7580,16791,15,95,59.5,-0.0,No,2400,2400,0,5573,125
07:19:26.337,sleep,15290,458,7022,16790,15,95,58.4,3.4,No,2400,2400,0,5569,125
07:19:27.337,sleep,15286,504,8996,16789,10,95,57.9,0.3,No,2400,2400,0,5566,125
07:19:28.337,sleep,15288,478,7330,16789,11,95,57.3,0.5,No,2400,2400,0,5566,125
07:19:29.337,sleep,15288,308,7286,16789,10,95,56.2,0.3,No,1500,2400,0,5576,125
07:19:30.337,sleep,15290,370,5670,16791,15,95,55.6,0.0,No,1500,2400,0,5588,125
07:19:31.337,sleep,15286,428,6790,16790,15,95,55.1,0.0,No,1500,2400,0,5586,125
07:19:32.337,sleep,15290,372,5710,16791,12,95,55.6,0.3,No,1500,2400,0,5575,125
07:19:33.337,sleep,15292,284,7408,16790,14,95,53.5,0.0,No,1500,2400,0,4057,75
07:19:34.337,sleep,15290,328,5034,16789,13,95,53.5,0.3,No,1500,2400,0,3528,75
07:19:35.337,sleep,15292,170,6596,16788,12,95,53.5,0.0,No,1500,2400,0,3445,75
07:19:36.337,sleep,15290,476,7310,16790,14,95,53.5,0.0,No,1500,2400,0,3428,75
07:19:37.337,sleep,15292,398,6114,16790,15,95,52.9,0.3,No,1500,2400,0,3417,75
07:19:38.337,sleep,15292,530,8120,16790,15,95,52.9,-0.0,No,1500,2400,0,3408,75
07:19:39.337,active,15288,690,10572,16791,14,95,55.1,17.3,No,2400,2400,0,3399,75
07:19:40.337,active,15236,846,12924,16787,0,95,57.3,52.2,No,2400,2400,0,3359,75
07:19:41.341,active,15307,840,12828,16786,-4,95,59.0,54.6,No,2400,2400,0,3351,75
07:19:42.337,active,15258,616,9414,16787,-5,95,59.0,51.3,No,2400,2400,0,3350,75
07:19:43.339,active,15303,680,10398,16787,-5,95,60.0,54.6,No,2400,2400,0,3341,75
07:19:44.337,active,15286,714,10938,16787,-7,95,59.5,52.8,No,2400,2400,0,3336,75
07:19:45.337,active,15301,762,11632,16786,-5,95,60.0,52.6,No,2400,2400,0,3323,75
07:19:46.341,active,15305,478,12706,16786,-5,95,60.6,52.0,No,2400,2400,0,4389,125
07:19:47.337,active,15303,636,9722,16785,-7,95,61.1,51.5,No,2400,2400,0,5368,125
07:19:48.337,active,15299,464,11960,16787,-6,95,61.1,52.4,No,2400,2400,0,5445,125
07:19:49.342,active,15296,726,11130,16787,0,95,60.6,52.1,No,2400,2400,0,5440,125
07:19:50.337,active,15299,726,11246,16786,-4,95,60.0,52.6,No,2400,2400,0,5444,125
07:19:51.341,active,15299,738,11324,16786,-5,95,61.7,54.2,No,2400,2400,0,5438,125
07:19:52.337,active,15281,752,10918,16786,-5,95,61.7,57.3,No,2400,2400,0,5434,125
07:19:53.337,active,15303,696,10668,16785,-6,95,61.7,57.4,No,2400,2400,0,5436,125
07:19:54.341,active,15273,634,10416,16787,-5,95,62.2,57.3,No,2400,2400,0,5435,125
07:19:55.337,active,15268,922,14120,16787,-4,95,62.2,57.7,No,2400,2400,0,5445,125
07:19:56.337,active,15286,712,10918,16788,0,95,62.2,58.5,No,2400,2400,0,5446,125
07:19:57.337,active,15277,818,12520,16788,0,95,63.4,58.8,No,2400,2400,0,5437,125
07:19:58.337,active,15341,486,7484,16786,-5,95,62.2,56.9,No,2400,2400,0,5450,125
07:19:59.339,active,15344,472,7638,16786,-3,95,63.4,57.3,No,2400,2400,0,5455,125
07:20:00.346,active,15301,468,7176,16785,-7,95,61.7,58.2,No,2400,2400,0,5459,125
07:20:01.337,active,15299,652,8314,16785,-9,95,61.7,58.2,No,2400,2400,0,5462,125
07:20:02.341,active,15294,530,8140,16786,-5,95,63.4,58.3,No,2400,2400,0,5469,125
07:20:03.341,active,15292,690,8160,16786,-5,95,62.8,56.7,No,2400,2400,0,5467,125
07:20:04.337,active,15316,480,7368,16785,-7,95,63.9,57.3,No,2400,2400,0,5467,125
07:20:05.337,active,15288,716,7310,16786,-4,95,62.8,56.5,No,2400,2400,0,5483,125
07:20:06.338,active,15294,698,10706,16786,0,95,62.2,57.7,No,2400,2400,0,5478,125
07:20:07.337,active,15275,728,11150,16786,-7,95,63.4,58.1,No,2400,2400,0,5475,125
07:20:08.341,active,15266,666,10204,16786,-7,95,63.4,58.1,No,2400,2400,0,5484,125
07:20:09.337,active,15303,760,11612,16786,-5,95,63.4,57.4,No,2400,2400,0,5472,125
07:20:10.337,active,15247,676,10340,16786,-3,95,63.9,57.5,No,2400,2400,0,5481,125
07:20:11.343,active,15303,704,10784,16785,-3,95,62.8,57.5,No,2400,2400,0,5487,125
07:20:12.337,active,15264,594,9086,16784,-4,95,63.4,56.0,No,2400,2400,0,5494,125
07:20:13.339,active,15311,680,10416,16786,-6,95,63.4,57.9,No,2400,2400,0,5489,125
07:20:14.337,active,15311,424,6520,16788,0,95,63.9,56.9,No,2400,2400,0,5494,125
07:20:15.340,active,15309,642,9838,16787,0,95,63.9,56.8,No,2400,2400,0,5497,125
07:20:16.341,active,15292,472,11074,16786,-4,95,63.4,56.8,No,2400,2400,0,5495,125
07:20:17.337,active,15303,626,9606,16786,-3,95,62.8,57.6,No,2400,2400,0,5493,125
07:20:18.337,active,15305,728,11112,16786,-3,95,63.9,59.5,No,2400,2400,0,5505,125
07:20:19.341,active,15309,718,11034,16785,0,95,65.5,58.9,No,2400,2400,0,5505,125
07:20:20.337,active,15303,682,10610,16785,0,95,63.4,58.1,No,2400,2400,0,5505,125
07:20:21.337,active,15309,678,10416,16786,0,95,63.9,58.8,No,2400,2400,0,5495,125
07:20:22.341,active,15264,704,11170,16785,-5,95,63.4,58.2,No,2400,2400,0,5507,125
07:20:23.337,active,15292,710,10880,16786,-4,95,62.8,58.0,No,2400,2400,0,5508,125
07:20:24.337,active,15264,700,10744,16786,0,95,64.5,59.9,No,2400,2400,0,5506,125
07:20:25.340,active,15275,870,13310,16786,-3,95,65.0,58.3,No,2400,2400,0,5510,125
07:20:26.337,active,15346,482,7388,16786,-3,95,63.4,58.2,No,2400,2400,0,5505,125
07:20:27.341,active,15348,450,7194,16785,0,95,63.9,58.5,No,2400,2400,0,5511,125
07:20:28.340,active,15294,448,6866,16786,0,95,62.8,58.5,No,2400,2400,0,5513,125
07:20:29.337,active,15354,498,8546,16787,0,95,63.4,58.7,No,2400,2400,0,5509,125
07:20:30.340,active,15292,522,8024,16786,0,95,63.4,58.6,No,2400,2400,0,5513,125
07:20:31.341,active,15335,474,7986,16786,-4,95,64.5,57.0,No,2400,2400,0,5516,125
07:20:32.337,active,15326,456,7002,16786,0,95,62.8,56.8,No,2400,2400,0,5517,125
07:20:33.338,active,15354,464,7002,16786,0,95,62.8,56.4,No,2400,2400,0,5518,125
07:20:34.337,active,15333,456,7002,16786,-5,95,62.2,54.1,No,2400,2400,0,5519,125
07:20:35.339,active,15249,970,14834,16786,-6,95,63.4,59.7,No,2400,2400,0,5525,125
07:20:36.339,active,15253,786,12294,16786,-5,95,63.4,55.7,No,2400,2400,0,5527,125
07:20:37.337,active,15234,930,14236,16786,-5,95,63.9,51.9,No,2400,2400,0,5527,125
07:20:38.339,active,15266,756,13366,16786,0,95,63.4,51.6,No,2400,2400,0,5519,125
07:20:39.337,sleep,15296,438,6732,16785,0,95,61.1,44.7,No,2400,2400,0,5526,125
07:20:40.337,sleep,15294,426,6906,16788,9,95,59.5,0.0,No,2400,2400,0,5571,125
07:20:41.337,sleep,15286,472,7234,16790,9,95,59.0,0.0,No,2400,2400,0,5569,125
07:20:42.337,sleep,15301,510,8604,16789,12,95,57.3,0.3,No,2400,2400,0,5569,125
07:20:43.337,sleep,15290,360,5516,16789,10,95,57.3,0.0,No,2400,2400,0,5567,125
07:20:44.337,sleep,15290,490,7522,16788,10,95,56.2,0.3,No,1500,2400,0,5563,125
07:20:45.337,sleep,15288,422,6462,16789,17,95,56.2,0.0,No,1500,2400,0,5580,125
07:20:46.337,sleep,15286,462,7098,16790,14,95,55.1,0.3,No,1500,2400,0,5587,125
07:20:47.337,sleep,15290,468,7176,16790,19,95,54.5,0.0,No,1500,2400,0,5584,125
07:20:48.337,sleep,15294,404,6192,16791,18,95,54.0,0.3,No,1500,2400,0,3820,75
07:20:49.337,sleep,15288,370,5670,16790,17,95,54.0,0.3,No,1500,2400,0,3485,75
07:20:50.337,sleep,15294,460,7040,16790,19,95,54.0,0.0,No,1500,2400,0,3436,75
07:20:51.337,sleep,15292,346,7628,16790,17,95,52.9,0.3,No,1500,2400,0,3428,75
07:20:52.337,sleep,15292,426,6538,16790,17,95,52.9,0.0,No,1500,2400,0,3422,75
07:20:53.337,sleep,15290,450,8546,16790,16,95,52.4,-0.0,No,1500,2400,0,3409,75
07:20:54.337,active,15292,600,9202,16790,15,95,55.6,15.5,No,2400,2400,0,3393,75
07:20:55.338,active,15309,504,7040,16785,-8,95,56.8,53.6,No,2400,2400,0,3350,75
07:20:56.343,active,15318,470,7214,16787,-3,95,56.8,54.6,No,2400,2400,0,3335,75
07:20:57.337,active,15311,482,7426,16785,-4,95,58.4,56.6,No,2400,2400,0,3330,75
07:20:58.337,active,15320,542,8334,16787,0,95,59.5,56.5,No,2400,2400,0,3336,75
07:20:59.341,active,15348,524,8044,16788,0,95,60.0,56.4,No,2400,2400,0,3321,75
07:21:00.338,active,15348,504,7754,16789,0,95,61.1,55.3,No,2400,2400,0,4910,125
07:21:01.338,active,15331,500,7678,16788,0,95,60.0,54.4,No,2400,2400,0,5411,125
07:21:02.337,active,15283,740,13330,16786,0,95,60.0,54.8,No,2400,2400,0,5443,125
07:21:03.337,active,15277,912,13966,16787,-3,95,61.7,58.9,No,2400,2400,0,5438,125
07:21:04.341,active,15249,722,14352,16787,0,95,61.1,57.8,No,2400,2400,0,5436,125
07:21:05.337,active,15273,774,11864,16786,-3,95,62.2,58.7,No,2400,2400,0,5435,125
07:21:06.341,active,15271,714,14024,16786,-5,95,62.8,57.9,No,2400,2400,0,5435,125
07:21:07.337,active,15258,764,11670,16786,0,95,61.1,57.0,No,2400,2400,0,5441,125
07:21:08.337,active,15275,660,13234,16786,-3,95,62.2,57.6,No,2400,2400,0,5440,125
07:21:09.339,active,15266,762,11652,16786,-4,95,63.4,59.4,No,2400,2400,0,5448,125
07:21:10.337,active,15275,774,11072,16786,-5,95,62.2,57.1,No,2400,2400,0,5445,125
07:21:11.337,active,15266,720,11014,16787,0,95,62.8,57.0,No,2400,2400,0,5447,125
07:21:12.338,active,15303,706,10822,16786,0,95,61.7,57.3,No,2400,2400,0,5463,125
07:21:13.337,active,15299,674,10852,16786,-4,95,61.7,57.3,No,2400,2400,0,5462,125
07:21:14.337,active,15294,750,11516,16787,0,95,63.4,57.3,No,2400,2400,0,5470,125
07:21:15.337,active,15307,702,10784,16787,0,95,62.8,56.8,No,2400,2400,0,5470,125
07:21:16.337,active,15275,708,10880,16786,0,95,62.8,57.6,No,2400,2400,0,5464,125
07:21:17.340,active,15296,696,11574,16786,0,95,62.8,56.5,No,2400,2400,0,5464,125
07:21:18.337,active,15309,762,11670,16786,-3,95,61.7,56.7,No,2400,2400,0,5473,125
07:21:19.337,active,15307,642,11652,16785,-7,95,62.8,58.2,No,2400,2400,0,5470,125
07:21:20.337,active,15273,738,11304,16787,0,95,62.8,57.3,No,2400,2400,0,5478,125
07:21:21.337,active,15316,754,11554,16787,0,95,63.4,57.6,No,2400,2400,0,5477,125
07:21:22.338,active,15320,532,8178,16787,0,95,63.9,57.9,No,2400,2400,0,5478,125
07:21:23.338,active,15314,532,8160,16787,0,95,62.2,56.3,No,2400,2400,0,5486,125
07:21:24.338,active,15320,468,7194,16786,0,95,62.2,55.8,No,2400,2400,0,5489,125
07:21:25.337,active,15346,550,8430,16786,-4,95,62.8,57.5,No,2400,2400,0,5486,125
07:21:26.337,active,15324,516,7908,16786,-3,95,63.4,57.5,No,2400,2400,0,5483,125
07:21:27.337,active,15354,508,7792,16787,0,95,62.8,58.4,No,2400,2400,0,5489,125
07:21:28.340,active,15329,498,7678,16787,-4,95,65.0,59.6,No,2400,2400,0,5495,125
07:21:29.341,active,15309,544,8372,16786,-6,95,62.8,58.3,No,2400,2400,0,5494,125
07:21:30.337,active,15275,724,11072,16787,-4,95,62.8,57.4,No,2400,2400,0,5502,125
07:21:31.337,active,15305,694,10648,16786,0,95,62.2,54.9,No,2400,2400,0,5504,125
07:21:32.340,active,15258,962,11574,16786,0,95,62.8,55.2,No,2400,2400,0,5507,125
07:21:33.341,active,15283,700,10726,16786,-3,95,64.5,55.3,No,2400,2400,0,5507,125
07:21:34.338,active,15277,786,11882,16786,-4,95,63.4,58.7,No,2400,2400,0,5501,125
07:21:35.339,active,15281,786,12038,16787,0,95,63.4,58.4,No,2400,2400,0,5507,125
07:21:36.337,active,15260,768,13350,16785,0,95,63.4,58.4,No,2400,2400,0,5519,125
07:21:37.341,active,15264,740,11324,16785,-4,95,63.9,60.0,No,2400,2400,0,5510,125
07:21:38.337,active,15249,752,11536,16786,0,95,63.4,58.1,No,2400,2400,0,5514,125
07:21:39.337,active,15294,730,8488,16786,-3,95,63.9,58.9,No,2400,2400,0,5511,125
07:21:40.341,active,15296,656,10050,16787,-3,95,63.9,56.8,No,2400,2400,0,5507,125
07:21:41.337,active,15288,794,7446,16788,0,95,63.4,55.8,No,2400,2400,0,5501,125
07:21:42.337,active,15294,802,12288,16786,0,95,62.8,55.7,No,2400,2400,0,5514,125
07:21:43.341,active,15296,662,8488,16786,0,95,63.9,55.4,No,2400,2400,0,5519,125
07:21:44.337,active,15303,730,11208,16786,0,95,63.4,60.3,No,2400,2400,0,5520,125
07:21:45.338,active,15294,684,12192,16788,0,95,62.8,53.1,No,2400,2400,0,5522,125
07:21:46.344,active,15296,716,10996,16788,0,95,63.9,53.7,No,2400,2400,0,5521,125
07:21:47.337,active,15292,750,10204,16788,0,95,62.2,51.9,No,2400,2400,0,5520,125
07:21:48.337,active,15305,796,12192,16787,0,95,62.8,52.6,No,2400,2400,0,5519,125
07:21:49.341,active,15305,712,10880,16787,0,95,63.4,51.8,No,2400,2400,0,5519,125
07:21:50.337,active,15301,556,8526,16787,0,95,62.8,51.3,No,2400,2400,0,5528,125
07:21:51.338,active,15307,658,10088,16786,0,95,62.8,51.7,No,2400,2400,0,5525,125
07:21:52.337,active,15299,522,8024,16786,3,95,62.2,51.3,No,2400,2400,0,5522,125
07:21:53.337,active,15311,502,7678,16787,4,95,62.8,52.3,No,2400,2400,0,5522,125
07:21:54.337,sleep,15292,448,6886,16788,5,95,60.0,45.3,No,2400,2400,0,5530,125
07:21:55.337,sleep,15292,478,7330,16788,15,95,59.5,0.3,No,2400,2400,0,5572,125
07:21:56.337,sleep,15290,486,7466,16790,15,95,57.9,0.0,No,2400,2400,0,5576,125
07:21:57.337,sleep,15294,438,6732,16790,15,95,57.3,0.0,No,2400,2400,0,5572,125
07:21:58.337,sleep,15292,560,7658,16788,12,95,57.3,0.0,No,2400,2400,0,5578,125
07:21:59.337,sleep,15290,492,7522,16790,16,95,56.2,0.5,No,2400,2400,0,5575,125
07:22:00.337,sleep,15286,340,8276,16790,15,95,56.8,-0.0,No,1500,2400,0,5584,125
07:22:01.337,sleep,15290,548,8410,16790,13,95,55.1,0.3,No,1500,2400,0,5313,75
07:22:02.337,sleep,15292,746,8198,16790,13,95,54.0,0.3,No,1500,2400,0,3702,75
07:22:03.337,sleep,15288,356,5478,16789,15,95,54.0,0.0,No,1500,2400,0,3476,75
07:22:04.337,sleep,15292,526,8044,16789,15,95,53.5,0.3,No,1500,2400,0,3444,75
07:22:05.337,sleep,15288,346,5304,16790,16,95,52.9,0.0,No,1500,2400,0,3425,75
07:22:06.337,sleep,15292,302,4630,16790,15,95,53.5,0.0,No,1500,2400,0,3405,75
07:22:07.337,sleep,15296,270,6404,16790,13,95,52.9,0.0,No,1500,2400,0,3395,75
07:22:08.337,sleep,15292,372,5710,16790,12,95,52.4,-0.0,No,1500,2400,0,3401,75
07:22:09.337,active,15288,618,8700,16789,13,95,54.5,13.5,No,2400,2400,0,3389,75
07:22:10.339,active,15305,696,10668,16786,-4,95,57.3,55.2,No,2400,2400,0,3361,75
07:22:11.338,active,15305,724,10282,16786,-7,95,59.0,57.3,No,2400,2400,0,3339,75
07:22:12.339,active,15294,716,10996,16787,-7,95,59.5,57.7,No,2400,2400,0,3325,75
07:22:13.344,active,15299,770,11612,16789,-5,95,59.5,57.2,No,2400,2400,0,3322,75
07:22:14.338,active,15294,716,10976,16788,-3,95,59.0,58.0,No,2400,2400,0,5116,125
07:22:15.337,active,15296,730,11246,16787,0,95,60.0,57.9,No,2400,2400,0,5428,125
07:22:16.341,active,15271,622,11558,16785,-3,95,62.2,57.6,No,2400,2400,0,5446,125
07:22:17.337,active,15305,676,10340,16786,-3,95,62.2,57.6,No,2400,2400,0,5440,125
07:22:18.337,active,15311,522,12376,16787,-3,95,61.1,56.7,No,2400,2400,0,5437,125
07:22:19.344,active,15316,612,9374,16785,-9,95,61.1,57.5,No,2400,2400,0,5436,125
07:22:20.337,active,15309,550,11520,16785,-7,95,61.7,56.8,No,2400,2400,0,5440,125
07:22:21.337,active,15316,588,9008,16786,-4,95,61.7,57.5,No,2400,2400,0,5439,125
07:22:22.341,active,15309,460,10320,16786,0,95,62.8,57.4,No,2400,2400,0,5445,125
07:22:23.337,active,15331,478,7350,16786,-3,95,61.7,57.1,No,2400,2400,0,5450,125
07:22:24.343,active,15318,532,10050,16787,0,95,61.1,57.7,No,2400,2400,0,5453,125
07:22:25.339,active,15303,752,11554,16786,0,95,62.2,56.8,No,2400,2400,0,5472,125
07:22:26.337,active,15271,682,10860,16787,0,95,62.2,56.5,No,2400,2400,0,5463,125
07:22:27.339,active,15281,730,11188,16786,-4,95,62.2,58.6,No,2400,2400,0,5468,125
07:22:28.341,active,15303,756,11612,16786,-4,95,62.8,57.0,No,2400,2400,0,5469,125
07:22:29.337,active,15264,808,12366,16786,-3,95,63.4,56.2,No,2400,2400,0,5474,125
07:22:30.337,active,15264,698,10706,16786,-3,95,61.1,57.0,No,2400,2400,0,5468,125
07:22:31.338,active,15268,970,14834,16787,0,95,62.8,56.1,No,2400,2400,0,5471,125
07:22:32.337,active,15271,866,13272,16787,-3,95,63.4,58.0,No,2400,2400,0,5479,125
07:22:33.341,active,15273,894,13678,16787,0,95,63.9,59.0,No,2400,2400,0,5478,125
07:22:34.337,active,15352,540,14390,16786,0,95,63.4,58.5,No,2400,2400,0,5482,125
07:22:35.337,active,15292,724,6982,16787,0,95,63.4,59.0,No,2400,2400,0,5483,125
07:22:36.341,active,15290,808,12384,16787,-3,95,63.4,57.9,No,2400,2400,0,5491,125
07:22:37.337,active,15292,730,7138,16787,0,95,62.8,58.2,No,2400,2400,0,5490,125
07:22:38.340,active,15305,454,6964,16786,-4,95,63.4,59.1,No,2400,2400,0,5498,125
07:22:39.337,active,15294,736,8276,16786,-4,95,63.9,59.9,No,2400,2400,0,5491,125
07:22:40.340,active,15292,726,11130,16785,0,95,64.5,58.3,No,2400,2400,0,5497,125
07:22:41.341,active,15294,696,10686,16785,0,95,63.4,59.1,No,2400,2400,0,5499,125
07:22:42.338,active,15292,740,11342,16786,-4,95,62.2,57.9,No,2400,2400,0,5505,125
07:22:43.337,active,15303,736,11284,16788,0,95,63.4,59.7,No,2400,2400,0,5502,125
07:22:44.340,active,15266,702,11208,16787,0,95,63.4,59.8,No,2400,2400,0,5516,125
07:22:45.337,active,15253,788,12038,16787,4,95,63.4,59.3,No,2400,2400,0,5509,125
07:22:46.339,active,15307,656,11458,16787,0,95,63.4,57.0,No,2400,2400,0,5518,125
07:22:47.342,active,15258,696,10648,16788,0,95,62.2,55.8,No,2400,2400,0,5510,125
07:22:48.337,active,15305,550,13368,16787,0,95,62.2,54.5,No,2400,2400,0,5513,125
07:22:49.337,active,15266,608,9318,16788,0,95,62.2,55.8,No,2400,2400,0,5514,125
07:22:50.341,active,15303,502,13098,16787,0,95,63.9,59.3,No,2400,2400,0,5518,125
07:22:51.341,active,15299,496,7600,16788,3,95,63.9,53.7,No,2400,2400,0,5500,125
07:22:52.337,active,15303,766,11498,16788,3,95,62.8,51.3,No,2400,2400,0,5507,125
07:22:53.343,active,15294,670,11786,16787,0,95,62.8,51.8,No,2400,2400,0,5517,125
07:22:54.337,active,15303,734,11266,16787,0,95,62.8,53.6,No,2400,2400,0,5516,125
07:22:55.341,active,15299,784,11226,16786,-4,95,62.8,53.8,No,2400,2400,0,5514,125
07:22:56.337,active,15279,690,10572,16786,0,95,63.4,56.8,No,2400,2400,0,5517,125
07:22:57.337,active,15279,770,11612,16785,-5,95,64.5,55.4,No,2400,2400,0,5515,125
07:22:58.341,active,15279,764,11690,16787,0,95,62.8,53.1,No,2400,2400,0,5524,125
07:22:59.337,active,15307,672,11150,16787,0,95,63.4,56.0,No,2400,2400,0,5521,125
07:23:00.337,active,15296,710,10880,16788,0,95,62.8,52.8,No,2400,2400,0,5520,125
07:23:01.337,active,15305,686,10552,16788,-3,95,63.9,52.3,No,2400,2400,0,5526,125
07:23:02.341,active,15324,504,7498,16787,0,95,63.4,51.5,No,2400,2400,0,5525,125
07:23:03.337,active,15350,500,7678,16786,-3,95,63.4,51.5,No,2400,2400,0,5523,125
07:23:04.337,active,15333,478,8044,16786,-3,95,62.8,51.5,No,2400,2400,0,5528,125
07:23:05.337,active,15303,492,7562,16786,-6,95,62.2,54.1,No,2400,2400,0,5527,125
07:23:06.337,active,15354,502,7812,16786,-6,95,62.8,52.4,No,2400,2400,0,5530,125
07:23:07.337,active,15329,554,8526,16785,-5,95,63.4,51.8,No,2400,2400,0,5514,125
07:23:08.337,active,15344,510,7098,16787,0,95,63.4,51.8,No,2400,2400,0,5525,125
07:23:09.337,sleep,15290,516,7908,16786,0,95,61.7,47.6,No,2400,2400,0,5522,125
07:23:10.337,sleep,15301,496,7890,16788,10,95,59.5,0.0,No,2400,2400,0,5577,125
07:23:11.337,sleep,15290,472,7388,16788,5,95,57.9,0.3,No,2400,2400,0,5576,125
07:23:12.337,sleep,15301,518,7948,16788,4,95,57.9,0.0,No,2400,2400,0,5574,125
07:23:13.337,sleep,15290,480,7292,16788,3,95,57.3,0.2,No,2400,2400,0,5583,125
07:23:14.337,sleep,15296,498,7638,16788,4,95,56.2,0.3,No,2400,2400,0,5582,125
07:23:15.337,sleep,15299,522,7310,16789,8,95,55.6,0.0,No,1500,2400,0,5587,125
07:23:16.337,sleep,15288,296,4532,16791,15,95,54.5,-0.0,No,1500,2400,0,4597,75
07:23:17.337,sleep,15296,560,7504,16791,13,95,54.5,0.3,No,1500,2400,0,3594,75
07:23:18.337,sleep,15296,550,8448,16791,17,95,54.5,0.0,No,1500,2400,0,3444,75
07:23:19.337,sleep,15299,580,7484,16790,15,95,53.5,0.3,No,1500,2400,0,3417,75
07:23:20.337,sleep,15294,400,6134,16789,13,95,53.5,0.0,No,1500,2400,0,3405,75
07:23:21.337,sleep,15296,540,8276,16789,13,95,52.9,-0.0,No,1500,2400,0,3400,75
07:23:22.337,sleep,15294,302,5654,16789,15,95,52.4,0.3,No,1500,2400,0,3403,75
07:23:23.337,sleep,15290,368,5652,16790,15,95,53.5,0.0,No,1500,2400,0,3402,75
07:23:24.342,active,15290,644,10456,16790,9,95,54.5,11.7,No,1800,2400,0,3403,75
07:23:25.339,active,15305,734,11266,16785,-10,95,58.4,57.6,No,2400,2400,0,3361,75
07:23:26.341,active,15305,588,10050,16786,-3,95,57.9,57.4,No,2400,2400,0,3335,75
07:23:27.337,active,15275,668,10262,16787,-4,95,58.4,57.5,No,2400,2400,0,3333,75
07:23:28.337,active,15299,760,11652,16785,-6,95,59.0,57.7,No,2400,2400,0,3325,75
07:23:29.337,active,15307,460,7060,16785,-5,95,60.0,52.4,No,2400,2400,0,3322,75
07:23:30.337,active,15352,420,6442,16785,-7,95,60.6,54.7,No,2400,2400,0,3321,75
07:23:31.340,active,15324,556,8564,16786,-9,95,60.6,57.0,No,2400,2400,0,3327,125
07:23:32.338,active,15299,494,7600,16785,-10,95,61.1,56.9,No,2400,2400,0,5224,125
07:23:33.337,active,15329,562,8622,16785,-7,95,61.1,57.2,No,2400,2400,0,5416,125
07:23:34.337,active,15292,464,7118,16785,-10,95,61.7,57.5,No,2400,2400,0,5429,125
07:23:35.337,active,15348,474,7292,16786,-4,95,62.8,56.2,No,2400,2400,0,5432,125
07:23:36.340,active,15299,536,8236,16786,0,95,62.8,56.8,No,2400,2400,0,5422,125
07:23:37.341,active,15296,636,9760,16786,-4,95,61.7,58.2,No,2400,2400,0,5428,125
07:23:38.337,active,15264,942,6982,16786,-5,95,61.1,57.4,No,2400,2400,0,5428,125
07:23:39.340,active,15279,694,13234,16785,-6,95,62.8,60.0,No,2400,2400,0,5432,125
07:23:40.341,active,15264,818,12500,16785,-11,95,63.4,59.5,No,2400,2400,0,5440,125
07:23:41.337,active,15268,688,14198,16786,-4,95,63.4,58.6,No,2400,2400,0,5439,125
07:23:42.344,active,15283,758,11612,16784,-5,95,62.8,58.7,No,2400,2400,0,5445,125
07:23:43.337,active,15251,726,13136,16787,-4,95,61.7,59.6,No,2400,2400,0,5454,125
07:23:44.337,active,15283,762,11690,16788,0,95,62.2,58.6,No,2400,2400,0,5455,125
07:23:45.337,active,15251,786,14796,16787,-3,95,62.2,59.2,No,2400,2400,0,5462,125
07:23:46.337,active,15262,720,11014,16785,-6,95,63.4,58.4,No,2400,2400,0,5462,125
07:23:47.340,active,15268,704,11594,16785,-6,95,63.4,59.3,No,2400,2400,0,5461,125
07:23:48.338,active,15294,692,7794,16784,-6,95,62.2,59.3,No,2400,2400,0,5472,125
07:23:49.338,active,15301,728,11150,16785,-6,95,62.2,58.5,No,2400,2400,0,5471,125
07:23:50.337,active,15296,760,11226,16786,-5,95,63.4,58.3,No,2400,2400,0,5475,125
07:23:51.341,active,15296,696,10686,16785,-5,95,63.4,59.2,No,2400,2400,0,5473,125
07:23:52.337,active,15296,742,10088,16785,-7,95,62.8,56.7,No,2400,2400,0,5461,125
07:23:53.337,active,15301,738,11304,16785,-7,95,63.4,56.8,No,2400,2400,0,5481,125
07:23:54.338,active,15301,690,10262,16786,-4,95,62.2,55.3,No,2400,2400,0,5497,125
07:23:55.337,active,15305,720,11034,16786,-7,95,62.2,54.7,No,2400,2400,0,5497,125
07:23:56.341,active,15314,748,11226,16785,-4,95,63.4,59.9,No,2400,2400,0,5490,125
07:23:57.337,active,15307,548,8410,16785,0,95,63.4,52.8,No,2400,2400,0,5496,125
07:23:58.337,active,15316,556,8506,16785,0,95,63.4,51.3,No,2400,2400,0,5493,125
07:23:59.341,active,15311,458,7040,16785,-5,95,62.8,51.5,No,2400,2400,0,5498,125
07:24:00.343,active,15314,474,7272,16785,0,95,62.2,51.4,No,2400,2400,0,5491,125
07:24:01.337,active,15307,488,7484,16786,-4,95,62.2,52.2,No,2400,2400,0,5502,125
07:24:02.339,active,15324,434,6654,16788,0,95,61.7,52.2,No,2400,2400,0,5507,125
07:24:03.341,active,15316,502,7716,16786,-6,95,62.2,52.4,No,2400,2400,0,5506,125
07:24:04.337,active,15331,454,6964,16786,-4,95,62.8,51.2,No,2400,2400,0,5509,125
07:24:05.342,active,15314,462,7098,16785,-6,95,62.2,51.4,No,2400,2400,0,5504,125
07:24:06.337,active,15301,612,9394,16784,-10,95,62.2,55.2,No,2400,2400,0,5508,125
07:24:07.337,active,15256,946,9972,16785,-6,95,61.7,54.0,No,2400,2400,0,5508,125
07:24:08.337,active,15273,826,12654,16785,-5,95,63.4,55.4,No,2400,2400,0,5511,125
07:24:09.337,active,15251,880,10842,16785,-3,95,63.4,53.7,No,2400,2400,0,5507,125
07:24:10.338,active,15258,882,13484,16787,0,95,63.4,54.0,No,2400,2400,0,5511,125
07:24:11.342,active,15247,588,10146,16786,0,95,62.2,55.2,No,2400,2400,0,5526,125
07:24:12.337,active,15256,874,13368,16786,0,95,62.2,53.7,No,2400,2400,0,5521,125
07:24:13.337,active,15245,820,14140,16785,0,95,62.8,52.6,No,2400,2400,0,5527,125
07:24:14.341,active,15256,834,12752,16787,0,95,63.4,51.9,No,2400,2400,0,5524,125
07:24:15.337,active,15296,524,8064,16785,0,95,62.8,51.7,No,2400,2400,0,5516,125
07:24:16.338,active,15299,728,7080,16785,0,95,62.2,52.0,No,2400,2400,0,5523,125
07:24:17.337,active,15292,468,7194,16787,0,95,62.8,52.7,No,2400,2400,0,5526,125
07:24:18.337,active,15296,778,8334,16788,0,95,62.8,56.4,No,2400,2400,0,5530,125
07:24:19.340,active,15296,726,11130,16786,0,95,63.4,57.6,No,2400,2400,0,5512,125
07:24:20.341,active,15294,706,12096,16786,0,95,63.9,55.2,No,2400,2400,0,5522,125
07:24:21.337,active,15301,762,11670,16786,-3,95,63.4,57.6,No,2400,2400,0,5518,125
07:24:22.338,active,15296,694,11632,16786,0,95,62.8,56.4,No,2400,2400,0,5523,125
07:24:23.337,active,15299,792,12152,16787,0,95,63.4,57.4,No,2400,2400,0,5523,125
07:24:24.337,sleep,15311,674,8718,16786,-3,95,61.7,54.0,No,2400,2400,0,5520,125
07:24:25.337,sleep,15294,448,7426,16788,7,95,58.4,-0.0,No,2400,2400,0,5564,125
07:24:26.337,sleep,15292,528,8082,16788,12,95,59.0,0.0,No,2400,2400,0,5567,125
07:24:27.337,sleep,15292,522,6964,16789,13,95,58.4,0.3,No,2400,2400,0,5568,125
07:24:28.337,sleep,15283,496,7620,16788,11,95,57.3,0.0,No,2400,2400,0,5575,125
07:24:29.337,sleep,15288,436,5980,16789,8,95,56.8,-0.0,No,2400,2400,0,5571,125
07:24:30.337,sleep,15288,320,4918,16789,7,95,55.1,0.0,No,1500,2400,0,5576,125
07:24:31.337,sleep,15292,492,9472,16789,12,95,54.5,0.3,No,1500,2400,0,5582,125
07:24:32.337,sleep,15296,310,4764,16788,9,95,55.1,0.0,No,1500,2400,0,5583,125
07:24:33.337,sleep,15294,514,8584,16789,11,95,54.0,0.3,No,1500,2400,0,4218,75
07:24:34.337,sleep,15290,292,4456,16789,17,95,55.1,-0.0,No,1500,2400,0,3554,75
07:24:35.337,sleep,15283,308,4726,16790,14,95,54.5,0.0,No,1500,2400,0,3443,75
07:24:36.337,sleep,15296,586,4638,16791,17,95,53.5,0.3,No,1500,2400,0,3432,75
07:24:37.337,sleep,15283,504,7716,16789,12,95,52.9,0.3,No,1500,2400,0,3424,75
07:24:38.337,sleep,15294,424,3452,16789,14,95,52.4,0.0,No,1500,2400,0,3408,75
07:24:39.344,active,15279,592,9066,16790,16,95,55.6,9.2,No,2400,2400,0,3396,75
07:24:40.337,active,15256,832,10532,16785,-7,95,57.3,56.8,No,2400,2400,0,3351,75
07:24:41.341,active,15266,932,14256,16786,0,95,59.0,57.5,No,2400,2400,0,3339,75
07:24:42.337,active,15277,706,13948,16786,0,95,59.5,57.0,No,2400,2400,0,3345,75
07:24:43.337,active,15296,654,10012,16787,0,95,60.0,56.7,No,2400,2400,0,3331,75
07:24:44.341,active,15296,656,10070,16786,-5,95,60.0,57.7,No,2400,2400,0,4205,125
07:24:45.337,active,15296,724,7330,16786,-5,95,60.0,58.3,No,2400,2400,0,5351,125
07:24:46.337,active,15294,528,8082,16786,-5,95,61.1,59.1,No,2400,2400,0,5450,125
07:24:47.340,active,15296,706,8024,16787,-7,95,61.1,59.6,No,2400,2400,0,5453,125
07:24:48.337,active,15296,694,10628,16787,-4,95,61.7,59.1,No,2400,2400,0,5456,125
07:24:49.340,active,15296,694,8006,16786,-4,95,61.7,58.7,No,2400,2400,0,5455,125
07:24:50.340,active,15299,742,11382,16785,-8,95,61.1,58.8,No,2400,2400,0,5453,125
07:24:51.337,active,15292,722,7928,16786,-9,95,61.7,58.5,No,2400,2400,0,5453,125
07:24:52.341,active,15268,748,11440,16785,-4,95,62.8,58.4,No,2400,2400,0,5457,125
07:24:53.341,active,15271,718,10996,16785,0,95,62.8,58.4,No,2400,2400,0,5456,125
07:24:54.337,active,15260,724,11054,16786,-3,95,62.8,57.8,No,2400,2400,0,5456,125
07:24:55.341,active,15314,702,10744,16786,0,95,62.8,58.3,No,2400,2400,0,5458,125
07:24:56.337,active,15268,722,11054,16787,0,95,61.7,58.2,No,2400,2400,0,5458,125
07:24:57.337,active,15311,714,10918,16786,0,95,63.9,59.6,No,2400,2400,0,5462,125
07:24:58.340,active,15309,624,12896,16787,0,95,63.4,58.7,No,2400,2400,0,5473,125
07:24:59.337,active,15311,738,11304,16787,0,95,62.8,57.4,No,2400,2400,0,5478,125
07:25:00.339,active,15307,558,11208,16785,-4,95,62.8,55.4,No,2400,2400,0,5482,125
07:25:01.343,active,15299,752,11536,16785,-6,95,61.7,54.2,No,2400,2400,0,5488,125
07:25:02.337,active,15301,654,10030,16786,-4,95,62.8,57.3,No,2400,2400,0,5482,125
07:25:03.341,active,15303,738,11304,16785,-5,95,64.5,56.8,No,2400,2400,0,5483,125
07:25:04.341,active,15299,716,10976,16785,-3,95,63.4,53.0,No,2400,2400,0,5474,125
07:25:05.337,active,15292,692,10610,16787,0,95,63.4,51.3,No,2400,2400,0,5490,125
07:25:06.338,active,15283,742,11382,16785,-5,95,62.8,53.2,No,2400,2400,0,5489,125
07:25:07.337,active,15307,718,10758,16786,-7,95,62.2,52.1,No,2400,2400,0,5498,125
07:25:08.337,active,15268,740,11342,16786,-3,95,62.2,54.4,No,2400,2400,0,5499,125
07:25:09.341,active,15303,748,10690,16786,-5,95,62.2,56.2,No,2400,2400,0,5496,125
07:25:10.337,active,15307,516,7908,16787,0,95,62.8,52.7,No,2400,2400,0,5504,125
07:25:11.337,active,15333,462,7446,16786,-5,95,63.4,54.4,No,2400,2400,0,5504,125
07:25:12.342,active,15331,544,8352,16786,-3,95,63.4,56.7,No,2400,2400,0,5506,125
07:25:13.337,active,15294,532,8178,16787,0,95,62.2,56.7,No,2400,2400,0,5504,125
07:25:14.341,active,15344,512,7870,16788,0,95,63.9,56.3,No,2400,2400,0,5500,125
07:25:15.337,active,15350,484,7426,16787,-5,95,63.4,54.8,No,2400,2400,0,5511,125
07:25:16.337,active,15331,520,8006,16787,0,95,63.4,53.2,No,2400,2400,0,5506,125
07:25:17.337,active,15294,684,10474,16786,0,95,63.4,53.7,No,2400,2400,0,5508,125
07:25:18.338,active,15288,696,10668,16785,-3,95,62.8,56.6,No,2400,2400,0,5508,125
07:25:19.337,active,15268,748,11458,16787,0,95,62.8,53.5,No,2400,2400,0,5510,125
07:25:20.337,active,15251,882,11246,16788,0,95,64.5,55.1,No,2400,2400,0,5512,125
07:25:21.337,active,15273,830,12694,16787,0,95,63.4,54.7,No,2400,2400,0,5505,125
07:25:22.337,active,15241,1016,14970,16786,0,95,62.8,52.8,No,2400,2400,0,5511,125
07:25:23.338,active,15260,900,13754,16785,0,95,62.8,53.3,No,2400,2400,0,5516,125
07:25:24.337,active,15253,856,13098,16786,0,95,62.2,54.0,No,2400,2400,0,5514,125
07:25:25.337,active,15264,834,12770,16786,0,95,62.8,57.2,No,2400,2400,0,5519,125
07:25:26.337,active,15260,948,14488,16787,0,95,63.9,57.5,No,2400,2400,0,5520,125
07:25:27.337,active,15258,742,11342,16786,0,95,63.4,56.6,No,2400,2400,0,5525,125
07:25:28.339,active,15299,740,11342,16787,0,95,63.4,57.6,No,2400,2400,0,5525,125
07:25:29.345,active,15294,680,12114,16786,0,95,63.4,57.6,No,2400,2400,0,5516,125
07:25:30.337,active,15299,750,11498,16786,0,95,62.2,53.1,No,2400,2400,0,5524,125
07:25:31.337,active,15294,728,10610,16788,0,95,62.8,54.5,No,2400,2400,0,5522,125
07:25:32.341,active,15294,702,10764,16788,0,95,63.4,53.7,No,2400,2400,0,5530,125
07:25:33.337,active,15305,714,10956,16788,0,95,62.8,54.6,No,2400,2400,0,5527,125
07:25:34.337,active,15303,712,10918,16787,0,95,62.8,56.7,No,2400,2400,0,5526,125
07:25:35.337,active,15301,764,11728,16786,0,95,63.4,58.5,No,2400,2400,0,5523,125
07:25:36.337,active,15307,788,12096,16786,0,95,63.9,57.3,No,2400,2400,0,5524,125
07:25:37.341,active,15290,718,11034,16787,-3,95,63.4,57.3,No,2400,2400,0,5536,125
07:25:38.337,active,15344,542,8082,16785,0,95,63.9,58.1,No,2400,2400,0,5526,125
07:25:39.337,sleep,15311,568,8738,16786,0,95,62.2,55.8,No,2400,2400,0,5530,125
07:25:40.337,sleep,15296,482,6636,16791,18,95,59.5,0.0,No,2400,2400,0,5563,125
07:25:41.337,sleep,15290,532,8160,16789,16,95,59.0,0.3,No,2400,2400,0,5573,125
07:25:42.337,sleep,15290,722,8044,16788,14,95,57.9,0.0,No,2400,2400,0,5565,125
07:25:43.337,sleep,15281,408,6250,16788,14,95,57.3,0.3,No,2400,2400,0,5574,125
07:25:44.337,sleep,15294,550,8430,16789,9,95,56.2,0.0,No,1500,2400,0,5567,125
07:25:45.337,sleep,15290,504,7736,16790,18,95,56.2,0.3,No,1500,2400,0,5586,125
07:25:46.337,sleep,15294,458,7252,16790,20,95,55.6,0.0,No,1500,2400,0,5589,125
07:25:47.337,sleep,15279,420,6886,16789,16,95,54.0,-0.0,No,1500,2400,0,5590,125
07:25:48.337,sleep,15281,452,6944,16790,18,95,54.0,0.8,No,1600,2400,0,3924,75
07:25:49.337,sleep,15288,528,8178,16790,15,95,53.5,0.3,No,1500,2400,0,3510,75
07:25:50.337,sleep,15288,524,8024,16790,16,95,52.9,0.0,No,1500,2400,0,3445,75
07:25:51.337,sleep,15288,312,7408,16791,20,95,53.5,0.3,No,1500,2400,0,3426,75
07:25:52.337,sleep,15290,480,7368,16790,17,95,52.9,-0.0,No,1500,2400,0,3413,75
07:25:53.337,sleep,15290,368,5632,16790,16,95,53.5,0.0,No,1500,2400,0,3398,75
07:25:54.344,active,15288,632,9684,16790,18,95,54.0,6.5,No,1500,2400,0,3392,75
07:25:55.337,active,15253,928,14218,16787,0,95,57.9,61.4,No,2400,2400,0,3349,75
07:25:56.338,active,15301,662,7214,16787,-7,95,58.4,58.6,No,2400,2400,0,3342,75
07:25:57.339,active,15292,720,11034,16788,-3,95,57.3,58.9,No,2400,2400,0,3340,75
07:25:58.337,active,15294,742,10610,16787,0,95,60.0,58.1,No,2400,2400,0,3336,75
07:25:59.341,active,15296,730,11188,16786,-3,95,60.6,59.5,No,2400,2400,0,4803,125
07:26:00.337,active,15299,712,10456,16786,0,95,60.6,58.3,No,2400,2400,0,5411,125
07:26:01.337,active,15296,782,11998,16788,0,95,60.6,58.7,No,2400,2400,0,5454,125
07:26:02.341,active,15299,712,10532,16788,0,95,61.1,58.4,No,2400,2400,0,5457,125
07:26:03.337,active,15296,660,10128,16788,0,95,60.6,58.4,No,2400,2400,0,5449,125
07:26:04.337,active,15299,706,10822,16786,0,95,61.7,58.8,No,2400,2400,0,5448,125
07:26:05.341,active,15301,494,11980,16787,-3,95,61.1,59.0,No,2400,2400,0,5458,125
07:26:06.337,active,15262,658,10070,16787,0,95,61.7,55.7,No,2400,2400,0,5450,125
07:26:07.337,active,15303,534,11748,16787,0,95,62.2,55.2,No,2400,2400,0,5449,125
07:26:08.343,active,15307,538,8236,16787,0,95,61.1,55.4,No,2400,2400,0,5457,125
07:26:09.337,active,15320,740,9530,16786,0,95,61.7,59.8,No,2400,2400,0,5456,125
07:26:10.337,active,15305,540,8276,16786,-4,95,61.7,57.1,No,2400,2400,0,5459,125
07:26:11.341,active,15305,624,9568,16786,0,95,61.7,51.9,No,2400,2400,0,5468,125
07:26:12.337,active,15299,476,7292,16786,0,95,63.4,54.5,No,2400,2400,0,5479,125
07:26:13.341,active,15314,488,7484,16787,0,95,62.2,55.0,No,2400,2400,0,5477,125
07:26:14.337,active,15305,720,10128,16785,-6,95,61.1,53.6,No,2400,2400,0,5469,125
07:26:15.338,active,15273,792,12134,16787,-6,95,62.8,58.8,No,2400,2400,0,5476,125
07:26:16.341,active,15299,736,11284,16786,0,95,62.8,54.9,No,2400,2400,0,5484,125
07:26:17.341,active,15303,754,11574,16786,0,95,62.2,60.1,No,2400,2400,0,5475,125
07:26:18.337,active,15279,718,11014,16787,0,95,63.4,55.1,No,2400,2400,0,5484,125
07:26:19.340,active,15258,884,10784,16788,0,95,62.2,56.2,No,2400,2400,0,5501,125
07:26:20.337,active,15283,692,10628,16788,0,95,62.8,56.4,No,2400,2400,0,5499,125
07:26:21.337,active,15303,736,10976,16786,0,95,62.8,53.5,No,2400,2400,0,5500,125
07:26:22.341,active,15264,904,13832,16787,-3,95,62.8,56.6,No,2400,2400,0,5492,125
07:26:23.337,active,15352,546,8372,16786,0,95,62.8,54.1,No,2400,2400,0,5492,125
07:26:24.338,active,15331,552,7444,16786,0,95,62.8,54.0,No,2400,2400,0,5488,125
07:26:25.342,active,15314,482,7388,16786,0,95,61.1,54.2,No,2400,2400,0,5494,125
07:26:26.337,active,15341,648,7408,16788,3,95,62.2,51.9,No,2400,2400,0,5501,125
07:26:27.340,active,15324,502,7696,16787,0,95,62.8,52.2,No,2400,2400,0,5504,125
07:26:28.341,active,15346,542,7908,16787,0,95,62.8,52.0,No,2400,2400,0,5507,125
07:26:29.337,active,15329,554,8526,16786,0,95,63.9,51.2,No,2400,2400,0,5508,125
07:26:30.338,active,15294,730,7060,16786,0,95,62.2,51.3,No,2400,2400,0,5518,125
07:26:31.337,active,15296,706,10842,16785,0,95,62.2,54.0,No,2400,2400,0,5515,125
07:26:32.341,active,15249,784,11998,16787,0,95,62.8,56.6,No,2400,2400,0,5518,125
07:26:33.337,active,15266,756,14198,16788,0,95,62.8,55.6,No,2400,2400,0,5512,125
07:26:34.337,active,15256,750,11478,16787,0,95,63.4,57.9,No,2400,2400,0,5509,125
07:26:35.338,active,15260,624,11786,16787,0,95,63.4,57.7,No,2400,2400,0,5508,125
07:26:36.338,active,15266,860,13156,16786,-3,95,62.8,58.4,No,2400,2400,0,5506,125
07:26:37.337,active,15275,666,11208,16786,-3,95,62.8,57.9,No,2400,2400,0,5517,125
07:26:38.337,active,15236,756,11554,16787,0,95,63.4,57.5,No,2400,2400,0,5519,125
07:26:39.337,active,15311,934,12538,16787,0,95,63.4,53.6,No,2400,2400,0,5527,125
07:26:40.337,active,15243,790,12096,16786,-3,95,62.2,53.4,No,2400,2400,0,5520,125
07:26:41.341,active,15294,712,10918,16787,0,95,61.7,52.6,No,2400,2400,0,5527,125
07:26:42.337,active,15296,696,6944,16785,-3,95,62.2,51.4,No,2400,2400,0,5521,125
07:26:43.337,active,15292,662,10166,16785,-5,95,62.2,52.3,No,2400,2400,0,5534,125
07:26:44.337,active,15299,678,11034,16787,-4,95,63.4,56.7,No,2400,2400,0,5521,125
07:26:45.337,active,15292,648,9954,16787,-3,95,63.9,57.7,No,2400,2400,0,5523,125
07:26:46.338,active,15273,614,11440,16787,-3,95,63.9,57.4,No,2400,2400,0,5520,125
07:26:47.337,active,15305,738,11304,16786,-4,95,63.9,57.8,No,2400,2400,0,5526,125
07:26:48.337,active,15309,724,11092,16787,-3,95,62.8,57.7,No,2400,2400,0,5523,125
07:26:49.337,active,15301,742,11382,16787,0,95,63.9,57.6,No,2400,2400,0,5517,125
07:26:50.337,active,15305,460,7060,16787,0,95,64.5,57.3,No,2400,2400,0,5520,125
07:26:51.340,active,15354,536,9162,16787,-4,95,64.5,58.6,No,2400,2400,0,5514,125
07:26:52.342,active,15307,482,7408,16787,0,95,63.4,57.1,No,2400,2400,0,5525,125
07:26:53.338,active,15344,506,8160,16786,0,95,62.8,56.8,No,2400,2400,0,5528,125
07:26:54.337,sleep,15318,480,7368,16786,0,95,63.4,57.9,No,2400,2400,0,5528,125
07:26:55.337,sleep,15294,448,7716,16788,6,95,59.5,-0.0,No,2400,2400,0,5572,125
07:26:56.337,sleep,15290,548,8410,16788,6,95,58.4,0.3,No,2400,2400,0,5580,125
07:26:57.337,sleep,15290,494,7562,16790,11,95,57.3,0.0,No,2400,2400,0,5566,125
07:26:58.337,sleep,15294,512,7850,16789,10,95,56.8,0.2,No,2400,2400,0,5574,125
07:26:59.337,sleep,15279,562,8622,16788,12,95,56.8,0.0,No,2400,2400,0,5584,125
07:27:00.337,sleep,15283,568,6154,16788,11,95,55.1,0.0,No,1500,2400,0,5583,125
07:27:01.337,sleep,15286,480,7350,16789,15,95,55.1,0.0,No,1500,2400,0,5588,125
07:27:02.337,sleep,15286,292,8718,16790,12,95,54.5,0.3,No,1500,2400,0,5429,75
07:27:03.337,sleep,15290,312,4802,16791,14,95,54.0,-0.0,No,1500,2400,0,3736,75
07:27:04.337,sleep,15288,354,4204,16789,13,95,53.5,0.3,No,1500,2400,0,3470,75
07:27:05.337,sleep,15286,438,6712,16790,15,95,53.5,0.0,No,1500,2400,0,3427,75
07:27:06.337,sleep,15286,552,5266,16789,13,95,52.9,0.0,No,1500,2400,0,3416,75
07:27:07.337,sleep,15290,574,8796,16790,15,95,52.9,0.3,No,1500,2400,0,3399,75
07:27:08.337,sleep,15294,440,6770,16789,16,95,52.4,0.0,No,1500,2400,0,3391,75
07:27:09.343,active,15292,328,4976,16788,12,95,53.5,3.3,No,1500,2400,0,3397,75
07:27:10.337,active,15303,636,9760,16786,-8,95,56.8,62.5,No,2400,2400,0,3363,75
07:27:11.337,active,15296,696,11150,16786,-9,95,58.4,60.1,No,2400,2400,0,3347,75
07:27:12.341,active,15296,734,11266,16785,-8,95,59.0,59.1,No,2400,2400,0,3332,75
07:27:13.337,active,15301,630,7330,16785,-8,95,60.0,57.1,No,2400,2400,0,3329,75
07:27:14.337,active,15303,692,10628,16786,-8,95,60.0,55.3,No,2400,2400,0,3323,75
07:27:15.343,active,15296,664,10358,16786,-8,95,59.0,54.3,No,2400,2400,0,5089,125
07:27:16.337,active,15301,750,11516,16785,-7,95,60.6,60.2,No,2400,2400,0,5424,125
07:27:17.340,active,15307,648,9838,16785,-9,95,61.1,56.9,No,2400,2400,0,5441,125
07:27:18.341,active,15294,504,12424,16785,-14,95,60.6,53.1,No,2400,2400,0,5444,125
07:27:19.337,active,15283,594,9104,16784,-12,95,61.7,54.4,No,2400,2400,0,5443,125
07:27:20.341,active,15314,474,11806,16783,-11,95,61.7,54.4,No,2400,2400,0,5441,125
07:27:21.337,active,15307,704,10802,16785,-4,95,61.1,55.5,No,2400,2400,0,5444,125
07:27:22.337,active,15322,484,10706,16783,-13,95,61.7,55.6,No,2400,2400,0,5448,125
07:27:23.337,active,15307,516,7908,16785,-10,95,62.2,53.9,No,2400,2400,0,5447,125
07:27:24.337,active,15292,720,11034,16784,-12,95,62.8,55.8,No,2400,2400,0,5447,125
07:27:25.338,active,15329,542,8334,16784,-10,95,62.2,58.4,No,2400,2400,0,5452,125
07:27:26.343,active,15273,810,12404,16783,-12,95,62.2,55.8,No,2400,2400,0,5456,125
07:27:27.337,active,15268,916,9800,16784,-8,95,62.2,54.3,No,2400,2400,0,5462,125
07:27:28.337,active,15305,688,10552,16784,-10,95,63.4,56.3,No,2400,2400,0,5469,125
07:27:29.337,active,15260,868,11902,16785,-9,95,62.2,55.2,No,2400,2400,0,5468,125
07:27:30.338,active,15301,712,10898,16786,-9,95,62.2,56.7,No,2400,2400,0,5462,125
07:27:31.341,active,15273,652,10012,16785,-8,95,62.2,54.5,No,2400,2400,0,5477,125
07:27:32.337,active,15266,838,12828,16785,-10,95,61.7,52.4,No,2400,2400,0,5479,125
07:27:33.337,active,15256,752,11554,16785,-7,95,61.7,52.6,No,2400,2400,0,5478,125
07:27:34.338,active,15275,816,12500,16785,-6,95,62.2,52.9,No,2400,2400,0,5484,125
07:27:35.341,active,15253,722,11072,16785,-7,95,62.2,51.5,No,2400,2400,0,5486,125
07:27:36.337,active,15346,534,6712,16784,-7,95,61.7,51.5,No,2400,2400,0,5486,125
07:27:37.338,active,15296,644,9858,16786,-8,95,62.8,56.7,No,2400,2400,0,5487,125
07:27:38.337,active,15357,482,7832,16785,-8,95,61.7,53.0,No,2400,2400,0,5488,125
07:27:39.337,active,15341,502,7716,16786,0,95,62.2,53.1,No,2400,2400,0,5501,125
07:27:40.341,active,15294,652,8102,16784,-3,95,62.8,54.5,No,2400,2400,0,5498,125
07:27:41.337,active,15292,760,11632,16785,-3,95,62.8,55.6,No,2400,2400,0,5492,125
07:27:42.338,active,15294,742,11362,16786,-4,95,64.5,57.1,No,2400,2400,0,5496,125
07:27:43.338,active,15301,728,11170,16786,-4,95,61.7,57.1,No,2400,2400,0,5497,125
07:27:44.337,active,15266,706,10822,16785,0,95,62.2,57.7,No,2400,2400,0,5505,125
07:27:45.337,active,15260,652,13542,16784,-8,95,63.9,57.4,No,2400,2400,0,5514,125
07:27:46.337,active,15264,742,11342,16783,-9,95,62.8,58.2,No,2400,2400,0,5505,125
07:27:47.339,active,15271,682,11710,16784,-7,95,63.4,58.1,No,2400,2400,0,5509,125
07:27:48.342,active,15273,758,11612,16786,-4,95,62.8,57.5,No,2400,2400,0,5513,125
07:27:49.337,active,15303,680,11710,16786,-5,95,62.8,56.6,No,2400,2400,0,5520,125
07:27:50.337,active,15264,712,10880,16786,-3,95,62.8,58.1,No,2400,2400,0,5510,125
07:27:51.339,active,15307,772,11824,16785,-4,95,63.4,57.1,No,2400,2400,0,5509,125
07:27:52.337,active,15262,646,9896,16786,0,95,63.9,56.5,No,2400,2400,0,5514,125
07:27:53.340,active,15320,716,10956,16786,0,95,63.9,57.3,No,2400,2400,0,5511,125
07:27:54.338,active,15307,726,11170,16785,-4,95,63.9,57.1,No,2400,2400,0,5515,125
07:27:55.337,active,15303,716,10976,16785,-3,95,64.5,57.2,No,2400,2400,0,5510,125
07:27:56.341,active,15279,782,10514,16785,-5,95,63.9,57.3,No,2400,2400,0,5518,125
07:27:57.337,active,15307,766,11748,16784,-5,95,63.4,57.7,No,2400,2400,0,5516,125
07:27:58.337,active,15273,934,10726,16785,-4,95,63.9,57.5,No,2400,2400,0,5518,125
07:27:59.344,active,15309,748,11458,16785,-6,95,63.9,56.7,No,2400,2400,0,5522,125
07:28:00.337,active,15268,740,11208,16785,-6,95,62.8,56.7,No,2400,2400,0,5518,125
07:28:01.337,active,15299,678,10398,16786,0,95,63.9,56.2,No,2400,2400,0,5517,125
07:28:02.339,active,15288,712,10918,16785,0,95,63.4,52.8,No,2400,2400,0,5514,125
07:28:03.341,active,15316,510,7446,16785,-3,95,63.4,52.3,No,2400,2400,0,5523,125
07:28:04.337,active,15335,520,7986,16785,-5,95,62.8,52.2,No,2400,2400,0,5523,125
07:28:05.338,active,15290,702,7792,16786,0,95,62.8,56.0,No,2400,2400,0,5511,125
07:28:06.337,active,15329,554,8526,16785,-4,95,63.4,58.5,No,2400,2400,0,5509,125
07:28:07.341,active,15296,490,8236,16784,-6,95,63.9,59.2,No,2400,2400,0,5524,125
07:28:08.341,active,15346,556,8564,16785,-4,95,63.9,58.8,No,2400,2400,0,5519,125
07:28:09.337,sleep,15296,730,7272,16785,-7,95,63.9,59.2,No,2400,2400,0,5522,125
07:28:10.337,sleep,15296,458,7040,16787,0,95,59.5,1.8,No,2400,2400,0,5562,125
07:28:11.337,sleep,15288,506,7580,16788,7,95,58.4,-0.0,No,2400,2400,0,5569,125
07:28:12.337,sleep,15286,468,7156,16788,9,95,57.3,0.3,No,2400,2400,0,5571,125
07:28:13.337,sleep,15294,556,8526,16787,8,95,57.9,0.0,No,2400,2400,0,5573,125
07:28:14.337,sleep,15294,518,7022,16787,8,95,56.8,0.0,No,2400,2400,0,5574,125
07:28:15.337,sleep,15303,488,7484,16789,8,95,55.6,0.3,No,1500,2400,0,5579,125
07:28:16.337,sleep,15299,534,5748,16790,14,95,55.1,0.3,No,1500,2400,0,5585,125
07:28:17.337,sleep,15294,496,7620,16790,12,95,54.5,0.0,No,1500,2400,0,5591,125
07:28:18.337,sleep,15301,376,9394,16789,11,95,54.0,0.3,No,1500,2400,0,5587,125
07:28:19.337,sleep,15288,542,8294,16788,11,95,54.0,-0.0,No,1500,2400,0,4791,75
07:28:20.337,sleep,15296,234,9414,16789,13,95,53.5,0.0,No,1500,2400,0,3628,75
07:28:21.337,sleep,15288,472,7252,16789,16,95,52.9,0.3,No,1500,2400,0,3456,75
07:28:22.337,sleep,15294,532,8160,16790,15,95,53.5,0.3,No,1500,2400,0,3425,75
07:28:23.337,sleep,15290,586,8990,16790,17,95,52.4,-0.0,No,1500,2400,0,3410,75
07:28:24.337,sleep,15294,476,7310,16789,12,95,52.4,1.5,No,1500,2400,0,3418,75
07:28:25.341,active,15303,686,9764,16785,-5,95,57.3,59.4,No,2400,2400,0,3367,75
07:28:26.337,active,15305,696,10686,16785,-7,95,56.2,51.3,No,2400,2400,0,3360,75
07:28:27.342,active,15299,664,8950,16785,-5,95,57.9,54.5,No,2400,2400,0,3353,75
07:28:28.337,active,15307,726,11130,16786,-4,95,59.5,52.6,No,2400,2400,0,3344,75
07:28:29.337,active,15311,678,10610,16786,0,95,59.5,56.9,No,2400,2400,0,3376,125
07:28:30.337,active,15303,496,7620,16786,-6,95,60.0,53.1,No,2400,2400,0,5277,125
07:28:31.341,active,15309,478,7330,16785,-4,95,60.0,51.5,No,2400,2400,0,5458,125
07:28:32.337,active,15305,456,7002,16785,-6,95,60.6,51.4,No,2400,2400,0,5471,125
07:28:33.343,active,15318,496,7600,16785,-3,95,59.0,52.7,No,2400,2400,0,5466,125
07:28:34.337,active,15311,532,8160,16786,-7,95,59.5,57.8,No,2400,2400,0,5448,125
07:28:35.337,active,15296,446,6866,16785,-12,95,61.1,55.8,No,2400,2400,0,5457,125
07:28:36.341,active,15357,504,7774,16787,-5,95,61.7,54.0,No,2400,2400,0,5454,125
07:28:37.337,active,15333,456,6982,16786,-5,95,61.7,52.3,No,2400,2400,0,5458,125
07:28:38.338,active,15296,614,7366,16785,-7,95,60.6,56.0,No,2400,2400,0,5457,125
07:28:39.337,active,15309,678,6616,16786,-4,95,61.1,53.7,No,2400,2400,0,5465,125
07:28:40.337,active,15262,698,10996,16787,0,95,61.1,53.3,No,2400,2400,0,5472,125
07:28:41.337,active,15275,770,11786,16786,-5,95,62.2,52.3,No,2400,2400,0,5471,125
07:28:42.337,active,15256,730,11188,16787,-4,95,62.2,51.7,No,2400,2400,0,5472,125
07:28:43.339,active,15266,950,14526,16787,0,95,61.7,51.7,No,2400,2400,0,5474,125
07:28:44.342,active,15251,704,10784,16786,-7,95,60.6,51.8,No,2400,2400,0,5479,125
07:28:45.337,active,15262,876,13406,16784,-5,95,61.1,54.3,No,2400,2400,0,5482,125
07:28:46.337,active,15271,716,10976,16785,-4,95,61.7,58.4,No,2400,2400,0,5480,125
07:28:47.337,active,15262,910,11368,16786,-3,95,63.4,55.6,No,2400,2400,0,5482,125
07:28:48.337,active,15249,960,14680,16787,0,95,62.2,54.2,No,2400,2400,0,5483,125
07:28:49.341,active,15294,458,7792,16786,0,95,61.7,52.5,No,2400,2400,0,5493,125
07:28:50.338,active,15294,720,11054,16785,0,95,61.1,52.0,No,2400,2400,0,5492,125
07:28:51.337,active,15294,804,12326,16786,-4,95,62.2,58.1,No,2400,2400,0,5478,125
07:28:52.337,active,15294,774,11882,16786,0,95,62.8,57.1,No,2400,2400,0,5490,125
07:28:53.337,active,15303,732,11246,16787,0,95,62.8,57.3,No,2400,2400,0,5496,125
07:28:54.339,active,15294,730,11208,16786,0,95,62.8,57.4,No,2400,2400,0,5491,125
07:28:55.342,active,15307,704,10784,16786,0,95,63.4,56.7,No,2400,2400,0,5496,125
07:28:56.337,active,15305,650,9972,16785,0,95,62.2,57.4,No,2400,2400,0,5497,125
07:28:57.337,active,15296,732,11246,16785,-4,95,63.4,57.0,No,2400,2400,0,5502,125
07:28:58.341,active,15307,518,9626,16786,-3,95,63.4,51.9,No,2400,2400,0,5510,125
07:28:59.337,active,15299,530,8140,16787,-3,95,62.2,51.2,No,2400,2400,0,5500,125
07:29:00.338,active,15314,578,8506,16785,-8,95,61.7,54.9,No,2400,2400,0,5506,125
07:29:01.338,active,15309,530,8120,16785,-8,95,61.7,56.8,No,2400,2400,0,5509,125
07:29:02.337,active,15322,464,7118,16786,0,95,63.4,58.0,No,2400,2400,0,5507,125
07:29:03.341,active,15314,524,8044,16786,-3,95,63.4,57.4,No,2400,2400,0,5510,125
07:29:04.341,active,15329,572,8758,16787,0,95,62.8,57.8,No,2400,2400,0,5513,125
07:29:05.337,active,15318,590,9834,16788,0,95,63.4,57.3,No,2400,2400,0,5511,125
07:29:06.344,active,15352,508,7812,16786,-3,95,62.8,57.7,No,2400,2400,0,5511,125
07:29:07.337,active,15264,628,10070,16786,-3,95,62.8,57.6,No,2400,2400,0,5518,125
07:29:08.337,active,15281,732,11208,16786,0,95,63.4,58.4,No,2400,2400,0,5517,125
07:29:09.339,active,15266,666,10224,16786,0,95,63.4,57.8,No,2400,2400,0,5527,125
07:29:10.337,active,15273,990,15162,16786,0,95,63.4,56.9,No,2400,2400,0,5514,125
07:29:11.340,active,15260,790,12134,16787,0,95,63.4,57.4,No,2400,2400,0,5509,125
07:29:12.339,active,15266,866,13252,16786,0,95,63.4,59.2,No,2400,2400,0,5514,125
07:29:13.337,active,15281,930,14236,16785,-3,95,63.4,57.4,No,2400,2400,0,5510,125
07:29:14.341,active,15273,730,11188,16785,0,95,63.9,58.8,No,2400,2400,0,5513,125
07:29:15.341,active,15273,924,14120,16786,0,95,63.9,58.3,No,2400,2400,0,5517,125
07:29:16.338,active,15301,724,10088,16785,0,95,64.5,60.0,No,2400,2400,0,5518,125
07:29:17.341,active,15296,638,9800,16786,0,95,63.4,58.9,No,2400,2400,0,5520,125
07:29:18.337,active,15296,728,11574,16787,3,95,62.8,58.5,No,2400,2400,0,5522,125
07:29:19.338,active,15294,760,11652,16788,4,95,63.9,59.8,No,2400,2400,0,5519,125
07:29:20.340,active,15292,692,10610,16787,7,95,63.9,58.6,No,2400,2400,0,5520,125
07:29:21.337,active,15290,766,11748,16787,6,95,63.4,56.7,No,2400,2400,0,5525,125
07:29:22.341,active,15288,536,8236,16789,10,95,63.4,54.3,No,2400,2400,0,5525,125
07:29:23.341,active,15290,740,11362,16789,9,95,62.8,54.1,No,2400,2400,0,5533,125
07:29:24.337,active,15296,708,10860,16787,5,95,63.4,58.4,No,2400,2400,0,5534,125
07:29:25.337,sleep,15296,464,7252,16789,10,95,59.5,4.2,No,2400,2400,0,5572,125
07:29:26.337,sleep,15294,556,8526,16789,14,95,58.4,0.0,No,2400,2400,0,5581,125
07:29:27.337,sleep,15296,496,8430,16789,16,95,58.4,-0.0,No,2400,2400,0,5578,125
07:29:28.337,sleep,15299,444,6790,16789,17,95,56.8,0.0,No,2400,2400,0,5572,125
07:29:29.337,sleep,15301,506,7484,16789,14,95,56.8,0.0,No,2400,2400,0,5568,125
07:29:30.337,sleep,15296,480,7368,16791,19,95,56.8,0.3,No,1500,2400,0,5582,125
07:29:31.337,sleep,15292,764,8236,16790,19,95,55.1,1.2,No,1500,2400,0,5581,125
07:29:32.337,sleep,15288,428,6578,16790,17,95,54.5,1.5,No,1500,2400,0,5581,125
07:29:33.337,sleep,15288,416,4958,16790,19,95,54.0,0.5,No,1500,2400,0,4242,75
07:29:34.337,sleep,15290,460,5670,16790,20,95,55.1,0.3,No,1500,2400,0,3553,75
07:29:35.337,sleep,15290,460,7060,16789,20,95,54.0,0.0,No,1500,2400,0,3443,75
07:29:36.337,sleep,15290,542,6288,16791,23,95,53.5,0.3,No,1500,2400,0,3428,75
07:29:37.337,sleep,15292,450,6906,16790,18,95,53.5,0.0,No,1500,2400,0,3424,75
07:29:38.337,sleep,15286,344,5748,16790,17,95,52.4,0.0,No,1500,2400,0,3416,75
07:29:39.337,sleep,15292,580,8912,16790,16,95,52.4,0.3,No,1500,2400,0,3414,75
07:29:40.343,active,15305,688,10726,16786,0,95,56.2,55.8,No,2400,2400,0,3350,75
07:29:41.337,active,15253,626,9626,16786,-5,95,57.3,53.7,No,2400,2400,0,3339,75
07:29:42.337,active,15281,692,10706,16786,-5,95,59.5,55.3,No,2400,2400,0,3327,75
07:29:43.341,active,15305,736,11304,16787,-3,95,59.5,56.2,No,2400,2400,0,3337,75
07:29:44.337,active,15350,496,7620,16786,-6,95,60.0,53.4,No,2400,2400,0,4151,125
07:29:45.341,active,15333,530,8160,16786,-10,95,60.0,55.2,No,2400,2400,0,5365,125
07:29:46.337,active,15299,682,10456,16785,-4,95,59.5,55.5,No,2400,2400,0,5449,125
07:29:47.337,active,15357,452,7238,16785,-6,95,60.0,56.3,No,2400,2400,0,5454,125
07:29:48.341,active,15292,500,7678,16785,-5,95,61.7,55.5,No,2400,2400,0,5447,125
07:29:49.337,active,15305,494,8348,16786,-6,95,61.1,56.8,No,2400,2400,0,5448,125
07:29:50.337,active,15299,550,8448,16787,-6,95,61.7,54.0,No,2400,2400,0,5451,125
07:29:51.339,active,15296,702,10628,16786,-6,95,60.6,54.1,No,2400,2400,0,5446,125
07:29:52.337,active,15301,686,10532,16785,-5,95,60.6,54.5,No,2400,2400,0,5459,125
07:29:53.337,active,15268,896,13716,16785,-4,95,62.2,54.5,No,2400,2400,0,5453,125
07:29:54.341,active,15236,928,14178,16784,-5,95,62.2,55.6,No,2400,2400,0,5460,125
07:29:55.337,active,15288,788,12056,16786,-4,95,62.2,55.7,No,2400,2400,0,5468,125
07:29:56.341,active,15258,640,9800,16787,0,95,62.2,56.2,No,2400,2400,0,5467,125
07:29:57.337,active,15309,826,12654,16785,-9,95,61.1,57.2,No,2400,2400,0,5473,125
07:29:58.337,active,15251,642,11610,16785,-7,95,62.2,57.5,No,2400,2400,0,5475,125
07:29:59.337,active,15316,652,9972,16785,-5,95,62.8,58.3,No,2400,2400,0,5469,125
07:30:00.337,active,15314,456,11098,16785,-4,95,62.8,57.5,No,2400,2400,0,5483,125
07:30:01.339,active,15309,662,10146,16785,-8,95,62.8,58.3,No,2400,2400,0,5478,125
07:30:02.344,active,15277,516,11092,16785,-9,95,62.8,58.4,No,2400,2400,0,5481,125
07:30:03.337,active,15305,672,10320,16785,-4,95,61.7,55.7,No,2400,2400,0,5481,125
07:30:04.340,active,15309,694,10648,16784,-6,95,63.4,57.9,No,2400,2400,0,5487,125
07:30:05.341,active,15305,800,12268,16785,-5,95,62.8,56.7,No,2400,2400,0,5488,125
07:30:06.337,active,15311,694,10648,16785,-3,95,62.8,56.7,No,2400,2400,0,5490,125
07:30:07.338,active,15311,638,9800,16785,-6,95,62.2,56.8,No,2400,2400,0,5493,125
07:30:08.338,active,15271,662,10166,16786,-9,95,62.2,57.6,No,2400,2400,0,5497,125
07:30:09.337,active,15301,786,12056,16786,-5,95,62.2,57.6,No,2400,2400,0,5502,125
07:30:10.341,active,15266,710,10898,16786,0,95,63.4,57.4,No,2400,2400,0,5495,125
07:30:11.341,active,15352,426,7310,16786,-3,95,63.9,56.4,No,2400,2400,0,5518,125
07:30:12.337,active,15316,452,6964,16786,0,95,62.8,55.2,No,2400,2400,0,5502,125
07:30:13.342,active,15290,674,7156,16786,-4,95,62.8,54.8,No,2400,2400,0,5497,125
07:30:14.337,active,15341,560,8604,16786,-3,95,63.4,57.3,No,2400,2400,0,5496,125
07:30:15.337,active,15292,716,7754,16785,-3,95,63.4,57.5,No,2400,2400,0,5504,125
07:30:16.341,active,15339,490,7542,16786,-6,95,63.4,57.4,No,2400,2400,0,5506,125
07:30:17.337,active,15299,730,8064,16784,-9,95,64.5,56.9,No,2400,2400,0,5501,125
07:30:18.344,active,15296,714,10956,16785,-5,95,63.9,58.0,No,2400,2400,0,5505,125
07:30:19.340,active,15301,672,7388,16785,-6,95,63.4,57.1,No,2400,2400,0,5504,125
07:30:20.337,active,15262,656,10050,16786,-4,95,63.4,57.0,No,2400,2400,0,5514,125
07:30:21.341,active,15253,840,12848,16785,0,95,64.5,57.8,No,2400,2400,0,5524,125
07:30:22.337,active,15262,772,11824,16785,0,95,63.9,58.3,No,2400,2400,0,5516,125
07:30:23.337,active,15249,774,11864,16785,-3,95,65.0,58.7,No,2400,2400,0,5519,125
07:30:24.341,active,15258,694,10610,16786,-4,95,62.8,57.8,No,2400,2400,0,5536,125
07:30:25.337,active,15307,840,12848,16786,-4,95,63.4,59.4,No,2400,2400,0,5504,125
07:30:26.337,active,15275,728,11150,16786,0,95,64.5,59.4,No,2400,2400,0,5520,125
07:30:27.341,active,15307,806,12326,16785,0,95,63.4,58.6,No,2400,2400,0,5520,125
07:30:28.337,active,15307,700,10726,16786,0,95,63.9,58.5,No,2400,2400,0,5524,125
07:30:29.338,active,15314,806,12326,16786,0,95,62.8,58.5,No,2400,2400,0,5516,125
07:30:30.339,active,15307,778,10976,16786,-4,95,63.4,59.4,No,2400,2400,0,5522,125
07:30:31.337,active,15294,742,11382,16786,-5,95,62.8,58.9,No,2400,2400,0,5518,125
07:30:32.340,active,15305,700,11478,16785,-4,95,64.5,58.6,No,2400,2400,0,5522,125
07:30:33.337,active,15303,670,10282,16785,-5,95,64.5,58.4,No,2400,2400,0,5523,125
07:30:34.340,active,15309,636,10996,16785,0,95,63.9,58.7,No,2400,2400,0,5517,125
07:30:35.338,active,15299,684,10514,16785,-4,95,63.4,57.4,No,2400,2400,0,5525,125
07:30:36.337,active,15305,680,10898,16786,0,95,62.8,55.6,No,2400,2400,0,5522,125
07:30:37.337,active,15305,714,10956,16787,0,95,63.4,56.9,No,2400,2400,0,5527,125
07:30:38.337,active,15309,740,11362,16787,0,95,63.9,55.4,No,2400,2400,0,5538,125
07:30:39.337,active,15311,554,7484,16787,0,95,63.4,59.0,No,2400,2400,0,5520,125
07:30:40.337,sleep,15296,448,6886,16788,10,95,59.5,7.8,No,2400,2400,0,5567,125
07:30:41.337,sleep,15305,534,7446,16788,11,95,58.4,0.3,No,2400,2400,0,5575,125
07:30:42.337,sleep,15296,458,7040,16787,7,95,57.9,0.0,No,2400,2400,0,5572,125
07:30:43.337,sleep,15301,472,6982,16789,7,95,56.8,0.0,No,2400,2400,0,5564,125
07:30:44.337,sleep,15294,554,8506,16788,9,95,55.1,-0.0,No,2400,2400,0,5568,125
07:30:45.337,sleep,15292,404,6230,16789,10,95,55.6,0.0,No,1500,2400,0,5574,125
07:30:46.337,sleep,15294,434,6636,16789,12,95,56.2,0.3,No,1500,2400,0,5589,125
07:30:47.337,sleep,15294,334,8950,16789,14,95,54.5,0.0,No,1500,2400,0,5590,125
07:30:48.337,sleep,15290,422,6462,16789,14,95,54.0,0.3,No,1500,2400,0,3938,75
07:30:49.337,sleep,15292,662,10166,16790,13,95,54.0,0.0,No,1500,2400,0,3503,75
07:30:50.337,sleep,15279,530,8120,16790,13,95,54.0,0.3,No,1500,2400,0,3427,75
07:30:51.337,sleep,15290,464,7118,16789,14,95,53.5,0.3,No,1500,2400,0,3421,75
07:30:52.337,sleep,15296,452,6924,16789,14,95,52.9,0.0,No,1500,2400,0,3420,75
07:30:53.337,sleep,15299,440,4456,16788,13,95,52.4,0.2,No,1500,2400,0,3416,75
07:30:54.337,sleep,15288,260,3992,16789,11,95,52.4,0.0,No,1500,2400,0,3398,75
07:30:55.337,active,15303,966,12964,16786,-7,95,57.9,55.1,No,2400,2400,0,3349,75
07:30:56.337,active,15260,670,10244,16787,-3,95,57.9,51.5,No,2400,2400,0,3342,75
07:30:57.341,active,15294,768,11728,16785,-7,95,58.4,51.9,No,2400,2400,0,3342,75
07:30:58.342,active,15299,750,9972,16786,-6,95,58.4,51.6,No,2400,2400,0,3328,75
07:30:59.337,active,15294,750,11498,16785,-8,95,59.5,52.2,No,2400,2400,0,4756,125
07:31:00.337,active,15303,740,10976,16785,-9,95,60.6,52.3,No,2400,2400,0,5410,125
07:31:01.341,active,15296,680,10416,16785,-4,95,60.6,52.0,No,2400,2400,0,5454,125
07:31:02.337,active,15294,742,10918,16785,-5,95,60.6,51.8,No,2400,2400,0,5461,125
07:31:03.338,active,15299,682,10474,16785,0,95,59.5,52.5,No,2400,2400,0,5443,125
07:31:04.337,active,15279,890,11226,16786,-3,95,60.0,56.6,No,2400,2400,0,5450,125
07:31:05.337,active,15301,754,11574,16785,-5,95,60.6,59.1,No,2400,2400,0,5447,125
07:31:06.339,active,15279,782,9664,16785,-7,95,62.2,57.7,No,2400,2400,0,5449,125
07:31:07.337,active,15316,458,10112,16785,0,95,61.7,57.9,No,2400,2400,0,5452,125
07:31:08.341,active,15337,494,7580,16785,0,95,62.2,58.0,No,2400,2400,0,5451,125
07:31:09.341,active,15318,510,8140,16785,0,95,62.2,59.8,No,2400,2400,0,5456,125
07:31:10.337,active,15346,506,7774,16786,0,95,62.2,56.8,No,2400,2400,0,5463,125
07:31:11.337,active,15354,500,7580,16785,0,95,62.8,57.8,No,2400,2400,0,5458,125
07:31:12.339,active,15303,554,8526,16785,-5,95,62.8,58.0,No,2400,2400,0,5460,125
07:31:13.339,active,15296,718,7870,16786,0,95,62.8,57.3,No,2400,2400,0,5464,125
07:31:14.341,active,15294,504,7774,16785,0,95,62.8,56.5,No,2400,2400,0,5470,125
07:31:15.338,active,15301,752,8102,16786,0,95,61.1,56.5,No,2400,2400,0,5478,125
07:31:16.337,active,15283,678,10378,16786,0,95,63.4,58.5,No,2400,2400,0,5477,125
07:31:17.337,active,15251,820,12558,16785,-5,95,62.8,56.4,No,2400,2400,0,5478,125
07:31:18.341,active,15258,834,12752,16786,-3,95,62.2,51.4,No,2400,2400,0,5487,125
07:31:19.338,active,15249,976,14932,16786,0,95,62.8,51.4,No,2400,2400,0,5481,125
07:31:20.337,active,15258,766,11710,16785,0,95,61.7,52.1,No,2400,2400,0,5486,125
07:31:21.337,active,15273,724,11072,16785,0,95,62.2,57.6,No,2400,2400,0,5488,125
07:31:22.337,active,15232,940,14352,16787,0,95,62.2,52.8,No,2400,2400,0,5494,125
07:31:23.337,active,15307,818,12500,16788,0,95,62.2,52.8,No,2400,2400,0,5484,125
07:31:24.339,active,15264,750,11970,16787,0,95,63.4,56.0,No,2400,2400,0,5492,125
07:31:25.338,active,15301,720,11034,16785,0,95,62.2,56.6,No,2400,2400,0,5492,125
07:31:26.338,active,15303,682,10610,16785,0,95,62.2,56.6,No,2400,2400,0,5493,125
07:31:27.337,active,15299,736,11284,16785,-3,95,62.8,57.1,No,2400,2400,0,5494,125
07:31:28.341,active,15303,716,10976,16786,0,95,63.4,58.2,No,2400,2400,0,5497,125
07:31:29.337,active,15299,686,10532,16787,0,95,63.4,59.6,No,2400,2400,0,5499,125
07:31:30.337,active,15292,654,11034,16786,0,95,62.2,55.7,No,2400,2400,0,5507,125
07:31:31.341,active,15301,720,11054,16786,0,95,62.2,55.3,No,2400,2400,0,5504,125
07:31:32.337,active,15296,538,11516,16786,0,95,62.2,57.0,No,2400,2400,0,5507,125
07:31:33.337,active,15301,818,12558,16786,0,95,62.2,55.2,No,2400,2400,0,5505,125
07:31:34.340,active,15311,480,11690,16787,0,95,63.4,55.2,No,2400,2400,0,5503,125
07:31:35.341,active,15303,484,9452,16786,0,95,63.4,54.3,No,2400,2400,0,5514,125
07:31:36.337,active,15305,532,8178,16785,0,95,62.8,54.6,No,2400,2400,0,5515,125
07:31:37.340,active,15318,522,7600,16786,0,95,62.2,57.6,No,2400,2400,0,5497,125
07:31:38.337,active,15303,520,7986,16787,0,95,62.2,58.8,No,2400,2400,0,5511,125
07:31:39.340,active,15290,732,8236,16787,4,95,63.4,59.7,No,2400,2400,0,5510,125
07:31:40.341,active,15320,498,7658,16788,3,95,63.4,58.9,No,2400,2400,0,5513,125
07:31:41.338,active,15348,476,7832,16787,0,95,64.5,59.1,No,2400,2400,0,5515,125
07:31:42.341,active,15333,498,7658,16788,0,95,63.4,59.8,No,2400,2400,0,5511,125
07:31:43.337,active,15260,708,10860,16787,0,95,62.2,56.7,No,2400,2400,0,5525,125
07:31:44.337,active,15256,1016,11710,16787,6,95,62.8,56.2,No,2400,2400,0,5521,125
07:31:45.341,active,15249,810,12404,16787,4,95,63.4,55.1,No,2400,2400,0,5523,125
07:31:46.337,active,15258,876,11170,16787,3,95,63.4,55.2,No,2400,2400,0,5510,125
07:31:47.337,active,15238,854,13078,16787,0,95,62.8,60.0,No,2400,2400,0,5518,125
07:31:48.342,active,15249,834,13658,16788,6,95,63.4,55.1,No,2400,2400,0,5523,125
07:31:49.337,active,15256,968,14816,16788,5,95,63.4,52.6,No,2400,2400,0,5527,125
07:31:50.337,active,15251,806,12712,16786,3,95,64.5,52.8,No,2400,2400,0,5526,125
07:31:51.337,active,15251,954,14604,16786,0,95,63.4,51.9,No,2400,2400,0,5530,125
07:31:52.337,active,15294,504,7754,16787,0,95,62.8,51.4,No,2400,2400,0,5529,125
07:31:53.341,active,15294,710,7296,16786,0,95,63.4,51.5,No,2400,2400,0,5528,125
07:31:54.337,active,15292,510,7850,16788,4,95,62.8,51.3,No,2400,2400,0,5524,125
07:31:55.337,sleep,15288,552,7444,16789,11,95,59.5,7.2,No,2400,2400,0,5567,125
07:31:56.337,sleep,15294,526,8044,16789,16,95,58.4,0.0,No,2400,2400,0,5573,125
07:31:57.337,sleep,15288,450,7484,16789,13,95,57.9,0.3,No,2400,2400,0,5569,125
07:31:58.337,sleep,15292,518,7948,16790,13,95,57.3,0.0,No,2400,2400,0,5572,125
07:31:59.337,sleep,15292,560,8006,16789,13,95,56.8,-0.0,No,2400,2400,0,5569,125
07:32:00.337,sleep,15290,362,5556,16790,16,95,55.1,0.0,No,1500,2400,0,5589,125
07:32:01.337,sleep,15290,518,5864,16789,15,95,54.5,0.3,No,1500,2400,0,5595,125
07:32:02.337,sleep,15294,346,5304,16790,15,95,54.5,0.3,No,1500,2400,0,5463,75
07:32:03.337,sleep,15283,514,7870,16790,18,95,54.5,0.0,No,1500,2400,0,3734,75
07:32:04.337,sleep,15292,356,5478,16791,19,95,54.0,0.0,No,1500,2400,0,3478,75
07:32:05.337,sleep,15286,596,9144,16790,18,95,53.5,0.3,No,1500,2400,0,3435,75
07:32:06.337,sleep,15288,532,8160,16791,20,95,55.1,0.0,No,1500,2400,0,3421,75
07:32:07.337,sleep,15290,386,5922,16790,21,95,52.9,-0.0,No,1500,2400,0,3425,75
07:32:08.337,sleep,15294,530,8140,16791,21,95,53.5,0.3,No,1500,2400,0,3413,75
07:32:09.337,sleep,15288,480,7368,16791,18,95,52.9,-0.0,No,1500,2400,0,3408,75
07:32:10.341,active,15324,476,7310,16787,0,95,57.3,55.4,No,2400,2400,0,3374,75
07:32:11.337,active,15307,670,10300,16787,0,95,57.3,53.5,No,2400,2400,0,3345,75
07:32:12.337,active,15271,688,9568,16787,0,95,58.4,53.1,No,2400,2400,0,3338,75
07:32:13.341,active,15305,720,11054,16787,0,95,59.5,53.6,No,2400,2400,0,3337,75
07:32:14.338,active,15275,658,14082,16786,0,95,60.0,53.1,No,2400,2400,0,3331,75
07:32:15.338,active,15256,804,12288,16786,0,95,61.1,57.4,No,2400,2400,0,3330,75
07:32:16.338,active,15273,746,11998,16787,-5,95,60.0,58.0,No,2400,2400,0,5048,125
07:32:17.337,active,15268,856,13118,16786,-6,95,61.1,58.0,No,2400,2400,0,5407,125
07:32:18.337,active,15258,770,13156,16786,-6,95,61.7,57.4,No,2400,2400,0,5437,125
07:32:19.337,active,15264,844,12924,16785,-7,95,61.7,57.2,No,2400,2400,0,5424,125
07:32:20.339,active,15294,518,7928,16785,-4,95,61.7,58.0,No,2400,2400,0,5426,125
07:32:21.341,active,15296,666,10224,16786,-6,95,63.4,58.2,No,2400,2400,0,5434,125
07:32:22.337,active,15299,694,10648,16786,-5,95,62.2,57.4,No,2400,2400,0,5443,125
07:32:23.337,active,15299,774,11882,16785,-5,95,62.2,58.1,No,2400,2400,0,5447,125
07:32:24.341,active,15299,718,10996,16786,-7,95,62.8,57.8,No,2400,2400,0,5447,125
07:32:25.337,active,15294,658,10088,16785,-4,95,62.2,56.9,No,2400,2400,0,5448,125
07:32:26.338,active,15303,784,12038,16786,-3,95,63.4,57.5,No,2400,2400,0,5457,125
07:32:27.338,active,15303,692,10610,16787,-4,95,62.8,58.0,No,2400,2400,0,5456,125
07:32:28.337,active,15303,704,10802,16787,-6,95,62.8,58.3,No,2400,2400,0,5457,125
07:32:29.337,active,15301,576,12134,16787,-4,95,63.4,54.8,No,2400,2400,0,5463,125
07:32:30.337,active,15268,796,12192,16788,0,95,62.2,52.2,No,2400,2400,0,5481,125
07:32:31.337,active,15299,522,11960,16787,3,95,62.8,52.0,No,2400,2400,0,5482,125
07:32:32.341,active,15296,612,9374,16785,0,95,62.8,52.7,No,2400,2400,0,5477,125
07:32:33.338,active,15299,528,11864,16785,0,95,61.7,51.8,No,2400,2400,0,5479,125
07:32:34.337,active,15305,516,7908,16786,0,95,62.2,52.9,No,2400,2400,0,5491,125
07:32:35.337,active,15303,542,8874,16787,0,95,63.9,53.1,No,2400,2400,0,5488,125
07:32:36.337,active,15303,498,7658,16786,0,95,62.8,52.2,No,2400,2400,0,5488,125
07:32:37.337,active,15305,554,8334,16787,0,95,62.8,53.1,No,2400,2400,0,5495,125
07:32:38.338,active,15311,476,7330,16787,0,95,62.8,55.5,No,2400,2400,0,5492,125
07:32:39.337,active,15271,686,10552,16786,0,95,62.2,58.8,No,2400,2400,0,5500,125
07:32:40.337,active,15307,700,9818,16785,-5,95,63.4,59.3,No,2400,2400,0,5497,125
07:32:41.337,active,15281,912,13966,16785,-3,95,63.4,58.9,No,2400,2400,0,5491,125
07:32:42.337,active,15279,702,14988,16786,-5,95,63.9,58.4,No,2400,2400,0,5497,125
07:32:43.338,active,15281,870,13310,16786,-4,95,63.4,59.5,No,2400,2400,0,5504,125
07:32:44.340,active,15273,794,11536,16786,-3,95,63.4,59.3,No,2400,2400,0,5507,125
07:32:45.337,active,15253,766,11748,16786,0,95,64.5,58.9,No,2400,2400,0,5509,125
07:32:46.341,active,15275,752,12538,16787,0,95,63.4,58.9,No,2400,2400,0,5507,125
07:32:47.337,active,15262,882,13504,16786,0,95,63.4,59.3,No,2400,2400,0,5513,125
07:32:48.337,active,15294,728,8410,16787,0,95,63.4,59.3,No,2400,2400,0,5514,125
07:32:49.338,active,15290,708,10860,16785,0,95,63.4,58.7,No,2400,2400,0,5517,125
07:32:50.337,active,15299,706,11054,16785,0,95,62.8,58.3,No,2400,2400,0,5521,125
07:32:51.337,active,15286,560,8564,16786,0,95,62.8,57.4,No,2400,2400,0,5518,125
07:32:52.341,active,15299,400,7562,16785,0,95,64.5,56.6,No,2400,2400,0,5516,125
07:32:53.337,active,15290,704,10802,16787,0,95,63.4,54.3,No,2400,2400,0,5513,125
07:32:54.342,active,15294,450,7368,16787,0,95,63.4,54.8,No,2400,2400,0,5516,125
07:32:55.337,active,15294,700,10744,16787,-5,95,62.8,61.1,No,2400,2400,0,5504,125
07:32:56.337,active,15305,674,10898,16787,0,95,63.9,56.5,No,2400,2400,0,5518,125
07:32:57.337,active,15251,618,13078,16786,0,95,63.4,54.5,No,2400,2400,0,5519,125
07:32:58.337,active,15303,806,12308,16785,0,95,63.4,51.9,No,2400,2400,0,5518,125
07:32:59.341,active,15309,540,13156,16787,0,95,63.4,52.1,No,2400,2400,0,5524,125
07:33:00.341,active,15303,778,11902,16787,0,95,63.4,53.1,No,2400,2400,0,5528,125
07:33:01.337,active,15296,490,12636,16785,0,95,62.8,54.4,No,2400,2400,0,5529,125
07:33:02.337,active,15309,680,10416,16785,0,95,63.4,53.1,No,2400,2400,0,5529,125
07:33:03.341,active,15307,376,10906,16785,0,95,63.4,53.1,No,2400,2400,0,5521,125
07:33:04.337,active,15307,448,6866,16785,-5,95,63.9,54.4,No,2400,2400,0,5519,125
07:33:05.337,active,15346,492,11402,16784,-9,95,63.9,57.3,No,2400,2400,0,5518,125
07:33:06.342,active,15337,586,9008,16785,-7,95,64.5,55.9,No,2400,2400,0,5544,125
07:33:07.337,active,15292,656,11498,16785,-5,95,62.8,55.8,No,2400,2400,0,5534,125
07:33:08.337,active,15303,764,11710,16785,-8,95,62.8,54.0,No,2400,2400,0,5531,125
07:33:09.341,active,15268,882,10956,16786,-4,95,63.4,53.2,No,2400,2400,0,5536,125
07:33:10.337,sleep,15290,514,7870,16788,6,95,61.1,9.0,No,2400,2400,0,5573,125
07:33:11.337,sleep,15286,460,7870,16788,9,95,59.0,-0.0,No,2400,2400,0,5581,125
07:33:12.337,sleep,15294,538,8236,16789,7,95,57.9,0.0,No,2400,2400,0,5579,125
07:33:13.337,sleep,15283,530,7098,16789,9,95,56.8,0.0,No,2400,2400,0,5574,125
07:33:14.337,sleep,15292,422,6462,16789,10,95,57.9,0.3,No,2400,2400,0,5583,125
07:33:15.337,sleep,15292,476,6482,16789,11,95,55.6,0.3,No,1500,2400,0,5590,125
07:33:16.337,sleep,15299,524,8044,16789,11,95,55.6,-0.0,No,1500,2400,0,5590,125
07:33:17.337,sleep,15286,518,7928,16789,15,95,54.5,0.3,No,1500,2400,0,5588,125
07:33:18.337,sleep,15288,510,7812,16789,18,95,54.5,0.0,No,1500,2400,0,4787,75
07:33:19.337,sleep,15290,314,4822,16789,18,95,53.5,0.3,No,1500,2400,0,3623,75
07:33:20.337,sleep,15292,578,8874,16790,17,95,54.0,0.0,No,1500,2400,0,3457,75
07:33:21.337,sleep,15296,336,5150,16790,19,95,53.5,0.0,No,1500,2400,0,3429,75
07:33:22.337,sleep,15288,484,7408,16789,16,95,52.9,-0.0,No,1500,2400,0,3417,75
07:33:23.337,sleep,15292,492,7542,16791,19,95,52.9,0.3,No,1500,2400,0,3419,75
07:33:24.337,sleep,15294,352,5400,16791,19,95,52.4,-0.0,No,1500,2400,0,3410,75
07:33:25.341,active,15303,716,10938,16788,9,95,57.9,55.7,No,2400,2400,0,3359,75
07:33:26.341,active,15301,626,11304,16786,-3,95,58.4,57.7,No,2400,2400,0,3349,75
07:33:27.338,active,15256,644,9838,16787,0,95,60.0,56.7,No,2400,2400,0,3351,75
07:33:28.341,active,15296,504,10590,16787,0,95,59.5,57.1,No,2400,2400,0,3347,75
07:33:29.337,active,15281,560,8564,16786,0,95,59.5,57.1,No,2400,2400,0,3320,75
07:33:30.339,active,15316,452,11824,16786,0,95,60.6,57.7,No,2400,2400,0,3340,125
07:33:31.337,active,15303,546,8392,16786,-4,95,61.1,57.1,No,2400,2400,0,5237,125
07:33:32.339,active,15341,542,9336,16785,-6,95,61.7,58.2,No,2400,2400,0,5435,125
07:33:33.337,active,15301,524,8044,16785,-9,95,60.6,56.5,No,2400,2400,0,5442,125
07:33:34.338,active,15266,724,11112,16786,-3,95,61.1,54.7,No,2400,2400,0,5439,125
07:33:35.337,active,15266,906,13870,16785,-5,95,62.2,58.3,No,2400,2400,0,5439,125
07:33:36.337,active,15264,726,11150,16785,-7,95,62.2,58.3,No,2400,2400,0,5444,125
07:33:37.337,active,15286,876,10354,16785,-7,95,62.2,56.6,No,2400,2400,0,5442,125
07:33:38.337,active,15277,868,13310,16785,-9,95,62.2,57.1,No,2400,2400,0,5444,125
07:33:39.338,active,15268,972,10778,16785,-11,95,62.8,58.0,No,2400,2400,0,5442,125
07:33:40.338,active,15281,936,14314,16787,-6,95,62.8,57.8,No,2400,2400,0,5447,125
07:33:41.341,active,15277,846,13194,16786,-9,95,62.8,59.6,No,2400,2400,0,5458,125
07:33:42.341,active,15283,738,11304,16787,-3,95,62.2,57.9,No,2400,2400,0,5461,125
07:33:43.337,active,15299,712,7948,16785,-8,95,62.8,56.9,No,2400,2400,0,5465,125
07:33:44.338,active,15296,566,8680,16785,-5,95,62.8,56.7,No,2400,2400,0,5467,125
07:33:45.340,active,15294,728,7138,16785,0,95,62.2,58.2,No,2400,2400,0,5470,125
07:33:46.337,active,15296,738,11324,16786,0,95,63.4,58.3,No,2400,2400,0,5465,125
07:33:47.341,active,15294,700,8064,16786,-4,95,63.4,60.4,No,2400,2400,0,5476,125
07:33:48.337,active,15296,770,11806,16785,-4,95,63.4,59.9,No,2400,2400,0,5475,125
07:33:49.337,active,15296,708,11806,16785,-4,95,63.4,58.2,No,2400,2400,0,5479,125
07:33:50.341,active,15294,740,11362,16785,-6,95,62.8,58.0,No,2400,2400,0,5481,125
07:33:51.337,active,15299,678,10956,16784,-4,95,61.1,57.6,No,2400,2400,0,5488,125
07:33:52.337,active,15299,742,11400,16785,-3,95,62.8,60.0,No,2400,2400,0,5483,125
07:33:53.341,active,15305,756,11554,16785,-3,95,63.4,60.0,No,2400,2400,0,5488,125
07:33:54.337,active,15277,680,10416,16785,-4,95,63.4,58.5,No,2400,2400,0,5492,125
07:33:55.337,active,15314,836,12790,16785,0,95,63.9,58.4,No,2400,2400,0,5496,125
07:33:56.341,active,15309,688,10572,16785,-4,95,63.4,59.4,No,2400,2400,0,5496,125
07:33:57.337,active,15314,614,9394,16784,-3,95,63.4,57.8,No,2400,2400,0,5501,125
07:33:58.337,active,15301,500,7678,16787,0,95,63.9,58.6,No,2400,2400,0,5507,125
07:33:59.341,active,15311,550,8410,16787,0,95,63.9,57.8,No,2400,2400,0,5501,125
07:34:00.337,active,15307,494,7580,16787,0,95,63.9,57.0,No,2400,2400,0,5513,125
07:34:01.337,active,15316,484,7426,16787,0,95,63.4,55.0,No,2400,2400,0,5507,125
07:34:02.343,active,15307,718,10340,16786,0,95,62.8,54.4,No,2400,2400,0,5506,125
07:34:03.337,active,15299,672,10320,16786,0,95,64.5,59.1,No,2400,2400,0,5510,125
07:34:04.337,active,15301,684,10706,16785,0,95,63.9,55.3,No,2400,2400,0,5509,125
07:34:05.341,active,15299,752,11536,16786,0,95,63.4,52.3,No,2400,2400,0,5515,125
07:34:06.337,active,15307,706,11208,16787,4,95,62.8,51.2,No,2400,2400,0,5522,125
07:34:07.342,active,15268,882,13504,16787,3,95,63.4,52.9,No,2400,2400,0,5518,125
07:34:08.337,active,15281,794,10532,16786,-3,95,62.8,53.0,No,2400,2400,0,5522,125
07:34:09.337,active,15260,764,11690,16786,0,95,63.4,54.7,No,2400,2400,0,5531,125
07:34:10.341,active,15264,866,10744,16786,0,95,63.4,54.4,No,2400,2400,0,5510,125
07:34:11.337,active,15346,484,7446,16786,-3,95,63.4,51.8,No,2400,2400,0,5516,125
07:34:12.337,active,15292,710,8024,16785,-4,95,63.9,55.0,No,2400,2400,0,5519,125
07:34:13.338,active,15354,496,7638,16786,0,95,62.8,52.5,No,2400,2400,0,5523,125
07:34:14.337,active,15296,650,8006,16786,0,95,62.2,54.1,No,2400,2400,0,5528,125
07:34:15.341,active,15322,502,7716,16785,0,95,63.9,54.1,No,2400,2400,0,5523,125
07:34:16.337,active,15294,472,7716,16787,0,95,63.4,54.3,No,2400,2400,0,5525,125
07:34:17.337,active,15290,748,11458,16786,0,95,63.4,53.7,No,2400,2400,0,5521,125
07:34:18.338,active,15301,700,11304,16785,0,95,62.8,53.7,No,2400,2400,0,5515,125
07:34:19.337,active,15294,728,11170,16786,0,95,63.4,53.2,No,2400,2400,0,5524,125
07:34:20.337,active,15299,766,8372,16787,0,95,62.8,52.4,No,2400,2400,0,5531,125
07:34:21.340,active,15253,678,10358,16788,0,95,64.5,52.4,No,2400,2400,0,5527,125
07:34:22.338,active,15305,798,12192,16786,0,95,63.4,51.8,No,2400,2400,0,5523,125
07:34:23.337,active,15305,516,7928,16785,-4,95,63.4,51.4,No,2400,2400,0,5522,125
07:34:24.342,active,15301,818,12500,16786,0,95,62.8,52.6,No,2400,2400,0,5527,125
07:34:25.337,sleep,15294,478,7330,16786,0,95,60.6,10.8,No,2400,2400,0,5568,125
07:34:26.337,sleep,15296,490,7504,16788,6,95,59.0,0.0,No,2400,2400,0,5576,125
07:34:27.337,sleep,15288,484,7426,16790,8,95,57.9,0.5,No,2400,2400,0,5573,125
07:34:28.337,sleep,15301,274,7620,16789,6,95,57.9,0.0,No,2400,2400,0,5582,125
07:34:29.337,sleep,15292,472,7234,16789,10,95,58.4,-0.0,No,2400,2400,0,5579,125
07:34:30.337,sleep,15294,416,6404,16789,12,95,55.6,0.3,No,1500,2400,0,5588,125
07:34:31.337,sleep,15286,398,7632,16787,12,95,55.1,0.3,No,1500,2400,0,5589,125
07:34:32.337,sleep,15283,468,7176,16789,13,95,55.1,0.0,No,1500,2400,0,5586,125
07:34:33.337,sleep,15292,448,6866,16789,12,95,54.0,0.3,No,1500,2400,0,5581,125
07:34:34.337,sleep,15292,344,5286,16791,17,95,53.5,0.0,No,1500,2400,0,4302,75
07:34:35.337,sleep,15290,414,6346,16789,16,95,54.0,0.3,No,1500,2400,0,3556,75
07:34:36.337,sleep,15292,548,8410,16789,16,95,53.5,-0.0,No,1500,2400,0,3436,75
07:34:37.337,sleep,15288,482,7388,16788,15,95,52.9,0.3,No,1500,2400,0,3428,75
07:34:38.337,sleep,15301,476,7292,16789,12,95,52.9,0.3,No,1500,2400,0,3408,75
07:34:39.337,sleep,15296,434,8410,16789,11,95,52.9,-0.0,No,1500,2400,0,3412,75
07:34:40.341,active,15303,578,8874,16786,0,95,57.3,52.4,No,2400,2400,0,3379,75
07:34:41.338,active,15303,708,7060,16785,-13,95,57.9,57.1,No,2400,2400,0,3356,75
07:34:42.337,active,15296,638,9780,16785,-7,95,59.5,57.0,No,2400,2400,0,3340,75
07:34:43.340,active,15294,714,8120,16785,-9,95,59.5,57.0,No,2400,2400,0,4193,125
07:34:44.341,active,15303,692,10628,16785,-10,95,60.6,56.6,No,2400,2400,0,5383,125
07:34:45.337,active,15299,756,10784,16786,-9,95,60.6,56.9,No,2400,2400,0,5473,125
07:34:46.341,active,15296,718,11014,16786,-8,95,61.1,56.9,No,2400,2400,0,5470,125
07:34:47.337,active,15299,720,11612,16786,-6,95,61.1,60.2,No,2400,2400,0,5465,125
07:34:48.337,active,15299,714,10956,16785,-5,95,61.1,57.8,No,2400,2400,0,5469,125
07:34:49.341,active,15320,732,11208,16785,-6,95,62.2,58.1,No,2400,2400,0,5469,125
07:34:50.337,active,15316,626,9626,16786,-4,95,62.2,57.1,No,2400,2400,0,5465,125
07:34:51.338,active,15314,696,10668,16786,0,95,61.7,56.8,No,2400,2400,0,5465,125
07:34:52.337,active,15309,474,7292,16785,-5,95,61.1,56.5,No,2400,2400,0,5471,125
07:34:53.337,active,15316,584,8932,16785,-3,95,62.2,58.1,No,2400,2400,0,5475,125
07:34:54.337,active,15309,494,10396,16786,0,95,63.4,59.8,No,2400,2400,0,5469,125
07:34:55.337,active,15320,484,7446,16786,0,95,63.9,59.5,No,2400,2400,0,5470,125
07:34:56.339,active,15314,482,7388,16786,0,95,63.4,59.1,No,2400,2400,0,5485,125
07:34:57.338,active,15320,448,6886,16788,3,95,62.8,57.7,No,2400,2400,0,5486,125
07:34:58.339,active,15273,818,10300,16786,0,95,62.2,57.4,No,2400,2400,0,5489,125
07:34:59.337,active,15309,770,11824,16785,0,95,62.8,58.8,No,2400,2400,0,5492,125
07:35:00.341,active,15277,934,11690,16785,0,95,63.4,59.1,No,2400,2400,0,5486,125
07:35:01.337,active,15283,760,11652,16785,0,95,63.9,59.0,No,2400,2400,0,5488,125
07:35:02.337,active,15268,924,11478,16786,0,95,63.4,58.5,No,2400,2400,0,5493,125
07:35:03.341,active,15279,862,13194,16786,-3,95,62.8,58.6,No,2400,2400,0,5500,125
07:35:04.337,active,15273,772,14584,16786,-4,95,63.4,59.0,No,2400,2400,0,5503,125
07:35:05.337,active,15279,946,14468,16786,0,95,63.9,59.3,No,2400,2400,0,5492,125
07:35:06.341,active,15275,860,12076,16786,0,95,63.9,58.9,No,2400,2400,0,5501,125
07:35:07.337,active,15357,510,7850,16785,0,95,62.2,57.8,No,2400,2400,0,5510,125
07:35:08.337,active,15296,492,7562,16786,0,95,63.9,57.4,No,2400,2400,0,5509,125
07:35:09.343,active,15292,574,8816,16785,-6,95,62.8,54.8,No,2400,2400,0,5519,125
07:35:10.337,active,15290,506,7466,16786,0,95,62.2,55.1,No,2400,2400,0,5518,125
07:35:11.340,active,15299,704,10784,16787,0,95,62.8,59.1,No,2400,2400,0,5515,125
07:35:12.341,active,15292,586,9008,16786,0,95,62.8,53.9,No,2400,2400,0,5513,125
07:35:13.337,active,15296,680,10436,16787,0,95,63.4,51.4,No,2400,2400,0,5524,125
07:35:14.342,active,15296,526,8082,16787,0,95,62.8,51.4,No,2400,2400,0,5524,125
07:35:15.337,active,15290,756,11612,16787,0,95,62.2,51.5,No,2400,2400,0,5515,125
07:35:16.337,active,15303,766,11768,16786,-4,95,62.2,52.6,No,2400,2400,0,5521,125
07:35:17.337,active,15309,588,13388,16786,0,95,64.5,51.9,No,2400,2400,0,5520,125
07:35:18.337,active,15303,800,12230,16784,0,95,62.8,51.5,No,2400,2400,0,5520,125
07:35:19.341,active,15303,552,12596,16786,0,95,63.4,51.4,No,2400,2400,0,5515,125
07:35:20.341,active,15281,696,10668,16787,0,95,62.8,51.4,No,2400,2400,0,5523,125
07:35:21.337,active,15305,494,13734,16787,0,95,62.8,52.1,No,2400,2400,0,5525,125
07:35:22.337,active,15301,498,7638,16787,3,95,62.8,52.4,No,2400,2400,0,5522,125
07:35:23.337,active,15303,494,11786,16786,3,95,62.8,51.7,No,2400,2400,0,5528,125
07:35:24.337,active,15301,568,8718,16786,0,95,63.9,51.3,No,2400,2400,0,5531,125
07:35:25.341,active,15311,494,10416,16787,3,95,63.9,51.5,No,2400,2400,0,5534,125
07:35:26.337,active,15299,762,11670,16786,0,95,62.2,51.4,No,2400,2400,0,5535,125
07:35:27.337,active,15305,742,11382,16787,0,95,62.2,52.7,No,2400,2400,0,5523,125
07:35:28.337,active,15299,720,11034,16787,0,95,62.8,54.8,No,2400,2400,0,5526,125
07:35:29.337,active,15294,730,11208,16787,3,95,63.4,53.7,No,2400,2400,0,5526,125
07:35:30.338,active,15264,922,14102,16787,0,95,62.8,55.2,No,2400,2400,0,5526,125
07:35:31.342,active,15271,716,10996,16786,0,95,62.8,56.2,No,2400,2400,0,5530,125
07:35:32.337,active,15309,718,11034,16787,0,95,62.8,53.6,No,2400,2400,0,5533,125
07:35:33.337,active,15256,788,12096,16787,0,95,62.8,53.0,No,2400,2400,0,5530,125
07:35:34.338,active,15277,800,11612,16786,0,95,63.9,54.0,No,2400,2400,0,5528,125
07:35:35.341,active,15352,452,6982,16786,-5,95,63.9,56.3,No,2400,2400,0,5540,125
07:35:36.337,active,15333,448,7638,16785,-5,95,63.4,56.8,No,2400,2400,0,5527,125
07:35:37.338,active,15339,512,7870,16786,0,95,63.4,52.5,No,2400,2400,0,5530,125
07:35:38.337,active,15292,704,7716,16786,0,95,63.4,53.4,No,2400,2400,0,5544,125
07:35:39.338,active,15352,488,7504,16787,0,95,63.9,53.8,No,2400,2400,0,5540,125
07:35:40.337,sleep,15290,494,7002,16789,13,95,60.6,11.5,No,2400,2400,0,5573,125
07:35:41.337,sleep,15292,440,6752,16789,15,95,59.0,-0.0,No,2400,2400,0,5579,125
07:35:42.337,sleep,15296,504,7870,16789,16,95,57.9,0.3,No,2400,2400,0,5585,125
07:35:43.337,sleep,15294,506,7774,16789,13,95,57.3,0.0,No,2400,2400,0,5579,125
07:35:44.337,sleep,15299,514,7890,16788,11,95,57.3,0.3,No,2400,2400,0,5576,125
07:35:45.337,sleep,15290,526,8064,16790,14,95,55.6,0.0,No,1500,2400,0,5592,125
07:35:46.337,sleep,15290,508,7792,16790,18,95,55.1,0.3,No,1500,2400,0,5597,125
07:35:47.337,sleep,15292,552,8468,16791,16,95,54.5,0.0,No,1500,2400,0,5607,125
07:35:48.337,sleep,15292,182,2796,16791,19,95,55.1,0.5,No,1500,2400,0,3940,75
07:35:49.337,sleep,15288,206,3182,16790,19,95,54.0,0.3,No,1500,2400,0,3504,75
07:35:50.337,sleep,15292,378,5806,16790,18,95,54.0,-0.0,No,1500,2400,0,3432,75
07:35:51.337,sleep,15286,466,7138,16790,18,95,54.0,0.0,No,1500,2400,0,3415,75
07:35:52.337,sleep,15292,272,4166,16791,19,95,52.9,0.3,No,1500,2400,0,3402,75
07:35:53.337,sleep,15292,328,5864,16791,17,95,53.5,0.0,No,1500,2400,0,3409,75
07:35:54.337,sleep,15296,436,6674,16790,16,95,53.5,0.2,No,1500,2400,0,3402,75
07:35:55.337,active,15288,694,10918,16786,0,95,57.9,52.6,No,2400,2400,0,3367,75
07:35:56.337,active,15307,682,10456,16786,-6,95,59.0,57.6,No,2400,2400,0,3357,75
07:35:57.337,active,15273,852,9742,16786,-5,95,59.0,57.1,No,2400,2400,0,3337,75
07:35:58.340,active,15307,690,10590,16787,-3,95,59.5,58.1,No,2400,2400,0,3336,75
07:35:59.337,active,15266,918,11170,16788,0,95,58.4,57.8,No,2400,2400,0,4736,125
07:36:00.337,active,15277,762,11670,16787,-4,95,60.6,57.4,No,2400,2400,0,5410,125
07:36:01.337,active,15266,948,11748,16787,0,95,61.1,57.6,No,2400,2400,0,5459,125
07:36:02.337,active,15275,912,13966,16787,0,95,61.1,58.1,No,2400,2400,0,5450,125
07:36:03.339,active,15296,584,8970,16785,0,95,61.7,59.0,No,2400,2400,0,5454,125
07:36:04.341,active,15296,790,12134,16786,0,95,61.7,59.1,No,2400,2400,0,5452,125
07:36:05.337,active,15294,524,8064,16787,0,95,61.1,58.2,No,2400,2400,0,5458,125
07:36:06.337,active,15294,736,11284,16787,-4,95,61.7,59.9,No,2400,2400,0,5453,125
07:36:07.341,active,15294,508,7812,16787,0,95,62.8,58.3,No,2400,2400,0,5455,125
07:36:08.337,active,15296,750,11516,16787,0,95,61.7,58.4,No,2400,2400,0,5453,125
07:36:09.338,active,15296,696,10668,16787,0,95,62.8,60.3,No,2400,2400,0,5460,125
07:36:10.340,active,15294,768,11768,16787,4,95,61.7,58.7,No,2400,2400,0,5462,125
07:36:11.337,active,15305,744,11400,16787,0,95,62.2,60.4,No,2400,2400,0,5457,125
07:36:12.340,active,15258,672,14256,16787,0,95,62.8,59.1,No,2400,2400,0,5471,125
07:36:13.341,active,15262,858,13118,16786,0,95,63.4,58.2,No,2400,2400,0,5478,125
07:36:14.337,active,15281,646,10668,16786,-3,95,63.9,59.3,No,2400,2400,0,5461,125
07:36:15.341,active,15260,722,11054,16785,0,95,63.4,57.6,No,2400,2400,0,5484,125
07:36:16.338,active,15303,546,11188,16786,-4,95,61.7,56.3,No,2400,2400,0,5482,125
07:36:17.337,active,15271,654,9992,16787,0,95,62.2,56.7,No,2400,2400,0,5491,125
07:36:18.340,active,15307,542,13464,16788,0,95,63.4,56.0,No,2400,2400,0,5477,125
07:36:19.341,active,15301,614,9414,16786,0,95,62.8,56.0,No,2400,2400,0,5496,125
07:36:20.337,active,15305,510,10648,16787,0,95,62.8,58.4,No,2400,2400,0,5499,125
07:36:21.342,active,15296,820,6654,16788,0,95,62.2,51.4,No,2400,2400,0,5496,125
07:36:22.337,active,15299,698,10706,16787,3,95,62.2,51.4,No,2400,2400,0,5513,125
07:36:23.337,active,15296,756,11612,16787,3,95,61.7,52.4,No,2400,2400,0,5505,125
07:36:24.337,active,15299,724,11092,16786,0,95,63.4,52.1,No,2400,2400,0,5508,125
07:36:25.337,active,15266,994,10898,16787,0,95,63.4,55.8,No,2400,2400,0,5501,125
07:36:26.337,active,15279,858,13136,16787,0,95,62.8,54.1,No,2400,2400,0,5510,125
07:36:27.343,active,15305,690,10378,16787,0,95,62.2,55.2,No,2400,2400,0,5504,125
07:36:28.337,active,15271,728,11170,16786,0,95,61.7,56.3,No,2400,2400,0,5502,125
07:36:29.337,active,15303,642,11652,16786,0,95,62.8,55.2,No,2400,2400,0,5500,125
07:36:30.341,active,15264,884,13542,16785,-5,95,62.8,55.2,No,2400,2400,0,5511,125
07:36:31.337,active,15352,516,7928,16785,-4,95,63.4,55.3,No,2400,2400,0,5503,125
07:36:32.341,active,15329,420,6462,16785,-6,95,63.4,54.1,No,2400,2400,0,5506,125
07:36:33.337,active,15350,504,7736,16786,-6,95,62.2,51.6,No,2400,2400,0,5514,125
07:36:34.337,active,15341,516,7928,16787,0,95,62.2,53.1,No,2400,2400,0,5517,125
07:36:35.337,active,15299,456,7022,16787,-4,95,63.4,52.7,No,2400,2400,0,5517,125
07:36:36.337,active,15301,738,11304,16786,-4,95,63.4,55.2,No,2400,2400,0,5511,125
07:36:37.338,active,15292,534,8218,16786,0,95,62.8,56.3,No,2400,2400,0,5513,125
07:36:38.342,active,15322,470,7214,16786,-3,95,62.8,55.0,No,2400,2400,0,5515,125
07:36:39.337,active,15258,498,7658,16787,0,95,62.2,52.8,No,2400,2400,0,5535,125
07:36:40.337,active,15230,828,13330,16787,0,95,63.4,52.8,No,2400,2400,0,5525,125
07:36:41.337,active,15258,916,14024,16787,0,95,63.4,52.2,No,2400,2400,0,5527,125
07:36:42.337,active,15241,720,14256,16786,0,95,62.8,52.1,No,2400,2400,0,5522,125
07:36:43.341,active,15249,958,14642,16787,0,95,62.2,52.3,No,2400,2400,0,5522,125
07:36:44.337,active,15253,546,13542,16787,0,95,62.2,52.3,No,2400,2400,0,5531,125
07:36:45.337,active,15241,932,14236,16787,0,95,62.8,53.3,No,2400,2400,0,5525,125
07:36:46.337,active,15303,498,11670,16788,0,95,63.4,53.6,No,2400,2400,0,5527,125
07:36:47.337,active,15301,684,10494,16788,0,95,62.8,53.0,No,2400,2400,0,5527,125
07:36:48.340,active,15301,460,11806,16786,0,95,63.4,53.2,No,2400,2400,0,5527,125
07:36:49.337,active,15301,680,10416,16786,0,95,62.8,55.4,No,2400,2400,0,5521,125
07:36:50.337,active,15279,702,10764,16786,0,95,62.2,58.0,No,2400,2400,0,5520,125
07:36:51.337,active,15296,700,10744,16786,0,95,63.4,58.1,No,2400,2400,0,5515,125
07:36:52.337,active,15279,726,10860,16787,0,95,63.4,56.6,No,2400,2400,0,5514,125
07:36:53.339,active,15307,764,11728,16787,0,95,63.4,57.2,No,2400,2400,0,5526,125
07:36:54.339,active,15266,714,11382,16788,0,95,64.5,56.9,No,2400,2400,0,5525,125
07:36:55.337,sleep,15294,532,8160,16789,8,95,60.0,14.9,No,2400,2400,0,5567,125
07:36:56.337,sleep,15290,492,8082,16789,13,95,58.4,0.0,No,2400,2400,0,5574,125
07:36:57.337,sleep,15286,532,8160,16790,15,95,58.4,-0.0,No,2400,2400,0,5573,125
07:36:58.337,sleep,15301,414,6346,16790,15,95,57.9,0.0,No,2400,2400,0,5560,125
07:36:59.337,sleep,15292,552,6420,16789,13,95,56.8,0.0,No,2400,2400,0,5568,125
07:37:00.337,sleep,15294,402,6172,16790,14,95,56.2,0.3,No,1500,2400,0,5566,125
07:37:01.337,sleep,15292,414,6346,16789,14,95,55.1,-0.0,No,1500,2400,0,5584,125
07:37:02.337,sleep,15290,496,7620,16789,15,95,54.5,0.3,No,1500,2400,0,5499,75
07:37:03.337,sleep,15283,378,5786,16791,23,95,54.0,-0.0,No,1500,2400,0,3754,75
07:37:04.337,sleep,15283,512,7850,16791,20,95,53.5,0.3,No,1500,2400,0,3480,75
07:37:05.337,sleep,15296,564,8642,16792,19,95,54.0,0.0,No,1500,2400,0,3438,75
07:37:06.337,sleep,15290,500,7658,16791,17,95,53.5,-0.0,No,1500,2400,0,3425,75
07:37:07.337,sleep,15294,330,5054,16791,20,95,52.4,0.3,No,1500,2400,0,3412,75
07:37:08.337,sleep,15286,504,7736,16791,19,95,52.9,0.2,No,1500,2400,0,3416,75
07:37:09.337,sleep,15296,384,5922,16792,22,95,51.8,0.0,No,1500,2400,0,3414,75
07:37:10.340,active,15258,670,10244,16787,7,95,56.8,49.9,No,2400,2400,0,3356,75
07:37:11.341,active,15275,650,10706,16785,-7,95,57.9,59.6,No,2400,2400,0,3353,75
07:37:12.337,active,15258,662,10146,16785,-5,95,58.4,59.4,No,2400,2400,0,3346,75
07:37:13.337,active,15307,456,12424,16786,0,95,59.5,60.4,No,2400,2400,0,3330,75
07:37:14.341,active,15260,746,11420,16787,0,95,60.0,58.9,No,2400,2400,0,3322,75
07:37:15.337,active,15311,538,11226,16786,0,95,60.6,58.7,No,2400,2400,0,5053,125
07:37:16.344,active,15309,568,8718,16787,-6,95,61.7,59.5,No,2400,2400,0,5421,125
07:37:17.340,active,15303,732,11246,16787,0,95,60.6,58.3,No,2400,2400,0,5449,125
07:37:18.337,active,15301,728,11170,16787,0,95,61.1,59.1,No,2400,2400,0,5441,125
07:37:19.341,active,15294,686,10532,16787,0,95,61.1,58.9,No,2400,2400,0,5435,125
07:37:20.340,active,15305,718,11014,16788,0,95,61.1,59.2,No,2400,2400,0,5438,125
07:37:21.340,active,15305,718,11014,16786,0,95,61.7,58.2,No,2400,2400,0,5438,125
07:37:22.338,active,15307,688,10552,16786,0,95,61.7,58.7,No,2400,2400,0,5448,125
07:37:23.338,active,15260,744,11420,16787,0,95,62.2,58.3,No,2400,2400,0,5453,125
07:37:24.337,active,15305,700,10744,16786,0,95,62.2,59.4,No,2400,2400,0,5446,125
07:37:25.341,active,15268,744,11440,16787,0,95,62.8,58.3,No,2400,2400,0,5455,125
07:37:26.341,active,15344,478,8294,16787,0,95,62.2,55.1,No,2400,2400,0,5455,125
07:37:27.339,active,15324,450,6924,16788,3,95,62.2,56.0,No,2400,2400,0,5463,125
07:37:28.342,active,15346,564,7408,16786,0,95,61.7,58.0,No,2400,2400,0,5466,125
07:37:29.337,active,15322,510,7850,16786,0,95,62.2,55.7,No,2400,2400,0,5468,125
07:37:30.341,active,15305,524,8506,16785,-9,95,63.4,56.2,No,2400,2400,0,5467,125
07:37:31.341,active,15337,454,6982,16785,-3,95,62.8,52.3,No,2400,2400,0,5471,125
07:37:32.341,active,15299,642,8024,16786,-5,95,62.2,51.5,No,2400,2400,0,5477,125
07:37:33.337,active,15348,536,8256,16787,-3,95,61.7,51.5,No,2400,2400,0,5482,125
07:37:34.343,active,15290,696,7792,16788,0,95,62.2,51.7,No,2400,2400,0,5490,125
07:37:35.337,active,15253,784,13022,16786,-6,95,62.2,54.9,No,2400,2400,0,5479,125
07:37:36.341,active,15256,806,12326,16786,0,95,62.8,56.4,No,2400,2400,0,5485,125
07:37:37.341,active,15260,662,12268,16785,0,95,62.8,58.1,No,2400,2400,0,5487,125
07:37:38.341,active,15303,926,14178,16786,0,95,62.8,57.8,No,2400,2400,0,5499,125
07:37:39.337,active,15281,708,10822,16787,0,95,62.2,55.9,No,2400,2400,0,5501,125
07:37:40.337,active,15305,802,12250,16787,0,95,62.2,53.9,No,2400,2400,0,5492,125
07:37:41.341,active,15307,718,12404,16787,0,95,62.8,56.9,No,2400,2400,0,5487,125
07:37:42.341,active,15307,704,10764,16786,0,95,63.9,54.9,No,2400,2400,0,5499,125
07:37:43.337,active,15301,508,15008,16786,0,95,63.4,53.1,No,2400,2400,0,5499,125
07:37:44.337,active,15301,580,8874,16788,0,95,63.4,55.9,No,2400,2400,0,5505,125
07:37:45.339,active,15303,692,10610,16788,0,95,62.2,54.5,No,2400,2400,0,5508,125
07:37:46.337,active,15303,658,10088,16787,-3,95,62.2,54.7,No,2400,2400,0,5509,125
07:37:47.337,active,15294,726,11130,16787,0,95,62.8,52.7,No,2400,2400,0,5511,125
07:37:48.338,active,15292,746,11440,16786,3,95,63.4,52.3,No,2400,2400,0,5510,125
07:37:49.337,active,15303,738,11304,16786,0,95,63.4,52.8,No,2400,2400,0,5508,125
07:37:50.341,active,15307,740,11362,16786,0,95,62.8,55.3,No,2400,2400,0,5516,125
07:37:51.337,active,15307,674,10340,16788,0,95,61.7,55.5,No,2400,2400,0,5515,125
07:37:52.337,active,15277,876,13406,16787,0,95,63.9,58.5,No,2400,2400,0,5514,125
07:37:53.341,active,15292,798,12230,16787,0,95,63.9,55.3,No,2400,2400,0,5519,125
07:37:54.337,active,15337,484,7330,16786,0,95,63.4,58.8,No,2400,2400,0,5514,125
07:37:55.341,active,15329,516,7928,16786,0,95,63.4,58.6,No,2400,2400,0,5514,125
07:37:56.337,active,15296,718,7620,16787,0,95,62.8,56.9,No,2400,2400,0,5522,125
07:37:57.337,active,15346,504,7754,16788,0,95,62.8,58.0,No,2400,2400,0,5519,125
07:37:58.338,active,15294,704,8468,16787,0,95,63.4,57.2,No,2400,2400,0,5521,125
07:37:59.341,active,15352,520,8024,16788,0,95,64.5,57.6,No,2400,2400,0,5517,125
07:38:00.337,active,15299,694,7542,16787,0,95,62.8,57.7,No,2400,2400,0,5511,125
07:38:01.337,active,15294,718,10996,16786,0,95,62.8,58.4,No,2400,2400,0,5521,125
07:38:02.338,active,15296,762,7292,16787,0,95,62.8,57.6,No,2400,2400,0,5517,125
07:38:03.337,active,15256,818,11220,16788,0,95,63.9,57.4,No,2400,2400,0,5520,125
07:38:04.341,active,15260,732,11226,16788,0,95,65.0,57.3,No,2400,2400,0,5525,125
07:38:05.337,active,15262,752,13546,16787,0,95,63.9,56.4,No,2400,2400,0,5533,125
07:38:06.338,active,15260,754,11536,16787,3,95,63.4,57.0,No,2400,2400,0,5526,125
07:38:07.338,active,15264,620,11710,16786,0,95,62.8,57.6,No,2400,2400,0,5522,125
07:38:08.337,active,15316,806,12326,16788,3,95,63.9,57.7,No,2400,2400,0,5535,125
07:38:09.337,active,15277,778,10918,16788,0,95,63.9,57.1,No,2400,2400,0,5528,125
07:38:10.337,sleep,15299,484,7426,16789,5,95,60.6,14.9,No,2400,2400,0,5561,125
07:38:11.337,sleep,15299,578,8044,16789,14,95,59.5,-0.0,No,2400,2400,0,5573,125
07:38:12.337,sleep,15296,414,6346,16789,14,95,58.4,0.3,No,2400,2400,0,5576,125
07:38:13.337,sleep,15290,388,5960,16788,8,95,57.9,0.0,No,2400,2400,0,5576,125
07:38:14.337,sleep,15288,502,7696,16789,9,95,56.8,0.0,No,2400,2400,0,5585,125
07:38:15.337,sleep,15294,398,6114,16790,12,95,55.6,-0.0,No,1500,2400,0,5594,125
07:38:16.337,sleep,15292,408,6250,16790,14,95,55.1,0.0,No,1500,2400,0,4694,75
07:38:17.337,sleep,15292,498,7658,16790,12,95,54.5,0.3,No,1500,2400,0,3630,75
07:38:18.337,sleep,15290,342,5246,16790,15,95,54.0,0.0,No,1500,2400,0,3453,75
07:38:19.337,sleep,15296,332,5112,16790,19,95,55.1,0.3,No,1500,2400,0,3425,75
07:38:20.337,sleep,15292,316,4842,16792,22,95,54.0,0.2,No,1500,2400,0,3421,75
07:38:21.337,sleep,15294,356,5458,16792,19,95,52.9,0.0,No,1500,2400,0,3416,75
07:38:22.337,sleep,15294,562,7908,16792,17,95,52.9,-0.0,No,1500,2400,0,3400,75
07:38:23.337,sleep,15292,464,7118,16791,17,95,54.5,0.3,No,1500,2400,0,3399,75
07:38:24.337,sleep,15294,326,6134,16790,13,95,52.4,0.3,No,1500,2400,0,3382,75
07:38:25.337,active,15301,450,6906,16785,0,95,56.8,48.0,No,2400,2400,0,3359,75
07:38:26.337,active,15339,520,7388,16786,-8,95,58.4,60.0,No,2400,2400,0,3323,75
07:38:27.337,active,15348,482,7408,16786,-4,95,60.0,58.2,No,2400,2400,0,3329,75
07:38:28.341,active,15299,700,7292,16788,0,95,58.4,59.1,No,2400,2400,0,3369,125
07:38:29.341,active,15294,492,7562,16787,-6,95,60.0,59.1,No,2400,2400,0,5253,125
07:38:30.338,active,15292,776,7194,16787,-4,95,60.0,57.8,No,2400,2400,0,5436,125
07:38:31.337,active,15262,980,14988,16787,0,95,59.5,58.4,No,2400,2400,0,5452,125
07:38:32.341,active,15253,962,14718,16786,0,95,61.7,58.7,No,2400,2400,0,5437,125
07:38:33.337,active,15273,812,12442,16788,0,95,61.1,56.5,No,2400,2400,0,5442,125
07:38:34.337,active,15247,942,14410,16787,-3,95,61.1,56.2,No,2400,2400,0,5445,125
07:38:35.343,active,15245,834,12732,16787,-3,95,61.1,54.8,No,2400,2400,0,5441,125
07:38:36.337,active,15260,850,13002,16788,0,95,61.1,56.7,No,2400,2400,0,5445,125
07:38:37.337,active,15253,820,12538,16787,0,95,61.7,59.9,No,2400,2400,0,5451,125
07:38:38.341,active,15303,896,13696,16786,0,95,61.7,54.0,No,2400,2400,0,5449,125
07:38:39.337,active,15258,690,10552,16787,0,95,62.2,51.3,No,2400,2400,0,5460,125
07:38:40.338,active,15292,726,11112,16787,0,95,61.7,51.4,No,2400,2400,0,5467,125
07:38:41.337,active,15301,680,8372,16786,-4,95,61.1,51.4,No,2400,2400,0,5465,125
07:38:42.337,active,15296,734,11266,16787,-3,95,61.7,52.6,No,2400,2400,0,5470,125
07:38:43.339,active,15299,802,11612,16786,0,95,61.7,52.3,No,2400,2400,0,5473,125
07:38:44.337,active,15292,690,10572,16786,0,95,62.2,51.4,No,2400,2400,0,5478,125
07:38:45.339,active,15294,732,10842,16786,0,95,61.7,51.4,No,2400,2400,0,5481,125
07:38:46.341,active,15292,716,10976,16786,0,95,62.2,51.4,No,2400,2400,0,5483,125
07:38:47.337,active,15301,716,10436,16786,-6,95,61.1,51.4,No,2400,2400,0,5480,125
07:38:48.337,active,15299,740,11342,16787,-4,95,62.2,52.4,No,2400,2400,0,5484,125
07:38:49.337,active,15309,538,8256,16786,-6,95,62.8,52.1,No,2400,2400,0,5486,125
07:38:50.337,active,15311,468,8662,16787,0,95,63.4,51.4,No,2400,2400,0,5494,125
07:38:51.341,active,15324,508,7792,16786,-4,95,62.2,51.8,No,2400,2400,0,5488,125
07:38:52.337,active,15320,508,6694,16785,-5,95,61.1,54.1,No,2400,2400,0,5490,125
07:38:53.337,active,15303,484,7426,16787,0,95,61.7,52.6,No,2400,2400,0,5494,125
07:38:54.337,active,15314,524,7446,16787,0,95,63.4,52.7,No,2400,2400,0,5492,125
07:38:55.337,active,15311,530,8120,16786,0,95,62.8,51.9,No,2400,2400,0,5496,125
07:38:56.337,active,15320,486,9028,16786,0,95,62.2,51.8,No,2400,2400,0,5501,125
07:38:57.341,active,15305,530,8140,16786,-3,95,61.7,51.9,No,2400,2400,0,5508,125
07:38:58.337,active,15258,650,9992,16786,-3,95,61.7,51.7,No,2400,2400,0,5507,125
07:38:59.337,active,15262,928,14218,16786,0,95,62.2,52.2,No,2400,2400,0,5516,125
07:39:00.337,active,15249,750,11498,16786,-3,95,62.2,52.3,No,2400,2400,0,5511,125
07:39:01.337,active,15258,832,12732,16786,0,95,62.8,52.1,No,2400,2400,0,5508,125
07:39:02.340,active,15238,922,14120,16786,-3,95,62.2,52.9,No,2400,2400,0,5515,125
07:39:03.342,active,15256,770,11768,16786,-7,95,61.7,52.1,No,2400,2400,0,5516,125
07:39:04.337,active,15253,722,11072,16785,-5,95,62.8,56.8,No,2400,2400,0,5518,125
07:39:05.341,active,15256,718,10976,16785,-7,95,63.4,58.4,No,2400,2400,0,5511,125
07:39:06.337,active,15262,746,11420,16787,-4,95,62.8,57.4,No,2400,2400,0,5507,125
07:39:07.337,active,15262,694,10628,16787,0,95,63.9,57.4,No,2400,2400,0,5511,125
07:39:08.341,active,15294,732,11246,16787,0,95,62.2,57.2,No,2400,2400,0,5521,125
07:39:09.337,active,15296,706,10976,16785,-3,95,62.2,57.2,No,2400,2400,0,5514,125
07:39:10.337,active,15307,784,12018,16785,0,95,62.8,58.2,No,2400,2400,0,5516,125
07:39:11.341,active,15299,724,11072,16785,-3,95,63.4,56.8,No,2400,2400,0,5517,125
07:39:12.337,active,15309,694,10628,16786,-6,95,64.5,57.2,No,2400,2400,0,5527,125
07:39:13.338,active,15309,706,10532,16786,-5,95,63.4,57.0,No,2400,2400,0,5516,125
07:39:14.337,active,15279,782,11980,16786,0,95,63.4,56.7,No,2400,2400,0,5531,125
07:39:15.337,active,15305,696,10918,16785,0,95,63.4,58.6,No,2400,2400,0,5513,125
07:39:16.337,active,15281,686,10532,16786,0,95,63.9,58.1,No,2400,2400,0,5520,125
07:39:17.337,active,15318,646,9916,16787,0,95,63.9,57.2,No,2400,2400,0,5523,125
07:39:18.339,active,15311,508,7812,16786,0,95,63.9,57.6,No,2400,2400,0,5518,125
07:39:19.337,active,15326,264,7234,16786,0,95,63.9,56.9,No,2400,2400,0,5527,125
07:39:20.338,active,15316,486,7466,16786,0,95,63.4,57.8,No,2400,2400,0,5526,125
07:39:21.337,active,15341,718,8834,16786,0,95,63.9,58.0,No,2400,2400,0,5520,125
07:39:22.337,active,15322,530,8160,16786,0,95,63.9,56.7,No,2400,2400,0,5519,125
07:39:23.337,active,15350,542,8564,16786,0,95,64.5,57.0,No,2400,2400,0,5520,125
07:39:24.340,active,15322,502,7696,16787,0,95,64.5,56.4,No,2400,2400,0,5522,125
07:39:25.337,sleep,15292,470,7716,16788,5,95,60.6,17.2,No,2400,2400,0,5560,125
07:39:26.337,sleep,15290,404,6192,16788,12,95,59.0,-0.0,No,2400,2400,0,5575,125
07:39:27.337,sleep,15288,560,8564,16788,5,95,57.9,0.3,No,2400,2400,0,5567,125
07:39:28.337,sleep,15288,502,7696,16789,11,95,57.9,0.3,No,2400,2400,0,5573,125
07:39:29.337,sleep,15294,468,7156,16788,6,95,56.8,0.0,No,2400,2400,0,5574,125
07:39:30.337,sleep,15286,358,5478,16789,10,95,56.2,0.2,No,1500,2400,0,5581,125
07:39:31.337,sleep,15296,492,7522,16788,8,95,55.6,0.0,No,1500,2400,0,5589,125
07:39:32.337,sleep,15294,542,8314,16788,10,95,55.6,0.2,No,1500,2400,0,5595,125
07:39:33.337,sleep,15296,336,5170,16789,14,95,54.5,0.0,No,1500,2400,0,4290,75
07:39:34.337,sleep,15294,248,3818,16789,15,95,54.0,0.3,No,1500,2400,0,3559,75
07:39:35.337,sleep,15296,318,5342,16790,13,95,54.0,0.3,No,1500,2400,0,3445,75
07:39:36.337,sleep,15290,320,6096,16790,14,95,53.5,0.3,No,1500,2400,0,3418,75
07:39:37.337,sleep,15292,410,6288,16790,10,95,52.9,0.0,No,1500,2400,0,3422,75
07:39:38.337,sleep,15296,496,5808,16790,13,95,53.5,0.5,No,1500,2400,0,3415,75
07:39:39.337,sleep,15290,250,3818,16789,16,95,52.9,0.3,No,1500,2400,0,3401,75
07:39:40.341,active,15299,694,10392,16787,7,95,56.8,46.7,No,2400,2400,0,3370,75
07:39:41.338,active,15305,750,11498,16787,-4,95,57.3,57.7,No,2400,2400,0,3345,75
07:39:42.337,active,15294,720,11034,16787,-3,95,57.3,56.6,No,2400,2400,0,3354,75
07:39:43.337,active,15307,676,10358,16786,-4,95,58.4,56.6,No,2400,2400,0,4129,125
07:39:44.337,active,15301,644,9876,16786,0,95,59.5,55.2,No,2400,2400,0,5373,125
07:39:45.337,active,15305,468,7194,16787,0,95,60.0,56.5,No,2400,2400,0,5475,125
07:39:46.337,active,15311,492,8468,16787,0,95,61.1,54.9,No,2400,2400,0,5470,125
07:39:47.341,active,15305,472,7234,16787,0,95,59.5,51.4,No,2400,2400,0,5465,125
07:39:48.337,active,15316,480,7022,16787,0,95,60.0,51.5,No,2400,2400,0,5462,125
07:39:49.337,active,15309,440,6752,16787,0,95,60.6,52.4,No,2400,2400,0,5464,125
07:39:50.337,active,15316,520,7966,16788,0,95,61.7,52.4,No,2400,2400,0,5462,125
07:39:51.337,active,15318,522,8024,16787,0,95,61.1,51.4,No,2400,2400,0,5463,125
07:39:52.338,active,15326,536,8006,16787,0,95,61.7,56.8,No,2400,2400,0,5457,125
07:39:53.341,active,15316,496,7620,16787,-3,95,61.1,53.4,No,2400,2400,0,5462,125
07:39:54.337,active,15260,688,10552,16787,0,95,60.6,54.8,No,2400,2400,0,5460,125
07:39:55.337,active,15273,764,11690,16788,-3,95,62.2,55.8,No,2400,2400,0,5476,125
07:39:56.337,active,15258,814,12462,16787,-7,95,62.2,55.7,No,2400,2400,0,5477,125
07:39:57.337,active,15256,800,12250,16786,-4,95,62.2,53.8,No,2400,2400,0,5476,125
07:39:58.338,active,15268,812,12424,16785,-3,95,62.2,55.5,No,2400,2400,0,5470,125
07:39:59.343,active,15234,728,11130,16784,-10,95,61.7,53.8,No,2400,2400,0,5478,125
07:40:00.337,active,15288,880,13446,16786,-6,95,62.2,53.6,No,2400,2400,0,5491,125
07:40:01.340,active,15241,736,13530,16786,-6,95,63.4,53.7,No,2400,2400,0,5493,125
07:40:02.341,active,15311,692,10572,16786,-10,95,62.2,55.6,No,2400,2400,0,5505,125
07:40:03.338,active,15251,604,10796,16785,-5,95,62.2,55.4,No,2400,2400,0,5502,125
07:40:04.342,active,15294,776,11902,16786,-4,95,62.2,54.8,No,2400,2400,0,5505,125
07:40:05.337,active,15296,804,10494,16785,-5,95,61.7,52.2,No,2400,2400,0,5500,125
07:40:06.337,active,15296,712,10918,16786,-7,95,62.2,52.4,No,2400,2400,0,5488,125
07:40:07.341,active,15296,754,11382,16787,0,95,63.4,52.2,No,2400,2400,0,5487,125
07:40:08.337,active,15296,744,11420,16786,0,95,62.2,51.5,No,2400,2400,0,5503,125
07:40:09.337,active,15299,662,10668,16786,0,95,61.7,52.3,No,2400,2400,0,5506,125
07:40:10.342,active,15301,658,10108,16785,0,95,61.7,52.1,No,2400,2400,0,5509,125
07:40:11.337,active,15296,682,10610,16786,-3,95,62.2,54.7,No,2400,2400,0,5514,125
07:40:12.337,active,15299,704,10802,16786,0,95,63.4,53.6,No,2400,2400,0,5514,125
07:40:13.341,active,15314,494,7580,16786,0,95,61.7,53.3,No,2400,2400,0,5527,125
07:40:14.337,active,15307,518,10166,16786,0,95,62.8,52.9,No,2400,2400,0,5515,125
07:40:15.338,active,15320,492,7562,16787,0,95,62.2,53.2,No,2400,2400,0,5523,125
07:40:16.337,active,15322,482,6538,16786,-3,95,62.2,56.1,No,2400,2400,0,5515,125
07:40:17.337,active,15357,468,7194,16787,0,95,62.8,57.4,No,2400,2400,0,5510,125
07:40:18.341,active,15326,544,7870,16785,-4,95,63.4,58.5,No,2400,2400,0,5512,125
07:40:19.337,active,15326,488,7504,16785,-4,95,63.4,57.6,No,2400,2400,0,5514,125
07:40:20.338,active,15354,574,7522,16786,-4,95,63.9,56.9,No,2400,2400,0,5514,125
07:40:21.344,active,15311,528,8120,16786,-4,95,62.8,57.1,No,2400,2400,0,5516,125
07:40:22.337,active,15256,970,14854,16787,0,95,62.8,57.3,No,2400,2400,0,5520,125
07:40:23.339,active,15277,754,11554,16787,-3,95,64.5,57.9,No,2400,2400,0,5507,125
07:40:24.341,active,15279,920,14082,16786,-5,95,63.4,57.0,No,2400,2400,0,5512,125
07:40:25.337,active,15273,762,11670,16786,0,95,63.9,57.7,No,2400,2400,0,5517,125
07:40:26.338,active,15262,852,13040,16787,0,95,62.8,57.0,No,2400,2400,0,5516,125
07:40:27.337,active,15258,858,13118,16786,0,95,62.8,57.1,No,2400,2400,0,5525,125
07:40:28.337,active,15277,708,10842,16787,0,95,63.9,57.4,No,2400,2400,0,5513,125
07:40:29.339,active,15260,714,14778,16786,0,95,63.9,57.5,No,2400,2400,0,5516,125
07:40:30.337,active,15303,802,12268,16786,-4,95,64.5,56.5,No,2400,2400,0,5527,125
07:40:31.340,active,15294,862,11536,16786,0,95,63.9,56.4,No,2400,2400,0,5526,125
07:40:32.340,active,15292,728,11150,16786,0,95,63.4,56.7,No,2400,2400,0,5516,125
07:40:33.337,active,15296,730,11478,16785,0,95,63.4,57.3,No,2400,2400,0,5522,125
07:40:34.340,active,15301,688,10552,16786,-3,95,63.9,57.6,No,2400,2400,0,5520,125
07:40:35.337,active,15303,536,9760,16787,-4,95,64.5,57.8,No,2400,2400,0,5525,125
07:40:36.339,active,15303,780,11960,16785,-5,95,63.9,58.6,No,2400,2400,0,5535,125
07:40:37.340,active,15305,718,10726,16785,-4,95,63.4,58.9,No,2400,2400,0,5525,125
07:40:38.337,active,15299,714,10956,16786,0,95,63.9,58.1,No,2400,2400,0,5526,125
07:40:39.337,active,15303,672,11342,16785,0,95,63.9,59.2,No,2400,2400,0,5526,125
07:40:40.337,sleep,15296,518,6770,16789,8,95,60.0,21.1,No,2400,2400,0,5564,125
07:40:41.337,sleep,15290,438,6732,16790,10,95,59.5,0.0,No,2400,2400,0,5575,125
07:40:42.337,sleep,15292,478,6442,16790,12,95,58.4,0.3,No,2400,2400,0,5577,125
07:40:43.337,sleep,15294,524,8044,16789,12,95,57.9,-0.0,No,2400,2400,0,5563,125
07:40:44.337,sleep,15294,452,7484,16788,9,95,57.3,0.0,No,2400,2400,0,5577,125
07:40:45.337,sleep,15290,422,6462,16789,11,95,55.6,0.3,No,1500,2400,0,5588,125
07:40:46.337,sleep,15290,528,7350,16789,15,95,56.2,0.3,No,1500,2400,0,5592,125
07:40:47.337,sleep,15290,414,6346,16790,15,95,55.6,-0.0,No,1500,2400,0,5594,125
07:40:48.337,sleep,15296,422,4900,16791,18,95,54.0,0.3,No,1500,2400,0,3960,75
07:40:49.337,sleep,15296,252,3876,16790,15,95,54.5,0.0,No,1500,2400,0,3505,75
07:40:50.337,sleep,15292,534,8198,16790,18,95,53.5,0.3,No,1500,2400,0,3414,75
07:40:51.337,sleep,15296,320,4900,16789,14,95,52.9,0.0,No,1500,2400,0,3416,75
07:40:52.337,sleep,15294,298,4590,16790,16,95,53.5,0.0,No,1500,2400,0,3416,75
07:40:53.337,sleep,15294,466,7156,16791,16,95,53.5,0.5,No,1500,2400,0,3423,75
07:40:54.337,sleep,15296,446,6828,16792,19,95,52.9,0.5,No,1500,2400,0,3400,75
07:40:55.337,active,15260,810,12384,16788,5,95,55.6,40.7,No,2400,2400,0,3367,75
07:40:56.337,active,15256,716,10996,16786,-9,95,57.3,52.3,No,2400,2400,0,3347,75
07:40:57.341,active,15245,828,12654,16787,-7,95,58.4,52.2,No,2400,2400,0,3348,75
07:40:58.341,active,15253,880,13446,16786,-3,95,59.5,51.3,No,2400,2400,0,3344,75
07:40:59.337,active,15296,584,7832,16787,-3,95,59.5,51.4,No,2400,2400,0,3334,75
07:41:00.343,active,15292,512,7850,16787,-4,95,59.0,51.8,No,2400,2400,0,3338,75
07:41:01.337,active,15294,502,6810,16786,-4,95,59.0,51.7,No,2400,2400,0,4620,125
07:41:02.337,active,15292,762,11670,16785,0,95,60.6,52.3,No,2400,2400,0,5393,125
07:41:03.341,active,15292,404,7118,16786,-4,95,59.5,51.9,No,2400,2400,0,5444,125
07:41:04.337,active,15294,724,11112,16786,-8,95,60.0,51.3,No,2400,2400,0,5436,125
07:41:05.338,active,15301,834,12770,16787,-6,95,61.1,51.4,No,2400,2400,0,5436,125
07:41:06.337,active,15294,702,10744,16787,-3,95,60.6,51.5,No,2400,2400,0,5437,125
07:41:07.337,active,15296,736,11284,16786,0,95,61.1,52.3,No,2400,2400,0,5443,125
07:41:08.340,active,15303,460,11980,16785,-3,95,61.1,52.2,No,2400,2400,0,5437,125
07:41:09.341,active,15326,568,8680,16785,-6,95,62.2,53.6,No,2400,2400,0,5440,125
07:41:10.337,active,15303,538,12558,16787,-6,95,61.7,52.6,No,2400,2400,0,5444,125
07:41:11.339,active,15311,516,7908,16788,0,95,61.1,55.5,No,2400,2400,0,5444,125
07:41:12.337,active,15301,494,10686,16787,0,95,61.7,53.1,No,2400,2400,0,5455,125
07:41:13.337,active,15301,476,7310,16785,0,95,60.6,52.7,No,2400,2400,0,5457,125
07:41:14.341,active,15305,430,12210,16787,0,95,61.7,52.2,No,2400,2400,0,5460,125
07:41:15.337,active,15305,470,7194,16787,0,95,61.7,51.3,No,2400,2400,0,5470,125
07:41:16.337,active,15311,500,8584,16787,0,95,61.1,52.0,No,2400,2400,0,5477,125
07:41:17.342,active,15301,646,9896,16786,-3,95,62.2,55.3,No,2400,2400,0,5469,125
07:41:18.337,active,15299,700,10726,16787,0,95,62.2,55.0,No,2400,2400,0,5473,125
07:41:19.337,active,15305,770,11806,16787,0,95,61.1,53.1,No,2400,2400,0,5478,125
07:41:20.341,active,15266,692,10610,16788,0,95,62.8,52.6,No,2400,2400,0,5483,125
07:41:21.337,active,15301,660,12176,16787,0,95,61.7,52.1,No,2400,2400,0,5480,125
07:41:22.338,active,15249,626,9606,16786,0,95,61.7,53.0,No,2400,2400,0,5474,125
07:41:23.337,active,15253,966,11670,16788,0,95,61.7,53.2,No,2400,2400,0,5485,125
07:41:24.337,active,15247,852,13040,16788,4,95,61.7,54.2,No,2400,2400,0,5488,125
07:41:25.341,active,15264,820,14082,16788,0,95,62.8,58.1,No,2400,2400,0,5490,125
07:41:26.337,active,15294,560,8584,16788,0,95,63.9,57.9,No,2400,2400,0,5496,125
07:41:27.337,active,15292,268,6790,16787,0,95,62.8,57.8,No,2400,2400,0,5491,125
07:41:28.337,active,15292,720,11054,16788,0,95,62.8,56.8,No,2400,2400,0,5487,125
07:41:29.337,active,15296,808,12384,16788,0,95,62.8,57.6,No,2400,2400,0,5495,125
07:41:30.341,active,15301,688,10552,16789,0,95,63.4,57.7,No,2400,2400,0,5497,125
07:41:31.337,active,15303,774,11864,16787,-4,95,63.4,57.6,No,2400,2400,0,5493,125
07:41:32.337,active,15294,722,11072,16786,0,95,63.4,56.4,No,2400,2400,0,5501,125
07:41:33.341,active,15299,678,10398,16785,0,95,63.4,57.6,No,2400,2400,0,5504,125
07:41:34.337,active,15296,678,10398,16786,0,95,62.2,56.9,No,2400,2400,0,5502,125
07:41:35.337,active,15301,720,11034,16786,0,95,63.4,58.5,No,2400,2400,0,5500,125
07:41:36.341,active,15311,556,12230,16787,0,95,63.4,57.7,No,2400,2400,0,5508,125
07:41:37.337,active,15258,680,10416,16788,0,95,63.4,54.5,No,2400,2400,0,5509,125
07:41:38.337,active,15299,518,11960,16786,0,95,62.2,52.0,No,2400,2400,0,5507,125
07:41:39.342,active,15288,636,9742,16786,-3,95,62.8,56.5,No,2400,2400,0,5494,125
07:41:40.337,active,15301,440,11208,16787,0,95,61.7,52.7,No,2400,2400,0,5504,125
07:41:41.337,active,15303,434,6674,16787,0,95,63.4,53.1,No,2400,2400,0,5520,125
07:41:42.339,active,15305,516,10262,16788,0,95,62.8,52.5,No,2400,2400,0,5519,125
07:41:43.337,active,15301,550,8448,16786,4,95,62.8,52.0,No,2400,2400,0,5517,125
07:41:44.338,active,15307,498,9336,16788,6,95,62.2,52.4,No,2400,2400,0,5521,125
07:41:45.337,active,15296,682,10456,16787,0,95,61.7,53.3,No,2400,2400,0,5519,125
07:41:46.337,active,15309,776,11922,16787,0,95,62.2,54.8,No,2400,2400,0,5523,125
07:41:47.337,active,15301,694,10648,16786,0,95,63.4,55.2,No,2400,2400,0,5529,125
07:41:48.337,active,15286,858,13136,16787,0,95,62.8,54.6,No,2400,2400,0,5520,125
07:41:49.337,active,15299,750,11498,16787,0,95,62.8,54.6,No,2400,2400,0,5528,125
07:41:50.341,active,15262,734,11266,16787,0,95,62.2,54.1,No,2400,2400,0,5527,125
07:41:51.337,active,15264,966,14776,16788,0,95,63.4,58.5,No,2400,2400,0,5521,125
07:41:52.337,active,15258,758,11612,16788,0,95,63.4,58.8,No,2400,2400,0,5524,125
07:41:53.337,active,15277,832,12732,16788,0,95,63.9,59.2,No,2400,2400,0,5523,125
07:41:54.340,active,15301,518,12210,16787,0,95,63.4,58.3,No,2400,2400,0,5522,125
07:41:55.337,sleep,15294,514,7774,16789,7,95,60.6,22.1,No,2400,2400,0,5555,125
07:41:56.337,sleep,15292,566,8680,16791,14,95,58.4,0.0,No,2400,2400,0,5564,125
07:41:57.337,sleep,15294,568,7966,16791,18,95,57.3,0.3,No,2400,2400,0,5577,125
07:41:58.337,sleep,15292,478,7330,16790,14,95,56.8,0.3,No,2400,2400,0,5577,125
07:41:59.337,sleep,15292,536,7426,16789,11,95,57.3,0.0,No,2400,2400,0,5572,125
07:42:00.337,sleep,15283,424,6500,16789,12,95,55.6,-0.0,No,1500,2400,0,5583,125
07:42:01.337,sleep,15290,416,6636,16789,16,95,55.1,0.0,No,1500,2400,0,5590,125
07:42:02.337,sleep,15294,340,5208,16790,15,95,55.1,0.3,No,1500,2400,0,5522,75
07:42:03.337,sleep,15294,538,8236,16791,20,95,54.0,1.0,No,1500,2400,0,3753,75
07:42:04.337,sleep,15292,328,6058,16791,16,95,54.5,0.0,No,1500,2400,0,3467,75
07:42:05.337,sleep,15294,482,7388,16790,17,95,54.0,0.3,No,1500,2400,0,3426,75
07:42:06.337,sleep,15296,482,5616,16790,15,95,53.5,0.3,No,1500,2400,0,3423,75
07:42:07.337,sleep,15294,616,9472,16790,14,95,53.5,0.3,No,1500,2400,0,3416,75
07:42:08.337,sleep,15290,310,8642,16790,15,95,53.5,0.0,No,1500,2400,0,3413,75
07:42:09.337,sleep,15283,326,4996,16791,17,95,51.8,-0.0,No,1500,2400,0,3405,75
07:42:10.337,active,15299,526,11498,16786,3,95,56.2,41.4,No,2400,2400,0,3382,75
07:42:11.337,active,15309,474,7292,16787,0,95,58.4,55.6,No,2400,2400,0,3353,75
07:42:12.341,active,15309,498,8604,16787,0,95,59.0,55.0,No,2400,2400,0,3335,75
07:42:13.337,active,15305,706,10842,16787,0,95,58.4,55.5,No,2400,2400,0,3336,75
07:42:14.337,active,15262,646,9916,16789,0,95,60.6,59.0,No,2400,2400,0,5076,125
07:42:15.337,active,15294,648,9954,16789,0,95,60.0,55.4,No,2400,2400,0,5431,125
07:42:16.337,active,15305,744,11420,16788,0,95,60.6,51.3,No,2400,2400,0,5463,125
07:42:17.339,active,15299,672,10320,16786,-4,95,59.5,51.7,No,2400,2400,0,5463,125
07:42:18.338,active,15283,742,11382,16787,-3,95,61.1,51.4,No,2400,2400,0,5461,125
07:42:19.337,active,15303,678,10398,16787,0,95,59.5,51.9,No,2400,2400,0,5450,125
07:42:20.337,active,15266,734,11246,16788,0,95,61.7,52.3,No,2400,2400,0,5457,125
07:42:21.337,active,15305,658,10088,16786,0,95,61.7,54.5,No,2400,2400,0,5459,125
07:42:22.338,active,15296,638,9800,16788,0,95,62.8,57.4,No,2400,2400,0,5459,125
07:42:23.341,active,15294,726,7522,16787,0,95,62.2,55.1,No,2400,2400,0,5453,125
07:42:24.342,active,15326,504,7736,16787,-5,95,61.1,54.0,No,2400,2400,0,5459,125
07:42:25.337,active,15307,484,7080,16786,-5,95,61.7,52.4,No,2400,2400,0,5466,125
07:42:26.341,active,15339,442,6790,16786,0,95,62.2,52.3,No,2400,2400,0,5471,125
07:42:27.338,active,15296,728,7792,16787,0,95,61.1,52.3,No,2400,2400,0,5473,125
07:42:28.337,active,15344,480,7388,16787,0,95,61.7,53.5,No,2400,2400,0,5479,125
07:42:29.342,active,15290,738,7580,16788,0,95,61.7,53.3,No,2400,2400,0,5480,125
07:42:30.337,active,15294,746,11440,16788,0,95,61.1,53.0,No,2400,2400,0,5486,125
07:42:31.337,active,15294,950,14526,16788,0,95,62.2,54.0,No,2400,2400,0,5484,125
07:42:32.341,active,15249,706,11826,16788,3,95,62.2,54.6,No,2400,2400,0,5496,125
07:42:33.337,active,15314,716,10956,16787,0,95,62.8,58.0,No,2400,2400,0,5483,125
07:42:34.337,active,15251,572,12342,16788,0,95,62.2,58.3,No,2400,2400,0,5486,125
07:42:35.338,active,15309,730,11170,16786,0,95,61.7,56.6,No,2400,2400,0,5501,125
07:42:36.337,active,15311,526,11960,16786,0,95,62.2,59.4,No,2400,2400,0,5481,125
07:42:37.341,active,15314,658,10088,16786,-4,95,62.8,57.9,No,2400,2400,0,5490,125
07:42:38.337,active,15307,522,11574,16785,-6,95,62.8,57.7,No,2400,2400,0,5485,125
07:42:39.337,active,15311,676,10378,16786,-5,95,63.4,55.4,No,2400,2400,0,5501,125
07:42:40.338,active,15299,756,11594,16785,-4,95,62.2,51.5,No,2400,2400,0,5501,125
07:42:41.337,active,15294,752,11536,16788,0,95,61.7,51.5,No,2400,2400,0,5507,125
07:42:42.337,active,15296,640,9818,16788,0,95,62.2,52.4,No,2400,2400,0,5505,125
07:42:43.341,active,15292,702,10764,16788,0,95,62.8,52.0,No,2400,2400,0,5513,125
07:42:44.341,active,15275,744,11420,16788,0,95,63.4,56.5,No,2400,2400,0,5492,125
07:42:45.341,active,15309,716,10976,16787,0,95,63.9,57.0,No,2400,2400,0,5507,125
07:42:46.340,active,15277,724,11112,16787,0,95,62.8,56.9,No,2400,2400,0,5507,125
07:42:47.337,active,15277,934,14314,16787,0,95,63.4,57.1,No,2400,2400,0,5507,125
07:42:48.339,active,15266,764,11710,16787,0,95,63.9,57.5,No,2400,2400,0,5512,125
07:42:49.337,active,15301,550,7928,16787,0,95,62.8,58.1,No,2400,2400,0,5498,125
07:42:50.340,active,15341,552,8488,16787,0,95,63.9,56.5,No,2400,2400,0,5509,125
07:42:51.341,active,15294,478,7408,16786,0,95,62.8,56.6,No,2400,2400,0,5516,125
07:42:52.337,active,15348,442,6810,16786,-3,95,62.8,56.6,No,2400,2400,0,5512,125
07:42:53.337,active,15292,312,7696,16787,0,95,64.5,58.3,No,2400,2400,0,5514,125
07:42:54.341,active,15292,596,9144,16787,4,95,63.9,57.8,No,2400,2400,0,5515,125
07:42:55.337,active,15301,534,8218,16788,3,95,63.4,59.7,No,2400,2400,0,5510,125
07:42:56.338,active,15296,742,11400,16788,0,95,62.8,58.5,No,2400,2400,0,5518,125
07:42:57.340,active,15296,532,8178,16786,0,95,63.4,58.1,No,2400,2400,0,5510,125
07:42:58.337,active,15294,706,10842,16786,0,95,63.4,59.7,No,2400,2400,0,5514,125
07:42:59.340,active,15281,718,11014,16786,0,95,63.4,58.9,No,2400,2400,0,5519,125
07:43:00.341,active,15253,798,13214,16787,0,95,63.9,59.2,No,2400,2400,0,5523,125
07:43:01.337,active,15264,912,13966,16788,0,95,63.9,59.1,No,2400,2400,0,5517,125
07:43:02.341,active,15251,656,12906,16787,0,95,61.7,57.9,No,2400,2400,0,5517,125
07:43:03.338,active,15258,866,13252,16787,0,95,62.8,58.5,No,2400,2400,0,5513,125
07:43:04.337,active,15256,622,12520,16786,0,95,63.4,59.1,No,2400,2400,0,5518,125
07:43:05.341,active,15258,666,10166,16786,0,95,63.4,58.7,No,2400,2400,0,5525,125
07:43:06.337,active,15307,506,12038,16787,0,95,63.9,58.3,No,2400,2400,0,5524,125
07:43:07.337,active,15275,680,10416,16787,0,95,63.9,58.7,No,2400,2400,0,5531,125
07:43:08.338,active,15296,716,10996,16787,4,95,62.8,55.6,No,2400,2400,0,5523,125
07:43:09.337,active,15301,716,10976,16786,0,95,62.8,55.3,No,2400,2400,0,5526,125
07:43:10.337,sleep,15299,504,7736,16789,8,95,60.0,22.2,No,2400,2400,0,5563,125
07:43:11.337,sleep,15290,538,8256,16790,18,95,59.0,0.2,No,2400,2400,0,5566,125
07:43:12.337,sleep,15292,508,7792,16790,17,95,58.4,0.3,No,2400,2400,0,5571,125
07:43:13.337,sleep,15290,542,8294,16790,13,95,56.8,0.0,No,2400,2400,0,5559,125
07:43:14.337,sleep,15288,546,8392,16790,12,95,56.8,0.0,No,2400,2400,0,5574,125
07:43:15.337,sleep,15286,422,6462,16790,17,95,55.6,0.3,No,1500,2400,0,5582,125
07:43:16.337,sleep,15288,494,7580,16791,21,95,55.1,-0.0,No,1500,2400,0,4730,75
07:43:17.337,sleep,15292,586,6616,16792,21,95,54.5,0.0,No,1500,2400,0,3603,75
07:43:18.337,sleep,15288,502,7678,16791,19,95,55.1,0.3,No,1500,2400,0,3456,75
07:43:19.337,sleep,15296,500,6442,16791,18,95,54.5,-0.0,No,1500,2400,0,3422,75
07:43:20.337,sleep,15288,374,5728,16790,16,95,54.0,0.3,No,1500,2400,0,3413,75
07:43:21.337,sleep,15292,438,9086,16791,17,95,52.9,0.0,No,1500,2400,0,3414,75
07:43:22.337,sleep,15299,422,6462,16791,18,95,52.9,0.0,No,1500,2400,0,3389,75
07:43:23.337,sleep,15294,300,4088,16791,18,95,52.9,0.3,No,1500,2400,0,3377,75
07:43:24.337,sleep,15294,522,8006,16791,17,95,52.4,0.3,No,1500,2400,0,3383,75
07:43:25.343,active,15299,714,7890,16788,7,95,56.2,38.4,No,2400,2400,0,3355,75
07:43:26.337,active,15249,526,8082,16788,-3,95,56.8,53.0,No,2400,2400,0,3329,75
07:43:27.337,active,15236,818,13426,16787,-3,95,59.0,52.3,No,2400,2400,0,3322,75
07:43:28.341,active,15247,884,13522,16787,-5,95,59.5,51.7,No,2400,2400,0,3326,75
07:43:29.337,active,15266,922,14082,16788,-5,95,59.5,53.7,No,2400,2400,0,3316,125
07:43:30.341,active,15230,806,12308,16788,-3,95,59.5,53.9,No,2400,2400,0,5230,125
07:43:31.337,active,15299,902,13792,16787,-6,95,59.0,52.6,No,2400,2400,0,5437,125
07:43:32.337,active,15243,844,12886,16787,0,95,60.6,52.6,No,2400,2400,0,5455,125
07:43:33.337,active,15299,772,11786,16786,0,95,61.1,52.4,No,2400,2400,0,5450,125
07:43:34.337,active,15251,692,10572,16788,0,95,61.7,51.2,No,2400,2400,0,5458,125
07:43:35.340,active,15301,692,10590,16789,0,95,59.5,54.9,No,2400,2400,0,5447,125
07:43:36.338,active,15301,730,10358,16787,0,95,60.0,54.8,No,2400,2400,0,5447,125
07:43:37.337,active,15299,788,12076,16786,-5,95,61.1,56.4,No,2400,2400,0,5456,125
07:43:38.338,active,15303,786,12038,16785,-3,95,61.7,56.4,No,2400,2400,0,5454,125
07:43:39.341,active,15296,680,10436,16786,-5,95,62.2,57.1,No,2400,2400,0,5445,125
07:43:40.337,active,15309,788,10224,16787,-4,95,62.8,58.0,No,2400,2400,0,5443,125
07:43:41.338,active,15301,738,11324,16787,-8,95,62.2,56.1,No,2400,2400,0,5455,125
07:43:42.338,active,15305,826,10300,16786,-4,95,61.1,56.9,No,2400,2400,0,5457,125
07:43:43.337,active,15299,662,10166,16786,-5,95,62.2,58.4,No,2400,2400,0,5459,125
07:43:44.341,active,15275,726,12250,16787,0,95,62.8,58.7,No,2400,2400,0,5468,125
07:43:45.341,active,15299,630,9664,16786,-6,95,63.4,58.4,No,2400,2400,0,5460,125
07:43:46.339,active,15299,484,7446,16785,-7,95,62.8,57.3,No,2400,2400,0,5466,125
07:43:47.344,active,15348,508,7832,16786,-7,95,63.4,57.8,No,2400,2400,0,5465,125
07:43:48.337,active,15350,470,7214,16788,-7,95,62.8,54.9,No,2400,2400,0,5482,125
07:43:49.337,active,15324,538,8276,16787,-4,95,62.8,52.3,No,2400,2400,0,5486,125
07:43:50.339,active,15311,454,6982,16787,0,95,62.8,51.9,No,2400,2400,0,5479,125
07:43:51.337,active,15346,506,7774,16787,0,95,62.8,51.2,No,2400,2400,0,5481,125
07:43:52.337,active,15290,568,8718,16787,0,95,62.8,51.8,No,2400,2400,0,5488,125
07:43:53.338,active,15303,706,10842,16787,0,95,62.2,54.8,No,2400,2400,0,5488,125
07:43:54.337,active,15288,806,12366,16787,0,95,63.4,57.0,No,2400,2400,0,5487,125
07:43:55.341,active,15266,782,10802,16786,-7,95,62.8,57.7,No,2400,2400,0,5493,125
07:43:56.337,active,15266,772,11824,16785,-9,95,63.4,57.1,No,2400,2400,0,5502,125
07:43:57.337,active,15260,664,12384,16785,-9,95,62.8,58.1,No,2400,2400,0,5517,125
07:43:58.341,active,15262,726,11112,16786,-6,95,62.8,57.6,No,2400,2400,0,5506,125
07:43:59.337,active,15256,538,10340,16786,-8,95,62.8,57.6,No,2400,2400,0,5527,125
07:44:00.337,active,15260,716,10938,16787,-6,95,62.8,57.6,No,2400,2400,0,5497,125
07:44:01.337,active,15316,544,11072,16787,-4,95,63.4,57.4,No,2400,2400,0,5498,125
07:44:02.337,active,15277,672,10282,16785,0,95,63.4,58.4,No,2400,2400,0,5500,125
07:44:03.338,active,15311,540,9858,16787,0,95,62.8,58.6,No,2400,2400,0,5506,125
07:44:04.338,active,15301,668,10398,16786,-4,95,62.8,59.0,No,2400,2400,0,5506,125
07:44:05.337,active,15316,686,10532,16786,-4,95,62.8,58.3,No,2400,2400,0,5523,125
07:44:06.337,active,15303,720,11670,16784,-13,95,63.4,59.8,No,2400,2400,0,5513,125
07:44:07.337,active,15283,718,11014,16785,-12,95,63.4,58.1,No,2400,2400,0,5511,125
07:44:08.340,active,15311,722,11034,16785,-6,95,63.4,59.1,No,2400,2400,0,5512,125
07:44:09.338,active,15273,812,12462,16787,-3,95,63.4,58.9,No,2400,2400,0,5511,125
07:44:10.337,active,15307,752,12538,16786,0,95,63.4,58.3,No,2400,2400,0,5515,125
07:44:11.337,active,15264,772,11824,16787,0,95,63.4,59.2,No,2400,2400,0,5513,125
07:44:12.340,active,15277,830,9394,16787,-3,95,63.9,59.7,No,2400,2400,0,5514,125
07:44:13.337,active,15331,448,6906,16786,-3,95,63.9,58.4,No,2400,2400,0,5513,125
07:44:14.341,active,15352,516,7928,16785,-6,95,63.9,58.5,No,2400,2400,0,5522,125
07:44:15.341,active,15352,526,8102,16785,-6,95,63.4,58.3,No,2400,2400,0,5517,125
07:44:16.337,active,15357,530,8140,16786,0,95,63.4,57.7,No,2400,2400,0,5518,125
07:44:17.337,active,15359,574,8854,16787,-3,95,63.4,57.2,No,2400,2400,0,5514,125
07:44:18.341,active,15311,526,8082,16787,-5,95,63.4,54.5,No,2400,2400,0,5513,125
07:44:19.337,active,15348,476,7330,16785,-6,95,63.4,55.9,No,2400,2400,0,5514,125
07:44:20.338,active,15294,510,7832,16785,-9,95,62.8,56.9,No,2400,2400,0,5526,125
07:44:21.337,active,15354,472,7272,16784,-5,95,62.2,57.1,No,2400,2400,0,5525,125
07:44:22.337,active,15260,938,14352,16785,-5,95,62.8,52.3,No,2400,2400,0,5529,125
07:44:23.337,active,15256,808,11382,16786,-5,95,63.4,52.4,No,2400,2400,0,5529,125
07:44:24.337,active,15260,964,14758,16786,-4,95,62.8,51.4,No,2400,2400,0,5523,125
07:44:25.337,sleep,15299,422,8372,16787,0,95,59.5,22.2,No,2400,2400,0,5555,125
07:44:26.337,sleep,15286,496,7600,16787,8,95,59.0,0.0,No,2400,2400,0,5571,125
07:44:27.337,sleep,15296,720,7850,16788,8,95,58.4,0.0,No,2400,2400,0,5564,125
07:44:28.337,sleep,15288,448,6886,16788,7,95,57.9,0.0,No,2400,2400,0,5574,125
07:44:29.337,sleep,15294,480,7388,16789,8,95,57.3,0.0,No,2400,2400,0,5567,125
07:44:30.337,sleep,15292,550,8430,16787,6,95,56.2,0.2,No,1500,2400,0,5576,125
07:44:31.337,sleep,15294,286,4398,16789,12,95,54.5,0.0,No,1500,2400,0,5584,125
07:44:32.337,sleep,15288,516,7138,16788,9,95,54.5,0.3,No,1500,2400,0,5581,125
07:44:33.337,sleep,15296,272,4186,16789,13,95,54.5,0.0,No,1500,2400,0,4295,75
07:44:34.337,sleep,15292,370,7994,16790,14,95,55.1,0.3,No,1500,2400,0,3536,75
07:44:35.337,sleep,15290,370,5670,16790,11,95,53.5,0.0,No,1500,2400,0,3429,75
07:44:36.337,sleep,15296,382,5884,16790,11,95,53.5,0.0,No,1500,2400,0,3414,75
07:44:37.337,sleep,15292,474,7292,16790,13,95,53.5,0.3,No,1500,2400,0,3408,75
07:44:38.337,sleep,15290,556,8546,16790,13,95,52.9,0.0,No,1500,2400,0,3419,75
07:44:39.337,sleep,15290,358,5478,16789,12,95,52.4,0.3,No,1500,2400,0,3410,75
07:44:40.337,active,15271,836,12808,16787,10,95,56.8,39.6,No,2400,2400,0,3372,75
07:44:41.337,active,15314,478,7350,16786,-9,95,58.4,56.1,No,2400,2400,0,3353,75
07:44:42.338,active,15320,504,5940,16786,-7,95,59.0,55.6,No,2400,2400,0,3340,75
07:44:43.342,active,15322,550,8430,16785,-9,95,59.0,55.4,No,2400,2400,0,3328,75
07:44:44.337,active,15326,436,6154,16785,-8,95,59.5,56.4,No,2400,2400,0,3332,75
07:44:45.338,active,15348,484,7446,16786,-5,95,61.1,57.0,No,2400,2400,0,3882,125
07:44:46.341,active,15292,526,7368,16785,-6,95,61.1,57.4,No,2400,2400,0,5331,125
07:44:47.337,active,15346,572,8796,16785,-7,95,60.6,56.7,No,2400,2400,0,5441,125
07:44:48.338,active,15290,838,8700,16785,-9,95,61.7,57.5,No,2400,2400,0,5441,125
07:44:49.337,active,15296,682,10474,16785,-7,95,60.6,57.2,No,2400,2400,0,5441,125
07:44:50.339,active,15264,864,13214,16785,-7,95,61.7,58.6,No,2400,2400,0,5439,125
07:44:51.341,active,15262,772,11824,16786,-8,95,62.2,58.0,No,2400,2400,0,5441,125
07:44:52.337,active,15262,798,12210,16786,-4,95,62.2,56.3,No,2400,2400,0,5454,125
07:44:53.343,active,15271,674,11108,16785,-5,95,61.1,57.1,No,2400,2400,0,5449,125
07:44:54.337,active,15268,776,11882,16785,-6,95,61.7,57.4,No,2400,2400,0,5465,125
07:44:55.337,active,15247,656,12808,16785,-10,95,61.7,57.9,No,2400,2400,0,5460,125
07:44:56.339,active,15316,762,11652,16785,-8,95,62.8,57.3,No,2400,2400,0,5451,125
07:44:57.337,active,15262,684,10996,16785,-8,95,63.4,57.4,No,2400,2400,0,5444,125
07:44:58.339,active,15307,712,10898,16785,-3,95,63.4,56.8,No,2400,2400,0,5459,125
07:44:59.340,active,15301,716,10976,16785,-4,95,62.8,57.0,No,2400,2400,0,5462,125
07:45:00.337,active,15294,692,10610,16784,-8,95,62.2,57.3,No,2400,2400,0,5467,125
07:45:01.337,active,15303,670,10282,16785,-12,95,63.4,57.2,No,2400,2400,0,5470,125
07:45:02.341,active,15301,744,11420,16786,-8,95,63.9,57.1,No,2400,2400,0,5471,125
07:45:03.337,active,15307,796,12210,16786,-6,95,62.8,58.1,No,2400,2400,0,5477,125
07:45:04.337,active,15292,694,10628,16785,-3,95,62.8,57.4,No,2400,2400,0,5461,125
07:45:05.344,active,15309,754,11574,16785,-3,95,64.5,57.0,No,2400,2400,0,5483,125
07:45:06.337,active,15309,694,10648,16786,0,95,63.4,56.0,No,2400,2400,0,5479,125
07:45:07.337,active,15277,724,11112,16786,0,95,64.5,58.2,No,2400,2400,0,5487,125
07:45:08.339,active,15333,460,10802,16785,0,95,65.0,57.5,No,2400,2400,0,5484,125
07:45:09.337,active,15311,542,8314,16786,0,95,64.5,57.3,No,2400,2400,0,5490,125
07:45:10.340,active,15344,482,7504,16785,-7,95,62.8,57.1,No,2400,2400,0,5489,125
07:45:11.340,active,15326,558,8584,16785,-5,95,62.8,57.0,No,2400,2400,0,5488,125
07:45:12.337,active,15331,528,7792,16785,-6,95,63.4,58.8,No,2400,2400,0,5487,125
07:45:13.339,active,15344,450,6944,16785,-8,95,64.5,59.4,No,2400,2400,0,5499,125
07:45:14.341,active,15322,496,9240,16785,-6,95,63.4,58.6,No,2400,2400,0,5499,125
07:45:15.338,active,15341,518,7986,16785,-7,95,65.0,58.1,No,2400,2400,0,5500,125
07:45:16.341,active,15296,754,8140,16784,-7,95,63.9,58.6,No,2400,2400,0,5504,125
07:45:17.337,active,15262,812,7118,16785,-8,95,63.4,59.0,No,2400,2400,0,5511,125
07:45:18.337,active,15251,906,13890,16785,-5,95,63.9,58.9,No,2400,2400,0,5504,125
07:45:19.341,active,15279,762,14854,16785,-5,95,64.5,59.2,No,2400,2400,0,5510,125
07:45:20.337,active,15262,848,12982,16786,-5,95,64.5,58.3,No,2400,2400,0,5502,125
07:45:21.338,active,15277,714,14246,16786,-6,95,63.9,58.3,No,2400,2400,0,5514,125
07:45:22.340,active,15262,992,15162,16786,-4,95,62.2,58.2,No,2400,2400,0,5517,125
07:45:23.337,active,15256,784,14430,16785,-5,95,64.5,58.8,No,2400,2400,0,5515,125
07:45:24.337,active,15266,766,11748,16784,-8,95,63.9,60.2,No,2400,2400,0,5526,125
07:45:25.340,active,15258,696,10956,16785,0,95,63.9,57.3,No,2400,2400,0,5518,125
07:45:26.337,active,15305,896,13716,16786,0,95,63.9,56.2,No,2400,2400,0,5515,125
07:45:27.341,active,15296,474,7658,16786,3,95,63.9,54.8,No,2400,2400,0,5521,125
07:45:28.337,active,15299,754,11574,16787,0,95,62.2,54.0,No,2400,2400,0,5522,125
07:45:29.337,active,15296,674,11092,16786,0,95,62.8,59.6,No,2400,2400,0,5520,125
07:45:30.339,active,15296,800,12268,16785,-3,95,64.5,56.3,No,2400,2400,0,5520,125
07:45:31.337,active,15299,632,9626,16785,-3,95,63.9,51.4,No,2400,2400,0,5538,125
07:45:32.338,active,15292,712,10918,16787,0,95,63.9,51.7,No,2400,2400,0,5534,125
07:45:33.342,active,15296,720,10744,16785,0,95,62.8,54.5,No,2400,2400,0,5530,125
07:45:34.337,active,15296,706,10842,16785,-3,95,63.4,56.3,No,2400,2400,0,5528,125
07:45:35.337,active,15271,748,10898,16786,0,95,64.5,54.5,No,2400,2400,0,5534,125
07:45:36.337,active,15314,586,12056,16786,-4,95,64.5,54.7,No,2400,2400,0,5528,125
07:45:37.337,active,15305,576,8834,16785,-4,95,63.4,52.5,No,2400,2400,0,5535,125
07:45:38.338,active,15346,484,10764,16785,0,95,64.5,58.9,No,2400,2400,0,5525,125
07:45:39.341,active,15322,442,6790,16785,-8,95,62.8,54.4,No,2400,2400,0,5521,125
07:45:40.337,sleep,15294,560,7118,16786,-6,95,60.6,23.7,No,2400,2400,0,5558,125
07:45:41.337,sleep,15292,432,6636,16788,8,95,59.0,0.5,No,2400,2400,0,5576,125
07:45:42.337,sleep,15294,502,8564,16788,11,95,58.4,-0.0,No,2400,2400,0,5579,125
07:45:43.337,sleep,15290,460,7060,16788,9,95,57.9,0.0,No,2400,2400,0,5575,125
07:45:44.337,sleep,15288,538,6924,16788,11,95,57.9,0.3,No,2400,2400,0,5573,125
07:45:45.337,sleep,15292,358,5478,16789,12,95,55.6,0.0,No,1500,2400,0,5581,125
07:45:46.337,sleep,15288,454,6964,16789,18,95,55.1,-0.0,No,1500,2400,0,5591,125
07:45:47.337,sleep,15290,410,6268,16791,17,95,55.1,0.3,No,1500,2400,0,5585,125
07:45:48.337,sleep,15290,484,7426,16791,15,95,55.1,-0.0,No,1500,2400,0,5588,125
07:45:49.337,sleep,15294,326,4996,16791,17,95,54.0,0.5,No,1500,2400,0,4006,75
07:45:50.337,sleep,15283,530,8140,16789,16,95,54.5,0.3,No,1500,2400,0,3513,75
07:45:51.337,sleep,15292,386,5922,16789,17,95,53.5,0.0,No,1500,2400,0,3451,75
07:45:52.337,sleep,15292,394,6056,16789,13,95,54.0,0.3,No,1500,2400,0,3435,75
07:45:53.337,sleep,15286,566,8662,16790,13,95,52.9,0.0,No,1500,2400,0,3404,75
07:45:54.337,sleep,15290,482,7388,16790,13,95,53.5,0.0,No,1500,2400,0,3402,75
07:45:55.341,active,15292,658,8024,16788,8,95,55.6,36.3,No,2400,2400,0,3386,75
07:45:56.337,active,15301,632,9702,16787,0,95,57.9,55.3,No,2400,2400,0,3359,75
07:45:57.337,active,15296,690,11014,16785,-5,95,57.9,58.4,No,2400,2400,0,3344,75
07:45:58.341,active,15303,714,10956,16785,-9,95,60.0,57.9,No,2400,2400,0,3334,75
07:45:59.337,active,15294,730,10860,16786,-8,95,61.1,57.3,No,2400,2400,0,3338,75
07:46:00.338,active,15296,774,11882,16785,-7,95,61.1,58.6,No,2400,2400,0,4646,125
07:46:01.344,active,15294,708,9702,16785,-7,95,61.7,56.2,No,2400,2400,0,5407,125
07:46:02.337,active,15299,748,11458,16785,-5,95,61.1,57.9,No,2400,2400,0,5458,125
07:46:03.337,active,15296,704,10628,16785,-5,95,61.1,54.8,No,2400,2400,0,5460,125
07:46:04.341,active,15301,486,7446,16784,-8,95,62.2,52.0,No,2400,2400,0,5463,125
07:46:05.337,active,15311,632,9684,16786,-8,95,62.2,54.3,No,2400,2400,0,5456,125
07:46:06.337,active,15309,498,7638,16786,-10,95,62.2,56.5,No,2400,2400,0,5449,125
07:46:07.339,active,15318,762,11710,16787,-4,95,61.7,57.4,No,2400,2400,0,5449,125
07:46:08.337,active,15311,456,6982,16786,-3,95,61.7,57.5,No,2400,2400,0,5453,125
07:46:09.337,active,15339,470,7214,16786,-3,95,62.8,57.7,No,2400,2400,0,5452,125
07:46:10.337,active,15339,460,7060,16785,-5,95,62.8,57.5,No,2400,2400,0,5458,125
07:46:11.340,active,15331,518,7948,16785,-7,95,62.8,57.4,No,2400,2400,0,5463,125
07:46:12.344,active,15346,536,8256,16785,-4,95,63.4,57.1,No,2400,2400,0,5467,125
07:46:13.337,active,15273,892,13658,16784,-9,95,61.7,57.3,No,2400,2400,0,5477,125
07:46:14.341,active,15260,874,10668,16785,-7,95,63.4,57.3,No,2400,2400,0,5474,125
07:46:15.341,active,15264,914,13986,16785,-5,95,63.4,57.6,No,2400,2400,0,5477,125
07:46:16.337,active,15277,856,14256,16784,-8,95,63.4,57.3,No,2400,2400,0,5481,125
07:46:17.337,active,15262,964,14758,16785,-9,95,62.8,56.8,No,2400,2400,0,5488,125
07:46:18.337,active,15273,714,13310,16786,-5,95,62.2,56.7,No,2400,2400,0,5492,125
07:46:19.337,active,15279,760,11652,16786,-5,95,63.4,57.8,No,2400,2400,0,5490,125
07:46:20.341,active,15253,864,14218,16786,-4,95,63.4,58.1,No,2400,2400,0,5482,125
07:46:21.337,active,15260,980,14970,16786,-4,95,63.4,58.1,No,2400,2400,0,5497,125
07:46:22.337,active,15290,480,7388,16786,-6,95,62.2,54.0,No,2400,2400,0,5498,125
07:46:23.338,active,15299,562,7716,16786,-4,95,61.7,54.2,No,2400,2400,0,5498,125
07:46:24.337,active,15294,800,12268,16784,-3,95,63.4,58.8,No,2400,2400,0,5498,125
07:46:25.337,active,15296,686,8662,16785,-3,95,63.9,59.0,No,2400,2400,0,5498,125
07:46:26.340,active,15296,744,11400,16786,-5,95,63.4,58.5,No,2400,2400,0,5496,125
07:46:27.337,active,15294,774,8082,16786,-4,95,63.4,59.9,No,2400,2400,0,5498,125
07:46:28.341,active,15294,672,10320,16786,-3,95,63.9,59.5,No,2400,2400,0,5504,125
07:46:29.340,active,15299,756,11188,16786,-3,95,61.1,59.3,No,2400,2400,0,5505,125
07:46:30.337,active,15303,722,11072,16785,0,95,63.4,59.9,No,2400,2400,0,5504,125
07:46:31.337,active,15303,978,12250,16785,0,95,63.9,60.7,No,2400,2400,0,5504,125
07:46:32.341,active,15262,572,8758,16785,-3,95,63.9,57.8,No,2400,2400,0,5507,125
07:46:33.337,active,15307,758,10244,16788,0,95,64.5,58.2,No,2400,2400,0,5512,125
07:46:34.337,active,15301,564,8642,16786,0,95,63.4,57.0,No,2400,2400,0,5514,125
07:46:35.337,active,15305,590,11304,16785,0,95,62.8,56.4,No,2400,2400,0,5513,125
07:46:36.337,active,15299,462,7080,16785,0,95,63.9,56.1,No,2400,2400,0,5519,125
07:46:37.339,active,15305,510,11440,16785,0,95,63.4,55.0,No,2400,2400,0,5507,125
07:46:38.341,active,15301,566,8680,16786,0,95,63.9,57.1,No,2400,2400,0,5518,125
07:46:39.338,active,15318,540,8392,16787,0,95,63.9,53.4,No,2400,2400,0,5517,125
07:46:40.338,active,15320,552,8468,16785,0,95,62.8,52.7,No,2400,2400,0,5518,125
07:46:41.337,active,15271,774,11882,16786,-3,95,62.8,55.4,No,2400,2400,0,5513,125
07:46:42.337,active,15256,1080,12160,16787,0,95,62.8,54.9,No,2400,2400,0,5526,125
07:46:43.341,active,15264,1018,15568,16786,0,95,63.9,55.0,No,2400,2400,0,5525,125
07:46:44.338,active,15268,902,11232,16785,0,95,63.9,54.2,No,2400,2400,0,5531,125
07:46:45.338,active,15251,700,10726,16786,0,95,63.9,55.3,No,2400,2400,0,5530,125
07:46:46.343,active,15258,976,11604,16786,0,95,63.4,53.1,No,2400,2400,0,5535,125
07:46:47.337,active,15249,912,13948,16786,0,95,63.9,58.1,No,2400,2400,0,5523,125
07:46:48.340,active,15256,948,11112,16786,-4,95,63.9,54.9,No,2400,2400,0,5523,125
07:46:49.339,active,15247,904,13832,16786,-5,95,63.9,53.8,No,2400,2400,0,5538,125
07:46:50.337,active,15301,270,7310,16784,-6,95,63.9,54.0,No,2400,2400,0,5534,125
07:46:51.338,active,15299,706,10842,16785,-9,95,62.8,54.9,No,2400,2400,0,5538,125
07:46:52.337,active,15296,524,8064,16786,-4,95,63.4,54.7,No,2400,2400,0,5531,125
07:46:53.337,active,15299,508,7812,16787,-6,95,64.5,53.3,No,2400,2400,0,5536,125
07:46:54.341,active,15299,478,7350,16786,-3,95,63.9,52.0,No,2400,2400,0,5528,125
07:46:55.337,sleep,15292,542,8314,16787,0,95,60.0,24.4,No,2400,2400,0,5553,125
07:46:56.337,sleep,15292,758,7966,16786,7,95,57.9,0.0,No,2400,2400,0,5580,125
07:46:57.337,sleep,15290,446,6828,16787,3,95,57.9,0.3,No,2400,2400,0,5583,125
07:46:58.337,sleep,15294,520,7890,16788,6,95,57.9,-0.0,No,2400,2400,0,5579,125
07:46:59.337,sleep,15296,536,7022,16788,10,95,57.3,0.3,No,2400,2400,0,5583,125
07:47:00.337,sleep,15294,460,7060,16788,10,95,55.6,0.3,No,1500,2400,0,5586,125
07:47:01.337,sleep,15292,486,4118,16788,11,95,55.6,0.0,No,1500,2400,0,5589,125
07:47:02.337,sleep,15296,474,7272,16787,9,95,55.1,0.0,No,1500,2400,0,5559,75
07:47:03.337,sleep,15296,512,3754,16789,15,95,54.0,0.3,No,1500,2400,0,3776,75
07:47:04.337,sleep,15296,230,3548,16789,13,95,54.0,0.0,No,1500,2400,0,3487,75
07:47:05.337,sleep,15299,236,3626,16788,10,95,54.0,0.3,No,1500,2400,0,3437,75
07:47:06.337,sleep,15292,456,6982,16789,10,95,53.5,0.0,No,1500,2400,0,3420,75
07:47:07.337,sleep,15290,384,5884,16789,13,95,52.9,0.0,No,1500,2400,0,3421,75
07:47:08.337,sleep,15290,328,6482,16789,14,95,53.5,0.0,No,1500,2400,0,3416,75
07:47:09.337,sleep,15288,310,3568,16790,13,95,52.9,0.3,No,1500,2400,0,3397,75
07:47:10.337,active,15309,688,10572,16788,8,95,56.2,34.5,No,2400,2400,0,3386,75
07:47:11.341,active,15264,860,11536,16786,-7,95,57.9,53.4,No,2400,2400,0,3359,75
07:47:12.337,active,15299,704,10784,16785,-5,95,58.4,51.2,No,2400,2400,0,3352,75
07:47:13.337,active,15273,650,13406,16786,0,95,59.5,54.9,No,2400,2400,0,3332,75
07:47:14.337,active,15264,870,13330,16786,0,95,59.5,57.1,No,2400,2400,0,3318,75
07:47:15.337,active,15262,764,13850,16786,-4,95,60.0,58.6,No,2400,2400,0,5021,125
07:47:16.341,active,15275,708,10860,16785,-10,95,61.1,57.1,No,2400,2400,0,5422,125
07:47:17.337,active,15253,782,12636,16786,-10,95,60.6,57.9,No,2400,2400,0,5449,125
07:47:18.340,active,15296,674,10358,16785,-8,95,61.7,57.0,No,2400,2400,0,5449,125
07:47:19.337,active,15299,740,11362,16785,-8,95,61.1,58.1,No,2400,2400,0,5442,125
07:47:20.337,active,15301,788,7744,16786,-6,95,61.7,57.3,No,2400,2400,0,5446,125
07:47:21.341,active,15299,744,11400,16786,-5,95,62.2,57.8,No,2400,2400,0,5464,125
07:47:22.339,active,15299,692,9860,16787,-5,95,62.2,58.0,No,2400,2400,0,5449,125
07:47:23.339,active,15301,724,11112,16785,-7,95,62.8,57.1,No,2400,2400,0,5446,125
07:47:24.340,active,15301,678,10822,16784,-11,95,62.2,57.0,No,2400,2400,0,5444,125
07:47:25.338,active,15305,662,10146,16784,-5,95,62.2,57.5,No,2400,2400,0,5458,125
07:47:26.337,active,15301,712,11266,16786,-7,95,62.8,58.1,No,2400,2400,0,5460,125
07:47:27.341,active,15275,770,11786,16785,-7,95,63.4,57.5,No,2400,2400,0,5461,125
07:47:28.337,active,15307,728,11150,16785,-4,95,63.4,57.0,No,2400,2400,0,5466,125
07:47:29.337,active,15307,650,9992,16785,-8,95,62.2,58.0,No,2400,2400,0,5458,125
07:47:30.341,active,15318,622,9530,16785,-4,95,62.2,59.2,No,2400,2400,0,5473,125
07:47:31.337,active,15305,538,8256,16785,-4,95,61.7,59.1,No,2400,2400,0,5481,125
07:47:32.337,active,15337,654,10012,16786,-6,95,63.4,60.0,No,2400,2400,0,5472,125
07:47:33.341,active,15311,494,10908,16785,-5,95,63.9,58.8,No,2400,2400,0,5477,125
07:47:34.337,active,15326,448,6866,16785,-4,95,62.8,58.1,No,2400,2400,0,5483,125
07:47:35.338,active,15314,482,11324,16786,0,95,62.8,57.8,No,2400,2400,0,5486,125
07:47:36.340,active,15311,760,11670,16786,0,95,62.8,58.8,No,2400,2400,0,5498,125
07:47:37.337,active,15268,698,10706,16785,-3,95,62.8,59.7,No,2400,2400,0,5487,125
07:47:38.340,active,15277,964,14758,16787,0,95,63.4,59.1,No,2400,2400,0,5494,125
07:47:39.341,active,15275,740,11362,16787,0,95,62.8,57.5,No,2400,2400,0,5486,125
07:47:40.337,active,15307,700,10726,16787,0,95,63.4,54.1,No,2400,2400,0,5495,125
07:47:41.338,active,15258,730,11208,16786,-3,95,63.4,54.2,No,2400,2400,0,5498,125
07:47:42.338,active,15268,928,14218,16786,-4,95,62.2,57.9,No,2400,2400,0,5490,125
07:47:43.337,active,15258,684,10494,16786,0,95,62.8,58.0,No,2400,2400,0,5499,125
07:47:44.341,active,15264,912,13966,16786,-3,95,63.4,56.3,No,2400,2400,0,5496,125
07:47:45.337,active,15324,490,7522,16785,0,95,63.4,55.1,No,2400,2400,0,5504,125
07:47:46.337,active,15352,482,6616,16787,0,95,63.4,54.9,No,2400,2400,0,5505,125
07:47:47.343,active,15335,432,6636,16787,0,95,62.8,59.1,No,2400,2400,0,5510,125
07:47:48.337,active,15335,484,7774,16786,0,95,62.2,52.3,No,2400,2400,0,5516,125
07:47:49.337,active,15341,496,7620,16786,0,95,62.8,52.7,No,2400,2400,0,5509,125
07:47:50.341,active,15296,752,7986,16785,-4,95,63.4,51.9,No,2400,2400,0,5508,125
07:47:51.337,active,15326,518,7948,16786,0,95,62.2,52.2,No,2400,2400,0,5517,125
07:47:52.338,active,15292,562,8622,16786,-7,95,62.2,54.6,No,2400,2400,0,5517,125
07:47:53.337,active,15301,666,10224,16787,0,95,62.8,55.6,No,2400,2400,0,5518,125
07:47:54.337,active,15262,740,11324,16787,0,95,62.8,54.8,No,2400,2400,0,5517,125
07:47:55.341,active,15258,684,12038,16787,0,95,62.8,54.6,No,2400,2400,0,5514,125
07:47:56.341,active,15253,814,12462,16785,0,95,63.4,54.0,No,2400,2400,0,5511,125
07:47:57.337,active,15271,630,13658,16785,0,95,63.4,57.2,No,2400,2400,0,5524,125
07:47:58.338,active,15243,824,12596,16786,0,95,63.4,53.5,No,2400,2400,0,5518,125
07:47:59.337,active,15311,604,13136,16786,-4,95,62.2,54.3,No,2400,2400,0,5521,125
07:48:00.337,active,15256,764,11670,16787,0,95,63.9,52.4,No,2400,2400,0,5522,125
07:48:01.337,active,15301,506,11824,16785,0,95,62.8,52.2,No,2400,2400,0,5526,125
07:48:02.341,active,15273,658,10070,16784,0,95,63.4,51.3,No,2400,2400,0,5516,125
07:48:03.337,active,15301,716,14738,16784,-6,95,61.7,51.8,No,2400,2400,0,5527,125
07:48:04.342,active,15303,740,10764,16783,-6,95,62.8,51.4,No,2400,2400,0,5525,125
07:48:05.337,active,15296,756,11612,16787,0,95,62.8,52.2,No,2400,2400,0,5524,125
07:48:06.337,active,15309,672,10244,16786,-4,95,63.4,52.3,No,2400,2400,0,5527,125
07:48:07.341,active,15301,754,11574,16786,-5,95,63.4,52.0,No,2400,2400,0,5531,125
07:48:08.337,active,15277,766,11266,16785,0,95,63.4,52.3,No,2400,2400,0,5524,125
07:48:09.338,active,15299,814,12500,16785,0,95,62.2,54.3,No,2400,2400,0,5524,125
07:48:10.337,sleep,15286,476,7792,16786,0,95,59.5,30.2,No,2400,2400,0,5553,125
07:48:11.337,sleep,15294,494,7562,16786,5,95,58.4,0.0,No,2400,2400,0,5576,125
07:48:12.337,sleep,15292,484,7408,16787,6,95,57.9,0.2,No,2400,2400,0,5573,125
07:48:13.337,sleep,15292,588,7890,16788,5,95,57.3,0.3,No,2400,2400,0,5573,125
07:48:14.337,sleep,15288,476,7292,16787,11,95,56.8,-0.0,No,2400,2400,0,5583,125
07:48:15.337,sleep,15290,390,5902,16788,13,95,55.6,0.3,No,1500,2400,0,5580,125
07:48:16.337,sleep,15290,522,8006,16788,14,95,55.1,0.0,No,1500,2400,0,5591,125
07:48:17.337,sleep,15296,412,6944,16789,15,95,55.1,0.3,No,1500,2400,0,5591,125
07:48:18.337,sleep,15292,334,5112,16789,13,95,54.0,0.0,No,1500,2400,0,4896,75
07:48:19.337,sleep,15292,274,6944,16789,14,95,54.0,0.0,No,1500,2400,0,3636,75
07:48:20.337,sleep,15296,434,6654,16789,14,95,53.5,0.3,No,1500,2400,0,3447,75
07:48:21.337,sleep,15296,242,3858,16789,12,95,54.0,0.0,No,1500,2400,0,3427,75
07:48:22.337,sleep,15283,318,6482,16788,11,95,53.5,0.0,No,1500,2400,0,3416,75
07:48:23.337,sleep,15288,562,8604,16789,8,95,53.5,0.3,No,1500,2400,0,3415,75
07:48:24.337,sleep,15292,562,4262,16790,9,95,52.9,0.0,No,1500,2400,0,3410,75
07:48:25.341,active,15253,820,12558,16787,0,95,56.2,33.0,No,2400,2400,0,3390,75
07:48:26.337,active,15260,752,13504,16785,-12,95,57.9,57.5,No,2400,2400,0,3355,75
07:48:27.337,active,15279,680,10416,16784,-8,95,57.9,58.2,No,2400,2400,0,3335,75
07:48:28.337,active,15262,696,11748,16784,-5,95,59.5,57.4,No,2400,2400,0,3341,75
07:48:29.337,active,15262,784,11980,16785,-4,95,60.0,57.1,No,2400,2400,0,3334,125
07:48:30.339,active,15251,668,11382,16784,-8,95,60.6,56.8,No,2400,2400,0,5238,125
07:48:31.339,active,15292,762,11670,16784,-7,95,60.6,58.2,No,2400,2400,0,5451,125
07:48:32.338,active,15303,776,11902,16784,-5,95,60.6,56.7,No,2400,2400,0,5470,125
07:48:33.337,active,15296,704,11808,16784,-8,95,61.7,58.3,No,2400,2400,0,5448,125
07:48:34.341,active,15311,612,9374,16785,-8,95,62.2,57.4,No,2400,2400,0,5438,125
07:48:35.337,active,15296,714,9644,16784,-9,95,61.7,58.1,No,2400,2400,0,5441,125
07:48:36.337,active,15286,742,11382,16785,-7,95,62.2,57.2,No,2400,2400,0,5450,125
07:48:37.341,active,15303,690,11130,16785,-9,95,61.7,57.7,No,2400,2400,0,5450,125
07:48:38.337,active,15273,708,10860,16785,-7,95,61.1,57.7,No,2400,2400,0,5454,125
07:48:39.341,active,15305,732,10744,16785,-9,95,62.2,58.6,No,2400,2400,0,5458,125
07:48:40.341,active,15329,482,7408,16785,-8,95,61.7,59.4,No,2400,2400,0,5459,125
07:48:41.338,active,15329,424,6520,16784,-10,95,62.8,59.5,No,2400,2400,0,5466,125
07:48:42.337,active,15316,466,7156,16785,-5,95,61.7,58.4,No,2400,2400,0,5471,125
07:48:43.338,active,15329,540,8294,16785,-3,95,62.2,57.9,No,2400,2400,0,5474,125
07:48:44.337,active,15322,548,6810,16785,-5,95,62.8,59.1,No,2400,2400,0,5476,125
07:48:45.341,active,15296,554,8526,16786,0,95,63.4,59.3,No,2400,2400,0,5475,125
07:48:46.341,active,15329,498,7368,16785,-3,95,63.4,58.7,No,2400,2400,0,5473,125
07:48:47.337,active,15316,506,7754,16785,-4,95,63.4,59.0,No,2400,2400,0,5484,125
07:48:48.341,active,15322,524,7542,16785,0,95,62.8,57.8,No,2400,2400,0,5480,125
07:48:49.337,active,15271,918,14044,16785,0,95,64.5,58.9,No,2400,2400,0,5479,125
07:48:50.337,active,15258,706,10842,16785,-3,95,63.9,59.0,No,2400,2400,0,5483,125
07:48:51.341,active,15266,882,13504,16786,-7,95,63.9,58.7,No,2400,2400,0,5488,125
07:48:52.337,active,15260,742,11362,16786,-7,95,63.4,56.5,No,2400,2400,0,5496,125
07:48:53.341,active,15264,922,10024,16785,-4,95,62.8,56.0,No,2400,2400,0,5503,125
07:48:54.343,active,15253,694,10648,16785,-3,95,63.4,54.3,No,2400,2400,0,5498,125
07:48:55.337,active,15262,930,10300,16785,0,95,62.2,55.0,No,2400,2400,0,5497,125
07:48:56.337,active,15245,882,13504,16785,0,95,62.8,58.7,No,2400,2400,0,5501,125
07:48:57.341,active,15258,796,11112,16787,0,95,63.4,52.5,No,2400,2400,0,5512,125
07:48:58.337,active,15348,506,7792,16786,-3,95,62.8,51.3,No,2400,2400,0,5504,125
07:48:59.338,active,15296,524,8044,16784,-4,95,62.8,52.7,No,2400,2400,0,5508,125
07:49:00.337,active,15303,730,11188,16784,-4,95,62.8,53.4,No,2400,2400,0,5506,125
07:49:01.337,active,15301,438,6732,16785,-3,95,62.8,54.0,No,2400,2400,0,5509,125
07:49:02.341,active,15296,722,9536,16786,-5,95,62.8,53.8,No,2400,2400,0,5507,125
07:49:03.337,active,15296,480,7388,16786,-3,95,62.8,52.6,No,2400,2400,0,5517,125
07:49:04.337,active,15296,720,8468,16785,0,95,63.4,54.2,No,2400,2400,0,5509,125
07:49:05.341,active,15299,760,11652,16785,0,95,62.2,55.0,No,2400,2400,0,5511,125
07:49:06.337,active,15303,630,10514,16785,0,95,63.4,53.9,No,2400,2400,0,5511,125
07:49:07.341,active,15262,758,11632,16786,0,95,62.8,57.8,No,2400,2400,0,5508,125
07:49:08.341,active,15303,636,9742,16786,-4,95,62.8,54.9,No,2400,2400,0,5516,125
07:49:09.337,active,15307,504,7736,16787,0,95,63.4,52.8,No,2400,2400,0,5528,125
07:49:10.341,active,15318,714,10918,16786,0,95,62.8,55.6,No,2400,2400,0,5524,125
07:49:11.343,active,15294,470,12058,16784,-3,95,63.4,52.3,No,2400,2400,0,5516,125
07:49:12.337,active,15333,726,11130,16784,0,95,63.4,53.9,No,2400,2400,0,5514,125
07:49:13.340,active,15303,508,11690,16786,0,95,63.4,52.7,No,2400,2400,0,5522,125
07:49:14.341,active,15305,450,6924,16787,0,95,63.4,51.7,No,2400,2400,0,5525,125
07:49:15.337,active,15305,508,9452,16785,0,95,62.8,51.9,No,2400,2400,0,5524,125
07:49:16.342,active,15299,434,6654,16785,0,95,62.2,51.6,No,2400,2400,0,5529,125
07:49:17.337,active,15305,730,11208,16785,0,95,62.2,52.9,No,2400,2400,0,5534,125
07:49:18.337,active,15307,742,11400,16786,0,95,62.8,54.2,No,2400,2400,0,5533,125
07:49:19.337,active,15273,710,10898,16784,-5,95,63.4,55.1,No,2400,2400,0,5530,125
07:49:20.340,active,15296,792,11150,16786,0,95,61.7,56.3,No,2400,2400,0,5525,125
07:49:21.338,active,15260,746,11440,16785,-3,95,62.8,56.3,No,2400,2400,0,5516,125
07:49:22.338,active,15275,900,10610,16785,0,95,62.8,58.4,No,2400,2400,0,5517,125
07:49:23.337,active,15273,914,13986,16786,0,95,63.9,58.4,No,2400,2400,0,5517,125
07:49:24.337,active,15264,932,12596,16785,0,95,63.4,58.7,No,2400,2400,0,5517,125
07:49:25.337,sleep,15296,434,6654,16785,0,95,60.6,31.2,No,2400,2400,0,5548,125
07:49:26.337,sleep,15296,516,7908,16787,10,95,59.5,-0.0,No,2400,2400,0,5568,125
07:49:27.337,sleep,15299,464,6606,16788,12,95,58.4,0.0,No,2400,2400,0,5578,125
07:49:28.337,sleep,15299,488,7484,16789,12,95,57.9,0.3,No,2400,2400,0,5572,125
07:49:29.337,sleep,15290,494,6964,16788,7,95,56.8,0.3,No,2400,2400,0,5565,125
07:49:30.337,sleep,15301,324,4996,16788,10,95,56.2,0.0,No,1500,2400,0,5587,125
07:49:31.337,sleep,15290,440,6192,16788,9,95,55.6,0.3,No,1500,2400,0,5589,125
07:49:32.337,sleep,15290,450,6906,16789,11,95,54.5,0.0,No,1500,2400,0,4480,75
07:49:33.337,sleep,15292,518,8198,16788,13,95,55.1,0.0,No,1500,2400,0,3583,75
07:49:34.337,sleep,15283,496,7620,16789,13,95,54.0,0.2,No,1500,2400,0,3434,75
07:49:35.337,sleep,15292,498,7638,16791,15,95,54.0,0.3,No,1500,2400,0,3413,75
07:49:36.337,sleep,15294,506,7518,16791,17,95,53.5,0.3,No,1500,2400,0,3410,75
07:49:37.337,sleep,15296,518,7928,16790,17,95,53.5,-0.0,No,1500,2400,0,3420,75
07:49:38.337,sleep,15294,618,6520,16789,14,95,52.9,0.0,No,1500,2400,0,3414,75
07:49:39.337,sleep,15296,356,5478,16789,17,95,52.9,0.3,No,1500,2400,0,3412,75
07:49:40.337,active,15275,658,10648,16787,12,95,56.2,31.9,No,2400,2400,0,3367,75
07:49:41.337,active,15236,740,11304,16785,-6,95,57.3,55.9,No,2400,2400,0,3336,75
07:49:42.337,active,15290,720,12964,16787,-7,95,59.0,52.2,No,2400,2400,0,3343,75
07:49:43.341,active,15236,846,12924,16786,-4,95,59.5,53.3,No,2400,2400,0,3331,75
07:49:44.337,active,15303,718,11014,16784,-4,95,59.0,54.2,No,2400,2400,0,3321,75
07:49:45.337,active,15299,790,11478,16785,-5,95,59.5,57.8,No,2400,2400,0,3488,125
07:49:46.337,active,15305,742,11382,16786,-4,95,59.5,58.6,No,2400,2400,0,5284,125
07:49:47.337,active,15299,732,10320,16786,-3,95,61.1,58.8,No,2400,2400,0,5431,125
07:49:48.340,active,15299,678,10398,16786,-3,95,62.2,58.3,No,2400,2400,0,5446,125
07:49:49.341,active,15305,724,11092,16785,-4,95,61.7,58.2,No,2400,2400,0,5448,125
07:49:50.337,active,15301,688,10552,16785,-3,95,61.7,58.7,No,2400,2400,0,5440,125
07:49:51.337,active,15311,674,10628,16785,-3,95,61.7,59.3,No,2400,2400,0,5439,125
07:49:52.341,active,15303,710,10898,16787,0,95,62.2,58.9,No,2400,2400,0,5430,125
07:49:53.337,active,15320,438,6712,16787,0,95,62.8,58.6,No,2400,2400,0,5435,125
07:49:54.337,active,15316,496,10744,16788,0,95,61.7,59.0,No,2400,2400,0,5440,125
07:49:55.341,active,15311,428,6578,16786,0,95,61.7,58.5,No,2400,2400,0,5442,125
07:49:56.337,active,15326,558,9278,16785,-3,95,61.7,58.3,No,2400,2400,0,5454,125
07:49:57.340,active,15311,550,8448,16785,0,95,61.7,59.9,No,2400,2400,0,5450,125
07:49:58.340,active,15329,516,8334,16785,0,95,63.4,59.0,No,2400,2400,0,5442,125
07:49:59.337,active,15318,492,7542,16785,0,95,62.8,57.8,No,2400,2400,0,5463,125
07:50:00.342,active,15339,456,7002,16786,-3,95,62.8,58.6,No,2400,2400,0,5456,125
07:50:01.344,active,15277,914,6790,16785,0,95,62.2,56.6,No,2400,2400,0,5467,125
07:50:02.337,active,15305,666,10204,16786,0,95,61.7,56.1,No,2400,2400,0,5475,125
07:50:03.337,active,15260,920,11284,16786,0,95,63.4,55.3,No,2400,2400,0,5480,125
07:50:04.341,active,15290,748,11458,16786,0,95,62.8,54.6,No,2400,2400,0,5484,125
07:50:05.337,active,15258,906,11768,16786,0,95,63.4,58.1,No,2400,2400,0,5480,125
07:50:06.338,active,15268,952,14584,16787,0,95,62.8,51.9,No,2400,2400,0,5491,125
07:50:07.337,active,15256,658,10108,16786,0,95,62.8,51.2,No,2400,2400,0,5487,125
07:50:08.337,active,15258,1012,15472,16786,0,95,62.2,52.2,No,2400,2400,0,5490,125
07:50:09.341,active,15243,940,14390,16785,-3,95,63.4,55.0,No,2400,2400,0,5493,125
07:50:10.337,active,15292,826,12654,16786,0,95,62.8,54.3,No,2400,2400,0,5488,125
07:50:11.338,active,15294,762,11670,16785,0,95,62.2,52.1,No,2400,2400,0,5484,125
07:50:12.343,active,15301,732,8334,16785,-3,95,62.2,56.4,No,2400,2400,0,5487,125
07:50:13.337,active,15299,718,11014,16784,-6,95,62.2,55.4,No,2400,2400,0,5502,125
07:50:14.341,active,15290,742,8526,16784,0,95,63.4,55.4,No,2400,2400,0,5503,125
07:50:15.341,active,15290,718,10996,16786,-3,95,63.4,54.6,No,2400,2400,0,5510,125
07:50:16.337,active,15294,666,10224,16786,0,95,62.8,54.9,No,2400,2400,0,5505,125
07:50:17.341,active,15292,720,11034,16786,0,95,63.4,54.3,No,2400,2400,0,5501,125
07:50:18.337,active,15299,474,7272,16786,0,95,62.8,54.9,No,2400,2400,0,5514,125
07:50:19.337,active,15296,728,11170,16787,4,95,61.7,53.9,No,2400,2400,0,5524,125
07:50:20.338,active,15258,630,9644,16786,0,95,62.8,55.4,No,2400,2400,0,5517,125
07:50:21.337,active,15316,652,12346,16786,0,95,63.9,54.7,No,2400,2400,0,5515,125
07:50:22.339,active,15260,776,11882,16786,-3,95,62.2,53.9,No,2400,2400,0,5513,125
07:50:23.342,active,15296,644,9838,16787,0,95,62.8,53.9,No,2400,2400,0,5515,125
07:50:24.337,active,15268,592,9066,16786,0,95,62.2,52.6,No,2400,2400,0,5531,125
07:50:25.337,active,15303,796,12172,16785,0,95,63.4,52.4,No,2400,2400,0,5527,125
07:50:26.338,active,15294,538,8256,16787,6,95,62.8,52.4,No,2400,2400,0,5515,125
07:50:27.337,active,15305,714,10938,16787,5,95,63.4,51.8,No,2400,2400,0,5524,125
07:50:28.341,active,15307,530,8120,16787,4,95,63.4,52.2,No,2400,2400,0,5518,125
07:50:29.342,active,15294,680,10436,16787,0,95,61.1,53.4,No,2400,2400,0,5519,125
07:50:30.337,active,15303,752,10784,16787,4,95,62.2,52.7,No,2400,2400,0,5522,125
07:50:31.337,active,15294,756,11594,16786,5,95,63.4,53.7,No,2400,2400,0,5529,125
07:50:32.338,active,15305,736,11266,16787,5,95,63.4,52.9,No,2400,2400,0,5526,125
07:50:33.339,active,15296,636,9760,16786,0,95,63.4,57.4,No,2400,2400,0,5521,125
07:50:34.341,active,15275,754,11554,16786,0,95,62.8,56.0,No,2400,2400,0,5518,125
07:50:35.337,active,15275,928,14218,16785,0,95,62.8,56.1,No,2400,2400,0,5519,125
07:50:36.338,active,15266,670,10282,16786,0,95,63.9,59.0,No,2400,2400,0,5533,125
07:50:37.341,active,15264,954,11806,16785,0,95,63.9,57.1,No,2400,2400,0,5525,125
07:50:38.337,active,15352,540,8294,16785,0,95,63.9,57.1,No,2400,2400,0,5541,125
07:50:39.337,active,15294,488,7832,16787,0,95,63.4,57.1,No,2400,2400,0,5526,125
07:50:40.337,sleep,15290,510,7812,16789,4,95,60.6,33.1,No,2400,2400,0,5553,125
07:50:41.337,sleep,15290,494,7562,16788,12,95,59.0,0.0,No,2400,2400,0,5580,125
07:50:42.337,sleep,15294,456,6982,16788,10,95,58.4,0.3,No,2400,2400,0,5578,125
07:50:43.337,sleep,15286,542,8294,16787,8,95,57.3,0.0,No,2400,2400,0,5582,125
07:50:44.337,sleep,15288,428,6558,16787,9,95,57.3,0.2,No,2400,2400,0,5591,125
07:50:45.337,sleep,15288,370,5670,16788,11,95,56.8,0.3,No,1500,2400,0,5600,125
07:50:46.337,sleep,15294,376,5612,16790,14,95,55.1,-0.0,No,1500,2400,0,5591,125
07:50:47.337,sleep,15283,566,8680,16790,16,95,55.1,0.3,No,1500,2400,0,5592,125
07:50:48.337,sleep,15292,452,6944,16789,19,95,55.1,0.0,No,1500,2400,0,5589,125
07:50:49.337,sleep,15292,346,5324,16790,20,95,54.0,0.0,No,1500,2400,0,4149,75
07:50:50.337,sleep,15296,524,8044,16790,20,95,54.5,-0.0,No,1500,2400,0,3546,75
07:50:51.337,sleep,15296,474,7292,16791,19,95,53.5,0.3,No,1500,2400,0,3445,75
07:50:52.337,sleep,15299,322,4938,16790,14,95,52.9,0.3,No,1500,2400,0,3429,75
07:50:53.337,sleep,15290,502,6654,16790,16,95,52.9,0.3,No,1500,2400,0,3410,75
07:50:54.337,sleep,15294,446,6828,16789,13,95,52.4,0.0,No,1500,2400,0,3407,75
07:50:55.340,active,15256,698,11632,16790,10,95,56.2,30.8,No,2400,2400,0,3394,75
07:50:56.337,active,15299,706,10822,16785,-8,95,57.3,57.6,No,2400,2400,0,3347,75
07:50:57.338,active,15296,616,9452,16786,-7,95,58.4,59.2,No,2400,2400,0,3334,75
07:50:58.337,active,15303,668,9220,16786,-3,95,59.0,59.1,No,2400,2400,0,3345,75
07:50:59.337,active,15307,736,11284,16787,-4,95,60.6,58.9,No,2400,2400,0,3338,75
07:51:00.337,active,15309,718,10514,16786,-9,95,60.0,59.5,No,2400,2400,0,4357,125
07:51:01.340,active,15301,734,11266,16785,-9,95,61.7,58.4,No,2400,2400,0,5382,125
07:51:02.341,active,15303,736,10456,16785,-11,95,61.1,57.7,No,2400,2400,0,5453,125
07:51:03.337,active,15301,694,10648,16784,-10,95,61.1,58.4,No,2400,2400,0,5452,125
07:51:04.341,active,15307,650,11748,16786,-5,95,62.8,59.2,No,2400,2400,0,5455,125
07:51:05.341,active,15314,454,10474,16787,-5,95,61.7,58.8,No,2400,2400,0,5454,125
07:51:06.338,active,15314,474,7272,16786,-6,95,62.8,59.9,No,2400,2400,0,5452,125
07:51:07.341,active,15309,520,9414,16786,0,95,62.2,58.3,No,2400,2400,0,5451,125
07:51:08.338,active,15314,468,7194,16785,-4,95,61.1,58.5,No,2400,2400,0,5459,125
07:51:09.337,active,15316,470,7812,16786,-4,95,61.1,59.0,No,2400,2400,0,5449,125
07:51:10.340,active,15309,510,7850,16786,-3,95,61.7,57.4,No,2400,2400,0,5455,125
07:51:11.337,active,15318,546,8372,16785,0,95,62.2,55.7,No,2400,2400,0,5460,125
07:51:12.339,active,15314,508,7812,16784,-7,95,63.4,54.8,No,2400,2400,0,5473,125
07:51:13.342,active,15316,476,7330,16785,-5,95,61.7,55.5,No,2400,2400,0,5472,125
07:51:14.337,active,15288,838,10976,16785,-5,95,61.7,59.3,No,2400,2400,0,5477,125
07:51:15.341,active,15266,958,14642,16785,0,95,62.8,54.7,No,2400,2400,0,5476,125
07:51:16.337,active,15296,704,11612,16785,-4,95,62.8,54.9,No,2400,2400,0,5475,125
07:51:17.337,active,15277,786,12038,16784,-5,95,63.4,54.7,No,2400,2400,0,5480,125
07:51:18.341,active,15283,810,12404,16785,-4,95,63.4,53.4,No,2400,2400,0,5478,125
07:51:19.343,active,15294,788,12076,16785,-4,95,61.7,55.4,No,2400,2400,0,5474,125
07:51:20.337,active,15258,756,11612,16785,-3,95,61.7,56.1,No,2400,2400,0,5484,125
07:51:21.337,active,15273,926,10338,16786,0,95,62.8,54.9,No,2400,2400,0,5493,125
07:51:22.341,active,15251,750,11516,16786,0,95,62.8,52.7,No,2400,2400,0,5494,125
07:51:23.337,active,15329,472,7252,16787,0,95,62.2,51.4,No,2400,2400,0,5500,125
07:51:24.338,active,15326,468,7194,16787,0,95,61.1,51.4,No,2400,2400,0,5496,125
07:51:25.337,active,15352,524,8044,16787,0,95,62.8,54.9,No,2400,2400,0,5494,125
07:51:26.338,active,15292,710,7808,16786,0,95,62.8,56.2,No,2400,2400,0,5500,125
07:51:27.337,active,15292,546,8410,16785,0,95,62.8,54.2,No,2400,2400,0,5500,125
07:51:28.337,active,15352,486,7620,16785,-3,95,63.4,54.9,No,2400,2400,0,5502,125
07:51:29.340,active,15324,498,7658,16786,-3,95,63.4,53.9,No,2400,2400,0,5496,125
07:51:30.341,active,15296,726,7350,16786,0,95,62.2,54.2,No,2400,2400,0,5505,125
07:51:31.337,active,15294,748,11458,16786,-3,95,62.8,53.2,No,2400,2400,0,5519,125
07:51:32.341,active,15258,786,12018,16785,0,95,63.4,56.9,No,2400,2400,0,5511,125
07:51:33.337,active,15256,712,11284,16785,-3,95,63.4,53.9,No,2400,2400,0,5518,125
07:51:34.337,active,15314,750,11478,16785,-6,95,63.4,55.6,No,2400,2400,0,5530,125
07:51:35.338,active,15260,692,10244,16787,-3,95,62.8,54.0,No,2400,2400,0,5521,125
07:51:36.338,active,15236,686,10494,16786,-3,95,61.7,53.6,No,2400,2400,0,5515,125
07:51:37.337,active,15288,768,11652,16785,0,95,62.8,55.5,No,2400,2400,0,5514,125
07:51:38.340,active,15249,718,10996,16785,0,95,63.4,57.6,No,2400,2400,0,5517,125
07:51:39.337,active,15311,774,11844,16784,-4,95,63.4,56.3,No,2400,2400,0,5515,125
07:51:40.339,active,15247,654,9992,16785,-3,95,63.4,57.9,No,2400,2400,0,5511,125
07:51:41.342,active,15301,802,12308,16785,-3,95,63.4,58.6,No,2400,2400,0,5517,125
07:51:42.337,active,15299,812,11554,16784,-3,95,62.2,55.1,No,2400,2400,0,5526,125
07:51:43.337,active,15296,744,11420,16786,-4,95,63.9,54.0,No,2400,2400,0,5514,125
07:51:44.337,active,15294,726,11362,16786,0,95,63.4,55.2,No,2400,2400,0,5518,125
07:51:45.337,active,15296,726,11130,16785,-4,95,62.8,53.3,No,2400,2400,0,5525,125
07:51:46.338,active,15311,720,11054,16785,-3,95,62.8,55.1,No,2400,2400,0,5528,125
07:51:47.338,active,15303,732,11246,16785,-3,95,62.8,57.5,No,2400,2400,0,5522,125
07:51:48.337,active,15305,686,10514,16785,0,95,62.8,57.8,No,2400,2400,0,5519,125
07:51:49.337,active,15296,730,10436,16786,0,95,63.9,57.6,No,2400,2400,0,5514,125
07:51:50.341,active,15307,490,7522,16786,-3,95,63.9,56.1,No,2400,2400,0,5520,125
07:51:51.337,active,15318,572,8776,16785,-5,95,63.4,56.6,No,2400,2400,0,5526,125
07:51:52.344,active,15314,422,6482,16784,-6,95,63.4,57.2,No,2400,2400,0,5523,125
07:51:53.337,active,15320,526,8064,16785,0,95,62.8,56.3,No,2400,2400,0,5528,125
07:51:54.337,active,15322,520,9588,16786,0,95,62.8,56.7,No,2400,2400,0,5527,125
07:51:55.337,sleep,15301,512,7850,16786,0,95,60.6,33.3,No,2400,2400,0,5554,125
07:51:56.337,sleep,15296,490,7600,16788,9,95,59.5,0.0,No,2400,2400,0,5577,125
07:51:57.337,sleep,15296,502,7678,16788,9,95,58.4,0.5,No,2400,2400,0,5581,125
07:51:58.337,sleep,15290,518,7986,16787,9,95,57.9,0.0,No,2400,2400,0,5576,125
07:51:59.337,sleep,15299,414,7626,16787,9,95,56.8,0.3,No,2400,2400,0,5572,125
07:52:00.337,sleep,15294,400,6114,16788,11,95,56.8,-0.0,No,1500,2400,0,5580,125
07:52:01.337,sleep,15292,468,5768,16790,17,95,55.1,0.0,No,1500,2400,0,5579,125
07:52:02.337,sleep,15292,322,4958,16789,16,95,55.1,0.2,No,1500,2400,0,5584,125
07:52:03.337,sleep,15286,420,8448,16789,13,95,55.1,0.3,No,1500,2400,0,5578,75
07:52:04.337,sleep,15290,414,6346,16789,20,95,54.0,0.3,No,1500,2400,0,3871,75
07:52:05.337,sleep,15288,482,5806,16789,20,95,54.0,0.3,No,1500,2400,0,3499,75
07:52:06.337,sleep,15286,230,3548,16790,20,95,53.5,0.0,No,1500,2400,0,3445,75
07:52:07.337,sleep,15290,552,8448,16790,13,95,53.5,-0.0,No,1500,2400,0,3430,75
07:52:08.337,sleep,15288,518,3530,16790,13,95,52.9,0.0,No,1500,2400,0,3416,75
07:52:09.337,sleep,15294,224,3432,16789,13,95,52.9,0.3,No,1500,2400,0,3412,75
07:52:10.337,active,15294,692,7118,16787,7,95,55.6,28.7,No,2400,2400,0,3394,75
07:52:11.341,active,15294,682,10456,16784,-7,95,57.3,58.3,No,2400,2400,0,3357,75
07:52:12.341,active,15296,464,7156,16784,-10,95,58.4,59.1,No,2400,2400,0,3346,75
07:52:13.338,active,15299,692,10628,16786,-8,95,59.5,58.9,No,2400,2400,0,3342,75
07:52:14.337,active,15296,500,7696,16785,-7,95,59.5,59.0,No,2400,2400,0,3341,75
07:52:15.341,active,15294,764,11728,16784,-5,95,59.0,58.8,No,2400,2400,0,3331,75
07:52:16.337,active,15260,858,13118,16785,-8,95,60.0,54.8,No,2400,2400,0,4831,125
07:52:17.337,active,15241,818,13580,16785,-7,95,60.0,55.2,No,2400,2400,0,5422,125
07:52:18.337,active,15247,788,12038,16785,-9,95,60.6,54.2,No,2400,2400,0,5459,125
07:52:19.338,active,15253,936,14314,16785,-9,95,60.6,54.3,No,2400,2400,0,5457,125
07:52:20.341,active,15238,856,13078,16785,-5,95,60.6,54.3,No,2400,2400,0,5454,125
07:52:21.337,active,15303,744,11400,16785,-3,95,60.0,55.1,No,2400,2400,0,5446,125
07:52:22.337,active,15266,732,14536,16784,0,95,61.1,54.9,No,2400,2400,0,5458,125
07:52:23.337,active,15294,794,12114,16784,-6,95,62.2,60.2,No,2400,2400,0,5446,125
07:52:24.337,active,15294,668,14236,16785,-7,95,61.7,52.2,No,2400,2400,0,5471,125
07:52:25.341,active,15303,770,11768,16783,-10,95,62.2,51.4,No,2400,2400,0,5457,125
07:52:26.341,active,15296,782,11980,16784,-7,95,61.1,51.7,No,2400,2400,0,5459,125
07:52:27.337,active,15292,686,10514,16785,-3,95,61.1,51.9,No,2400,2400,0,5460,125
07:52:28.337,active,15301,720,11054,16785,-5,95,62.8,54.9,No,2400,2400,0,5467,125
07:52:29.337,active,15301,764,10686,16785,-6,95,62.2,55.8,No,2400,2400,0,5461,125
07:52:30.337,active,15262,672,10300,16785,0,95,62.8,57.4,No,2400,2400,0,5468,125
07:52:31.338,active,15301,760,10590,16784,0,95,62.8,56.0,No,2400,2400,0,5467,125
07:52:32.337,active,15277,912,13948,16785,0,95,63.4,56.3,No,2400,2400,0,5470,125
07:52:33.337,active,15262,942,11420,16785,0,95,63.4,57.1,No,2400,2400,0,5487,125
07:52:34.337,active,15326,540,8294,16786,-6,95,63.4,56.2,No,2400,2400,0,5488,125
07:52:35.337,active,15314,450,6924,16785,-6,95,62.8,58.2,No,2400,2400,0,5483,125
07:52:36.338,active,15307,486,7234,16786,0,95,62.8,54.2,No,2400,2400,0,5488,125
07:52:37.343,active,15294,542,8334,16785,0,95,62.2,54.8,No,2400,2400,0,5487,125
07:52:38.337,active,15314,528,7272,16786,0,95,61.7,52.7,No,2400,2400,0,5510,125
07:52:39.337,active,15309,490,7522,16786,0,95,62.2,52.2,No,2400,2400,0,5492,125
07:52:40.341,active,15318,294,7388,16786,-4,95,62.8,53.7,No,2400,2400,0,5500,125
07:52:41.338,active,15309,510,7832,16786,0,95,63.4,53.1,No,2400,2400,0,5495,125
07:52:42.341,active,15290,494,7580,16785,-3,95,62.8,54.3,No,2400,2400,0,5497,125
07:52:43.337,active,15266,698,10726,16785,0,95,62.2,52.6,No,2400,2400,0,5495,125
07:52:44.337,active,15303,732,11226,16785,0,95,62.8,52.9,No,2400,2400,0,5488,125
07:52:45.338,active,15262,728,11170,16786,0,95,62.2,53.1,No,2400,2400,0,5500,125
07:52:46.341,active,15294,770,11786,16786,0,95,62.8,52.1,No,2400,2400,0,5511,125
07:52:47.337,active,15253,748,11478,16786,0,95,62.2,55.3,No,2400,2400,0,5507,125
07:52:48.337,active,15260,838,10012,16785,0,95,62.8,57.6,No,2400,2400,0,5510,125
07:52:49.337,active,15256,856,13098,16785,-5,95,62.8,57.6,No,2400,2400,0,5511,125
07:52:50.338,active,15273,762,11246,16786,-4,95,63.4,58.5,No,2400,2400,0,5515,125
07:52:51.338,active,15264,974,14892,16787,-4,95,63.4,57.9,No,2400,2400,0,5517,125
07:52:52.337,active,15296,470,7234,16787,0,95,63.4,56.9,No,2400,2400,0,5509,125
07:52:53.338,active,15290,682,10456,16786,-3,95,62.8,57.7,No,2400,2400,0,5510,125
07:52:54.338,active,15292,650,9972,16785,-3,95,62.8,57.1,No,2400,2400,0,5514,125
07:52:55.337,active,15283,692,7518,16784,-3,95,62.8,57.0,No,2400,2400,0,5514,125
07:52:56.341,active,15299,844,12944,16785,0,95,63.9,57.7,No,2400,2400,0,5514,125
07:52:57.341,active,15299,752,11208,16787,0,95,63.9,57.1,No,2400,2400,0,5518,125
07:52:58.337,active,15301,682,10474,16787,0,95,63.4,56.7,No,2400,2400,0,5518,125
07:52:59.341,active,15301,708,10686,16786,0,95,63.4,57.5,No,2400,2400,0,5513,125
07:53:00.337,active,15301,690,10572,16785,-3,95,63.4,58.5,No,2400,2400,0,5514,125
07:53:01.341,active,15301,714,11960,16785,0,95,63.9,58.5,No,2400,2400,0,5524,125
07:53:02.341,active,15253,598,10936,16786,0,95,63.9,57.1,No,2400,2400,0,5523,125
07:53:03.337,active,15309,704,10764,16787,0,95,64.5,57.6,No,2400,2400,0,5523,125
07:53:04.337,active,15311,578,11246,16785,0,95,63.4,56.1,No,2400,2400,0,5520,125
07:53:05.338,active,15307,660,10128,16785,0,95,63.4,57.6,No,2400,2400,0,5520,125
07:53:06.337,active,15307,502,10996,16785,0,95,63.4,58.0,No,2400,2400,0,5524,125
07:53:07.339,active,15301,750,11516,16785,0,95,65.0,57.5,No,2400,2400,0,5528,125
07:53:08.337,active,15309,506,9664,16787,0,95,63.9,56.4,No,2400,2400,0,5527,125
07:53:09.340,active,15309,482,7388,16786,-3,95,63.9,57.3,No,2400,2400,0,5526,125
07:53:10.337,sleep,15299,526,8064,16785,0,95,61.1,37.2,No,2400,2400,0,5544,125
07:53:11.337,sleep,15292,490,8160,16788,16,95,59.5,-0.0,No,2400,2400,0,5575,125
07:53:12.337,sleep,15290,532,8178,16788,10,95,59.0,0.0,No,2400,2400,0,5574,125
07:53:13.337,sleep,15294,558,8102,16788,13,95,57.3,0.3,No,2400,2400,0,5582,125
07:53:14.337,sleep,15288,490,7522,16789,12,95,56.8,0.3,No,2400,2400,0,5578,125
07:53:15.337,sleep,15288,388,5728,16788,12,95,56.8,0.2,No,1500,2400,0,5599,125
07:53:16.337,sleep,15290,486,7446,16790,15,95,56.2,0.0,No,1500,2400,0,5595,125
07:53:17.337,sleep,15290,544,8236,16790,16,95,55.1,-0.0,No,1500,2400,0,5192,75
07:53:18.337,sleep,15292,372,5710,16789,17,95,54.5,0.3,No,1500,2400,0,3700,75
07:53:19.337,sleep,15290,388,5940,16790,15,95,54.5,0.0,No,1500,2400,0,3451,75
07:53:20.337,sleep,15294,510,3992,16791,18,95,53.5,0.3,No,1500,2400,0,3433,75
07:53:21.337,sleep,15290,468,7156,16791,18,95,53.5,0.0,No,1500,2400,0,3425,75
07:53:22.337,sleep,15288,512,4010,16789,20,95,52.4,0.3,No,1500,2400,0,3421,75
07:53:23.337,sleep,15290,590,9066,16790,19,95,52.9,0.3,No,1500,2400,0,3420,75
07:53:24.337,sleep,15286,532,4572,16789,18,95,52.9,0.0,No,1500,2400,0,3410,75
07:53:25.337,active,15301,508,7812,16789,13,95,56.2,27.1,No,2400,2400,0,3393,75
07:53:26.341,active,15296,748,7194,16787,0,95,58.4,57.9,No,2400,2400,0,3348,75
07:53:27.338,active,15299,604,9278,16787,-3,95,57.9,58.0,No,2400,2400,0,3336,75
07:53:28.337,active,15260,672,6212,16785,-7,95,59.0,57.1,No,2400,2400,0,3331,75
07:53:29.337,active,15249,834,12752,16786,-4,95,59.5,56.9,No,2400,2400,0,3304,75
07:53:30.341,active,15249,918,14062,16785,-5,95,60.6,54.7,No,2400,2400,0,3313,75
07:53:31.337,active,15228,756,11554,16785,-8,95,60.6,55.4,No,2400,2400,0,3310,75
07:53:32.338,active,15251,830,12694,16786,-8,95,60.6,60.2,No,2400,2400,0,5110,125
07:53:33.337,active,15238,836,12770,16786,-5,95,60.0,51.7,No,2400,2400,0,5441,125
07:53:34.337,active,15301,818,12500,16786,-6,95,60.6,52.3,No,2400,2400,0,5454,125
07:53:35.341,active,15262,760,14704,16784,-6,95,61.1,54.8,No,2400,2400,0,5459,125
07:53:36.341,active,15303,700,10706,16785,-6,95,62.2,54.9,No,2400,2400,0,5458,125
07:53:37.337,active,15292,708,12848,16787,-6,95,62.2,55.0,No,2400,2400,0,5458,125
07:53:38.338,active,15292,734,11246,16787,-4,95,61.1,54.3,No,2400,2400,0,5434,125
07:53:39.337,active,15296,732,11246,16785,-4,95,61.7,54.1,No,2400,2400,0,5438,125
07:53:40.338,active,15296,720,11054,16785,0,95,62.2,57.0,No,2400,2400,0,5440,125
07:53:41.337,active,15296,708,10860,16785,-4,95,62.8,54.4,No,2400,2400,0,5443,125
07:53:42.337,active,15292,736,11284,16785,-3,95,62.8,54.8,No,2400,2400,0,5454,125
07:53:43.341,active,15299,814,12480,16786,-3,95,62.2,53.3,No,2400,2400,0,5451,125
07:53:44.340,active,15296,714,10956,16785,-6,95,61.7,51.3,No,2400,2400,0,5452,125
07:53:45.337,active,15296,680,10436,16785,-6,95,62.2,53.1,No,2400,2400,0,5456,125
07:53:46.337,active,15305,718,12230,16786,0,95,62.8,53.5,No,2400,2400,0,5463,125
07:53:47.337,active,15309,494,7600,16786,-3,95,62.8,52.6,No,2400,2400,0,5461,125
07:53:48.337,active,15346,474,7272,16785,0,95,63.4,53.9,No,2400,2400,0,5463,125
07:53:49.341,active,15320,506,7774,16786,-4,95,62.8,58.4,No,2400,2400,0,5465,125
07:53:50.337,active,15309,458,7040,16786,0,95,61.7,51.8,No,2400,2400,0,5483,125
07:53:51.337,active,15305,528,8102,16786,0,95,62.2,52.7,No,2400,2400,0,5489,125
07:53:52.338,active,15318,516,7908,16785,0,95,62.8,52.7,No,2400,2400,0,5484,125
07:53:53.338,active,15309,510,7736,16786,0,95,62.8,52.6,No,2400,2400,0,5487,125
07:53:54.338,active,15348,554,8506,16787,0,95,63.4,56.3,No,2400,2400,0,5483,125
07:53:55.338,active,15294,720,7542,16785,0,95,62.8,55.3,No,2400,2400,0,5494,125
07:53:56.337,active,15258,914,13966,16785,-4,95,62.2,58.0,No,2400,2400,0,5493,125
07:53:57.337,active,15258,788,12096,16786,0,95,63.4,53.5,No,2400,2400,0,5499,125
07:53:58.341,active,15266,968,14816,16786,0,95,62.8,52.6,No,2400,2400,0,5499,125
07:53:59.337,active,15256,714,10956,16786,0,95,62.2,52.4,No,2400,2400,0,5500,125
07:54:00.337,active,15275,808,11382,16786,0,95,63.9,55.1,No,2400,2400,0,5501,125
07:54:01.338,active,15268,766,11748,16785,0,95,64.5,57.6,No,2400,2400,0,5502,125
07:54:02.337,active,15260,786,12964,16786,-3,95,62.8,57.6,No,2400,2400,0,5512,125
07:54:03.341,active,15273,808,12384,16785,-4,95,64.5,58.1,No,2400,2400,0,5510,125
07:54:04.337,active,15271,742,13754,16786,-4,95,63.4,57.7,No,2400,2400,0,5510,125
07:54:05.337,active,15292,712,10918,16786,-4,95,63.4,56.9,No,2400,2400,0,5498,125
07:54:06.344,active,15296,776,11902,16785,-3,95,63.4,57.3,No,2400,2400,0,5497,125
07:54:07.337,active,15288,814,7872,16784,0,95,62.2,57.6,No,2400,2400,0,5505,125
07:54:08.339,active,15296,776,11902,16787,0,95,64.5,58.0,No,2400,2400,0,5509,125
07:54:09.337,active,15294,716,11864,16786,0,95,63.9,57.4,No,2400,2400,0,5502,125
07:54:10.339,active,15299,666,10204,16786,0,95,63.9,57.3,No,2400,2400,0,5508,125
07:54:11.340,active,15296,742,10590,16786,0,95,63.4,56.8,No,2400,2400,0,5508,125
07:54:12.338,active,15301,742,11382,16785,0,95,63.4,58.0,No,2400,2400,0,5511,125
07:54:13.337,active,15299,798,10726,16785,0,95,63.9,58.8,No,2400,2400,0,5513,125
07:54:14.337,active,15273,732,11226,16786,0,95,63.9,56.9,No,2400,2400,0,5516,125
07:54:15.337,active,15307,732,11226,16787,0,95,64.5,56.6,No,2400,2400,0,5527,125
07:54:16.340,active,15288,672,10300,16786,0,95,64.5,56.5,No,2400,2400,0,5506,125
07:54:17.341,active,15309,776,11864,16786,0,95,64.5,57.2,No,2400,2400,0,5517,125
07:54:18.337,active,15318,482,13276,16785,-3,95,63.9,57.3,No,2400,2400,0,5524,125
07:54:19.337,active,15307,686,10514,16784,0,95,64.5,57.4,No,2400,2400,0,5510,125
07:54:20.341,active,15316,568,11022,16787,0,95,63.9,57.1,No,2400,2400,0,5516,125
07:54:21.337,active,15341,546,8392,16786,-4,95,63.9,57.5,No,2400,2400,0,5518,125
07:54:22.338,active,15316,578,10172,16786,-3,95,64.5,57.8,No,2400,2400,0,5533,125
07:54:23.340,active,15301,754,11574,16785,-4,95,63.4,58.1,No,2400,2400,0,5539,125
07:54:24.337,active,15266,890,12134,16786,-6,95,63.9,59.0,No,2400,2400,0,5529,125
07:54:25.337,sleep,15294,436,6694,16787,0,95,61.1,40.0,No,2400,2400,0,5538,125
07:54:26.337,sleep,15288,380,7292,16786,9,95,60.0,0.0,No,2400,2400,0,5578,125
07:54:27.337,sleep,15290,502,7696,16788,9,95,59.0,-0.0,No,2400,2400,0,5581,125
07:54:28.337,sleep,15292,764,7966,16787,12,95,57.9,0.0,No,2400,2400,0,5574,125
07:54:29.337,sleep,15283,494,7562,16788,11,95,57.3,0.0,No,2400,2400,0,5571,125
07:54:30.337,sleep,15288,664,9298,16788,12,95,56.8,0.0,No,1500,2400,0,5583,125
07:54:31.337,sleep,15290,492,7542,16789,18,95,56.2,0.3,No,1500,2400,0,5591,125
07:54:32.337,sleep,15296,398,6096,16788,15,95,55.1,0.3,No,1500,2400,0,5589,125
07:54:33.337,sleep,15290,438,7156,16790,15,95,54.5,-0.0,No,1500,2400,0,5590,125
07:54:34.337,sleep,15292,494,7580,16790,15,95,54.0,0.0,No,1500,2400,0,4604,75
07:54:35.337,sleep,15290,388,8932,16788,12,95,54.0,0.3,No,1500,2400,0,3606,75
07:54:36.337,sleep,15294,438,6712,16788,14,95,54.0,0.3,No,1500,2400,0,3466,75
07:54:37.337,sleep,15296,532,5884,16788,11,95,54.0,0.0,No,1500,2400,0,3432,75
07:54:38.337,sleep,15292,330,5072,16789,14,95,54.0,0.3,No,1500,2400,0,3424,75
07:54:39.337,sleep,15290,560,7176,16790,16,95,53.5,0.0,No,1500,2400,0,3425,75
07:54:40.337,active,15296,518,7948,16787,8,95,55.1,24.6,No,2400,2400,0,3413,75
07:54:41.339,active,15307,750,10012,16786,-3,95,57.9,59.1,No,2400,2400,0,3370,75
07:54:42.340,active,15236,800,12210,16787,0,95,59.0,53.1,No,2400,2400,0,3366,75
07:54:43.341,active,15301,866,13234,16787,0,95,59.5,51.7,No,2400,2400,0,3356,75
07:54:44.337,active,15251,824,12616,16786,0,95,60.0,56.1,No,2400,2400,0,3549,125
07:54:45.338,active,15303,740,11304,16786,-3,95,59.0,55.2,No,2400,2400,0,5314,125
07:54:46.337,active,15253,596,9124,16785,-5,95,60.6,54.1,No,2400,2400,0,5462,125
07:54:47.337,active,15326,758,11594,16786,0,95,61.7,58.2,No,2400,2400,0,5464,125
07:54:48.337,active,15299,476,7292,16786,0,95,62.2,52.3,No,2400,2400,0,5466,125
07:54:49.337,active,15318,678,10378,16786,0,95,62.2,52.6,No,2400,2400,0,5462,125
07:54:50.338,active,15301,464,13504,16787,0,95,61.1,52.8,No,2400,2400,0,5460,125
07:54:51.343,active,15294,726,11130,16787,0,95,61.1,55.1,No,2400,2400,0,5460,125
07:54:52.337,active,15256,754,11574,16786,0,95,61.1,56.3,No,2400,2400,0,5466,125
07:54:53.337,active,15299,706,10842,16788,3,95,62.2,54.6,No,2400,2400,0,5467,125
07:54:54.337,active,15279,746,11458,16786,-3,95,62.2,56.5,No,2400,2400,0,5467,125
07:54:55.337,active,15301,696,10668,16786,0,95,62.2,54.2,No,2400,2400,0,5473,125
07:54:56.338,active,15277,740,11342,16785,-4,95,61.7,53.3,No,2400,2400,0,5477,125
07:54:57.337,active,15307,666,10460,16785,-3,95,61.1,53.1,No,2400,2400,0,5479,125
07:54:58.337,active,15266,708,10860,16785,0,95,61.7,52.6,No,2400,2400,0,5476,125
07:54:59.337,active,15296,804,10278,16785,0,95,62.8,52.1,No,2400,2400,0,5474,125
07:55:00.337,active,15311,530,8140,16785,-3,95,63.4,51.7,No,2400,2400,0,5477,125
07:55:01.341,active,15324,742,8604,16786,0,95,62.8,52.1,No,2400,2400,0,5487,125
07:55:02.342,active,15320,448,6866,16785,0,95,61.7,52.1,No,2400,2400,0,5490,125
07:55:03.337,active,15341,516,7908,16786,0,95,61.1,52.1,No,2400,2400,0,5501,125
07:55:04.337,active,15350,582,8950,16786,0,95,62.8,55.6,No,2400,2400,0,5496,125
07:55:05.341,active,15296,524,8064,16785,0,95,62.8,56.9,No,2400,2400,0,5497,125
07:55:06.337,active,15296,582,8932,16786,-3,95,62.8,57.0,No,2400,2400,0,5505,125
07:55:07.341,active,15294,504,7754,16787,-4,95,62.8,58.0,No,2400,2400,0,5500,125
07:55:08.337,active,15294,704,8242,16787,0,95,62.2,58.2,No,2400,2400,0,5502,125
07:55:09.337,active,15273,824,12636,16785,-6,95,62.8,58.7,No,2400,2400,0,5505,125
07:55:10.337,active,15271,926,14160,16785,-6,95,62.8,56.8,No,2400,2400,0,5508,125
07:55:11.337,active,15266,732,11208,16784,-4,95,63.4,57.0,No,2400,2400,0,5510,125
07:55:12.339,active,15268,836,12808,16786,-3,95,63.4,58.0,No,2400,2400,0,5511,125
07:55:13.344,active,15256,778,11922,16786,-3,95,63.4,56.4,No,2400,2400,0,5510,125
07:55:14.337,active,15260,762,11670,16786,0,95,63.4,57.2,No,2400,2400,0,5510,125
07:55:15.341,active,15277,766,11728,16785,-4,95,63.9,58.1,No,2400,2400,0,5518,125
07:55:16.341,active,15277,748,11440,16785,-3,95,63.4,53.1,No,2400,2400,0,5525,125
07:55:17.337,active,15268,666,10698,16785,0,95,64.5,57.7,No,2400,2400,0,5508,125
07:55:18.338,active,15296,698,10706,16787,-3,95,63.4,56.6,No,2400,2400,0,5511,125
07:55:19.339,active,15303,1006,12808,16787,0,95,63.4,56.3,No,2400,2400,0,5505,125
07:55:20.337,active,15301,680,10436,16786,0,95,63.9,56.9,No,2400,2400,0,5497,125
07:55:21.337,active,15305,664,10186,16787,3,95,63.9,57.2,No,2400,2400,0,5520,125
07:55:22.337,active,15299,770,11806,16786,4,95,64.5,57.9,No,2400,2400,0,5520,125
07:55:23.337,active,15307,744,11420,16785,0,95,63.9,56.4,No,2400,2400,0,5522,125
07:55:24.344,active,15305,716,10996,16787,0,95,63.4,57.3,No,2400,2400,0,5522,125
07:55:25.337,active,15277,740,11362,16787,0,95,63.4,57.2,No,2400,2400,0,5518,125
07:55:26.339,active,15307,708,10860,16785,0,95,63.9,57.7,No,2400,2400,0,5521,125
07:55:27.341,active,15316,454,6982,16787,0,95,63.4,57.0,No,2400,2400,0,5522,125
07:55:28.337,active,15352,450,6924,16785,0,95,63.9,57.3,No,2400,2400,0,5520,125
07:55:29.337,active,15316,486,7466,16786,0,95,61.7,56.4,No,2400,2400,0,5519,125
07:55:30.337,active,15341,546,7580,16786,0,95,62.8,56.4,No,2400,2400,0,5531,125
07:55:31.337,active,15314,508,7792,16786,0,95,63.4,57.8,No,2400,2400,0,5538,125
07:55:32.341,active,15337,516,7812,16786,0,95,64.5,58.1,No,2400,2400,0,5530,125
07:55:33.341,active,15324,584,8950,16787,3,95,64.5,58.8,No,2400,2400,0,5525,125
07:55:34.337,active,15309,494,7408,16785,0,95,63.4,59.0,No,2400,2400,0,5523,125
07:55:35.338,active,15333,446,6848,16785,-4,95,63.9,58.9,No,2400,2400,0,5520,125
07:55:36.337,active,15286,998,15298,16787,0,95,63.9,59.1,No,2400,2400,0,5529,125
07:55:37.337,active,15258,798,10802,16786,-5,95,63.9,58.9,No,2400,2400,0,5529,125
07:55:38.341,active,15273,942,14410,16786,0,95,63.9,59.2,No,2400,2400,0,5533,125
07:55:39.337,active,15279,724,15452,16786,0,95,64.5,58.3,No,2400,2400,0,5516,125
07:55:40.337,sleep,15301,484,7426,16786,5,95,61.1,41.7,No,2400,2400,0,5535,125
07:55:41.337,sleep,15283,516,6924,16788,13,95,59.0,0.0,No,2400,2400,0,5577,125
07:55:42.337,sleep,15294,544,8352,16788,11,95,59.0,-0.0,No,2400,2400,0,5580,125
07:55:43.337,sleep,15292,482,7754,16787,7,95,57.3,0.0,No,2400,2400,0,5579,125
07:55:44.337,sleep,15294,530,8120,16788,11,95,58.4,0.5,No,2400,2400,0,5573,125
07:55:45.337,sleep,15290,546,8392,16789,13,95,56.2,0.0,No,1500,2400,0,5579,125
07:55:46.337,sleep,15292,446,6848,16789,14,95,55.1,0.8,No,1500,2400,0,5595,125
07:55:47.337,sleep,15292,470,7214,16790,15,95,55.1,0.3,No,1500,2400,0,5598,125
07:55:48.337,sleep,15296,494,5258,16789,13,95,54.0,-0.0,No,1500,2400,0,5595,125
07:55:49.337,sleep,15296,304,4668,16789,13,95,54.0,0.5,No,1500,2400,0,4162,75
07:55:50.337,sleep,15292,480,7350,16789,14,95,53.5,0.3,No,1500,2400,0,3547,75
07:55:51.337,sleep,15294,526,8064,16789,18,95,53.5,0.0,No,1500,2400,0,3441,75
07:55:52.337,sleep,15294,364,7622,16790,17,95,52.9,1.5,No,1500,2400,0,3440,75
07:55:53.337,sleep,15292,514,7870,16791,17,95,53.5,-0.0,No,1500,2400,0,3426,75
07:55:54.337,sleep,15292,306,4938,16791,18,95,52.4,0.3,No,1500,2400,0,3424,75
07:55:55.341,active,15299,526,8064,16789,13,95,56.2,22.9,No,2400,2400,0,3407,75
07:55:56.337,active,15307,598,9124,16786,0,95,57.3,53.1,No,2400,2400,0,3357,75
07:55:57.342,active,15307,528,8102,16786,0,95,58.4,53.4,No,2400,2400,0,3347,75
07:55:58.337,active,15314,506,7774,16786,-3,95,59.0,55.2,No,2400,2400,0,3341,75
07:55:59.337,active,15296,554,8506,16786,0,95,59.5,54.7,No,2400,2400,0,3336,75
07:56:00.337,active,15318,572,8758,16787,0,95,61.1,57.8,No,2400,2400,0,4346,125
07:56:01.337,active,15316,526,8082,16786,0,95,60.6,53.5,No,2400,2400,0,5378,125
07:56:02.337,active,15322,464,7118,16785,-4,95,61.1,55.9,No,2400,2400,0,5451,125
07:56:03.342,active,15318,510,7832,16785,-3,95,61.1,56.4,No,2400,2400,0,5461,125
07:56:04.337,active,15309,660,10146,16786,0,95,60.6,58.7,No,2400,2400,0,5455,125
07:56:05.337,active,15260,950,11844,16786,-3,95,61.1,56.7,No,2400,2400,0,5457,125
07:56:06.337,active,15264,878,13446,16787,0,95,62.2,55.0,No,2400,2400,0,5462,125
07:56:07.337,active,15268,896,11440,16786,-3,95,61.7,53.5,No,2400,2400,0,5445,125
07:56:08.338,active,15271,864,13234,16785,0,95,62.8,56.0,No,2400,2400,0,5453,125
07:56:09.338,active,15251,600,10802,16785,0,95,61.1,52.9,No,2400,2400,0,5458,125
07:56:10.337,active,15275,692,10590,16786,-3,95,60.0,53.2,No,2400,2400,0,5465,125
07:56:11.337,active,15262,698,10706,16787,0,95,61.7,52.3,No,2400,2400,0,5475,125
07:56:12.337,active,15258,952,14564,16787,0,95,61.7,51.8,No,2400,2400,0,5476,125
07:56:13.337,active,15350,478,7368,16786,0,95,61.7,51.9,No,2400,2400,0,5475,125
07:56:14.338,active,15354,534,7948,16785,0,95,62.2,53.2,No,2400,2400,0,5478,125
07:56:15.337,active,15329,440,6770,16786,0,95,62.2,55.9,No,2400,2400,0,5481,125
07:56:16.337,active,15299,616,8932,16787,0,95,61.7,54.3,No,2400,2400,0,5485,125
07:56:17.337,active,15341,498,7678,16788,4,95,63.4,54.6,No,2400,2400,0,5488,125
07:56:18.337,active,15299,744,8082,16786,0,95,63.4,54.3,No,2400,2400,0,5491,125
07:56:19.338,active,15296,654,10012,16787,0,95,62.8,55.0,No,2400,2400,0,5491,125
07:56:20.338,active,15301,730,11882,16784,0,95,62.8,55.9,No,2400,2400,0,5494,125
07:56:21.337,active,15296,710,10880,16787,0,95,62.2,55.5,No,2400,2400,0,5498,125
07:56:22.337,active,15311,662,10128,16788,0,95,63.4,56.2,No,2400,2400,0,5493,125
07:56:23.341,active,15307,622,11980,16787,0,95,62.8,56.1,No,2400,2400,0,5492,125
07:56:24.337,active,15307,700,10686,16786,0,95,63.4,57.6,No,2400,2400,0,5494,125
07:56:25.338,active,15309,554,10918,16786,0,95,62.2,57.9,No,2400,2400,0,5498,125
07:56:26.337,active,15268,538,8218,16785,0,95,62.2,57.7,No,2400,2400,0,5490,125
07:56:27.337,active,15311,534,11208,16786,0,95,63.9,57.9,No,2400,2400,0,5501,125
07:56:28.341,active,15309,514,7890,16787,0,95,63.4,57.4,No,2400,2400,0,5509,125
07:56:29.338,active,15309,496,10224,16787,0,95,63.4,56.6,No,2400,2400,0,5508,125
07:56:30.338,active,15309,476,7310,16786,0,95,63.9,58.3,No,2400,2400,0,5504,125
07:56:31.340,active,15264,750,11498,16786,0,95,62.8,57.5,No,2400,2400,0,5508,125
07:56:32.337,active,15281,726,10648,16785,0,95,63.4,57.9,No,2400,2400,0,5502,125
07:56:33.340,active,15266,766,11768,16786,0,95,63.4,58.6,No,2400,2400,0,5514,125
07:56:34.337,active,15305,736,11400,16786,0,95,64.5,57.1,No,2400,2400,0,5513,125
07:56:35.339,active,15303,730,11208,16786,0,95,63.9,57.5,No,2400,2400,0,5507,125
07:56:36.339,active,15296,812,11342,16788,0,95,63.9,56.8,No,2400,2400,0,5511,125
07:56:37.338,active,15294,798,12230,16787,3,95,63.4,57.8,No,2400,2400,0,5518,125
07:56:38.337,active,15258,890,11054,16785,0,95,62.8,57.9,No,2400,2400,0,5509,125
07:56:39.337,active,15279,952,14604,16787,0,95,64.5,57.1,No,2400,2400,0,5516,125
07:56:40.337,active,15290,502,7716,16787,0,95,63.4,56.8,No,2400,2400,0,5521,125
07:56:41.337,active,15314,482,7736,16788,0,95,63.4,54.2,No,2400,2400,0,5523,125
07:56:42.341,active,15344,508,7812,16788,0,95,62.8,52.4,No,2400,2400,0,5517,125
07:56:43.337,active,15318,508,8990,16788,5,95,62.2,52.0,No,2400,2400,0,5515,125
07:56:44.337,active,15337,508,7812,16787,5,95,63.4,53.9,No,2400,2400,0,5522,125
07:56:45.337,active,15348,470,7388,16787,4,95,63.4,52.5,No,2400,2400,0,5531,125
07:56:46.337,active,15320,550,8448,16786,0,95,61.7,52.4,No,2400,2400,0,5527,125
07:56:47.341,active,15344,470,7022,16789,3,95,62.8,52.1,No,2400,2400,0,5524,125
07:56:48.342,active,15333,542,8334,16787,0,95,62.8,52.1,No,2400,2400,0,5515,125
07:56:49.337,active,15243,984,15066,16787,3,95,63.4,52.7,No,2400,2400,0,5524,125
07:56:50.337,active,15256,870,11980,16787,6,95,63.4,52.9,No,2400,2400,0,5540,125
07:56:51.340,active,15253,864,13214,16788,7,95,63.4,52.6,No,2400,2400,0,5531,125
07:56:52.337,active,15238,768,14892,16787,0,95,62.8,51.9,No,2400,2400,0,5530,125
07:56:53.341,active,15249,862,13176,16788,4,95,61.7,52.7,No,2400,2400,0,5538,125
07:56:54.337,active,15260,604,11574,16788,4,95,62.2,56.6,No,2400,2400,0,5528,125
07:56:55.337,sleep,15290,416,6384,16788,4,95,60.0,40.7,No,2400,2400,0,5538,125
07:56:56.337,sleep,15299,508,6694,16789,14,95,59.5,0.3,No,2400,2400,0,5573,125
07:56:57.337,sleep,15296,472,7234,16790,16,95,57.3,0.0,No,2400,2400,0,5581,125
07:56:58.337,sleep,15299,492,7542,16788,16,95,57.3,0.3,No,2400,2400,0,5576,125
07:56:59.337,sleep,15292,528,7542,16790,16,95,56.2,0.3,No,2400,2400,0,5574,125
07:57:00.337,sleep,15281,388,5960,16791,20,95,56.8,0.0,No,1500,2400,0,5577,125
07:57:01.337,sleep,15286,422,6384,16791,21,95,55.6,0.3,No,1500,2400,0,5597,125
07:57:02.337,sleep,15290,452,6944,16790,20,95,55.1,-0.0,No,1500,2400,0,5585,125
07:57:03.337,sleep,15286,476,7696,16790,16,95,54.5,0.3,No,1500,2400,0,5592,125
07:57:04.337,sleep,15290,448,6866,16791,23,95,54.0,0.0,No,1500,2400,0,3887,75
07:57:05.337,sleep,15288,330,6810,16791,21,95,54.0,0.3,No,1500,2400,0,3491,75
07:57:06.337,sleep,15286,330,5072,16792,22,95,53.5,0.0,No,1500,2400,0,3440,75
07:57:07.337,sleep,15292,366,5612,16792,22,95,53.5,-0.0,No,1500,2400,0,3432,75
07:57:08.337,sleep,15288,368,8718,16791,22,95,52.9,0.3,No,1500,2400,0,3423,75
07:57:09.337,sleep,15292,390,5980,16790,19,95,52.9,0.0,No,1500,2400,0,3415,75
07:57:10.341,active,15301,464,8758,16790,17,95,55.1,21.8,No,2400,2400,0,3402,75
07:57:11.337,active,15307,492,7562,16787,-3,95,56.2,55.7,No,2400,2400,0,3364,75
07:57:12.337,active,15299,544,8044,16788,0,95,57.9,55.2,No,2400,2400,0,3346,75
07:57:13.337,active,15307,526,8064,16787,0,95,59.5,56.5,No,2400,2400,0,3313,75
07:57:14.337,active,15311,484,7678,16786,-3,95,59.0,55.3,No,2400,2400,0,3316,75
07:57:15.341,active,15314,450,6906,16786,-4,95,60.0,61.3,No,2400,2400,0,3322,75
07:57:16.343,active,15256,700,8448,16787,0,95,59.0,52.9,No,2400,2400,0,3330,75
07:57:17.337,active,15260,914,10494,16787,0,95,59.5,51.8,No,2400,2400,0,3317,75
07:57:18.337,active,15253,668,10262,16787,3,95,60.6,52.3,No,2400,2400,0,3310,75
07:57:19.341,active,15256,1008,12712,16787,0,95,61.1,51.8,No,2400,2400,0,4680,125
07:57:20.337,active,15273,748,11440,16786,0,95,60.6,51.3,No,2400,2400,0,5386,125
07:57:21.342,active,15251,936,11710,16787,0,95,60.6,55.0,No,2400,2400,0,5438,125
07:57:22.337,active,15253,872,13330,16787,0,95,61.1,54.2,No,2400,2400,0,5432,125
07:57:23.337,active,15264,526,11170,16788,5,95,62.2,54.9,No,2400,2400,0,5435,125
07:57:24.337,active,15262,926,14178,16788,0,95,62.2,56.9,No,2400,2400,0,5425,125
07:57:25.337,active,15331,518,14236,16788,0,95,61.7,55.0,No,2400,2400,0,5418,125
07:57:26.338,active,15294,656,7850,16787,0,95,62.8,55.0,No,2400,2400,0,5426,125
07:57:27.338,active,15292,854,13098,16787,0,95,61.7,54.0,No,2400,2400,0,5428,125
07:57:28.337,active,15292,786,8448,16786,0,95,62.8,55.3,No,2400,2400,0,5434,125
07:57:29.337,active,15292,808,12384,16785,0,95,61.7,55.2,No,2400,2400,0,5440,125
07:57:30.337,active,15296,736,11284,16787,0,95,62.8,56.3,No,2400,2400,0,5447,125
07:57:31.338,active,15294,688,10552,16788,0,95,62.2,53.6,No,2400,2400,0,5453,125
07:57:32.345,active,15299,786,12038,16786,0,95,62.2,53.5,No,2400,2400,0,5459,125
07:57:33.337,active,15288,696,10686,16786,0,95,61.7,51.8,No,2400,2400,0,5460,125
07:57:34.337,active,15245,912,8276,16787,0,95,62.2,52.3,No,2400,2400,0,5458,125
07:57:35.340,active,15245,896,13542,16787,0,95,62.2,52.2,No,2400,2400,0,5464,125
07:57:36.341,active,15238,818,12500,16788,0,95,63.4,51.8,No,2400,2400,0,5466,125
07:57:37.337,active,15303,764,11670,16787,3,95,62.8,51.7,No,2400,2400,0,5466,125
07:57:38.341,active,15275,742,11362,16786,0,95,61.7,52.0,No,2400,2400,0,5480,125
07:57:39.337,active,15301,706,10784,16786,0,95,61.1,51.7,No,2400,2400,0,5487,125
07:57:40.337,active,15296,692,12442,16786,0,95,62.8,52.2,No,2400,2400,0,5490,125
07:57:41.337,active,15311,718,10976,16788,0,95,63.4,54.5,No,2400,2400,0,5479,125
07:57:42.338,active,15294,518,11554,16787,-3,95,63.4,55.9,No,2400,2400,0,5482,125
07:57:43.341,active,15253,638,9760,16786,-4,95,62.2,56.6,No,2400,2400,0,5493,125
07:57:44.342,active,15305,714,10938,16787,0,95,62.2,54.2,No,2400,2400,0,5491,125
07:57:45.337,active,15290,686,10514,16787,0,95,61.7,53.4,No,2400,2400,0,5488,125
07:57:46.341,active,15264,756,11612,16787,-3,95,62.8,54.7,No,2400,2400,0,5484,125
07:57:47.341,active,15303,796,12210,16785,-8,95,62.8,58.6,No,2400,2400,0,5487,125
07:57:48.338,active,15266,700,10744,16785,-7,95,63.4,58.6,No,2400,2400,0,5503,125
07:57:49.338,active,15296,750,10986,16786,-3,95,62.8,56.2,No,2400,2400,0,5510,125
07:57:50.337,active,15271,712,10918,16786,0,95,62.2,53.2,No,2400,2400,0,5502,125
07:57:51.337,active,15303,672,11600,16786,0,95,62.8,54.2,No,2400,2400,0,5500,125
07:57:52.339,active,15258,742,11382,16788,0,95,62.8,54.1,No,2400,2400,0,5503,125
07:57:53.337,active,15346,714,9162,16788,0,95,62.8,54.8,No,2400,2400,0,5504,125
07:57:54.341,active,15348,534,8218,16787,0,95,62.2,56.2,No,2400,2400,0,5503,125
07:57:55.338,active,15292,500,7696,16786,0,95,62.2,58.0,No,2400,2400,0,5510,125
07:57:56.337,active,15352,552,8506,16786,0,95,62.8,57.9,No,2400,2400,0,5515,125
07:57:57.341,active,15290,518,7966,16786,0,95,63.9,57.8,No,2400,2400,0,5516,125
07:57:58.337,active,15292,582,8932,16786,-5,95,63.9,58.5,No,2400,2400,0,5509,125
07:57:59.337,active,15290,438,6752,16787,-4,95,63.9,57.1,No,2400,2400,0,5504,125
07:58:00.341,active,15288,644,7310,16785,-3,95,63.4,56.4,No,2400,2400,0,5507,125
07:58:01.337,active,15294,514,7908,16785,-5,95,62.8,58.5,No,2400,2400,0,5518,125
07:58:02.337,active,15260,748,11478,16785,-4,95,63.4,57.7,No,2400,2400,0,5513,125
07:58:03.337,active,15283,694,10648,16785,-7,95,63.9,56.7,No,2400,2400,0,5516,125
07:58:04.339,active,15273,724,11072,16786,-3,95,64.5,57.0,No,2400,2400,0,5509,125
07:58:05.340,active,15273,704,10764,16785,-5,95,64.5,55.8,No,2400,2400,0,5511,125
07:58:06.338,active,15253,920,14082,16785,-4,95,62.8,55.9,No,2400,2400,0,5515,125
07:58:07.337,active,15251,804,13908,16785,0,95,63.4,55.3,No,2400,2400,0,5518,125
07:58:08.337,active,15262,750,11498,16787,0,95,63.4,56.8,No,2400,2400,0,5522,125
07:58:09.337,active,15262,818,12404,16787,0,95,63.9,56.3,No,2400,2400,0,5523,125
07:58:10.337,sleep,15288,520,7966,16786,-6,95,61.1,42.8,No,2400,2400,0,5531,125
07:58:11.337,sleep,15290,434,6654,16788,11,95,59.5,0.0,No,2400,2400,0,5568,125
07:58:12.337,sleep,15290,442,6770,16788,10,95,60.0,0.0,No,2400,2400,0,5569,125
07:58:13.337,sleep,15286,516,7928,16788,8,95,58.4,0.3,No,2400,2400,0,5569,125
07:58:14.337,sleep,15290,432,8408,16788,5,95,56.8,-0.0,No,2400,2400,0,5573,125
07:58:15.337,sleep,15286,538,8256,16787,5,95,57.3,0.3,No,1500,2400,0,5573,125
07:58:16.337,sleep,15294,404,5324,16789,11,95,55.1,0.0,No,1500,2400,0,5585,125
07:58:17.337,sleep,15283,506,7754,16789,14,95,54.5,0.0,No,1500,2400,0,5591,125
07:58:18.337,sleep,15292,490,5188,16788,13,95,55.1,0.3,No,1500,2400,0,5592,125
07:58:19.337,sleep,15288,568,8700,16788,10,95,54.0,0.0,No,1500,2400,0,5396,75
07:58:20.337,sleep,15286,222,3394,16790,17,95,54.0,0.2,No,1500,2400,0,3733,75
07:58:21.337,sleep,15296,440,6752,16790,14,95,53.5,0.0,No,1500,2400,0,3472,75
07:58:22.337,sleep,15294,264,4050,16789,15,95,52.9,0.5,No,1500,2400,0,3430,75
07:58:23.337,sleep,15288,508,7774,16789,14,95,52.9,0.0,No,1500,2400,0,3419,75
07:58:24.337,sleep,15288,312,4784,16789,14,95,53.5,0.2,No,1500,2400,0,3419,75
07:58:25.337,active,15309,450,9722,16789,11,95,55.6,20.6,No,2400,2400,0,3413,75
07:58:26.337,active,15331,492,7562,16787,-7,95,58.4,58.0,No,2400,2400,0,3365,75
07:58:27.337,active,15320,452,7002,16787,-7,95,57.9,58.8,No,2400,2400,0,3336,75
07:58:28.345,active,15294,454,6982,16787,-6,95,58.4,59.1,No,2400,2400,0,3335,75
07:58:29.337,active,15288,754,11536,16787,0,95,59.5,59.8,No,2400,2400,0,3330,75
07:58:30.341,active,15273,796,12172,16786,-4,95,60.6,59.5,No,2400,2400,0,5152,125
07:58:31.337,active,15268,732,11246,16787,0,95,61.1,57.7,No,2400,2400,0,5445,125
07:58:32.337,active,15260,890,13620,16785,-7,95,61.1,56.2,No,2400,2400,0,5465,125
07:58:33.341,active,15258,712,10918,16786,0,95,61.1,55.1,No,2400,2400,0,5460,125
07:58:34.343,active,15271,772,11112,16787,-3,95,61.7,54.4,No,2400,2400,0,5446,125
07:58:35.337,active,15251,732,11246,16787,0,95,59.5,55.0,No,2400,2400,0,5462,125
07:58:36.337,active,15258,896,10976,16786,0,95,62.2,59.8,No,2400,2400,0,5463,125
07:58:37.341,active,15305,738,11304,16787,0,95,61.7,56.7,No,2400,2400,0,5465,125
07:58:38.337,active,15354,480,7368,16787,0,95,62.2,51.2,No,2400,2400,0,5467,125
07:58:39.338,active,15326,496,7638,16786,0,95,61.7,51.4,No,2400,2400,0,5474,125
07:58:40.337,active,15329,456,6982,16786,0,95,61.1,51.4,No,2400,2400,0,5474,125
07:58:41.337,active,15337,440,7138,16787,0,95,60.6,52.3,No,2400,2400,0,5470,125
07:58:42.339,active,15292,516,7908,16788,0,95,61.7,52.3,No,2400,2400,0,5478,125
07:58:43.337,active,15341,542,7040,16786,0,95,62.2,52.6,No,2400,2400,0,5477,125
07:58:44.340,active,15296,630,9664,16785,0,95,61.1,54.5,No,2400,2400,0,5480,125
07:58:45.341,active,15288,690,8198,16786,0,95,61.7,53.2,No,2400,2400,0,5478,125
07:58:46.337,active,15292,750,11498,16787,0,95,62.2,53.3,No,2400,2400,0,5475,125
07:58:47.341,active,15279,740,11304,16786,-6,95,63.9,58.0,No,2400,2400,0,5481,125
07:58:48.341,active,15251,696,11382,16786,-5,95,63.4,54.4,No,2400,2400,0,5486,125
07:58:49.337,active,15309,952,14564,16785,-4,95,62.8,56.7,No,2400,2400,0,5476,125
07:58:50.337,active,15268,644,13330,16786,0,95,62.8,58.1,No,2400,2400,0,5485,125
07:58:51.337,active,15245,900,13734,16786,0,95,62.2,57.8,No,2400,2400,0,5486,125
07:58:52.337,active,15301,634,12924,16787,-3,95,62.2,56.0,No,2400,2400,0,5489,125
07:58:53.340,active,15245,776,11864,16787,0,95,62.8,52.3,No,2400,2400,0,5493,125
07:58:54.337,active,15303,436,12346,16786,0,95,62.2,51.4,No,2400,2400,0,5501,125
07:58:55.339,active,15258,606,9278,16787,4,95,62.2,51.4,No,2400,2400,0,5510,125
07:58:56.341,active,15294,822,12616,16786,3,95,61.7,51.5,No,2400,2400,0,5510,125
07:58:57.337,active,15290,760,11652,16788,6,95,62.2,51.7,No,2400,2400,0,5504,125
07:58:58.337,active,15294,676,10358,16788,3,95,62.2,53.2,No,2400,2400,0,5513,125
07:58:59.337,active,15311,754,11130,16786,0,95,63.4,55.6,No,2400,2400,0,5507,125
07:59:00.337,active,15290,716,10976,16786,0,95,64.5,55.0,No,2400,2400,0,5513,125
07:59:01.338,active,15303,760,10686,16785,0,95,62.8,56.6,No,2400,2400,0,5517,125
07:59:02.339,active,15314,672,10320,16785,-5,95,62.2,55.3,No,2400,2400,0,5521,125
07:59:03.337,active,15294,634,11246,16785,-7,95,61.7,54.4,No,2400,2400,0,5521,125
07:59:04.337,active,15294,736,11284,16785,-4,95,62.8,53.8,No,2400,2400,0,5519,125
07:59:05.341,active,15309,514,7870,16785,0,95,63.4,52.8,No,2400,2400,0,5514,125
07:59:06.337,active,15301,522,9702,16787,3,95,62.8,52.0,No,2400,2400,0,5515,125
07:59:07.338,active,15307,550,8448,16786,0,95,63.4,52.4,No,2400,2400,0,5524,125
07:59:08.337,active,15309,540,7696,16786,0,95,62.2,53.0,No,2400,2400,0,5524,125
07:59:09.337,active,15301,502,7696,16788,0,95,62.2,54.0,No,2400,2400,0,5523,125
07:59:10.338,active,15314,458,7022,16787,0,95,63.4,53.8,No,2400,2400,0,5521,125
07:59:11.338,active,15305,450,6906,16787,0,95,63.4,53.3,No,2400,2400,0,5510,125
07:59:12.337,active,15316,468,7176,16786,0,95,62.2,53.4,No,2400,2400,0,5523,125
07:59:13.338,active,15320,406,7274,16785,0,95,63.4,57.1,No,2400,2400,0,5520,125
07:59:14.337,active,15260,920,14082,16787,0,95,62.8,56.9,No,2400,2400,0,5517,125
07:59:15.337,active,15273,970,14834,16787,0,95,63.4,58.6,No,2400,2400,0,5533,125
07:59:16.337,active,15262,912,13948,16786,0,95,65.0,58.2,No,2400,2400,0,5527,125
07:59:17.339,active,15266,942,14410,16786,0,95,64.5,57.8,No,2400,2400,0,5527,125
07:59:18.341,active,15283,724,11092,16785,-3,95,63.4,57.7,No,2400,2400,0,5528,125
07:59:19.337,active,15256,920,14082,16785,-4,95,63.4,56.8,No,2400,2400,0,5517,125
07:59:20.337,active,15277,746,13176,16785,-3,95,63.4,58.1,No,2400,2400,0,5523,125
07:59:21.341,active,15266,824,12596,16787,-3,95,64.5,57.2,No,2400,2400,0,5528,125
07:59:22.337,active,15256,718,13948,16785,0,95,64.5,57.4,No,2400,2400,0,5531,125
07:59:23.340,active,15292,722,11072,16785,0,95,64.5,57.6,No,2400,2400,0,5529,125
07:59:24.340,active,15299,570,8738,16784,-6,95,63.9,57.7,No,2400,2400,0,5537,125
07:59:25.337,sleep,15296,464,7138,16787,0,95,61.7,45.5,No,2400,2400,0,5534,125
07:59:26.337,sleep,15292,534,8198,16789,11,95,60.0,-0.0,No,2400,2400,0,5567,125
07:59:27.337,sleep,15292,592,8140,16788,13,95,59.0,0.0,No,2400,2400,0,5578,125
07:59:28.337,sleep,15296,470,7194,16789,13,95,57.9,0.3,No,2400,2400,0,5582,125
07:59:29.337,sleep,15286,492,7812,16788,12,95,57.9,0.0,No,2400,2400,0,5575,125
07:59:30.337,sleep,15296,412,6326,16789,9,95,56.8,0.3,No,1500,2400,0,5577,125
07:59:31.337,sleep,15290,560,6056,16790,17,95,55.1,0.0,No,1500,2400,0,5591,125
07:59:32.337,sleep,15288,352,6230,16790,17,95,54.5,0.2,No,1500,2400,0,5602,125
07:59:33.337,sleep,15288,474,7272,16790,18,95,55.1,0.0,No,1500,2400,0,4598,75
07:59:34.337,sleep,15299,310,7272,16790,20,95,54.0,0.3,No,1500,2400,0,3614,75
07:59:35.337,sleep,15290,246,3760,16790,18,95,54.0,0.3,No,1500,2400,0,3457,75
07:59:36.337,sleep,15296,502,5208,16791,17,95,54.5,0.0,No,1500,2400,0,3439,75
07:59:37.337,sleep,15294,628,9626,16792,19,95,53.5,0.0,No,1500,2400,0,3432,75
07:59:38.337,sleep,15292,458,7774,16791,13,95,52.9,-0.0,No,1500,2400,0,3428,75
07:59:39.337,sleep,15296,662,10146,16789,9,95,52.9,0.3,No,1500,2400,0,3420,75
07:59:40.342,active,15296,720,11034,16789,10,95,56.2,18.9,No,2400,2400,0,3419,75
07:59:41.337,active,15309,718,11034,16785,-14,95,57.3,59.2,No,2400,2400,0,3367,75
07:59:42.337,active,15296,702,10764,16785,-16,95,58.4,58.9,No,2400,2400,0,3358,75
07:59:43.337,active,15316,632,10320,16786,-10,95,60.0,60.5,No,2400,2400,0,3342,75
07:59:44.337,active,15305,740,11342,16785,-8,95,60.0,58.0,No,2400,2400,0,3482,125
07:59:45.340,active,15275,746,11440,16784,-11,95,60.6,59.6,No,2400,2400,0,5296,125
07:59:46.341,active,15305,814,12500,16784,-10,95,61.1,58.1,No,2400,2400,0,5448,125
07:59:47.337,active,15275,716,10996,16785,-9,95,60.6,58.4,No,2400,2400,0,5451,125
07:59:48.337,active,15303,752,11042,16785,-9,95,60.6,55.4,No,2400,2400,0,5458,125
07:59:49.337,active,15314,532,8178,16786,-6,95,61.7,57.9,No,2400,2400,0,5458,125
07:59:50.337,active,15324,488,5998,16785,-3,95,61.7,57.8,No,2400,2400,0,5453,125
07:59:51.341,active,15309,458,7040,16785,-3,95,62.2,57.8,No,2400,2400,0,5453,125
07:59:52.344,active,15322,504,7716,16785,0,95,61.7,56.3,No,2400,2400,0,5451,125
07:59:53.337,active,15311,526,8064,16788,0,95,60.6,55.0,No,2400,2400,0,5467,125
07:59:54.337,active,15320,562,8604,16788,0,95,61.7,55.1,No,2400,2400,0,5470,125
07:59:55.341,active,15307,522,7768,16787,0,95,61.7,55.7,No,2400,2400,0,5471,125
07:59:56.341,active,15341,492,7562,16785,-3,95,63.4,59.0,No,2400,2400,0,5467,125
07:59:57.338,active,15324,526,8006,16785,-5,95,61.1,52.7,No,2400,2400,0,5478,125
07:59:58.337,active,15305,758,11632,16785,-9,95,62.2,53.5,No,2400,2400,0,5469,125
07:59:59.337,active,15264,954,14622,16786,-3,95,63.4,53.7,No,2400,2400,0,5485,125
08:00:00.340,active,15275,796,10656,16785,-7,95,61.7,53.4,No,2400,2400,0,5482,125
08:00:01.341,active,15258,692,10628,16786,-3,95,63.4,53.1,No,2400,2400,0,5487,125
08:00:02.338,active,15277,858,10880,16785,-5,95,61.7,55.2,No,2400,2400,0,5493,125
08:00:03.343,active,15260,906,13890,16785,-4,95,61.1,55.5,No,2400,2400,0,5488,125
08:00:04.337,active,15258,916,10938,16784,-4,95,62.2,57.2,No,2400,2400,0,5484,125
08:00:05.337,active,15273,884,13542,16786,-5,95,63.4,57.1,No,2400,2400,0,5493,125
08:00:06.341,active,15260,870,10686,16787,0,95,63.4,54.7,No,2400,2400,0,5501,125
08:00:07.337,active,15296,560,8072,16787,0,95,62.8,56.2,No,2400,2400,0,5497,125
08:00:08.337,active,15292,480,7388,16787,0,95,63.4,55.9,No,2400,2400,0,5499,125
08:00:09.343,active,15288,720,8024,16785,-3,95,62.2,54.6,No,2400,2400,0,5499,125
08:00:10.337,active,15352,442,6810,16786,0,95,63.4,54.4,No,2400,2400,0,5498,125
08:00:11.341,active,15290,744,7966,16785,-5,95,63.4,55.2,No,2400,2400,0,5492,125
08:00:12.341,active,15294,674,10358,16786,-3,95,63.9,56.4,No,2400,2400,0,5500,125
08:00:13.337,active,15296,712,8662,16786,0,95,63.4,53.1,No,2400,2400,0,5510,125
08:00:14.338,active,15294,722,11072,16787,0,95,62.8,55.1,No,2400,2400,0,5509,125
08:00:15.337,active,15296,508,7832,16787,0,95,62.8,51.7,No,2400,2400,0,5509,125
08:00:16.337,active,15268,760,14044,16786,0,95,62.8,52.3,No,2400,2400,0,5514,125
08:00:17.338,active,15294,836,12770,16786,0,95,62.8,52.4,No,2400,2400,0,5514,125
08:00:18.337,active,15286,746,12636,16787,0,95,63.4,51.4,No,2400,2400,0,5514,125
08:00:19.338,active,15232,800,12230,16787,-4,95,62.8,51.8,No,2400,2400,0,5526,125
08:00:20.338,active,15303,496,11652,16786,-3,95,62.8,53.8,No,2400,2400,0,5511,125
08:00:21.337,active,15251,694,10628,16786,-4,95,62.2,53.9,No,2400,2400,0,5514,125
08:00:22.337,active,15305,516,13658,16785,0,95,63.9,53.8,No,2400,2400,0,5513,125
08:00:23.337,active,15305,690,10572,16786,0,95,63.4,52.5,No,2400,2400,0,5520,125
08:00:24.339,active,15316,518,10686,16787,0,95,63.4,52.8,No,2400,2400,0,5517,125
08:00:25.341,active,15305,496,7600,16787,0,95,63.4,56.6,No,2400,2400,0,5514,125
08:00:26.337,active,15290,712,10898,16785,-6,95,62.8,57.9,No,2400,2400,0,5517,125
08:00:27.337,active,15307,724,10860,16786,-3,95,62.8,57.9,No,2400,2400,0,5508,125
08:00:28.341,active,15271,700,10726,16786,-3,95,63.4,57.7,No,2400,2400,0,5519,125
08:00:29.337,active,15271,892,11362,16785,0,95,63.9,56.2,No,2400,2400,0,5525,125
08:00:30.341,active,15288,704,10784,16786,0,95,64.5,57.7,No,2400,2400,0,5520,125
08:00:31.337,active,15292,730,11324,16785,-6,95,63.4,58.6,No,2400,2400,0,5524,125
08:00:32.337,active,15305,704,10802,16786,0,95,63.4,57.9,No,2400,2400,0,5526,125
08:00:33.339,active,15258,886,9530,16785,-6,95,63.9,57.1,No,2400,2400,0,5529,125
08:00:34.337,active,15324,498,6890,16785,-5,95,63.4,58.6,No,2400,2400,0,5535,125
08:00:35.339,active,15344,480,7368,16785,-5,95,63.4,57.4,No,2400,2400,0,5525,125
08:00:36.337,active,15335,482,8120,16786,-5,95,63.9,57.2,No,2400,2400,0,5524,125
08:00:37.338,active,15288,558,8564,16787,0,95,63.4,58.1,No,2400,2400,0,5530,125
08:00:38.337,active,15346,510,7580,16787,0,95,63.9,57.4,No,2400,2400,0,5531,125
08:00:39.337,active,15352,516,7928,16787,0,95,65.5,57.3,No,2400,2400,0,5534,125
08:00:40.337,sleep,15292,528,9144,16785,0,95,61.7,47.7,No,2400,2400,0,5534,125
08:00:41.337,sleep,15294,432,6636,16788,15,95,60.0,0.0,No,2400,2400,0,5577,125
08:00:42.337,sleep,15292,504,7986,16787,6,95,59.0,0.3,No,2400,2400,0,5573,125
08:00:43.337,sleep,15288,394,8160,16789,12,95,58.4,0.0,No,2400,2400,0,5580,125
08:00:44.337,sleep,15296,514,7870,16788,9,95,57.3,0.2,No,2400,2400,0,5576,125
08:00:45.337,sleep,15286,476,8372,16788,9,95,56.8,0.3,No,1500,2400,0,5583,125
08:00:46.337,sleep,15296,422,6462,16788,16,95,55.6,0.0,No,1500,2400,0,5600,125
08:00:47.337,sleep,15288,408,7716,16789,14,95,56.8,0.3,No,1500,2400,0,5590,125
08:00:48.337,sleep,15294,350,5362,16789,13,95,55.1,0.0,No,1500,2400,0,5586,125
08:00:49.337,sleep,15292,436,5922,16790,11,95,53.5,0.3,No,1500,2400,0,5593,125
08:00:50.337,sleep,15288,320,4900,16790,11,95,54.0,0.0,No,1500,2400,0,4220,75
08:00:51.337,sleep,15290,518,5844,16789,16,95,53.5,0.0,No,1500,2400,0,3544,75
08:00:52.337,sleep,15294,538,8236,16790,14,95,53.5,0.0,No,1500,2400,0,3431,75
08:00:53.337,sleep,15286,402,6154,16790,15,95,53.5,0.3,No,1500,2400,0,3419,75
08:00:54.337,sleep,15294,482,7408,16790,15,95,54.0,0.0,No,1500,2400,0,3420,75
08:00:55.337,active,15311,600,9220,16789,16,95,55.6,17.2,No,2400,2400,0,3424,75
08:00:56.337,active,15296,680,6924,16786,0,95,57.9,54.6,No,2400,2400,0,3385,75
08:00:57.337,active,15264,668,10244,16787,0,95,58.4,59.8,No,2400,2400,0,3366,75
08:00:58.340,active,15273,846,10358,16787,-3,95,59.5,59.4,No,2400,2400,0,3357,75
08:00:59.340,active,15305,616,9472,16785,-12,95,59.5,58.5,No,2400,2400,0,3319,75
08:01:00.337,active,15301,768,10822,16785,-10,95,60.6,57.7,No,2400,2400,0,4245,125
08:01:01.341,active,15296,638,9780,16785,-4,95,61.1,59.3,No,2400,2400,0,5371,125
08:01:02.340,active,15307,668,10224,16784,-6,95,62.2,58.3,No,2400,2400,0,5462,125
08:01:03.339,active,15314,420,6442,16786,-8,95,61.7,58.4,No,2400,2400,0,5472,125
08:01:04.340,active,15329,596,9144,16786,-5,95,61.1,58.3,No,2400,2400,0,5463,125
08:01:05.338,active,15309,414,11722,16787,-3,95,61.1,58.0,No,2400,2400,0,5463,125
08:01:06.337,active,15322,436,6694,16786,-3,95,62.2,59.5,No,2400,2400,0,5462,125
08:01:07.340,active,15320,490,10610,16785,-6,95,62.8,58.5,No,2400,2400,0,5468,125
08:01:08.337,active,15350,460,7080,16784,-8,95,62.8,58.9,No,2400,2400,0,5460,125
08:01:09.341,active,15318,458,7774,16785,-5,95,62.8,57.5,No,2400,2400,0,5463,125
08:01:10.338,active,15318,482,7408,16786,0,95,62.2,56.6,No,2400,2400,0,5469,125
08:01:11.337,active,15262,706,10822,16786,-3,95,61.7,55.2,No,2400,2400,0,5474,125
08:01:12.337,active,15275,736,11266,16785,0,95,61.7,55.2,No,2400,2400,0,5476,125
08:01:13.341,active,15262,822,12616,16785,-3,95,63.4,56.6,No,2400,2400,0,5480,125
08:01:14.337,active,15275,772,11670,16785,0,95,63.4,59.2,No,2400,2400,0,5483,125
08:01:15.338,active,15251,740,11362,16785,-3,95,62.2,56.0,No,2400,2400,0,5487,125
08:01:16.337,active,15262,912,10204,16785,0,95,61.1,51.2,No,2400,2400,0,5480,125
08:01:17.337,active,15281,724,11092,16786,0,95,61.7,52.3,No,2400,2400,0,5492,125
08:01:18.340,active,15253,906,11266,16786,0,95,62.2,52.2,No,2400,2400,0,5488,125
08:01:19.341,active,15251,886,13542,16787,4,95,62.2,51.8,No,2400,2400,0,5495,125
08:01:20.337,active,15288,500,7678,16787,0,95,63.4,54.8,No,2400,2400,0,5488,125
08:01:21.341,active,15357,504,7006,16786,0,95,62.8,56.6,No,2400,2400,0,5482,125
08:01:22.337,active,15296,744,11400,16788,0,95,62.8,57.8,No,2400,2400,0,5495,125
08:01:23.337,active,15294,742,7832,16788,0,95,62.8,54.1,No,2400,2400,0,5497,125
08:01:24.341,active,15294,730,11208,16786,0,95,63.4,55.8,No,2400,2400,0,5497,125
08:01:25.337,active,15290,756,7504,16786,0,95,63.4,52.9,No,2400,2400,0,5502,125
08:01:26.338,active,15292,692,10610,16785,0,95,61.7,57.3,No,2400,2400,0,5503,125
08:01:27.340,active,15288,654,7600,16785,-5,95,63.4,55.9,No,2400,2400,0,5503,125
08:01:28.337,active,15290,672,10300,16785,-5,95,62.8,55.2,No,2400,2400,0,5510,125
08:01:29.337,active,15264,876,13388,16786,-3,95,62.2,55.8,No,2400,2400,0,5509,125
08:01:30.341,active,15243,900,14010,16786,0,95,62.8,53.2,No,2400,2400,0,5514,125
08:01:31.337,active,15307,848,12964,16785,-4,95,63.4,55.0,No,2400,2400,0,5512,125
08:01:32.341,active,15271,708,11458,16785,0,95,62.8,53.1,No,2400,2400,0,5512,125
08:01:33.337,active,15305,840,12808,16787,0,95,62.2,54.5,No,2400,2400,0,5512,125
08:01:34.337,active,15305,670,13214,16786,-4,95,62.2,52.8,No,2400,2400,0,5513,125
08:01:35.338,active,15299,718,10976,16784,-5,95,63.4,52.7,No,2400,2400,0,5521,125
08:01:36.341,active,15299,492,12520,16785,0,95,62.8,51.5,No,2400,2400,0,5523,125
08:01:37.337,active,15256,608,9278,16785,-7,95,63.4,53.6,No,2400,2400,0,5521,125
08:01:38.338,active,15309,748,11478,16786,0,95,62.8,54.9,No,2400,2400,0,5521,125
08:01:39.337,active,15288,752,11536,16786,0,95,62.2,53.0,No,2400,2400,0,5525,125
08:01:40.337,active,15299,766,11748,16786,0,95,62.2,52.7,No,2400,2400,0,5535,125
08:01:41.341,active,15299,704,10784,16786,0,95,63.4,52.2,No,2400,2400,0,5539,125
08:01:42.337,active,15301,750,11478,16787,0,95,63.9,51.8,No,2400,2400,0,5530,125
08:01:43.338,active,15301,736,10494,16788,5,95,63.4,52.4,No,2400,2400,0,5518,125
08:01:44.337,active,15256,750,11516,16786,0,95,62.8,56.4,No,2400,2400,0,5526,125
08:01:45.337,active,15275,912,10918,16786,0,95,63.9,58.1,No,2400,2400,0,5527,125
08:01:46.341,active,15279,818,12520,16786,0,95,64.5,57.0,No,2400,2400,0,5515,125
08:01:47.337,active,15322,562,8622,16785,0,95,63.4,58.1,No,2400,2400,0,5521,125
08:01:48.341,active,15346,476,8374,16786,-3,95,62.8,56.3,No,2400,2400,0,5523,125
08:01:49.339,active,15326,494,7580,16787,0,95,62.8,55.6,No,2400,2400,0,5530,125
08:01:50.337,active,15311,510,7408,16787,0,95,62.8,53.1,No,2400,2400,0,5537,125
08:01:51.337,active,15305,486,7466,16786,0,95,62.8,53.1,No,2400,2400,0,5529,125
08:01:52.341,active,15318,496,6712,16786,0,95,63.4,52.0,No,2400,2400,0,5535,125
08:01:53.337,active,15339,498,7658,16786,0,95,63.4,54.5,No,2400,2400,0,5535,125
08:01:54.337,active,15288,624,7850,16787,0,95,63.4,56.8,No,2400,2400,0,5530,125
08:01:55.337,sleep,15286,574,8776,16788,0,95,61.1,49.0,No,2400,2400,0,5538,125
08:01:56.337,sleep,15290,582,8912,16789,14,95,59.0,0.2,No,2400,2400,0,5583,125
08:01:57.337,sleep,15283,390,5980,16788,13,95,57.3,0.0,No,2400,2400,0,5586,125
08:01:58.337,sleep,15290,520,7986,16788,12,95,58.4,-0.0,No,2400,2400,0,5579,125
08:01:59.337,sleep,15281,508,7774,16788,9,95,58.4,0.3,No,2400,2400,0,5579,125
08:02:00.337,sleep,15294,474,7272,16789,11,95,56.8,0.3,No,1500,2400,0,5577,125
08:02:01.337,sleep,15290,402,6326,16790,16,95,55.6,0.0,No,1500,2400,0,5589,125
08:02:02.337,sleep,15290,540,8256,16790,18,95,56.2,0.3,No,1500,2400,0,5594,125
08:02:03.337,sleep,15290,330,8120,16789,14,95,55.1,-0.0,No,1500,2400,0,5593,125
08:02:04.337,sleep,15292,356,5458,16789,16,95,54.0,0.5,No,1500,2400,0,3904,75
08:02:05.337,sleep,15294,426,6520,16792,20,95,53.5,0.3,No,1500,2400,0,3506,75
08:02:06.337,sleep,15288,382,5864,16791,15,95,54.5,0.0,No,1500,2400,0,3444,75
08:02:07.337,sleep,15290,522,8024,16790,15,95,53.5,0.3,No,1500,2400,0,3434,75
08:02:08.337,sleep,15288,476,7292,16790,11,95,52.4,0.0,No,1500,2400,0,3426,75
08:02:09.337,sleep,15294,266,4088,16790,14,95,51.8,0.3,No,1500,2400,0,3430,75
08:02:10.340,active,15292,724,11112,16790,15,95,55.1,15.2,No,2400,2400,0,3413,75
08:02:11.341,active,15305,698,10706,16787,0,95,56.8,55.0,No,2400,2400,0,3361,75
08:02:12.337,active,15299,654,10012,16788,0,95,58.4,58.5,No,2400,2400,0,3346,75
08:02:13.337,active,15275,694,10648,16786,-3,95,59.5,60.1,No,2400,2400,0,3328,75
08:02:14.341,active,15307,474,9800,16786,-4,95,60.6,59.8,No,2400,2400,0,4877,125
08:02:15.337,active,15305,490,7504,16785,-9,95,60.6,58.1,No,2400,2400,0,5429,125
08:02:16.337,active,15307,590,9066,16786,-8,95,60.6,59.6,No,2400,2400,0,5470,125
08:02:17.340,active,15320,528,8102,16787,-5,95,61.1,56.8,No,2400,2400,0,5467,125
08:02:18.337,active,15333,460,7060,16786,-7,95,61.1,58.9,No,2400,2400,0,5462,125
08:02:19.341,active,15318,490,7504,16785,-6,95,62.2,59.3,No,2400,2400,0,5461,125
08:02:20.337,active,15318,542,8334,16784,-4,95,62.8,54.7,No,2400,2400,0,5473,125
08:02:21.337,active,15307,494,7580,16785,-4,95,62.2,54.2,No,2400,2400,0,5475,125
08:02:22.341,active,15311,474,7292,16787,-4,95,61.1,54.2,No,2400,2400,0,5469,125
08:02:23.338,active,15299,716,11478,16786,0,95,60.6,54.1,No,2400,2400,0,5476,125
08:02:24.337,active,15301,630,9664,16786,0,95,61.1,54.9,No,2400,2400,0,5470,125
08:02:25.337,active,15277,648,10088,16786,0,95,61.7,55.2,No,2400,2400,0,5470,125
08:02:26.337,active,15305,756,11594,16785,-4,95,61.7,55.7,No,2400,2400,0,5477,125
08:02:27.339,active,15266,1012,15220,16787,-4,95,62.2,57.2,No,2400,2400,0,5486,125
08:02:28.342,active,15266,988,15124,16786,0,95,62.2,55.7,No,2400,2400,0,5474,125
08:02:29.337,active,15253,778,11940,16787,0,95,61.1,54.8,No,2400,2400,0,5477,125
08:02:30.337,active,15264,930,14236,16787,0,95,63.4,56.5,No,2400,2400,0,5492,125
08:02:31.341,active,15258,674,10340,16785,0,95,63.4,58.0,No,2400,2400,0,5492,125
08:02:32.337,active,15288,706,9104,16787,0,95,62.8,57.8,No,2400,2400,0,5500,125
08:02:33.337,active,15354,540,8294,16786,0,95,62.8,54.9,No,2400,2400,0,5497,125
08:02:34.343,active,15294,738,7792,16787,0,95,62.8,52.0,No,2400,2400,0,5515,125
08:02:35.337,active,15337,562,8642,16788,0,95,62.2,51.7,No,2400,2400,0,5519,125
08:02:36.337,active,15288,636,8140,16787,0,95,62.8,52.4,No,2400,2400,0,5500,125
08:02:37.341,active,15292,728,11150,16785,0,95,62.2,52.8,No,2400,2400,0,5496,125
08:02:38.337,active,15299,522,10300,16787,0,95,63.4,52.6,No,2400,2400,0,5500,125
08:02:39.341,active,15290,702,10764,16787,0,95,62.8,55.0,No,2400,2400,0,5505,125
08:02:40.337,active,15305,726,10976,16788,5,95,62.8,54.4,No,2400,2400,0,5510,125
08:02:41.337,active,15251,606,12172,16787,0,95,62.8,53.2,No,2400,2400,0,5506,125
08:02:42.341,active,15311,702,10744,16787,0,95,63.4,58.1,No,2400,2400,0,5505,125
08:02:43.337,active,15305,494,13214,16787,3,95,62.8,54.1,No,2400,2400,0,5514,125
08:02:44.338,active,15268,700,10706,16787,3,95,63.4,56.4,No,2400,2400,0,5508,125
08:02:45.343,active,15301,500,12538,16787,3,95,63.4,56.0,No,2400,2400,0,5515,125
08:02:46.337,active,15290,658,10088,16788,0,95,61.7,53.2,No,2400,2400,0,5513,125
08:02:47.337,active,15299,474,13194,16787,4,95,63.4,52.4,No,2400,2400,0,5518,125
08:02:48.341,active,15301,434,6674,16787,0,95,63.4,51.9,No,2400,2400,0,5523,125
08:02:49.337,active,15303,502,9086,16786,0,95,63.4,51.9,No,2400,2400,0,5524,125
08:02:50.338,active,15288,516,7928,16787,0,95,62.8,55.0,No,2400,2400,0,5518,125
08:02:51.337,active,15299,750,11498,16788,0,95,62.2,52.2,No,2400,2400,0,5518,125
08:02:52.337,active,15299,778,10590,16786,0,95,62.8,52.2,No,2400,2400,0,5524,125
08:02:53.340,active,15305,672,10300,16786,0,95,62.8,52.3,No,2400,2400,0,5524,125
08:02:54.341,active,15294,724,12964,16787,3,95,62.8,51.7,No,2400,2400,0,5523,125
08:02:55.337,active,15286,736,11266,16787,0,95,62.8,51.5,No,2400,2400,0,5526,125
08:02:56.338,active,15296,718,10572,16787,0,95,61.7,51.5,No,2400,2400,0,5525,125
08:02:57.337,active,15279,922,14120,16786,0,95,63.4,57.1,No,2400,2400,0,5524,125
08:02:58.337,active,15266,966,11786,16786,0,95,63.4,56.7,No,2400,2400,0,5526,125
08:02:59.341,active,15283,728,11170,16786,0,95,63.9,55.5,No,2400,2400,0,5526,125
08:03:00.337,active,15292,528,8120,16785,-4,95,62.8,58.0,No,2400,2400,0,5525,125
08:03:01.338,active,15326,568,8226,16786,0,95,62.8,56.1,No,2400,2400,0,5505,125
08:03:02.342,active,15290,518,7948,16786,-3,95,62.2,57.4,No,2400,2400,0,5528,125
08:03:03.337,active,15292,578,6570,16786,0,95,62.8,57.6,No,2400,2400,0,5522,125
08:03:04.341,active,15294,560,8622,16787,0,95,63.9,57.9,No,2400,2400,0,5534,125
08:03:05.341,active,15292,794,7600,16787,0,95,63.9,57.9,No,2400,2400,0,5535,125
08:03:06.337,active,15294,532,8178,16785,-4,95,63.4,58.2,No,2400,2400,0,5530,125
08:03:07.338,active,15290,632,7484,16786,-3,95,64.5,57.2,No,2400,2400,0,5533,125
08:03:08.337,active,15303,716,10996,16784,-8,95,62.8,57.3,No,2400,2400,0,5528,125
08:03:09.339,active,15256,694,10628,16785,-5,95,63.4,58.9,No,2400,2400,0,5527,125
08:03:10.337,sleep,15292,476,7310,16785,-4,95,61.7,50.5,No,2400,2400,0,5525,125
08:03:11.337,sleep,15294,518,7928,16788,9,95,59.5,0.0,No,2400,2400,0,5573,125
08:03:12.337,sleep,15288,484,7426,16789,12,95,58.4,0.3,No,2400,2400,0,5584,125
08:03:13.337,sleep,15296,486,7466,16788,13,95,57.9,-0.0,No,2400,2400,0,5565,125
08:03:14.337,sleep,15290,496,7620,16788,9,95,57.9,0.3,No,2400,2400,0,5569,125
08:03:15.337,sleep,15303,412,6326,16789,9,95,57.3,0.3,No,2400,2400,0,5581,125
08:03:16.337,sleep,15301,224,3452,16789,14,95,56.2,-0.0,No,1500,2400,0,5590,125
08:03:17.337,sleep,15296,244,3742,16790,13,95,54.5,0.0,No,1500,2400,0,5601,125
08:03:18.337,sleep,15292,448,8834,16790,14,95,53.5,0.3,No,1500,2400,0,5369,75
08:03:19.337,sleep,15292,552,8468,16788,15,95,54.5,-0.0,No,1500,2400,0,3724,75
08:03:20.337,sleep,15292,472,8546,16789,14,95,53.5,0.0,No,1500,2400,0,3473,75
08:03:21.337,sleep,15292,460,7060,16790,18,95,54.0,0.3,No,1500,2400,0,3418,75
08:03:22.337,sleep,15292,502,6500,16789,15,95,53.5,-0.0,No,1500,2400,0,3405,75
08:03:23.337,sleep,15296,482,7408,16790,13,95,52.4,0.3,No,1500,2400,0,3411,75
08:03:24.337,sleep,15288,448,5478,16790,15,95,52.4,0.3,No,1500,2400,0,3408,75
08:03:25.337,active,15286,670,10262,16789,12,95,55.6,13.8,No,2400,2400,0,3401,75
08:03:26.337,active,15271,612,10436,16786,-6,95,57.9,57.4,No,2400,2400,0,3348,75
08:03:27.337,active,15318,410,8662,16786,-6,95,59.0,56.8,No,2400,2400,0,3344,75
08:03:28.339,active,15326,470,7194,16787,-3,95,59.5,58.0,No,2400,2400,0,3347,75
08:03:29.338,active,15318,444,7368,16786,0,95,60.0,58.1,No,2400,2400,0,3340,75
08:03:30.337,active,15357,528,8120,16786,-4,95,59.5,58.5,No,2400,2400,0,3338,75
08:03:31.337,active,15329,490,7754,16786,-4,95,60.6,60.3,No,2400,2400,0,5099,125
08:03:32.341,active,15299,502,7696,16786,-7,95,61.7,58.7,No,2400,2400,0,5423,125
08:03:33.337,active,15296,498,7194,16786,-4,95,61.1,59.4,No,2400,2400,0,5448,125
08:03:34.337,active,15350,556,8564,16788,0,95,61.7,58.6,No,2400,2400,0,5450,125
08:03:35.341,active,15292,688,7504,16787,0,95,61.1,58.2,No,2400,2400,0,5455,125
08:03:36.337,active,15256,814,12442,16788,0,95,61.7,58.5,No,2400,2400,0,5448,125
08:03:37.340,active,15264,986,15104,16788,4,95,63.4,59.0,No,2400,2400,0,5443,125
08:03:38.337,active,15279,732,11226,16786,0,95,63.4,58.4,No,2400,2400,0,5440,125
08:03:39.337,active,15264,858,13136,16785,0,95,62.8,58.8,No,2400,2400,0,5443,125
08:03:40.338,active,15266,722,11054,16787,0,95,62.8,59.0,No,2400,2400,0,5440,125
08:03:41.338,active,15258,892,13638,16787,0,95,62.8,58.7,No,2400,2400,0,5456,125
08:03:42.337,active,15256,726,14164,16786,0,95,62.8,58.3,No,2400,2400,0,5453,125
08:03:43.341,active,15256,802,12308,16786,0,95,63.4,57.0,No,2400,2400,0,5457,125
08:03:44.337,active,15247,860,13156,16786,0,95,62.2,55.9,No,2400,2400,0,5465,125
08:03:45.337,active,15296,728,11150,16785,-4,95,63.4,55.8,No,2400,2400,0,5474,125
08:03:46.338,active,15292,702,8796,16786,0,95,62.2,55.3,No,2400,2400,0,5470,125
08:03:47.337,active,15292,798,12230,16786,-4,95,62.2,55.9,No,2400,2400,0,5479,125
08:03:48.337,active,15294,788,11478,16786,-6,95,62.8,59.9,No,2400,2400,0,5475,125
08:03:49.341,active,15288,750,11498,16784,-7,95,62.8,52.7,No,2400,2400,0,5473,125
08:03:50.341,active,15296,808,11382,16785,-7,95,62.2,51.9,No,2400,2400,0,5472,125
08:03:51.338,active,15294,754,11574,16784,-7,95,61.7,54.5,No,2400,2400,0,5483,125
08:03:52.344,active,15303,802,11728,16787,-6,95,62.8,54.1,No,2400,2400,0,5487,125
08:03:53.337,active,15296,688,10552,16786,-6,95,62.8,56.4,No,2400,2400,0,5486,125
08:03:54.341,active,15277,890,11130,16784,-7,95,63.4,57.3,No,2400,2400,0,5492,125
08:03:55.337,active,15316,510,11416,16786,-4,95,63.4,54.2,No,2400,2400,0,5499,125
08:03:56.338,active,15314,516,7928,16786,-4,95,62.2,51.9,No,2400,2400,0,5498,125
08:03:57.338,active,15305,494,9800,16786,-3,95,63.4,55.0,No,2400,2400,0,5493,125
08:03:58.337,active,15314,472,7252,16785,0,95,61.7,54.9,No,2400,2400,0,5496,125
08:03:59.337,active,15335,462,9336,16785,-3,95,62.2,54.1,No,2400,2400,0,5500,125
08:04:00.341,active,15294,478,7350,16785,0,95,63.4,53.9,No,2400,2400,0,5501,125
08:04:01.337,active,15337,546,8372,16786,0,95,62.8,55.3,No,2400,2400,0,5517,125
08:04:02.341,active,15303,476,7310,16786,0,95,63.4,54.3,No,2400,2400,0,5511,125
08:04:03.338,active,15331,444,6636,16787,0,95,62.8,53.7,No,2400,2400,0,5511,125
08:04:04.337,active,15277,754,11554,16787,0,95,62.8,52.9,No,2400,2400,0,5504,125
08:04:05.337,active,15253,732,11226,16785,0,95,62.8,52.4,No,2400,2400,0,5506,125
08:04:06.341,active,15286,868,12752,16785,-6,95,63.9,55.6,No,2400,2400,0,5505,125
08:04:07.337,active,15264,840,12848,16783,-13,95,63.4,54.7,No,2400,2400,0,5513,125
08:04:08.338,active,15260,914,10938,16785,-7,95,62.8,56.3,No,2400,2400,0,5507,125
08:04:09.342,active,15247,878,13446,16786,0,95,62.8,54.0,No,2400,2400,0,5516,125
08:04:10.337,active,15253,832,12404,16786,0,95,62.8,52.1,No,2400,2400,0,5516,125
08:04:11.341,active,15260,994,15202,16786,0,95,63.4,52.3,No,2400,2400,0,5507,125
08:04:12.341,active,15251,754,11940,16786,0,95,63.4,51.5,No,2400,2400,0,5521,125
08:04:13.337,active,15352,526,8102,16786,0,95,62.8,51.8,No,2400,2400,0,5524,125
08:04:14.337,active,15286,470,7214,16786,0,95,63.9,57.3,No,2400,2400,0,5522,125
08:04:15.337,active,15290,786,6964,16786,0,95,62.2,56.5,No,2400,2400,0,5519,125
08:04:16.337,active,15292,502,7736,16786,0,95,62.8,53.4,No,2400,2400,0,5522,125
08:04:17.337,active,15290,742,7986,16786,0,95,63.9,53.1,No,2400,2400,0,5518,125
08:04:18.337,active,15294,530,8160,16785,-5,95,63.4,52.9,No,2400,2400,0,5522,125
08:04:19.341,active,15296,692,7562,16787,-3,95,63.9,53.7,No,2400,2400,0,5533,125
08:04:20.338,active,15294,692,10610,16786,-5,95,62.8,56.8,No,2400,2400,0,5518,125
08:04:21.337,active,15294,776,11786,16787,0,95,63.4,57.6,No,2400,2400,0,5523,125
08:04:22.337,active,15258,650,9934,16785,-5,95,63.9,58.9,No,2400,2400,0,5513,125
08:04:23.337,active,15294,824,12596,16786,0,95,63.9,54.9,No,2400,2400,0,5522,125
08:04:24.337,active,15258,668,10224,16786,0,95,63.4,52.4,No,2400,2400,0,5516,125
08:04:25.337,sleep,15301,548,8410,16788,3,95,62.2,47.2,No,2400,2400,0,5521,125
08:04:26.337,sleep,15294,450,6906,16788,12,95,57.9,0.0,No,2400,2400,0,5569,125
08:04:27.337,sleep,15290,564,8642,16789,13,95,58.4,0.3,No,2400,2400,0,5574,125
08:04:28.337,sleep,15294,554,6458,16788,13,95,57.3,0.0,No,2400,2400,0,5577,125
08:04:29.337,sleep,15292,492,7562,16788,9,95,57.3,-0.0,No,2400,2400,0,5576,125
08:04:30.337,sleep,15296,470,6958,16788,8,95,57.3,0.0,No,2400,2400,0,5572,125
08:04:31.337,sleep,15286,402,6172,16789,13,95,55.6,0.3,No,1500,2400,0,5585,125
08:04:32.337,sleep,15290,462,6230,16790,14,95,55.6,0.3,No,1500,2400,0,5585,125
08:04:33.337,sleep,15290,498,7638,16790,12,95,55.1,0.3,No,1500,2400,0,5589,125
08:04:34.337,sleep,15290,446,6828,16790,16,95,54.5,0.0,No,1500,2400,0,4700,75
08:04:35.337,sleep,15292,322,4958,16789,18,95,54.0,-0.0,No,1500,2400,0,3621,75
08:04:36.337,sleep,15288,460,7060,16790,18,95,53.5,0.3,No,1500,2400,0,3449,75
08:04:37.337,sleep,15290,336,5150,16792,20,95,52.9,0.3,No,1500,2400,0,3427,75
08:04:38.337,sleep,15288,328,7522,16791,20,95,52.9,-0.0,No,1500,2400,0,3424,75
08:04:39.337,sleep,15290,520,7966,16789,18,95,52.9,0.3,No,1500,2400,0,3416,75
08:04:40.337,active,15277,638,9760,16790,16,95,55.1,11.8,No,2400,2400,0,3406,75
08:04:41.338,active,15292,610,7504,16787,0,95,57.9,57.3,No,2400,2400,0,3348,75
08:04:42.337,active,15294,468,7194,16788,0,95,57.3,57.3,No,2400,2400,0,3341,75
08:04:43.337,active,15292,742,7580,16786,0,95,58.4,58.5,No,2400,2400,0,3332,75
08:04:44.337,active,15296,518,7948,16785,-6,95,60.0,59.8,No,2400,2400,0,3327,75
08:04:45.337,active,15290,684,7812,16787,0,95,60.0,58.3,No,2400,2400,0,3408,125
08:04:46.338,active,15294,674,10340,16786,-5,95,60.0,58.4,No,2400,2400,0,5279,125
08:04:47.340,active,15294,718,7638,16785,-8,95,61.1,59.3,No,2400,2400,0,5453,125
08:04:48.338,active,15296,664,10186,16785,-5,95,60.6,59.3,No,2400,2400,0,5450,125
08:04:49.337,active,15264,756,9992,16786,-7,95,61.7,60.0,No,2400,2400,0,5454,125
08:04:50.341,active,15268,764,11690,16785,-6,95,62.2,59.5,No,2400,2400,0,5453,125
08:04:51.337,active,15264,704,10764,16785,-9,95,62.2,60.0,No,2400,2400,0,5450,125
08:04:52.337,active,15260,668,10224,16785,-8,95,61.7,58.7,No,2400,2400,0,5447,125
08:04:53.341,active,15305,730,11170,16787,-3,95,62.8,58.2,No,2400,2400,0,5442,125
08:04:54.337,active,15273,630,9626,16787,0,95,61.1,57.9,No,2400,2400,0,5445,125
08:04:55.337,active,15305,712,10898,16785,0,95,61.7,58.6,No,2400,2400,0,5450,125
08:04:56.340,active,15305,580,8892,16785,0,95,63.4,59.4,No,2400,2400,0,5459,125
08:04:57.337,active,15296,596,9124,16785,-4,95,63.4,58.8,No,2400,2400,0,5467,125
08:04:58.341,active,15311,494,7600,16786,-7,95,63.4,58.8,No,2400,2400,0,5466,125
08:04:59.344,active,15294,752,11536,16787,-7,95,62.8,55.5,No,2400,2400,0,5476,125
08:05:00.337,active,15303,734,10802,16785,-4,95,62.2,56.7,No,2400,2400,0,5476,125
08:05:01.338,active,15296,592,9086,16785,-4,95,63.4,56.5,No,2400,2400,0,5476,125
08:05:02.341,active,15301,716,11574,16785,0,95,62.8,55.3,No,2400,2400,0,5480,125
08:05:03.337,active,15299,716,10976,16785,0,95,63.4,57.9,No,2400,2400,0,5487,125
08:05:04.341,active,15305,636,10224,16785,-6,95,63.4,55.0,No,2400,2400,0,5487,125
08:05:05.337,active,15303,776,11922,16786,-5,95,61.7,51.0,No,2400,2400,0,5487,125
08:05:06.337,active,15271,568,11246,16786,-3,95,62.8,52.4,No,2400,2400,0,5491,125
08:05:07.337,active,15305,744,11420,16787,-3,95,63.4,52.2,No,2400,2400,0,5495,125
08:05:08.337,active,15337,534,8218,16785,0,95,62.8,51.3,No,2400,2400,0,5504,125
08:05:09.341,active,15320,550,7562,16785,-4,95,63.4,51.7,No,2400,2400,0,5496,125
08:05:10.343,active,15352,418,6424,16785,-5,95,62.2,51.2,No,2400,2400,0,5503,125
08:05:11.337,active,15331,480,7716,16786,0,95,61.1,52.1,No,2400,2400,0,5504,125
08:05:12.337,active,15294,496,7638,16785,0,95,62.2,52.3,No,2400,2400,0,5508,125
08:05:13.341,active,15292,800,7408,16785,0,95,63.4,55.9,No,2400,2400,0,5507,125
08:05:14.337,active,15294,492,7542,16785,0,95,62.8,54.8,No,2400,2400,0,5506,125
08:05:15.338,active,15309,510,8006,16785,0,95,62.2,57.3,No,2400,2400,0,5505,125
08:05:16.337,active,15299,682,10474,16786,0,95,62.2,54.3,No,2400,2400,0,5514,125
08:05:17.337,active,15262,812,12442,16786,0,95,63.4,54.8,No,2400,2400,0,5523,125
08:05:18.341,active,15258,876,13388,16786,-4,95,63.4,54.7,No,2400,2400,0,5516,125
08:05:19.338,active,15247,856,13098,16785,0,95,62.8,54.8,No,2400,2400,0,5511,125
08:05:20.338,active,15264,698,10686,16786,0,95,63.4,58.0,No,2400,2400,0,5505,125
08:05:21.342,active,15251,788,12056,16786,4,95,62.8,55.1,No,2400,2400,0,5519,125
08:05:22.337,active,15243,906,13576,16788,5,95,62.8,54.5,No,2400,2400,0,5524,125
08:05:23.337,active,15301,782,11940,16788,4,95,63.4,55.2,No,2400,2400,0,5522,125
08:05:24.337,active,15268,700,11902,16788,0,95,63.4,53.9,No,2400,2400,0,5525,125
08:05:25.337,active,15301,768,11728,16786,0,95,63.4,56.6,No,2400,2400,0,5516,125
08:05:26.337,active,15294,610,9356,16785,0,95,63.4,55.1,No,2400,2400,0,5519,125
08:05:27.338,active,15299,740,11362,16787,0,95,62.8,55.4,No,2400,2400,0,5519,125
08:05:28.337,active,15296,748,11458,16788,0,95,62.8,54.2,No,2400,2400,0,5529,125
08:05:29.337,active,15294,798,12230,16788,4,95,63.9,53.3,No,2400,2400,0,5526,125
08:05:30.337,active,15296,754,11554,16786,0,95,63.4,52.8,No,2400,2400,0,5528,125
08:05:31.339,active,15303,754,11554,16786,0,95,63.9,53.1,No,2400,2400,0,5531,125
08:05:32.341,active,15268,746,11440,16786,0,95,63.4,57.4,No,2400,2400,0,5531,125
08:05:33.337,active,15273,876,10784,16787,4,95,63.9,57.2,No,2400,2400,0,5523,125
08:05:34.337,active,15264,702,10764,16788,0,95,63.9,57.9,No,2400,2400,0,5526,125
08:05:35.337,active,15339,538,8584,16786,0,95,64.5,58.3,No,2400,2400,0,5528,125
08:05:36.339,active,15311,448,6866,16788,0,95,63.9,57.5,No,2400,2400,0,5531,125
08:05:37.341,active,15350,614,9432,16786,0,95,64.5,57.7,No,2400,2400,0,5526,125
08:05:38.338,active,15322,508,7792,16787,0,95,63.4,58.0,No,2400,2400,0,5522,125
08:05:39.337,active,15292,498,7638,16787,4,95,64.5,57.7,No,2400,2400,0,5533,125
08:05:40.337,sleep,15348,524,8064,16786,0,95,62.2,54.4,No,2400,2400,0,5526,125
08:05:41.337,sleep,15290,522,8006,16788,8,95,60.0,0.3,No,2400,2400,0,5575,125
08:05:42.337,sleep,15288,518,6668,16788,9,95,59.0,0.2,No,2400,2400,0,5581,125
08:05:43.337,sleep,15288,516,7908,16788,12,95,57.9,0.0,No,2400,2400,0,5579,125
08:05:44.337,sleep,15292,730,8506,16789,11,95,57.3,0.0,No,2400,2400,0,5577,125
08:05:45.337,sleep,15290,502,7678,16789,11,95,57.3,-0.0,No,2400,2400,0,5589,125
08:05:46.337,sleep,15288,668,8410,16790,16,95,56.2,0.0,No,1500,2400,0,5593,125
08:05:47.337,sleep,15288,492,7522,16790,17,95,55.1,0.3,No,1500,2400,0,5597,125
08:05:48.337,sleep,15292,408,6250,16790,15,95,54.5,0.0,No,1500,2400,0,5594,125
08:05:49.337,sleep,15279,410,6268,16789,14,95,54.5,0.7,No,1500,2400,0,4209,75
08:05:50.337,sleep,15290,452,6924,16790,14,95,54.0,-0.0,No,1500,2400,0,3545,75
08:05:51.337,sleep,15290,530,8140,16790,13,95,52.9,1.0,No,1500,2400,0,3444,75
08:05:52.337,sleep,15292,476,7292,16791,15,95,53.5,0.0,No,1500,2400,0,3428,75
08:05:53.337,sleep,15292,218,4938,16790,13,95,53.5,0.3,No,1500,2400,0,3420,75
08:05:54.337,sleep,15292,428,6558,16790,17,95,52.4,-0.0,No,1500,2400,0,3424,75
08:05:55.346,active,15294,548,6366,16790,14,95,54.5,8.5,No,2400,2400,0,3405,75
08:05:56.337,active,15354,410,6326,16787,0,95,56.8,54.2,No,2400,2400,0,3356,75
08:05:57.337,active,15296,678,7118,16787,-3,95,58.4,53.0,No,2400,2400,0,3336,75
08:05:58.337,active,15294,704,10784,16788,0,95,59.5,52.9,No,2400,2400,0,3347,75
08:05:59.337,active,15301,696,10532,16786,0,95,59.0,53.7,No,2400,2400,0,3346,75
08:06:00.341,active,15286,676,10358,16786,0,95,59.5,54.2,No,2400,2400,0,3341,75
08:06:01.337,active,15299,694,10648,16786,-3,95,60.0,57.5,No,2400,2400,0,4147,125
08:06:02.337,active,15314,482,11246,16787,0,95,61.1,59.7,No,2400,2400,0,5356,125
08:06:03.337,active,15258,650,9954,16787,0,95,61.1,59.4,No,2400,2400,0,5451,125
08:06:04.339,active,15309,482,12114,16787,0,95,61.1,58.6,No,2400,2400,0,5441,125
08:06:05.341,active,15309,448,6886,16786,0,95,61.7,60.3,No,2400,2400,0,5447,125
08:06:06.337,active,15311,438,10300,16786,0,95,61.1,58.6,No,2400,2400,0,5450,125
08:06:07.337,active,15316,368,5670,16787,-5,95,62.2,59.8,No,2400,2400,0,5455,125
08:06:08.341,active,15320,518,11400,16787,-4,95,63.9,59.8,No,2400,2400,0,5446,125
08:06:09.337,active,15311,500,7678,16787,-4,95,63.4,58.2,No,2400,2400,0,5443,125
08:06:10.337,active,15326,540,8276,16786,-5,95,62.8,59.0,No,2400,2400,0,5456,125
08:06:11.341,active,15320,526,8064,16785,-7,95,62.8,58.7,No,2400,2400,0,5468,125
08:06:12.337,active,15301,708,10860,16785,-8,95,61.7,59.1,No,2400,2400,0,5465,125
08:06:13.337,active,15266,790,10474,16786,-5,95,62.8,58.6,No,2400,2400,0,5467,125
08:06:14.340,active,15299,750,11498,16786,-4,95,63.9,57.6,No,2400,2400,0,5474,125
08:06:15.337,active,15299,716,11188,16786,0,95,64.5,55.9,No,2400,2400,0,5468,125
08:06:16.341,active,15303,662,10166,16786,0,95,62.8,55.5,No,2400,2400,0,5471,125
08:06:17.343,active,15266,702,10436,16786,0,95,63.4,55.6,No,2400,2400,0,5474,125
08:06:18.337,active,15305,702,10784,16786,-3,95,62.8,59.6,No,2400,2400,0,5476,125
08:06:19.337,active,15258,800,12268,16786,0,95,62.8,53.5,No,2400,2400,0,5495,125
08:06:20.341,active,15299,752,11536,16786,0,95,63.4,52.0,No,2400,2400,0,5485,125
08:06:21.337,active,15316,510,7850,16785,0,95,61.1,51.3,No,2400,2400,0,5484,125
08:06:22.338,active,15294,602,7792,16787,0,95,62.8,54.8,No,2400,2400,0,5493,125
08:06:23.337,active,15307,488,7484,16787,0,95,63.9,56.8,No,2400,2400,0,5499,125
08:06:24.337,active,15292,760,8294,16787,0,95,63.4,53.5,No,2400,2400,0,5497,125
08:06:25.341,active,15292,766,11748,16786,0,95,63.4,55.9,No,2400,2400,0,5504,125
08:06:26.337,active,15294,282,7832,16786,0,95,63.4,53.8,No,2400,2400,0,5505,125
08:06:27.337,active,15292,696,10668,16786,0,95,63.4,54.4,No,2400,2400,0,5495,125
08:06:28.342,active,15299,546,10860,16787,0,95,63.4,58.7,No,2400,2400,0,5502,125
08:06:29.337,active,15294,708,10860,16787,0,95,62.8,56.7,No,2400,2400,0,5505,125
08:06:30.341,active,15307,856,13098,16786,0,95,63.9,59.7,No,2400,2400,0,5504,125
08:06:31.337,active,15243,712,13696,16786,0,95,63.9,53.2,No,2400,2400,0,5510,125
08:06:32.337,active,15307,690,10572,16786,3,95,63.9,54.3,No,2400,2400,0,5518,125
08:06:33.338,active,15243,668,13870,16787,0,95,63.4,53.8,No,2400,2400,0,5519,125
08:06:34.337,active,15262,638,9780,16788,0,95,62.8,53.1,No,2400,2400,0,5514,125
08:06:35.337,active,15303,552,13252,16787,0,95,62.8,54.5,No,2400,2400,0,5517,125
08:06:36.338,active,15262,804,12308,16786,-3,95,63.9,53.3,No,2400,2400,0,5522,125
08:06:37.341,active,15301,574,12886,16786,0,95,64.5,51.9,No,2400,2400,0,5519,125
08:06:38.337,active,15296,670,10262,16786,0,95,63.4,51.7,No,2400,2400,0,5526,125
08:06:39.338,active,15296,744,11420,16787,0,95,62.2,51.7,No,2400,2400,0,5522,125
08:06:40.337,active,15296,740,11362,16788,4,95,62.2,52.9,No,2400,2400,0,5530,125
08:06:41.337,active,15296,716,10976,16788,5,95,63.4,53.0,No,2400,2400,0,5530,125
08:06:42.338,active,15294,800,11756,16786,0,95,62.8,52.5,No,2400,2400,0,5526,125
08:06:43.337,active,15303,750,11498,16786,0,95,63.4,51.5,No,2400,2400,0,5519,125
08:06:44.341,active,15296,750,11014,16786,0,95,62.2,52.1,No,2400,2400,0,5529,125
08:06:45.342,active,15279,810,12424,16787,0,95,63.4,57.4,No,2400,2400,0,5518,125
08:06:46.337,active,15299,712,11768,16787,3,95,62.8,52.9,No,2400,2400,0,5528,125
08:06:47.337,active,15296,690,10572,16787,0,95,63.4,53.7,No,2400,2400,0,5527,125
08:06:48.341,active,15314,530,8120,16786,0,95,63.9,53.4,No,2400,2400,0,5527,125
08:06:49.337,active,15318,530,8140,16787,0,95,63.9,55.4,No,2400,2400,0,5520,125
08:06:50.341,active,15344,498,7658,16787,0,95,63.4,58.2,No,2400,2400,0,5520,125
08:06:51.337,active,15337,538,6464,16787,0,95,62.8,57.7,No,2400,2400,0,5528,125
08:06:52.337,active,15344,556,8546,16788,0,95,63.9,57.4,No,2400,2400,0,5525,125
08:06:53.341,active,15333,506,8662,16789,3,95,63.9,57.3,No,2400,2400,0,5531,125
08:06:54.337,active,15290,688,10552,16788,0,95,64.5,57.8,No,2400,2400,0,5530,125
08:06:55.337,sleep,15341,476,7368,16786,0,95,63.4,57.5,No,2400,2400,0,5525,125
08:06:56.337,sleep,15292,436,6674,16789,8,95,60.6,0.3,No,2400,2400,0,5576,125
08:06:57.337,sleep,15286,512,7850,16789,15,95,59.0,0.0,No,2400,2400,0,5573,125
08:06:58.337,sleep,15288,484,7426,16788,13,95,58.4,-0.0,No,2400,2400,0,5580,125
08:06:59.337,sleep,15296,576,8816,16789,14,95,57.9,0.0,No,2400,2400,0,5578,125
08:07:00.337,sleep,15281,454,6964,16789,12,95,57.3,0.3,No,2400,2400,0,5584,125
08:07:01.337,sleep,15290,378,5786,16790,18,95,56.2,0.3,No,1500,2400,0,5592,125
08:07:02.337,sleep,15283,528,7334,16790,21,95,55.1,0.3,No,1500,2400,0,5590,125
08:07:03.337,sleep,15294,356,5478,16790,17,95,54.5,0.0,No,1500,2400,0,5584,125
08:07:04.337,sleep,15288,600,7350,16791,19,95,54.5,0.0,No,1500,2400,0,3906,75
08:07:05.337,sleep,15299,368,5652,16790,17,95,53.5,0.3,No,1500,2400,0,3500,75
08:07:06.337,sleep,15288,314,6866,16789,16,95,52.9,0.2,No,1500,2400,0,3434,75
08:07:07.337,sleep,15290,528,8102,16790,20,95,53.5,0.0,No,1500,2400,0,3425,75
08:07:08.337,sleep,15288,480,7350,16790,14,95,52.9,0.3,No,1500,2400,0,3422,75
08:07:09.337,sleep,15286,298,4572,16790,14,95,52.9,-0.0,No,1500,2400,0,3417,75
08:07:10.341,active,15290,346,5304,16790,15,95,53.5,6.7,No,1500,2400,0,3400,75
08:07:11.338,active,15301,682,10474,16786,0,95,57.3,58.4,No,2400,2400,0,3359,75
08:07:12.340,active,15292,684,10514,16787,-3,95,57.9,58.0,No,2400,2400,0,3334,75
08:07:13.338,active,15299,722,11072,16787,-3,95,60.0,57.8,No,2400,2400,0,3324,75
08:07:14.337,active,15311,716,10976,16787,0,95,60.0,58.7,No,2400,2400,0,3330,75
08:07:15.341,active,15275,918,10990,16786,0,95,60.0,59.0,No,2400,2400,0,4815,125
08:07:16.337,active,15309,446,6828,16785,-5,95,60.6,59.2,No,2400,2400,0,5424,125
08:07:17.337,active,15318,464,9626,16786,-5,95,60.6,59.2,No,2400,2400,0,5449,125
08:07:18.341,active,15307,556,8546,16786,-3,95,61.1,58.7,No,2400,2400,0,5460,125
08:07:19.337,active,15316,554,7310,16787,0,95,61.1,59.8,No,2400,2400,0,5448,125
08:07:20.337,active,15311,518,7948,16788,0,95,61.7,59.3,No,2400,2400,0,5450,125
08:07:21.337,active,15331,494,7408,16787,0,95,61.7,58.9,No,2400,2400,0,5454,125
08:07:22.337,active,15324,426,6558,16786,-4,95,62.8,58.2,No,2400,2400,0,5453,125
08:07:23.341,active,15344,506,7542,16785,-7,95,62.2,59.0,No,2400,2400,0,5452,125
08:07:24.337,active,15335,548,8430,16786,-5,95,62.2,58.4,No,2400,2400,0,5457,125
08:07:25.337,active,15266,712,10918,16786,-6,95,62.8,57.9,No,2400,2400,0,5467,125
08:07:26.337,active,15307,788,11054,16785,-4,95,62.2,55.2,No,2400,2400,0,5467,125
08:07:27.337,active,15258,698,10706,16786,-5,95,62.2,54.7,No,2400,2400,0,5478,125
08:07:28.340,active,15260,900,10204,16787,-3,95,62.8,55.1,No,2400,2400,0,5473,125
08:07:29.341,active,15266,974,14912,16785,-4,95,62.2,57.3,No,2400,2400,0,5469,125
08:07:30.337,active,15247,848,12790,16786,0,95,61.1,54.2,No,2400,2400,0,5476,125
08:07:31.337,active,15256,890,13620,16786,0,95,61.7,55.1,No,2400,2400,0,5482,125
08:07:32.341,active,15243,878,14642,16786,-4,95,62.2,60.0,No,2400,2400,0,5483,125
08:07:33.337,active,15256,842,12866,16786,-3,95,61.7,55.6,No,2400,2400,0,5476,125
08:07:34.337,active,15288,486,7484,16786,0,95,62.2,52.8,No,2400,2400,0,5493,125
08:07:35.343,active,15296,724,8276,16787,0,95,61.1,51.4,No,2400,2400,0,5495,125
08:07:36.337,active,15294,462,7098,16786,-4,95,62.2,51.9,No,2400,2400,0,5494,125
08:07:37.337,active,15290,786,7736,16787,3,95,62.2,52.3,No,2400,2400,0,5495,125
08:07:38.341,active,15299,530,8120,16788,0,95,63.4,51.9,No,2400,2400,0,5497,125
08:07:39.337,active,15290,738,8662,16788,0,95,63.4,51.3,No,2400,2400,0,5495,125
08:07:40.338,active,15288,716,10976,16787,0,95,62.8,51.5,No,2400,2400,0,5505,125
08:07:41.337,active,15294,704,8294,16787,0,95,62.2,51.3,No,2400,2400,0,5505,125
08:07:42.337,active,15288,776,11882,16787,0,95,62.2,52.3,No,2400,2400,0,5507,125
08:07:43.337,active,15303,854,13040,16786,0,95,62.8,52.3,No,2400,2400,0,5507,125
08:07:44.337,active,15294,644,9876,16786,0,95,62.8,51.7,No,2400,2400,0,5510,125
08:07:45.341,active,15305,760,11612,16788,4,95,62.8,51.4,No,2400,2400,0,5503,125
08:07:46.338,active,15296,432,12504,16786,0,95,61.7,51.7,No,2400,2400,0,5513,125
08:07:47.337,active,15307,626,9588,16786,3,95,61.7,51.7,No,2400,2400,0,5515,125
08:07:48.337,active,15296,486,7466,16786,0,95,61.7,52.3,No,2400,2400,0,5511,125
08:07:49.341,active,15331,580,8912,16787,0,95,63.4,55.0,No,2400,2400,0,5512,125
08:07:50.337,active,15309,498,7658,16787,0,95,62.2,54.5,No,2400,2400,0,5524,125
08:07:51.337,active,15311,448,6866,16786,0,95,62.8,55.2,No,2400,2400,0,5521,125
08:07:52.342,active,15303,666,11362,16786,0,95,63.4,53.7,No,2400,2400,0,5519,125
08:07:53.337,active,15301,710,10898,16788,0,95,62.8,52.1,No,2400,2400,0,5513,125
08:07:54.337,active,15271,736,10822,16786,0,95,62.8,52.4,No,2400,2400,0,5520,125
08:07:55.341,active,15307,672,10320,16787,0,95,62.8,52.3,No,2400,2400,0,5525,125
08:07:56.337,active,15262,610,11246,16786,0,95,63.4,51.5,No,2400,2400,0,5510,125
08:07:57.338,active,15292,792,12134,16787,0,95,62.2,52.1,No,2400,2400,0,5527,125
08:07:58.337,active,15260,726,11440,16786,0,95,61.7,56.0,No,2400,2400,0,5524,125
08:07:59.341,active,15288,740,11342,16788,3,95,62.2,58.7,No,2400,2400,0,5523,125
08:08:00.341,active,15253,964,14758,16786,0,95,62.8,57.6,No,2400,2400,0,5523,125
08:08:01.337,active,15299,716,9626,16787,0,95,63.4,57.0,No,2400,2400,0,5525,125
08:08:02.338,active,15294,494,7620,16786,-3,95,63.4,57.9,No,2400,2400,0,5518,125
08:08:03.338,active,15294,728,7330,16785,-5,95,62.8,57.4,No,2400,2400,0,5528,125
08:08:04.337,active,15290,764,11728,16786,0,95,62.2,57.6,No,2400,2400,0,5521,125
08:08:05.337,active,15294,672,7098,16788,0,95,63.4,58.6,No,2400,2400,0,5513,125
08:08:06.337,active,15294,718,11014,16788,0,95,63.9,58.0,No,2400,2400,0,5524,125
08:08:07.337,active,15296,820,10744,16787,0,95,63.4,57.2,No,2400,2400,0,5523,125
08:08:08.337,active,15296,626,9606,16786,-4,95,63.9,56.9,No,2400,2400,0,5523,125
08:08:09.337,active,15294,748,11170,16785,0,95,62.8,57.6,No,2400,2400,0,5531,125
08:08:10.337,sleep,15243,874,13350,16786,0,95,63.4,53.1,No,2400,2400,0,5535,125
08:08:11.337,sleep,15296,426,6520,16789,7,95,59.5,0.0,No,2400,2400,0,5576,125
08:08:12.337,sleep,15296,456,6982,16790,10,95,59.5,-0.0,No,2400,2400,0,5579,125
08:08:13.337,sleep,15294,460,7060,16789,13,95,57.9,0.0,No,2400,2400,0,5582,125
08:08:14.337,sleep,15299,408,7292,16789,11,95,57.3,0.3,No,2400,2400,0,5579,125
08:08:15.337,sleep,15294,440,6752,16789,15,95,56.8,0.0,No,2400,2400,0,5574,125
08:08:16.337,sleep,15290,364,5612,16790,16,95,55.6,0.0,No,1500,2400,0,5590,125
08:08:17.337,sleep,15286,430,6596,16790,14,95,55.1,0.3,No,1500,2400,0,5592,125
08:08:18.337,sleep,15290,472,8834,16790,14,95,54.0,0.0,No,1500,2400,0,5410,75
08:08:19.337,sleep,15299,230,3548,16790,16,95,54.5,0.0,No,1500,2400,0,3727,75
08:08:20.337,sleep,15290,510,4996,16789,13,95,52.9,-0.0,No,1500,2400,0,3453,75
08:08:21.337,sleep,15294,478,7330,16789,14,95,54.5,0.3,No,1500,2400,0,3414,75
08:08:22.337,sleep,15288,510,4764,16790,14,95,53.5,0.0,No,1500,2400,0,3412,75
08:08:23.337,sleep,15292,326,4996,16792,16,95,52.4,0.3,No,1500,2400,0,3402,75
08:08:24.337,sleep,15294,558,8564,16791,14,95,52.9,-0.0,No,1500,2400,0,3396,75
08:08:25.344,active,15294,320,4900,16791,13,95,53.5,3.5,No,1500,2400,0,3396,75
08:08:26.337,active,15264,654,10050,16786,-6,95,56.8,60.6,No,2400,2400,0,3354,75
08:08:27.340,active,15260,894,13678,16786,-6,95,59.0,57.7,No,2400,2400,0,3351,75
08:08:28.341,active,15275,716,10976,16786,-7,95,59.5,59.4,No,2400,2400,0,3339,75
08:08:29.338,active,15337,450,7832,16785,-10,95,59.5,58.7,No,2400,2400,0,5143,125
08:08:30.341,active,15294,496,7638,16786,-9,95,59.5,58.8,No,2400,2400,0,5442,125
08:08:31.337,active,15294,664,8120,16786,-3,95,59.5,59.0,No,2400,2400,0,5458,125
08:08:32.337,active,15296,732,11246,16786,-5,95,60.6,59.7,No,2400,2400,0,5464,125
08:08:33.340,active,15299,676,8700,16785,-5,95,61.7,59.3,No,2400,2400,0,5453,125
08:08:34.337,active,15299,700,10726,16785,-5,95,61.7,58.5,No,2400,2400,0,5454,125
08:08:35.340,active,15294,690,6886,16786,-10,95,62.2,58.4,No,2400,2400,0,5456,125
08:08:36.341,active,15290,654,10030,16787,-6,95,61.7,58.4,No,2400,2400,0,5458,125
08:08:37.337,active,15296,754,7774,16785,-6,95,61.7,58.6,No,2400,2400,0,5449,125
08:08:38.337,active,15262,752,11516,16784,-7,95,62.2,58.8,No,2400,2400,0,5467,125
08:08:39.341,active,15271,770,11806,16785,-7,95,62.2,58.0,No,2400,2400,0,5461,125
08:08:40.337,active,15258,852,13808,16787,-5,95,62.8,58.0,No,2400,2400,0,5463,125
08:08:41.344,active,15307,676,10340,16786,-3,95,62.8,59.1,No,2400,2400,0,5473,125
08:08:42.344,active,15256,796,13708,16786,-3,95,61.7,56.5,No,2400,2400,0,5480,125
08:08:43.337,active,15305,758,11574,16786,0,95,61.7,54.4,No,2400,2400,0,5482,125
08:08:44.337,active,15245,574,13110,16786,0,95,62.2,57.0,No,2400,2400,0,5485,125
08:08:45.341,active,15299,776,11864,16787,0,95,62.8,54.9,No,2400,2400,0,5483,125
08:08:46.337,active,15305,482,12308,16787,0,95,62.8,57.3,No,2400,2400,0,5487,125
08:08:47.341,active,15294,666,10186,16786,-4,95,62.8,55.6,No,2400,2400,0,5489,125
08:08:48.337,active,15296,538,10898,16785,-3,95,61.7,51.0,No,2400,2400,0,5481,125
08:08:49.337,active,15294,706,10822,16786,-3,95,62.2,52.3,No,2400,2400,0,5493,125
08:08:50.337,active,15299,724,11690,16784,-4,95,62.8,52.4,No,2400,2400,0,5500,125
08:08:51.337,active,15305,742,11400,16787,-5,95,63.4,53.6,No,2400,2400,0,5500,125
08:08:52.341,active,15301,698,11748,16787,0,95,63.4,52.5,No,2400,2400,0,5499,125
08:08:53.341,active,15296,730,11208,16788,0,95,61.7,55.9,No,2400,2400,0,5500,125
08:08:54.337,active,15281,662,11246,16787,0,95,62.2,56.2,No,2400,2400,0,5514,125
08:08:55.337,active,15273,926,14178,16787,0,95,62.8,53.2,No,2400,2400,0,5513,125
08:08:56.337,active,15303,526,8082,16786,0,95,63.4,56.5,No,2400,2400,0,5511,125
08:08:57.338,active,15303,546,8294,16785,-5,95,65.0,54.8,No,2400,2400,0,5510,125
08:08:58.341,active,15346,494,7580,16786,0,95,62.8,56.8,No,2400,2400,0,5509,125
08:08:59.337,active,15331,480,8834,16786,0,95,62.8,54.1,No,2400,2400,0,5514,125
08:09:00.337,active,15335,418,6424,16786,0,95,62.8,55.3,No,2400,2400,0,5502,125
08:09:01.341,active,15339,526,8006,16786,0,95,62.8,53.5,No,2400,2400,0,5504,125
08:09:02.337,active,15296,564,8680,16785,-6,95,64.5,53.6,No,2400,2400,0,5516,125
08:09:03.337,active,15299,754,7214,16786,0,95,63.4,53.3,No,2400,2400,0,5518,125
08:09:04.340,active,15288,522,8044,16786,0,95,62.8,56.5,No,2400,2400,0,5519,125
08:09:05.337,active,15296,754,8006,16786,0,95,62.8,53.0,No,2400,2400,0,5516,125
08:09:06.337,active,15264,682,10436,16786,0,95,63.4,56.7,No,2400,2400,0,5513,125
08:09:07.337,active,15264,946,14488,16786,0,95,62.8,54.8,No,2400,2400,0,5518,125
08:09:08.338,active,15251,842,12886,16786,0,95,63.4,51.9,No,2400,2400,0,5519,125
08:09:09.343,active,15260,1012,15472,16788,0,95,63.4,56.1,No,2400,2400,0,5522,125
08:09:10.342,active,15234,774,11824,16789,5,95,63.4,55.7,No,2400,2400,0,5519,125
08:09:11.337,active,15283,906,13870,16789,3,95,62.8,52.9,No,2400,2400,0,5524,125
08:09:12.337,active,15247,818,12500,16787,0,95,63.4,53.4,No,2400,2400,0,5540,125
08:09:13.341,active,15305,938,14352,16787,3,95,62.8,52.7,No,2400,2400,0,5531,125
08:09:14.337,active,15253,714,10918,16788,3,95,63.4,52.4,No,2400,2400,0,5528,125
08:09:15.339,active,15301,750,11516,16787,5,95,62.8,52.7,No,2400,2400,0,5527,125
08:09:16.337,active,15294,736,10996,16786,0,95,61.7,52.6,No,2400,2400,0,5533,125
08:09:17.337,active,15305,692,10628,16787,0,95,62.8,56.3,No,2400,2400,0,5519,125
08:09:18.338,active,15296,744,11768,16786,0,95,63.9,57.2,No,2400,2400,0,5520,125
08:09:19.337,active,15309,770,11786,16786,0,95,63.9,56.7,No,2400,2400,0,5513,125
08:09:20.339,active,15303,802,11574,16786,0,95,63.4,57.4,No,2400,2400,0,5523,125
08:09:21.341,active,15271,714,10956,16786,0,95,63.9,56.7,No,2400,2400,0,5530,125
08:09:22.337,active,15292,712,10918,16786,-4,95,63.9,58.4,No,2400,2400,0,5531,125
08:09:23.341,active,15271,786,12056,16786,-5,95,63.9,57.6,No,2400,2400,0,5530,125
08:09:24.341,active,15266,912,11644,16786,-4,95,63.9,56.5,No,2400,2400,0,5523,125
08:09:25.337,active,15335,584,8970,16786,0,95,63.9,57.4,No,2400,2400,0,5531,125
08:09:26.337,sleep,15294,404,8546,16789,10,95,59.5,2.0,No,2400,2400,0,5578,125
08:09:27.337,sleep,15292,482,7388,16789,13,95,59.5,0.0,No,2400,2400,0,5577,125
08:09:28.337,sleep,15299,518,6578,16788,12,95,57.9,0.3,No,2400,2400,0,5578,125
08:09:29.337,sleep,15294,454,6964,16789,11,95,57.3,0.0,No,2400,2400,0,5577,125
08:09:30.337,sleep,15292,490,8082,16790,12,95,56.8,0.0,No,2400,2400,0,5577,125
08:09:31.337,sleep,15283,396,6076,16791,17,95,56.2,0.5,No,1500,2400,0,5578,125
08:09:32.337,sleep,15286,540,5574,16791,20,95,55.6,0.0,No,1500,2400,0,5582,125
08:09:33.337,sleep,15288,394,6038,16791,19,95,55.1,0.3,No,1500,2400,0,5594,125
08:09:34.337,sleep,15294,376,5768,16790,21,95,54.5,0.0,No,1500,2400,0,4725,75
08:09:35.337,sleep,15299,450,6906,16790,21,95,54.0,0.3,No,1500,2400,0,3623,75
08:09:36.337,sleep,15301,364,5594,16792,18,95,54.0,0.0,No,1500,2400,0,3460,75
08:09:37.337,sleep,15290,484,7408,16792,19,95,52.4,0.2,No,1500,2400,0,3436,75
08:09:38.337,sleep,15294,444,6790,16792,18,95,53.5,0.0,No,1500,2400,0,3418,75
08:09:39.337,sleep,15292,498,7658,16791,19,95,51.8,0.2,No,1500,2400,0,3422,75
08:09:40.337,sleep,15294,444,6810,16791,21,95,53.5,0.0,No,1500,2400,0,3409,75
08:09:41.340,active,15249,604,9260,16787,0,95,57.3,63.7,No,2400,2400,0,3359,75
08:09:42.340,active,15309,742,11362,16788,-3,95,58.4,58.7,No,2400,2400,0,3343,75
08:09:43.341,active,15299,726,11150,16787,0,95,59.0,58.7,No,2400,2400,0,3335,75
08:09:44.337,active,15296,642,9838,16788,0,95,59.0,55.6,No,2400,2400,0,3337,75
08:09:45.337,active,15303,828,11382,16788,0,95,61.1,57.9,No,2400,2400,0,3320,75
08:09:46.341,active,15305,770,11824,16787,0,95,60.0,58.9,No,2400,2400,0,3342,125
08:09:47.337,active,15311,752,11498,16786,0,95,60.6,58.0,No,2400,2400,0,5251,125
08:09:48.338,active,15299,694,10648,16788,-3,95,61.1,58.6,No,2400,2400,0,5448,125
08:09:49.337,active,15296,688,12442,16785,-5,95,60.6,60.0,No,2400,2400,0,5452,125
08:09:50.337,active,15305,718,11014,16786,-4,95,61.1,58.8,No,2400,2400,0,5455,125
08:09:51.337,active,15299,774,11844,16786,-5,95,61.1,57.8,No,2400,2400,0,5448,125
08:09:52.337,active,15307,526,8064,16787,0,95,61.7,54.6,No,2400,2400,0,5454,125
08:09:53.340,active,15333,572,8796,16787,0,95,62.8,56.2,No,2400,2400,0,5452,125
08:09:54.340,active,15337,522,8024,16788,0,95,62.2,58.0,No,2400,2400,0,5454,125
08:09:55.338,active,15288,546,8392,16788,0,95,61.7,58.3,No,2400,2400,0,5458,125
08:09:56.337,active,15326,402,6192,16788,0,95,62.2,57.3,No,2400,2400,0,5449,125
08:09:57.341,active,15296,534,8218,16787,-4,95,62.2,57.0,No,2400,2400,0,5463,125
08:09:58.337,active,15337,486,7466,16787,0,95,62.2,55.6,No,2400,2400,0,5462,125
08:09:59.341,active,15290,510,7832,16786,-3,95,62.2,54.5,No,2400,2400,0,5465,125
08:10:00.337,active,15294,704,10784,16785,-3,95,62.2,60.0,No,2400,2400,0,5467,125
08:10:01.337,active,15275,778,11902,16786,-5,95,61.7,55.5,No,2400,2400,0,5479,125
08:10:02.337,active,15256,834,12404,16785,-7,95,62.2,52.3,No,2400,2400,0,5479,125
08:10:03.337,active,15260,852,13022,16787,-4,95,63.4,52.3,No,2400,2400,0,5480,125
08:10:04.337,active,15243,738,14892,16787,-3,95,62.8,51.4,No,2400,2400,0,5484,125
08:10:05.341,active,15253,942,14410,16786,-3,95,62.2,52.7,No,2400,2400,0,5483,125
08:10:06.337,active,15266,724,13194,16786,0,95,61.1,54.2,No,2400,2400,0,5490,125
08:10:07.337,active,15264,706,10802,16787,-4,95,62.8,55.9,No,2400,2400,0,5490,125
08:10:08.337,active,15281,720,12366,16787,0,95,63.4,55.6,No,2400,2400,0,5488,125
08:10:09.337,active,15303,694,10628,16787,0,95,63.4,54.5,No,2400,2400,0,5481,125
08:10:10.338,active,15299,438,13638,16786,0,95,63.4,55.4,No,2400,2400,0,5485,125
08:10:11.342,active,15303,724,11112,16785,-5,95,63.9,58.4,No,2400,2400,0,5490,125
08:10:12.337,active,15294,660,11554,16786,-5,95,63.4,55.5,No,2400,2400,0,5496,125
08:10:13.338,active,15307,762,11710,16785,-6,95,62.8,56.2,No,2400,2400,0,5495,125
08:10:14.341,active,15299,760,10628,16786,0,95,62.8,53.8,No,2400,2400,0,5503,125
08:10:15.337,active,15296,846,12982,16786,0,95,61.7,54.9,No,2400,2400,0,5502,125
08:10:16.337,active,15303,736,11342,16787,0,95,62.8,53.0,No,2400,2400,0,5501,125
08:10:17.342,active,15296,682,10456,16787,0,95,62.8,53.4,No,2400,2400,0,5503,125
08:10:18.337,active,15303,668,10050,16786,0,95,62.2,51.9,No,2400,2400,0,5505,125
08:10:19.337,active,15299,696,10686,16787,0,95,62.8,52.4,No,2400,2400,0,5504,125
08:10:20.341,active,15301,738,11266,16787,0,95,63.9,51.7,No,2400,2400,0,5508,125
08:10:21.337,active,15316,584,8970,16787,0,95,62.2,51.4,No,2400,2400,0,5516,125
08:10:22.338,active,15346,474,7272,16788,0,95,62.2,51.7,No,2400,2400,0,5516,125
08:10:23.337,active,15352,586,9028,16786,-4,95,62.2,54.8,No,2400,2400,0,5513,125
08:10:24.338,active,15307,334,6848,16787,0,95,61.7,54.6,No,2400,2400,0,5511,125
08:10:25.337,active,15341,542,8334,16788,0,95,63.4,55.5,No,2400,2400,0,5511,125
08:10:26.338,active,15299,680,11594,16786,-5,95,63.9,55.6,No,2400,2400,0,5516,125
08:10:27.338,active,15292,702,10764,16785,0,95,63.9,58.0,No,2400,2400,0,5513,125
08:10:28.338,active,15299,662,10166,16785,0,95,62.2,58.0,No,2400,2400,0,5522,125
08:10:29.337,active,15294,716,10996,16785,-3,95,63.4,58.4,No,2400,2400,0,5517,125
08:10:30.337,active,15256,760,11632,16786,-4,95,64.5,58.4,No,2400,2400,0,5522,125
08:10:31.337,active,15256,624,12654,16787,0,95,63.4,57.0,No,2400,2400,0,5523,125
08:10:32.339,active,15303,824,12616,16786,0,95,63.9,57.4,No,2400,2400,0,5520,125
08:10:33.342,active,15277,662,13350,16786,0,95,63.4,57.3,No,2400,2400,0,5510,125
08:10:34.337,active,15303,762,11652,16785,-3,95,63.4,57.2,No,2400,2400,0,5516,125
08:10:35.337,active,15307,696,11400,16786,0,95,63.4,57.4,No,2400,2400,0,5512,125
08:10:36.341,active,15253,658,10070,16787,0,95,63.9,56.9,No,2400,2400,0,5515,125
08:10:37.337,active,15307,432,11092,16786,-4,95,63.9,57.3,No,2400,2400,0,5520,125
08:10:38.338,active,15251,652,9972,16786,0,95,62.2,56.7,No,2400,2400,0,5518,125
08:10:39.343,active,15305,730,11188,16786,0,95,63.9,57.4,No,2400,2400,0,5523,125
08:10:40.337,active,15299,730,11208,16786,0,95,63.4,58.1,No,2400,2400,0,5519,125
08:10:41.337,sleep,15290,494,7580,16789,11,95,59.5,3.8,No,2400,2400,0,5563,125
08:10:42.337,sleep,15288,498,7638,16790,16,95,59.0,0.2,No,2400,2400,0,5568,125
08:10:43.337,sleep,15292,484,7426,16790,13,95,58.4,0.0,No,2400,2400,0,5575,125
08:10:44.337,sleep,15290,584,8932,16790,13,95,57.3,0.3,No,2400,2400,0,5571,125
08:10:45.337,sleep,15286,544,8352,16790,12,95,56.8,0.0,No,2400,2400,0,5568,125
08:10:46.337,sleep,15290,338,5188,16789,16,95,55.6,0.0,No,1500,2400,0,5575,125
08:10:47.337,sleep,15286,454,6964,16791,18,95,55.1,0.0,No,1500,2400,0,5582,125
08:10:48.337,sleep,15288,454,6616,16790,17,95,54.5,0.3,No,1500,2400,0,5588,125
08:10:49.337,sleep,15292,480,7350,16790,14,95,54.5,-0.0,No,1500,2400,0,4234,75
08:10:50.337,sleep,15290,486,9104,16790,14,95,54.5,0.3,No,1500,2400,0,3553,75
08:10:51.337,sleep,15288,284,4340,16789,10,95,54.0,0.0,No,1500,2400,0,3455,75
08:10:52.337,sleep,15292,388,8008,16789,12,95,53.5,-0.0,No,1500,2400,0,3419,75
08:10:53.337,sleep,15292,322,4958,16789,15,95,53.5,0.5,No,1500,2400,0,3420,75
08:10:54.337,sleep,15288,458,7022,16790,14,95,53.5,0.3,No,1500,2400,0,3406,75
08:10:55.337,sleep,15292,522,8006,16790,14,95,53.5,0.0,No,1500,2400,0,3414,75
08:10:56.337,active,15303,690,10572,16788,0,95,56.2,60.0,No,2400,2400,0,3364,75
08:10:57.337,active,15268,702,10744,16788,0,95,58.4,59.2,No,2400,2400,0,3346,75
08:10:58.337,active,15256,694,11342,16788,0,95,59.5,59.3,No,2400,2400,0,3335,75
08:10:59.340,active,15253,752,11516,16788,0,95,60.6,58.4,No,2400,2400,0,4265,125
08:11:00.337,active,15268,630,10764,16787,-3,95,61.1,59.7,No,2400,2400,0,5382,125
08:11:01.341,active,15256,728,11150,16786,0,95,60.0,58.4,No,2400,2400,0,5462,125
08:11:02.337,active,15309,646,10282,16787,0,95,60.6,58.8,No,2400,2400,0,5462,125
08:11:03.337,active,15309,738,11284,16786,-3,95,60.6,59.4,No,2400,2400,0,5452,125
08:11:04.341,active,15307,542,12674,16786,-7,95,61.7,59.3,No,2400,2400,0,5455,125
08:11:05.337,active,15318,626,9588,16786,-7,95,61.7,58.4,No,2400,2400,0,5447,125
08:11:06.338,active,15309,444,10898,16785,-7,95,60.6,57.9,No,2400,2400,0,5454,125
08:11:07.343,active,15296,750,11516,16786,0,95,61.7,57.9,No,2400,2400,0,5463,125
08:11:08.337,active,15307,650,9992,16786,0,95,60.6,58.9,No,2400,2400,0,5464,125
08:11:09.341,active,15299,766,11748,16786,0,95,62.2,57.2,No,2400,2400,0,5465,125
08:11:10.337,active,15307,734,11266,16788,0,95,62.2,55.4,No,2400,2400,0,5468,125
08:11:11.337,active,15301,674,10340,16788,0,95,62.8,54.4,No,2400,2400,0,5477,125
08:11:12.341,active,15279,708,10860,16787,0,95,62.8,55.9,No,2400,2400,0,5477,125
08:11:13.337,active,15303,688,10552,16787,-4,95,61.1,58.9,No,2400,2400,0,5480,125
08:11:14.337,active,15271,730,11208,16787,0,95,62.2,55.3,No,2400,2400,0,5478,125
08:11:15.339,active,15303,742,11400,16787,0,95,62.2,52.8,No,2400,2400,0,5485,125
08:11:16.341,active,15318,538,8256,16788,4,95,62.8,51.7,No,2400,2400,0,5479,125
08:11:17.337,active,15331,498,7774,16787,0,95,62.8,51.5,No,2400,2400,0,5492,125
08:11:18.342,active,15322,500,7678,16787,0,95,62.2,53.4,No,2400,2400,0,5492,125
08:11:19.337,active,15352,626,8430,16787,0,95,61.7,56.4,No,2400,2400,0,5496,125
08:11:20.337,active,15333,496,7638,16787,0,95,62.8,55.2,No,2400,2400,0,5500,125
08:11:21.341,active,15288,588,6442,16787,0,95,62.8,54.9,No,2400,2400,0,5502,125
08:11:22.337,active,15294,656,10070,16787,0,95,62.2,56.0,No,2400,2400,0,5497,125
08:11:23.338,active,15294,680,7736,16787,0,95,61.7,54.0,No,2400,2400,0,5491,125
08:11:24.337,active,15299,712,10918,16788,3,95,62.2,52.8,No,2400,2400,0,5507,125
08:11:25.337,active,15281,756,11594,16788,3,95,63.4,57.9,No,2400,2400,0,5490,125
08:11:26.341,active,15236,712,14660,16787,0,95,62.8,54.0,No,2400,2400,0,5507,125
08:11:27.337,active,15279,916,14024,16786,0,95,63.4,55.7,No,2400,2400,0,5508,125
08:11:28.341,active,15243,746,14506,16788,0,95,62.2,54.0,No,2400,2400,0,5507,125
08:11:29.338,active,15303,892,13638,16789,0,95,62.8,55.3,No,2400,2400,0,5513,125
08:11:30.337,active,15256,806,13022,16788,0,95,61.7,52.9,No,2400,2400,0,5514,125
08:11:31.337,active,15303,858,13098,16788,0,95,62.2,52.3,No,2400,2400,0,5518,125
08:11:32.341,active,15303,590,13078,16786,0,95,62.2,52.0,No,2400,2400,0,5513,125
08:11:33.337,active,15305,688,10532,16786,0,95,62.8,51.3,No,2400,2400,0,5508,125
08:11:34.337,active,15296,706,12982,16789,4,95,62.8,51.7,No,2400,2400,0,5519,125
08:11:35.342,active,15292,702,10764,16787,0,95,61.1,51.8,No,2400,2400,0,5518,125
08:11:36.337,active,15301,710,10880,16788,0,95,62.2,52.3,No,2400,2400,0,5515,125
08:11:37.337,active,15294,730,11208,16786,0,95,63.4,52.6,No,2400,2400,0,5521,125
08:11:38.341,active,15275,764,11710,16786,0,95,63.4,54.3,No,2400,2400,0,5515,125
08:11:39.338,active,15311,684,10514,16786,0,95,63.9,57.7,No,2400,2400,0,5521,125
08:11:40.341,active,15273,722,11072,16787,-3,95,63.4,57.1,No,2400,2400,0,5528,125
08:11:41.337,active,15279,798,12230,16787,-3,95,62.8,57.7,No,2400,2400,0,5520,125
08:11:42.337,active,15271,702,10764,16787,0,95,62.8,58.4,No,2400,2400,0,5520,125
08:11:43.341,active,15273,928,14218,16786,0,95,63.9,57.3,No,2400,2400,0,5517,125
08:11:44.337,active,15335,516,7948,16786,0,95,63.4,59.1,No,2400,2400,0,5522,125
08:11:45.338,active,15352,488,7716,16787,0,95,63.9,57.7,No,2400,2400,0,5521,125
08:11:46.341,active,15352,546,8410,16786,0,95,63.4,57.4,No,2400,2400,0,5528,125
08:11:47.337,active,15296,536,6482,16785,-12,95,63.4,58.3,No,2400,2400,0,5523,125
08:11:48.337,active,15288,546,8392,16786,-6,95,63.9,58.6,No,2400,2400,0,5522,125
08:11:49.337,active,15294,700,7658,16785,-6,95,63.9,57.4,No,2400,2400,0,5518,125
08:11:50.337,active,15309,566,8700,16785,-3,95,65.0,57.5,No,2400,2400,0,5525,125
08:11:51.341,active,15299,724,7484,16785,0,95,63.4,57.1,No,2400,2400,0,5522,125
08:11:52.337,active,15346,564,8680,16787,-3,95,63.4,57.8,No,2400,2400,0,5523,125
08:11:53.337,active,15243,914,13986,16786,-6,95,62.8,52.6,No,2400,2400,0,5531,125
08:11:54.337,active,15253,832,12732,16786,0,95,63.4,52.4,No,2400,2400,0,5523,125
08:11:55.337,active,15268,856,13078,16787,0,95,63.4,51.7,No,2400,2400,0,5540,125
08:11:56.337,sleep,15299,474,7272,16788,5,95,59.5,4.5,No,2400,2400,0,5577,125
08:11:57.337,sleep,15301,532,8160,16789,10,95,58.4,0.0,No,2400,2400,0,5582,125
08:11:58.337,sleep,15296,470,7214,16790,9,95,57.9,0.3,No,2400,2400,0,5581,125
08:11:59.337,sleep,15294,478,7330,16790,10,95,57.3,-0.0,No,2400,2400,0,5568,125
08:12:00.337,sleep,15305,464,7138,16789,10,95,56.8,0.0,No,2400,2400,0,5575,125
08:12:01.337,sleep,15288,536,8218,16789,12,95,56.2,0.3,No,1500,2400,0,5592,125
08:12:02.337,sleep,15294,422,7118,16789,14,95,55.1,0.0,No,1500,2400,0,5593,125
08:12:03.337,sleep,15288,484,7408,16788,12,95,54.5,0.3,No,1500,2400,0,5593,125
08:12:04.337,sleep,15290,298,3876,16790,14,95,54.5,0.0,No,1500,2400,0,3931,75
08:12:05.337,sleep,15292,370,5670,16791,17,95,54.0,0.3,No,1500,2400,0,3513,75
08:12:06.337,sleep,15286,518,6482,16791,17,95,53.5,0.3,No,1500,2400,0,3444,75
08:12:07.337,sleep,15294,604,9260,16791,17,95,53.5,0.0,No,1500,2400,0,3412,75
08:12:08.337,sleep,15296,328,7318,16790,15,95,52.9,0.3,No,1500,2400,0,3420,75
08:12:09.337,sleep,15290,446,6828,16790,14,95,52.4,-0.0,No,1500,2400,0,3410,75
08:12:10.337,sleep,15290,496,7600,16790,15,95,52.9,0.0,No,1500,2400,0,3405,75
08:12:11.337,active,15268,634,9742,16787,0,95,56.8,58.7,No,2400,2400,0,3368,75
08:12:12.337,active,15333,442,6866,16786,-7,95,57.9,54.2,No,2400,2400,0,3356,75
08:12:13.338,active,15352,504,7774,16787,-7,95,59.5,56.8,No,2400,2400,0,3340,75
08:12:14.337,active,15292,658,8564,16787,-6,95,59.0,59.2,No,2400,2400,0,4813,125
08:12:15.337,active,15335,398,6134,16788,0,95,60.0,59.6,No,2400,2400,0,5424,125
08:12:16.337,active,15292,742,8120,16787,0,95,60.6,59.2,No,2400,2400,0,5472,125
08:12:17.337,active,15296,552,8448,16787,-4,95,61.1,58.2,No,2400,2400,0,5457,125
08:12:18.340,active,15296,716,7350,16787,-6,95,61.7,59.2,No,2400,2400,0,5459,125
08:12:19.337,active,15294,754,11554,16788,-7,95,61.1,58.0,No,2400,2400,0,5458,125
08:12:20.338,active,15294,716,8874,16785,-7,95,61.1,58.3,No,2400,2400,0,5462,125
08:12:21.337,active,15251,820,12538,16787,-5,95,61.1,55.1,No,2400,2400,0,5459,125
08:12:22.337,active,15264,942,14410,16787,0,95,61.1,54.9,No,2400,2400,0,5465,125
08:12:23.337,active,15232,892,13620,16786,0,95,62.2,54.3,No,2400,2400,0,5471,125
08:12:24.341,active,15309,930,14236,16786,0,95,61.1,54.2,No,2400,2400,0,5472,125
08:12:25.341,active,15249,778,11902,16788,0,95,61.7,54.2,No,2400,2400,0,5478,125
08:12:26.337,active,15303,654,10012,16787,0,95,62.2,59.9,No,2400,2400,0,5475,125
08:12:27.337,active,15273,622,9510,16787,0,95,61.7,53.1,No,2400,2400,0,5484,125
08:12:28.337,active,15303,858,13098,16786,-3,95,61.7,51.9,No,2400,2400,0,5478,125
08:12:29.337,active,15303,512,7850,16787,0,95,62.2,53.6,No,2400,2400,0,5483,125
08:12:30.338,active,15296,672,10300,16785,0,95,61.7,54.1,No,2400,2400,0,5478,125
08:12:31.337,active,15303,788,12616,16787,0,95,61.7,55.5,No,2400,2400,0,5483,125
08:12:32.337,active,15292,796,12210,16787,-4,95,60.6,54.7,No,2400,2400,0,5486,125
08:12:33.337,active,15296,684,10706,16786,-4,95,61.7,54.0,No,2400,2400,0,5495,125
08:12:34.337,active,15307,786,12056,16786,-3,95,62.8,54.4,No,2400,2400,0,5496,125
08:12:35.337,active,15301,752,11130,16786,0,95,62.8,55.8,No,2400,2400,0,5499,125
08:12:36.342,active,15296,812,12442,16786,0,95,62.2,52.5,No,2400,2400,0,5497,125
08:12:37.337,active,15273,964,11072,16787,0,95,61.7,55.2,No,2400,2400,0,5496,125
08:12:38.337,active,15296,718,11014,16788,0,95,62.2,53.2,No,2400,2400,0,5496,125
08:12:39.337,active,15303,704,11246,16787,0,95,62.8,52.3,No,2400,2400,0,5492,125
08:12:40.341,active,15305,492,7542,16787,0,95,62.8,51.4,No,2400,2400,0,5499,125
08:12:41.337,active,15346,452,6964,16787,0,95,62.2,51.5,No,2400,2400,0,5502,125
08:12:42.342,active,15326,462,7118,16787,0,95,61.7,51.5,No,2400,2400,0,5511,125
08:12:43.337,active,15292,558,8564,16786,0,95,62.8,55.7,No,2400,2400,0,5506,125
08:12:44.337,active,15339,510,7850,16786,-6,95,62.2,54.4,No,2400,2400,0,5509,125
08:12:45.341,active,15294,516,7928,16786,-5,95,62.2,51.8,No,2400,2400,0,5511,125
08:12:46.337,active,15346,526,8082,16788,0,95,62.8,51.4,No,2400,2400,0,5514,125
08:12:47.341,active,15292,398,6114,16787,0,95,62.2,52.9,No,2400,2400,0,5511,125
08:12:48.337,active,15294,696,10668,16787,-4,95,61.7,54.9,No,2400,2400,0,5517,125
08:12:49.337,active,15294,702,10726,16786,-3,95,62.8,55.8,No,2400,2400,0,5530,125
08:12:50.337,active,15247,756,11786,16785,-3,95,63.4,55.9,No,2400,2400,0,5527,125
08:12:51.337,active,15305,704,10764,16786,0,95,63.4,57.1,No,2400,2400,0,5511,125
08:12:52.338,active,15247,520,10508,16787,0,95,63.4,55.9,No,2400,2400,0,5519,125
08:12:53.338,active,15305,658,10070,16787,0,95,63.4,56.7,No,2400,2400,0,5517,125
08:12:54.337,active,15309,452,12832,16786,0,95,62.8,57.3,No,2400,2400,0,5520,125
08:12:55.341,active,15307,702,10744,16786,0,95,63.9,58.8,No,2400,2400,0,5514,125
08:12:56.337,active,15307,500,7678,16786,-3,95,63.4,55.3,No,2400,2400,0,5518,125
08:12:57.337,active,15316,708,10860,16786,-4,95,63.4,57.7,No,2400,2400,0,5511,125
08:12:58.341,active,15305,526,8082,16786,-3,95,63.4,56.7,No,2400,2400,0,5519,125
08:12:59.337,active,15307,676,10378,16786,-5,95,63.4,57.8,No,2400,2400,0,5524,125
08:13:00.337,active,15305,744,10686,16786,-3,95,62.8,56.7,No,2400,2400,0,5523,125
08:13:01.337,active,15299,708,10860,16785,-6,95,63.9,57.4,No,2400,2400,0,5525,125
08:13:02.337,active,15273,906,11188,16785,-6,95,63.4,57.6,No,2400,2400,0,5518,125
08:13:03.339,active,15311,668,10244,16786,0,95,63.9,57.6,No,2400,2400,0,5516,125
08:13:04.346,active,15268,936,10610,16786,0,95,63.4,56.6,No,2400,2400,0,5523,125
08:13:05.337,active,15296,772,11844,16787,-3,95,63.4,57.7,No,2400,2400,0,5521,125
08:13:06.339,active,15286,796,11498,16787,0,95,63.9,57.7,No,2400,2400,0,5521,125
08:13:07.337,active,15268,966,14796,16785,-3,95,63.9,57.9,No,2400,2400,0,5522,125
08:13:08.339,active,15290,596,9162,16786,0,95,63.9,57.6,No,2400,2400,0,5522,125
08:13:09.339,active,15290,702,10744,16787,-3,95,64.5,57.3,No,2400,2400,0,5522,125
08:13:10.338,active,15290,556,8546,16787,0,95,63.4,58.0,No,2400,2400,0,5522,125
08:13:11.337,sleep,15301,546,8392,16789,9,95,59.5,7.8,No,2400,2400,0,5571,125
08:13:12.337,sleep,15299,466,7156,16789,17,95,59.0,0.0,No,2400,2400,0,5582,125
08:13:13.337,sleep,15299,492,7542,16790,17,95,58.4,-0.0,No,2400,2400,0,5578,125
08:13:14.337,sleep,15292,478,7330,16789,16,95,57.9,0.3,No,2400,2400,0,5577,125
08:13:15.337,sleep,15288,490,7504,16790,17,95,56.8,-0.0,No,2400,2400,0,5576,125
08:13:16.337,sleep,15292,492,7542,16790,18,95,55.6,0.0,No,1500,2400,0,5584,125
08:13:17.337,sleep,15292,398,5130,16791,20,95,56.2,0.0,No,1500,2400,0,5590,125
08:13:18.337,sleep,15294,508,7792,16790,22,95,55.1,0.3,No,1500,2400,0,5439,75
08:13:19.337,sleep,15296,188,7388,16791,22,95,54.0,-0.0,No,1500,2400,0,3733,75
08:13:20.337,sleep,15294,542,8314,16791,18,95,54.0,0.3,No,1500,2400,0,3463,75
08:13:21.337,sleep,15296,322,3760,16791,19,95,54.0,0.0,No,1500,2400,0,3399,75
08:13:22.337,sleep,15301,250,3838,16791,16,95,53.5,0.0,No,1500,2400,0,3402,75
08:13:23.337,sleep,15290,376,7678,16790,12,95,52.9,0.3,No,1500,2400,0,3409,75
08:13:24.337,sleep,15294,330,5072,16790,16,95,52.4,0.3,No,1500,2400,0,3405,75
08:13:25.337,sleep,15296,330,3182,16790,16,95,52.9,0.0,No,1500,2400,0,3410,75
08:13:26.341,active,15357,462,7098,16787,0,95,57.3,57.0,No,2400,2400,0,3369,75
08:13:27.337,active,15271,732,9510,16786,-7,95,57.3,58.8,No,2400,2400,0,3336,75
08:13:28.337,active,15314,726,11150,16785,-5,95,59.5,60.2,No,2400,2400,0,3326,75
08:13:29.341,active,15275,744,11420,16787,-3,95,59.5,58.5,No,2400,2400,0,3335,75
08:13:30.337,active,15305,744,11420,16786,-5,95,60.6,59.4,No,2400,2400,0,5102,125
08:13:31.338,active,15268,720,11054,16786,-7,95,60.6,60.2,No,2400,2400,0,5422,125
08:13:32.340,active,15260,1002,15336,16786,-4,95,60.6,58.7,No,2400,2400,0,5453,125
08:13:33.337,active,15275,806,12366,16788,-6,95,60.0,57.2,No,2400,2400,0,5450,125
08:13:34.337,active,15301,738,11324,16787,-3,95,60.6,55.1,No,2400,2400,0,5449,125
08:13:35.341,active,15260,650,9972,16788,0,95,61.1,54.6,No,2400,2400,0,5449,125
08:13:36.337,active,15329,504,7832,16786,-4,95,61.1,54.2,No,2400,2400,0,5453,125
08:13:37.338,active,15352,590,9046,16785,-7,95,60.6,54.2,No,2400,2400,0,5441,125
08:13:38.337,active,15329,588,7600,16786,-3,95,60.6,53.8,No,2400,2400,0,5455,125
08:13:39.337,active,15296,572,8758,16785,-6,95,61.7,59.7,No,2400,2400,0,5455,125
08:13:40.339,active,15352,510,9008,16786,-8,95,61.7,52.4,No,2400,2400,0,5471,125
08:13:41.341,active,15331,420,6442,16787,0,95,61.7,51.5,No,2400,2400,0,5468,125
08:13:42.337,active,15333,506,8430,16786,-5,95,61.7,51.5,No,2400,2400,0,5479,125
08:13:43.342,active,15307,492,7562,16786,0,95,61.1,51.7,No,2400,2400,0,5477,125
08:13:44.337,active,15294,742,7156,16786,-3,95,60.6,51.5,No,2400,2400,0,5471,125
08:13:45.337,active,15236,888,13562,16786,-5,95,62.8,52.3,No,2400,2400,0,5479,125
08:13:46.337,active,15305,902,13792,16788,0,95,61.7,51.7,No,2400,2400,0,5483,125
08:13:47.337,active,15266,738,11284,16787,0,95,61.1,51.8,No,2400,2400,0,5479,125
08:13:48.341,active,15303,804,12288,16787,-4,95,61.7,51.3,No,2400,2400,0,5480,125
08:13:49.337,active,15292,620,9490,16785,-6,95,61.1,51.7,No,2400,2400,0,5491,125
08:13:50.337,active,15309,812,12424,16786,-3,95,61.1,52.4,No,2400,2400,0,5492,125
08:13:51.337,active,15314,472,7234,16786,0,95,62.2,52.6,No,2400,2400,0,5489,125
08:13:52.337,active,15309,672,10300,16788,-3,95,62.2,51.3,No,2400,2400,0,5492,125
08:13:53.339,active,15296,540,8294,16788,0,95,62.2,51.8,No,2400,2400,0,5485,125
08:13:54.341,active,15296,702,8642,16787,0,95,61.7,51.5,No,2400,2400,0,5493,125
08:13:55.337,active,15307,742,11130,16787,0,95,61.1,53.4,No,2400,2400,0,5500,125
08:13:56.337,active,15299,648,9954,16786,0,95,61.7,55.4,No,2400,2400,0,5497,125
08:13:57.337,active,15273,964,10706,16787,0,95,62.8,55.1,No,2400,2400,0,5506,125
08:13:58.337,active,15303,774,11882,16787,0,95,61.7,53.7,No,2400,2400,0,5508,125
08:13:59.338,active,15266,876,10956,16786,-3,95,62.2,54.5,No,2400,2400,0,5511,125
08:14:00.338,active,15296,748,11458,16787,0,95,62.8,54.9,No,2400,2400,0,5510,125
08:14:01.337,active,15299,742,11382,16787,3,95,62.2,54.3,No,2400,2400,0,5502,125
08:14:02.337,active,15303,688,10552,16787,3,95,62.8,52.7,No,2400,2400,0,5510,125
08:14:03.337,active,15329,512,7850,16786,0,95,63.4,52.5,No,2400,2400,0,5511,125
08:14:04.340,active,15294,630,9664,16787,0,95,62.8,52.8,No,2400,2400,0,5521,125
08:14:05.338,active,15294,532,8178,16788,0,95,62.2,56.7,No,2400,2400,0,5506,125
08:14:06.337,active,15346,546,8392,16785,-4,95,62.2,57.4,No,2400,2400,0,5505,125
08:14:07.337,active,15290,484,7446,16786,0,95,63.4,58.5,No,2400,2400,0,5510,125
08:14:08.337,active,15294,502,7678,16787,0,95,63.4,57.3,No,2400,2400,0,5507,125
08:14:09.337,active,15294,486,7484,16787,0,95,63.9,57.4,No,2400,2400,0,5514,125
08:14:10.337,active,15296,708,7808,16787,0,95,63.4,57.1,No,2400,2400,0,5514,125
08:14:11.337,active,15296,492,7580,16784,-7,95,62.8,57.3,No,2400,2400,0,5515,125
08:14:12.337,active,15294,744,7048,16785,-7,95,62.8,59.1,No,2400,2400,0,5516,125
08:14:13.337,active,15262,742,11342,16786,-3,95,63.4,56.9,No,2400,2400,0,5516,125
08:14:14.339,active,15260,636,11382,16786,-3,95,63.4,57.5,No,2400,2400,0,5519,125
08:14:15.339,active,15260,778,11902,16787,-6,95,65.0,57.6,No,2400,2400,0,5523,125
08:14:16.341,active,15318,432,12752,16785,-6,95,63.9,56.9,No,2400,2400,0,5517,125
08:14:17.337,active,15277,706,10802,16785,-4,95,63.4,57.1,No,2400,2400,0,5531,125
08:14:18.337,active,15311,568,10784,16785,0,95,63.9,58.8,No,2400,2400,0,5520,125
08:14:19.339,active,15318,724,11112,16786,0,95,63.9,58.3,No,2400,2400,0,5514,125
08:14:20.337,active,15316,474,9916,16786,-6,95,64.5,57.2,No,2400,2400,0,5521,125
08:14:21.338,active,15311,504,7736,16786,-7,95,63.4,58.9,No,2400,2400,0,5521,125
08:14:22.340,active,15271,598,9162,16786,-7,95,63.4,58.3,No,2400,2400,0,5518,125
08:14:23.337,active,15290,888,13620,16786,-3,95,63.4,56.9,No,2400,2400,0,5526,125
08:14:24.337,active,15305,736,11266,16785,-3,95,63.4,56.5,No,2400,2400,0,5523,125
08:14:25.339,active,15294,712,10918,16786,0,95,65.0,57.8,No,2400,2400,0,5527,125
08:14:26.337,sleep,15292,528,8102,16789,8,95,60.0,8.3,No,2400,2400,0,5567,125
08:14:27.337,sleep,15299,570,8738,16788,10,95,59.5,0.0,No,2400,2400,0,5592,125
08:14:28.337,sleep,15286,540,8294,16790,11,95,57.3,0.3,No,2400,2400,0,5579,125
08:14:29.337,sleep,15288,440,6752,16788,13,95,57.9,0.0,No,2400,2400,0,5566,125
08:14:30.337,sleep,15290,496,7620,16788,11,95,57.3,0.0,No,2400,2400,0,5579,125
08:14:31.337,sleep,15288,456,6694,16789,15,95,55.6,0.0,No,1500,2400,0,5585,125
08:14:32.337,sleep,15288,444,6790,16790,16,95,55.6,-0.0,No,1500,2400,0,5586,125
08:14:33.337,sleep,15288,444,7522,16791,17,95,54.5,0.3,No,1500,2400,0,4702,75
08:14:34.337,sleep,15288,520,7986,16790,16,95,54.0,0.0,No,1500,2400,0,3626,75
08:14:35.337,sleep,15290,586,7252,16789,17,95,54.0,0.3,No,1500,2400,0,3463,75
08:14:36.337,sleep,15290,350,5362,16789,15,95,52.9,0.3,No,1500,2400,0,3433,75
08:14:37.337,sleep,15294,354,3780,16790,20,95,52.9,-0.0,No,1500,2400,0,3424,75
08:14:38.337,sleep,15296,396,6076,16790,17,95,52.9,0.0,No,1500,2400,0,3413,75
08:14:39.337,sleep,15290,380,7292,16792,18,95,52.9,0.3,No,1500,2400,0,3404,75
08:14:40.337,sleep,15294,526,8044,16790,19,95,52.9,0.0,No,1500,2400,0,3406,75
08:14:41.337,active,15283,724,11092,16787,5,95,56.8,56.4,No,2400,2400,0,3365,75
08:14:42.337,active,15258,710,10860,16786,-4,95,58.4,59.2,No,2400,2400,0,3350,75
08:14:43.340,active,15311,826,12616,16787,0,95,60.0,58.4,No,2400,2400,0,3337,75
08:14:44.340,active,15251,580,8874,16788,0,95,60.0,58.2,No,2400,2400,0,3330,75
08:14:45.337,active,15309,812,12424,16787,-5,95,59.0,57.8,No,2400,2400,0,3358,125
08:14:46.337,active,15314,528,8120,16787,0,95,61.1,59.0,No,2400,2400,0,5254,125
08:14:47.341,active,15305,588,8990,16786,0,95,60.6,57.2,No,2400,2400,0,5437,125
08:14:48.337,active,15309,502,7696,16786,0,95,60.0,56.5,No,2400,2400,0,5445,125
08:14:49.337,active,15311,642,9838,16787,-3,95,61.1,55.2,No,2400,2400,0,5444,125
08:14:50.343,active,15303,690,11072,16788,-4,95,60.6,55.1,No,2400,2400,0,5439,125
08:14:51.337,active,15294,658,10088,16787,-7,95,60.0,58.8,No,2400,2400,0,5439,125
08:14:52.337,active,15301,636,10706,16786,-5,95,61.1,55.9,No,2400,2400,0,5444,125
08:14:53.341,active,15296,638,9780,16787,-3,95,62.2,52.0,No,2400,2400,0,5449,125
08:14:54.337,active,15305,744,11612,16787,0,95,61.1,51.2,No,2400,2400,0,5452,125
08:14:55.341,active,15301,650,9992,16787,0,95,61.1,52.6,No,2400,2400,0,5450,125
08:14:56.337,active,15314,742,10050,16786,-3,95,61.1,54.0,No,2400,2400,0,5456,125
08:14:57.337,active,15309,728,11188,16786,-4,95,61.1,52.3,No,2400,2400,0,5454,125
08:14:58.337,active,15273,798,10300,16786,-5,95,62.2,52.6,No,2400,2400,0,5456,125
08:14:59.341,active,15253,662,10166,16787,0,95,62.2,51.5,No,2400,2400,0,5465,125
08:15:00.337,active,15339,512,7850,16787,3,95,61.7,51.5,No,2400,2400,0,5467,125
08:15:01.342,active,15303,534,8198,16787,0,95,61.7,55.6,No,2400,2400,0,5463,125
08:15:02.337,active,15350,502,7716,16788,0,95,61.7,56.6,No,2400,2400,0,5469,125
08:15:03.337,active,15329,424,6520,16787,0,95,61.7,53.6,No,2400,2400,0,5473,125
08:15:04.341,active,15292,540,8294,16788,0,95,62.2,54.1,No,2400,2400,0,5472,125
08:15:05.337,active,15294,696,10686,16787,0,95,62.8,55.3,No,2400,2400,0,5481,125
08:15:06.337,active,15292,538,8256,16788,0,95,61.7,53.6,No,2400,2400,0,5483,125
08:15:07.342,active,15329,544,8372,16786,0,95,62.2,54.7,No,2400,2400,0,5484,125
08:15:08.337,active,15266,470,7214,16785,-4,95,62.2,55.8,No,2400,2400,0,5484,125
08:15:09.338,active,15256,632,13330,16787,-3,95,62.2,53.2,No,2400,2400,0,5491,125
08:15:10.337,active,15238,854,13060,16788,-3,95,62.8,55.6,No,2400,2400,0,5486,125
08:15:11.337,active,15305,612,11130,16787,0,95,62.8,56.1,No,2400,2400,0,5485,125
08:15:12.341,active,15260,712,10898,16786,-3,95,62.8,56.5,No,2400,2400,0,5495,125
08:15:13.337,active,15305,564,13350,16786,-3,95,61.7,53.2,No,2400,2400,0,5494,125
08:15:14.337,active,15279,622,9530,16785,-5,95,61.7,53.0,No,2400,2400,0,5501,125
08:15:15.338,active,15309,484,10668,16787,-5,95,62.8,52.7,No,2400,2400,0,5501,125
08:15:16.337,active,15303,504,7736,16787,0,95,62.2,51.9,No,2400,2400,0,5501,125
08:15:17.338,active,15305,694,10784,16785,-6,95,61.7,52.6,No,2400,2400,0,5506,125
08:15:18.342,active,15311,658,11882,16785,-8,95,61.7,57.0,No,2400,2400,0,5499,125
08:15:19.337,active,15283,760,11632,16785,-6,95,61.7,58.3,No,2400,2400,0,5500,125
08:15:20.341,active,15279,842,10764,16785,-5,95,64.5,58.7,No,2400,2400,0,5498,125
08:15:21.338,active,15273,706,10822,16786,-5,95,62.8,57.5,No,2400,2400,0,5501,125
08:15:22.339,active,15305,686,10706,16787,0,95,62.8,57.0,No,2400,2400,0,5498,125
08:15:23.344,active,15305,718,11034,16787,0,95,62.8,57.6,No,2400,2400,0,5504,125
08:15:24.337,active,15273,916,11014,16788,0,95,62.2,58.3,No,2400,2400,0,5500,125
08:15:25.337,active,15305,710,10898,16786,0,95,63.4,57.6,No,2400,2400,0,5501,125
08:15:26.341,active,15268,930,11690,16787,0,95,63.4,57.0,No,2400,2400,0,5510,125
08:15:27.337,active,15335,492,7562,16786,-3,95,64.5,57.7,No,2400,2400,0,5509,125
08:15:28.338,active,15290,518,7948,16786,0,95,64.5,58.2,No,2400,2400,0,5508,125
08:15:29.339,active,15320,506,8542,16787,-3,95,63.4,54.8,No,2400,2400,0,5510,125
08:15:30.337,active,15341,528,8102,16787,0,95,62.8,51.9,No,2400,2400,0,5513,125
08:15:31.337,active,15318,490,8314,16786,0,95,62.8,52.4,No,2400,2400,0,5519,125
08:15:32.341,active,15354,464,7138,16787,0,95,63.4,52.2,No,2400,2400,0,5517,125
08:15:33.337,active,15333,508,7812,16786,-3,95,62.8,51.3,No,2400,2400,0,5514,125
08:15:34.338,active,15296,532,8198,16786,0,95,63.4,55.0,No,2400,2400,0,5507,125
08:15:35.339,active,15294,788,7468,16786,0,95,62.2,58.0,No,2400,2400,0,5509,125
08:15:36.337,active,15256,744,11382,16786,-4,95,63.4,58.3,No,2400,2400,0,5510,125
08:15:37.337,active,15238,832,15144,16787,-5,95,62.8,52.8,No,2400,2400,0,5518,125
08:15:38.337,active,15249,844,12906,16787,0,95,63.4,52.0,No,2400,2400,0,5519,125
08:15:39.337,active,15241,874,13870,16786,0,95,63.4,52.3,No,2400,2400,0,5522,125
08:15:40.341,active,15238,902,13792,16786,0,95,62.2,52.3,No,2400,2400,0,5511,125
08:15:41.337,sleep,15301,554,7408,16788,6,95,59.5,10.1,No,2400,2400,0,5561,125
08:15:42.337,sleep,15294,454,6964,16788,9,95,59.5,0.0,No,2400,2400,0,5569,125
08:15:43.337,sleep,15301,548,7234,16790,12,95,58.4,0.0,No,2400,2400,0,5583,125
08:15:44.337,sleep,15294,436,6694,16790,11,95,56.8,0.0,No,2400,2400,0,5567,125
08:15:45.337,sleep,15288,458,7022,16788,8,95,56.2,0.3,No,2400,2400,0,5568,125
08:15:46.337,sleep,15288,564,7618,16789,8,95,55.6,0.2,No,1500,2400,0,5580,125
08:15:47.337,sleep,15294,396,6076,16789,13,95,54.5,0.0,No,1500,2400,0,5582,125
08:15:48.337,sleep,15296,454,7988,16789,9,95,54.0,0.3,No,1500,2400,0,5581,125
08:15:49.337,sleep,15290,190,2912,16789,12,95,53.5,0.5,No,1500,2400,0,4244,75
08:15:50.337,sleep,15290,556,5198,16790,15,95,53.5,0.0,No,1500,2400,0,3549,75
08:15:51.337,sleep,15292,554,8488,16790,17,95,53.5,0.0,No,1500,2400,0,3437,75
08:15:52.337,sleep,15296,356,5478,16789,9,95,53.5,-0.0,No,1500,2400,0,3430,75
08:15:53.337,sleep,15292,556,8526,16788,9,95,52.4,0.3,No,1500,2400,0,3409,75
08:15:54.337,sleep,15296,486,7446,16788,5,95,52.4,0.3,No,1500,2400,0,3410,75
08:15:55.337,sleep,15294,402,6172,16790,9,95,51.8,0.2,No,1500,2400,0,3397,75
08:15:56.338,active,15357,486,6770,16787,-6,95,56.8,53.4,No,2400,2400,0,3363,75
08:15:57.338,active,15335,418,6424,16787,-11,95,56.8,58.8,No,2400,2400,0,3345,75
08:15:58.337,active,15309,476,6790,16786,-9,95,57.9,58.5,No,2400,2400,0,3325,75
08:15:59.337,active,15320,532,8178,16785,-10,95,59.5,56.2,No,2400,2400,0,3316,75
08:16:00.337,active,15350,480,6828,16785,-8,95,59.0,54.8,No,2400,2400,0,3316,75
08:16:01.337,active,15333,532,8198,16784,-11,95,59.5,54.3,No,2400,2400,0,4040,125
08:16:02.341,active,15357,508,7368,16786,-11,95,59.5,54.3,No,2400,2400,0,5355,125
08:16:03.337,active,15333,498,7658,16784,-8,95,59.5,53.8,No,2400,2400,0,5441,125
08:16:04.337,active,15241,872,13350,16785,-9,95,60.0,59.6,No,2400,2400,0,5441,125
08:16:05.337,active,15260,854,11034,16784,-11,95,60.6,52.9,No,2400,2400,0,5435,125
08:16:06.337,active,15247,1000,15316,16784,-11,95,60.0,51.5,No,2400,2400,0,5436,125
08:16:07.338,active,15256,772,11786,16785,-5,95,61.1,51.4,No,2400,2400,0,5435,125
08:16:08.342,active,15303,924,14140,16786,-7,95,60.6,51.4,No,2400,2400,0,5439,125
08:16:09.337,active,15247,578,13136,16787,-4,95,60.6,51.5,No,2400,2400,0,5440,125
08:16:10.337,active,15243,774,11844,16785,0,95,61.7,52.4,No,2400,2400,0,5447,125
08:16:11.337,active,15305,448,12520,16785,-3,95,61.1,51.7,No,2400,2400,0,5453,125
08:16:12.337,active,15275,690,10572,16786,-5,95,61.7,54.7,No,2400,2400,0,5447,125
08:16:13.341,active,15307,688,13368,16785,-6,95,62.2,54.5,No,2400,2400,0,5452,125
08:16:14.337,active,15299,686,9764,16785,-9,95,60.6,54.9,No,2400,2400,0,5452,125
08:16:15.337,active,15301,762,11670,16784,-9,95,61.7,58.3,No,2400,2400,0,5448,125
08:16:16.341,active,15309,720,10030,16785,-8,95,61.7,55.0,No,2400,2400,0,5456,125
08:16:17.341,active,15303,666,10204,16786,-4,95,61.7,53.0,No,2400,2400,0,5450,125
08:16:18.337,active,15307,736,11806,16786,-3,95,61.7,53.7,No,2400,2400,0,5460,125
08:16:19.338,active,15303,720,11054,16786,-3,95,62.2,53.4,No,2400,2400,0,5467,125
08:16:20.337,active,15299,724,9876,16786,0,95,61.7,52.4,No,2400,2400,0,5478,125
08:16:21.337,active,15294,724,11112,16786,0,95,62.8,52.7,No,2400,2400,0,5475,125
08:16:22.341,active,15311,670,11150,16786,0,95,61.7,52.2,No,2400,2400,0,5481,125
08:16:23.337,active,15307,580,8892,16787,0,95,62.8,51.3,No,2400,2400,0,5482,125
08:16:24.337,active,15314,532,8160,16787,0,95,62.2,51.7,No,2400,2400,0,5470,125
08:16:25.342,active,15305,518,7948,16787,0,95,61.7,51.9,No,2400,2400,0,5490,125
08:16:26.337,active,15324,482,7388,16787,0,95,60.6,51.9,No,2400,2400,0,5495,125
08:16:27.337,active,15314,590,9066,16786,0,95,62.2,52.9,No,2400,2400,0,5494,125
08:16:28.341,active,15341,470,7214,16787,0,95,62.8,51.9,No,2400,2400,0,5497,125
08:16:29.337,active,15318,498,7894,16786,-4,95,63.4,53.5,No,2400,2400,0,5494,125
08:16:30.341,active,15299,542,8314,16786,0,95,61.7,56.1,No,2400,2400,0,5484,125
08:16:31.337,active,15260,904,8166,16787,0,95,61.1,54.6,No,2400,2400,0,5485,125
08:16:32.337,active,15275,802,12288,16788,0,95,61.7,53.6,No,2400,2400,0,5500,125
08:16:33.337,active,15273,1004,14622,16786,0,95,63.4,56.0,No,2400,2400,0,5499,125
08:16:34.337,active,15273,924,14160,16785,0,95,62.8,57.1,No,2400,2400,0,5499,125
08:16:35.339,active,15260,802,12308,16785,-7,95,62.8,57.2,No,2400,2400,0,5497,125
08:16:36.341,active,15279,854,13078,16786,-7,95,61.7,55.9,No,2400,2400,0,5509,125
08:16:37.337,active,15268,804,12326,16787,0,95,62.2,58.3,No,2400,2400,0,5506,125
08:16:38.337,active,15271,686,10514,16786,0,95,63.4,58.3,No,2400,2400,0,5508,125
08:16:39.339,active,15305,804,12308,16785,-6,95,63.4,58.5,No,2400,2400,0,5505,125
08:16:40.337,active,15256,690,12326,16785,-3,95,63.4,57.2,No,2400,2400,0,5508,125
08:16:41.341,active,15301,674,10340,16786,-3,95,63.4,57.2,No,2400,2400,0,5500,125
08:16:42.337,active,15301,684,11574,16787,-3,95,62.2,57.0,No,2400,2400,0,5506,125
08:16:43.337,active,15294,672,10320,16787,0,95,63.4,58.3,No,2400,2400,0,5508,125
08:16:44.341,active,15301,694,10648,16785,-5,95,63.4,57.4,No,2400,2400,0,5507,125
08:16:45.337,active,15301,632,9684,16784,-5,95,63.9,57.0,No,2400,2400,0,5507,125
08:16:46.338,active,15305,714,10956,16786,-3,95,62.8,57.4,No,2400,2400,0,5510,125
08:16:47.341,active,15296,658,10088,16786,-4,95,62.2,54.2,No,2400,2400,0,5516,125
08:16:48.337,active,15316,744,11420,16787,0,95,62.8,55.6,No,2400,2400,0,5529,125
08:16:49.339,active,15296,762,11690,16785,0,95,62.8,57.9,No,2400,2400,0,5519,125
08:16:50.341,active,15316,526,8064,16785,-3,95,63.9,58.1,No,2400,2400,0,5515,125
08:16:51.339,active,15311,502,10898,16785,-3,95,63.9,56.1,No,2400,2400,0,5513,125
08:16:52.341,active,15305,492,7562,16786,0,95,62.2,56.4,No,2400,2400,0,5520,125
08:16:53.338,active,15322,426,10166,16786,0,95,62.8,57.5,No,2400,2400,0,5514,125
08:16:54.337,active,15316,514,7890,16786,0,95,63.9,57.8,No,2400,2400,0,5519,125
08:16:55.338,active,15309,298,7716,16786,0,95,63.4,53.1,No,2400,2400,0,5525,125
08:16:56.337,sleep,15299,500,7678,16787,7,95,59.5,10.6,No,2400,2400,0,5559,125
08:16:57.337,sleep,15292,492,7542,16788,11,95,59.5,0.0,No,2400,2400,0,5565,125
08:16:58.337,sleep,15292,480,7350,16789,10,95,57.9,0.3,No,2400,2400,0,5573,125
08:16:59.337,sleep,15288,506,7754,16788,10,95,57.3,0.2,No,2400,2400,0,5572,125
08:17:00.337,sleep,15288,504,7504,16787,8,95,56.2,0.0,No,2400,2400,0,5571,125
08:17:01.337,sleep,15294,452,6924,16788,7,95,55.6,0.0,No,1500,2400,0,5560,125
08:17:02.337,sleep,15283,422,7696,16789,11,95,54.0,0.3,No,1500,2400,0,5576,125
08:17:03.337,sleep,15286,486,7446,16790,15,95,54.5,0.0,No,1500,2400,0,3907,75
08:17:04.337,sleep,15294,280,6924,16790,15,95,54.0,0.3,No,1500,2400,0,3493,75
08:17:05.337,sleep,15292,514,7870,16788,12,95,53.5,-0.0,No,1500,2400,0,3411,75
08:17:06.337,sleep,15290,446,6828,16789,12,95,52.9,0.0,No,1500,2400,0,3405,75
08:17:07.337,sleep,15288,350,5362,16789,12,95,52.9,0.3,No,1500,2400,0,3411,75
08:17:08.337,sleep,15290,584,8932,16789,9,95,52.4,0.0,No,1500,2400,0,3413,75
08:17:09.337,sleep,15290,296,4012,16790,10,95,52.9,0.3,No,1500,2400,0,3400,75
08:17:10.337,sleep,15292,470,7214,16790,10,95,52.4,0.0,No,1500,2400,0,3401,75
08:17:11.337,active,15301,672,5998,16786,0,95,56.8,51.9,No,2400,2400,0,3359,75
08:17:12.341,active,15299,642,9838,16785,-10,95,57.9,57.7,No,2400,2400,0,3348,75
08:17:13.337,active,15299,726,8082,16785,-4,95,59.0,55.4,No,2400,2400,0,3319,75
08:17:14.337,active,15294,682,10456,16786,0,95,59.0,55.6,No,2400,2400,0,3328,75
08:17:15.338,active,15294,748,8642,16787,0,95,58.4,55.1,No,2400,2400,0,4747,125
08:17:16.337,active,15294,678,10378,16786,-4,95,60.0,60.5,No,2400,2400,0,5398,125
08:17:17.337,active,15299,844,12886,16785,-5,95,61.7,53.4,No,2400,2400,0,5451,125
08:17:18.337,active,15271,584,12808,16785,-5,95,61.7,54.8,No,2400,2400,0,5438,125
08:17:19.337,active,15247,616,9414,16785,0,95,60.6,55.8,No,2400,2400,0,5442,125
08:17:20.341,active,15303,548,11998,16786,-4,95,61.1,53.6,No,2400,2400,0,5441,125
08:17:21.337,active,15256,658,10070,16787,-3,95,60.0,54.1,No,2400,2400,0,5435,125
08:17:22.337,active,15303,528,11998,16786,0,95,60.0,52.4,No,2400,2400,0,5442,125
08:17:23.340,active,15305,568,8738,16786,0,95,61.1,52.6,No,2400,2400,0,5444,125
08:17:24.341,active,15307,534,11670,16787,0,95,62.2,51.5,No,2400,2400,0,5450,125
08:17:25.337,active,15299,518,7948,16786,0,95,61.7,51.7,No,2400,2400,0,5454,125
08:17:26.342,active,15305,450,10340,16788,0,95,61.1,55.4,No,2400,2400,0,5447,125
08:17:27.337,active,15299,764,10704,16787,0,95,60.6,52.6,No,2400,2400,0,5456,125
08:17:28.337,active,15264,728,11170,16786,-7,95,61.7,54.4,No,2400,2400,0,5465,125
08:17:29.337,active,15299,658,12288,16786,-6,95,62.2,54.0,No,2400,2400,0,5456,125
08:17:30.337,active,15299,654,10030,16786,-4,95,62.2,53.5,No,2400,2400,0,5469,125
08:17:31.338,active,15301,736,12268,16787,0,95,61.7,55.6,No,2400,2400,0,5465,125
08:17:32.342,active,15299,692,10610,16786,0,95,60.6,51.7,No,2400,2400,0,5469,125
08:17:33.337,active,15307,686,10822,16786,0,95,61.7,52.1,No,2400,2400,0,5480,125
08:17:34.337,active,15301,712,10898,16786,0,95,62.2,52.4,No,2400,2400,0,5479,125
08:17:35.341,active,15283,670,10610,16786,0,95,62.8,51.7,No,2400,2400,0,5478,125
08:17:36.338,active,15326,556,8102,16786,-4,95,62.2,52.0,No,2400,2400,0,5485,125
08:17:37.341,active,15331,486,7466,16785,-3,95,61.7,55.7,No,2400,2400,0,5470,125
08:17:38.337,active,15290,686,7040,16785,-3,95,62.2,55.9,No,2400,2400,0,5481,125
08:17:39.337,active,15326,528,8120,16786,-5,95,61.7,53.2,No,2400,2400,0,5493,125
08:17:40.338,active,15359,428,7446,16785,-3,95,62.8,52.8,No,2400,2400,0,5487,125
08:17:41.337,active,15333,464,7156,16786,-3,95,61.7,54.8,No,2400,2400,0,5488,125
08:17:42.342,active,15299,460,7080,16785,-5,95,63.4,56.3,No,2400,2400,0,5493,125
08:17:43.338,active,15296,680,10436,16785,-5,95,61.7,57.3,No,2400,2400,0,5503,125
08:17:44.337,active,15273,730,11170,16786,-6,95,63.4,58.4,No,2400,2400,0,5499,125
08:17:45.338,active,15268,802,14332,16786,-5,95,62.8,57.6,No,2400,2400,0,5501,125
08:17:46.337,active,15273,720,11014,16784,-8,95,63.4,56.9,No,2400,2400,0,5491,125
08:17:47.339,active,15262,990,13446,16785,-10,95,63.4,57.5,No,2400,2400,0,5497,125
08:17:48.341,active,15251,814,12442,16785,-6,95,62.2,57.2,No,2400,2400,0,5501,125
08:17:49.337,active,15264,804,12308,16786,-3,95,62.2,59.1,No,2400,2400,0,5500,125
08:17:50.337,active,15271,634,9722,16786,-4,95,62.8,57.5,No,2400,2400,0,5507,125
08:17:51.337,active,15264,794,12152,16786,-5,95,63.4,58.1,No,2400,2400,0,5510,125
08:17:52.337,active,15256,722,12058,16785,-7,95,63.4,56.8,No,2400,2400,0,5504,125
08:17:53.338,active,15299,692,10610,16786,-6,95,63.4,57.3,No,2400,2400,0,5505,125
08:17:54.344,active,15301,740,11342,16786,-7,95,63.9,56.8,No,2400,2400,0,5501,125
08:17:55.337,active,15290,838,12848,16787,-5,95,61.7,55.0,No,2400,2400,0,5507,125
08:17:56.337,active,15296,742,11382,16785,-5,95,62.8,52.4,No,2400,2400,0,5510,125
08:17:57.339,active,15286,634,9702,16785,-3,95,62.2,52.6,No,2400,2400,0,5510,125
08:17:58.337,active,15303,742,11382,16784,-3,95,62.8,51.2,No,2400,2400,0,5513,125
08:17:59.337,active,15299,650,9992,16786,-3,95,62.2,51.8,No,2400,2400,0,5515,125
08:18:00.337,active,15311,700,10726,16786,-3,95,62.2,55.8,No,2400,2400,0,5514,125
08:18:01.337,active,15303,724,11368,16786,0,95,63.4,57.5,No,2400,2400,0,5524,125
08:18:02.341,active,15305,682,10474,16785,0,95,63.4,57.4,No,2400,2400,0,5523,125
08:18:03.337,active,15326,468,7176,16785,0,95,64.5,56.8,No,2400,2400,0,5520,125
08:18:04.337,active,15311,506,7754,16785,0,95,63.4,57.2,No,2400,2400,0,5521,125
08:18:05.341,active,15339,464,7138,16785,-4,95,62.8,58.1,No,2400,2400,0,5516,125
08:18:06.337,active,15314,538,8256,16786,-4,95,62.8,57.6,No,2400,2400,0,5515,125
08:18:07.337,active,15344,472,7252,16786,-4,95,64.5,57.6,No,2400,2400,0,5525,125
08:18:08.337,active,15324,524,8044,16785,0,95,64.5,57.3,No,2400,2400,0,5518,125
08:18:09.340,active,15305,480,7368,16786,0,95,64.5,58.4,No,2400,2400,0,5520,125
08:18:10.340,active,15329,556,8564,16786,3,95,63.4,58.5,No,2400,2400,0,5520,125
08:18:11.337,sleep,15290,446,6848,16789,8,95,60.0,16.2,No,2400,2400,0,5559,125
08:18:12.337,sleep,15290,560,9240,16790,11,95,59.0,0.0,No,2400,2400,0,5574,125
08:18:13.337,sleep,15294,504,7736,16790,15,95,58.4,0.0,No,2400,2400,0,5571,125
08:18:14.337,sleep,15294,510,7812,16789,13,95,57.3,-0.0,No,2400,2400,0,5572,125
08:18:15.337,sleep,15281,480,7350,16788,13,95,56.8,0.5,No,2400,2400,0,5574,125
08:18:16.337,sleep,15292,536,8218,16787,12,95,56.2,0.0,No,1500,2400,0,5585,125
08:18:17.337,sleep,15288,346,5324,16789,14,95,55.1,0.2,No,1500,2400,0,5584,125
08:18:18.337,sleep,15294,514,7890,16790,16,95,55.1,0.0,No,1500,2400,0,5585,125
08:18:19.337,sleep,15294,388,6308,16789,15,95,53.5,0.2,No,1500,2400,0,5524,75
08:18:20.337,sleep,15288,518,8294,16789,14,95,54.0,0.0,No,1500,2400,0,3749,75
08:18:21.337,sleep,15288,462,7098,16789,14,95,54.0,-0.0,No,1500,2400,0,3457,75
08:18:22.337,sleep,15290,498,7658,16789,15,95,53.5,0.0,No,1500,2400,0,3441,75
08:18:23.337,sleep,15286,408,6268,16790,16,95,52.4,0.0,No,1500,2400,0,3427,75
08:18:24.337,sleep,15290,444,6810,16791,22,95,53.5,0.3,No,1500,2400,0,3404,75
08:18:25.337,sleep,15294,490,7504,16790,19,95,52.4,0.5,No,1500,2400,0,3399,75
08:18:26.341,active,15299,594,6800,16787,0,95,56.8,48.7,No,2400,2400,0,3371,75
08:18:27.338,active,15292,504,7754,16787,0,95,57.3,54.0,No,2400,2400,0,3351,75
08:18:28.337,active,15290,670,8584,16786,0,95,57.3,58.3,No,2400,2400,0,3335,75
08:18:29.337,active,15271,732,11226,16787,3,95,59.0,56.9,No,2400,2400,0,3344,75
08:18:30.339,active,15249,908,13890,16786,0,95,59.5,52.6,No,2400,2400,0,3341,75
08:18:31.341,active,15241,864,13194,16788,0,95,60.6,51.9,No,2400,2400,0,5075,125
08:18:32.338,active,15305,828,12654,16788,0,95,60.0,51.4,No,2400,2400,0,5433,125
08:18:33.338,active,15309,468,7194,16787,0,95,59.5,53.5,No,2400,2400,0,5438,125
08:18:34.337,active,15309,618,9452,16786,0,95,60.0,55.3,No,2400,2400,0,5445,125
08:18:35.337,active,15307,536,12332,16786,0,95,61.1,55.3,No,2400,2400,0,5450,125
08:18:36.337,active,15303,576,8854,16785,-4,95,61.1,56.9,No,2400,2400,0,5446,125
08:18:37.338,active,15307,448,11092,16786,-4,95,62.2,57.3,No,2400,2400,0,5441,125
08:18:38.341,active,15350,518,7966,16787,0,95,61.1,54.8,No,2400,2400,0,5450,125
08:18:39.337,active,15307,732,11226,16787,0,95,61.1,55.4,No,2400,2400,0,5449,125
08:18:40.337,active,15296,746,11440,16787,0,95,61.7,58.4,No,2400,2400,0,5454,125
08:18:41.337,active,15307,700,10726,16787,0,95,62.8,53.5,No,2400,2400,0,5455,125
08:18:42.337,active,15309,694,10648,16787,0,95,62.8,53.0,No,2400,2400,0,5468,125
08:18:43.338,active,15292,730,11188,16787,0,95,62.2,52.2,No,2400,2400,0,5463,125
08:18:44.341,active,15303,738,11304,16787,0,95,62.2,53.5,No,2400,2400,0,5470,125
08:18:45.337,active,15279,690,10590,16786,-4,95,61.1,52.7,No,2400,2400,0,5477,125
08:18:46.337,active,15305,648,10050,16785,-5,95,61.1,52.4,No,2400,2400,0,5475,125
08:18:47.341,active,15258,702,10784,16786,0,95,61.7,52.2,No,2400,2400,0,5483,125
08:18:48.337,active,15324,514,7890,16787,4,95,63.4,51.3,No,2400,2400,0,5473,125
08:18:49.337,active,15314,550,8430,16788,6,95,61.7,51.9,No,2400,2400,0,5479,125
08:18:50.342,active,15337,458,7040,16787,3,95,61.1,52.0,No,2400,2400,0,5482,125
08:18:51.337,active,15329,478,7350,16788,4,95,61.7,52.6,No,2400,2400,0,5488,125
08:18:52.337,active,15348,446,6848,16787,0,95,62.8,52.6,No,2400,2400,0,5488,125
08:18:53.338,active,15324,520,7986,16787,0,95,62.2,52.5,No,2400,2400,0,5494,125
08:18:54.337,active,15301,464,7118,16787,0,95,61.7,52.0,No,2400,2400,0,5498,125
08:18:55.341,active,15292,708,10860,16787,0,95,62.2,55.6,No,2400,2400,0,5494,125
08:18:56.337,active,15294,554,8526,16788,0,95,61.7,55.7,No,2400,2400,0,5496,125
08:18:57.337,active,15273,862,12924,16788,0,95,62.2,58.9,No,2400,2400,0,5492,125
08:18:58.338,active,15277,650,9972,16788,3,95,63.4,57.7,No,2400,2400,0,5504,125
08:18:59.337,active,15264,1018,13870,16786,3,95,63.4,56.1,No,2400,2400,0,5497,125
08:19:00.339,active,15260,730,11188,16786,4,95,62.8,57.6,No,2400,2400,0,5495,125
08:19:01.341,active,15253,832,12712,16788,0,95,62.2,56.4,No,2400,2400,0,5505,125
08:19:02.337,active,15258,730,11170,16788,0,95,62.2,57.4,No,2400,2400,0,5509,125
08:19:03.337,active,15305,698,10686,16787,0,95,63.4,58.7,No,2400,2400,0,5506,125
08:19:04.337,active,15281,636,9760,16787,0,95,63.9,58.1,No,2400,2400,0,5505,125
08:19:05.339,active,15316,550,8392,16786,-3,95,62.2,58.5,No,2400,2400,0,5510,125
08:19:06.342,active,15307,802,11458,16785,-4,95,63.4,57.6,No,2400,2400,0,5509,125
08:19:07.337,active,15301,800,12288,16787,0,95,62.8,57.4,No,2400,2400,0,5505,125
08:19:08.337,active,15303,770,11150,16786,0,95,63.4,58.6,No,2400,2400,0,5504,125
08:19:09.341,active,15307,748,11458,16787,0,95,63.4,57.3,No,2400,2400,0,5506,125
08:19:10.337,active,15307,730,11710,16786,0,95,63.9,57.3,No,2400,2400,0,5511,125
08:19:11.341,active,15303,676,10378,16786,0,95,63.4,56.8,No,2400,2400,0,5514,125
08:19:12.338,active,15301,754,11112,16786,0,95,62.2,58.5,No,2400,2400,0,5511,125
08:19:13.337,active,15275,880,13464,16786,0,95,62.8,57.6,No,2400,2400,0,5513,125
08:19:14.337,active,15262,730,11208,16785,0,95,63.4,57.1,No,2400,2400,0,5504,125
08:19:15.337,active,15324,474,7080,16786,0,95,62.8,56.0,No,2400,2400,0,5507,125
08:19:16.339,active,15320,502,7696,16786,-3,95,64.5,57.0,No,2400,2400,0,5509,125
08:19:17.337,active,15333,462,7408,16786,-5,95,63.4,56.7,No,2400,2400,0,5511,125
08:19:18.338,active,15320,472,7252,16785,-6,95,62.8,57.0,No,2400,2400,0,5512,125
08:19:19.337,active,15339,522,7350,16785,-7,95,63.9,57.1,No,2400,2400,0,5512,125
08:19:20.337,active,15352,558,8584,16786,-3,95,64.5,59.1,No,2400,2400,0,5509,125
08:19:21.337,active,15299,490,7542,16786,0,95,64.5,57.4,No,2400,2400,0,5508,125
08:19:22.340,active,15337,548,8430,16786,0,95,63.9,58.1,No,2400,2400,0,5515,125
08:19:23.341,active,15294,752,9182,16787,0,95,62.2,58.0,No,2400,2400,0,5518,125
08:19:24.337,active,15268,936,10802,16787,0,95,62.8,57.6,No,2400,2400,0,5515,125
08:19:25.337,active,15264,798,12230,16788,0,95,62.8,55.3,No,2400,2400,0,5523,125
08:19:26.337,sleep,15288,554,7252,16790,9,95,59.5,15.3,No,2400,2400,0,5562,125
08:19:27.337,sleep,15299,504,7716,16788,11,95,59.0,0.0,No,2400,2400,0,5572,125
08:19:28.337,sleep,15294,504,8642,16788,11,95,58.4,0.3,No,2400,2400,0,5564,125
08:19:29.337,sleep,15299,550,8430,16789,13,95,57.3,0.0,No,2400,2400,0,5564,125
08:19:30.337,sleep,15292,468,7696,16789,12,95,56.2,-0.0,No,2400,2400,0,5569,125
08:19:31.337,sleep,15290,300,4610,16790,13,95,55.6,0.5,No,1500,2400,0,5582,125
08:19:32.337,sleep,15296,532,6114,16790,16,95,55.1,0.0,No,1500,2400,0,5589,125
08:19:33.337,sleep,15294,602,9240,16789,16,95,54.0,0.3,No,1500,2400,0,4742,75
08:19:34.337,sleep,15292,390,5980,16789,14,95,54.0,0.0,No,1500,2400,0,3621,75
08:19:35.337,sleep,15294,592,9086,16790,13,95,53.5,-0.0,No,1500,2400,0,3455,75
08:19:36.337,sleep,15286,318,4860,16790,15,95,54.0,0.0,No,1500,2400,0,3426,75
08:19:37.337,sleep,15292,490,7504,16790,14,95,53.5,0.3,No,1500,2400,0,3420,75
08:19:38.337,sleep,15292,454,6964,16790,17,95,52.9,0.0,No,1500,2400,0,3413,75
08:19:39.337,sleep,15292,440,6752,16790,16,95,52.9,0.3,No,1500,2400,0,3409,75
08:19:40.337,sleep,15292,328,5014,16789,12,95,52.4,0.5,No,1500,2400,0,3400,75
08:19:41.337,active,15301,674,10340,16786,3,95,55.6,45.2,No,2400,2400,0,3371,75
08:19:42.337,active,15301,674,10340,16788,0,95,57.9,52.3,No,2400,2400,0,3344,75
08:19:43.341,active,15309,498,10012,16788,0,95,58.4,51.9,No,2400,2400,0,3334,75
08:19:44.337,active,15301,492,7562,16787,-6,95,59.0,51.3,No,2400,2400,0,3333,75
08:19:45.338,active,15305,440,5922,16786,-7,95,59.0,51.4,No,2400,2400,0,3310,75
08:19:46.337,active,15301,440,6770,16786,-6,95,60.0,54.5,No,2400,2400,0,3324,125
08:19:47.337,active,15292,540,8314,16785,-5,95,61.1,56.0,No,2400,2400,0,5231,125
08:19:48.337,active,15305,528,8102,16786,-6,95,60.0,55.8,No,2400,2400,0,5427,125
08:19:49.337,active,15320,522,8006,16786,-6,95,60.6,54.5,No,2400,2400,0,5440,125
08:19:50.339,active,15307,504,7716,16786,0,95,60.6,51.4,No,2400,2400,0,5440,125
08:19:51.340,active,15331,490,7504,16787,0,95,60.6,53.3,No,2400,2400,0,5438,125
08:19:52.337,active,15277,800,11420,16786,0,95,61.1,57.7,No,2400,2400,0,5431,125
08:19:53.337,active,15305,654,10030,16786,-4,95,61.1,53.1,No,2400,2400,0,5435,125
08:19:54.338,active,15260,672,11092,16787,0,95,62.2,52.6,No,2400,2400,0,5439,125
08:19:55.341,active,15286,778,11922,16788,0,95,62.2,54.8,No,2400,2400,0,5438,125
08:19:56.337,active,15260,760,11652,16787,0,95,61.7,56.7,No,2400,2400,0,5436,125
08:19:57.340,active,15275,946,14488,16787,0,95,61.1,51.2,No,2400,2400,0,5443,125
08:19:58.337,active,15253,726,11150,16787,0,95,61.1,53.5,No,2400,2400,0,5450,125
08:19:59.337,active,15258,862,13194,16787,0,95,61.7,52.3,No,2400,2400,0,5458,125
08:20:00.337,active,15258,732,11226,16787,-3,95,62.2,51.9,No,2400,2400,0,5459,125
08:20:01.337,active,15299,694,7350,16785,-5,95,61.7,54.3,No,2400,2400,0,5452,125
08:20:02.338,active,15294,710,10880,16786,-4,95,60.6,54.8,No,2400,2400,0,5464,125
08:20:03.337,active,15296,736,11208,16786,-3,95,62.2,55.9,No,2400,2400,0,5468,125
08:20:04.337,active,15301,656,10050,16787,-6,95,62.8,56.4,No,2400,2400,0,5471,125
08:20:05.337,active,15305,680,10436,16787,-5,95,61.7,55.2,No,2400,2400,0,5475,125
08:20:06.340,active,15301,712,10898,16785,-7,95,62.8,58.0,No,2400,2400,0,5475,125
08:20:07.338,active,15296,744,11400,16786,-3,95,62.2,58.0,No,2400,2400,0,5476,125
08:20:08.338,active,15303,700,10744,16785,-5,95,61.7,58.6,No,2400,2400,0,5475,125
08:20:09.337,active,15294,712,10898,16787,-5,95,61.7,54.1,No,2400,2400,0,5467,125
08:20:10.337,active,15314,462,13156,16788,-4,95,62.8,53.8,No,2400,2400,0,5469,125
08:20:11.337,active,15268,754,11536,16788,0,95,62.2,53.2,No,2400,2400,0,5483,125
08:20:12.337,active,15303,998,13406,16786,0,95,61.7,53.3,No,2400,2400,0,5493,125
08:20:13.341,active,15305,670,10282,16785,0,95,61.7,53.9,No,2400,2400,0,5499,125
08:20:14.337,active,15305,714,10918,16785,0,95,62.8,52.6,No,2400,2400,0,5497,125
08:20:15.337,active,15296,546,8372,16786,0,95,61.7,53.0,No,2400,2400,0,5494,125
08:20:16.337,active,15303,662,10128,16788,0,95,62.2,52.3,No,2400,2400,0,5495,125
08:20:17.337,active,15301,494,7580,16787,0,95,61.7,51.4,No,2400,2400,0,5502,125
08:20:18.340,active,15305,452,6944,16786,0,95,62.2,51.4,No,2400,2400,0,5507,125
08:20:19.342,active,15305,490,7504,16786,0,95,61.7,51.5,No,2400,2400,0,5506,125
08:20:20.337,active,15299,714,10938,16786,-3,95,62.2,52.4,No,2400,2400,0,5506,125
08:20:21.341,active,15273,890,10996,16785,-6,95,62.8,58.2,No,2400,2400,0,5497,125
08:20:22.340,active,15311,674,10358,16786,-3,95,62.2,58.0,No,2400,2400,0,5496,125
08:20:23.339,active,15262,730,11188,16785,-3,95,63.4,57.2,No,2400,2400,0,5501,125
08:20:24.338,active,15277,842,12886,16786,0,95,62.8,57.0,No,2400,2400,0,5508,125
08:20:25.337,active,15266,688,10572,16786,0,95,62.2,58.1,No,2400,2400,0,5514,125
08:20:26.337,active,15273,908,13908,16787,0,95,63.4,56.9,No,2400,2400,0,5504,125
08:20:27.341,active,15273,738,11304,16787,0,95,63.9,57.2,No,2400,2400,0,5511,125
08:20:28.337,active,15294,704,7928,16788,0,95,63.4,57.6,No,2400,2400,0,5510,125
08:20:29.337,active,15352,474,7292,16788,0,95,62.8,57.3,No,2400,2400,0,5512,125
08:20:30.338,active,15294,454,7716,16787,-4,95,62.8,57.4,No,2400,2400,0,5516,125
08:20:31.337,active,15292,640,9818,16786,0,95,64.5,56.5,No,2400,2400,0,5519,125
08:20:32.341,active,15296,424,6520,16785,-5,95,63.9,58.6,No,2400,2400,0,5515,125
08:20:33.341,active,15294,748,11458,16784,-7,95,63.4,57.9,No,2400,2400,0,5514,125
08:20:34.338,active,15299,494,7600,16785,-4,95,63.9,59.0,No,2400,2400,0,5516,125
08:20:35.337,active,15294,758,11632,16786,-4,95,63.4,58.8,No,2400,2400,0,5515,125
08:20:36.338,active,15296,742,11382,16786,-5,95,62.8,59.6,No,2400,2400,0,5513,125
08:20:37.337,active,15251,748,13484,16786,-3,95,63.9,58.8,No,2400,2400,0,5516,125
08:20:38.337,active,15262,706,10822,16785,0,95,63.4,58.7,No,2400,2400,0,5523,125
08:20:39.337,active,15256,690,12288,16786,0,95,63.4,58.2,No,2400,2400,0,5513,125
08:20:40.340,active,15260,732,11208,16785,-7,95,63.4,58.4,No,2400,2400,0,5519,125
08:20:41.337,sleep,15303,470,7562,16788,6,95,60.6,18.5,No,2400,2400,0,5554,125
08:20:42.337,sleep,15286,498,7638,16788,9,95,59.0,0.0,No,2400,2400,0,5563,125
08:20:43.337,sleep,15296,512,7850,16789,11,95,57.9,0.0,No,2400,2400,0,5562,125
08:20:44.337,sleep,15294,510,7832,16788,5,95,57.3,0.0,No,2400,2400,0,5566,125
08:20:45.337,sleep,15286,516,7408,16787,5,95,56.8,0.2,No,2400,2400,0,5582,125
08:20:46.337,sleep,15292,368,5632,16789,7,95,55.1,0.0,No,1500,2400,0,5586,125
08:20:47.337,sleep,15290,518,7948,16789,15,95,55.1,0.0,No,1500,2400,0,5584,125
08:20:48.337,sleep,15288,272,4166,16791,20,95,54.5,0.3,No,1500,2400,0,4407,75
08:20:49.337,sleep,15288,400,6134,16790,17,95,54.5,-0.0,No,1500,2400,0,3565,75
08:20:50.337,sleep,15290,406,6230,16790,17,95,54.5,0.3,No,1500,2400,0,3448,75
08:20:51.337,sleep,15286,352,5382,16791,20,95,53.5,0.3,No,1500,2400,0,3423,75
08:20:52.337,sleep,15286,542,8294,16792,20,95,53.5,0.5,No,1500,2400,0,3419,75
08:20:53.337,sleep,15286,486,7446,16790,16,95,52.9,0.7,No,1500,2400,0,3417,75
08:20:54.337,sleep,15288,438,6732,16791,15,95,52.9,-0.0,No,1500,2400,0,3408,75
08:20:55.337,sleep,15286,356,5478,16790,17,95,52.4,0.0,No,1500,2400,0,3388,75
08:20:56.341,active,15333,446,7716,16787,7,95,56.2,43.2,No,2400,2400,0,3363,75
08:20:57.337,active,15311,520,7986,16787,-7,95,58.4,51.3,No,2400,2400,0,3341,75
08:20:58.341,active,15350,424,8198,16787,-3,95,59.0,52.2,No,2400,2400,0,3342,75
08:20:59.337,active,15326,460,7060,16788,-3,95,58.4,53.5,No,2400,2400,0,3332,75
08:21:00.341,active,15296,672,7966,16788,0,95,60.0,55.8,No,2400,2400,0,3315,75
08:21:01.337,active,15290,648,9934,16788,0,95,60.0,55.9,No,2400,2400,0,3589,125
08:21:02.337,active,15301,726,6770,16786,-4,95,60.6,57.1,No,2400,2400,0,5289,125
08:21:03.341,active,15354,492,7580,16785,-5,95,60.0,53.2,No,2400,2400,0,5432,125
08:21:04.337,active,15294,682,7484,16786,-6,95,60.0,52.2,No,2400,2400,0,5441,125
08:21:05.337,active,15251,884,12754,16787,0,95,61.1,52.3,No,2400,2400,0,5442,125
08:21:06.341,active,15251,886,13542,16787,-3,95,61.1,54.8,No,2400,2400,0,5439,125
08:21:07.337,active,15260,618,12012,16786,-7,95,62.2,54.5,No,2400,2400,0,5436,125
08:21:08.341,active,15307,806,12308,16786,-4,95,61.7,54.1,No,2400,2400,0,5434,125
08:21:09.338,active,15271,702,11478,16786,0,95,61.1,55.0,No,2400,2400,0,5431,125
08:21:10.337,active,15301,756,11554,16787,-3,95,60.6,53.9,No,2400,2400,0,5439,125
08:21:11.337,active,15305,636,13966,16788,0,95,61.7,52.4,No,2400,2400,0,5444,125
08:21:12.338,active,15243,750,11458,16787,0,95,62.8,52.3,No,2400,2400,0,5457,125
08:21:13.337,active,15305,510,11998,16787,0,95,61.1,51.4,No,2400,2400,0,5455,125
08:21:14.338,active,15307,644,9858,16787,0,95,61.7,51.9,No,2400,2400,0,5458,125
08:21:15.342,active,15299,720,11034,16786,-3,95,61.1,52.0,No,2400,2400,0,5479,125
08:21:16.337,active,15305,698,10706,16785,-4,95,61.1,54.2,No,2400,2400,0,5470,125
08:21:17.341,active,15296,670,10282,16787,-7,95,62.8,58.2,No,2400,2400,0,5459,125
08:21:18.337,active,15303,682,10474,16787,-6,95,61.7,56.6,No,2400,2400,0,5473,125
08:21:19.338,active,15266,706,10842,16788,0,95,63.4,57.9,No,2400,2400,0,5465,125
08:21:20.344,active,15277,678,10398,16786,-4,95,62.8,58.1,No,2400,2400,0,5476,125
08:21:21.337,active,15271,658,10088,16786,-5,95,61.7,57.2,No,2400,2400,0,5478,125
08:21:22.339,active,15260,922,10262,16785,-5,95,62.8,59.3,No,2400,2400,0,5471,125
08:21:23.341,active,15286,790,12114,16786,0,95,62.8,58.9,No,2400,2400,0,5476,125
08:21:24.337,active,15352,304,7792,16787,0,95,62.8,57.9,No,2400,2400,0,5477,125
08:21:25.338,active,15346,492,7562,16788,0,95,62.8,57.6,No,2400,2400,0,5474,125
08:21:26.339,active,15309,484,7426,16786,0,95,62.8,55.7,No,2400,2400,0,5482,125
08:21:27.337,active,15339,484,7446,16786,-3,95,62.8,57.9,No,2400,2400,0,5477,125
08:21:28.337,active,15352,476,7330,16786,0,95,62.8,52.3,No,2400,2400,0,5491,125
08:21:29.337,active,15294,712,10918,16785,0,95,63.4,54.5,No,2400,2400,0,5489,125
08:21:30.339,active,15299,550,8468,16787,0,95,63.4,57.2,No,2400,2400,0,5486,125
08:21:31.338,active,15346,516,7928,16787,0,95,62.2,56.4,No,2400,2400,0,5483,125
08:21:32.338,active,15296,516,7908,16787,0,95,62.2,51.5,No,2400,2400,0,5500,125
08:21:33.337,active,15256,828,11498,16787,0,95,61.7,52.2,No,2400,2400,0,5510,125
08:21:34.341,active,15258,876,13388,16787,0,95,62.8,52.2,No,2400,2400,0,5507,125
08:21:35.341,active,15260,696,12346,16786,0,95,63.4,51.8,No,2400,2400,0,5522,125
08:21:36.338,active,15256,812,12424,16786,0,95,62.8,57.2,No,2400,2400,0,5514,125
08:21:37.337,active,15260,674,11960,16786,-5,95,62.8,58.8,No,2400,2400,0,5498,125
08:21:38.337,active,15264,782,11960,16787,-5,95,62.8,58.1,No,2400,2400,0,5499,125
08:21:39.337,active,15262,648,11728,16787,-5,95,64.5,57.3,No,2400,2400,0,5494,125
08:21:40.337,active,15253,642,9800,16786,0,95,63.9,56.4,No,2400,2400,0,5503,125
08:21:41.339,active,15314,840,12848,16784,-5,95,63.9,57.1,No,2400,2400,0,5502,125
08:21:42.337,active,15294,774,10398,16785,-3,95,62.2,56.8,No,2400,2400,0,5502,125
08:21:43.337,active,15292,830,12732,16785,-4,95,62.8,57.6,No,2400,2400,0,5527,125
08:21:44.337,active,15296,684,11998,16786,-3,95,63.9,57.2,No,2400,2400,0,5510,125
08:21:45.341,active,15299,712,10918,16788,0,95,63.9,57.6,No,2400,2400,0,5500,125
08:21:46.337,active,15309,674,11710,16786,-6,95,63.9,58.8,No,2400,2400,0,5512,125
08:21:47.337,active,15299,762,11670,16786,-5,95,63.9,59.6,No,2400,2400,0,5505,125
08:21:48.341,active,15305,728,11130,16786,0,95,63.4,58.4,No,2400,2400,0,5521,125
08:21:49.337,active,15296,726,11130,16786,0,95,63.9,58.7,No,2400,2400,0,5507,125
08:21:50.337,active,15301,666,10224,16787,0,95,62.8,55.3,No,2400,2400,0,5513,125
08:21:51.340,active,15311,516,11882,16787,-3,95,63.4,54.9,No,2400,2400,0,5523,125
08:21:52.341,active,15305,564,8662,16786,0,95,63.9,54.1,No,2400,2400,0,5530,125
08:21:53.338,active,15318,442,9588,16786,0,95,63.9,54.3,No,2400,2400,0,5521,125
08:21:54.340,active,15335,540,8314,16786,0,95,62.8,58.6,No,2400,2400,0,5515,125
08:21:55.337,active,15346,490,7678,16786,0,95,63.9,59.1,No,2400,2400,0,5512,125
08:21:56.337,sleep,15299,440,6770,16788,5,95,60.6,20.4,No,2400,2400,0,5551,125
08:21:57.337,sleep,15301,574,8776,16789,10,95,58.4,0.0,No,2400,2400,0,5565,125
08:21:58.337,sleep,15292,532,8178,16789,8,95,58.4,0.0,No,2400,2400,0,5581,125
08:21:59.337,sleep,15296,484,7426,16788,8,95,57.9,0.7,No,2400,2400,0,5581,125
08:22:00.337,sleep,15286,444,6134,16787,7,95,57.3,0.0,No,2400,2400,0,5581,125
08:22:01.337,sleep,15290,312,4802,16789,10,95,56.2,0.3,No,1500,2400,0,5585,125
08:22:02.337,sleep,15290,400,8256,16790,14,95,55.1,0.3,No,1500,2400,0,5585,125
08:22:03.337,sleep,15292,492,7542,16791,14,95,55.1,0.0,No,1500,2400,0,5584,125
08:22:04.337,sleep,15290,366,6538,16791,15,95,55.1,0.7,No,1500,2400,0,5580,125
08:22:05.337,sleep,15290,556,8526,16791,17,95,53.5,0.5,No,1500,2400,0,4090,75
08:22:06.337,sleep,15292,394,9066,16790,20,95,53.5,-0.0,No,1500,2400,0,3531,75
08:22:07.337,sleep,15286,370,5670,16790,17,95,54.0,0.3,No,1500,2400,0,3434,75
08:22:08.337,sleep,15296,364,5458,16790,19,95,52.9,0.0,No,1500,2400,0,3420,75
08:22:09.337,sleep,15290,402,6096,16790,18,95,52.4,-0.0,No,1500,2400,0,3415,75
08:22:10.337,sleep,15296,558,8564,16790,17,95,52.4,0.3,No,1500,2400,0,3409,75
08:22:11.337,active,15299,712,7292,16788,4,95,54.0,41.4,No,2400,2400,0,3389,75
08:22:12.337,active,15294,506,7754,16787,-3,95,57.3,52.3,No,2400,2400,0,3360,75
08:22:13.340,active,15294,676,10436,16786,-5,95,59.0,53.3,No,2400,2400,0,3348,75
08:22:14.341,active,15296,724,11092,16786,-6,95,59.0,53.7,No,2400,2400,0,3338,75
08:22:15.337,active,15299,716,8256,16788,0,95,60.0,56.4,No,2400,2400,0,3333,75
08:22:16.338,active,15292,754,11554,16786,-3,95,60.0,56.4,No,2400,2400,0,3327,75
08:22:17.337,active,15303,714,11536,16787,-3,95,59.5,54.3,No,2400,2400,0,4375,125
08:22:18.337,active,15301,700,10726,16788,0,95,61.7,54.5,No,2400,2400,0,5372,125
08:22:19.341,active,15318,642,9818,16787,0,95,60.6,57.7,No,2400,2400,0,5439,125
08:22:20.338,active,15309,468,10436,16786,-5,95,61.7,58.1,No,2400,2400,0,5442,125
08:22:21.341,active,15346,736,11246,16785,-8,95,62.2,54.7,No,2400,2400,0,5433,125
08:22:22.339,active,15316,438,8970,16786,-4,95,60.6,55.3,No,2400,2400,0,5437,125
08:22:23.337,active,15305,494,7580,16786,-4,95,61.1,55.1,No,2400,2400,0,5454,125
08:22:24.341,active,15341,428,12056,16786,-3,95,62.8,54.3,No,2400,2400,0,5450,125
08:22:25.337,active,15303,506,7774,16787,0,95,61.7,55.0,No,2400,2400,0,5453,125
08:22:26.337,active,15309,766,11536,16786,-3,95,62.2,56.6,No,2400,2400,0,5442,125
08:22:27.338,active,15311,488,7484,16786,0,95,60.0,53.6,No,2400,2400,0,5450,125
08:22:28.337,active,15281,774,11844,16786,-4,95,61.7,56.3,No,2400,2400,0,5450,125
08:22:29.337,active,15294,956,11246,16786,0,95,61.7,55.8,No,2400,2400,0,5457,125
08:22:30.341,active,15299,702,10764,16787,-4,95,62.8,54.0,No,2400,2400,0,5459,125
08:22:31.337,active,15277,718,10590,16787,-7,95,62.2,52.5,No,2400,2400,0,5465,125
08:22:32.337,active,15299,664,10186,16787,-3,95,61.7,53.0,No,2400,2400,0,5468,125
08:22:33.338,active,15264,876,11382,16787,0,95,61.1,52.7,No,2400,2400,0,5472,125
08:22:34.337,active,15301,764,11710,16787,0,95,61.7,53.8,No,2400,2400,0,5476,125
08:22:35.337,active,15253,902,10572,16787,0,95,63.4,53.8,No,2400,2400,0,5476,125
08:22:36.341,active,15266,922,14102,16787,0,95,62.8,53.7,No,2400,2400,0,5489,125
08:22:37.337,active,15294,586,9008,16786,0,95,62.8,54.8,No,2400,2400,0,5501,125
08:22:38.342,active,15296,670,7562,16787,0,95,61.7,57.5,No,2400,2400,0,5479,125
08:22:39.337,active,15299,550,8448,16787,0,95,62.2,57.7,No,2400,2400,0,5480,125
08:22:40.337,active,15294,700,8120,16786,0,95,63.4,58.4,No,2400,2400,0,5478,125
08:22:41.341,active,15294,706,10842,16786,0,95,64.5,57.4,No,2400,2400,0,5487,125
08:22:42.337,active,15299,714,7330,16786,0,95,64.5,57.9,No,2400,2400,0,5485,125
08:22:43.338,active,15296,752,11516,16787,-4,95,63.4,56.4,No,2400,2400,0,5489,125
08:22:44.337,active,15296,786,12056,16787,-6,95,62.2,57.1,No,2400,2400,0,5500,125
08:22:45.337,active,15290,744,11420,16786,-4,95,63.4,58.2,No,2400,2400,0,5492,125
08:22:46.337,active,15268,724,11072,16785,0,95,63.4,57.6,No,2400,2400,0,5497,125
08:22:47.337,active,15258,708,13176,16785,0,95,63.9,57.6,No,2400,2400,0,5500,125
08:22:48.339,active,15262,678,10358,16785,0,95,63.4,57.4,No,2400,2400,0,5496,125
08:22:49.338,active,15281,772,11516,16786,-6,95,63.4,57.6,No,2400,2400,0,5499,125
08:22:50.338,active,15277,670,10262,16787,-4,95,63.4,57.7,No,2400,2400,0,5503,125
08:22:51.337,active,15309,618,12886,16787,0,95,63.9,57.6,No,2400,2400,0,5501,125
08:22:52.341,active,15268,726,11112,16786,0,95,64.5,57.8,No,2400,2400,0,5505,125
08:22:53.337,active,15324,768,11748,16786,0,95,63.9,56.8,No,2400,2400,0,5522,125
08:22:54.337,active,15279,612,9374,16786,0,95,63.4,57.2,No,2400,2400,0,5517,125
08:22:55.341,active,15305,714,10938,16785,0,95,63.4,56.0,No,2400,2400,0,5513,125
08:22:56.337,active,15301,662,11034,16785,0,95,63.4,57.2,No,2400,2400,0,5519,125
08:22:57.337,active,15303,746,11440,16785,-5,95,64.5,58.7,No,2400,2400,0,5525,125
08:22:58.337,active,15296,516,9606,16785,-3,95,64.5,60.3,No,2400,2400,0,5530,125
08:22:59.339,active,15303,796,12210,16785,-5,95,64.5,59.4,No,2400,2400,0,5521,125
08:23:00.340,active,15268,674,10358,16786,0,95,63.4,58.3,No,2400,2400,0,5515,125
08:23:01.337,active,15273,892,13658,16786,-5,95,63.4,58.9,No,2400,2400,0,5512,125
08:23:02.337,active,15258,726,11130,16787,0,95,63.4,59.7,No,2400,2400,0,5536,125
08:23:03.341,active,15275,946,10884,16786,0,95,63.4,58.9,No,2400,2400,0,5521,125
08:23:04.337,active,15314,496,7620,16787,0,95,63.9,58.5,No,2400,2400,0,5536,125
08:23:05.337,active,15333,538,8352,16786,-4,95,63.4,58.8,No,2400,2400,0,5524,125
08:23:06.341,active,15326,482,7408,16787,0,95,63.4,58.5,No,2400,2400,0,5526,125
08:23:07.337,active,15346,520,7986,16787,0,95,63.4,57.9,No,2400,2400,0,5520,125
08:23:08.337,active,15339,534,8236,16786,0,95,63.9,58.8,No,2400,2400,0,5515,125
08:23:09.341,active,15344,502,7696,16785,0,95,64.5,59.0,No,2400,2400,0,5523,125
08:23:10.337,active,15350,486,7484,16786,0,95,63.9,57.9,No,2400,2400,0,5530,125
08:23:11.337,sleep,15292,502,7678,16788,0,95,60.0,22.5,No,2400,2400,0,5559,125
08:23:12.337,sleep,15294,494,7214,16789,10,95,60.6,0.0,No,2400,2400,0,5574,125
08:23:13.337,sleep,15294,448,6866,16788,11,95,57.9,0.0,No,2400,2400,0,5571,125
08:23:14.337,sleep,15286,518,7948,16788,13,95,57.3,0.0,No,2400,2400,0,5576,125
08:23:15.337,sleep,15288,480,7368,16788,10,95,57.3,0.2,No,2400,2400,0,5578,125
08:23:16.337,sleep,15294,458,7002,16790,9,95,56.2,0.5,No,1500,2400,0,5579,125
08:23:17.337,sleep,15288,450,6886,16791,14,95,55.1,0.3,No,1500,2400,0,5589,125
08:23:18.337,sleep,15299,578,8874,16790,12,95,55.1,0.0,No,1500,2400,0,5594,125
08:23:19.337,sleep,15296,332,5092,16790,17,95,55.1,0.0,No,1500,2400,0,5586,125
08:23:20.337,sleep,15294,462,7080,16789,13,95,54.0,-0.0,No,1500,2400,0,5590,75
08:23:21.337,sleep,15299,182,4608,16789,13,95,54.0,0.3,No,1500,2400,0,3869,75
08:23:22.337,sleep,15299,316,4860,16789,13,95,54.0,0.3,No,1500,2400,0,3491,75
08:23:23.337,sleep,15296,284,6866,16789,11,95,52.9,-0.0,No,1500,2400,0,3442,75
08:23:24.337,sleep,15292,552,8468,16791,14,95,52.9,0.3,No,1500,2400,0,3424,75
08:23:25.337,sleep,15292,378,6520,16790,15,95,52.9,0.0,No,1500,2400,0,3419,75
08:23:26.337,active,15296,746,11440,16786,8,95,56.2,41.0,No,2400,2400,0,3387,75
08:23:27.337,active,15294,712,10898,16786,-4,95,57.9,52.6,No,2400,2400,0,3353,75
08:23:28.341,active,15303,714,10938,16787,-4,95,59.0,54.1,No,2400,2400,0,3341,75
08:23:29.337,active,15296,744,11420,16787,-3,95,58.4,53.9,No,2400,2400,0,3320,75
08:23:30.337,active,15307,658,10088,16786,-8,95,59.5,55.4,No,2400,2400,0,3336,75
08:23:31.341,active,15305,660,10146,16785,-8,95,60.6,55.7,No,2400,2400,0,3341,75
08:23:32.337,active,15322,482,11516,16785,-5,95,61.1,54.0,No,2400,2400,0,4900,125
08:23:33.337,active,15316,562,8642,16785,-7,95,61.1,58.2,No,2400,2400,0,5425,125
08:23:34.342,active,15326,740,9452,16785,-9,95,61.1,54.9,No,2400,2400,0,5460,125
08:23:35.337,active,15309,524,8044,16788,-5,95,61.1,53.5,No,2400,2400,0,5450,125
08:23:36.337,active,15309,484,7446,16787,-3,95,61.1,53.5,No,2400,2400,0,5453,125
08:23:37.338,active,15311,514,7890,16787,0,95,61.7,52.5,No,2400,2400,0,5459,125
08:23:38.337,active,15320,460,7060,16786,0,95,61.1,51.5,No,2400,2400,0,5458,125
08:23:39.338,active,15311,446,6828,16787,0,95,61.7,52.1,No,2400,2400,0,5458,125
08:23:40.342,active,15301,638,9800,16786,0,95,60.6,52.4,No,2400,2400,0,5457,125
08:23:41.337,active,15288,832,13156,16785,-6,95,62.2,53.8,No,2400,2400,0,5460,125
08:23:42.337,active,15301,702,10784,16785,-9,95,61.7,54.9,No,2400,2400,0,5470,125
08:23:43.341,active,15273,708,10860,16785,-8,95,62.2,53.0,No,2400,2400,0,5464,125
08:23:44.337,active,15314,752,11554,16786,-3,95,62.8,52.4,No,2400,2400,0,5468,125
08:23:45.338,active,15256,618,9490,16786,-6,95,61.1,53.2,No,2400,2400,0,5471,125
08:23:46.337,active,15286,766,11748,16784,-8,95,62.2,57.7,No,2400,2400,0,5470,125
08:23:47.338,active,15271,916,14004,16786,0,95,63.4,58.9,No,2400,2400,0,5470,125
08:23:48.341,active,15268,864,10930,16787,0,95,63.4,58.3,No,2400,2400,0,5487,125
08:23:49.337,active,15290,700,10726,16786,-4,95,63.4,57.9,No,2400,2400,0,5489,125
08:23:50.341,active,15299,546,10358,16785,-3,95,63.4,57.0,No,2400,2400,0,5474,125
08:23:51.337,active,15286,762,11690,16786,0,95,62.2,57.7,No,2400,2400,0,5481,125
08:23:52.337,active,15299,772,11824,16786,0,95,62.2,57.6,No,2400,2400,0,5477,125
08:23:53.341,active,15296,712,10918,16786,0,95,63.4,57.5,No,2400,2400,0,5479,125
08:23:54.337,active,15303,718,11014,16787,0,95,63.4,57.0,No,2400,2400,0,5483,125
08:23:55.337,active,15299,724,11112,16786,0,95,62.8,57.0,No,2400,2400,0,5491,125
08:23:56.341,active,15292,688,10552,16785,0,95,62.8,57.0,No,2400,2400,0,5495,125
08:23:57.338,active,15296,696,10686,16786,0,95,62.8,57.3,No,2400,2400,0,5488,125
08:23:58.337,active,15241,764,11710,16786,0,95,62.8,57.7,No,2400,2400,0,5488,125
08:23:59.337,active,15303,834,12752,16787,0,95,62.8,52.4,No,2400,2400,0,5490,125
08:24:00.337,active,15266,702,10726,16787,0,95,63.4,52.7,No,2400,2400,0,5496,125
08:24:01.340,active,15314,636,9722,16786,0,95,63.4,56.9,No,2400,2400,0,5509,125
08:24:02.340,active,15286,660,10128,16785,-5,95,62.8,57.0,No,2400,2400,0,5509,125
08:24:03.337,active,15314,846,12924,16785,-7,95,63.4,56.7,No,2400,2400,0,5496,125
08:24:04.337,active,15309,538,14488,16786,-5,95,63.4,53.1,No,2400,2400,0,5501,125
08:24:05.339,active,15309,632,9664,16787,-6,95,62.2,52.6,No,2400,2400,0,5505,125
08:24:06.337,active,15305,548,13078,16787,-4,95,63.4,52.2,No,2400,2400,0,5509,125
08:24:07.338,active,15299,726,9278,16785,-3,95,61.7,52.3,No,2400,2400,0,5529,125
08:24:08.338,active,15294,732,11226,16785,-5,95,63.4,52.0,No,2400,2400,0,5517,125
08:24:09.337,active,15301,732,11690,16785,-7,95,62.8,54.7,No,2400,2400,0,5514,125
08:24:10.341,active,15273,692,10628,16787,-4,95,63.4,58.7,No,2400,2400,0,5511,125
08:24:11.337,active,15303,694,11728,16787,0,95,63.4,58.1,No,2400,2400,0,5518,125
08:24:12.337,active,15305,702,10784,16786,0,95,62.8,58.8,No,2400,2400,0,5523,125
08:24:13.341,active,15309,748,10898,16786,-3,95,62.2,58.1,No,2400,2400,0,5512,125
08:24:14.337,active,15307,714,10938,16786,-3,95,62.8,59.0,No,2400,2400,0,5506,125
08:24:15.337,active,15266,770,11824,16786,-5,95,64.5,59.3,No,2400,2400,0,5508,125
08:24:16.341,active,15307,732,11246,16786,-4,95,63.4,59.0,No,2400,2400,0,5508,125
08:24:17.337,active,15322,496,7620,16786,-4,95,64.5,58.7,No,2400,2400,0,5518,125
08:24:18.338,active,15350,448,8276,16785,-5,95,63.4,58.5,No,2400,2400,0,5516,125
08:24:19.340,active,15326,476,7330,16785,-8,95,62.8,58.2,No,2400,2400,0,5515,125
08:24:20.337,active,15305,404,6810,16785,-9,95,63.9,58.7,No,2400,2400,0,5538,125
08:24:21.340,active,15348,520,8006,16785,-10,95,62.2,58.3,No,2400,2400,0,5527,125
08:24:22.341,active,15292,518,7966,16786,-5,95,63.9,59.1,No,2400,2400,0,5514,125
08:24:23.341,active,15350,546,8410,16787,0,95,65.0,59.0,No,2400,2400,0,5517,125
08:24:24.338,active,15294,530,8140,16788,0,95,62.8,56.8,No,2400,2400,0,5522,125
08:24:25.337,active,15264,934,11130,16786,0,95,62.8,55.9,No,2400,2400,0,5516,125
08:24:26.337,sleep,15292,516,7908,16788,0,95,60.0,22.4,No,2400,2400,0,5552,125
08:24:27.337,sleep,15290,498,7620,16788,11,95,58.4,-0.0,No,2400,2400,0,5576,125
08:24:28.337,sleep,15296,576,8834,16788,11,95,57.9,0.5,No,2400,2400,0,5578,125
08:24:29.337,sleep,15288,542,8334,16787,8,95,57.9,0.5,No,2400,2400,0,5572,125
08:24:30.337,sleep,15286,512,7850,16788,6,95,56.8,0.2,No,2400,2400,0,5577,125
08:24:31.337,sleep,15299,428,6558,16790,12,95,56.8,0.3,No,1500,2400,0,5583,125
08:24:32.337,sleep,15286,484,6212,16789,13,95,55.1,0.0,No,1500,2400,0,5583,125
08:24:33.337,sleep,15299,350,5362,16788,14,95,55.1,0.3,No,1500,2400,0,5584,125
08:24:34.337,sleep,15286,440,6770,16789,12,95,54.0,0.2,No,1500,2400,0,5153,75
08:24:35.337,sleep,15294,344,5286,16789,17,95,54.0,0.0,No,1500,2400,0,3681,75
08:24:36.337,sleep,15292,278,4262,16789,16,95,53.5,0.0,No,1500,2400,0,3454,75
