Timestamp,Phase,Bus_V_mV,Bus_I_mA,Bus_P_mW,Bat_V_mV,Bat_I_mA,Bat_Pct,Temp_C,CPU_%,Throttled,CPU_MHz,Cap_MHz,UV,Fan_RPM,Fan_PWM
11:15:22.685,active,15288,452,8564,16793,7,95,51.2,,No,2400,2400,0,3205,75
11:15:23.676,active,15281,684,10494,16791,-3,95,52.9,9.9,No,2400,2400,0,3190,75
11:15:24.680,active,15273,716,10494,16788,-21,95,54.5,47.0,No,2400,2400,0,3163,75
11:15:25.676,active,15281,604,9298,16789,-18,95,54.0,47.5,No,2400,2400,0,3155,75
11:15:26.677,active,15277,762,9278,16788,-17,95,55.6,47.0,No,2400,2400,0,3151,75
11:15:27.676,active,15286,728,11188,16788,-17,95,55.6,49.7,No,2400,2400,0,3149,75
11:15:28.676,active,15318,634,8488,16789,-15,95,55.6,48.6,No,2400,2400,0,3158,75
11:15:29.676,active,15307,666,10204,16787,-18,95,56.8,47.6,No,2400,2400,0,3150,75
11:15:30.676,active,15288,974,12096,16787,-16,95,57.9,48.2,No,2400,2400,0,3158,75
11:15:31.676,active,15273,522,7986,16789,-16,95,57.3,48.9,No,2400,2400,0,3164,75
11:15:32.676,active,15290,622,11574,16789,-13,95,56.8,47.8,No,2400,2400,0,3150,75
11:15:33.676,active,15253,756,11574,16789,-12,95,56.2,48.1,No,2400,2400,0,3164,75
11:15:34.676,active,15273,828,14178,16789,-8,95,57.3,48.7,No,2400,2400,0,3159,75
11:15:35.676,active,15258,718,10976,16790,-4,95,58.4,48.9,No,2400,2400,0,3160,75
11:15:36.676,active,15243,768,11748,16788,-11,95,59.0,49.0,No,2400,2400,0,3150,75
11:15:37.676,active,15256,752,11516,16789,-8,95,58.4,48.6,No,2400,2400,0,3152,75
11:15:38.676,active,15281,448,6906,16789,-7,95,59.0,48.0,No,2400,2400,0,3149,75
11:15:39.677,active,15305,424,7678,16789,-9,95,58.4,48.1,No,2400,2400,0,3147,75
11:15:40.676,active,15324,408,6268,16789,-8,95,57.3,51.9,No,2400,2400,0,3148,75
11:15:41.676,active,15299,456,6268,16789,-9,95,58.4,46.4,No,2400,2400,0,3149,75
11:15:42.676,active,15303,416,6384,16789,-10,95,59.5,48.0,No,2400,2400,0,3142,75
11:15:43.676,active,15314,606,7408,16789,-5,95,59.5,48.6,No,2400,2400,0,3130,75
11:15:44.676,active,15296,504,7716,16790,-8,95,57.9,48.0,No,2400,2400,0,3127,75
11:15:45.681,active,15311,428,6790,16788,-9,95,59.5,52.0,No,2400,2400,0,4970,125
11:15:46.677,active,15301,514,7870,16789,-5,95,60.0,46.2,No,2400,2400,0,5242,125
11:15:47.676,active,15275,788,12076,16788,-10,95,60.0,50.8,No,2400,2400,0,5267,125
11:15:48.676,active,15277,858,13156,16789,-8,95,59.5,51.1,No,2400,2400,0,5293,125
11:15:49.676,active,15268,790,12114,16788,-9,95,59.5,48.7,No,2400,2400,0,5269,125
11:15:50.676,active,15311,686,7480,16788,-9,95,60.6,52.0,No,2400,2400,0,5282,125
11:15:51.676,active,15279,712,10918,16788,-5,95,60.6,49.4,No,2400,2400,0,5300,125
11:15:52.681,active,15286,810,7540,16790,-7,95,60.6,48.7,No,2400,2400,0,5299,125
11:15:53.677,active,15279,678,10398,16790,-4,95,60.6,48.3,No,2400,2400,0,5303,125
11:15:54.676,active,15301,624,6230,16789,-7,95,60.0,53.3,No,2400,2400,0,5315,125
11:15:55.676,active,15281,666,10224,16788,-7,95,61.1,52.9,No,2400,2400,0,5332,125
11:15:56.676,active,15277,912,12790,16789,-5,95,60.6,50.9,No,2400,2400,0,5352,125
11:15:57.676,active,15273,656,10050,16790,-6,95,60.6,48.3,No,2400,2400,0,5364,125
11:15:58.676,active,15277,930,12654,16791,-5,95,60.6,47.9,No,2400,2400,0,5357,125
11:15:59.676,active,15277,762,11670,16791,-4,95,60.6,47.6,No,2400,2400,0,5370,125
11:16:00.679,active,15243,694,10050,16790,-4,95,60.0,48.7,No,2400,2400,0,5379,125
11:16:01.676,active,15277,610,9356,16789,-5,95,60.0,47.4,No,2400,2400,0,5391,125
11:16:02.676,active,15238,700,10012,16788,-7,95,60.6,48.5,No,2400,2400,0,5403,125
11:16:03.676,active,15264,826,12654,16787,-11,95,60.6,48.9,No,2400,2400,0,5410,125
11:16:04.676,active,15268,656,11748,16789,-6,95,61.7,49.0,No,2400,2400,0,5415,125
11:16:05.676,active,15331,456,7522,16788,-8,95,61.1,47.7,No,2400,2400,0,5425,125
11:16:06.679,active,15344,492,7562,16789,-7,95,60.6,48.5,No,2400,2400,0,5423,125
11:16:07.676,active,15320,444,7252,16789,-7,95,60.6,48.2,No,2400,2400,0,5435,125
11:16:08.676,active,15350,470,7214,16789,-3,95,60.6,47.7,No,2400,2400,0,5435,125
11:16:09.676,active,15305,532,6674,16789,-5,95,62.2,46.7,No,2400,2400,0,5459,125
11:16:10.676,active,15314,502,7678,16790,-5,95,61.1,46.9,No,2400,2400,0,5433,125
11:16:11.676,active,15309,508,7022,16789,-6,95,61.7,45.6,No,2400,2400,0,5449,125
11:16:12.676,active,15299,568,8718,16788,-4,95,61.1,46.3,No,2400,2400,0,5458,125
11:16:13.677,active,15311,494,8236,16788,-6,95,61.1,46.3,No,2400,2400,0,5468,125
11:16:14.676,active,15288,836,12828,16788,-6,95,61.1,47.3,No,2400,2400,0,5469,125
11:16:15.676,active,15268,836,12808,16789,-6,95,61.1,49.4,No,2400,2400,0,5474,125
11:16:16.676,active,15281,850,13022,16790,-5,95,61.7,51.1,No,2400,2400,0,5488,125
11:16:17.677,active,15277,490,7522,16789,-4,95,61.7,48.9,No,2400,2400,0,5476,125
11:16:18.679,active,15277,806,8236,16788,-10,95,61.7,49.4,No,2400,2400,0,5476,125
11:16:19.676,active,15277,614,9432,16788,-12,95,61.7,47.8,No,2400,2400,0,5482,125
11:16:20.676,active,15357,442,5922,16788,-10,95,61.1,47.2,No,2400,2400,0,5486,125
11:16:21.676,active,15275,472,7272,16787,-13,95,60.0,47.2,No,2400,2400,0,5498,125
11:16:22.676,active,15309,720,7504,16788,-14,95,60.6,49.3,No,2400,2400,0,5509,125
11:16:23.676,sleep,15286,482,7388,16789,0,95,58.4,3.0,No,2400,2400,0,5545,125
11:16:24.676,sleep,15292,404,6212,16790,0,95,57.3,-0.0,No,2400,2400,0,5529,125
11:16:25.676,sleep,15290,490,7522,16791,5,95,57.3,0.0,No,2400,2400,0,5562,125
11:16:26.676,sleep,15288,472,7252,16790,3,95,56.2,0.0,No,2400,2400,0,5555,125
11:16:27.676,sleep,15286,392,6018,16790,0,95,55.1,0.0,No,1500,2400,0,5562,125
11:16:28.676,sleep,15288,436,6674,16792,10,95,54.5,0.0,No,1500,2400,0,5573,125
11:16:29.676,sleep,15292,356,5478,16791,10,95,54.0,0.0,No,1500,2400,0,5556,125
11:16:30.676,sleep,15290,378,5806,16791,7,95,52.9,-0.0,No,1500,2400,0,3881,75
11:16:31.676,sleep,15292,498,7658,16792,5,95,53.5,0.0,No,1500,2400,0,3465,75
11:16:32.676,sleep,15292,514,7870,16792,6,95,52.9,-0.0,No,1500,2400,0,3404,75
11:16:33.676,sleep,15292,398,4552,16792,7,95,52.9,0.0,No,1500,2400,0,3386,75
11:16:34.676,sleep,15292,282,4320,16791,7,95,51.2,0.0,No,1500,2400,0,3381,75
11:16:35.676,sleep,15290,408,7040,16792,7,95,52.9,0.0,No,1500,2400,0,3381,75
11:16:36.676,sleep,15292,386,5922,16792,7,95,51.2,-0.0,No,1500,2400,0,3371,75
11:16:37.676,sleep,15292,260,4610,16793,7,95,52.4,0.0,No,1500,2400,0,3380,75
11:16:38.676,active,15299,488,7484,16788,-9,95,56.2,55.4,No,2400,2400,0,3343,75
11:16:39.676,active,15296,704,9452,16788,-10,95,57.3,47.0,No,2400,2400,0,3341,75
11:16:40.676,active,15258,570,8718,16788,-11,95,57.9,48.3,No,2400,2400,0,3330,75
11:16:41.676,active,15286,522,8044,16788,-10,95,57.3,48.2,No,2400,2400,0,3322,75
11:16:42.676,active,15354,416,7890,16789,-10,95,57.3,48.1,No,2400,2400,0,3311,75
11:16:43.676,active,15305,494,7600,16790,-6,95,57.9,48.9,No,2400,2400,0,3310,75
11:16:44.676,active,15348,430,7214,16790,-5,95,59.0,48.8,No,2400,2400,0,3301,75
11:16:45.676,active,15348,550,8448,16788,-3,95,59.5,49.0,No,2400,2400,0,3283,75
11:16:46.676,active,15344,480,6752,16788,-7,95,59.0,48.4,No,2400,2400,0,3290,75
11:16:47.676,active,15311,536,8236,16789,-7,95,59.5,48.2,No,2400,2400,0,3286,75
11:16:48.676,active,15324,450,7272,16790,-6,95,59.0,47.5,No,2400,2400,0,3286,75
11:16:49.676,active,15307,508,7792,16790,-7,95,59.5,48.6,No,2400,2400,0,3265,75
11:16:50.676,active,15256,762,11670,16789,-5,95,59.0,52.4,No,2400,2400,0,4260,125
11:16:51.676,active,15266,796,12172,16788,-7,95,60.6,46.5,No,2400,2400,0,5315,125
11:16:52.681,active,15256,872,13350,16787,-8,95,61.1,46.3,No,2400,2400,0,5402,125
11:16:53.676,active,15273,854,11524,16789,-4,95,61.1,47.2,No,2400,2400,0,5407,125
11:16:54.681,active,15262,840,12866,16788,-7,95,60.6,48.1,No,2400,2400,0,5416,125
11:16:55.680,active,15277,712,10642,16788,-8,95,61.1,47.7,No,2400,2400,0,5412,125
11:16:56.676,active,15277,700,10726,16788,-7,95,60.6,48.0,No,2400,2400,0,5418,125
11:16:57.676,active,15277,846,10916,16788,-10,95,60.6,46.8,No,2400,2400,0,5411,125
11:16:58.676,active,15279,718,11014,16789,-5,95,61.1,49.4,No,2400,2400,0,5430,125
11:16:59.677,active,15337,458,7638,16789,0,95,61.7,49.7,No,2400,2400,0,5423,125
11:17:00.676,active,15305,444,6810,16790,-3,95,61.7,51.8,No,2400,2400,0,5434,125
11:17:01.681,active,15331,484,8700,16790,-4,95,62.2,54.4,No,2400,2400,0,5437,125
11:17:02.676,active,15303,414,6366,16790,-5,95,62.2,52.7,No,2400,2400,0,5425,125
11:17:03.676,active,15311,436,10030,16789,-9,95,61.1,54.0,No,2400,2400,0,5437,125
11:17:04.676,active,15253,514,7870,16788,-4,95,62.2,52.3,No,2400,2400,0,5450,125
11:17:05.676,active,15307,658,12982,16789,-6,95,61.7,50.4,No,2400,2400,0,5460,125
11:17:06.676,active,15286,658,10070,16788,-8,95,62.8,50.3,No,2400,2400,0,5463,125
11:17:07.676,active,15262,574,12732,16789,-10,95,61.7,50.0,No,2400,2400,0,5479,125
11:17:08.676,active,15307,708,7788,16789,-3,95,61.1,46.3,No,2400,2400,0,5460,125
11:17:09.680,active,15277,448,6886,16790,0,95,61.7,49.5,No,2400,2400,0,5469,125
11:17:10.676,active,15359,506,8560,16789,0,95,60.6,46.9,No,2400,2400,0,5473,125
11:17:11.676,active,15314,440,6790,16788,-7,95,62.2,48.7,No,2400,2400,0,5485,125
11:17:12.676,active,15326,510,8106,16788,-8,95,61.1,48.8,No,2400,2400,0,5490,125
11:17:13.676,active,15307,458,7040,16788,-6,95,62.8,48.9,No,2400,2400,0,5494,125
11:17:14.676,active,15361,428,7128,16788,-5,95,62.2,49.0,No,2400,2400,0,5500,125
11:17:15.676,active,15359,428,6596,16788,-5,95,61.7,48.0,No,2400,2400,0,5500,125
11:17:16.676,active,15348,526,8358,16788,-4,95,61.7,48.2,No,2400,2400,0,5509,125
11:17:17.676,active,15275,798,12210,16789,-6,95,61.7,48.1,No,2400,2400,0,5502,125
11:17:18.676,active,15309,752,13388,16788,-5,95,61.7,47.0,No,2400,2400,0,5510,125
11:17:19.676,active,15262,830,12694,16789,-5,95,62.2,46.9,No,2400,2400,0,5515,125
11:17:20.676,active,15266,820,13330,16788,0,95,62.2,45.6,No,2400,2400,0,5514,125
11:17:21.681,active,15266,824,12616,16788,-5,95,62.2,46.5,No,2400,2400,0,5517,125
11:17:22.682,active,15260,796,13040,16789,-4,95,62.2,46.4,No,2400,2400,0,5527,125
11:17:23.677,active,15268,778,11902,16790,-4,95,61.1,46.1,No,2400,2400,0,5527,125
11:17:24.676,active,15271,846,13330,16790,0,95,61.7,47.7,No,2400,2400,0,5529,125
11:17:25.676,active,15283,814,12480,16787,-3,95,62.2,53.8,No,2400,2400,0,5522,125
11:17:26.676,active,15311,634,9722,16789,-3,95,62.2,49.7,No,2400,2400,0,5529,125
11:17:27.677,active,15305,464,9916,16788,-4,95,63.4,50.1,No,2400,2400,0,5533,125
11:17:28.676,active,15299,634,9722,16788,-3,95,61.7,47.8,No,2400,2400,0,5552,125
11:17:29.679,active,15292,570,9644,16789,-6,95,62.8,47.4,No,2400,2400,0,5539,125
11:17:30.676,active,15251,696,10648,16790,-5,95,61.7,48.7,No,2400,2400,0,5540,125
11:17:31.676,active,15281,740,10494,16790,-3,95,62.2,49.6,No,2400,2400,0,5536,125
11:17:32.676,active,15251,686,10494,16789,-3,95,62.2,49.8,No,2400,2400,0,5540,125
11:17:33.676,active,15260,702,8064,16787,-11,95,63.4,49.1,No,2400,2400,0,5548,125
11:17:34.676,active,15243,726,11092,16789,-3,95,62.2,48.6,No,2400,2400,0,5526,125
11:17:35.677,active,15307,504,7736,16788,0,95,62.2,48.1,No,2400,2400,0,5546,125
11:17:36.680,active,15357,556,8564,16789,0,95,62.2,48.2,No,2400,2400,0,5549,125
11:17:37.676,active,15307,436,6712,16789,0,95,61.1,48.0,No,2400,2400,0,5555,125
11:17:38.676,sleep,15283,476,7548,16791,7,95,60.6,6.5,No,2400,2400,0,5583,125
11:17:39.676,sleep,15292,496,7600,16789,5,95,59.0,-0.0,No,2400,2400,0,5586,125
11:17:40.676,sleep,15288,520,6942,16791,4,95,58.4,0.0,No,2400,2400,0,5594,125
11:17:41.676,sleep,15290,464,7118,16792,8,95,57.9,0.0,No,2400,2400,0,5590,125
11:17:42.676,sleep,15292,468,7176,16790,7,95,57.9,0.0,No,2400,2400,0,5590,125
11:17:43.676,sleep,15296,466,7138,16791,6,95,56.2,0.0,No,1500,2400,0,5599,125
11:17:44.676,sleep,15292,494,5652,16791,7,95,55.6,0.0,No,1500,2400,0,5609,125
11:17:45.676,sleep,15294,284,4340,16791,10,95,54.5,-0.0,No,1500,2400,0,5611,125
11:17:46.676,sleep,15294,632,8932,16792,12,95,54.5,0.0,No,1500,2400,0,5610,125
11:17:47.676,sleep,15292,550,8430,16793,10,95,54.0,-0.0,No,1500,2400,0,5616,125
11:17:48.676,sleep,15292,262,6424,16793,12,95,54.0,0.0,No,1500,2400,0,5610,75
11:17:49.676,sleep,15294,366,5612,16793,14,95,54.5,-0.0,No,1500,2400,0,3804,75
11:17:50.676,sleep,15294,318,4860,16791,14,95,54.0,0.0,No,1500,2400,0,3484,75
11:17:51.676,sleep,15290,272,4186,16792,17,95,52.4,0.0,No,1500,2400,0,3433,75
11:17:52.676,sleep,15290,390,5998,16792,12,95,53.5,0.0,No,1500,2400,0,3430,75
11:17:53.676,active,15311,490,11304,16789,-4,95,56.8,53.3,No,2400,2400,0,3401,75
11:17:54.676,active,15296,754,11516,16789,-6,95,57.9,48.8,No,2400,2400,0,3384,75
11:17:55.676,active,15243,832,11440,16790,-3,95,59.0,48.0,No,2400,2400,0,3374,75
11:17:56.676,active,15296,718,10956,16789,-3,95,59.0,47.7,No,2400,2400,0,3372,75
11:17:57.680,active,15232,802,12674,16789,-6,95,59.0,48.0,No,2400,2400,0,3372,75
11:17:58.676,active,15258,880,13464,16790,0,95,59.0,48.1,No,2400,2400,0,3357,75
11:17:59.676,active,15260,748,12906,16789,-5,95,59.5,49.3,No,2400,2400,0,5093,125
11:18:00.676,active,15268,848,13002,16790,-3,95,59.0,51.9,No,2400,2400,0,5482,125
11:18:01.676,active,15249,784,11960,16790,-4,95,60.6,47.8,No,2400,2400,0,5513,125
11:18:02.676,active,15311,494,7580,16790,-5,95,60.6,46.1,No,2400,2400,0,5505,125
11:18:03.676,active,15314,448,6866,16789,-4,95,60.0,47.8,No,2400,2400,0,5510,125
11:18:04.679,active,15307,436,6694,16789,-4,95,60.6,49.9,No,2400,2400,0,5506,125
11:18:05.676,active,15305,492,7542,16788,-3,95,60.6,48.6,No,2400,2400,0,5501,125
11:18:06.676,active,15296,508,7792,16788,-10,95,60.6,48.4,No,2400,2400,0,5505,125
11:18:07.676,active,15307,506,7792,16788,-7,95,62.2,53.0,No,2400,2400,0,5510,125
11:18:08.676,active,15307,464,8398,16788,-4,95,62.8,51.9,No,2400,2400,0,5515,125
11:18:09.677,active,15303,506,7754,16789,0,95,62.2,50.4,No,2400,2400,0,5508,125
11:18:10.677,active,15322,472,8584,16788,0,95,62.2,52.0,No,2400,2400,0,5514,125
11:18:11.676,active,15283,852,13040,16789,-6,95,62.2,53.3,No,2400,2400,0,5502,125
11:18:12.676,active,15277,686,10514,16791,0,95,61.7,51.4,No,2400,2400,0,5505,125
11:18:13.676,active,15286,880,13504,16790,0,95,62.2,53.1,No,2400,2400,0,5510,125
11:18:14.676,active,15281,736,11304,16789,0,95,62.8,52.4,No,2400,2400,0,5520,125
11:18:15.677,active,15303,764,11710,16789,0,95,62.8,51.4,No,2400,2400,0,5513,125
11:18:16.678,active,15290,846,12944,16788,0,95,62.8,51.6,No,2400,2400,0,5513,125
11:18:17.676,active,15352,586,9008,16790,0,95,61.7,50.1,No,2400,2400,0,5517,125
11:18:18.679,active,15288,550,8448,16789,0,95,61.7,47.4,No,2400,2400,0,5533,125
11:18:19.676,active,15307,588,9008,16790,0,95,62.2,47.7,No,2400,2400,0,5539,125
11:18:20.676,active,15273,728,11150,16789,0,95,62.2,48.6,No,2400,2400,0,5550,125
11:18:21.676,active,15277,730,9144,16788,0,95,63.4,48.6,No,2400,2400,0,5546,125
11:18:22.676,active,15281,650,9972,16789,0,95,63.4,49.2,No,2400,2400,0,5557,125
11:18:23.676,active,15277,694,12038,16788,0,95,62.2,49.1,No,2400,2400,0,5551,125
11:18:24.676,active,15238,628,9626,16789,0,95,62.2,47.7,No,2400,2400,0,5551,125
11:18:25.676,active,15273,592,12096,16790,4,95,61.7,47.4,No,2400,2400,0,5550,125
11:18:26.676,active,15266,678,10398,16790,0,95,62.2,49.5,No,2400,2400,0,5553,125
11:18:27.676,active,15294,652,12828,16788,-5,95,62.8,50.0,No,2400,2400,0,5545,125
11:18:28.676,active,15296,788,12076,16789,0,95,62.8,46.5,No,2400,2400,0,5576,125
11:18:29.676,active,15326,288,7252,16790,0,95,62.8,45.9,No,2400,2400,0,5563,125
11:18:30.676,active,15299,594,9104,16791,0,95,62.2,46.5,No,2400,2400,0,5557,125
11:18:31.677,active,15320,262,6636,16790,0,95,61.7,46.5,No,2400,2400,0,5558,125
11:18:32.678,active,15303,602,9240,16789,5,95,61.7,46.0,No,2400,2400,0,5567,125
11:18:33.676,active,15311,508,7446,16790,6,95,62.2,46.5,No,2400,2400,0,5560,125
11:18:34.684,active,15305,498,7638,16790,5,95,63.4,47.7,No,2400,2400,0,5551,125
11:18:35.676,active,15309,486,8758,16790,3,95,63.9,50.4,No,2400,2400,0,5542,125
11:18:36.676,active,15299,536,8218,16790,0,95,63.4,50.6,No,2400,2400,0,5540,125
11:18:37.680,active,15303,494,10628,16790,0,95,61.7,47.6,No,2400,2400,0,5562,125
11:18:38.677,active,15277,802,9472,16789,0,95,62.8,47.5,No,2400,2400,0,5563,125
11:18:39.676,active,15279,748,11478,16789,0,95,63.4,48.7,No,2400,2400,0,5566,125
11:18:40.676,active,15309,704,7750,16790,0,95,62.2,48.1,No,2400,2400,0,5573,125
11:18:41.676,active,15286,502,7716,16790,0,95,61.7,47.6,No,2400,2400,0,5566,125
11:18:42.679,active,15318,630,8044,16789,0,95,62.8,48.1,No,2400,2400,0,5562,125
11:18:43.676,active,15301,504,7754,16789,-5,95,63.9,47.7,No,2400,2400,0,5577,125
11:18:44.678,active,15311,682,8160,16789,-4,95,62.8,48.4,No,2400,2400,0,5575,125
11:18:45.677,active,15309,610,9356,16789,0,95,61.7,49.3,No,2400,2400,0,5586,125
11:18:46.676,active,15307,568,7350,16789,0,95,62.2,48.1,No,2400,2400,0,5563,125
11:18:47.676,active,15273,682,10436,16789,0,95,62.2,49.0,No,2400,2400,0,5568,125
11:18:48.676,active,15251,996,12096,16788,0,95,62.2,48.8,No,2400,2400,0,5576,125
11:18:49.677,active,15277,746,11420,16789,0,95,62.8,49.0,No,2400,2400,0,5565,125
11:18:50.680,active,15258,706,11922,16790,0,95,63.4,47.9,No,2400,2400,0,5572,125
11:18:51.676,active,15273,822,12596,16789,0,95,62.8,47.8,No,2400,2400,0,5575,125
11:18:52.676,active,15275,776,13098,16790,0,95,62.2,48.0,No,2400,2400,0,5572,125
11:18:53.676,sleep,15281,424,6482,16792,10,95,59.5,9.5,No,2400,2400,0,5605,125
11:18:54.676,sleep,15290,484,7736,16792,11,95,59.0,0.0,No,2400,2400,0,5609,125
11:18:55.676,sleep,15288,516,7908,16791,10,95,57.9,-0.0,No,2400,2400,0,5609,125
11:18:56.676,sleep,15288,428,6578,16793,12,95,57.9,0.0,No,2400,2400,0,5615,125
11:18:57.676,sleep,15294,448,6866,16792,10,95,56.8,-0.0,No,2400,2400,0,5613,125
11:18:58.676,sleep,15294,480,7368,16792,9,95,56.2,0.0,No,1500,2400,0,5626,125
11:18:59.676,sleep,15292,422,5182,16792,12,95,56.8,-0.0,No,1500,2400,0,5622,125
11:19:00.676,sleep,15288,450,6906,16792,14,95,56.2,0.0,No,1500,2400,0,5624,125
11:19:01.676,sleep,15292,288,7744,16792,13,95,55.6,0.0,No,1500,2400,0,4832,75
11:19:02.676,sleep,15290,368,5632,16792,13,95,54.5,-0.0,No,1500,2400,0,3650,75
11:19:03.676,sleep,15294,252,9234,16793,13,95,54.0,0.0,No,1500,2400,0,3482,75
11:19:04.676,sleep,15292,268,4108,16793,15,95,54.0,-0.0,No,1500,2400,0,3451,75
11:19:05.676,sleep,15296,470,3876,16792,13,95,54.0,0.0,No,1500,2400,0,3438,75
11:19:06.676,sleep,15286,350,5342,16793,13,95,54.0,-0.0,No,1500,2400,0,3440,75
11:19:07.676,sleep,15292,472,7580,16792,13,95,53.5,0.0,No,1500,2400,0,3425,75
11:19:08.676,active,15324,414,6366,16790,0,95,56.2,50.0,No,2400,2400,0,3397,75
11:19:09.676,active,15344,484,7350,16789,-4,95,57.9,48.7,No,2400,2400,0,3381,75
11:19:10.676,active,15316,530,8140,16789,-5,95,59.0,52.0,No,2400,2400,0,3365,75
11:19:11.676,active,15350,386,7986,16789,0,95,59.5,45.8,No,2400,2400,0,3416,125
11:19:12.676,active,15307,726,11130,16789,-3,95,60.0,48.2,No,2400,2400,0,5326,125
11:19:13.676,active,15277,902,9240,16790,-5,95,59.5,46.1,No,2400,2400,0,5521,125
11:19:14.676,active,15251,772,12752,16790,-7,95,59.5,49.4,No,2400,2400,0,5510,125
11:19:15.676,active,15258,788,12056,16788,-8,95,60.0,47.0,No,2400,2400,0,5512,125
11:19:16.676,active,15273,834,14050,16789,-6,95,61.1,50.1,No,2400,2400,0,5511,125
11:19:17.676,active,15258,888,13600,16788,0,95,61.1,48.0,No,2400,2400,0,5508,125
11:19:18.677,active,15271,834,12442,16788,-5,95,61.1,47.8,No,2400,2400,0,5507,125
11:19:19.677,active,15277,774,11864,16790,-5,95,61.1,48.1,No,2400,2400,0,5512,125
11:19:20.682,active,15273,740,12790,16789,0,95,61.1,48.9,No,2400,2400,0,5510,125
11:19:21.676,active,15271,878,13446,16790,0,95,61.1,50.0,No,2400,2400,0,5515,125
11:19:22.676,active,15279,818,9568,16790,0,95,61.7,50.8,No,2400,2400,0,5520,125
11:19:23.676,active,15320,564,8662,16790,0,95,61.7,50.4,No,2400,2400,0,5518,125
11:19:24.676,active,15305,702,8776,16790,0,95,62.8,50.6,No,2400,2400,0,5514,125
11:19:25.676,active,15292,574,8796,16789,-3,95,62.8,51.5,No,2400,2400,0,5519,125
11:19:26.676,active,15303,656,10030,16789,0,95,62.2,49.5,No,2400,2400,0,5531,125
11:19:27.676,active,15268,508,7792,16788,-3,95,61.7,49.4,No,2400,2400,0,5533,125
11:19:28.676,active,15299,794,12114,16789,0,95,62.2,46.4,No,2400,2400,0,5533,125
11:19:29.676,active,15258,808,12366,16789,-3,95,62.2,48.1,No,2400,2400,0,5555,125
11:19:30.676,active,15303,706,10590,16789,-9,95,62.8,47.8,No,2400,2400,0,5541,125
11:19:31.676,active,15247,776,11864,16788,-9,95,62.8,46.5,No,2400,2400,0,5544,125
11:19:32.676,active,15296,788,12056,16788,-10,95,62.8,48.7,No,2400,2400,0,5554,125
11:19:33.676,active,15303,670,7194,16788,-11,95,62.2,48.2,No,2400,2400,0,5543,125
11:19:34.679,active,15279,608,9318,16788,-10,95,61.7,49.1,No,2400,2400,0,5551,125
11:19:35.676,active,15322,528,7832,16788,-9,95,62.2,49.0,No,2400,2400,0,5553,125
11:19:36.676,active,15311,484,7446,16788,-8,95,62.8,49.5,No,2400,2400,0,5553,125
11:19:37.677,active,15354,458,7908,16788,-4,95,62.8,48.5,No,2400,2400,0,5559,125
11:19:38.676,active,15309,588,9028,16788,-6,95,63.9,46.4,No,2400,2400,0,5562,125
11:19:39.676,active,15337,530,8120,16788,-5,95,62.2,44.7,No,2400,2400,0,5559,125
11:19:40.676,active,15309,490,7522,16789,-7,95,62.2,46.1,No,2400,2400,0,5563,125
11:19:41.676,active,15307,876,13388,16788,-4,95,61.1,46.7,No,2400,2400,0,5568,125
11:19:42.676,active,15268,844,12906,16788,-3,95,61.7,46.4,No,2400,2400,0,5536,125
11:19:43.676,active,15303,838,12828,16788,0,95,62.2,45.8,No,2400,2400,0,5563,125
11:19:44.676,active,15277,740,11324,16789,-3,95,63.4,48.6,No,2400,2400,0,5562,125
11:19:45.677,active,15264,808,11980,16788,-6,95,63.4,52.4,No,2400,2400,0,5562,125
11:19:46.676,active,15286,836,12808,16789,0,95,61.7,47.1,No,2400,2400,0,5573,125
11:19:47.680,active,15275,782,10686,16788,0,95,62.8,48.1,No,2400,2400,0,5568,125
11:19:48.676,active,15275,864,13234,16788,0,95,61.1,47.3,No,2400,2400,0,5567,125
11:19:49.676,active,15288,742,8160,16789,0,95,62.2,47.7,No,2400,2400,0,5577,125
11:19:50.676,active,15299,522,11096,16790,0,95,63.4,48.1,No,2400,2400,0,5565,125
11:19:51.676,active,15303,654,9992,16789,0,95,63.4,49.3,No,2400,2400,0,5567,125
11:19:52.676,active,15296,540,12134,16789,0,95,62.8,48.1,No,2400,2400,0,5573,125
11:19:53.680,active,15299,836,12790,16789,0,95,62.8,48.5,No,2400,2400,0,5563,125
11:19:54.677,active,15260,596,11408,16789,0,95,62.8,49.9,No,2400,2400,0,5573,125
11:19:55.676,active,15309,696,10648,16790,3,95,63.4,48.9,No,2400,2400,0,5574,125
11:19:56.676,active,15275,716,10956,16790,0,95,61.7,48.6,No,2400,2400,0,5575,125
11:19:57.676,active,15273,800,12250,16790,-3,95,63.4,48.8,No,2400,2400,0,5565,125
11:19:58.679,active,15268,642,9818,16789,0,95,63.4,48.4,No,2400,2400,0,5563,125
11:19:59.681,active,15320,660,10108,16789,0,95,62.8,47.6,No,2400,2400,0,5576,125
11:20:00.681,active,15339,502,8140,16787,-6,95,63.4,48.0,No,2400,2400,0,5588,125
11:20:01.676,active,15309,526,8082,16787,-7,95,62.8,47.8,No,2400,2400,0,5578,125
11:20:02.676,active,15339,486,7060,16789,-4,95,62.2,48.1,No,2400,2400,0,5575,125
11:20:03.676,active,15309,484,7446,16789,0,95,62.8,48.0,No,2400,2400,0,5576,125
11:20:04.676,active,15322,496,7948,16789,0,95,63.4,48.1,No,2400,2400,0,5581,125
11:20:05.676,active,15299,522,8024,16789,0,95,63.9,48.2,No,2400,2400,0,5578,125
11:20:06.676,active,15305,508,6404,16788,0,95,63.4,47.9,No,2400,2400,0,5575,125
11:20:07.677,active,15301,436,6674,16790,0,95,62.2,47.2,No,2400,2400,0,5579,125
11:20:08.676,sleep,15292,468,7176,16792,6,95,60.0,12.3,No,2400,2400,0,5631,125
11:20:09.676,sleep,15288,440,6752,16792,11,95,59.0,0.2,No,2400,2400,0,5632,125
11:20:10.676,sleep,15290,502,7696,16792,11,95,57.9,0.0,No,2400,2400,0,5616,125
11:20:11.676,sleep,15292,502,7696,16791,12,95,57.9,0.0,No,2400,2400,0,5622,125
11:20:12.676,sleep,15294,522,8006,16790,8,95,57.9,0.0,No,2400,2400,0,5622,125
11:20:13.676,sleep,15281,472,7234,16794,18,95,55.1,-0.0,No,1500,2400,0,5616,125
11:20:14.676,sleep,15292,320,5728,16794,17,95,55.6,0.0,No,1500,2400,0,5634,125
11:20:15.676,sleep,15283,348,5342,16793,13,95,55.1,0.0,No,1500,2400,0,5631,125
11:20:16.676,sleep,15292,358,5786,16792,13,95,54.5,0.3,No,1500,2400,0,5635,125
11:20:17.676,sleep,15296,520,7986,16792,13,95,54.5,-0.0,No,1500,2400,0,5635,125
11:20:18.676,sleep,15296,308,4726,16792,14,95,54.5,0.0,No,1500,2400,0,5639,125
11:20:19.676,sleep,15292,228,3510,16792,12,95,54.0,-0.0,No,1500,2400,0,4450,75
11:20:20.676,sleep,15296,354,5420,16792,14,95,54.0,0.5,No,1500,2400,0,3603,75
11:20:21.676,sleep,15288,484,7408,16793,14,95,54.0,0.3,No,1500,2400,0,3483,75
11:20:22.676,sleep,15294,230,3530,16792,12,95,54.0,0.0,No,1500,2400,0,3444,75
11:20:23.676,active,15243,714,10898,16789,0,95,56.8,45.5,No,2400,2400,0,3419,75
11:20:24.676,active,15268,812,12424,16791,0,95,57.9,47.4,No,2400,2400,0,3412,75
11:20:25.680,active,15243,688,10514,16790,0,95,59.5,48.5,No,2400,2400,0,3397,75
11:20:26.676,active,15256,820,12558,16790,0,95,60.0,48.5,No,2400,2400,0,3377,75
11:20:27.676,active,15314,528,7426,16789,-3,95,59.5,48.6,No,2400,2400,0,3376,75
11:20:28.676,active,15288,496,7620,16789,0,95,59.5,48.2,No,2400,2400,0,4064,125
11:20:29.676,active,15322,568,7620,16789,-3,95,60.0,51.3,No,2400,2400,0,5419,125
11:20:30.676,active,15324,490,7504,16790,0,95,60.6,52.2,No,2400,2400,0,5546,125
11:20:31.676,active,15316,740,7010,16789,0,95,61.1,51.1,No,2400,2400,0,5524,125
11:20:32.676,active,15357,558,8564,16789,-3,95,62.2,52.0,No,2400,2400,0,5527,125
11:20:33.679,active,15309,476,7310,16789,-3,95,62.8,50.0,No,2400,2400,0,5529,125
11:20:34.681,active,15316,536,8218,16789,-5,95,61.7,53.0,No,2400,2400,0,5527,125
11:20:35.676,active,15309,530,8140,16789,-3,95,62.8,53.0,No,2400,2400,0,5537,125
11:20:36.676,active,15279,770,11786,16789,0,95,61.1,51.4,No,2400,2400,0,5526,125
11:20:37.676,active,15283,750,8160,16789,0,95,61.1,47.7,No,2400,2400,0,5531,125
11:20:38.676,active,15314,708,10880,16789,-4,95,62.2,47.3,No,2400,2400,0,5544,125
11:20:39.676,active,15279,802,9028,16788,0,95,62.8,48.6,No,2400,2400,0,5533,125
11:20:40.681,active,15279,856,13118,16790,0,95,63.4,47.8,No,2400,2400,0,5535,125
11:20:41.680,active,15316,692,7948,16791,0,95,62.2,47.9,No,2400,2400,0,5535,125
11:20:42.679,active,15273,746,11440,16791,0,95,62.2,48.5,No,2400,2400,0,5540,125
11:20:43.676,active,15279,842,9066,16790,0,95,61.7,48.1,No,2400,2400,0,5541,125
11:20:44.676,active,15277,706,10822,16789,-3,95,62.2,50.1,No,2400,2400,0,5529,125
11:20:45.676,active,15305,724,11092,16788,0,95,62.8,49.0,No,2400,2400,0,5550,125
11:20:46.676,active,15260,648,9916,16789,-3,95,63.4,48.1,No,2400,2400,0,5547,125
11:20:47.676,active,15277,1004,11882,16789,0,95,62.8,47.3,No,2400,2400,0,5555,125
11:20:48.676,active,15275,870,13330,16790,0,95,61.1,46.1,No,2400,2400,0,5553,125
11:20:49.676,active,15247,660,10706,16790,0,95,61.7,46.5,No,2400,2400,0,5550,125
11:20:50.676,active,15262,594,9086,16789,4,95,61.1,47.5,No,2400,2400,0,5557,125
11:20:51.676,active,15243,734,8448,16791,5,95,62.2,46.6,No,2400,2400,0,5559,125
11:20:52.676,active,15303,648,9954,16790,0,95,63.4,47.0,No,2400,2400,0,5553,125
11:20:53.676,active,15281,564,11806,16790,0,95,62.8,46.8,No,2400,2400,0,5562,125
11:20:54.676,active,15324,472,8808,16789,0,95,62.8,49.6,No,2400,2400,0,5559,125
11:20:55.677,active,15305,486,7466,16790,0,95,62.8,51.3,No,2400,2400,0,5564,125
11:20:56.676,active,15324,508,7812,16789,0,95,62.2,49.1,No,2400,2400,0,5568,125
11:20:57.676,active,15352,592,9104,16788,0,95,62.2,48.6,No,2400,2400,0,5564,125
11:20:58.676,active,15309,486,7466,16790,-3,95,62.8,49.6,No,2400,2400,0,5567,125
11:20:59.676,active,15316,446,6828,16791,0,95,63.4,49.2,No,2400,2400,0,5568,125
11:21:00.676,active,15311,506,7774,16789,-4,95,63.4,48.4,No,2400,2400,0,5565,125
11:21:01.681,active,15307,452,6944,16788,-4,95,62.8,48.7,No,2400,2400,0,5572,125
11:21:02.676,active,15307,490,7522,16789,-4,95,62.8,48.1,No,2400,2400,0,5581,125
11:21:03.676,active,15279,828,12694,16788,-4,95,61.7,47.9,No,2400,2400,0,5595,125
11:21:04.676,active,15271,790,12848,16789,-3,95,62.8,49.3,No,2400,2400,0,5577,125
11:21:05.676,active,15311,518,7966,16790,0,95,62.8,47.9,No,2400,2400,0,5579,125
11:21:06.676,active,15277,918,9760,16790,0,95,63.4,47.9,No,2400,2400,0,5578,125
11:21:07.680,active,15266,732,11208,16789,3,95,63.4,48.0,No,2400,2400,0,5585,125
11:21:08.676,active,15277,684,8546,16790,3,95,61.7,48.5,No,2400,2400,0,5581,125
11:21:09.677,active,15273,690,10590,16789,0,95,62.8,48.3,No,2400,2400,0,5581,125
11:21:10.676,active,15286,718,8064,16790,0,95,62.8,48.4,No,2400,2400,0,5580,125
11:21:11.676,active,15316,446,6848,16790,0,95,62.2,47.7,No,2400,2400,0,5582,125
11:21:12.676,active,15271,910,11998,16789,-3,95,62.2,47.6,No,2400,2400,0,5581,125
11:21:13.676,active,15236,898,13716,16789,0,95,62.8,47.9,No,2400,2400,0,5579,125
11:21:14.676,active,15271,650,11632,16789,0,95,62.8,47.4,No,2400,2400,0,5580,125
11:21:15.676,active,15256,838,12808,16789,0,95,62.8,48.4,No,2400,2400,0,5579,125
11:21:16.676,active,15238,802,12038,16789,0,95,62.2,48.5,No,2400,2400,0,5588,125
11:21:17.677,active,15256,778,11922,16789,0,95,62.2,46.9,No,2400,2400,0,5586,125
11:21:18.676,active,15256,770,12654,16790,0,95,62.2,47.6,No,2400,2400,0,5587,125
11:21:19.676,active,15281,722,11054,16789,0,95,63.9,48.5,No,2400,2400,0,5586,125
11:21:20.676,active,15260,820,13078,16789,0,95,63.4,48.5,No,2400,2400,0,5586,125
11:21:21.676,active,15303,464,7118,16790,4,95,63.4,48.7,No,2400,2400,0,5587,125
11:21:22.676,active,15331,514,7870,16789,0,95,62.8,48.2,No,2400,2400,0,5572,125
11:21:23.676,sleep,15292,480,7368,16792,5,95,59.5,15.1,No,2400,2400,0,5621,125
11:21:24.676,sleep,15288,490,7522,16792,8,95,59.0,-0.0,No,2400,2400,0,5630,125
11:21:25.676,sleep,15290,566,8680,16792,8,95,57.3,0.0,No,2400,2400,0,5623,125
11:21:26.676,sleep,15292,618,8352,16791,11,95,57.9,0.0,No,2400,2400,0,5628,125
11:21:27.676,sleep,15286,452,6924,16790,10,95,57.9,0.0,No,2400,2400,0,5632,125
11:21:28.676,sleep,15288,496,3896,16793,15,95,56.8,-0.0,No,1500,2400,0,5640,125
11:21:29.676,sleep,15283,456,6982,16793,18,95,55.6,0.0,No,1500,2400,0,5662,125
11:21:30.676,sleep,15281,540,8276,16794,17,95,56.2,0.7,No,1500,2400,0,5635,125
11:21:31.676,sleep,15290,534,8198,16792,13,95,55.1,0.0,No,1500,2400,0,5636,125
11:21:32.676,sleep,15286,374,5728,16791,7,95,55.1,0.0,No,1500,2400,0,5633,125
11:21:33.676,sleep,15288,456,7002,16792,15,95,54.5,-0.0,No,1500,2400,0,5634,125
11:21:34.676,sleep,15288,266,5228,16792,14,95,54.5,0.5,No,1500,2400,0,4072,75
11:21:35.676,sleep,15286,404,6212,16793,17,95,54.0,-0.0,No,1500,2400,0,3553,75
11:21:36.676,sleep,15290,448,5652,16793,15,95,54.0,0.0,No,1500,2400,0,3466,75
11:21:37.676,sleep,15290,368,5632,16793,13,95,53.5,0.3,No,1500,2400,0,3438,75
11:21:38.676,active,15316,614,7214,16789,4,95,56.8,42.7,No,2400,2400,0,3412,75
11:21:39.676,active,15337,516,7948,16789,-4,95,57.9,51.3,No,2400,2400,0,3394,75
11:21:40.676,active,15277,782,11960,16790,0,95,59.5,51.3,No,2400,2400,0,3395,75
11:21:41.681,active,15268,626,9588,16791,0,95,60.0,49.9,No,2400,2400,0,3381,75
11:21:42.676,active,15253,714,10918,16789,-3,95,60.0,52.2,No,2400,2400,0,4807,125
11:21:43.681,active,15268,754,11536,16790,0,95,60.6,50.6,No,2400,2400,0,5493,125
11:21:44.680,active,15273,774,11844,16789,0,95,60.0,49.5,No,2400,2400,0,5533,125
11:21:45.676,active,15277,708,10842,16788,-3,95,60.0,49.6,No,2400,2400,0,5538,125
11:21:46.676,active,15253,552,11362,16789,0,95,61.1,51.5,No,2400,2400,0,5538,125
11:21:47.676,active,15253,768,11748,16791,0,95,61.1,47.7,No,2400,2400,0,5537,125
11:21:48.676,active,15271,720,13078,16790,4,95,62.2,47.9,No,2400,2400,0,5535,125
11:21:49.676,active,15311,438,7480,16790,0,95,61.7,48.3,No,2400,2400,0,5541,125
11:21:50.679,active,15329,518,7966,16789,0,95,62.2,48.3,No,2400,2400,0,5537,125
11:21:51.676,active,15309,466,7156,16790,0,95,61.1,48.2,No,2400,2400,0,5539,125
11:21:52.676,active,15333,524,8044,16789,0,95,61.7,46.9,No,2400,2400,0,5543,125
11:21:53.676,active,15305,432,6616,16789,0,95,61.7,48.5,No,2400,2400,0,5544,125
11:21:54.676,active,15311,572,8758,16789,0,95,62.8,49.2,No,2400,2400,0,5535,125
11:21:55.676,active,15305,466,7156,16790,0,95,61.7,48.1,No,2400,2400,0,5538,125
11:21:56.676,active,15307,450,6924,16789,0,95,62.8,48.2,No,2400,2400,0,5550,125
11:21:57.677,active,15307,526,8082,16789,0,95,62.2,47.6,No,2400,2400,0,5549,125
11:21:58.676,active,15279,834,12790,16789,0,95,61.7,46.5,No,2400,2400,0,5558,125
11:21:59.676,active,15279,794,10802,16789,0,95,62.2,46.9,No,2400,2400,0,5552,125
11:22:00.676,active,15271,752,11536,16790,0,95,61.7,47.2,No,2400,2400,0,5550,125
11:22:01.676,active,15277,902,9780,16791,0,95,62.8,46.5,No,2400,2400,0,5571,125
11:22:02.676,active,15277,678,10416,16790,0,95,62.8,45.7,No,2400,2400,0,5556,125
11:22:03.676,active,15277,846,8080,16790,0,95,62.2,45.9,No,2400,2400,0,5556,125
11:22:04.684,active,15290,840,12866,16789,0,95,62.2,50.4,No,2400,2400,0,5557,125
11:22:05.678,active,15305,742,11382,16790,0,95,62.2,49.2,No,2400,2400,0,5565,125
11:22:06.676,active,15277,488,7484,16791,0,95,62.2,48.5,No,2400,2400,0,5567,125
11:22:07.676,active,15264,682,8276,16791,0,95,61.7,49.2,No,2400,2400,0,5555,125
11:22:08.676,active,15253,740,11324,16791,0,95,63.4,49.0,No,2400,2400,0,5567,125
11:22:09.680,active,15251,776,12288,16789,0,95,64.5,47.6,No,2400,2400,0,5569,125
11:22:10.679,active,15279,692,10610,16789,0,95,62.8,48.6,No,2400,2400,0,5565,125
11:22:11.676,active,15277,740,10436,16789,0,95,62.2,48.0,No,2400,2400,0,5565,125
11:22:12.676,active,15251,552,8448,16790,-3,95,61.7,47.3,No,2400,2400,0,5574,125
11:22:13.676,active,15275,692,12732,16790,0,95,62.2,49.4,No,2400,2400,0,5584,125
11:22:14.676,active,15279,714,10918,16789,0,95,62.8,48.7,No,2400,2400,0,5582,125
11:22:15.677,active,15301,578,14332,16790,4,95,62.8,48.6,No,2400,2400,0,5572,125
11:22:16.676,active,15303,532,8178,16789,3,95,63.4,49.5,No,2400,2400,0,5573,125
11:22:17.676,active,15320,286,6924,16790,0,95,63.4,48.2,No,2400,2400,0,5579,125
11:22:18.676,active,15314,538,8256,16791,0,95,62.8,48.6,No,2400,2400,0,5573,125
11:22:19.676,active,15307,712,8642,16790,0,95,61.7,48.8,No,2400,2400,0,5583,125
11:22:20.676,active,15290,484,7426,16790,3,95,62.2,47.6,No,2400,2400,0,5571,125
11:22:21.676,active,15305,332,7696,16790,0,95,63.4,48.5,No,2400,2400,0,5586,125
11:22:22.676,active,15307,544,8352,16790,-3,95,63.4,48.5,No,2400,2400,0,5574,125
11:22:23.676,active,15305,514,7890,16790,-3,95,63.4,47.6,No,2400,2400,0,5572,125
11:22:24.676,active,15294,530,8120,16790,-3,95,63.4,47.0,No,2400,2400,0,5581,125
11:22:25.677,active,15271,818,12520,16789,-4,95,61.7,47.5,No,2400,2400,0,5574,125
11:22:26.676,active,15316,714,7330,16789,0,95,63.4,48.2,No,2400,2400,0,5576,125
11:22:27.676,active,15281,634,9742,16789,0,95,62.2,48.0,No,2400,2400,0,5575,125
11:22:28.676,active,15305,574,8410,16790,0,95,62.8,47.9,No,2400,2400,0,5579,125
11:22:29.676,active,15311,476,7310,16790,3,95,62.8,47.6,No,2400,2400,0,5581,125
11:22:30.676,active,15357,526,6828,16791,4,95,62.2,48.3,No,2400,2400,0,5588,125
11:22:31.676,active,15335,498,7638,16789,0,95,63.9,48.2,No,2400,2400,0,5582,125
11:22:32.680,active,15344,486,7562,16789,0,95,62.2,48.0,No,2400,2400,0,5587,125
11:22:33.676,active,15354,480,7368,16790,0,95,62.2,48.4,No,2400,2400,0,5581,125
11:22:34.676,active,15230,866,13638,16790,-3,95,61.7,48.8,No,2400,2400,0,5580,125
11:22:35.676,active,15268,800,12250,16789,-4,95,62.8,49.4,No,2400,2400,0,5585,125
11:22:36.676,active,15245,778,13426,16789,-5,95,62.8,48.9,No,2400,2400,0,5589,125
11:22:37.676,active,15271,750,11478,16788,-5,95,62.2,48.9,No,2400,2400,0,5579,125
11:22:38.676,sleep,15283,650,8622,16791,6,95,60.0,17.5,No,2400,2400,0,5611,125
11:22:39.676,sleep,15283,496,7620,16793,13,95,59.5,-0.0,No,2400,2400,0,5621,125
11:22:40.676,sleep,15281,478,7736,16793,12,95,58.4,0.5,No,2400,2400,0,5610,125
11:22:41.676,sleep,15294,514,7890,16793,10,95,57.9,0.5,No,2400,2400,0,5632,125
11:22:42.676,sleep,15281,480,7350,16792,12,95,57.3,0.0,No,2400,2400,0,5631,125
11:22:43.676,sleep,15290,530,7310,16793,17,95,56.2,-0.0,No,1500,2400,0,5642,125
11:22:44.676,sleep,15288,398,6096,16793,15,95,55.6,0.0,No,1500,2400,0,5630,125
11:22:45.676,sleep,15288,546,7040,16793,18,95,55.6,0.0,No,1500,2400,0,5630,125
11:22:46.676,sleep,15286,392,6018,16793,18,95,55.1,0.0,No,1500,2400,0,5652,125
11:22:47.676,sleep,15283,540,3954,16793,14,95,54.5,-0.0,No,1500,2400,0,5641,125
11:22:48.676,sleep,15292,494,7562,16793,15,95,55.1,0.0,No,1500,2400,0,5619,75
11:22:49.676,sleep,15290,334,7522,16793,18,95,54.0,0.3,No,1500,2400,0,3841,75
11:22:50.675,sleep,15292,224,3432,16793,17,95,54.0,0.0,No,1500,2400,0,3521,75
11:22:51.676,sleep,15294,270,8242,16794,19,95,53.5,-0.0,No,1500,2400,0,3454,75
11:22:52.676,sleep,15292,424,6520,16793,18,95,54.0,-0.0,No,1500,2400,0,3447,75
11:22:53.679,active,15277,716,7966,16789,7,95,57.3,39.7,No,2400,2400,0,3419,75
11:22:54.676,active,15268,854,13060,16790,-5,95,57.3,51.0,No,2400,2400,0,3401,75
11:22:55.676,active,15314,718,7870,16791,0,95,59.5,53.9,No,2400,2400,0,3394,75
11:22:56.676,active,15344,516,7948,16791,0,95,59.5,51.9,No,2400,2400,0,5171,125
11:22:57.676,active,15318,524,7022,16789,0,95,60.0,47.3,No,2400,2400,0,5527,125
11:22:58.676,active,15357,520,8024,16790,0,95,60.6,47.0,No,2400,2400,0,5541,125
11:22:59.676,active,15344,526,7388,16790,0,95,60.6,48.2,No,2400,2400,0,5539,125
11:23:00.676,active,15331,532,8178,16789,0,95,60.6,47.0,No,2400,2400,0,5546,125
11:23:01.676,active,15271,864,13214,16789,-5,95,60.6,48.2,No,2400,2400,0,5545,125
11:23:02.676,active,15299,644,9876,16788,-7,95,61.1,47.8,No,2400,2400,0,5542,125
11:23:03.676,active,15294,872,13350,16789,-4,95,61.7,48.9,No,2400,2400,0,5542,125
11:23:04.676,active,15279,646,9896,16789,-3,95,61.7,48.2,No,2400,2400,0,5555,125
11:23:05.676,active,15281,978,13060,16789,-5,95,61.7,49.2,No,2400,2400,0,5553,125
11:23:06.676,active,15271,712,10898,16790,-6,95,61.7,49.7,No,2400,2400,0,5541,125
11:23:07.679,active,15281,768,12944,16790,-4,95,61.1,46.7,No,2400,2400,0,5545,125
11:23:08.676,active,15271,880,13484,16789,-3,95,61.7,46.1,No,2400,2400,0,5544,125
11:23:09.676,active,15258,872,13310,16789,0,95,61.7,46.4,No,2400,2400,0,5534,125
11:23:10.676,active,15296,496,7620,16789,0,95,62.2,46.8,No,2400,2400,0,5542,125
11:23:11.676,active,15294,518,7928,16788,0,95,62.2,45.9,No,2400,2400,0,5547,125
11:23:12.676,active,15303,498,7638,16789,-3,95,61.7,46.5,No,2400,2400,0,5550,125
11:23:13.677,active,15309,488,7484,16789,-6,95,62.2,46.7,No,2400,2400,0,5572,125
11:23:14.678,active,15303,478,7330,16789,0,95,61.1,49.4,No,2400,2400,0,5549,125
11:23:15.676,active,15303,806,12326,16789,0,95,61.7,52.5,No,2400,2400,0,5554,125
11:23:16.676,active,15299,620,9490,16789,0,95,62.2,49.6,No,2400,2400,0,5564,125
11:23:17.676,active,15299,754,11536,16789,0,95,62.8,49.9,No,2400,2400,0,5557,125
11:23:18.679,active,15275,656,10030,16789,0,95,62.8,49.0,No,2400,2400,0,5562,125
11:23:19.676,active,15288,490,7542,16790,0,95,61.7,49.0,No,2400,2400,0,5569,125
11:23:20.677,active,15296,656,8064,16789,-3,95,62.2,48.6,No,2400,2400,0,5567,125
11:23:21.676,active,15281,520,8006,16789,0,95,61.7,48.9,No,2400,2400,0,5559,125
11:23:22.676,active,15348,486,8604,16788,-3,95,61.7,49.0,No,2400,2400,0,5566,125
11:23:23.676,active,15311,556,8564,16790,-4,95,61.7,49.0,No,2400,2400,0,5569,125
11:23:24.676,active,15348,478,7094,16790,-3,95,63.4,49.4,No,2400,2400,0,5578,125
11:23:25.680,active,15352,476,7310,16790,0,95,62.8,48.9,No,2400,2400,0,5573,125
11:23:26.680,active,15329,422,6482,16789,0,95,62.2,47.8,No,2400,2400,0,5566,125
11:23:27.680,active,15316,534,8218,16789,0,95,62.2,48.0,No,2400,2400,0,5573,125
11:23:28.676,active,15318,518,7966,16789,0,95,62.2,48.5,No,2400,2400,0,5566,125
11:23:29.676,active,15258,938,14352,16790,0,95,62.2,48.6,No,2400,2400,0,5593,125
11:23:30.676,active,15273,842,13078,16789,0,95,62.8,48.0,No,2400,2400,0,5567,125
11:23:31.677,active,15251,780,11940,16790,0,95,63.4,47.7,No,2400,2400,0,5573,125
11:23:32.677,active,15279,776,9838,16789,0,95,63.4,48.1,No,2400,2400,0,5564,125
11:23:33.676,active,15301,798,12230,16789,0,95,63.4,48.1,No,2400,2400,0,5573,125
11:23:34.680,active,15283,802,11008,16789,0,95,63.9,46.4,No,2400,2400,0,5582,125
11:23:35.676,active,15277,850,13022,16790,0,95,61.7,46.9,No,2400,2400,0,5589,125
11:23:36.676,active,15271,840,12866,16790,0,95,62.8,49.4,No,2400,2400,0,5581,125
11:23:37.676,active,15279,752,11536,16790,0,95,62.8,48.6,No,2400,2400,0,5588,125
11:23:38.676,active,15299,474,8718,16789,0,95,62.8,47.4,No,2400,2400,0,5595,125
11:23:39.676,active,15288,706,10822,16788,0,95,62.8,46.9,No,2400,2400,0,5578,125
11:23:40.676,active,15301,568,13908,16790,0,95,62.8,47.5,No,2400,2400,0,5586,125
11:23:41.681,active,15277,718,11014,16790,0,95,62.8,48.6,No,2400,2400,0,5580,125
11:23:42.676,active,15286,490,13272,16791,7,95,61.7,48.2,No,2400,2400,0,5582,125
11:23:43.676,active,15292,858,13098,16790,3,95,62.2,48.9,No,2400,2400,0,5586,125
11:23:44.676,active,15296,576,12808,16789,3,95,62.8,48.8,No,2400,2400,0,5589,125
11:23:45.676,active,15294,776,11844,16790,0,95,63.4,48.7,No,2400,2400,0,5581,125
11:23:46.676,active,15232,830,12288,16790,0,95,63.4,48.7,No,2400,2400,0,5582,125
11:23:47.676,active,15326,530,8160,16790,0,95,62.8,47.6,No,2400,2400,0,5594,125
11:23:48.680,active,15344,488,7484,16790,0,95,62.2,48.2,No,2400,2400,0,5589,125
11:23:49.676,active,15309,502,7716,16790,0,95,62.2,49.1,No,2400,2400,0,5588,125
11:23:50.676,active,15320,574,7002,16789,3,95,63.4,51.1,No,2400,2400,0,5593,125
11:23:51.676,active,15307,504,7716,16791,5,95,63.4,47.6,No,2400,2400,0,5592,125
11:23:52.677,active,15326,560,7194,16791,5,95,63.4,45.3,No,2400,2400,0,5588,125
11:23:53.676,sleep,15290,492,7542,16792,7,95,60.6,22.8,No,2400,2400,0,5604,125
11:23:54.676,sleep,15292,450,7484,16793,15,95,59.0,-0.0,No,2400,2400,0,5623,125
11:23:55.676,sleep,15288,504,7716,16792,17,95,59.0,0.0,No,2400,2400,0,5634,125
11:23:56.676,sleep,15281,494,6886,16792,13,95,57.9,-0.0,No,2400,2400,0,5630,125
11:23:57.676,sleep,15288,506,7754,16792,11,95,57.3,0.0,No,2400,2400,0,5631,125
11:23:58.676,sleep,15292,376,6404,16793,13,95,56.8,-0.0,No,1500,2400,0,5630,125
11:23:59.676,sleep,15288,442,6770,16794,20,95,55.6,0.0,No,1500,2400,0,5638,125
11:24:00.676,sleep,15286,402,5844,16792,13,95,56.2,-0.0,No,1500,2400,0,5645,125
11:24:01.676,sleep,15286,520,7966,16792,12,95,55.1,0.0,No,1500,2400,0,5651,125
11:24:02.676,sleep,15292,510,7948,16793,12,95,55.1,-0.0,No,1500,2400,0,5649,125
11:24:03.676,sleep,15283,638,9780,16793,12,95,54.5,0.0,No,1500,2400,0,5644,125
11:24:04.676,sleep,15286,380,8334,16792,12,95,54.0,-0.0,No,1500,2400,0,5095,75
11:24:05.676,sleep,15286,264,4070,16793,14,95,54.0,0.0,No,1500,2400,0,3720,75
11:24:06.676,sleep,15294,246,3780,16794,16,95,54.0,0.0,No,1500,2400,0,3487,75
11:24:07.676,sleep,15299,290,4456,16793,15,95,54.0,0.0,No,1500,2400,0,3455,75
11:24:08.676,active,15294,796,12172,16790,4,95,56.8,35.8,No,2400,2400,0,3412,75
11:24:09.676,active,15275,580,8874,16791,0,95,57.9,46.9,No,2400,2400,0,3393,75
11:24:10.676,active,15253,748,11440,16790,-7,95,58.4,48.7,No,2400,2400,0,3395,75
11:24:11.676,active,15238,678,10358,16790,-4,95,59.5,48.3,No,2400,2400,0,3386,75
11:24:12.676,active,15268,708,8448,16790,-3,95,60.6,48.7,No,2400,2400,0,3410,125
11:24:13.676,active,15256,672,10282,16789,-5,95,60.6,47.8,No,2400,2400,0,5331,125
11:24:14.677,active,15299,464,7138,16789,-8,95,60.6,49.1,No,2400,2400,0,5538,125
11:24:15.676,active,15316,584,7926,16789,-4,95,60.0,48.6,No,2400,2400,0,5537,125
11:24:16.676,active,15354,526,8064,16789,0,95,59.5,47.9,No,2400,2400,0,5541,125
11:24:17.676,active,15348,486,7484,16789,-4,95,60.0,48.2,No,2400,2400,0,5544,125
11:24:18.676,active,15350,420,6442,16790,0,95,61.7,46.9,No,2400,2400,0,5548,125
11:24:19.676,active,15322,594,9124,16788,-4,95,62.2,46.4,No,2400,2400,0,5542,125
11:24:20.676,active,15350,530,8140,16789,-4,95,61.1,45.4,No,2400,2400,0,5547,125
11:24:21.676,active,15324,566,8700,16789,-4,95,61.7,47.5,No,2400,2400,0,5534,125
11:24:22.676,active,15329,518,7966,16788,-10,95,61.1,45.9,No,2400,2400,0,5550,125
11:24:23.678,active,15303,834,13792,16789,-7,95,61.1,46.6,No,2400,2400,0,5563,125
11:24:24.676,active,15277,788,12076,16788,-11,95,61.7,51.9,No,2400,2400,0,5541,125
11:24:25.676,active,15266,728,12866,16788,-12,95,62.2,51.0,No,2400,2400,0,5544,125
11:24:26.676,active,15288,776,11864,16788,-8,95,62.2,49.7,No,2400,2400,0,5553,125
11:24:27.676,active,15277,776,10128,16788,-6,95,62.2,49.7,No,2400,2400,0,5559,125
11:24:28.677,active,15264,784,11998,16789,-6,95,62.2,47.6,No,2400,2400,0,5549,125
11:24:29.680,active,15277,728,10638,16789,-6,95,62.2,49.5,No,2400,2400,0,5551,125
11:24:30.676,active,15268,852,13040,16789,-6,95,63.4,48.1,No,2400,2400,0,5554,125
11:24:31.676,active,15273,880,11180,16789,-5,95,61.7,48.5,No,2400,2400,0,5582,125
11:24:32.676,active,15307,538,8256,16788,-3,95,62.2,49.6,No,2400,2400,0,5575,125
11:24:33.676,active,15303,442,12944,16789,0,95,62.8,48.5,No,2400,2400,0,5553,125
11:24:34.676,active,15268,546,8372,16790,0,95,62.2,48.4,No,2400,2400,0,5549,125
11:24:35.677,active,15303,584,12578,16791,0,95,62.2,47.8,No,2400,2400,0,5572,125
11:24:36.677,active,15299,742,11342,16790,0,95,62.2,49.3,No,2400,2400,0,5571,125
11:24:37.676,active,15264,506,11574,16790,0,95,62.2,48.6,No,2400,2400,0,5580,125
11:24:38.676,active,15296,782,11960,16789,0,95,62.8,49.5,No,2400,2400,0,5576,125
11:24:39.676,active,15256,634,10300,16789,0,95,62.8,48.9,No,2400,2400,0,5579,125
11:24:40.676,active,15277,826,12636,16788,0,95,62.8,47.6,No,2400,2400,0,5578,125
11:24:41.676,active,15352,822,11022,16789,0,95,62.2,47.2,No,2400,2400,0,5578,125
11:24:42.676,active,15311,504,7736,16790,0,95,62.2,47.0,No,2400,2400,0,5578,125
11:24:43.682,active,15305,576,7484,16789,0,95,62.8,48.5,No,2400,2400,0,5567,125
11:24:44.676,active,15307,486,7466,16788,-4,95,61.7,48.0,No,2400,2400,0,5577,125
11:24:45.676,active,15326,456,7908,16789,0,95,62.8,48.0,No,2400,2400,0,5584,125
11:24:46.676,active,15329,480,7350,16790,0,95,62.8,47.6,No,2400,2400,0,5580,125
11:24:47.676,active,15311,620,8506,16790,0,95,63.4,47.1,No,2400,2400,0,5582,125
11:24:48.676,active,15318,498,7638,16790,0,95,62.8,47.5,No,2400,2400,0,5581,125
11:24:49.676,active,15303,544,7890,16790,0,95,62.8,47.4,No,2400,2400,0,5594,125
11:24:50.683,active,15309,468,7156,16790,0,95,62.2,48.2,No,2400,2400,0,5601,125
11:24:51.676,active,15277,684,10494,16790,3,95,60.6,48.3,No,2400,2400,0,5575,125
11:24:52.676,active,15279,880,13484,16790,0,95,63.9,48.9,No,2400,2400,0,5583,125
11:24:53.676,active,15271,932,12076,16790,0,95,61.7,49.2,No,2400,2400,0,5590,125
11:24:54.676,active,15277,852,13060,16790,0,95,62.8,48.8,No,2400,2400,0,5587,125
11:24:55.676,active,15279,638,8024,16790,3,95,62.2,47.7,No,2400,2400,0,5578,125
11:24:56.676,active,15279,750,11498,16790,0,95,62.8,48.1,No,2400,2400,0,5584,125
11:24:57.676,active,15279,808,7368,16789,0,95,61.1,47.6,No,2400,2400,0,5588,125
11:24:58.676,active,15344,470,7234,16789,0,95,61.7,48.9,No,2400,2400,0,5585,125
11:24:59.676,active,15294,714,7562,16790,0,95,62.2,50.1,No,2400,2400,0,5583,125
11:25:00.676,active,15262,548,8392,16790,0,95,62.8,49.9,No,2400,2400,0,5585,125
11:25:01.676,active,15292,926,14140,16790,0,95,63.4,45.5,No,2400,2400,0,5591,125
11:25:02.676,active,15258,888,13580,16790,4,95,63.4,47.2,No,2400,2400,0,5592,125
11:25:03.676,active,15305,856,13098,16791,5,95,62.2,44.6,No,2400,2400,0,5589,125
11:25:04.679,active,15271,666,10204,16791,0,95,61.7,49.5,No,2400,2400,0,5594,125
11:25:05.676,active,15260,848,12982,16791,3,95,62.8,48.0,No,2400,2400,0,5592,125
11:25:06.676,active,15258,682,10416,16790,0,95,62.8,51.8,No,2400,2400,0,5586,125
11:25:07.676,active,15271,970,12538,16788,-3,95,63.4,48.4,No,2400,2400,0,5588,125
11:25:08.676,sleep,15279,504,7736,16790,0,95,60.0,22.7,No,2400,2400,0,5623,125
11:25:09.676,sleep,15294,556,8546,16791,9,95,59.5,0.0,No,2400,2400,0,5623,125
11:25:10.676,sleep,15288,458,7002,16791,11,95,59.0,-0.0,No,2400,2400,0,5620,125
11:25:11.676,sleep,15288,508,7792,16791,8,95,58.4,-0.0,No,2400,2400,0,5625,125
11:25:12.676,sleep,15286,490,7504,16791,10,95,57.3,-0.0,No,2400,2400,0,5630,125
11:25:13.676,sleep,15283,498,7620,16792,10,95,56.2,0.0,No,1500,2400,0,5640,125
11:25:14.676,sleep,15283,436,6694,16793,18,95,56.2,-0.0,No,1500,2400,0,5642,125
11:25:15.676,sleep,15286,384,5884,16793,14,95,55.1,0.0,No,1500,2400,0,5655,125
11:25:16.676,sleep,15286,356,5478,16792,14,95,55.1,0.0,No,1500,2400,0,5645,125
11:25:17.676,sleep,15286,430,6964,16792,13,95,54.5,0.2,No,1500,2400,0,5634,125
11:25:18.676,sleep,15288,226,3984,16793,18,95,54.5,0.0,No,1500,2400,0,4418,75
11:25:19.676,sleep,15288,506,7754,16794,17,95,54.5,0.5,No,1500,2400,0,3606,75
11:25:20.676,sleep,15281,312,4802,16794,15,95,54.0,0.0,No,1500,2400,0,3484,75
11:25:21.676,sleep,15288,292,4474,16793,14,95,54.5,0.0,No,1500,2400,0,3458,75
11:25:22.676,sleep,15283,350,5342,16793,10,95,53.5,-0.0,No,1500,2400,0,3449,75
11:25:23.676,active,15277,504,7736,16789,7,95,56.2,33.3,No,2400,2400,0,3423,75
11:25:24.676,active,15275,802,12288,16790,0,95,57.9,48.1,No,2400,2400,0,3411,75
11:25:25.676,active,15271,810,11284,16790,-5,95,59.0,48.0,No,2400,2400,0,3407,75
11:25:26.676,active,15279,854,13078,16790,-4,95,59.0,49.2,No,2400,2400,0,3390,75
11:25:27.676,active,15299,694,10648,16790,-3,95,60.0,46.9,No,2400,2400,0,3389,75
11:25:28.677,active,15262,584,8932,16789,-5,95,60.6,45.8,No,2400,2400,0,4010,125
11:25:29.676,active,15299,752,11478,16789,-6,95,60.6,47.4,No,2400,2400,0,5410,125
11:25:30.676,active,15264,718,10976,16789,-3,95,59.5,45.0,No,2400,2400,0,5519,125
11:25:31.678,active,15286,842,11806,16790,0,95,61.7,46.2,No,2400,2400,0,5522,125
11:25:32.676,active,15247,728,11130,16790,0,95,60.0,45.3,No,2400,2400,0,5526,125
11:25:33.676,active,15245,774,8622,16789,-6,95,60.6,47.1,No,2400,2400,0,5526,125
11:25:34.676,active,15253,796,12152,16788,-6,95,62.2,49.9,No,2400,2400,0,5520,125
11:25:35.676,active,15253,702,13928,16789,-6,95,62.2,51.4,No,2400,2400,0,5517,125
11:25:36.681,active,15264,726,11112,16789,0,95,62.2,48.5,No,2400,2400,0,5531,125
11:25:37.676,active,15331,538,8236,16790,0,95,61.7,47.1,No,2400,2400,0,5544,125
11:25:38.679,active,15341,540,8294,16791,0,95,61.7,48.4,No,2400,2400,0,5531,125
11:25:39.676,active,15335,466,7156,16791,0,95,61.1,48.2,No,2400,2400,0,5534,125
11:25:40.676,active,15335,558,8584,16789,0,95,62.2,48.9,No,2400,2400,0,5533,125
11:25:41.676,active,15331,448,7966,16788,-6,95,61.7,48.5,No,2400,2400,0,5525,125
11:25:42.677,active,15324,518,7966,16789,-4,95,62.8,48.1,No,2400,2400,0,5537,125
11:25:43.679,active,15335,506,7060,16789,-3,95,62.8,47.5,No,2400,2400,0,5545,125
11:25:44.676,active,15296,474,7292,16790,-3,95,62.8,48.6,No,2400,2400,0,5552,125
11:25:45.676,active,15316,476,6828,16789,0,95,62.2,47.6,No,2400,2400,0,5546,125
11:25:46.676,active,15268,882,13504,16789,0,95,61.7,48.7,No,2400,2400,0,5557,125
11:25:47.676,active,15266,890,13620,16789,0,95,62.2,49.0,No,2400,2400,0,5545,125
11:25:48.676,active,15275,864,13214,16789,-4,95,62.2,48.0,No,2400,2400,0,5547,125
11:25:49.680,active,15281,952,11940,16789,0,95,62.2,48.1,No,2400,2400,0,5546,125
11:25:50.676,active,15273,918,14044,16790,-3,95,62.8,48.1,No,2400,2400,0,5553,125
11:25:51.677,active,15281,830,10784,16790,-6,95,61.7,47.5,No,2400,2400,0,5553,125
11:25:52.677,active,15275,904,13850,16789,0,95,62.2,47.2,No,2400,2400,0,5553,125
11:25:53.676,active,15309,664,7002,16788,-3,95,61.7,47.9,No,2400,2400,0,5566,125
11:25:54.676,active,15277,876,13406,16790,-4,95,61.7,48.2,No,2400,2400,0,5567,125
11:25:55.676,active,15299,534,8160,16789,0,95,63.4,47.5,No,2400,2400,0,5568,125
11:25:56.676,active,15299,592,9086,16787,-7,95,62.2,47.4,No,2400,2400,0,5568,125
11:25:57.676,active,15299,642,9818,16788,-6,95,62.2,47.8,No,2400,2400,0,5574,125
11:25:58.677,active,15275,616,9452,16788,-9,95,62.8,46.1,No,2400,2400,0,5568,125
11:25:59.676,active,15264,790,12076,16789,-4,95,62.2,48.4,No,2400,2400,0,5581,125
11:26:00.676,active,15249,736,11246,16789,-7,95,62.2,49.6,No,2400,2400,0,5569,125
11:26:01.676,active,15277,818,12886,16788,-4,95,61.7,48.6,No,2400,2400,0,5573,125
11:26:02.676,active,15225,756,11554,16788,-7,95,62.8,48.6,No,2400,2400,0,5572,125
11:26:03.676,active,15234,778,13406,16787,-8,95,63.4,48.6,No,2400,2400,0,5573,125
11:26:04.676,active,15322,430,6872,16788,-7,95,63.9,48.7,No,2400,2400,0,5572,125
11:26:05.676,active,15337,456,7002,16788,-8,95,62.8,47.6,No,2400,2400,0,5581,125
11:26:06.683,active,15324,470,7214,16789,-5,95,62.2,48.5,No,2400,2400,0,5573,125
11:26:07.676,active,15322,474,7272,16788,-4,95,61.7,48.3,No,2400,2400,0,5582,125
11:26:08.676,active,15318,500,7678,16788,-4,95,62.2,48.7,No,2400,2400,0,5591,125
11:26:09.681,active,15309,412,6308,16788,-4,95,63.9,50.3,No,2400,2400,0,5591,125
11:26:10.676,active,15301,476,7310,16789,0,95,62.8,50.2,No,2400,2400,0,5577,125
11:26:11.676,active,15311,450,6906,16791,0,95,62.8,46.3,No,2400,2400,0,5579,125
11:26:12.677,active,15307,512,7850,16790,0,95,62.8,46.3,No,2400,2400,0,5575,125
11:26:13.676,active,15281,884,13562,16790,0,95,62.2,49.9,No,2400,2400,0,5576,125
11:26:14.676,active,15283,760,13936,16789,-3,95,63.4,50.3,No,2400,2400,0,5586,125
11:26:15.676,active,15275,798,12230,16789,-4,95,63.9,50.3,No,2400,2400,0,5582,125
11:26:16.676,active,15279,878,13464,16789,0,95,62.8,49.4,No,2400,2400,0,5571,125
11:26:17.676,active,15279,662,10166,16790,0,95,63.4,49.2,No,2400,2400,0,5576,125
11:26:18.681,active,15275,848,13002,16790,0,95,63.4,49.9,No,2400,2400,0,5590,125
11:26:19.677,active,15279,982,12520,16789,0,95,63.4,52.6,No,2400,2400,0,5581,125
11:26:20.676,active,15314,692,10628,16789,0,95,62.2,52.1,No,2400,2400,0,5590,125
11:26:21.676,active,15279,858,9162,16788,0,95,63.4,52.5,No,2400,2400,0,5581,125
11:26:22.676,active,15314,514,7890,16790,0,95,63.9,52.4,No,2400,2400,0,5572,125
11:26:23.676,sleep,15294,390,5998,16791,0,95,60.6,28.0,No,2400,2400,0,5591,125
11:26:24.676,sleep,15301,508,7812,16792,9,95,59.5,-0.0,No,2400,2400,0,5627,125
11:26:25.676,sleep,15290,320,6694,16793,14,95,58.4,-0.0,No,2400,2400,0,5615,125
11:26:26.676,sleep,15290,418,6404,16791,12,95,58.4,0.0,No,2400,2400,0,5622,125
11:26:27.676,sleep,15296,510,6520,16791,13,95,57.9,0.0,No,2400,2400,0,5621,125
11:26:28.676,sleep,15299,554,8488,16793,14,95,56.8,-0.0,No,1500,2400,0,5621,125
11:26:29.676,sleep,15294,366,7176,16793,16,95,56.2,-0.0,No,1500,2400,0,5641,125
11:26:30.676,sleep,15290,430,6596,16792,13,95,56.2,0.0,No,1500,2400,0,5649,125
11:26:31.676,sleep,15283,504,7792,16793,17,95,55.1,0.0,No,1500,2400,0,5635,125
11:26:32.676,sleep,15286,406,6230,16793,19,95,55.1,-0.0,No,1500,2400,0,5640,125
11:26:33.676,sleep,15292,390,9298,16793,17,95,55.1,0.0,No,1500,2400,0,4066,75
11:26:34.676,sleep,15283,436,6674,16794,21,95,54.5,0.0,No,1500,2400,0,3551,75
11:26:35.676,sleep,15288,500,7368,16795,23,95,55.1,0.0,No,1500,2400,0,3469,75
11:26:36.676,sleep,15288,458,7022,16793,20,95,54.0,0.3,No,1500,2400,0,3451,75
11:26:37.676,sleep,15286,396,7774,16794,20,95,54.0,0.0,No,1500,2400,0,3452,75
11:26:38.676,active,15311,492,7542,16791,12,95,57.3,29.3,No,2400,2400,0,3430,75
11:26:39.679,active,15329,460,8104,16790,0,95,57.9,46.1,No,2400,2400,0,3411,75
11:26:40.677,active,15344,492,7542,16791,3,95,57.9,45.7,No,2400,2400,0,3386,75
11:26:41.676,active,15307,580,13406,16790,0,95,58.4,46.5,No,2400,2400,0,3381,75
11:26:42.676,active,15264,844,12924,16790,0,95,59.5,47.2,No,2400,2400,0,4758,125
11:26:43.676,active,15273,854,12674,16790,0,95,60.6,51.5,No,2400,2400,0,5488,125
11:26:44.676,active,15262,836,12790,16790,0,95,61.1,51.9,No,2400,2400,0,5545,125
11:26:45.676,active,15281,836,9394,16790,0,95,61.1,47.8,No,2400,2400,0,5529,125
11:26:46.679,active,15266,830,12712,16790,0,95,61.7,46.9,No,2400,2400,0,5523,125
11:26:47.677,active,15279,906,7696,16790,0,95,60.6,48.1,No,2400,2400,0,5526,125
11:26:48.676,active,15275,852,13040,16790,0,95,61.1,49.1,No,2400,2400,0,5539,125
11:26:49.676,active,15275,854,11670,16789,0,95,61.1,49.1,No,2400,2400,0,5540,125
11:26:50.676,active,15305,432,6616,16792,0,95,61.7,50.3,No,2400,2400,0,5537,125
11:26:51.676,active,15294,780,12288,16791,4,95,61.7,49.4,No,2400,2400,0,5533,125
11:26:52.681,active,15281,616,9452,16792,5,95,62.2,48.7,No,2400,2400,0,5545,125
11:26:53.678,active,15296,442,12944,16791,7,95,61.1,47.0,No,2400,2400,0,5545,125
11:26:54.676,active,15264,684,10456,16790,4,95,61.1,49.5,No,2400,2400,0,5541,125
11:26:55.676,active,15296,542,10764,16789,4,95,61.7,47.9,No,2400,2400,0,5537,125
11:26:56.676,active,15245,800,12230,16790,0,95,62.2,48.9,No,2400,2400,0,5541,125
11:26:57.676,active,15279,606,10744,16791,0,95,62.2,48.0,No,2400,2400,0,5548,125
11:26:58.678,active,15258,788,12056,16791,0,95,62.8,49.3,No,2400,2400,0,5542,125
11:26:59.680,active,15361,774,11710,16789,0,95,62.2,47.6,No,2400,2400,0,5548,125
11:27:00.676,active,15346,462,7118,16790,3,95,62.2,47.3,No,2400,2400,0,5552,125
11:27:01.676,active,15341,532,8178,16790,0,95,61.1,47.5,No,2400,2400,0,5558,125
11:27:02.676,active,15316,470,7214,16789,0,95,62.2,48.0,No,2400,2400,0,5563,125
11:27:03.676,active,15326,458,7600,16790,-3,95,62.2,47.9,No,2400,2400,0,5562,125
11:27:04.676,active,15307,564,8642,16790,0,95,62.8,47.9,No,2400,2400,0,5560,125
11:27:05.676,active,15326,526,7446,16790,0,95,62.2,47.4,No,2400,2400,0,5559,125
11:27:06.681,active,15303,556,8546,16789,0,95,63.4,46.6,No,2400,2400,0,5558,125
11:27:07.677,active,15320,588,7736,16789,0,95,62.2,47.1,No,2400,2400,0,5564,125
11:27:08.676,active,15273,822,12596,16791,0,95,61.1,47.8,No,2400,2400,0,5571,125
11:27:09.676,active,15277,910,13948,16791,0,95,61.7,49.3,No,2400,2400,0,5573,125
11:27:10.676,active,15273,824,12616,16790,0,95,62.2,49.2,No,2400,2400,0,5576,125
11:27:11.676,active,15277,698,10706,16790,0,95,63.9,48.9,No,2400,2400,0,5572,125
11:27:12.677,active,15281,782,11980,16790,3,95,63.4,48.3,No,2400,2400,0,5569,125
11:27:13.676,active,15281,758,11632,16790,0,95,62.8,47.6,No,2400,2400,0,5583,125
11:27:14.676,active,15311,678,10416,16790,0,95,63.4,48.4,No,2400,2400,0,5585,125
11:27:15.676,active,15281,580,8892,16790,0,95,61.7,47.8,No,2400,2400,0,5600,125
11:27:16.676,active,15309,680,10436,16790,0,95,62.2,48.9,No,2400,2400,0,5567,125
11:27:17.676,active,15301,658,7388,16789,0,95,62.2,48.9,No,2400,2400,0,5559,125
11:27:18.676,active,15294,702,12808,16789,0,95,64.5,51.7,No,2400,2400,0,5575,125
11:27:19.676,active,15299,812,12442,16789,0,95,63.4,51.1,No,2400,2400,0,5574,125
11:27:20.676,active,15288,632,13012,16789,0,95,62.2,45.7,No,2400,2400,0,5582,125
11:27:21.676,active,15299,750,11478,16789,0,95,61.7,49.0,No,2400,2400,0,5575,125
11:27:22.676,active,15238,806,12308,16789,0,95,62.8,46.7,No,2400,2400,0,5576,125
11:27:23.676,active,15301,786,11998,16789,0,95,62.2,47.5,No,2400,2400,0,5577,125
11:27:24.676,active,15228,740,11284,16789,0,95,61.7,47.4,No,2400,2400,0,5580,125
11:27:25.681,active,15256,674,10320,16790,0,95,63.9,51.9,No,2400,2400,0,5584,125
11:27:26.676,active,15256,818,12520,16790,0,95,63.4,47.5,No,2400,2400,0,5574,125
11:27:27.681,active,15277,880,13484,16789,0,95,62.8,49.5,No,2400,2400,0,5581,125
11:27:28.679,active,15329,556,8102,16789,0,95,63.4,51.3,No,2400,2400,0,5586,125
11:27:29.676,active,15279,478,7368,16790,-3,95,62.2,49.6,No,2400,2400,0,5585,125
11:27:30.676,active,15344,496,6616,16790,0,95,62.8,51.9,No,2400,2400,0,5577,125
11:27:31.676,active,15344,490,7522,16788,0,95,63.9,52.2,No,2400,2400,0,5577,125
11:27:32.677,active,15320,522,6866,16789,0,95,63.9,53.0,No,2400,2400,0,5580,125
11:27:33.676,active,15335,424,6520,16789,0,95,62.8,52.4,No,2400,2400,0,5585,125
11:27:34.681,active,15350,480,7156,16790,0,95,63.4,53.1,No,2400,2400,0,5581,125
11:27:35.680,active,15318,520,7986,16790,0,95,62.8,47.8,No,2400,2400,0,5579,125
11:27:36.676,active,15266,838,12770,16789,0,95,62.8,46.8,No,2400,2400,0,5578,125
11:27:37.676,active,15281,860,13194,16789,0,95,63.4,49.4,No,2400,2400,0,5585,125
11:27:38.676,sleep,15294,536,7350,16789,0,95,60.6,28.5,No,2400,2400,0,5602,125
11:27:39.676,sleep,15286,544,8334,16792,9,95,59.5,0.0,No,2400,2400,0,5623,125
11:27:40.676,sleep,15296,494,7542,16792,11,95,59.5,-0.0,No,2400,2400,0,5624,125
11:27:41.676,sleep,15288,476,7310,16791,10,95,58.4,0.0,No,2400,2400,0,5630,125
11:27:42.676,sleep,15292,474,8546,16791,11,95,57.9,0.0,No,2400,2400,0,5628,125
11:27:43.676,sleep,15288,448,6866,16792,8,95,57.3,0.0,No,1500,2400,0,5631,125
11:27:44.676,sleep,15288,532,7408,16793,14,95,56.2,-0.0,No,1500,2400,0,5633,125
11:27:45.676,sleep,15290,400,6134,16793,15,95,55.1,0.0,No,1500,2400,0,5638,125
11:27:46.676,sleep,15290,452,6924,16792,14,95,55.1,-0.0,No,1500,2400,0,5629,125
11:27:47.676,sleep,15292,300,4590,16792,13,95,55.1,0.0,No,1500,2400,0,5623,125
11:27:48.676,sleep,15301,308,4706,16792,14,95,55.1,-0.0,No,1500,2400,0,5636,125
11:27:49.676,sleep,15292,588,9008,16791,11,95,55.1,0.0,No,1500,2400,0,5642,125
11:27:50.676,sleep,15294,280,7156,16794,8,95,54.5,0.0,No,1500,2400,0,5649,125
11:27:51.676,sleep,15286,306,4686,16795,13,95,54.5,0.0,No,1500,2400,0,3889,75
11:27:52.676,sleep,15288,552,9162,16793,12,95,54.0,-0.0,No,1500,2400,0,3528,75
11:27:53.676,active,15266,788,12056,16791,7,95,57.9,28.1,No,2400,2400,0,3441,75
11:27:54.680,active,15314,414,6346,16789,-6,95,57.9,45.8,No,2400,2400,0,3412,75
11:27:55.676,active,15322,480,7624,16789,-5,95,58.4,48.5,No,2400,2400,0,3409,75
11:27:56.676,active,15352,482,7388,16789,-5,95,59.0,47.0,No,2400,2400,0,3409,75
11:27:57.676,active,15296,522,8024,16789,-4,95,60.0,47.2,No,2400,2400,0,3389,75
11:27:58.676,active,15333,522,8024,16790,-4,95,61.7,49.5,No,2400,2400,0,3379,75
11:27:59.676,active,15318,480,7368,16789,0,95,61.7,48.6,No,2400,2400,0,5101,125
11:28:00.676,active,15314,516,7908,16789,-6,95,59.5,48.4,No,2400,2400,0,5509,125
11:28:01.680,active,15305,454,6964,16790,0,95,60.6,47.6,No,2400,2400,0,5555,125
11:28:02.678,active,15309,580,8892,16791,0,95,61.7,49.0,No,2400,2400,0,5548,125
11:28:03.676,active,15277,862,8198,16790,3,95,60.6,47.1,No,2400,2400,0,5547,125
11:28:04.676,active,15275,820,12558,16789,0,95,60.6,47.8,No,2400,2400,0,5531,125
11:28:05.676,active,15281,860,9780,16789,-4,95,61.1,48.9,No,2400,2400,0,5541,125
11:28:06.676,active,15271,808,12384,16788,0,95,61.7,49.3,No,2400,2400,0,5534,125
11:28:07.676,active,15279,782,10456,16790,0,95,62.2,48.9,No,2400,2400,0,5535,125
11:28:08.676,active,15279,692,10610,16791,0,95,62.2,48.6,No,2400,2400,0,5537,125
11:28:09.676,active,15303,690,7716,16790,-3,95,61.1,47.5,No,2400,2400,0,5526,125
11:28:10.676,active,15281,546,8410,16789,-3,95,62.8,47.6,No,2400,2400,0,5536,125
11:28:11.676,active,15307,732,7408,16790,0,95,61.7,48.5,No,2400,2400,0,5531,125
11:28:12.676,active,15241,788,12038,16790,0,95,61.7,47.6,No,2400,2400,0,5542,125
11:28:13.676,active,15251,764,11382,16789,-4,95,62.8,48.0,No,2400,2400,0,5554,125
11:28:14.676,active,15238,848,12964,16789,-3,95,63.4,47.1,No,2400,2400,0,5571,125
11:28:15.676,active,15262,670,10726,16790,0,95,62.2,47.2,No,2400,2400,0,5576,125
11:28:16.681,active,15258,824,12616,16789,0,95,60.6,46.7,No,2400,2400,0,5577,125
11:28:17.676,active,15266,786,11400,16790,0,95,61.1,46.6,No,2400,2400,0,5571,125
11:28:18.676,active,15262,784,11998,16790,0,95,62.2,48.4,No,2400,2400,0,5567,125
11:28:19.676,active,15253,850,12404,16790,0,95,62.2,48.8,No,2400,2400,0,5579,125
11:28:20.676,active,15268,790,12096,16789,0,95,62.2,48.8,No,2400,2400,0,5580,125
11:28:21.676,active,15314,492,7542,16789,0,95,62.2,48.3,No,2400,2400,0,5573,125
11:28:22.676,active,15309,446,6828,16790,-4,95,61.7,47.7,No,2400,2400,0,5571,125
11:28:23.680,active,15307,552,8468,16790,0,95,61.7,48.7,No,2400,2400,0,5560,125
11:28:24.676,active,15299,454,6964,16789,0,95,61.7,48.2,No,2400,2400,0,5577,125
11:28:25.676,active,15307,516,8448,16789,-6,95,61.1,48.7,No,2400,2400,0,5574,125
11:28:26.676,active,15301,484,7446,16790,0,95,61.7,48.9,No,2400,2400,0,5580,125
11:28:27.676,active,15303,538,7986,16789,0,95,63.4,49.5,No,2400,2400,0,5581,125
11:28:28.676,active,15301,450,6906,16790,0,95,62.2,52.5,No,2400,2400,0,5575,125
11:28:29.676,active,15294,478,7812,16790,0,95,62.2,44.5,No,2400,2400,0,5577,125
11:28:30.677,active,15283,664,10166,16789,0,95,61.7,48.1,No,2400,2400,0,5583,125
11:28:31.676,active,15266,920,14102,16789,0,95,62.8,48.9,No,2400,2400,0,5577,125
11:28:32.676,active,15281,798,12210,16789,0,95,62.8,49.5,No,2400,2400,0,5579,125
11:28:33.676,active,15273,742,11382,16790,-9,95,63.4,51.9,No,2400,2400,0,5590,125
11:28:34.676,active,15309,620,9530,16789,-8,95,63.4,48.5,No,2400,2400,0,5568,125
11:28:35.676,active,15288,806,12326,16791,0,95,63.4,49.1,No,2400,2400,0,5582,125
11:28:36.677,active,15311,700,10726,16790,0,95,62.8,46.7,No,2400,2400,0,5588,125
11:28:37.679,active,15314,750,8680,16789,0,95,61.1,53.1,No,2400,2400,0,5581,125
11:28:38.676,active,15279,778,11940,16788,0,95,62.8,52.6,No,2400,2400,0,5581,125
11:28:39.676,active,15279,574,8816,16788,0,95,62.8,53.3,No,2400,2400,0,5577,125
11:28:40.676,active,15258,646,13460,16790,0,95,63.4,54.8,No,2400,2400,0,5582,125
11:28:41.677,active,15279,714,10938,16790,0,95,63.4,52.3,No,2400,2400,0,5574,125
11:28:42.676,active,15275,774,13380,16790,0,95,62.8,52.4,No,2400,2400,0,5581,125
11:28:43.676,active,15262,704,10784,16789,-3,95,63.4,51.8,No,2400,2400,0,5583,125
11:28:44.680,active,15277,720,13082,16788,0,95,63.4,51.6,No,2400,2400,0,5586,125
11:28:45.676,active,15266,670,10282,16789,-5,95,63.4,46.5,No,2400,2400,0,5588,125
11:28:46.676,active,15281,828,12694,16790,-3,95,62.8,48.2,No,2400,2400,0,5589,125
11:28:47.676,active,15273,794,12134,16790,0,95,63.4,48.2,No,2400,2400,0,5588,125
11:28:48.676,active,15337,532,7194,16788,0,95,62.8,48.6,No,2400,2400,0,5587,125
11:28:49.680,active,15314,526,8064,16788,0,95,62.8,48.3,No,2400,2400,0,5587,125
11:28:50.676,active,15331,514,8276,16789,0,95,64.5,47.7,No,2400,2400,0,5584,125
11:28:51.679,active,15305,472,7252,16790,-4,95,62.8,47.6,No,2400,2400,0,5588,125
11:28:52.676,active,15314,528,7522,16790,0,95,63.4,49.1,No,2400,2400,0,5593,125
11:28:53.676,sleep,15299,540,8294,16791,0,95,61.1,32.5,No,2400,2400,0,5627,125
11:28:54.676,sleep,15294,492,7214,16791,10,95,59.0,0.0,No,2400,2400,0,5627,125
11:28:55.676,sleep,15294,516,7908,16791,11,95,58.4,0.0,No,2400,2400,0,5627,125
11:28:56.676,sleep,15283,474,6250,16791,9,95,58.4,-0.0,No,2400,2400,0,5627,125
11:28:57.676,sleep,15290,464,7138,16792,14,95,57.9,-0.0,No,2400,2400,0,5620,125
11:28:58.676,sleep,15288,468,5440,16792,12,95,55.6,0.0,No,1500,2400,0,5631,125
11:28:59.676,sleep,15288,410,6288,16794,17,95,56.2,0.0,No,1500,2400,0,5655,125
11:29:00.676,sleep,15290,374,5864,16793,20,95,55.6,-0.0,No,1500,2400,0,5671,125
11:29:01.676,sleep,15283,432,6616,16793,16,95,55.6,-0.0,No,1500,2400,0,5652,125
11:29:02.676,sleep,15296,388,7214,16792,10,95,54.5,0.0,No,1500,2400,0,5647,125
11:29:03.676,sleep,15286,434,6654,16793,11,95,54.5,0.0,No,1500,2400,0,5653,125
11:29:04.676,sleep,15290,540,6056,16793,13,95,54.5,-0.0,No,1500,2400,0,5655,125
11:29:05.676,sleep,15288,540,8276,16793,13,95,54.5,0.0,No,1500,2400,0,5210,75
11:29:06.676,sleep,15299,268,7002,16793,16,95,54.0,0.0,No,1500,2400,0,3725,75
11:29:07.676,sleep,15290,390,5980,16792,12,95,54.5,0.0,No,1500,2400,0,3497,75
11:29:08.676,active,15258,666,10186,16792,12,95,56.8,27.1,No,2400,2400,0,3445,75
11:29:09.679,active,15275,620,9490,16790,-4,95,57.9,46.7,No,2400,2400,0,3413,75
11:29:10.680,active,15238,710,10898,16790,-4,95,59.0,47.6,No,2400,2400,0,3405,75
11:29:11.677,active,15283,546,8372,16792,3,95,59.5,48.1,No,2400,2400,0,3402,75
11:29:12.676,active,15277,786,12038,16790,0,95,59.0,49.0,No,2400,2400,0,3401,125
11:29:13.676,active,15290,682,10456,16789,-5,95,60.6,49.1,No,2400,2400,0,5328,125
11:29:14.676,active,15303,790,12076,16789,0,95,60.6,49.0,No,2400,2400,0,5534,125
11:29:15.679,active,15271,796,12172,16788,-3,95,61.1,48.9,No,2400,2400,0,5557,125
11:29:16.677,active,15299,540,8276,16789,0,95,60.6,48.0,No,2400,2400,0,5553,125
11:29:17.681,active,15299,464,6326,16790,0,95,61.1,49.0,No,2400,2400,0,5547,125
11:29:18.676,active,15311,542,8314,16790,0,95,60.0,47.1,No,2400,2400,0,5545,125
11:29:19.676,active,15301,538,6558,16790,0,95,60.6,47.6,No,2400,2400,0,5550,125
11:29:20.676,active,15305,450,6906,16790,0,95,61.1,47.9,No,2400,2400,0,5555,125
11:29:21.676,active,15299,492,10358,16789,0,95,61.7,48.1,No,2400,2400,0,5549,125
11:29:22.676,active,15303,428,6558,16789,0,95,61.1,48.5,No,2400,2400,0,5546,125
11:29:23.676,active,15299,522,14950,16789,0,95,61.7,46.7,No,2400,2400,0,5548,125
11:29:24.676,active,15296,592,9046,16790,0,95,61.7,46.5,No,2400,2400,0,5545,125
11:29:25.680,active,15305,680,8796,16789,-4,95,61.1,47.8,No,2400,2400,0,5548,125
11:29:26.676,active,15357,524,8064,16789,0,95,61.1,46.9,No,2400,2400,0,5548,125
11:29:27.676,active,15314,550,8024,16789,-3,95,61.7,48.3,No,2400,2400,0,5554,125
11:29:28.676,active,15292,458,7060,16789,-6,95,61.7,49.0,No,2400,2400,0,5562,125
11:29:29.676,active,15352,456,8352,16788,-7,95,62.8,48.7,No,2400,2400,0,5563,125
11:29:30.676,active,15309,516,7928,16789,-4,95,61.7,48.0,No,2400,2400,0,5557,125
11:29:31.676,active,15346,514,7140,16788,-3,95,61.7,48.0,No,2400,2400,0,5566,125
11:29:32.681,active,15309,492,7542,16788,-3,95,61.1,48.6,No,2400,2400,0,5559,125
11:29:33.676,active,15324,542,8314,16788,-6,95,61.7,48.0,No,2400,2400,0,5563,125
11:29:34.676,active,15260,900,13754,16790,-4,95,61.7,48.5,No,2400,2400,0,5562,125
11:29:35.676,active,15251,762,11844,16790,0,95,62.2,48.6,No,2400,2400,0,5568,125
11:29:36.676,active,15271,850,13022,16790,0,95,62.2,48.7,No,2400,2400,0,5568,125
11:29:37.676,active,15256,876,12694,16790,0,95,62.8,51.8,No,2400,2400,0,5561,125
11:29:38.680,active,15266,650,9954,16789,0,95,61.1,48.0,No,1900,2400,0,5580,125
11:29:39.676,active,15266,832,13484,16788,0,95,61.1,45.7,No,2400,2400,0,5587,125
11:29:40.676,active,15256,810,12404,16789,-3,95,61.1,47.8,No,2400,2400,0,5578,125
11:29:41.676,active,15277,674,12326,16790,0,95,62.2,49.4,No,2400,2400,0,5563,125
11:29:42.676,active,15268,916,14044,16790,0,95,62.2,49.6,No,2400,2400,0,5568,125
11:29:43.677,active,15307,748,8950,16790,0,95,63.4,47.6,No,2400,2400,0,5574,125
11:29:44.676,active,15294,496,7600,16790,6,95,62.8,46.7,No,2400,2400,0,5574,125
11:29:45.677,active,15314,494,8468,16790,3,95,63.4,49.7,No,2400,2400,0,5568,125
11:29:46.676,active,15294,518,7928,16789,0,95,61.7,51.5,No,2400,2400,0,5572,125
11:29:47.676,active,15350,496,8932,16789,-3,95,62.2,52.8,No,2400,2400,0,5581,125
11:29:48.676,active,15299,514,7870,16790,0,95,62.2,52.7,No,2400,2400,0,5580,125
11:29:49.676,active,15303,512,9490,16790,4,95,63.9,55.9,No,2400,2400,0,5572,125
11:29:50.676,active,15309,440,6770,16789,0,95,63.4,51.6,No,2400,2400,0,5557,125
11:29:51.677,active,15299,528,11092,16789,0,95,63.4,50.3,No,2400,2400,0,5566,125
11:29:52.676,active,15286,736,11266,16791,0,95,62.8,51.1,No,2400,2400,0,5576,125
11:29:53.676,active,15307,448,6866,16791,6,95,62.2,50.4,No,2400,2400,0,5566,125
11:29:54.676,active,15354,494,7620,16790,3,95,63.9,48.1,No,2400,2400,0,5581,125
11:29:55.676,active,15283,512,7870,16790,7,95,62.8,48.5,No,2400,2400,0,5580,125
11:29:56.676,active,15348,452,6964,16790,7,95,63.4,49.1,No,2400,2400,0,5586,125
11:29:57.676,active,15281,662,8372,16791,4,95,63.4,48.6,No,2400,2400,0,5591,125
11:29:58.676,active,15350,486,7484,16790,3,95,63.4,48.8,No,2400,2400,0,5593,125
11:29:59.676,active,15314,732,7620,16791,0,95,62.8,48.6,No,2400,2400,0,5585,125
11:30:00.676,active,15318,458,7022,16790,0,95,62.2,48.2,No,2400,2400,0,5589,125
11:30:01.676,active,15241,760,11632,16790,0,95,62.8,50.1,No,2400,2400,0,5582,125
11:30:02.676,active,15296,654,10030,16791,3,95,62.8,50.0,No,2400,2400,0,5590,125
11:30:03.676,active,15268,716,10956,16791,5,95,63.9,49.2,No,2400,2400,0,5581,125
11:30:04.676,active,15303,622,9548,16792,3,95,63.4,47.9,No,2400,2400,0,5585,125
11:30:05.676,active,15271,794,12134,16789,0,95,62.8,47.2,No,2400,2400,0,5573,125
11:30:06.678,active,15268,844,12906,16789,0,95,63.4,46.1,No,2400,2400,0,5585,125
11:30:07.676,active,15299,766,11748,16789,0,95,62.8,46.0,No,2400,2400,0,5595,125
11:30:08.676,sleep,15281,604,9278,16790,0,95,62.2,34.2,No,2400,2400,0,5594,125
11:30:09.676,sleep,15292,760,8006,16792,10,95,59.5,0.0,No,2400,2400,0,5627,125
11:30:10.676,sleep,15294,576,8304,16792,11,95,59.0,0.0,No,2400,2400,0,5629,125
11:30:11.676,sleep,15292,476,7292,16792,14,95,57.9,-0.0,No,2400,2400,0,5627,125
11:30:12.676,sleep,15296,522,8006,16791,11,95,58.4,0.0,No,2400,2400,0,5622,125
11:30:13.676,sleep,15294,450,6906,16791,11,95,56.8,-0.0,No,2400,2400,0,5627,125
11:30:14.676,sleep,15288,372,5710,16793,15,95,56.8,0.0,No,1500,2400,0,5632,125
11:30:15.676,sleep,15288,406,6384,16793,15,95,55.6,-0.0,No,1500,2400,0,5636,125
11:30:16.676,sleep,15283,390,5980,16793,13,95,55.6,0.0,No,1500,2400,0,5635,125
11:30:17.676,sleep,15288,524,5884,16793,14,95,54.0,0.0,No,1500,2400,0,5640,125
11:30:18.676,sleep,15296,330,5054,16793,11,95,55.1,0.3,No,1500,2400,0,5638,125
11:30:19.676,sleep,15290,460,8700,16794,14,95,54.0,0.0,No,1500,2400,0,4712,75
11:30:20.676,sleep,15281,522,8006,16794,14,95,52.9,-0.0,No,1500,2400,0,3651,75
11:30:21.676,sleep,15294,514,5362,16793,14,95,53.5,0.0,No,1500,2400,0,3489,75
11:30:22.676,sleep,15292,572,8776,16794,16,95,54.0,0.0,No,1500,2400,0,3462,75
11:30:23.676,active,15292,814,10108,16793,11,95,57.3,23.9,No,2400,2400,0,3455,75
11:30:24.678,active,15324,444,6828,16788,-10,95,58.4,48.5,No,2400,2400,0,3415,75
11:30:25.676,active,15357,518,7080,16789,-7,95,59.0,47.1,No,2400,2400,0,3403,75
11:30:26.676,active,15303,502,7696,16789,-7,95,59.0,48.6,No,2400,2400,0,3399,75
11:30:27.682,active,15307,694,7576,16790,-3,95,59.0,47.4,No,2400,2400,0,3395,75
11:30:28.676,active,15350,522,8006,16790,0,95,59.5,48.0,No,2400,2400,0,3373,75
11:30:29.676,active,15238,682,11670,16790,0,95,60.0,48.0,No,2400,2400,0,3518,125
11:30:30.676,active,15275,666,10186,16790,0,95,61.1,48.5,No,2400,2400,0,5358,125
11:30:31.679,active,15232,784,11710,16791,0,95,61.1,48.2,No,2400,2400,0,5519,125
11:30:32.676,active,15271,744,11382,16790,0,95,60.6,47.6,No,2400,2400,0,5530,125
11:30:33.676,active,15268,764,12230,16790,-3,95,60.6,46.7,No,2400,2400,0,5521,125
11:30:34.677,active,15249,740,11324,16789,-7,95,61.1,46.0,No,2400,2400,0,5517,125
11:30:35.676,active,15277,904,13464,16790,-6,95,60.6,48.7,No,2400,2400,0,5526,125
11:30:36.676,active,15253,844,12924,16789,-6,95,61.1,47.6,No,2400,2400,0,5529,125
11:30:37.676,active,15271,806,10810,16789,-5,95,61.7,49.0,No,2400,2400,0,5525,125
11:30:38.676,active,15303,482,7388,16788,-5,95,62.2,49.4,No,2400,2400,0,5534,125
11:30:39.676,active,15305,486,7928,16788,-8,95,62.2,48.0,No,2400,2400,0,5543,125
11:30:40.676,active,15299,456,6982,16788,-8,95,62.2,48.0,No,2400,2400,0,5531,125
11:30:41.676,active,15301,464,7928,16788,-5,95,61.1,47.7,No,2400,2400,0,5521,125
11:30:42.676,active,15294,490,7522,16788,-5,95,60.0,48.8,No,2400,2400,0,5531,125
11:30:43.676,active,15296,440,9742,16788,-5,95,60.6,48.6,No,2400,2400,0,5544,125
11:30:44.676,active,15301,504,7716,16790,0,95,62.2,48.7,No,2400,2400,0,5536,125
11:30:45.676,active,15290,510,10822,16789,-6,95,62.8,48.8,No,2400,2400,0,5537,125
11:30:46.680,active,15294,520,7948,16789,-8,95,62.8,51.6,No,2400,2400,0,5548,125
11:30:47.677,active,15281,812,7870,16789,-10,95,61.1,47.4,No,2400,2400,0,5554,125
11:30:48.676,active,15348,518,7986,16788,-11,95,61.7,46.5,No,2400,2400,0,5556,125
11:30:49.676,active,15311,720,8506,16788,-10,95,61.7,48.5,No,2400,2400,0,5555,125
11:30:50.676,active,15337,556,8564,16788,-7,95,61.7,46.9,No,2400,2400,0,5543,125
11:30:51.676,active,15294,516,7716,16788,-7,95,62.8,47.9,No,2400,2400,0,5557,125
11:30:52.676,active,15288,472,7272,16789,-3,95,63.4,50.4,No,2400,2400,0,5551,125
11:30:53.676,active,15354,488,8016,16787,-11,95,62.2,49.6,No,2400,2400,0,5555,125
11:30:54.676,active,15333,542,8334,16788,-8,95,62.8,47.4,No,2400,2400,0,5562,125
11:30:55.676,active,15348,464,7156,16788,-6,95,62.2,46.8,No,2400,2400,0,5559,125
11:30:56.676,active,15253,508,7812,16788,-5,95,62.2,51.8,No,2400,2400,0,5563,125
11:30:57.676,active,15258,750,11150,16788,-5,95,63.4,50.8,No,2400,2400,0,5553,125
11:30:58.676,active,15256,708,10842,16788,-5,95,63.4,51.5,No,2400,2400,0,5563,125
11:30:59.676,active,15264,706,12982,16788,-6,95,63.4,52.3,No,2400,2400,0,5561,125
11:31:00.681,active,15271,808,12366,16787,-7,95,62.8,50.8,No,2400,2400,0,5577,125
11:31:01.676,active,15277,708,10842,16788,-6,95,62.8,51.0,No,2400,2400,0,5581,125
11:31:02.676,active,15253,704,10802,16788,-5,95,63.4,50.6,No,2400,2400,0,5577,125
11:31:03.676,active,15260,754,11554,16790,-7,95,62.2,49.6,No,2400,2400,0,5573,125
11:31:04.676,active,15292,832,12732,16789,-4,95,63.9,46.8,No,2400,2400,0,5584,125
11:31:05.677,active,15277,774,11844,16788,-6,95,63.4,48.8,No,2400,2400,0,5582,125
11:31:06.676,active,15348,562,8622,16788,-7,95,63.4,48.3,No,2400,2400,0,5575,125
11:31:07.676,active,15316,480,7600,16787,-10,95,63.4,47.3,No,2400,2400,0,5575,125
11:31:08.676,active,15307,516,7908,16788,-7,95,63.4,49.0,No,2400,2400,0,5578,125
11:31:09.676,active,15309,536,6924,16789,-4,95,62.2,46.8,No,2400,2400,0,5581,125
11:31:10.676,active,15316,496,7620,16787,-4,95,62.2,49.9,No,2400,2400,0,5575,125
11:31:11.676,active,15303,496,7620,16787,-8,95,62.8,49.7,No,2400,2400,0,5582,125
11:31:12.676,active,15305,472,7252,16788,-3,95,63.4,49.0,No,2400,2400,0,5578,125
11:31:13.676,active,15305,556,8526,16788,0,95,62.8,48.7,No,2400,2400,0,5575,125
11:31:14.676,active,15303,520,7966,16788,0,95,62.8,46.5,No,2400,2400,0,5577,125
11:31:15.679,active,15268,878,10918,16789,-3,95,62.8,46.9,No,2400,2400,0,5584,125
11:31:16.676,active,15277,424,6520,16790,0,95,63.9,46.0,No,2400,2400,0,5587,125
11:31:17.676,active,15281,868,7696,16790,0,95,62.8,46.6,No,2400,2400,0,5591,125
11:31:18.676,active,15277,726,11130,16788,-4,95,63.9,46.9,No,2400,2400,0,5590,125
11:31:19.677,active,15305,670,7210,16789,0,95,63.9,47.2,No,2400,2400,0,5578,125
11:31:20.679,active,15299,864,13214,16789,0,95,63.9,48.2,No,2400,2400,0,5576,125
11:31:21.676,active,15279,884,13542,16790,0,95,63.4,52.1,No,2400,2400,0,5584,125
11:31:22.679,active,15337,520,7986,16790,0,95,62.8,47.4,No,2400,2400,0,5581,125
11:31:23.676,sleep,15292,532,8160,16789,0,95,61.1,38.6,No,2400,2400,0,5581,125
11:31:24.676,sleep,15286,516,7890,16791,11,95,59.5,0.0,No,2400,2400,0,5620,125
11:31:25.676,sleep,15292,462,6596,16793,16,95,59.0,0.0,No,2400,2400,0,5631,125
11:31:26.676,sleep,15294,460,7040,16791,11,95,58.4,0.0,No,2400,2400,0,5626,125
11:31:27.676,sleep,15283,504,8484,16791,10,95,58.4,-0.0,No,2400,2400,0,5642,125
11:31:28.676,sleep,15305,394,6038,16791,10,95,57.9,0.0,No,1500,2400,0,5632,125
11:31:29.676,sleep,15286,518,7948,16792,16,95,56.2,0.0,No,1500,2400,0,5635,125
11:31:30.676,sleep,15290,378,5786,16791,14,95,55.6,0.0,No,1500,2400,0,5639,125
11:31:31.676,sleep,15290,430,6596,16792,12,95,55.6,-0.0,No,1500,2400,0,5641,125
11:31:32.676,sleep,15286,380,7542,16793,14,95,55.1,0.0,No,1500,2400,0,5650,125
11:31:33.676,sleep,15292,384,4860,16792,14,95,55.1,0.0,No,1500,2400,0,5657,125
11:31:34.676,sleep,15296,456,7002,16792,12,95,54.5,-0.0,No,1500,2400,0,4254,75
11:31:35.676,sleep,15290,466,7138,16792,13,95,54.5,0.0,No,1500,2400,0,3583,75
11:31:36.676,sleep,15288,446,6828,16792,13,95,54.5,-0.0,No,1500,2400,0,3462,75
11:31:37.676,sleep,15288,476,7292,16792,12,95,54.0,0.0,No,1500,2400,0,3437,75
11:31:38.676,active,15290,548,10744,16792,6,95,57.3,20.1,No,2400,2400,0,3445,75
11:31:39.676,active,15301,498,7658,16790,-7,95,57.3,48.1,No,2400,2400,0,3414,75
11:31:40.676,active,15307,420,8372,16789,-6,95,59.0,47.9,No,2400,2400,0,3392,75
11:31:41.676,active,15292,446,6848,16788,-7,95,60.0,46.5,No,2400,2400,0,3393,75
11:31:42.676,active,15277,470,8738,16788,-4,95,60.0,47.6,No,2400,2400,0,3397,75
11:31:43.677,active,15283,790,12096,16788,-7,95,59.5,47.5,No,2400,2400,0,4470,125
11:31:44.676,active,15288,460,7098,16789,-5,95,60.0,47.5,No,2400,2400,0,5468,125
11:31:45.676,active,15348,490,7542,16788,-6,95,60.6,48.6,No,2400,2400,0,5547,125
11:31:46.676,active,15305,498,7678,16790,0,95,61.7,49.0,No,2400,2400,0,5537,125
11:31:47.676,active,15348,504,7754,16788,0,95,61.1,48.6,No,2400,2400,0,5539,125
11:31:48.676,active,15301,538,8276,16789,0,95,60.6,48.6,No,2400,2400,0,5539,125
11:31:49.676,active,15331,590,9066,16790,-4,95,61.1,47.8,No,2400,2400,0,5533,125
11:31:50.677,active,15335,464,7138,16789,-3,95,61.1,48.6,No,2400,2400,0,5537,125
11:31:51.676,active,15329,552,8488,16789,0,95,60.6,48.9,No,2400,2400,0,5527,125
11:31:52.676,active,15275,810,12384,16788,0,95,62.8,48.6,No,2400,2400,0,5518,125
11:31:53.676,active,15253,892,12614,16790,0,95,61.7,49.2,No,2400,2400,0,5546,125
11:31:54.676,active,15251,876,13406,16790,-3,95,61.7,48.3,No,2400,2400,0,5549,125
11:31:55.676,active,15253,722,12570,16789,-4,95,61.7,48.5,No,2400,2400,0,5546,125
11:31:56.676,active,15258,798,12230,16789,0,95,61.7,50.1,No,2400,2400,0,5545,125
11:31:57.676,active,15268,856,13118,16788,-4,95,62.2,46.3,No,2400,2400,0,5550,125
11:31:58.676,active,15275,712,10898,16788,-3,95,62.8,49.4,No,2400,2400,0,5547,125
11:31:59.676,active,15271,812,12442,16788,-4,95,61.7,49.7,No,2400,2400,0,5554,125
11:32:00.676,active,15275,882,13522,16789,-5,95,62.2,49.1,No,2400,2400,0,5555,125
11:32:01.681,active,15303,508,8604,16789,-4,95,63.9,49.7,No,2400,2400,0,5560,125
11:32:02.680,active,15307,432,6616,16789,0,95,62.8,47.0,No,2400,2400,0,5560,125
11:32:03.676,active,15303,504,10108,16789,0,95,61.7,48.1,No,2400,2400,0,5562,125
11:32:04.676,active,15307,490,7522,16788,0,95,62.8,50.1,No,2400,2400,0,5556,125
11:32:05.676,active,15301,538,9240,16790,0,95,62.8,51.8,No,2400,2400,0,5551,125
11:32:06.676,active,15307,468,7176,16790,0,95,62.8,50.5,No,2400,2400,0,5555,125
11:32:07.676,active,15305,482,13276,16790,0,95,63.4,50.6,No,2400,2400,0,5565,125
11:32:08.676,active,15305,622,9530,16790,0,95,62.8,49.4,No,2400,2400,0,5559,125
11:32:09.676,active,15316,512,7870,16790,0,95,63.4,51.6,No,2400,2400,0,5554,125
11:32:10.677,active,15281,682,10436,16790,0,95,62.8,51.6,No,2400,2400,0,5563,125
11:32:11.676,active,15281,816,13156,16789,0,95,63.4,53.6,No,2400,2400,0,5567,125
11:32:12.676,active,15283,740,11342,16789,0,95,62.8,51.8,No,2400,2400,0,5581,125
11:32:13.676,active,15311,672,7446,16789,0,95,63.4,46.4,No,2400,2400,0,5587,125
11:32:14.676,active,15275,670,10282,16789,0,95,64.5,48.6,No,2400,2400,0,5590,125
11:32:15.680,active,15303,694,8468,16788,0,95,63.4,48.2,No,2400,2400,0,5567,125
11:32:16.676,active,15316,496,7638,16789,0,95,62.8,48.3,No,2400,2400,0,5572,125
11:32:17.680,active,15311,708,7788,16790,0,95,64.5,47.9,No,2400,2400,0,5571,125
11:32:18.676,active,15309,492,7562,16790,3,95,62.2,48.4,No,2400,2400,0,5568,125
11:32:19.676,active,15256,710,10898,16788,0,95,62.8,48.3,No,2400,2400,0,5576,125
11:32:20.676,active,15277,864,13214,16790,0,95,63.9,49.5,No,2400,2400,0,5582,125
11:32:21.676,active,15266,776,12346,16789,0,95,63.4,49.6,No,2400,2400,0,5582,125
11:32:22.676,active,15266,688,10532,16789,0,95,63.4,49.4,No,2400,2400,0,5581,125
11:32:23.676,active,15264,574,13234,16789,0,95,62.8,46.4,No,2400,2400,0,5579,125
11:32:24.676,active,15266,790,12096,16790,0,95,62.2,46.3,No,2400,2400,0,5586,125
11:32:25.676,active,15266,836,14070,16790,0,95,62.2,46.9,No,2400,2400,0,5582,125
11:32:26.676,active,15286,826,12636,16790,0,95,62.8,47.8,No,2400,2400,0,5581,125
11:32:27.676,active,15273,848,13002,16790,0,95,62.2,46.5,No,2400,2400,0,5585,125
11:32:28.676,active,15303,472,7252,16789,0,95,63.4,45.9,No,2400,2400,0,5578,125
11:32:29.676,active,15333,526,7928,16788,0,95,63.4,47.4,No,2400,2400,0,5582,125
11:32:30.684,active,15348,482,7408,16789,0,95,62.8,50.3,No,2400,2400,0,5597,125
11:32:31.679,active,15307,490,9086,16790,0,95,62.8,47.7,No,2400,2400,0,5591,125
11:32:32.676,active,15320,472,7234,16791,0,95,62.2,49.0,No,2400,2400,0,5580,125
11:32:33.676,active,15296,552,9236,16790,0,95,62.8,48.6,No,2400,2400,0,5574,125
11:32:34.676,active,15305,472,7252,16789,0,95,64.5,49.0,No,2400,2400,0,5583,125
11:32:35.676,active,15301,488,7484,16788,-3,95,63.9,49.4,No,2400,2400,0,5580,125
11:32:36.677,active,15301,674,10340,16789,0,95,64.5,48.5,No,2400,2400,0,5590,125
11:32:37.676,active,15288,870,7948,16789,0,95,62.8,47.3,No,2400,2400,0,5595,125
11:32:38.676,sleep,15288,594,9104,16790,3,95,61.1,42.2,No,2400,2400,0,5598,125
11:32:39.676,sleep,15290,514,7214,16791,9,95,59.5,0.0,No,2400,2400,0,5635,125
11:32:40.676,sleep,15290,570,8738,16791,8,95,59.0,0.0,No,2400,2400,0,5643,125
11:32:41.676,sleep,15283,450,7418,16789,4,95,58.4,0.0,No,2400,2400,0,5643,125
11:32:42.676,sleep,15288,460,7060,16791,5,95,58.4,-0.0,No,2400,2400,0,5609,125
11:32:43.676,sleep,15292,494,7562,16791,6,95,56.8,0.0,No,1500,2400,0,5628,125
11:32:44.676,sleep,15286,406,6230,16791,11,95,56.2,-0.0,No,1500,2400,0,5646,125
11:32:45.676,sleep,15288,412,6308,16791,12,95,56.2,0.0,No,1500,2400,0,5649,125
11:32:46.676,sleep,15294,506,7754,16791,13,95,55.6,0.0,No,1500,2400,0,5642,125
11:32:47.676,sleep,15288,492,7060,16791,9,95,55.1,0.0,No,1500,2400,0,5649,125
11:32:48.676,sleep,15290,480,7368,16792,9,95,55.1,0.0,No,1500,2400,0,5645,125
11:32:49.676,sleep,15286,366,7404,16792,8,95,55.1,0.0,No,1500,2400,0,5649,125
11:32:50.676,sleep,15288,374,5748,16793,12,95,55.1,0.0,No,1500,2400,0,5655,125
11:32:51.676,sleep,15283,316,4842,16793,14,95,54.0,-0.0,No,1500,2400,0,4002,75
11:32:52.676,sleep,15290,446,6828,16792,16,95,54.5,0.0,No,1500,2400,0,3536,75
11:32:53.676,active,15294,622,9548,16791,14,95,56.2,15.1,No,2400,2400,0,3471,75
11:32:54.676,active,15264,806,12346,16790,-3,95,57.9,49.8,No,2400,2400,0,3427,75
11:32:55.676,active,15279,784,11998,16790,0,95,58.4,48.0,No,2400,2400,0,3414,75
11:32:56.676,active,15309,536,8218,16789,0,95,59.5,48.4,No,2400,2400,0,3414,75
11:32:57.676,active,15294,498,6752,16789,0,95,59.5,48.1,No,2400,2400,0,3416,75
11:32:58.676,active,15301,470,7214,16789,-4,95,59.5,48.4,No,2400,2400,0,3397,75
11:32:59.676,active,15301,472,8258,16789,0,95,59.5,48.2,No,2400,2400,0,3394,75
11:33:00.676,active,15305,520,7986,16790,0,95,60.0,48.8,No,2400,2400,0,4905,125
11:33:01.676,active,15296,508,7812,16790,0,95,60.0,48.8,No,2400,2400,0,5500,125
11:33:02.676,active,15294,514,7850,16788,-5,95,61.1,48.8,No,2400,2400,0,5544,125
11:33:03.676,active,15299,422,6482,16789,-3,95,61.1,48.7,No,2400,2400,0,5541,125
11:33:04.676,active,15294,824,12596,16789,0,95,61.1,48.0,No,2400,2400,0,5522,125
11:33:05.681,active,15279,812,9356,16788,-6,95,61.1,52.8,No,2400,2400,0,5541,125
11:33:06.676,active,15307,504,7754,16788,-6,95,60.0,45.1,No,2400,2400,0,5533,125
11:33:07.676,active,15305,606,6866,16788,-4,95,61.1,47.2,No,2400,2400,0,5539,125
11:33:08.677,active,15286,802,12288,16788,-5,95,62.8,49.0,No,2400,2400,0,5543,125
11:33:09.676,active,15281,688,13638,16788,-5,95,62.2,49.1,No,2400,2400,0,5562,125
11:33:10.676,active,15318,530,8160,16788,-4,95,62.8,47.1,No,2400,2400,0,5550,125
11:33:11.681,active,15341,508,7060,16789,-5,95,62.2,46.3,No,2400,2400,0,5548,125
11:33:12.680,active,15348,506,7774,16789,-6,95,62.2,51.1,No,2400,2400,0,5536,125
11:33:13.676,active,15279,834,8162,16789,0,95,61.1,49.0,No,2400,2400,0,5539,125
11:33:14.676,active,15260,758,11594,16787,-8,95,62.2,50.0,No,2400,2400,0,5542,125
11:33:15.676,active,15296,660,11824,16788,-5,95,62.8,50.5,No,2400,2400,0,5548,125
11:33:16.677,active,15277,764,11690,16790,0,95,63.4,52.8,No,2400,2400,0,5546,125
11:33:17.676,active,15253,790,11498,16790,0,95,63.9,48.5,No,2400,2400,0,5551,125
11:33:18.683,active,15264,904,13832,16789,-4,95,62.2,51.5,No,2400,2400,0,5554,125
11:33:19.677,active,15279,830,12308,16789,-8,95,62.2,51.3,No,2400,2400,0,5559,125
11:33:20.676,active,15288,864,13214,16786,-11,95,62.2,51.5,No,2400,2400,0,5561,125
11:33:21.676,active,15281,724,10648,16786,-11,95,62.8,51.5,No,2400,2400,0,5563,125
11:33:22.676,active,15277,846,12944,16787,-7,95,62.8,48.3,No,2400,2400,0,5569,125
11:33:23.676,active,15303,258,7812,16787,-7,95,62.8,47.4,No,2400,2400,0,5563,125
11:33:24.676,active,15311,460,7080,16788,-3,95,62.8,48.1,No,2400,2400,0,5568,125
11:33:25.676,active,15311,410,8044,16787,-9,95,63.4,46.9,No,2400,2400,0,5556,125
11:33:26.680,active,15305,454,6964,16787,-4,95,60.6,48.0,No,2400,2400,0,5568,125
11:33:27.676,active,15309,478,9568,16788,-6,95,62.2,47.2,No,2400,2400,0,5550,125
11:33:28.676,active,15294,564,8662,16789,0,95,63.4,49.2,No,2400,2400,0,5564,125
11:33:29.676,active,15305,532,10012,16790,0,95,63.9,49.6,No,2400,2400,0,5575,125
11:33:30.676,active,15303,610,9336,16789,0,95,62.8,48.2,No,2400,2400,0,5568,125
11:33:31.676,active,15305,648,9260,16790,0,95,63.4,48.0,No,2400,2400,0,5573,125
11:33:32.676,active,15279,730,11188,16788,0,95,63.4,46.8,No,2400,2400,0,5576,125
11:33:33.676,active,15275,622,10898,16790,0,95,62.2,46.2,No,2400,2400,0,5590,125
11:33:34.676,active,15322,460,7080,16790,0,95,62.2,45.7,No,2400,2400,0,5572,125
11:33:35.676,active,15279,948,8160,16790,0,95,62.2,46.8,No,2400,2400,0,5566,125
11:33:36.676,active,15326,490,7522,16789,0,95,63.4,46.4,No,2400,2400,0,5576,125
11:33:37.676,active,15354,542,7850,16789,0,95,63.4,46.2,No,2400,2400,0,5587,125
11:33:38.679,active,15352,534,8218,16788,0,95,62.2,46.3,No,2400,2400,0,5576,125
11:33:39.676,active,15354,566,7966,16788,-3,95,62.8,48.6,No,2400,2400,0,5579,125
11:33:40.676,active,15326,508,7812,16789,-3,95,62.8,51.3,No,2400,2400,0,5580,125
11:33:41.676,active,15262,866,13272,16790,0,95,62.2,49.2,No,2400,2400,0,5576,125
11:33:42.676,active,15283,744,11420,16789,0,95,62.8,49.4,No,2400,2400,0,5579,125
11:33:43.676,active,15279,818,12500,16790,0,95,63.9,49.2,No,2400,2400,0,5589,125
11:33:44.680,active,15264,794,12152,16789,0,95,63.9,49.5,No,2400,2400,0,5586,125
11:33:45.680,active,15262,912,12866,16790,0,95,63.4,48.5,No,2400,2400,0,5582,125
11:33:46.676,active,15266,864,13214,16789,0,95,62.8,47.2,No,2400,2400,0,5594,125
11:33:47.676,active,15266,996,13272,16790,0,95,62.8,48.9,No,2400,2400,0,5590,125
11:33:48.676,active,15266,890,13620,16789,0,95,62.8,49.8,No,2400,2400,0,5584,125
11:33:49.676,active,15268,828,13580,16788,0,95,62.8,48.5,No,2400,2400,0,5582,125
11:33:50.676,active,15307,518,8734,16789,0,95,63.9,49.0,No,2400,2400,0,5579,125
11:33:51.680,active,15311,520,7966,16789,3,95,63.4,48.4,No,2400,2400,0,5576,125
11:33:52.676,active,15296,490,7504,16789,4,95,63.4,48.2,No,2400,2400,0,5581,125
11:33:53.676,sleep,15311,522,8024,16790,5,95,61.1,45.3,No,2400,2400,0,5587,125
11:33:54.676,sleep,15299,482,7388,16791,12,95,60.0,-0.0,No,2400,2400,0,5619,125
11:33:55.676,sleep,15288,472,7252,16791,13,95,59.0,0.0,No,2400,2400,0,5634,125
11:33:56.676,sleep,15301,458,7040,16792,14,95,58.4,-0.0,No,2400,2400,0,5631,125
11:33:57.676,sleep,15299,508,7080,16793,18,95,57.9,0.0,No,2400,2400,0,5627,125
11:33:58.676,sleep,15292,484,7408,16792,16,95,57.9,0.0,No,2400,2400,0,5623,125
11:33:59.676,sleep,15281,452,6694,16794,15,95,56.8,0.0,No,1500,2400,0,5631,125
11:34:00.676,sleep,15288,526,8064,16793,15,95,57.3,0.2,No,1500,2400,0,5642,125
11:34:01.676,sleep,15299,442,6770,16791,10,95,56.2,0.3,No,1500,2400,0,5641,125
11:34:02.676,sleep,15290,448,6886,16793,15,95,55.1,-0.0,No,1500,2400,0,5638,125
11:34:03.676,sleep,15290,416,6366,16792,12,95,55.6,-0.0,No,1500,2400,0,5647,125
11:34:04.676,sleep,15294,578,8874,16793,10,95,55.1,0.0,No,1500,2400,0,5496,75
11:34:05.676,sleep,15292,532,8642,16794,19,95,54.5,-0.0,No,1500,2400,0,3776,75
11:34:06.676,sleep,15290,502,7696,16794,20,95,54.5,0.0,No,1500,2400,0,3506,75
11:34:07.676,sleep,15290,336,7118,16793,19,95,54.0,0.0,No,1500,2400,0,3466,75
11:34:08.681,active,15288,546,8392,16793,19,95,54.5,9.0,No,1500,2400,0,3446,75
11:34:09.676,active,15260,778,11922,16791,3,95,57.3,53.7,No,2400,2400,0,3416,75
11:34:10.676,active,15268,782,11980,16791,0,95,58.4,48.9,No,2400,2400,0,3405,75
11:34:11.676,active,15260,814,12462,16790,-5,95,59.5,48.4,No,2400,2400,0,3400,75
11:34:12.676,active,15279,814,12462,16790,0,95,59.5,48.7,No,2400,2400,0,3397,75
11:34:13.676,active,15268,844,12924,16789,-4,95,60.0,48.3,No,2400,2400,0,3376,75
11:34:14.680,active,15277,920,14082,16788,-4,95,59.5,49.4,No,2400,2400,0,5226,125
11:34:15.676,active,15268,834,12616,16788,-7,95,60.0,50.1,No,2400,2400,0,5514,125
11:34:16.676,active,15283,854,13078,16790,-7,95,60.6,47.6,No,2400,2400,0,5550,125
11:34:17.676,active,15271,824,13156,16789,-9,95,61.7,48.0,No,2400,2400,0,5539,125
11:34:18.676,active,15307,452,6944,16789,-7,95,62.8,48.0,No,2400,2400,0,5545,125
11:34:19.676,active,15301,378,5806,16788,-8,95,61.1,46.3,No,2400,2400,0,5542,125
11:34:20.676,active,15296,474,7272,16789,-3,95,60.6,47.2,No,2400,2400,0,5531,125
11:34:21.677,active,15303,650,9972,16788,-5,95,61.1,47.2,No,2400,2400,0,5536,125
11:34:22.676,active,15294,496,7620,16789,-6,95,61.1,47.5,No,2400,2400,0,5530,125
11:34:23.676,active,15301,608,9298,16788,-7,95,61.7,52.2,No,2400,2400,0,5531,125
11:34:24.678,active,15299,668,10244,16788,-3,95,62.2,54.2,No,2400,2400,0,5542,125
11:34:25.676,active,15301,732,11188,16788,-5,95,63.4,51.3,No,2400,2400,0,5542,125
11:34:26.677,active,15279,666,10186,16788,-4,95,62.8,50.0,No,2400,2400,0,5542,125
11:34:27.681,active,15307,456,7002,16788,-6,95,62.8,52.8,No,2400,2400,0,5541,125
11:34:28.680,active,15305,694,7522,16788,-7,95,62.2,51.9,No,2400,2400,0,5553,125
11:34:29.676,active,15309,492,7542,16788,-10,95,62.2,52.2,No,2400,2400,0,5542,125
11:34:30.676,active,15281,896,7060,16788,-7,95,61.7,50.3,No,2400,2400,0,5550,125
11:34:31.676,active,15339,510,7832,16788,-5,95,62.2,50.4,No,2400,2400,0,5549,125
11:34:32.676,active,15322,488,8016,16789,-5,95,63.4,47.6,No,2400,2400,0,5553,125
11:34:33.676,active,15309,538,8276,16790,-3,95,62.8,48.3,No,2400,2400,0,5568,125
11:34:34.676,active,15346,524,7808,16790,-6,95,61.7,48.5,No,2400,2400,0,5569,125
11:34:35.676,active,15339,528,8102,16789,0,95,62.2,48.2,No,2400,2400,0,5577,125
11:34:36.676,active,15253,808,12654,16789,-5,95,62.2,48.2,No,2400,2400,0,5546,125
11:34:37.676,active,15260,848,12964,16788,-8,95,63.4,50.1,No,2400,2400,0,5554,125
11:34:38.676,active,15281,844,12038,16788,-4,95,63.4,48.3,No,2400,2400,0,5565,125
11:34:39.676,active,15271,870,13330,16789,-4,95,62.8,48.9,No,2400,2400,0,5573,125
11:34:40.677,active,15273,718,14448,16788,0,95,63.4,49.0,No,2400,2400,0,5572,125
11:34:41.676,active,15286,828,12674,16788,0,95,62.8,48.3,No,2400,2400,0,5566,125
11:34:42.678,active,15260,844,12906,16789,0,95,61.7,46.1,No,2400,2400,0,5563,125
11:34:43.676,active,15268,890,13638,16787,-4,95,62.2,46.5,No,2400,2400,0,5569,125
11:34:44.676,active,15277,826,10370,16788,-5,95,62.8,46.5,No,2400,2400,0,5576,125
11:34:45.676,active,15301,424,6520,16787,-5,95,63.4,46.7,No,2400,2400,0,5582,125
11:34:46.676,active,15303,516,9278,16788,0,95,63.4,45.6,No,2400,2400,0,5589,125
11:34:47.681,active,15264,634,9702,16789,0,95,63.4,46.3,No,2400,2400,0,5569,125
11:34:48.676,active,15296,520,12346,16790,0,95,62.8,45.0,No,2400,2400,0,5591,125
11:34:49.678,active,15275,604,9260,16789,-3,95,61.1,50.5,No,2400,2400,0,5567,125
11:34:50.676,active,15307,514,12018,16789,-4,95,62.8,48.7,No,2400,2400,0,5576,125
11:34:51.676,active,15260,742,11342,16789,0,95,63.4,49.7,No,2400,2400,0,5574,125
11:34:52.676,active,15251,674,10262,16789,0,95,64.5,49.2,No,2400,2400,0,5589,125
11:34:53.679,active,15251,774,11824,16789,0,95,63.4,48.7,No,2400,2400,0,5586,125
11:34:54.676,active,15354,488,7484,16790,0,95,63.4,48.1,No,2400,2400,0,5571,125
11:34:55.677,active,15354,514,7908,16789,0,95,62.8,47.4,No,2400,2400,0,5577,125
11:34:56.676,active,15305,328,7368,16788,0,95,62.2,48.4,No,2400,2400,0,5581,125
11:34:57.676,active,15331,522,8024,16788,0,95,62.8,49.1,No,2400,2400,0,5590,125
11:34:58.676,active,15348,538,7080,16788,0,95,62.2,47.9,No,2400,2400,0,5589,125
11:34:59.677,active,15331,476,7330,16791,4,95,63.9,49.0,No,2400,2400,0,5585,125
11:35:00.680,active,15320,464,8680,16789,0,95,63.9,48.5,No,2400,2400,0,5588,125
11:35:01.676,active,15305,544,8352,16790,0,95,61.7,47.5,No,2400,2400,0,5602,125
11:35:02.680,active,15314,428,9182,16789,3,95,62.8,48.3,No,2400,2400,0,5598,125
11:35:03.676,active,15266,734,11226,16788,0,95,62.8,48.2,No,2400,2400,0,5585,125
11:35:04.676,active,15277,804,11844,16789,0,95,63.4,48.8,No,2400,2400,0,5577,125
11:35:05.676,active,15275,826,12654,16789,0,95,63.4,48.0,No,2400,2400,0,5577,125
11:35:06.676,active,15271,864,14700,16790,0,95,63.9,48.1,No,2400,2400,0,5587,125
11:35:07.676,active,15273,764,11710,16789,4,95,63.4,47.9,No,2400,2400,0,5585,125
11:35:08.676,sleep,15281,942,10822,16789,0,95,61.7,45.8,No,2400,2400,0,5582,125
11:35:09.676,sleep,15286,520,7966,16791,12,95,60.0,0.0,No,2400,2400,0,5617,125
11:35:10.676,sleep,15294,558,7138,16791,10,95,59.0,-0.0,No,2400,2400,0,5627,125
11:35:11.676,sleep,15294,440,6752,16791,8,95,59.0,0.0,No,2400,2400,0,5628,125
11:35:12.676,sleep,15294,420,6424,16792,10,95,58.4,0.2,No,2400,2400,0,5627,125
11:35:13.676,sleep,15294,426,6538,16791,13,95,57.9,0.0,No,2400,2400,0,5623,125
11:35:14.676,sleep,15288,258,4784,16792,15,95,56.2,-0.0,No,1500,2400,0,5627,125
11:35:15.676,sleep,15294,456,6982,16792,16,95,56.8,0.0,No,1500,2400,0,5627,125
11:35:16.676,sleep,15290,522,5342,16793,16,95,56.2,0.0,No,1500,2400,0,5633,125
11:35:17.676,sleep,15292,530,8120,16793,13,95,55.1,0.0,No,1500,2400,0,4626,75
11:35:18.676,sleep,15296,576,7292,16793,17,95,54.5,-0.0,No,1500,2400,0,3628,75
11:35:19.676,sleep,15288,228,3490,16792,17,95,55.1,0.3,No,1500,2400,0,3477,75
11:35:20.676,sleep,15290,608,5574,16792,15,95,55.1,0.0,No,1500,2400,0,3451,75
11:35:21.676,sleep,15292,366,5612,16793,16,95,55.6,-0.0,No,1500,2400,0,3445,75
11:35:22.676,sleep,15290,376,5748,16792,15,95,54.0,0.0,No,1500,2400,0,3431,75
11:35:23.676,active,15292,526,8044,16792,16,95,55.1,3.5,No,1500,2400,0,3425,75
11:35:24.676,active,15322,424,7156,16790,0,95,56.8,57.9,No,2400,2400,0,3404,75
11:35:25.676,active,15311,484,7426,16789,0,95,57.9,47.9,No,2400,2400,0,3394,75
11:35:26.676,active,15320,486,8024,16789,0,95,59.5,47.9,No,2400,2400,0,3382,75
11:35:27.676,active,15307,560,8604,16790,0,95,59.5,51.0,No,2400,2400,0,3605,125
11:35:28.677,active,15283,674,7600,16790,0,95,60.6,48.5,No,2400,2400,0,5368,125
11:35:29.677,active,15303,504,7736,16790,0,95,60.0,49.0,No,2400,2400,0,5515,125
11:35:30.679,active,15311,436,7446,16790,0,95,60.6,48.0,No,2400,2400,0,5524,125
11:35:31.676,active,15273,838,12828,16790,0,95,60.6,48.7,No,2400,2400,0,5529,125
11:35:32.676,active,15281,752,11536,16789,0,95,61.7,49.5,No,2400,2400,0,5522,125
11:35:33.676,active,15277,744,11420,16790,0,95,62.2,51.9,No,2400,2400,0,5525,125
11:35:34.676,active,15281,684,10474,16789,-5,95,62.8,53.0,No,2400,2400,0,5526,125
11:35:35.676,active,15279,708,10842,16789,0,95,62.2,50.6,No,2400,2400,0,5524,125
11:35:36.677,active,15286,776,11902,16789,0,95,61.7,50.8,No,2400,2400,0,5517,125
11:35:37.679,active,15266,818,12520,16790,-4,95,62.2,52.0,No,2400,2400,0,5530,125
11:35:38.676,active,15277,682,10456,16790,-3,95,62.2,50.3,No,2400,2400,0,5528,125
11:35:39.676,active,15281,860,13176,16789,-3,95,62.2,47.4,No,2400,2400,0,5528,125
11:35:40.676,active,15299,666,10224,16789,0,95,63.4,50.3,No,2400,2400,0,5524,125
11:35:41.676,active,15294,498,10456,16788,-6,95,62.8,49.6,No,2400,2400,0,5523,125
11:35:42.676,active,15301,696,10668,16790,0,95,61.7,46.9,No,2400,2400,0,5534,125
11:35:43.676,active,15258,580,10610,16790,0,95,62.2,47.6,No,2400,2400,0,5526,125
11:35:44.676,active,15301,686,10494,16790,0,95,61.1,47.4,No,2400,2400,0,5542,125
11:35:45.676,active,15266,692,9104,16790,0,95,61.7,47.7,No,2400,2400,0,5546,125
11:35:46.676,active,15277,676,10340,16790,0,95,62.2,49.6,No,2400,2400,0,5540,125
11:35:47.676,active,15245,788,11362,16790,0,95,63.4,49.1,No,2400,2400,0,5542,125
11:35:48.676,active,15245,666,10224,16789,0,95,63.4,49.7,No,2400,2400,0,5546,125
11:35:49.679,active,15305,716,7484,16789,0,95,62.2,48.4,No,2400,2400,0,5544,125
11:35:50.676,active,15326,486,7484,16790,0,95,62.8,48.8,No,2400,2400,0,5563,125
11:35:51.676,active,15344,480,7716,16790,0,95,61.7,46.4,No,2400,2400,0,5559,125
11:35:52.676,active,15303,520,7966,16789,0,95,62.2,46.5,No,2400,2400,0,5563,125
11:35:53.676,active,15350,490,8140,16790,-3,95,62.8,47.3,No,2400,2400,0,5563,125
11:35:54.676,active,15314,514,7890,16790,0,95,62.8,47.0,No,2400,2400,0,5564,125
11:35:55.676,active,15322,498,8584,16790,0,95,63.9,46.3,No,2400,2400,0,5571,125
11:35:56.676,active,15311,482,7388,16789,0,95,63.4,45.1,No,2400,2400,0,5574,125
11:35:57.676,active,15307,464,7292,16789,0,95,62.2,46.1,No,2400,2400,0,5559,125
11:35:58.676,active,15271,798,12230,16789,0,95,63.4,48.3,No,2400,2400,0,5565,125
11:35:59.676,active,15260,858,13136,16790,-3,95,63.9,53.3,No,2400,2400,0,5562,125
11:36:00.676,active,15281,856,13118,16790,0,95,63.4,49.9,No,2400,2400,0,5560,125
11:36:01.676,active,15273,860,12134,16790,0,95,63.4,48.0,No,2400,2400,0,5566,125
11:36:02.681,active,15271,864,13214,16790,0,95,63.4,48.9,No,2400,2400,0,5562,125
11:36:03.679,active,15279,912,10224,16789,0,95,62.8,49.0,No,2400,2400,0,5565,125
11:36:04.680,active,15281,810,12404,16789,0,95,62.2,49.0,No,2400,2400,0,5560,125
11:36:05.676,active,15281,890,12096,16789,-3,95,62.8,48.0,No,2400,2400,0,5578,125
11:36:06.676,active,15281,868,13292,16790,0,95,63.4,49.2,No,2400,2400,0,5574,125
11:36:07.676,active,15296,858,13118,16789,0,95,63.4,48.5,No,2400,2400,0,5574,125
11:36:08.676,active,15256,856,13078,16790,0,95,63.4,48.6,No,2400,2400,0,5576,125
11:36:09.676,active,15303,852,13022,16789,0,95,63.4,48.7,No,2400,2400,0,5574,125
11:36:10.682,active,15251,688,10514,16789,0,95,62.8,47.6,No,2400,2400,0,5585,125
11:36:11.676,active,15262,808,12366,16790,0,95,62.2,47.7,No,2400,2400,0,5582,125
11:36:12.676,active,15251,718,10976,16790,0,95,62.2,48.1,No,2400,2400,0,5576,125
11:36:13.676,active,15236,982,12384,16790,0,95,62.8,49.3,No,2400,2400,0,5573,125
11:36:14.676,active,15266,852,13040,16788,0,95,63.4,47.5,No,2400,2400,0,5600,125
11:36:15.676,active,15262,830,11960,16790,0,95,63.9,48.7,No,2400,2400,0,5578,125
11:36:16.676,active,15309,514,7870,16789,-3,95,63.4,46.0,No,2400,2400,0,5581,125
11:36:17.676,active,15331,542,8314,16789,0,95,63.9,47.1,No,2400,2400,0,5590,125
11:36:18.675,active,15307,502,7716,16789,0,95,62.2,46.2,No,2400,2400,0,5579,125
11:36:19.676,active,15331,508,7812,16790,3,95,62.2,47.9,No,2400,2400,0,5579,125
11:36:20.676,active,15307,502,7716,16788,-6,95,62.8,47.8,No,2400,2400,0,5592,125
11:36:21.676,active,15322,752,8102,16789,0,95,63.4,47.5,No,2400,2400,0,5604,125
11:36:22.676,active,15301,504,7716,16789,0,95,63.9,46.7,No,2400,2400,0,5577,125
11:36:23.676,active,15305,486,6500,16790,0,95,63.4,47.5,No,2400,2400,0,5613,125
11:36:24.676,sleep,15296,516,7928,16791,8,95,59.5,1.3,No,2400,2400,0,5620,125
11:36:25.676,sleep,15286,502,7678,16792,11,95,59.0,0.0,No,2400,2400,0,5605,125
11:36:26.676,sleep,15288,428,6578,16791,10,95,57.9,-0.0,No,2400,2400,0,5610,125
11:36:27.676,sleep,15290,590,9046,16793,14,95,57.9,0.0,No,2400,2400,0,5630,125
11:36:28.676,sleep,15290,458,7022,16793,8,95,57.3,-0.0,No,2400,2400,0,5625,125
11:36:29.676,sleep,15292,560,8584,16793,11,95,56.8,0.0,No,1500,2400,0,5639,125
11:36:30.676,sleep,15296,404,6212,16792,10,95,56.2,-0.0,No,1500,2400,0,5639,125
11:36:31.676,sleep,15290,432,6616,16791,12,95,55.6,0.0,No,1500,2400,0,5641,125
11:36:32.676,sleep,15283,394,6056,16792,14,95,55.1,0.0,No,1500,2400,0,5644,125
11:36:33.676,sleep,15296,346,5304,16792,11,95,55.6,0.2,No,1500,2400,0,5650,125
11:36:34.676,sleep,15296,532,7330,16792,9,95,55.1,1.5,No,1500,2400,0,4269,75
11:36:35.676,sleep,15292,328,5014,16792,11,95,54.5,-0.0,No,1500,2400,0,3590,75
11:36:36.676,sleep,15294,284,4340,16792,14,95,54.0,0.0,No,1500,2400,0,3479,75
11:36:37.676,sleep,15292,550,8430,16791,11,95,54.0,-0.0,No,1500,2400,0,3456,75
11:36:38.676,sleep,15292,468,7156,16792,12,95,54.0,0.0,No,1500,2400,0,3444,75
11:36:39.679,active,15260,644,9858,16789,-7,95,58.4,56.2,No,2400,2400,0,3401,75
11:36:40.676,active,15253,750,11478,16788,-6,95,57.9,49.0,No,2400,2400,0,3391,75
11:36:41.676,active,15273,886,13098,16790,-4,95,59.0,45.8,No,2400,2400,0,3396,75
11:36:42.676,active,15271,702,10744,16790,0,95,59.5,49.5,No,2400,2400,0,3379,75
11:36:43.676,active,15357,438,6732,16789,0,95,60.0,51.3,No,2400,2400,0,4415,125
11:36:44.676,active,15305,612,9374,16790,0,95,60.6,48.4,No,2400,2400,0,5448,125
11:36:45.677,active,15329,476,7310,16791,-3,95,60.0,50.8,No,2400,2400,0,5535,125
11:36:46.679,active,15307,696,10686,16789,-9,95,60.6,51.7,No,2400,2400,0,5539,125
11:36:47.676,active,15281,498,7678,16789,-6,95,60.6,51.3,No,2400,2400,0,5535,125
11:36:48.676,active,15318,518,7948,16789,-4,95,61.7,52.9,No,2400,2400,0,5536,125
11:36:49.676,active,15348,758,8120,16789,0,95,61.7,52.1,No,2400,2400,0,5522,125
11:36:50.676,active,15299,504,7736,16789,0,95,62.2,49.6,No,2400,2400,0,5523,125
11:36:51.680,active,15309,514,8448,16790,0,95,62.2,44.5,No,2400,2400,0,5531,125
11:36:52.676,active,15266,514,7870,16790,0,95,61.1,47.3,No,2400,2400,0,5537,125
11:36:53.676,active,15264,860,13194,16789,0,95,61.7,47.8,No,2400,2400,0,5535,125
11:36:54.676,active,15281,804,12326,16789,0,95,62.2,48.1,No,2400,2400,0,5536,125
11:36:55.676,active,15268,828,12694,16789,0,95,62.8,49.0,No,2400,2400,0,5553,125
11:36:56.677,active,15275,906,13870,16790,0,95,63.4,49.5,No,2400,2400,0,5546,125
11:36:57.676,active,15273,890,13620,16790,0,95,62.2,48.4,No,2400,2400,0,5547,125
11:36:58.679,active,15279,926,14198,16790,0,95,62.2,49.4,No,2400,2400,0,5554,125
11:36:59.681,active,15283,684,10494,16791,3,95,61.7,49.6,No,2400,2400,0,5550,125
11:37:00.676,active,15288,708,10860,16788,0,95,62.2,48.3,No,2400,2400,0,5542,125
11:37:01.676,active,15286,662,8044,16789,0,95,62.8,47.4,No,2400,2400,0,5542,125
11:37:02.676,active,15260,782,8868,16789,0,95,63.4,46.6,No,2400,2400,0,5554,125
11:37:03.676,active,15316,654,9992,16789,0,95,63.4,47.4,No,2400,2400,0,5559,125
11:37:04.676,active,15249,626,9588,16789,-4,95,62.2,46.0,No,2400,2400,0,5558,125
11:37:05.676,active,15234,872,13350,16789,0,95,62.8,45.7,No,2400,2400,0,5558,125
11:37:06.677,active,15273,672,10282,16788,-4,95,62.8,46.0,No,2400,2400,0,5559,125
11:37:07.676,active,15249,836,12790,16788,-4,95,62.8,47.4,No,2400,2400,0,5567,125
11:37:08.676,active,15275,690,10552,16789,-3,95,63.4,53.7,No,2400,2400,0,5571,125
11:37:09.676,active,15253,912,11998,16788,-7,95,62.8,50.3,No,2400,2400,0,5579,125
11:37:10.679,active,15283,732,11208,16789,-4,95,62.8,49.0,No,2400,2400,0,5572,125
11:37:11.676,active,15352,526,8082,16790,-4,95,62.8,47.7,No,2400,2400,0,5578,125
11:37:12.679,active,15305,492,7050,16790,0,95,62.8,48.9,No,2400,2400,0,5569,125
11:37:13.676,active,15316,526,8082,16788,-6,95,62.8,48.9,No,2400,2400,0,5569,125
11:37:14.676,active,15314,538,8256,16787,-5,95,63.4,49.1,No,2400,2400,0,5575,125
11:37:15.676,active,15326,538,8236,16790,0,95,63.4,48.5,No,2400,2400,0,5569,125
11:37:16.676,active,15303,484,7426,16790,0,95,63.4,48.7,No,2400,2400,0,5576,125
11:37:17.679,active,15307,276,7426,16790,0,95,63.4,48.5,No,2400,2400,0,5572,125
11:37:18.676,active,15303,538,8236,16790,0,95,63.4,48.5,No,2400,2400,0,5572,125
11:37:19.679,active,15307,506,7562,16790,0,95,63.4,48.1,No,2400,2400,0,5587,125
11:37:20.676,active,15283,958,14680,16789,0,95,62.2,47.5,No,2400,2400,0,5588,125
11:37:21.676,active,15279,712,10938,16789,0,95,62.8,49.1,No,2400,2400,0,5581,125
11:37:22.676,active,15281,876,13406,16789,0,95,62.8,47.9,No,2400,2400,0,5584,125
11:37:23.676,active,15283,696,10686,16790,0,95,63.9,48.4,No,2400,2400,0,5577,125
11:37:24.678,active,15307,698,10706,16789,0,95,63.9,49.0,No,2400,2400,0,5581,125
11:37:25.680,active,15279,590,10802,16788,0,95,63.4,47.5,No,2400,2400,0,5580,125
11:37:26.677,active,15283,840,12848,16789,-4,95,62.2,46.4,No,2400,2400,0,5580,125
11:37:27.676,active,15305,662,8140,16789,0,95,62.2,47.6,No,2400,2400,0,5581,125
11:37:28.676,active,15354,478,7368,16791,4,95,62.8,48.2,No,2400,2400,0,5582,125
11:37:29.676,active,15264,846,12924,16791,3,95,63.4,48.4,No,2400,2400,0,5589,125
11:37:30.676,active,15249,828,12654,16791,3,95,63.4,48.2,No,2400,2400,0,5603,125
11:37:31.676,active,15273,738,11304,16791,4,95,63.9,48.0,No,2400,2400,0,5597,125
11:37:32.676,active,15230,836,12752,16789,4,95,63.9,46.4,No,2400,2400,0,5582,125
11:37:33.681,active,15232,884,13542,16790,0,95,63.4,47.7,No,2400,2400,0,5590,125
11:37:34.679,active,15256,794,12152,16791,3,95,62.2,48.2,No,2400,2400,0,5587,125
11:37:35.676,active,15245,808,12828,16791,4,95,62.8,48.8,No,2400,2400,0,5590,125
11:37:36.676,active,15266,826,12654,16791,6,95,62.8,48.7,No,2400,2400,0,5590,125
11:37:37.676,active,15258,828,13040,16789,3,95,63.4,49.2,No,2400,2400,0,5600,125
11:37:38.676,active,15314,496,7620,16789,0,95,63.9,48.7,No,2400,2400,0,5602,125
11:37:39.676,sleep,15294,526,8044,16791,10,95,60.0,3.8,No,2400,2400,0,5629,125
11:37:40.676,sleep,15292,518,7928,16791,10,95,59.5,0.0,No,2400,2400,0,5639,125
11:37:41.676,sleep,15292,458,7022,16791,8,95,58.4,0.0,No,2400,2400,0,5636,125
11:37:42.676,sleep,15294,460,7060,16791,5,95,58.4,0.5,No,2400,2400,0,5620,125
11:37:43.676,sleep,15294,476,7638,16790,6,95,57.3,0.5,No,2400,2400,0,5631,125
11:37:44.676,sleep,15290,476,7292,16791,10,95,56.8,0.5,No,1500,2400,0,5642,125
11:37:45.676,sleep,15294,422,7098,16792,12,95,55.6,0.0,No,1500,2400,0,5646,125
11:37:46.676,sleep,15292,368,5652,16792,10,95,56.2,-0.0,No,1500,2400,0,5648,125
11:37:47.676,sleep,15292,504,7716,16791,10,95,55.6,0.0,No,1500,2400,0,5639,125
11:37:48.676,sleep,15286,346,6328,16792,12,95,55.1,0.0,No,1500,2400,0,3939,75
11:37:49.676,sleep,15290,382,5864,16793,15,95,54.0,0.0,No,1500,2400,0,3527,75
11:37:50.676,sleep,15292,514,7890,16792,11,95,54.5,-0.0,No,1500,2400,0,3457,75
11:37:51.676,sleep,15283,372,5710,16792,12,95,54.0,-0.0,No,1500,2400,0,3448,75
11:37:52.676,sleep,15288,532,8160,16793,13,95,54.5,0.0,No,1500,2400,0,3446,75
11:37:53.676,sleep,15288,576,8816,16793,15,95,54.0,0.0,No,1500,2400,0,3437,75
11:37:54.676,active,15314,648,9934,16789,0,95,56.8,55.8,No,2400,2400,0,3401,75
11:37:55.676,active,15320,330,7562,16788,-6,95,58.4,50.0,No,2400,2400,0,3400,75
11:37:56.676,active,15268,494,7580,16790,-5,95,59.5,53.0,No,2400,2400,0,3375,75
11:37:57.676,active,15275,690,10572,16788,-6,95,59.5,51.5,No,2400,2400,0,4973,125
11:37:58.681,active,15266,720,11034,16788,-8,95,61.1,54.5,No,2400,2400,0,5510,125
11:37:59.676,active,15253,684,10474,16789,-5,95,59.5,50.9,No,2400,2400,0,5553,125
11:38:00.676,active,15264,766,11728,16788,-7,95,60.6,49.9,No,2400,2400,0,5548,125
11:38:01.680,active,15236,882,13504,16789,-3,95,60.6,46.8,No,2400,2400,0,5545,125
11:38:02.676,active,15294,848,13022,16789,-3,95,61.7,47.9,No,2400,2400,0,5543,125
11:38:03.676,active,15277,880,13484,16788,-7,95,61.1,48.2,No,2400,2400,0,5535,125
11:38:04.676,active,15279,742,11382,16788,-6,95,61.7,49.1,No,2400,2400,0,5523,125
11:38:05.676,active,15271,912,12654,16788,-7,95,62.2,48.6,No,2400,2400,0,5516,125
11:38:06.681,active,15320,510,7716,16789,-8,95,62.8,49.1,No,2400,2400,0,5545,125
11:38:07.676,active,15350,514,7870,16789,-4,95,61.7,49.0,No,2400,2400,0,5539,125
11:38:08.676,active,15316,474,7784,16789,0,95,62.2,48.6,No,2400,2400,0,5539,125
11:38:09.676,active,15322,538,8236,16787,-8,95,61.7,49.2,No,2400,2400,0,5545,125
11:38:10.676,active,15309,626,9606,16789,0,95,61.7,48.5,No,2400,2400,0,5536,125
11:38:11.676,active,15320,472,7252,16788,-3,95,62.8,46.7,No,2400,2400,0,5554,125
11:38:12.676,active,15307,530,8120,16789,0,95,62.8,46.2,No,2400,2400,0,5549,125
11:38:13.676,active,15303,648,9934,16790,0,95,62.2,46.6,No,2400,2400,0,5526,125
11:38:14.683,active,15305,490,7504,16790,0,95,62.8,46.9,No,2400,2400,0,5549,125
11:38:15.677,active,15275,940,14410,16790,0,95,62.2,45.7,No,2400,2400,0,5548,125
11:38:16.676,active,15281,788,11564,16788,0,95,62.2,46.8,No,2400,2400,0,5558,125
11:38:17.676,active,15286,710,10898,16789,-4,95,62.8,50.3,No,2400,2400,0,5563,125
11:38:18.676,active,15283,856,13118,16789,0,95,62.2,52.9,No,2400,2400,0,5563,125
11:38:19.679,active,15281,716,10996,16790,0,95,63.4,48.6,No,2400,2400,0,5563,125
11:38:20.676,active,15309,616,9472,16790,0,95,63.9,48.6,No,2400,2400,0,5560,125
11:38:21.684,active,15286,484,7466,16789,0,95,62.8,47.6,No,2400,2400,0,5565,125
11:38:22.676,active,15309,690,10590,16790,0,95,62.2,48.4,No,2400,2400,0,5562,125
11:38:23.676,active,15314,678,9202,16790,0,95,62.8,49.4,No,2400,2400,0,5558,125
11:38:24.676,active,15253,696,10648,16790,0,95,62.8,48.4,No,2400,2400,0,5565,125
11:38:25.676,active,15279,754,11554,16789,0,95,63.4,48.7,No,2400,2400,0,5572,125
11:38:26.679,active,15273,806,12346,16789,0,95,63.9,50.4,No,2400,2400,0,5578,125
11:38:27.676,active,15228,878,13446,16789,-3,95,63.4,47.6,No,2400,2400,0,5575,125
11:38:28.676,active,15266,868,13292,16790,0,95,61.7,47.8,No,2400,2400,0,5576,125
11:38:29.676,active,15251,752,11498,16790,0,95,62.2,47.9,No,2400,2400,0,5582,125
11:38:30.676,active,15305,606,9298,16790,0,95,62.2,48.9,No,2400,2400,0,5566,125
11:38:31.676,active,15266,814,12480,16790,-3,95,63.9,48.9,No,2400,2400,0,5576,125
11:38:32.677,active,15268,762,11652,16789,0,95,63.4,48.4,No,2400,2400,0,5577,125
11:38:33.676,active,15318,464,7118,16790,0,95,63.4,47.7,No,2400,2400,0,5580,125
11:38:34.681,active,15314,520,7812,16789,0,95,63.4,48.6,No,2400,2400,0,5577,125
11:38:35.677,active,15309,476,7330,16789,0,95,62.8,48.2,No,2400,2400,0,5573,125
11:38:36.676,active,15309,496,7292,16789,0,95,62.8,48.1,No,2400,2400,0,5564,125
11:38:37.676,active,15314,506,7774,16790,0,95,63.4,48.4,No,2400,2400,0,5585,125
11:38:38.676,active,15301,570,8372,16789,0,95,63.4,48.2,No,2400,2400,0,5583,125
11:38:39.676,active,15307,490,7522,16789,0,95,63.9,48.0,No,2400,2400,0,5580,125
11:38:40.676,active,15303,554,8488,16790,0,95,63.9,47.9,No,2400,2400,0,5586,125
11:38:41.676,active,15296,588,9008,16789,0,95,63.4,47.1,No,2400,2400,0,5592,125
11:38:42.676,active,15279,894,8584,16790,0,95,62.8,47.0,No,2400,2400,0,5577,125
11:38:43.676,active,15346,522,8044,16790,3,95,62.2,47.7,No,2400,2400,0,5585,125
11:38:44.676,active,15303,648,7792,16790,4,95,62.2,48.9,No,2400,2400,0,5599,125
11:38:45.676,active,15344,508,7832,16790,4,95,62.8,48.9,No,2400,2400,0,5586,125
11:38:46.676,active,15305,650,8392,16790,0,95,63.9,48.9,No,2400,2400,0,5587,125
11:38:47.676,active,15311,498,7658,16788,0,95,63.4,48.3,No,2400,2400,0,5581,125
11:38:48.676,active,15344,460,7388,16788,-3,95,63.4,48.4,No,2400,2400,0,5589,125
11:38:49.680,active,15309,520,7986,16789,0,95,62.2,47.9,No,2400,2400,0,5583,125
11:38:50.676,active,15324,490,8290,16790,0,95,62.8,48.6,No,2400,2400,0,5584,125
11:38:51.676,active,15260,854,13060,16790,0,95,62.8,48.7,No,2400,2400,0,5590,125
11:38:52.676,active,15249,788,12480,16789,0,95,64.5,52.0,No,2400,2400,0,5591,125
11:38:53.676,active,15258,836,12808,16788,-3,95,63.4,52.3,No,2400,2400,0,5590,125
11:38:54.676,sleep,15286,496,7388,16790,6,95,60.0,6.5,No,2400,2400,0,5623,125
11:38:55.676,sleep,15288,452,6944,16791,8,95,59.5,-0.0,No,2400,2400,0,5648,125
11:38:56.676,sleep,15281,514,6712,16792,5,95,59.0,0.0,No,2400,2400,0,5627,125
11:38:57.676,sleep,15290,498,7658,16793,11,95,57.3,-0.0,No,2400,2400,0,5635,125
11:38:58.676,sleep,15281,490,6886,16791,11,95,57.9,0.0,No,2400,2400,0,5633,125
11:38:59.676,sleep,15283,524,8024,16792,15,95,56.8,0.0,No,1500,2400,0,5635,125
11:39:00.676,sleep,15286,536,8218,16792,17,95,56.2,0.0,No,1500,2400,0,5655,125
11:39:01.676,sleep,15286,556,8526,16792,16,95,55.6,0.0,No,1500,2400,0,5636,125
11:39:02.676,sleep,15286,406,6250,16793,15,95,55.1,0.0,No,1500,2400,0,5647,125
11:39:03.676,sleep,15288,460,7060,16793,14,95,55.1,0.0,No,1500,2400,0,5638,125
11:39:04.676,sleep,15288,460,7040,16792,15,95,54.5,-0.0,No,1500,2400,0,5640,125
11:39:05.676,sleep,15288,378,5786,16792,14,95,54.5,0.0,No,1500,2400,0,5575,75
11:39:06.676,sleep,15292,446,4224,16792,12,95,54.5,0.0,No,1500,2400,0,3806,75
11:39:07.676,sleep,15292,468,7176,16792,12,95,54.5,0.0,No,1500,2400,0,3498,75
11:39:08.676,sleep,15288,378,5034,16794,18,95,54.0,0.0,No,1500,2400,0,3451,75
11:39:09.682,active,15292,718,13044,16789,0,95,57.9,50.9,No,2400,2400,0,3418,75
11:39:10.680,active,15262,794,12172,16789,-4,95,58.4,45.3,No,2400,2400,0,3409,75
11:39:11.676,active,15277,684,10474,16789,-5,95,59.5,48.1,No,2400,2400,0,3397,75
11:39:12.676,active,15307,518,7986,16790,0,95,59.5,48.5,No,2400,2400,0,3396,75
11:39:13.676,active,15307,712,10918,16790,0,95,61.1,49.1,No,2400,2400,0,3380,75
11:39:14.676,active,15307,464,7118,16790,0,95,61.7,48.7,No,2400,2400,0,3380,75
11:39:15.676,active,15357,512,7890,16789,0,95,61.1,48.1,No,2400,2400,0,5161,125
11:39:16.676,active,15352,484,7426,16790,0,95,61.1,48.4,No,2400,2400,0,5518,125
11:39:17.680,active,15354,552,8488,16789,0,95,61.1,49.2,No,2400,2400,0,5541,125
11:39:18.676,active,15266,788,12056,16791,0,95,61.7,47.8,No,2400,2400,0,5543,125
11:39:19.676,active,15268,736,12114,16790,0,95,61.7,48.3,No,2400,2400,0,5538,125
11:39:20.676,active,15262,860,13156,16789,0,95,61.7,47.5,No,2400,2400,0,5547,125
11:39:21.676,active,15256,868,12462,16789,0,95,62.8,46.0,No,2400,2400,0,5549,125
11:39:22.681,active,15264,886,13562,16789,-3,95,62.2,46.5,No,2400,2400,0,5537,125
11:39:23.676,active,15256,828,12558,16789,-3,95,61.7,46.2,No,2400,2400,0,5528,125
11:39:24.678,active,15264,844,12924,16790,0,95,61.7,46.4,No,2400,2400,0,5527,125
11:39:25.676,active,15260,834,13638,16790,0,95,61.1,46.6,No,2400,2400,0,5527,125
11:39:26.676,active,15286,860,13156,16789,0,95,62.8,47.7,No,2400,2400,0,5527,125
11:39:27.676,active,15335,490,7522,16790,0,95,63.4,52.5,No,2400,2400,0,5539,125
11:39:28.676,active,15307,504,7716,16790,0,95,63.4,48.0,No,2400,2400,0,5548,125
11:39:29.680,active,15309,696,9162,16791,0,95,62.2,48.9,No,2400,2400,0,5550,125
11:39:30.676,active,15288,632,9684,16789,0,95,62.8,47.5,No,2400,2400,0,5551,125
11:39:31.676,active,15305,480,11304,16790,0,95,62.2,48.7,No,2400,2400,0,5559,125
11:39:32.676,active,15290,680,10436,16789,0,95,61.7,50.6,No,2400,2400,0,5558,125
11:39:33.676,active,15296,438,12384,16789,0,95,62.8,48.4,No,2400,2400,0,5560,125
11:39:34.676,active,15260,674,10300,16789,0,95,63.4,48.4,No,2400,2400,0,5568,125
11:39:35.679,active,15301,636,10128,16790,0,95,63.4,49.1,No,2400,2400,0,5556,125
11:39:36.680,active,15359,544,12038,16789,0,95,62.8,48.6,No,2400,2400,0,5551,125
11:39:37.680,active,15314,480,7388,16789,-8,95,62.8,48.4,No,2400,2400,0,5562,125
11:39:38.676,active,15346,500,6848,16789,-4,95,62.2,48.6,No,2400,2400,0,5568,125
11:39:39.676,active,15307,516,7908,16789,-7,95,62.8,49.0,No,2400,2400,0,5567,125
11:39:40.676,active,15329,506,7060,16790,-4,95,62.2,49.5,No,2400,2400,0,5572,125
11:39:41.677,active,15339,508,7812,16790,-6,95,63.4,48.7,No,2400,2400,0,5558,125
11:39:42.680,active,15307,490,8082,16789,0,95,64.5,48.5,No,2400,2400,0,5566,125
11:39:43.676,active,15326,518,7948,16789,-4,95,63.4,47.0,No,2400,2400,0,5587,125
11:39:44.677,active,15320,412,7774,16790,0,95,62.8,48.0,No,2400,2400,0,5594,125
11:39:45.676,active,15271,802,12288,16790,0,95,62.2,47.5,No,2400,2400,0,5599,125
11:39:46.676,active,15273,794,13792,16790,0,95,63.4,48.9,No,2400,2400,0,5558,125
11:39:47.676,active,15275,836,12808,16790,0,95,63.4,48.4,No,2400,2400,0,5580,125
11:39:48.676,active,15283,848,11130,16790,0,95,63.4,48.7,No,2400,2400,0,5582,125
11:39:49.676,active,15279,874,13388,16790,0,95,63.9,48.1,No,2400,2400,0,5580,125
11:39:50.681,active,15275,868,12404,16790,0,95,63.4,48.1,No,2400,2400,0,5580,125
11:39:51.680,active,15316,714,10976,16790,0,95,61.7,47.0,No,2400,2400,0,5581,125
11:39:52.676,active,15279,914,7426,16790,0,95,61.7,47.5,No,2400,2400,0,5582,125
11:39:53.676,active,15311,622,9548,16789,0,95,62.2,49.0,No,2400,2400,0,5585,125
11:39:54.676,active,15303,574,8776,16790,0,95,62.8,48.8,No,2400,2400,0,5584,125
11:39:55.676,active,15301,596,9124,16790,0,95,63.4,48.9,No,2400,2400,0,5587,125
11:39:56.676,active,15299,768,11748,16791,0,95,62.8,48.1,No,2400,2400,0,5585,125
11:39:57.676,active,15279,648,9934,16791,0,95,62.8,48.4,No,2400,2400,0,5576,125
11:39:58.680,active,15262,850,13002,16790,0,95,62.2,48.2,No,2400,2400,0,5581,125
11:39:59.676,active,15232,670,10224,16789,0,95,62.2,48.1,No,2400,2400,0,5589,125
11:40:00.676,active,15262,838,12828,16788,0,95,62.8,48.7,No,2400,2400,0,5592,125
11:40:01.676,active,15236,822,12558,16789,0,95,62.8,49.5,No,2400,2400,0,5582,125
11:40:02.676,active,15277,686,10514,16790,-3,95,63.9,52.4,No,2400,2400,0,5598,125
11:40:03.676,active,15331,528,8430,16789,-5,95,63.4,48.2,No,2400,2400,0,5590,125
11:40:04.676,active,15322,462,7098,16789,0,95,62.8,45.0,No,2400,2400,0,5603,125
11:40:05.681,active,15283,936,7792,16788,0,95,63.4,52.8,No,2400,2400,0,5597,125
11:40:06.676,active,15320,576,8834,16788,0,95,62.8,47.0,No,2400,2400,0,5591,125
11:40:07.676,active,15294,716,7648,16789,-3,95,62.8,49.2,No,2400,2400,0,5593,125
11:40:08.676,active,15275,502,7736,16789,-4,95,63.9,48.1,No,2400,2400,0,5600,125
11:40:09.676,sleep,15288,496,7620,16790,3,95,60.0,10.3,No,2400,2400,0,5628,125
11:40:10.676,sleep,15296,496,7620,16791,8,95,59.0,0.0,No,2400,2400,0,5617,125
11:40:11.676,sleep,15299,520,7986,16791,9,95,59.0,-0.0,No,2400,2400,0,5634,125
11:40:12.676,sleep,15288,442,6770,16790,11,95,57.9,0.0,No,2400,2400,0,5635,125
11:40:13.676,sleep,15290,460,7812,16792,12,95,59.0,-0.0,No,2400,2400,0,5630,125
11:40:14.676,sleep,15288,490,7504,16792,11,95,56.8,-0.0,No,1500,2400,0,5643,125
11:40:15.676,sleep,15288,526,7552,16792,13,95,56.8,0.0,No,1500,2400,0,5647,125
11:40:16.676,sleep,15288,460,7040,16791,14,95,55.6,0.0,No,1500,2400,0,5642,125
11:40:17.676,sleep,15286,440,5728,16791,10,95,55.1,-0.0,No,1500,2400,0,5640,125
11:40:18.676,sleep,15296,346,5304,16790,8,95,55.1,0.0,No,1500,2400,0,5640,125
11:40:19.676,sleep,15290,510,7832,16791,7,95,55.1,0.0,No,1500,2400,0,5646,125
11:40:20.676,sleep,15288,392,5998,16791,8,95,55.1,-0.0,No,1500,2400,0,5643,125
11:40:21.676,sleep,15296,434,7908,16792,6,95,54.5,0.0,No,1500,2400,0,4922,75
11:40:22.676,sleep,15292,600,9202,16792,10,95,54.5,0.0,No,1500,2400,0,3677,75
11:40:23.676,sleep,15299,200,4822,16791,8,95,54.0,-0.0,No,1500,2400,0,3484,75
11:40:24.680,active,15275,620,9490,16787,-6,95,57.3,46.4,No,2400,2400,0,3429,75
11:40:25.676,active,15243,770,8604,16789,-6,95,57.9,48.0,No,2400,2400,0,3423,75
11:40:26.679,active,15264,648,9934,16789,-3,95,59.0,49.1,No,2400,2400,0,3407,75
11:40:27.676,active,15241,672,11284,16789,-4,95,59.5,50.3,No,2400,2400,0,3591,125
11:40:28.676,active,15238,872,13388,16789,-6,95,59.5,48.6,No,2400,2400,0,5403,125
11:40:29.676,active,15290,550,12906,16788,-7,95,60.6,47.2,No,2400,2400,0,5563,125
11:40:30.676,active,15350,466,7176,16789,-5,95,61.1,47.7,No,2400,2400,0,5571,125
11:40:31.681,active,15339,486,7484,16790,0,95,61.1,46.3,No,2400,2400,0,5564,125
11:40:32.676,active,15316,542,8334,16789,0,95,60.6,45.0,No,2400,2400,0,5560,125
11:40:33.678,active,15314,530,8140,16789,0,95,60.6,46.1,No,2400,2400,0,5563,125
11:40:34.676,active,15309,504,7736,16788,-5,95,61.7,46.6,No,2400,2400,0,5562,125
11:40:35.676,active,15311,304,7446,16789,-3,95,62.2,47.8,No,2400,2400,0,5556,125
11:40:36.676,active,15326,490,7542,16789,0,95,61.7,47.8,No,2400,2400,0,5563,125
11:40:37.676,active,15303,484,7002,16789,-4,95,61.1,52.3,No,2400,2400,0,5557,125
11:40:38.680,active,15303,542,8314,16790,-5,95,62.2,46.7,No,2400,2400,0,5562,125
11:40:39.680,active,15281,770,9220,16790,0,95,61.7,48.7,No,2400,2400,0,5562,125
11:40:40.676,active,15268,896,13734,16789,-3,95,61.7,48.7,No,2400,2400,0,5559,125
11:40:41.676,active,15273,754,11554,16788,-3,95,61.7,49.1,No,2400,2400,0,5566,125
11:40:42.676,active,15286,1012,15530,16788,0,95,62.8,49.0,No,2400,2400,0,5571,125
11:40:43.676,active,15277,678,10378,16789,0,95,62.2,49.5,No,2400,2400,0,5564,125
11:40:44.676,active,15357,480,7388,16789,-4,95,62.2,48.4,No,2400,2400,0,5568,125
11:40:45.677,active,15281,650,9992,16789,-3,95,62.2,48.1,No,2400,2400,0,5566,125
11:40:46.680,active,15305,538,8256,16789,0,95,61.7,49.0,No,2400,2400,0,5563,125
11:40:47.676,active,15281,568,8758,16788,-5,95,62.2,48.4,No,2400,2400,0,5562,125
11:40:48.676,active,15266,680,9934,16789,-4,95,62.2,48.9,No,2400,2400,0,5571,125
11:40:49.676,active,15251,686,10514,16788,-8,95,62.8,49.5,No,2400,2400,0,5574,125
11:40:50.676,active,15245,786,11362,16789,-3,95,63.4,49.5,No,2400,2400,0,5576,125
11:40:51.676,active,15283,686,10514,16789,0,95,62.8,49.0,No,2400,2400,0,5571,125
11:40:52.676,active,15249,872,12924,16788,-4,95,63.4,47.1,No,2400,2400,0,5583,125
11:40:53.677,active,15277,650,9954,16789,0,95,62.8,47.7,No,2400,2400,0,5581,125
11:40:54.676,active,15258,764,13060,16790,0,95,61.7,48.4,No,2400,2400,0,5577,125
11:40:55.676,active,15268,818,12538,16789,-5,95,62.2,47.7,No,2400,2400,0,5582,125
11:40:56.676,active,15260,884,12520,16788,-8,95,63.4,47.7,No,2400,2400,0,5578,125
11:40:57.676,active,15305,518,7966,16788,-7,95,63.4,47.2,No,2400,2400,0,5581,125
11:40:58.676,active,15311,290,7562,16789,-5,95,63.9,47.9,No,2400,2400,0,5578,125
11:40:59.676,active,15311,518,7966,16788,-6,95,61.7,47.5,No,2400,2400,0,5583,125
11:41:00.680,active,15303,438,8642,16787,-5,95,62.2,48.0,No,2400,2400,0,5586,125
11:41:01.676,active,15305,506,7774,16788,-3,95,62.2,47.2,No,2400,2400,0,5588,125
11:41:02.676,active,15305,572,8950,16788,-6,95,63.4,48.7,No,2400,2400,0,5582,125
11:41:03.676,active,15301,440,6770,16788,-5,95,63.4,49.0,No,2400,2400,0,5589,125
11:41:04.676,active,15303,422,9954,16788,-7,95,63.4,49.3,No,2400,2400,0,5597,125
11:41:05.676,active,15303,512,7850,16789,-3,95,61.7,47.7,No,2400,2400,0,5589,125
11:41:06.676,active,15290,480,7368,16788,-5,95,62.2,48.1,No,2400,2400,0,5586,125
11:41:07.676,active,15307,642,9858,16788,0,95,61.7,47.6,No,2400,2400,0,5593,125
11:41:08.676,active,15311,562,8622,16788,-3,95,62.2,48.6,No,2400,2400,0,5595,125
11:41:09.676,active,15357,452,6982,16788,-4,95,62.2,48.7,No,2400,2400,0,5588,125
11:41:10.676,active,15314,486,7466,16788,-8,95,62.8,48.6,No,2400,2400,0,5606,125
11:41:11.676,active,15352,528,8140,16788,-6,95,62.8,49.8,No,2400,2400,0,5581,125
11:41:12.676,active,15354,568,8718,16788,-4,95,62.8,50.5,No,2400,2400,0,5589,125
11:41:13.676,active,15324,482,7388,16788,0,95,63.4,46.3,No,2400,2400,0,5587,125
11:41:14.677,active,15339,432,6636,16789,0,95,62.2,46.2,No,2400,2400,0,5594,125
11:41:15.676,active,15266,800,11536,16788,-4,95,62.8,51.5,No,2400,2400,0,5592,125
11:41:16.676,active,15228,828,12674,16789,-4,95,62.8,49.5,No,2400,2400,0,5592,125
11:41:17.676,active,15301,754,11400,16788,-4,95,63.4,48.9,No,2400,2400,0,5582,125
11:41:18.678,active,15253,836,12808,16788,-3,95,63.9,50.1,No,2400,2400,0,5593,125
11:41:19.680,active,15266,744,12152,16788,0,95,63.9,46.3,No,2400,2400,0,5589,125
11:41:20.680,active,15258,784,11998,16790,0,95,63.4,47.5,No,2400,2400,0,5600,125
11:41:21.676,active,15275,840,13350,16790,0,95,62.2,50.1,No,2400,2400,0,5600,125
11:41:22.676,active,15279,882,13522,16789,0,95,63.4,53.1,No,2400,2400,0,5601,125
11:41:23.676,active,15292,744,11844,16788,0,95,63.9,54.5,No,2400,2400,0,5585,125
11:41:24.676,sleep,15283,530,8140,16790,4,95,60.6,13.6,No,2400,2400,0,5624,125
11:41:25.676,sleep,15294,444,7060,16789,8,95,59.5,0.0,No,2400,2400,0,5628,125
11:41:26.676,sleep,15292,484,7426,16791,8,95,59.0,-0.0,No,2400,2400,0,5626,125
11:41:27.676,sleep,15292,448,5902,16792,11,95,59.0,0.0,No,2400,2400,0,5628,125
11:41:28.676,sleep,15292,444,6790,16791,11,95,57.9,-0.0,No,2400,2400,0,5631,125
11:41:29.676,sleep,15283,512,9028,16791,8,95,56.8,0.0,No,1500,2400,0,5649,125
11:41:30.676,sleep,15292,388,5960,16792,15,95,56.2,0.0,No,1500,2400,0,5642,125
11:41:31.676,sleep,15288,512,8294,16792,15,95,55.6,0.0,No,1500,2400,0,5645,125
11:41:32.676,sleep,15286,402,6172,16791,12,95,55.1,-0.0,No,1500,2400,0,5645,125
11:41:33.676,sleep,15286,460,6076,16791,9,95,55.1,0.0,No,1500,2400,0,5634,125
11:41:34.676,sleep,15288,392,5998,16790,10,95,55.1,0.0,No,1500,2400,0,5646,125
11:41:35.676,sleep,15288,336,4358,16790,8,95,54.0,0.0,No,1500,2400,0,5652,125
11:41:36.676,sleep,15286,388,5940,16792,17,95,54.5,0.0,No,1500,2400,0,4384,75
11:41:37.676,sleep,15288,412,7696,16793,15,95,54.0,0.0,No,1500,2400,0,3598,75
11:41:38.676,sleep,15286,460,7060,16793,14,95,54.0,0.0,No,1500,2400,0,3476,75
11:41:39.676,active,15337,462,8256,16789,0,95,57.9,44.4,No,2400,2400,0,3431,75
11:41:40.676,active,15333,486,7484,16789,-6,95,57.9,44.8,No,2400,2400,0,3407,75
11:41:41.676,active,15322,504,8198,16788,-4,95,58.4,46.0,No,2400,2400,0,3411,75
11:41:42.676,active,15307,534,8218,16789,0,95,59.5,46.3,No,2400,2400,0,3399,75
11:41:43.676,active,15299,876,13406,16788,-3,95,59.5,46.3,No,2400,2400,0,4395,125
11:41:44.676,active,15277,834,12790,16789,-3,95,61.1,46.9,No,2400,2400,0,5465,125
11:41:45.677,active,15271,870,13350,16788,-3,95,60.6,46.0,No,2400,2400,0,5559,125
11:41:46.676,active,15268,806,12326,16787,-5,95,61.7,51.4,No,2400,2400,0,5557,125
11:41:47.676,active,15268,1014,13350,16788,-5,95,60.6,49.1,No,2400,2400,0,5552,125
11:41:48.677,active,15268,796,12172,16789,-6,95,60.6,47.8,No,2400,2400,0,5551,125
11:41:49.676,active,15268,832,12732,16789,-5,95,61.1,48.4,No,2400,2400,0,5559,125
11:41:50.676,active,15279,886,13580,16787,-5,95,61.7,50.5,No,2400,2400,0,5559,125
11:41:51.676,active,15296,486,7466,16788,-5,95,61.7,48.4,No,2400,2400,0,5546,125
11:41:52.676,active,15292,556,12500,16790,0,95,62.2,47.7,No,2400,2400,0,5554,125
11:41:53.680,active,15305,614,9414,16790,0,95,62.8,48.8,No,2400,2400,0,5560,125
11:41:54.677,active,15301,686,9858,16789,-4,95,62.2,48.1,No,2400,2400,0,5560,125
11:41:55.676,active,15301,652,9972,16787,-5,95,61.1,48.5,No,2400,2400,0,5549,125
11:41:56.676,active,15286,578,12384,16789,-3,95,61.7,48.7,No,2400,2400,0,5548,125
11:41:57.676,active,15305,708,10822,16789,0,95,62.2,49.3,No,2400,2400,0,5562,125
11:41:58.676,active,15253,656,9568,16788,-3,95,62.2,48.5,No,2400,2400,0,5561,125
11:41:59.680,active,15264,680,10398,16788,-3,95,63.4,48.6,No,2400,2400,0,5559,125
11:42:00.680,active,15247,818,12244,16789,0,95,62.2,48.4,No,2400,2400,0,5563,125
11:42:01.676,active,15354,522,8044,16790,0,95,62.2,47.6,No,2400,2400,0,5564,125
11:42:02.676,active,15337,514,7774,16790,0,95,61.7,48.7,No,2400,2400,0,5569,125
11:42:03.676,active,15314,526,8082,16791,0,95,61.1,48.0,No,2400,2400,0,5567,125
11:42:04.676,active,15318,520,8198,16791,4,95,61.1,47.4,No,2400,2400,0,5562,125
11:42:05.676,active,15316,514,7890,16791,3,95,62.2,47.5,No,2400,2400,0,5573,125
11:42:06.678,active,15311,518,8526,16788,0,95,63.9,48.8,No,2400,2400,0,5574,125
11:42:07.680,active,15335,510,7832,16789,0,95,62.8,47.5,No,2400,2400,0,5564,125
11:42:08.676,active,15311,490,7638,16789,0,95,62.2,48.1,No,2400,2400,0,5568,125
11:42:09.677,active,15271,528,8082,16790,0,95,62.2,47.5,No,2400,2400,0,5574,125
11:42:10.676,active,15268,954,14622,16790,0,95,61.7,48.0,No,2400,2400,0,5577,125
11:42:11.676,active,15279,904,13850,16790,4,95,61.1,48.5,No,2400,2400,0,5577,125
11:42:12.676,active,15279,714,10956,16790,0,95,62.8,48.9,No,2400,2400,0,5586,125
11:42:13.676,active,15277,762,11670,16789,0,95,62.8,48.7,No,2400,2400,0,5578,125
11:42:14.676,active,15286,474,7292,16790,0,95,62.8,48.7,No,2400,2400,0,5582,125
11:42:15.676,active,15314,728,11188,16791,4,95,62.2,47.6,No,2400,2400,0,5580,125
11:42:16.676,active,15301,722,8198,16790,4,95,61.1,48.2,No,2400,2400,0,5585,125
11:42:17.676,active,15307,646,9916,16789,0,95,62.8,48.6,No,2400,2400,0,5579,125
11:42:18.676,active,15296,792,12096,16788,0,95,63.4,48.7,No,2400,2400,0,5587,125
11:42:19.676,active,15277,574,12808,16789,0,95,62.8,48.9,No,2400,2400,0,5587,125
11:42:20.676,active,15294,806,12326,16790,0,95,62.8,49.3,No,2400,2400,0,5574,125
11:42:21.677,active,15275,750,13546,16791,6,95,62.8,50.3,No,2400,2400,0,5584,125
11:42:22.676,active,15268,790,12076,16791,4,95,63.4,46.8,No,2400,2400,0,5597,125
11:42:23.679,active,15256,716,11468,16790,0,95,62.8,47.6,No,2400,2400,0,5595,125
11:42:24.676,active,15249,704,10764,16789,0,95,63.4,47.0,No,2400,2400,0,5581,125
11:42:25.676,active,15262,708,10822,16789,0,95,63.4,49.7,No,2400,2400,0,5593,125
11:42:26.676,active,15230,840,12866,16789,0,95,62.8,47.2,No,2400,2400,0,5591,125
11:42:27.676,active,15316,532,7620,16790,0,95,63.4,49.5,No,2400,2400,0,5591,125
11:42:28.676,active,15299,492,7542,16789,0,95,62.8,47.5,No,2400,2400,0,5585,125
11:42:29.676,active,15305,686,7928,16789,0,95,63.4,50.3,No,2400,2400,0,5589,125
11:42:30.676,active,15354,424,6520,16789,0,95,62.8,50.3,No,2400,2400,0,5590,125
11:42:31.676,active,15331,520,7426,16789,0,95,63.4,52.3,No,2400,2400,0,5591,125
11:42:32.676,active,15305,454,6964,16790,0,95,63.4,52.3,No,2400,2400,0,5587,125
11:42:33.681,active,15307,584,7040,16789,0,95,63.9,51.8,No,2400,2400,0,5587,125
11:42:34.676,active,15277,488,7504,16789,0,95,63.9,50.6,No,2400,2400,0,5580,125
11:42:35.681,active,15303,476,8834,16789,0,95,63.9,50.1,No,2400,2400,0,5589,125
11:42:36.676,active,15281,700,8294,16789,0,95,64.5,50.0,No,2400,2400,0,5591,125
11:42:37.676,active,15275,744,11960,16789,0,95,63.4,50.4,No,2400,2400,0,5590,125
11:42:38.676,active,15294,750,11516,16790,5,95,63.4,50.5,No,2400,2400,0,5599,125
11:42:39.676,sleep,15290,522,8218,16792,9,95,59.5,14.7,No,2400,2400,0,5630,125
11:42:40.676,sleep,15299,516,7908,16791,16,95,59.5,0.0,No,2400,2400,0,5646,125
11:42:41.676,sleep,15290,490,8314,16792,12,95,59.0,0.0,No,2400,2400,0,5641,125
11:42:42.676,sleep,15292,482,7388,16792,15,95,59.0,-0.0,No,2400,2400,0,5634,125
11:42:43.676,sleep,15288,540,7350,16793,16,95,57.9,0.0,No,2400,2400,0,5635,125
11:42:44.676,sleep,15288,416,6366,16793,15,95,57.3,0.0,No,1500,2400,0,5655,125
11:42:45.676,sleep,15292,448,6866,16791,15,95,56.2,-0.0,No,1500,2400,0,5649,125
11:42:46.676,sleep,15292,504,7736,16793,12,95,55.1,0.3,No,1500,2400,0,5650,125
11:42:47.676,sleep,15290,380,5826,16793,13,95,55.6,-0.0,No,1500,2400,0,5648,125
11:42:48.676,sleep,15286,330,5072,16793,13,95,55.6,-0.0,No,1500,2400,0,5659,125
11:42:49.676,sleep,15290,516,7908,16792,11,95,54.5,0.0,No,1500,2400,0,5642,125
11:42:50.676,sleep,15288,490,7504,16792,13,95,55.1,0.0,No,1500,2400,0,5656,125
11:42:51.676,sleep,15279,418,5670,16792,13,95,54.0,-0.0,No,1500,2400,0,5648,125
11:42:52.676,sleep,15281,368,5632,16793,16,95,54.0,0.0,No,1500,2400,0,4051,75
11:42:53.676,sleep,15286,354,7272,16793,15,95,54.0,0.0,No,1500,2400,0,3533,75
11:42:54.676,active,15320,558,6004,16791,7,95,58.4,41.3,No,2400,2400,0,3434,75
11:42:55.676,active,15301,534,8198,16789,0,95,59.0,48.6,No,2400,2400,0,3409,75
11:42:56.676,active,15311,426,6538,16790,0,95,59.5,49.1,No,2400,2400,0,3407,75
11:42:57.678,active,15318,546,8392,16790,0,95,59.0,48.1,No,2400,2400,0,4990,125
11:42:58.676,active,15307,514,7870,16789,-4,95,59.5,48.9,No,2400,2400,0,5529,125
11:42:59.676,active,15314,540,8294,16789,-3,95,60.0,50.5,No,2400,2400,0,5567,125
11:43:00.676,active,15305,498,7638,16790,0,95,60.6,49.5,No,2400,2400,0,5576,125
11:43:01.680,active,15307,624,9568,16789,0,95,61.7,48.0,No,2400,2400,0,5563,125
11:43:02.676,active,15299,438,6712,16789,0,95,61.1,48.1,No,2400,2400,0,5576,125
11:43:03.679,active,15311,786,12056,16790,0,95,61.1,47.5,No,2400,2400,0,5559,125
11:43:04.676,active,15316,690,7408,16791,0,95,61.1,47.5,No,2400,2400,0,5562,125
11:43:05.676,active,15307,678,10398,16790,0,95,61.1,50.0,No,2400,2400,0,5565,125
11:43:06.676,active,15281,850,7002,16790,0,95,61.1,48.9,No,2400,2400,0,5563,125
11:43:07.677,active,15275,718,11014,16790,0,95,62.8,48.7,No,2400,2400,0,5566,125
11:43:08.680,active,15305,516,7252,16789,0,95,61.7,49.1,No,2400,2400,0,5566,125
11:43:09.676,active,15283,552,8506,16790,0,95,62.8,48.6,No,2400,2400,0,5572,125
11:43:10.679,active,15352,516,7522,16790,3,95,61.7,48.9,No,2400,2400,0,5581,125
11:43:11.676,active,15318,554,8506,16790,0,95,61.7,47.6,No,2400,2400,0,5575,125
11:43:12.676,active,15230,876,13252,16789,0,95,61.7,47.9,No,2400,2400,0,5576,125
11:43:13.676,active,15262,864,13214,16789,0,95,62.2,47.6,No,2400,2400,0,5576,125
11:43:14.676,active,15256,568,11710,16791,4,95,62.8,48.4,No,2400,2400,0,5560,125
11:43:15.689,active,15277,836,12808,16791,5,95,63.4,49.1,No,2400,2400,0,5555,125
11:43:16.676,active,15266,812,13542,16790,0,95,62.2,47.5,No,2400,2400,0,5571,125
11:43:17.677,active,15266,876,13388,16791,4,95,61.7,48.0,No,2400,2400,0,5577,125
11:43:18.677,active,15273,812,12192,16790,5,95,61.7,47.4,No,2400,2400,0,5574,125
11:43:19.676,active,15277,916,14024,16790,3,95,62.2,49.7,No,2400,2400,0,5575,125
11:43:20.676,active,15273,788,12866,16790,0,95,62.8,47.9,No,2400,2400,0,5579,125
11:43:21.676,active,15303,496,7620,16789,0,95,62.2,48.8,No,2400,2400,0,5577,125
11:43:22.676,active,15305,490,7504,16789,0,95,62.8,48.8,No,2400,2400,0,5583,125
11:43:23.676,active,15299,588,9028,16790,0,95,62.8,48.2,No,2400,2400,0,5576,125
11:43:24.676,active,15294,538,8218,16791,4,95,62.2,48.1,No,2400,2400,0,5586,125
11:43:25.676,active,15294,486,7466,16791,5,95,61.1,48.1,No,2400,2400,0,5581,125
11:43:26.676,active,15299,718,10976,16789,0,95,62.2,49.0,No,2400,2400,0,5586,125
11:43:27.676,active,15296,526,8064,16790,0,95,61.7,48.9,No,2400,2400,0,5584,125
11:43:28.676,active,15292,726,11670,16789,0,95,62.8,48.7,No,2400,2400,0,5584,125
11:43:29.676,active,15256,620,9490,16790,0,95,62.8,48.3,No,2400,2400,0,5581,125
11:43:30.676,active,15303,474,7272,16790,0,95,62.8,48.0,No,2400,2400,0,5585,125
11:43:31.676,active,15348,518,7986,16789,0,95,61.7,50.8,No,2400,2400,0,5585,125
11:43:32.676,active,15361,486,7484,16789,0,95,61.7,45.0,No,2400,2400,0,5579,125
11:43:33.676,active,15331,496,7620,16790,0,95,61.1,46.0,No,2400,2400,0,5578,125
11:43:34.676,active,15346,528,8120,16791,0,95,62.2,52.0,No,2400,2400,0,5589,125
11:43:35.676,active,15273,902,13812,16789,-3,95,63.9,52.3,No,2400,2400,0,5588,125
11:43:36.676,active,15326,484,7446,16789,0,95,62.8,47.2,No,2400,2400,0,5599,125
11:43:37.676,active,15299,498,7638,16789,0,95,62.2,46.6,No,2400,2400,0,5585,125
11:43:38.680,active,15320,418,6404,16790,0,95,61.7,48.1,No,2400,2400,0,5590,125
11:43:39.676,active,15273,674,11940,16789,0,95,62.8,50.4,No,2400,2400,0,5588,125
11:43:40.676,active,15271,868,13292,16790,0,95,62.8,51.5,No,2400,2400,0,5591,125
11:43:41.676,active,15260,868,13078,16790,0,95,62.8,51.5,No,2400,2400,0,5590,125
11:43:42.676,active,15268,686,10532,16789,0,95,64.5,51.6,No,2400,2400,0,5593,125
11:43:43.676,active,15277,850,10456,16790,0,95,64.5,48.5,No,2400,2400,0,5578,125
11:43:44.681,active,15279,694,10648,16791,0,95,63.4,50.4,No,2400,2400,0,5590,125
11:43:45.677,active,15279,770,12192,16791,0,95,62.8,48.7,No,2400,2400,0,5602,125
11:43:46.676,active,15271,858,13136,16791,0,95,62.2,49.7,No,2400,2400,0,5602,125
11:43:47.676,active,15271,840,12442,16791,0,95,63.4,51.1,No,2400,2400,0,5598,125
11:43:48.676,active,15299,522,8006,16790,4,95,63.9,48.6,No,2400,2400,0,5594,125
11:43:49.681,active,15296,758,10108,16790,3,95,63.4,48.6,No,2400,2400,0,5594,125
11:43:50.676,active,15253,582,8892,16790,3,95,62.8,49.4,No,2400,2400,0,5583,125
11:43:51.676,active,15296,496,11516,16791,0,95,62.8,47.0,No,2400,2400,0,5602,125
11:43:52.676,active,15260,736,11266,16790,0,95,62.2,47.4,No,2400,2400,0,5593,125
11:43:53.676,active,15281,596,10648,16789,0,95,63.4,47.9,No,2400,2400,0,5577,125
11:43:54.676,sleep,15290,466,7138,16790,3,95,60.6,19.9,No,2400,2400,0,5623,125
11:43:55.676,sleep,15290,552,8236,16792,13,95,59.5,-0.0,No,2400,2400,0,5632,125
11:43:56.676,sleep,15281,508,7774,16792,14,95,59.0,0.0,No,2400,2400,0,5627,125
11:43:57.676,sleep,15290,476,7292,16792,11,95,57.9,-0.0,No,2400,2400,0,5630,125
11:43:58.676,sleep,15292,492,7542,16791,5,95,57.3,0.0,No,2400,2400,0,5642,125
11:43:59.676,sleep,15290,472,7234,16791,7,95,57.3,-0.0,No,1500,2400,0,5647,125
11:44:00.676,sleep,15290,426,6520,16791,11,95,56.2,0.0,No,1500,2400,0,5650,125
11:44:01.676,sleep,15288,508,7792,16793,12,95,57.3,-0.0,No,1500,2400,0,5655,125
11:44:02.676,sleep,15288,494,7580,16794,12,95,55.6,0.0,No,1500,2400,0,5626,125
11:44:03.676,sleep,15288,542,7908,16793,11,95,54.0,0.0,No,1500,2400,0,5632,125
11:44:04.676,sleep,15283,478,7330,16791,10,95,54.5,0.0,No,1500,2400,0,5562,75
11:44:05.676,sleep,15288,512,7928,16792,17,95,54.5,0.0,No,1500,2400,0,3800,75
11:44:06.676,sleep,15281,462,7580,16793,18,95,54.5,0.0,No,1500,2400,0,3503,75
11:44:07.676,sleep,15288,466,7138,16792,16,95,54.0,0.0,No,1500,2400,0,3463,75
11:44:08.676,sleep,15292,400,5622,16792,14,95,54.0,-0.0,No,1500,2400,0,3451,75
11:44:09.676,active,15273,800,12250,16790,4,95,57.9,40.1,No,2400,2400,0,3439,75
11:44:10.676,active,15279,788,10028,16789,-3,95,58.4,48.7,No,2400,2400,0,3423,75
11:44:11.680,active,15262,820,12538,16789,0,95,58.4,46.5,No,2400,2400,0,3405,75
11:44:12.678,active,15273,802,11008,16789,-3,95,59.5,49.1,No,2400,2400,0,3382,75
11:44:13.676,active,15273,752,11516,16790,-3,95,59.5,48.2,No,2400,2400,0,3368,75
11:44:14.676,active,15301,446,7340,16789,0,95,59.5,48.6,No,2400,2400,0,3382,75
11:44:15.676,active,15275,540,8256,16788,-4,95,60.6,49.4,No,2400,2400,0,5159,125
11:44:16.676,active,15277,526,10764,16790,-6,95,61.1,48.9,No,2400,2400,0,5509,125
11:44:17.676,active,15251,736,11246,16790,-5,95,61.7,48.9,No,2400,2400,0,5545,125
11:44:18.680,active,15279,682,13310,16790,0,95,61.7,48.4,No,2400,2400,0,5527,125
11:44:19.676,active,15277,716,10976,16789,0,95,61.1,47.5,No,2400,2400,0,5510,125
11:44:20.676,active,15253,810,11498,16790,0,95,60.6,48.1,No,2400,2400,0,5522,125
11:44:21.676,active,15264,762,11670,16790,0,95,61.1,48.0,No,2400,2400,0,5526,125
11:44:22.676,active,15228,782,11902,16790,0,95,61.7,48.0,No,2400,2400,0,5526,125
11:44:23.676,active,15271,876,13406,16789,0,95,62.8,47.7,No,2400,2400,0,5525,125
11:44:24.676,active,15320,462,7080,16790,0,95,62.2,46.7,No,2400,2400,0,5536,125
11:44:25.676,active,15316,476,7310,16789,0,95,61.7,48.0,No,2400,2400,0,5527,125
11:44:26.676,active,15311,442,6790,16789,-7,95,62.2,48.1,No,2400,2400,0,5527,125
11:44:27.676,active,15311,518,7948,16790,-3,95,61.1,47.5,No,2400,2400,0,5526,125
11:44:28.676,active,15307,532,8160,16791,0,95,60.6,47.6,No,2400,2400,0,5535,125
11:44:29.676,active,15303,520,7966,16790,0,95,62.2,48.2,No,2400,2400,0,5535,125
11:44:30.676,active,15305,504,7736,16789,0,95,62.2,47.9,No,2400,2400,0,5531,125
11:44:31.676,active,15294,580,8892,16790,5,95,62.2,48.7,No,2400,2400,0,5544,125
11:44:32.676,active,15303,538,8236,16790,3,95,61.7,48.1,No,2400,2400,0,5550,125
11:44:33.680,active,15283,864,7870,16790,0,95,61.7,48.2,No,2400,2400,0,5548,125
11:44:34.676,active,15283,600,9202,16790,0,95,61.7,48.4,No,2400,2400,0,5555,125
11:44:35.676,active,15275,756,7542,16789,0,95,61.7,48.8,No,2400,2400,0,5561,125
11:44:36.676,active,15281,518,7966,16790,0,95,62.2,48.7,No,2400,2400,0,5555,125
11:44:37.676,active,15311,662,7948,16790,0,95,64.5,49.0,No,2400,2400,0,5551,125
11:44:38.676,active,15301,452,6964,16789,0,95,62.2,48.2,No,2400,2400,0,5558,125
11:44:39.676,active,15307,656,8256,16790,0,95,62.2,49.2,No,2400,2400,0,5565,125
11:44:40.676,active,15286,460,7098,16790,0,95,62.2,51.5,No,2400,2400,0,5565,125
11:44:41.676,active,15359,502,7446,16789,-4,95,60.6,49.8,No,2400,2400,0,5572,125
11:44:42.676,active,15251,794,12152,16790,-3,95,61.7,46.9,No,2400,2400,0,5566,125
11:44:43.676,active,15281,840,12848,16790,0,95,62.8,48.5,No,2400,2400,0,5566,125
11:44:44.676,active,15251,714,10918,16790,0,95,63.4,47.9,No,2400,2400,0,5582,125
11:44:45.676,active,15275,690,10572,16790,-3,95,63.4,47.5,No,2400,2400,0,5595,125
11:44:46.677,active,15271,764,11690,16789,0,95,62.2,47.1,No,2400,2400,0,5571,125
11:44:47.677,active,15264,712,10918,16789,0,95,62.2,50.0,No,2400,2400,0,5566,125
11:44:48.676,active,15273,902,13792,16790,0,95,62.2,46.2,No,2400,2400,0,5571,125
11:44:49.676,active,15281,524,11574,16790,0,95,63.4,50.9,No,2400,2400,0,5569,125
11:44:50.676,active,15277,840,12866,16788,-6,95,63.4,52.7,No,2400,2400,0,5569,125
11:44:51.677,active,15348,532,8178,16789,0,95,62.8,52.9,No,2400,2400,0,5575,125
11:44:52.676,active,15333,522,6944,16789,0,95,65.0,53.8,No,2400,2400,0,5577,125
11:44:53.676,active,15352,512,7870,16788,-6,95,63.4,51.5,No,2400,2400,0,5577,125
11:44:54.680,active,15305,472,7716,16788,-7,95,62.8,50.9,No,2400,2400,0,5585,125
11:44:55.676,active,15320,482,7388,16789,-8,95,62.8,48.6,No,2400,2400,0,5571,125
11:44:56.676,active,15316,446,10176,16788,-7,95,62.8,49.4,No,2400,2400,0,5581,125
11:44:57.676,active,15309,450,6924,16788,-6,95,63.4,48.9,No,2400,2400,0,5581,125
11:44:58.676,active,15301,516,12516,16787,-6,95,62.2,48.3,No,2400,2400,0,5588,125
11:44:59.677,active,15309,596,9124,16788,-6,95,63.4,48.7,No,2400,2400,0,5582,125
11:45:00.676,active,15283,818,10204,16788,-5,95,62.8,48.5,No,2400,2400,0,5579,125
11:45:01.676,active,15283,826,12674,16788,-5,95,62.8,47.9,No,2400,2400,0,5575,125
11:45:02.676,active,15316,686,7658,16788,-5,95,62.2,48.6,No,2400,2400,0,5584,125
11:45:03.676,active,15322,520,8006,16790,0,95,63.4,47.5,No,2400,2400,0,5580,125
11:45:04.676,active,15294,648,8044,16788,-6,95,63.4,49.4,No,2400,2400,0,5581,125
11:45:05.676,active,15354,462,7118,16789,-5,95,63.4,48.3,No,2400,2400,0,5588,125
11:45:06.676,active,15309,740,8006,16790,0,95,62.8,48.5,No,2400,2400,0,5590,125
11:45:07.683,active,15335,576,8874,16789,0,95,64.5,48.6,No,2400,2400,0,5604,125
11:45:08.679,active,15305,574,7638,16790,0,95,62.2,45.6,No,2400,2400,0,5592,125
11:45:09.676,sleep,15294,494,7562,16791,0,95,60.6,21.7,No,2400,2400,0,5612,125
11:45:10.676,sleep,15292,514,7870,16791,13,95,59.5,-0.0,No,2400,2400,0,5633,125
11:45:11.676,sleep,15290,558,8546,16790,7,95,59.5,0.0,No,2400,2400,0,5626,125
11:45:12.676,sleep,15281,514,7870,16790,5,95,58.4,0.0,No,2400,2400,0,5619,125
11:45:13.676,sleep,15286,468,7176,16791,6,95,57.3,0.0,No,2400,2400,0,5635,125
11:45:14.676,sleep,15286,426,6538,16791,7,95,57.9,0.0,No,1500,2400,0,5645,125
11:45:15.676,sleep,15288,432,6616,16792,12,95,55.6,0.0,No,1500,2400,0,5635,125
11:45:16.676,sleep,15288,502,7678,16791,11,95,55.6,0.0,No,1500,2400,0,5641,125
11:45:17.676,sleep,15292,398,6114,16791,10,95,55.6,0.0,No,1500,2400,0,5642,125
11:45:18.676,sleep,15292,354,5440,16791,11,95,55.6,-0.0,No,1500,2400,0,5655,125
11:45:19.676,sleep,15296,260,3548,16792,15,95,55.1,0.3,No,1500,2400,0,4819,75
11:45:20.676,sleep,15290,348,5342,16793,14,95,56.2,-0.0,No,1500,2400,0,3665,75
11:45:21.676,sleep,15290,564,4290,16792,12,95,54.0,0.0,No,1500,2400,0,3492,75
11:45:22.676,sleep,15292,264,4050,16791,14,95,54.5,-0.0,No,1500,2400,0,3453,75
11:45:23.676,sleep,15294,576,8304,16792,13,95,54.5,0.0,No,1500,2400,0,3443,75
11:45:24.676,active,15301,718,10976,16791,10,95,56.8,36.9,No,2400,2400,0,3411,75
11:45:25.676,active,15275,786,12038,16790,0,95,57.9,48.4,No,2400,2400,0,3405,75
11:45:26.676,active,15299,852,13022,16789,0,95,59.5,48.0,No,2400,2400,0,3394,75
11:45:27.677,active,15281,700,8006,16791,0,95,59.5,48.9,No,2400,2400,0,3395,75
11:45:28.680,active,15350,492,7580,16791,0,95,60.6,48.1,No,2400,2400,0,3382,75
11:45:29.676,active,15307,658,7272,16789,0,95,59.5,48.6,No,2400,2400,0,3435,125
11:45:30.676,active,15311,484,7446,16791,0,95,60.0,47.9,No,2400,2400,0,5341,125
11:45:31.676,active,15359,500,8334,16790,5,95,60.6,48.9,No,2400,2400,0,5520,125
11:45:32.676,active,15314,530,8140,16790,0,95,61.7,48.7,No,2400,2400,0,5534,125
11:45:33.676,active,15348,564,8102,16790,0,95,61.1,46.6,No,2400,2400,0,5547,125
11:45:34.676,active,15348,466,7156,16789,0,95,61.1,47.3,No,2400,2400,0,5542,125
11:45:35.680,active,15314,492,6794,16789,-4,95,61.1,47.8,No,2400,2400,0,5547,125
11:45:36.676,active,15266,814,12480,16790,0,95,60.6,46.6,No,2400,2400,0,5518,125
11:45:37.676,active,15264,850,12790,16790,0,95,61.1,47.7,No,2400,2400,0,5536,125
11:45:38.676,active,15271,834,12770,16789,-4,95,61.7,48.1,No,2400,2400,0,5544,125
11:45:39.676,active,15268,794,14004,16789,-4,95,62.2,48.9,No,2400,2400,0,5524,125
11:45:40.676,active,15283,838,12848,16789,-4,95,62.8,48.4,No,2400,2400,0,5525,125
11:45:41.676,active,15275,916,10456,16789,-4,95,61.1,48.8,No,2400,2400,0,5527,125
11:45:42.681,active,15281,878,13464,16790,-4,95,61.1,48.3,No,2400,2400,0,5536,125
11:45:43.676,active,15281,872,10456,16790,-4,95,61.1,48.1,No,2400,2400,0,5530,125
11:45:44.676,active,15283,704,10802,16790,0,95,61.7,49.2,No,2400,2400,0,5537,125
11:45:45.676,active,15288,916,9644,16789,0,95,62.8,48.8,No,2400,2400,0,5544,125
11:45:46.676,active,15290,530,8140,16789,0,95,62.2,49.2,No,2400,2400,0,5534,125
11:45:47.676,active,15303,476,8584,16789,-3,95,62.2,47.9,No,2400,2400,0,5541,125
11:45:48.676,active,15301,580,8912,16788,0,95,61.1,47.4,No,2400,2400,0,5551,125
11:45:49.681,active,15296,478,10572,16790,0,95,62.2,51.1,No,2400,2400,0,5553,125
11:45:50.676,active,15268,530,8102,16789,0,95,60.6,55.8,No,2400,2400,0,5547,125
11:45:51.676,active,15296,644,12308,16789,-3,95,61.7,46.4,No,2400,2400,0,5559,125
11:45:52.676,active,15253,832,12712,16788,0,95,61.7,47.2,No,2400,2400,0,5553,125
11:45:53.676,active,15288,600,11844,16789,-4,95,62.8,48.2,No,2400,2400,0,5554,125
11:45:54.676,active,15236,734,11208,16790,0,95,63.4,47.7,No,2400,2400,0,5556,125
11:45:55.677,active,15309,484,7426,16787,-6,95,62.2,49.0,No,2400,2400,0,5559,125
11:45:56.679,active,15268,798,12230,16789,-4,95,61.7,49.1,No,2400,2400,0,5566,125
11:45:57.676,active,15352,510,6982,16788,-4,95,62.2,52.1,No,2400,2400,0,5565,125
11:45:58.676,active,15363,492,7580,16789,0,95,60.6,50.0,No,2400,2400,0,5559,125
11:45:59.676,active,15268,890,11882,16789,-4,95,63.4,50.3,No,2400,2400,0,5564,125
11:46:00.676,active,15309,646,9916,16789,0,95,63.4,51.7,No,2400,2400,0,5566,125
11:46:01.677,active,15283,808,7658,16789,0,95,63.9,52.3,No,2400,2400,0,5568,125
11:46:02.676,active,15322,512,7870,16788,0,95,62.8,55.9,No,2400,2400,0,5562,125
11:46:03.676,active,15316,552,8526,16788,-4,95,62.8,53.0,No,2400,2400,0,5563,125
11:46:04.676,active,15262,798,12230,16790,0,95,63.4,56.3,No,2400,2400,0,5560,125
11:46:05.676,active,15266,740,11342,16790,0,95,63.4,50.4,No,2400,2400,0,5572,125
11:46:06.676,active,15271,860,14712,16789,-5,95,63.4,49.4,No,2400,2400,0,5575,125
11:46:07.676,active,15258,916,14024,16789,0,95,63.4,49.6,No,2400,2400,0,5568,125
11:46:08.676,active,15283,648,14268,16790,0,95,63.9,46.8,No,2400,2400,0,5571,125
11:46:09.676,active,15275,812,12442,16789,-4,95,62.8,48.7,No,2400,2400,0,5562,125
11:46:10.676,active,15277,830,12712,16790,-3,95,62.8,49.2,No,2400,2400,0,5574,125
11:46:11.676,active,15260,880,13484,16790,0,95,63.4,49.4,No,2400,2400,0,5561,125
11:46:12.676,active,15279,830,12694,16789,0,95,63.9,47.3,No,2400,2400,0,5576,125
11:46:13.676,active,15299,634,9742,16788,0,95,63.9,48.6,No,2400,2400,0,5572,125
11:46:14.676,active,15299,506,11304,16788,-6,95,63.4,48.3,No,2400,2400,0,5563,125
11:46:15.676,active,15307,636,9760,16789,-5,95,63.9,50.6,No,2400,2400,0,5566,125
11:46:16.678,active,15296,512,9954,16789,-6,95,62.2,48.5,No,2400,2400,0,5573,125
11:46:17.676,active,15301,686,10474,16788,-4,95,62.2,47.6,No,2400,2400,0,5572,125
11:46:18.676,active,15277,572,11440,16788,-3,95,62.8,46.6,No,2400,2400,0,5569,125
11:46:19.676,active,15301,622,9530,16788,-4,95,62.8,46.4,No,2400,2400,0,5572,125
11:46:20.676,active,15279,720,9202,16789,-3,95,62.8,45.9,No,2400,2400,0,5582,125
11:46:21.676,active,15273,736,11266,16788,-7,95,63.4,46.0,No,2400,2400,0,5581,125
11:46:22.681,active,15314,546,8392,16789,-4,95,62.8,46.6,No,2400,2400,0,5588,125
11:46:23.679,active,15344,504,7754,16790,0,95,62.8,46.1,No,2400,2400,0,5581,125
11:46:24.676,sleep,15296,446,6848,16790,0,95,60.6,23.6,No,2400,2400,0,5613,125
11:46:25.676,sleep,15299,480,7368,16790,5,95,59.5,0.0,No,2400,2400,0,5625,125
11:46:26.676,sleep,15292,564,8642,16791,3,95,58.4,0.0,No,2400,2400,0,5623,125
11:46:27.676,sleep,15292,508,7792,16791,5,95,59.0,-0.0,No,2400,2400,0,5616,125
11:46:28.676,sleep,15290,490,7446,16792,8,95,58.4,-0.0,No,2400,2400,0,5619,125
11:46:29.676,sleep,15292,366,5612,16791,6,95,56.8,0.0,No,1500,2400,0,5622,125
11:46:30.676,sleep,15288,472,5556,16792,12,95,56.8,0.0,No,1500,2400,0,5634,125
11:46:31.676,sleep,15288,458,7022,16791,14,95,55.6,-0.0,No,1500,2400,0,5634,125
11:46:32.676,sleep,15286,412,6308,16791,12,95,55.6,-0.0,No,1500,2400,0,5633,125
11:46:33.676,sleep,15286,348,5342,16793,14,95,54.5,0.0,No,1500,2400,0,5633,125
11:46:34.676,sleep,15283,438,6712,16792,12,95,54.0,0.0,No,1500,2400,0,5631,125
11:46:35.676,sleep,15288,570,8738,16792,12,95,55.1,-0.0,No,1500,2400,0,4342,75
11:46:36.676,sleep,15294,470,7214,16791,13,95,54.0,0.0,No,1500,2400,0,3590,75
11:46:37.676,sleep,15294,300,4610,16791,12,95,54.0,0.3,No,1500,2400,0,3481,75
11:46:38.676,sleep,15292,372,5710,16793,11,95,54.0,0.0,No,1500,2400,0,3449,75
11:46:39.676,active,15339,462,7118,16791,8,95,57.3,32.7,No,2400,2400,0,3425,75
11:46:40.681,active,15294,562,12384,16790,-3,95,58.4,49.3,No,2400,2400,0,3394,75
11:46:41.685,active,15262,596,12114,16790,-6,95,59.0,48.4,No,2400,2400,0,3383,75
11:46:42.676,active,15299,772,11806,16790,0,95,60.6,47.5,No,2400,2400,0,3377,75
11:46:43.677,active,15258,702,11014,16789,0,95,59.5,47.1,No,2400,2400,0,3372,75
11:46:44.676,active,15299,816,12462,16789,-5,95,59.5,48.0,No,2400,2400,0,3374,75
11:46:45.676,active,15236,942,12086,16790,-3,95,60.0,48.1,No,2400,2400,0,4147,125
11:46:46.676,active,15256,762,11652,16790,-4,95,61.1,48.1,No,2400,2400,0,5424,125
11:46:47.676,active,15245,738,11284,16789,-3,95,60.6,49.6,No,2400,2400,0,5520,125
11:46:48.676,active,15264,724,11092,16789,0,95,61.7,47.6,No,2400,2400,0,5539,125
11:46:49.676,active,15318,492,8468,16789,0,95,61.7,46.5,No,2400,2400,0,5534,125
11:46:50.676,active,15344,556,8546,16789,0,95,61.1,48.1,No,2400,2400,0,5523,125
11:46:51.676,active,15316,512,8064,16791,0,95,60.0,47.8,No,2400,2400,0,5515,125
11:46:52.676,active,15316,460,7060,16790,0,95,61.1,48.8,No,2400,2400,0,5518,125
11:46:53.676,active,15309,536,6956,16790,0,95,61.1,49.0,No,2400,2400,0,5519,125
11:46:54.676,active,15311,460,7060,16789,0,95,62.2,48.5,No,2400,2400,0,5522,125
11:46:55.676,active,15305,482,7388,16788,-5,95,63.4,48.7,No,2400,2400,0,5523,125
11:46:56.676,active,15307,512,7850,16789,0,95,62.2,47.7,No,2400,2400,0,5524,125
11:46:57.676,active,15301,518,7948,16789,0,95,61.1,48.3,No,2400,2400,0,5531,125
11:46:58.676,active,15279,852,13040,16790,0,95,61.7,47.9,No,2400,2400,0,5521,125
11:46:59.676,active,15283,876,10416,16791,0,95,61.1,50.6,No,2400,2400,0,5538,125
11:47:00.676,active,15281,730,11188,16790,0,95,61.7,51.0,No,2400,2400,0,5540,125
11:47:01.676,active,15277,790,12558,16789,0,95,62.2,46.9,No,2400,2400,0,5541,125
11:47:02.676,active,15268,806,12366,16790,0,95,62.2,46.6,No,2400,2400,0,5546,125
11:47:03.676,active,15305,704,8970,16790,0,95,62.8,49.9,No,2400,2400,0,5548,125
11:47:04.676,active,15279,608,9336,16790,0,95,61.1,47.0,No,2400,2400,0,5547,125
11:47:05.676,active,15305,686,7972,16789,0,95,61.1,46.9,No,2400,2400,0,5529,125
11:47:06.676,active,15277,850,13022,16789,0,95,62.8,48.5,No,2400,2400,0,5549,125
11:47:07.676,active,15294,486,11266,16791,4,95,62.2,47.0,No,2400,2400,0,5554,125
11:47:08.676,active,15279,814,12480,16790,4,95,63.4,47.7,No,2400,2400,0,5550,125
11:47:09.676,active,15277,532,11092,16790,0,95,63.4,49.0,No,2400,2400,0,5535,125
11:47:10.676,active,15258,718,10976,16791,0,95,62.2,53.8,No,2400,2400,0,5543,125
11:47:11.677,active,15260,712,10996,16790,0,95,62.8,51.1,No,2400,2400,0,5558,125
11:47:12.676,active,15266,738,11304,16789,0,95,63.9,53.8,No,2400,2400,0,5554,125
11:47:13.676,active,15258,672,10648,16788,0,95,63.4,51.9,No,2400,2400,0,5551,125
11:47:14.676,active,15277,820,12558,16790,3,95,62.8,51.0,No,2400,2400,0,5565,125
11:47:15.676,active,15249,748,12616,16789,0,95,62.8,50.5,No,2400,2400,0,5569,125
11:47:16.679,active,15307,510,7850,16790,0,95,63.4,51.5,No,2400,2400,0,5559,125
11:47:17.679,active,15337,476,7310,16789,0,95,62.8,47.7,No,2400,2400,0,5564,125
11:47:18.676,active,15316,520,8006,16789,0,95,62.8,48.3,No,2400,2400,0,5563,125
11:47:19.676,active,15344,504,7736,16790,0,95,62.8,48.1,No,2400,2400,0,5569,125
11:47:20.676,active,15314,468,7176,16790,0,95,63.9,48.1,No,2400,2400,0,5573,125
11:47:21.676,active,15311,546,8392,16790,0,95,62.8,48.1,No,2400,2400,0,5566,125
11:47:22.676,active,15303,492,7562,16790,0,95,63.4,48.6,No,2400,2400,0,5575,125
11:47:23.676,active,15318,566,8680,16789,0,95,63.4,49.1,No,2400,2400,0,5578,125
11:47:24.676,active,15303,564,8642,16790,3,95,62.8,47.7,No,2400,2400,0,5581,125
11:47:25.676,active,15275,834,12790,16790,5,95,62.8,50.5,No,2400,2400,0,5595,125
11:47:26.676,active,15279,826,10898,16790,0,95,62.2,46.4,No,2400,2400,0,5563,125
11:47:27.676,active,15286,948,14526,16789,0,95,62.8,48.6,No,2400,2400,0,5567,125
11:47:28.676,active,15277,566,10572,16789,0,95,63.4,47.1,No,2400,2400,0,5587,125
11:47:29.676,active,15290,638,9800,16790,0,95,63.4,46.1,No,2400,2400,0,5589,125
11:47:30.676,active,15277,842,12210,16791,6,95,63.4,45.8,No,2400,2400,0,5578,125
11:47:31.676,active,15307,672,10300,16790,4,95,63.4,45.7,No,2400,2400,0,5567,125
11:47:32.678,active,15281,544,8372,16790,7,95,62.2,46.5,No,2400,2400,0,5582,125
11:47:33.676,active,15307,510,7832,16790,3,95,62.2,45.4,No,2400,2400,0,5584,125
11:47:34.676,active,15264,730,11170,16790,0,95,62.8,49.2,No,2400,2400,0,5584,125
11:47:35.676,active,15256,788,13214,16792,3,95,62.2,49.9,No,2400,2400,0,5579,125
11:47:36.676,active,15271,738,11304,16791,6,95,63.4,48.4,No,2400,2400,0,5577,125
11:47:37.681,active,15271,688,13136,16790,4,95,63.4,49.0,No,2400,2400,0,5583,125
11:47:38.676,active,15264,848,12982,16790,4,95,62.2,49.0,No,2400,2400,0,5578,125
11:47:39.676,sleep,15288,514,8276,16791,5,95,60.0,28.3,No,2400,2400,0,5602,125
11:47:40.676,sleep,15283,502,7678,16793,18,95,59.5,0.0,No,2400,2400,0,5625,125
11:47:41.676,sleep,15288,458,7060,16793,14,95,58.4,0.0,No,2400,2400,0,5645,125
11:47:42.676,sleep,15286,488,7484,16792,15,95,57.9,0.0,No,2400,2400,0,5640,125
11:47:43.676,sleep,15288,484,7408,16793,15,95,57.9,0.0,No,2400,2400,0,5629,125
11:47:44.676,sleep,15288,482,7388,16792,12,95,57.9,0.0,No,1500,2400,0,5622,125
11:47:45.676,sleep,15288,478,7330,16792,16,95,56.2,0.0,No,1500,2400,0,5634,125
11:47:46.676,sleep,15288,472,8002,16793,12,95,56.2,-0.0,No,1500,2400,0,5635,125
11:47:47.676,sleep,15283,344,5266,16793,13,95,55.6,0.8,No,1500,2400,0,5651,125
11:47:48.676,sleep,15281,456,5190,16793,14,95,55.6,0.0,No,1500,2400,0,5645,125
11:47:49.676,sleep,15286,368,5632,16793,19,95,54.5,0.0,No,1500,2400,0,5655,125
11:47:50.676,sleep,15292,298,4572,16793,19,95,53.5,-0.0,No,1500,2400,0,4020,75
11:47:51.676,sleep,15290,558,8564,16795,19,95,54.5,0.0,No,1500,2400,0,3536,75
11:47:52.676,sleep,15288,424,4686,16794,16,95,54.0,0.0,No,1500,2400,0,3453,75
11:47:53.676,sleep,15292,388,5940,16794,17,95,53.5,-0.0,No,1500,2400,0,3448,75
11:47:54.676,active,15348,474,6056,16790,8,95,56.2,28.8,No,2400,2400,0,3429,75
11:47:55.676,active,15352,480,7388,16790,0,95,56.8,48.1,No,2400,2400,0,3411,75
11:47:56.676,active,15348,482,7986,16790,0,95,58.4,47.7,No,2400,2400,0,3406,75
11:47:57.676,active,15314,470,7234,16791,0,95,59.0,47.7,No,2400,2400,0,3404,75
11:47:58.679,active,15331,492,7040,16791,0,95,61.1,47.1,No,2400,2400,0,3393,75
11:47:59.676,active,15309,538,8256,16790,0,95,59.5,47.5,No,2400,2400,0,3384,75
11:48:00.677,active,15318,474,7966,16790,0,95,59.5,48.8,No,2400,2400,0,3379,75
11:48:01.676,active,15273,836,12790,16790,0,95,61.1,48.8,No,2400,2400,0,4752,125
11:48:02.676,active,15260,886,13562,16791,0,95,60.6,48.9,No,2400,2400,0,5471,125
11:48:03.676,active,15271,822,12596,16791,0,95,61.1,49.0,No,2400,2400,0,5516,125
11:48:04.676,active,15277,860,13194,16791,0,95,61.7,48.5,No,2400,2400,0,5513,125
11:48:05.676,active,15277,836,12808,16790,0,95,61.1,47.4,No,2400,2400,0,5518,125
11:48:06.676,active,15275,702,10744,16790,0,95,61.1,48.7,No,2400,2400,0,5506,125
11:48:07.679,active,15283,814,10432,16789,0,95,61.1,48.2,No,2400,2400,0,5507,125
11:48:08.676,active,15283,690,10590,16791,0,95,61.1,48.3,No,2400,2400,0,5506,125
11:48:09.676,active,15271,836,15374,16789,0,95,62.2,50.7,No,2400,2400,0,5507,125
11:48:10.676,active,15296,436,6694,16790,0,95,61.7,49.8,No,2400,2400,0,5518,125
11:48:11.681,active,15318,750,11324,16790,0,95,61.7,47.6,No,2400,2400,0,5522,125
11:48:12.676,active,15309,636,9760,16791,0,95,62.2,49.0,No,2400,2400,0,5527,125
11:48:13.677,active,15307,554,10398,16790,0,95,61.1,49.1,No,2400,2400,0,5538,125
11:48:14.676,active,15281,642,9838,16790,0,95,60.6,48.1,No,2400,2400,0,5538,125
11:48:15.676,active,15277,592,11266,16789,0,95,61.1,51.6,No,2400,2400,0,5537,125
11:48:16.676,active,15228,718,10956,16790,-3,95,61.1,51.9,No,2400,2400,0,5552,125
11:48:17.676,active,15277,842,12886,16790,0,95,62.8,49.0,No,2400,2400,0,5539,125
11:48:18.676,active,15256,748,11420,16790,-5,95,62.2,47.7,No,2400,2400,0,5522,125
11:48:19.678,active,15299,702,10744,16789,-4,95,62.2,51.9,No,2400,2400,0,5526,125
11:48:20.677,active,15266,884,11786,16790,0,95,61.1,52.4,No,2400,2400,0,5537,125
11:48:21.676,active,15333,568,8738,16789,0,95,62.2,52.4,No,2400,2400,0,5531,125
11:48:22.676,active,15307,544,8410,16790,0,95,62.8,51.5,No,2400,2400,0,5541,125
11:48:23.676,active,15344,498,7638,16790,0,95,63.4,51.3,No,2400,2400,0,5542,125
11:48:24.676,active,15311,514,7350,16790,0,95,63.4,50.9,No,2400,2400,0,5549,125
11:48:25.676,active,15329,512,7850,16790,-3,95,63.9,51.5,No,2400,2400,0,5563,125
11:48:26.676,active,15307,444,6924,16789,0,95,62.8,49.9,No,2400,2400,0,5565,125
11:48:27.680,active,15301,452,6944,16789,0,95,61.7,46.7,No,2400,2400,0,5557,125
11:48:28.676,active,15260,868,13292,16790,0,95,62.2,48.1,No,2400,2400,0,5556,125
11:48:29.676,active,15277,872,13368,16790,0,95,61.7,47.9,No,2400,2400,0,5550,125
11:48:30.676,active,15260,822,12596,16789,0,95,62.8,48.6,No,2400,2400,0,5555,125
11:48:31.676,active,15273,776,11902,16789,0,95,63.4,47.9,No,2400,2400,0,5544,125
11:48:32.676,active,15277,800,12268,16789,-3,95,62.8,48.3,No,2400,2400,0,5555,125
11:48:33.676,active,15281,950,14546,16789,0,95,62.8,48.7,No,2400,2400,0,5560,125
11:48:34.680,active,15275,664,10204,16789,0,95,61.7,48.2,No,2400,2400,0,5553,125
11:48:35.676,active,15314,724,11112,16791,0,95,61.7,48.8,No,2400,2400,0,5569,125
11:48:36.676,active,15277,688,10572,16792,0,95,62.8,50.0,No,2400,2400,0,5557,125
11:48:37.676,active,15266,596,12790,16790,0,95,62.8,47.9,No,2400,2400,0,5559,125
11:48:38.676,active,15245,748,11440,16790,0,95,63.4,46.9,No,2400,2400,0,5563,125
11:48:39.676,active,15253,738,9664,16790,0,95,62.8,46.6,No,2400,2400,0,5554,125
11:48:40.679,active,15301,668,10204,16790,6,95,63.4,46.6,No,2400,2400,0,5556,125
11:48:41.677,active,15245,732,8816,16790,0,95,62.8,46.3,No,2400,2400,0,5563,125
11:48:42.676,active,15230,794,12152,16789,0,95,62.8,46.2,No,2400,2400,0,5574,125
11:48:43.676,active,15271,704,12404,16791,3,95,62.2,46.5,No,2400,2400,0,5573,125
11:48:44.676,active,15253,670,10282,16790,0,95,62.8,51.1,No,2400,2400,0,5565,125
11:48:45.676,active,15271,674,11304,16790,0,95,63.9,49.1,No,2400,2400,0,5576,125
11:48:46.676,active,15346,484,7466,16790,3,95,62.2,49.5,No,2400,2400,0,5572,125
11:48:47.681,active,15337,458,7040,16791,4,95,62.2,48.2,No,2400,2400,0,5587,125
11:48:48.676,active,15303,556,8526,16790,3,95,62.8,48.4,No,2400,2400,0,5580,125
11:48:49.676,active,15326,532,8160,16790,3,95,62.2,49.5,No,2400,2400,0,5572,125
11:48:50.676,active,15305,484,7446,16790,3,95,62.2,47.3,No,2400,2400,0,5577,125
11:48:51.676,active,15311,458,7040,16791,0,95,63.4,48.6,No,2400,2400,0,5582,125
11:48:52.680,active,15303,534,8198,16791,0,95,63.4,47.4,No,2400,2400,0,5582,125
11:48:53.676,active,15311,510,7832,16792,0,95,62.8,48.2,No,2400,2400,0,5579,125
11:48:54.676,sleep,15288,510,7832,16789,0,95,60.0,29.7,No,2400,2400,0,5590,125
11:48:55.676,sleep,15286,452,6924,16792,10,95,59.0,-0.0,No,2400,2400,0,5622,125
11:48:56.676,sleep,15288,576,7562,16793,14,95,58.4,-0.0,No,2400,2400,0,5613,125
11:48:57.676,sleep,15288,470,7194,16793,12,95,57.3,0.0,No,2400,2400,0,5611,125
11:48:58.676,sleep,15290,520,8334,16792,14,95,57.3,0.0,No,2400,2400,0,5623,125
11:48:59.676,sleep,15286,408,6250,16794,17,95,56.2,0.0,No,1500,2400,0,5622,125
11:49:00.676,sleep,15288,482,7774,16793,15,95,56.2,0.5,No,1500,2400,0,5624,125
11:49:01.676,sleep,15283,520,7986,16792,16,95,55.1,-0.0,No,1500,2400,0,5623,125
11:49:02.676,sleep,15294,462,6828,16792,11,95,55.6,0.0,No,1500,2400,0,5612,125
11:49:03.676,sleep,15288,554,8488,16794,12,95,54.0,0.0,No,1500,2400,0,5633,125
11:49:04.676,sleep,15294,522,8006,16793,12,95,54.5,-0.0,No,1500,2400,0,5588,75
11:49:05.676,sleep,15283,450,6886,16793,14,95,54.0,0.0,No,1500,2400,0,3792,75
11:49:06.676,sleep,15292,350,5342,16793,18,95,54.0,0.0,No,1500,2400,0,3493,75
11:49:07.676,sleep,15283,544,8334,16794,16,95,54.0,-0.0,No,1500,2400,0,3442,75
11:49:08.676,sleep,15283,516,7908,16793,14,95,54.0,-0.0,No,1500,2400,0,3442,75
11:49:09.676,active,15260,854,13078,16794,15,95,56.8,27.2,No,2400,2400,0,3427,75
11:49:10.676,active,15258,850,13022,16791,0,95,57.3,48.9,No,2400,2400,0,3412,75
11:49:11.676,active,15273,882,13504,16790,0,95,59.0,49.2,No,2400,2400,0,3391,75
11:49:12.676,active,15262,890,13638,16790,3,95,59.0,49.5,No,2400,2400,0,5231,125
11:49:13.676,active,15303,408,8700,16791,0,95,59.5,48.1,No,2400,2400,0,5528,125
11:49:14.676,active,15305,394,6056,16790,0,95,59.5,48.6,No,2400,2400,0,5563,125
11:49:15.676,active,15292,602,7986,16790,0,95,60.6,48.1,No,2400,2400,0,5558,125
11:49:16.676,active,15299,576,8816,16790,0,95,59.5,48.1,No,2400,2400,0,5534,125
11:49:17.676,active,15296,544,7060,16789,0,95,59.5,48.7,No,2400,2400,0,5545,125
11:49:18.676,active,15303,502,7696,16790,0,95,60.0,49.3,No,2400,2400,0,5550,125
11:49:19.676,active,15301,514,10030,16790,-3,95,61.1,51.0,No,2400,2400,0,5548,125
11:49:20.676,active,15299,550,8430,16790,-5,95,61.1,48.4,No,2400,2400,0,5543,125
11:49:21.676,active,15296,504,12404,16789,-4,95,61.7,45.7,No,2400,2400,0,5535,125
11:49:22.680,active,15322,494,7600,16790,0,95,61.1,47.1,No,2400,2400,0,5525,125
11:49:23.676,active,15299,680,8044,16790,0,95,61.1,47.1,No,2400,2400,0,5539,125
11:49:24.676,active,15283,804,12326,16790,0,95,60.6,48.6,No,2400,2400,0,5537,125
11:49:25.676,active,15354,472,7908,16790,-3,95,61.7,48.9,No,2400,2400,0,5539,125
11:49:26.676,active,15335,544,8372,16790,0,95,61.7,49.0,No,2400,2400,0,5538,125
11:49:27.676,active,15301,726,12230,16789,0,95,62.2,48.9,No,2400,2400,0,5554,125
11:49:28.681,active,15352,522,8044,16789,-3,95,61.7,52.2,No,2400,2400,0,5558,125
11:49:29.679,active,15294,742,10648,16789,-4,95,62.2,50.8,No,2400,2400,0,5553,125
11:49:30.676,active,15324,550,8448,16790,0,95,61.7,50.4,No,2400,2400,0,5557,125
11:49:31.676,active,15279,660,10108,16790,-3,95,62.8,51.9,No,2400,2400,0,5557,125
11:49:32.676,active,15251,844,12886,16789,-3,95,62.2,53.0,No,2400,2400,0,5550,125
11:49:33.676,active,15264,662,10166,16790,0,95,62.8,51.0,No,2400,2400,0,5563,125
11:49:34.676,active,15281,766,11728,16790,0,95,62.8,49.2,No,2400,2400,0,5567,125
11:49:35.676,active,15256,656,10050,16790,0,95,61.7,52.2,No,2400,2400,0,5557,125
11:49:36.680,active,15268,878,13426,16790,3,95,63.4,48.7,No,2400,2400,0,5558,125
11:49:37.676,active,15299,800,12250,16792,0,95,61.7,45.9,No,2400,2400,0,5572,125
11:49:38.676,active,15264,936,14314,16791,0,95,61.7,48.8,No,2400,2400,0,5549,125
11:49:39.676,active,15279,878,13446,16790,0,95,62.8,48.1,No,2400,2400,0,5558,125
11:49:40.676,active,15305,550,7678,16790,0,95,62.8,48.6,No,2400,2400,0,5560,125
11:49:41.676,active,15320,490,7522,16789,-3,95,63.4,48.6,No,2400,2400,0,5557,125
11:49:42.676,active,15309,576,10108,16790,0,95,62.8,47.8,No,2400,2400,0,5571,125
11:49:43.676,active,15305,486,7446,16790,0,95,62.2,48.9,No,2400,2400,0,5574,125
11:49:44.676,active,15290,504,9510,16790,0,95,61.1,48.3,No,2400,2400,0,5563,125
11:49:45.676,active,15266,654,9992,16791,3,95,62.8,49.0,No,2400,2400,0,5561,125
11:49:46.676,active,15296,526,12578,16790,0,95,62.8,46.5,No,2400,2400,0,5563,125
11:49:47.676,active,15268,684,10474,16790,0,95,62.8,46.4,No,2400,2400,0,5567,125
11:49:48.676,active,15301,514,12326,16790,0,95,62.2,46.9,No,2400,2400,0,5571,125
11:49:49.676,active,15307,678,10398,16791,0,95,62.2,45.1,No,2400,2400,0,5572,125
11:49:50.677,active,15279,462,7118,16789,0,95,62.8,45.7,No,2400,2400,0,5573,125
11:49:51.676,active,15309,656,10050,16790,0,95,61.7,47.0,No,2400,2400,0,5575,125
11:49:52.676,active,15299,480,7388,16790,0,95,62.2,47.7,No,2400,2400,0,5578,125
11:49:53.676,active,15348,520,8006,16790,0,95,63.4,46.4,No,2400,2400,0,5583,125
11:49:54.676,active,15311,534,8218,16789,-3,95,62.8,52.8,No,2400,2400,0,5572,125
11:49:55.679,active,15331,486,7466,16789,0,95,62.8,51.4,No,2400,2400,0,5569,125
11:49:56.676,active,15346,512,7870,16789,-5,95,62.8,46.7,No,2400,2400,0,5576,125
11:49:57.676,active,15322,470,7214,16790,0,95,62.8,47.9,No,2400,2400,0,5578,125
11:49:58.676,active,15275,836,12808,16789,0,95,62.8,49.5,No,2400,2400,0,5589,125
11:49:59.676,active,15279,596,13040,16789,0,95,63.4,49.6,No,2400,2400,0,5578,125
11:50:00.676,active,15275,726,11092,16788,0,95,63.4,49.4,No,2400,2400,0,5577,125
11:50:01.676,active,15283,726,12578,16790,-5,95,63.4,48.6,No,2400,2400,0,5575,125
11:50:02.680,active,15305,866,13252,16791,0,95,62.8,47.5,No,2400,2400,0,5584,125
11:50:03.676,active,15266,766,13734,16790,0,95,62.8,47.9,No,2400,2400,0,5577,125
11:50:04.676,active,15268,862,13194,16789,0,95,62.2,48.6,No,2400,2400,0,5590,125
11:50:05.676,active,15275,782,10700,16789,-3,95,62.8,49.4,No,2400,2400,0,5582,125
11:50:06.676,active,15266,858,13136,16789,0,95,62.8,47.9,No,2400,2400,0,5598,125
11:50:07.676,active,15301,448,8758,16790,0,95,63.4,49.5,No,2400,2400,0,5600,125
11:50:08.680,active,15296,550,8448,16790,0,95,63.4,48.5,No,2400,2400,0,5586,125
11:50:09.676,sleep,15292,488,7368,16789,0,95,61.1,34.3,No,2400,2400,0,5589,125
11:50:10.676,sleep,15301,454,6964,16791,11,95,60.0,-0.0,No,2400,2400,0,5619,125
11:50:11.676,sleep,15292,490,6944,16791,10,95,59.5,-0.0,No,2400,2400,0,5614,125
11:50:12.676,sleep,15290,498,7638,16791,7,95,57.9,0.0,No,2400,2400,0,5624,125
11:50:13.676,sleep,15294,462,8352,16791,5,95,57.9,0.0,No,2400,2400,0,5621,125
11:50:14.676,sleep,15288,326,4996,16791,7,95,56.8,-0.0,No,1500,2400,0,5629,125
11:50:15.676,sleep,15288,424,6982,16791,9,95,55.6,-0.0,No,1500,2400,0,5644,125
11:50:16.676,sleep,15290,414,6366,16792,12,95,55.6,0.0,No,1500,2400,0,5626,125
11:50:17.676,sleep,15290,358,5498,16792,11,95,55.6,0.0,No,1500,2400,0,5634,125
11:50:18.676,sleep,15290,448,6886,16793,13,95,54.5,-0.0,No,1500,2400,0,5635,125
11:50:19.676,sleep,15290,324,7292,16793,10,95,54.5,0.0,No,1500,2400,0,4848,75
11:50:20.676,sleep,15294,392,5998,16792,10,95,54.0,0.3,No,1500,2400,0,3667,75
11:50:21.676,sleep,15292,550,7890,16792,9,95,52.4,0.0,No,1500,2400,0,3479,75
11:50:22.676,sleep,15292,352,5400,16791,9,95,53.5,0.0,No,1500,2400,0,3447,75
11:50:23.676,sleep,15290,512,7792,16791,9,95,54.0,-0.0,No,1500,2400,0,3442,75
11:50:24.681,active,15294,434,6654,16791,5,95,56.2,24.9,No,2400,2400,0,3429,75
11:50:25.676,active,15251,878,13446,16789,-5,95,56.8,48.1,No,2400,2400,0,3400,75
11:50:26.676,active,15275,854,13060,16790,0,95,58.4,49.2,No,2400,2400,0,3384,75
11:50:27.676,active,15264,782,11960,16789,0,95,59.5,48.7,No,2400,2400,0,3373,75
11:50:28.676,active,15275,908,13908,16789,-4,95,60.0,49.4,No,2400,2400,0,3375,75
11:50:29.676,active,15273,862,13194,16789,-6,95,60.0,51.2,No,2400,2400,0,3371,75
11:50:30.676,active,15277,844,12924,16790,0,95,59.5,46.3,No,2400,2400,0,3370,75
11:50:31.677,active,15290,724,11072,16790,0,95,60.0,46.0,No,2400,2400,0,3364,75
11:50:32.676,active,15271,848,12982,16788,-4,95,60.0,51.1,No,2400,2400,0,3354,125
11:50:33.676,active,15281,818,12520,16790,-3,95,62.2,48.9,No,2400,2400,0,5265,125
11:50:34.676,active,15296,494,11420,16790,-3,95,61.7,47.1,No,2400,2400,0,5490,125
11:50:35.676,active,15294,542,8294,16790,0,95,62.8,47.8,No,2400,2400,0,5492,125
11:50:36.676,active,15294,482,13078,16789,0,95,61.7,46.2,No,2400,2400,0,5501,125
11:50:37.676,active,15238,728,11112,16789,-4,95,61.1,48.7,No,2400,2400,0,5496,125
11:50:38.676,active,15303,484,12114,16790,-3,95,60.6,49.4,No,2400,2400,0,5504,125
11:50:39.676,active,15320,642,9838,16789,-5,95,62.2,51.6,No,2400,2400,0,5493,125
11:50:40.676,active,15260,728,12326,16789,-5,95,61.7,52.8,No,2400,2400,0,5489,125
11:50:41.676,active,15305,784,11980,16789,0,95,62.8,51.8,No,2400,2400,0,5509,125
11:50:42.676,active,15268,670,10244,16789,0,95,62.8,52.3,No,2400,2400,0,5505,125
11:50:43.678,active,15279,888,13580,16788,-3,95,62.8,52.4,No,2400,2400,0,5504,125
11:50:44.676,active,15352,700,8024,16788,-7,95,62.2,51.3,No,2400,2400,0,5507,125
11:50:45.680,active,15279,890,13638,16791,0,95,61.1,49.4,No,2400,2400,0,5511,125
11:50:46.676,active,15333,556,8102,16790,0,95,62.2,49.1,No,2400,2400,0,5512,125
11:50:47.676,active,15322,476,7330,16789,0,95,62.8,46.4,No,2400,2400,0,5516,125
11:50:48.676,active,15314,474,7292,16788,-3,95,62.8,48.2,No,2400,2400,0,5521,125
11:50:49.676,active,15333,522,8024,16788,-5,95,62.8,48.8,No,2400,2400,0,5518,125
11:50:50.676,active,15322,496,7754,16789,-6,95,62.8,48.2,No,2400,2400,0,5529,125
11:50:51.681,active,15331,430,6596,16788,-7,95,62.8,47.7,No,2400,2400,0,5531,125
11:50:52.676,active,15277,840,7214,16788,-6,95,61.7,47.3,No,2400,2400,0,5538,125
11:50:53.676,active,15256,770,11768,16789,-3,95,62.2,50.0,No,2400,2400,0,5538,125
11:50:54.676,active,15258,982,12654,16788,-4,95,63.4,48.9,No,2400,2400,0,5537,125
11:50:55.676,active,15277,854,13060,16788,0,95,63.4,48.9,No,2400,2400,0,5545,125
11:50:56.676,active,15266,894,12616,16789,-4,95,63.4,47.3,No,2400,2400,0,5541,125
11:50:57.676,active,15279,834,12790,16789,-3,95,62.8,46.3,No,2400,2400,0,5545,125
11:50:58.677,active,15266,780,13734,16788,-3,95,62.2,46.3,No,2400,2400,0,5549,125
11:50:59.676,active,15275,928,14198,16789,-3,95,61.7,45.7,No,2400,2400,0,5549,125
11:51:00.676,active,15268,788,14140,16789,0,95,62.8,46.1,No,2400,2400,0,5548,125
11:51:01.676,active,15316,478,7350,16789,-3,95,62.2,45.7,No,2400,2400,0,5547,125
11:51:02.676,active,15305,660,10128,16790,0,95,63.4,46.9,No,2400,2400,0,5544,125
11:51:03.679,active,15273,608,9298,16790,0,95,63.9,46.8,No,2400,2400,0,5562,125
11:51:04.679,active,15309,786,12038,16789,-3,95,62.2,50.8,No,2400,2400,0,5557,125
11:51:05.677,active,15279,800,12250,16790,0,95,62.2,47.6,No,2400,2400,0,5558,125
11:51:06.676,active,15273,610,9356,16789,0,95,62.2,48.7,No,2400,2400,0,5557,125
11:51:07.676,active,15260,706,10802,16788,0,95,62.2,49.6,No,2400,2400,0,5558,125
11:51:08.676,active,15258,836,12790,16790,0,95,63.4,49.2,No,2400,2400,0,5580,125
11:51:09.676,active,15249,808,12346,16789,-4,95,63.4,48.0,No,2400,2400,0,5563,125
11:51:10.676,active,15256,630,9664,16789,3,95,62.8,49.0,No,2400,2400,0,5558,125
11:51:11.677,active,15316,530,6866,16789,0,95,63.9,49.1,No,2400,2400,0,5549,125
11:51:12.677,active,15309,488,7504,16789,0,95,62.2,48.6,No,2400,2400,0,5560,125
11:51:13.676,active,15348,542,7966,16790,3,95,61.7,49.0,No,2400,2400,0,5562,125
11:51:14.676,active,15339,544,8372,16790,4,95,62.2,48.7,No,2400,2400,0,5568,125
11:51:15.676,active,15316,464,6538,16790,0,95,62.2,48.1,No,2400,2400,0,5573,125
11:51:16.680,active,15333,518,7948,16788,0,95,63.9,48.4,No,2400,2400,0,5582,125
11:51:17.676,active,15309,496,8198,16790,0,95,62.8,48.6,No,2400,2400,0,5568,125
11:51:18.677,active,15307,496,7600,16790,0,95,62.2,47.9,No,2400,2400,0,5589,125
11:51:19.677,active,15303,564,8130,16790,3,95,61.7,48.6,No,2400,2400,0,5585,125
11:51:20.676,active,15283,898,13754,16789,0,95,62.2,48.5,No,2400,2400,0,5589,125
11:51:21.676,active,15273,854,13078,16790,0,95,62.8,48.1,No,2400,2400,0,5576,125
11:51:22.676,active,15281,882,13504,16789,-3,95,63.4,49.0,No,2400,2400,0,5575,125
11:51:23.676,active,15275,812,13234,16790,0,95,63.4,49.0,No,2400,2400,0,5577,125
11:51:24.676,sleep,15294,456,6982,16790,-4,95,61.1,35.3,No,2400,2400,0,5585,125
11:51:25.676,sleep,15299,436,7716,16791,11,95,60.0,0.0,No,2400,2400,0,5605,125
11:51:26.676,sleep,15286,480,7368,16790,7,95,59.0,0.0,No,2400,2400,0,5617,125
11:51:27.676,sleep,15292,470,7388,16790,5,95,57.9,0.0,No,2400,2400,0,5620,125
11:51:28.676,sleep,15288,528,8102,16793,5,95,57.3,-0.0,No,2400,2400,0,5629,125
11:51:29.676,sleep,15299,550,8448,16792,9,95,56.8,0.0,No,1500,2400,0,5643,125
11:51:30.676,sleep,15288,318,4880,16793,16,95,56.2,-0.0,No,1500,2400,0,5641,125
11:51:31.676,sleep,15296,298,7156,16792,15,95,55.1,0.0,No,1500,2400,0,5628,125
11:51:32.676,sleep,15294,404,6192,16792,12,95,55.6,0.0,No,1500,2400,0,5627,125
11:51:33.676,sleep,15290,504,7504,16792,10,95,55.6,-0.0,No,1500,2400,0,5630,125
11:51:34.676,sleep,15288,322,4958,16793,15,95,54.5,0.0,No,1500,2400,0,5636,125
11:51:35.676,sleep,15292,496,8140,16792,11,95,54.0,-0.0,No,1500,2400,0,5640,125
11:51:36.676,sleep,15283,518,7948,16791,11,95,54.0,0.0,No,1500,2400,0,5644,125
11:51:37.676,sleep,15286,258,7446,16792,11,95,54.0,-0.0,No,1500,2400,0,4446,75
11:51:38.676,sleep,15286,538,8256,16793,11,95,54.0,0.0,No,1500,2400,0,3602,75
11:51:39.676,active,15266,722,11072,16792,9,95,56.2,22.8,No,2400,2400,0,3461,75
11:51:40.676,active,15303,424,6520,16789,-7,95,56.2,45.5,No,2400,2400,0,3419,75
11:51:41.676,active,15305,306,7156,16790,-5,95,57.9,47.6,No,2400,2400,0,3402,75
11:51:42.676,active,15305,484,7446,16789,-6,95,59.0,48.6,No,2400,2400,0,3398,75
11:51:43.676,active,15314,474,7408,16789,0,95,59.5,47.0,No,2400,2400,0,3387,75
11:51:44.676,active,15301,526,8082,16789,-6,95,60.0,48.9,No,2400,2400,0,3391,75
11:51:45.676,active,15303,474,8392,16790,-5,95,60.6,47.1,No,2400,2400,0,4095,125
11:51:46.677,active,15299,430,6596,16788,-6,95,60.6,45.2,No,2400,2400,0,5427,125
11:51:47.676,active,15277,718,11014,16790,-3,95,61.7,46.7,No,2400,2400,0,5531,125
11:51:48.676,active,15273,866,12740,16788,-6,95,60.6,50.1,No,2400,2400,0,5531,125
11:51:49.676,active,15279,772,11844,16789,-6,95,61.7,51.8,No,2400,2400,0,5536,125
11:51:50.676,active,15286,834,9954,16790,0,95,62.2,53.3,No,2400,2400,0,5527,125
11:51:51.676,active,15275,714,10938,16790,0,95,62.2,51.4,No,2400,2400,0,5533,125
11:51:52.679,active,15288,690,10572,16790,0,95,62.2,52.8,No,2400,2400,0,5528,125
11:51:53.676,active,15277,662,10166,16790,0,95,61.1,49.9,No,2400,2400,0,5528,125
11:51:54.676,active,15311,764,11728,16789,0,95,60.6,48.4,No,2400,2400,0,5523,125
11:51:55.676,active,15286,456,7022,16790,0,95,61.1,50.6,No,2400,2400,0,5536,125
11:51:56.676,active,15277,558,11806,16790,0,95,61.7,48.5,No,2400,2400,0,5533,125
11:51:57.676,active,15245,830,12674,16789,-3,95,62.8,47.0,No,2400,2400,0,5523,125
11:51:58.676,active,15247,720,8718,16790,0,95,61.7,48.1,No,2400,2400,0,5545,125
11:51:59.676,active,15273,726,11130,16790,0,95,62.8,48.5,No,2400,2400,0,5553,125
11:52:00.676,active,15236,674,10416,16790,0,95,61.7,47.0,No,2400,2400,0,5558,125
11:52:01.679,active,15249,706,10842,16790,-3,95,61.7,48.6,No,2400,2400,0,5544,125
11:52:02.676,active,15271,672,13272,16790,-3,95,61.7,49.5,No,2400,2400,0,5545,125
11:52:03.676,active,15262,698,10686,16789,0,95,62.8,50.8,No,2400,2400,0,5542,125
11:52:04.676,active,15262,766,11652,16789,0,95,63.4,48.9,No,2400,2400,0,5551,125
11:52:05.676,active,15326,502,7716,16789,-3,95,62.2,48.9,No,2400,2400,0,5553,125
11:52:06.677,active,15350,756,7948,16788,-5,95,61.7,49.0,No,2400,2400,0,5545,125
11:52:07.676,active,15311,518,7948,16790,0,95,62.2,45.5,No,2400,2400,0,5549,125
11:52:08.678,active,15331,486,7600,16789,0,95,61.1,46.3,No,2400,2400,0,5571,125
11:52:09.676,active,15307,546,8372,16790,-4,95,61.7,46.8,No,2400,2400,0,5558,125
11:52:10.676,active,15318,516,7850,16789,-5,95,61.7,46.2,No,2400,2400,0,5567,125
11:52:11.676,active,15307,544,8372,16789,0,95,62.8,46.5,No,2400,2400,0,5563,125
11:52:12.677,active,15303,530,8700,16789,0,95,62.8,46.6,No,2400,2400,0,5559,125
11:52:13.676,active,15303,496,7620,16789,-5,95,62.2,46.4,No,2400,2400,0,5553,125
11:52:14.677,active,15277,782,11980,16788,-3,95,61.7,51.3,No,2400,2400,0,5557,125
11:52:15.676,active,15277,882,11200,16788,-5,95,62.2,50.5,No,2400,2400,0,5555,125
11:52:16.676,active,15277,660,10128,16789,0,95,62.2,49.6,No,2400,2400,0,5558,125
11:52:17.676,active,15277,814,8640,16789,0,95,62.8,49.5,No,2400,2400,0,5564,125
11:52:18.677,active,15281,578,8892,16790,0,95,62.2,48.4,No,2400,2400,0,5560,125
11:52:19.676,active,15281,846,9892,16789,-3,95,62.8,49.0,No,2400,2400,0,5560,125
11:52:20.676,active,15311,514,7908,16789,0,95,62.8,48.1,No,2400,2400,0,5559,125
11:52:21.680,active,15318,716,8218,16788,0,95,62.8,47.6,No,2400,2400,0,5561,125
11:52:22.676,active,15277,504,7774,16789,0,95,62.2,48.2,No,2400,2400,0,5565,125
11:52:23.676,active,15271,538,11112,16789,0,95,61.7,49.5,No,2400,2400,0,5571,125
11:52:24.676,active,15256,754,11536,16791,0,95,63.4,48.6,No,2400,2400,0,5572,125
11:52:25.676,active,15258,604,10244,16790,3,95,62.8,48.7,No,2400,2400,0,5580,125
11:52:26.676,active,15264,786,12038,16791,5,95,62.8,48.0,No,2400,2400,0,5580,125
11:52:27.676,active,15271,730,10398,16790,4,95,63.4,49.0,No,2400,2400,0,5573,125
11:52:28.676,active,15271,748,11458,16791,0,95,62.2,46.7,No,2400,2400,0,5580,125
11:52:29.676,active,15253,846,12038,16791,4,95,62.2,49.1,No,2400,2400,0,5582,125
11:52:30.676,active,15275,836,12790,16792,3,95,61.7,47.7,No,2400,2400,0,5579,125
11:52:31.676,active,15266,828,13890,16790,6,95,62.8,48.4,No,2400,2400,0,5588,125
11:52:32.676,active,15318,534,8506,16789,0,95,62.2,48.1,No,2400,2400,0,5589,125
11:52:33.683,active,15322,448,6886,16790,0,95,63.9,47.4,No,2400,2400,0,5589,125
11:52:34.676,active,15305,542,8334,16791,5,95,62.2,47.3,No,2400,2400,0,5577,125
11:52:35.677,active,15305,514,7870,16791,5,95,61.7,47.5,No,2400,2400,0,5573,125
11:52:36.676,active,15299,540,8334,16790,4,95,62.2,47.5,No,2400,2400,0,5576,125
11:52:37.676,active,15301,488,7484,16790,3,95,62.2,48.1,No,2400,2400,0,5571,125
11:52:38.676,active,15303,490,11594,16789,0,95,62.2,47.6,No,2400,2400,0,5585,125
11:52:39.676,sleep,15296,464,7118,16790,0,95,60.0,38.8,No,2400,2400,0,5584,125
11:52:40.676,sleep,15290,600,7350,16793,16,95,60.0,0.0,No,2400,2400,0,5638,125
11:52:41.676,sleep,15286,474,7252,16793,19,95,58.4,0.0,No,2400,2400,0,5631,125
11:52:42.676,sleep,15292,456,7002,16793,14,95,57.9,0.0,No,2400,2400,0,5612,125
11:52:43.676,sleep,15294,472,7252,16791,11,95,57.3,0.0,No,2400,2400,0,5623,125
11:52:44.676,sleep,15294,448,6886,16792,12,95,56.8,-0.0,No,1500,2400,0,5617,125
11:52:45.676,sleep,15288,472,7234,16793,17,95,56.2,0.0,No,1500,2400,0,5629,125
11:52:46.676,sleep,15288,472,7252,16794,15,95,55.6,-0.0,No,1500,2400,0,5626,125
11:52:47.676,sleep,15283,474,7272,16794,17,95,55.6,0.0,No,1500,2400,0,5641,125
11:52:48.676,sleep,15290,634,7986,16792,14,95,55.1,-0.0,No,1500,2400,0,5627,125
11:52:49.676,sleep,15283,480,7368,16792,12,95,54.5,0.5,No,1500,2400,0,5653,125
11:52:50.676,sleep,15294,404,6192,16793,15,95,54.5,0.3,No,1500,2400,0,4030,75
11:52:51.676,sleep,15292,490,6790,16791,11,95,54.5,-0.0,No,1500,2400,0,3533,75
11:52:52.676,sleep,15288,534,8198,16793,12,95,53.5,0.0,No,1500,2400,0,3448,75
11:52:53.676,sleep,15288,332,6628,16793,15,95,54.0,-0.0,No,1500,2400,0,3445,75
11:52:54.676,active,15294,620,9490,16793,13,95,56.8,18.6,No,2400,2400,0,3437,75
11:52:55.676,active,15271,830,11670,16790,-3,95,56.8,46.5,No,2400,2400,0,3391,75
11:52:56.679,active,15266,766,11728,16790,-5,95,56.8,48.5,No,2400,2400,0,3370,75
11:52:57.676,active,15275,858,13156,16789,-7,95,57.9,48.7,No,2400,2400,0,3376,75
11:52:58.676,active,15286,714,10956,16788,-6,95,59.5,53.0,No,2400,2400,0,3375,75
11:52:59.676,active,15303,510,7754,16789,-7,95,60.0,52.7,No,2400,2400,0,4825,125
11:53:00.681,active,15316,540,8276,16789,-3,95,61.1,51.4,No,2400,2400,0,5478,125
11:53:01.680,active,15309,526,9626,16789,0,95,60.6,51.3,No,2400,2400,0,5523,125
11:53:02.676,active,15296,486,7466,16789,-3,95,61.1,52.5,No,2400,2400,0,5521,125
11:53:03.676,active,15296,408,8738,16789,0,95,61.7,51.3,No,2400,2400,0,5517,125
11:53:04.676,active,15303,588,9008,16789,-3,95,60.0,49.1,No,2400,2400,0,5517,125
11:53:05.676,active,15307,504,9896,16789,0,95,61.7,49.7,No,2400,2400,0,5527,125
11:53:06.676,active,15318,744,11420,16790,0,95,62.2,50.3,No,2400,2400,0,5523,125
11:53:07.676,active,15256,574,11188,16790,0,95,62.2,47.0,No,2400,2400,0,5520,125
11:53:08.679,active,15307,786,11998,16789,-3,95,61.1,48.2,No,2400,2400,0,5523,125
11:53:09.676,active,15288,840,8372,16789,0,95,61.1,48.8,No,2400,2400,0,5529,125
11:53:10.676,active,15288,854,13098,16789,0,95,61.1,49.4,No,2400,2400,0,5551,125
11:53:11.676,active,15314,738,7908,16790,-4,95,61.1,48.3,No,2400,2400,0,5523,125
11:53:12.676,active,15303,554,8488,16791,0,95,62.2,50.1,No,2400,2400,0,5533,125
11:53:13.676,active,15359,506,7716,16791,0,95,60.6,49.5,No,2400,2400,0,5521,125
11:53:14.676,active,15359,486,7484,16789,0,95,62.2,47.1,No,2400,2400,0,5530,125
11:53:15.676,active,15359,490,8198,16790,0,95,61.7,48.4,No,2400,2400,0,5540,125
11:53:16.676,active,15352,450,6906,16790,0,95,61.1,48.7,No,2400,2400,0,5544,125
11:53:17.676,active,15350,514,7966,16789,0,95,62.2,46.5,No,2400,2400,0,5540,125
11:53:18.676,active,15296,572,8758,16790,0,95,61.1,46.4,No,2400,2400,0,5547,125
11:53:19.676,active,15271,910,12964,16790,0,95,62.2,47.0,No,2400,2400,0,5550,125
11:53:20.676,active,15314,592,9086,16789,0,95,63.4,46.0,No,2400,2400,0,5548,125
11:53:21.676,active,15305,798,11960,16789,-3,95,62.2,46.1,No,2400,2400,0,5548,125
11:53:22.676,active,15268,732,11208,16790,0,95,61.7,46.1,No,2400,2400,0,5549,125
11:53:23.676,active,15303,742,10918,16790,0,95,61.7,48.2,No,2400,2400,0,5561,125
11:53:24.676,active,15281,846,12964,16790,0,95,61.7,48.0,No,2400,2400,0,5553,125
11:53:25.676,active,15277,790,10590,16789,0,95,61.7,48.2,No,2400,2400,0,5554,125
11:53:26.676,active,15281,842,12886,16788,-4,95,62.8,48.6,No,2400,2400,0,5558,125
11:53:27.679,active,15307,552,8468,16790,0,95,62.8,47.7,No,2400,2400,0,5560,125
11:53:28.676,active,15299,516,9976,16791,0,95,61.7,47.7,No,2400,2400,0,5586,125
11:53:29.677,active,15316,508,7792,16791,0,95,61.7,48.5,No,2400,2400,0,5560,125
11:53:30.676,active,15301,488,10812,16790,0,95,61.7,48.6,No,2400,2400,0,5562,125
11:53:31.676,active,15305,714,10938,16790,0,95,62.2,48.5,No,2400,2400,0,5559,125
11:53:32.676,active,15301,498,12018,16789,0,95,62.8,48.4,No,2400,2400,0,5566,125
11:53:33.676,active,15299,716,10938,16789,0,95,62.8,48.1,No,2400,2400,0,5573,125
11:53:34.676,active,15273,626,13310,16790,0,95,62.8,48.0,No,2400,2400,0,5568,125
11:53:35.680,active,15294,762,11652,16791,0,95,62.8,48.1,No,2400,2400,0,5571,125
11:53:36.676,active,15314,750,8604,16790,0,95,62.8,48.4,No,2400,2400,0,5565,125
11:53:37.676,active,15354,508,7812,16789,0,95,62.2,47.8,No,2400,2400,0,5576,125
11:53:38.676,active,15311,414,7850,16790,0,95,62.2,48.6,No,2400,2400,0,5565,125
11:53:39.676,active,15311,480,7350,16791,4,95,61.7,47.5,No,2400,2400,0,5572,125
11:53:40.676,active,15341,474,7292,16791,4,95,62.8,48.5,No,2400,2400,0,5572,125
11:53:41.678,active,15311,534,8198,16790,3,95,62.8,48.4,No,2400,2400,0,5582,125
11:53:42.677,active,15326,546,8372,16790,0,95,61.7,46.4,No,2400,2400,0,5575,125
11:53:43.676,active,15307,526,8082,16789,0,95,61.7,47.1,No,2400,2400,0,5573,125
11:53:44.676,active,15331,482,7388,16790,0,95,62.2,47.1,No,2400,2400,0,5560,125
11:53:45.676,active,15266,808,12038,16789,0,95,61.7,47.8,No,2400,2400,0,5574,125
11:53:46.676,active,15260,858,13156,16790,0,95,62.8,47.9,No,2400,2400,0,5568,125
11:53:47.676,active,15281,890,10572,16790,0,95,62.8,47.7,No,2400,2400,0,5557,125
11:53:48.676,active,15286,796,12192,16789,-5,95,63.4,48.0,No,2400,2400,0,5555,125
11:53:49.676,active,15283,932,11382,16789,-7,95,62.2,47.1,No,2400,2400,0,5572,125
11:53:50.676,active,15273,702,10784,16790,0,95,60.6,48.8,No,2400,2400,0,5580,125
11:53:51.676,active,15288,898,9588,16789,0,95,62.2,48.3,No,2400,2400,0,5582,125
11:53:52.676,active,15277,674,10358,16789,0,95,61.7,48.7,No,2400,2400,0,5580,125
11:53:53.676,active,15314,654,6886,16790,0,95,62.2,49.2,No,2400,2400,0,5595,125
11:53:54.676,sleep,15305,506,7774,16791,0,95,60.6,42.7,No,2400,2400,0,5594,125
11:53:55.676,sleep,15292,438,6732,16793,12,95,59.0,-0.0,No,2400,2400,0,5608,125
11:53:56.676,sleep,15303,496,7620,16792,12,95,57.9,-0.0,No,2400,2400,0,5616,125
11:53:57.676,sleep,15292,568,8718,16792,10,95,57.3,0.0,No,2400,2400,0,5615,125
11:53:58.676,sleep,15290,462,7080,16792,13,95,57.3,0.0,No,2400,2400,0,5622,125
11:53:59.676,sleep,15301,480,7350,16793,12,95,57.3,0.5,No,1500,2400,0,5627,125
11:54:00.676,sleep,15290,534,8178,16794,18,95,56.2,-0.0,No,1500,2400,0,5629,125
11:54:01.676,sleep,15294,440,6752,16792,13,95,55.1,0.0,No,1500,2400,0,5651,125
11:54:02.676,sleep,15290,276,4244,16792,14,95,55.6,0.0,No,1500,2400,0,5521,75
11:54:03.676,sleep,15290,282,4320,16792,14,95,55.6,-0.0,No,1500,2400,0,3785,75
11:54:04.676,sleep,15292,504,7060,16794,15,95,54.5,0.0,No,1500,2400,0,3494,75
11:54:05.676,sleep,15286,564,8662,16794,16,95,54.0,0.0,No,1500,2400,0,3450,75
11:54:06.676,sleep,15290,508,7006,16793,14,95,54.5,-0.0,No,1500,2400,0,3449,75
11:54:07.676,sleep,15290,480,7350,16793,17,95,53.5,0.0,No,1500,2400,0,3437,75
11:54:08.676,sleep,15281,482,7368,16793,19,95,52.9,0.0,No,1500,2400,0,3439,75
11:54:09.676,active,15279,872,13388,16793,15,95,56.2,12.6,No,2400,2400,0,3427,75
11:54:10.676,active,15331,468,7194,16791,0,95,57.9,53.0,No,2400,2400,0,3386,75
11:54:11.679,active,15314,472,7252,16791,0,95,57.3,51.6,No,2400,2400,0,3371,75
11:54:12.676,active,15266,838,12674,16791,0,95,57.9,51.3,No,2400,2400,0,3373,75
11:54:13.675,active,15281,764,11710,16790,0,95,59.5,53.4,No,2400,2400,0,3360,75
11:54:14.676,active,15271,722,10956,16790,0,95,60.6,51.8,No,2400,2400,0,3353,75
11:54:15.676,active,15266,842,12886,16790,0,95,61.1,51.6,No,2400,2400,0,5109,125
11:54:16.676,active,15279,750,11400,16790,0,95,61.1,48.3,No,2400,2400,0,5473,125
11:54:17.680,active,15266,924,14140,16791,0,95,60.6,48.9,No,2400,2400,0,5517,125
11:54:18.680,active,15279,818,11498,16790,0,95,60.6,48.3,No,2400,2400,0,5517,125
11:54:19.676,active,15277,636,9760,16791,0,95,60.6,47.3,No,2400,2400,0,5509,125
11:54:20.676,active,15279,882,11284,16791,0,95,61.7,48.5,No,2400,2400,0,5502,125
11:54:21.676,active,15268,742,11362,16791,0,95,62.2,49.4,No,2400,2400,0,5497,125
11:54:22.676,active,15303,692,10572,16791,0,95,61.1,49.4,No,2400,2400,0,5506,125
11:54:23.680,active,15243,738,11266,16792,4,95,61.7,49.0,No,2400,2400,0,5500,125
11:54:24.676,active,15288,538,11170,16792,6,95,61.7,48.2,No,2400,2400,0,5503,125
11:54:25.680,active,15275,662,10128,16791,6,95,60.6,48.5,No,2400,2400,0,5503,125
11:54:26.676,active,15279,644,9336,16790,0,95,61.1,48.2,No,2400,2400,0,5504,125
11:54:27.676,active,15273,782,11980,16790,0,95,62.8,47.5,No,2400,2400,0,5510,125
11:54:28.676,active,15238,838,8546,16792,5,95,62.2,47.1,No,2400,2400,0,5518,125
11:54:29.676,active,15279,602,9240,16790,5,95,62.2,45.9,No,2400,2400,0,5521,125
11:54:30.676,active,15326,530,8140,16791,7,95,61.7,45.3,No,2400,2400,0,5538,125
11:54:31.682,active,15331,498,7658,16791,5,95,62.2,46.0,No,2400,2400,0,5531,125
11:54:32.677,active,15322,524,8044,16791,3,95,60.6,45.0,No,2400,2400,0,5541,125
11:54:33.676,active,15309,542,8334,16791,4,95,62.2,50.8,No,2400,2400,0,5536,125
11:54:34.676,active,15331,518,7966,16790,3,95,61.1,52.1,No,2400,2400,0,5552,125
11:54:35.676,active,15311,554,8506,16790,0,95,62.8,49.6,No,2400,2400,0,5519,125
11:54:36.676,active,15316,498,7638,16791,0,95,62.2,48.0,No,2400,2400,0,5526,125
11:54:37.677,active,15305,508,7812,16790,0,95,62.2,48.4,No,2400,2400,0,5544,125
11:54:38.676,active,15316,538,8256,16792,3,95,62.2,48.7,No,2400,2400,0,5541,125
11:54:39.676,active,15260,818,13040,16791,0,95,61.7,49.3,No,2400,2400,0,5539,125
11:54:40.676,active,15277,818,12520,16790,0,95,62.2,49.5,No,2400,2400,0,5542,125
11:54:41.676,active,15279,816,10880,16790,0,95,61.7,48.4,No,2400,2400,0,5538,125
11:54:42.676,active,15279,890,13620,16791,0,95,62.8,48.7,No,2400,2400,0,5544,125
11:54:43.680,active,15283,816,9780,16792,3,95,61.7,48.5,No,2400,2400,0,5549,125
11:54:44.676,active,15288,674,10340,16790,0,95,62.8,47.9,No,2400,2400,0,5556,125
11:54:45.676,active,15281,818,8468,16790,0,95,62.2,49.1,No,2400,2400,0,5552,125
11:54:46.676,active,15281,740,11342,16790,0,95,61.7,48.2,No,2400,2400,0,5552,125
11:54:47.676,active,15286,878,7302,16791,5,95,61.7,48.6,No,2400,2400,0,5559,125
11:54:48.676,active,15273,708,10860,16791,7,95,62.2,49.0,No,2400,2400,0,5564,125
11:54:49.676,active,15273,584,12076,16792,6,95,62.8,49.2,No,2400,2400,0,5557,125
11:54:50.676,active,15253,832,12712,16791,5,95,62.8,47.1,No,2400,2400,0,5558,125
11:54:51.676,active,15256,730,11670,16790,0,95,61.7,47.8,No,2400,2400,0,5552,125
11:54:52.680,active,15256,772,11806,16790,0,95,62.8,47.6,No,2400,2400,0,5560,125
11:54:53.676,active,15236,816,12790,16791,0,95,61.7,47.6,No,2400,2400,0,5572,125
11:54:54.676,active,15260,786,12038,16790,0,95,61.7,48.1,No,2400,2400,0,5560,125
11:54:55.676,active,15245,780,13426,16793,3,95,62.2,48.6,No,2400,2400,0,5561,125
11:54:56.676,active,15266,832,12732,16791,6,95,62.8,48.0,No,2400,2400,0,5573,125
11:54:57.676,active,15318,466,7156,16790,0,95,62.2,46.9,No,2400,2400,0,5552,125
11:54:58.676,active,15309,554,8506,16791,8,95,62.2,47.8,No,2400,2400,0,5573,125
11:54:59.681,active,15316,494,7580,16790,4,95,62.2,47.5,No,2400,2400,0,5558,125
11:55:00.676,active,15299,484,7426,16791,0,95,61.1,48.3,No,2400,2400,0,5569,125
11:55:01.676,active,15309,504,7716,16790,0,95,61.1,49.4,No,2400,2400,0,5580,125
11:55:02.676,active,15303,470,7194,16790,0,95,62.8,49.2,No,2400,2400,0,5549,125
11:55:03.676,active,15305,276,7040,16790,0,95,62.8,48.8,No,2400,2400,0,5578,125
11:55:04.676,active,15299,552,8448,16790,3,95,62.8,48.2,No,2400,2400,0,5577,125
11:55:05.676,active,15296,270,7426,16791,5,95,61.7,48.6,No,2400,2400,0,5566,125
11:55:06.680,active,15281,818,8082,16791,4,95,62.2,48.1,No,2400,2400,0,5563,125
11:55:07.676,active,15279,682,10474,16790,3,95,62.2,48.1,No,2400,2400,0,5574,125
11:55:08.676,active,15283,850,7696,16791,0,95,62.2,48.9,No,2400,2400,0,5585,125
11:55:09.676,sleep,15283,524,8064,16790,3,95,61.1,49.2,No,2400,2400,0,5564,125
11:55:10.676,sleep,15286,478,8354,16792,15,95,60.0,0.5,No,2400,2400,0,5612,125
11:55:11.676,sleep,15292,506,7754,16794,15,95,59.0,0.0,No,2400,2400,0,5617,125
11:55:12.676,sleep,15286,482,8668,16794,14,95,58.4,-0.0,No,2400,2400,0,5609,125
11:55:13.676,sleep,15292,526,8064,16794,15,95,57.9,-0.0,No,2400,2400,0,5620,125
11:55:14.676,sleep,15286,464,7118,16793,10,95,56.8,0.0,No,1500,2400,0,5614,125
11:55:15.676,sleep,15294,358,6636,16793,13,95,55.6,0.3,No,1500,2400,0,5627,125
11:55:16.676,sleep,15292,266,4572,16794,18,95,55.1,-0.0,No,1500,2400,0,5636,125
11:55:17.676,sleep,15283,464,7118,16794,16,95,55.1,0.0,No,1500,2400,0,4756,75
11:55:18.676,sleep,15290,252,7870,16794,19,95,55.1,0.0,No,1500,2400,0,3652,75
11:55:19.676,sleep,15281,304,4668,16794,18,95,54.5,0.3,No,1600,2400,0,3464,75
11:55:20.676,sleep,15288,516,5478,16793,16,95,54.0,0.0,No,1500,2400,0,3434,75
11:55:21.676,sleep,15292,456,6982,16793,16,95,54.5,0.0,No,1500,2400,0,3441,75
11:55:22.676,sleep,15283,456,6366,16794,18,95,54.0,-0.0,No,1500,2400,0,3433,75
11:55:23.676,sleep,15292,456,7002,16794,18,95,54.0,0.0,No,1500,2400,0,3441,75
11:55:24.676,active,15292,394,9202,16793,16,95,54.5,6.5,No,1700,2400,0,3434,75
11:55:25.676,active,15348,462,7118,16791,0,95,57.3,56.5,No,2400,2400,0,3379,75
11:55:26.676,active,15311,490,7522,16791,0,95,57.3,48.0,No,2400,2400,0,3377,75
11:55:27.680,active,15294,498,7658,16791,-4,95,59.0,46.4,No,2400,2400,0,3365,75
11:55:28.676,active,15316,542,8314,16791,-4,95,59.0,48.1,No,2400,2400,0,3419,125
11:55:29.676,active,15307,520,7986,16790,0,95,60.0,49.1,No,2400,2400,0,5321,125
11:55:30.676,active,15311,524,8044,16791,0,95,60.6,47.9,No,2400,2400,0,5488,125
11:55:31.676,active,15303,506,7774,16791,0,95,61.1,48.6,No,2400,2400,0,5510,125
11:55:32.681,active,15303,572,8758,16792,0,95,60.0,49.1,No,2400,2400,0,5507,125
11:55:33.676,active,15275,860,7928,16792,0,95,61.1,48.7,No,2400,2400,0,5505,125
11:55:34.676,active,15279,858,13136,16792,6,95,60.6,48.3,No,2400,2400,0,5507,125
11:55:35.676,active,15281,782,7658,16793,12,95,61.1,48.0,No,2400,2400,0,5501,125
11:55:36.676,active,15281,710,10880,16791,5,95,61.7,48.7,No,2400,2400,0,5510,125
11:55:37.676,active,15283,884,7368,16791,4,95,61.7,47.7,No,2400,2400,0,5507,125
11:55:38.676,active,15307,744,11420,16791,3,95,61.7,46.0,No,2400,2400,0,5508,125
11:55:39.676,active,15303,706,7426,16792,0,95,61.7,46.0,No,2400,2400,0,5494,125
11:55:40.676,active,15322,556,8546,16792,0,95,62.2,47.3,No,2400,2400,0,5510,125
11:55:41.678,active,15354,498,7176,16792,4,95,60.6,46.0,No,2400,2400,0,5511,125
11:55:42.676,active,15277,692,13136,16791,0,95,60.6,47.2,No,2400,2400,0,5545,125
11:55:43.677,active,15264,818,12500,16791,0,95,63.9,51.3,No,2400,2400,0,5529,125
11:55:44.676,active,15277,576,12442,16790,-5,95,63.4,51.1,No,2400,2400,0,5517,125
11:55:45.676,active,15247,720,11034,16790,-4,95,62.8,48.9,No,2400,2400,0,5530,125
11:55:46.680,active,15268,806,12848,16789,-3,95,62.2,48.1,No,2400,2400,0,5539,125
11:55:47.676,active,15283,856,13098,16790,0,95,63.4,47.6,No,2400,2400,0,5531,125
11:55:48.676,active,15268,808,13484,16790,0,95,61.1,48.0,No,2400,2400,0,5543,125
11:55:49.676,active,15264,848,12982,16789,0,95,62.2,48.0,No,2400,2400,0,5528,125
11:55:50.676,active,15286,776,12732,16789,-4,95,62.2,49.4,No,2400,2400,0,5524,125
11:55:51.676,active,15303,446,6848,16789,-4,95,62.8,49.6,No,2400,2400,0,5546,125
11:55:52.676,active,15307,456,7002,16790,0,95,62.8,48.2,No,2400,2400,0,5549,125
11:55:53.680,active,15303,550,8430,16790,0,95,63.4,49.1,No,2400,2400,0,5556,125
11:55:54.680,active,15301,576,8816,16791,0,95,61.7,46.9,No,2400,2400,0,5552,125
11:55:55.676,active,15299,542,8334,16792,0,95,61.7,48.7,No,2400,2400,0,5554,125
11:55:56.676,active,15303,688,10552,16791,0,95,62.2,48.4,No,2400,2400,0,5559,125
11:55:57.676,active,15258,556,8506,16790,0,95,62.2,48.5,No,2400,2400,0,5585,125
11:55:58.676,active,15301,678,10358,16791,0,95,62.8,49.0,No,2400,2400,0,5558,125
11:55:59.680,active,15260,668,10204,16791,0,95,62.8,47.7,No,2400,2400,0,5558,125
11:56:00.676,active,15309,492,7562,16790,0,95,62.8,46.7,No,2400,2400,0,5575,125
11:56:01.676,active,15316,712,7426,16791,3,95,61.1,47.9,No,2400,2400,0,5573,125
11:56:02.676,active,15309,556,8564,16791,3,95,61.7,47.9,No,2400,2400,0,5563,125
11:56:03.676,active,15326,532,7774,16790,0,95,61.7,48.6,No,2400,2400,0,5563,125
11:56:04.676,active,15344,552,8468,16791,0,95,61.7,47.6,No,2400,2400,0,5563,125
11:56:05.676,active,15320,496,9452,16791,0,95,63.4,48.0,No,2400,2400,0,5576,125
11:56:06.676,active,15316,526,8064,16791,0,95,61.7,48.0,No,2400,2400,0,5568,125
11:56:07.676,active,15314,470,7928,16791,0,95,61.7,47.0,No,2400,2400,0,5576,125
11:56:08.681,active,15314,504,7736,16791,0,95,62.2,48.1,No,2400,2400,0,5574,125
11:56:09.676,active,15256,836,12808,16790,0,95,60.0,47.9,No,2400,2400,0,5584,125
11:56:10.676,active,15279,786,12056,16791,3,95,61.7,48.9,No,2400,2400,0,5569,125
11:56:11.676,active,15253,840,12848,16790,0,95,61.7,48.8,No,2400,2400,0,5584,125
11:56:12.676,active,15281,820,12578,16790,0,95,63.4,48.9,No,2400,2400,0,5575,125
11:56:13.676,active,15283,704,10822,16790,0,95,62.8,48.1,No,2400,2400,0,5587,125
11:56:14.676,active,15279,802,12308,16790,0,95,61.7,48.0,No,2400,2400,0,5562,125
11:56:15.680,active,15277,720,11054,16790,0,95,61.7,48.2,No,2400,2400,0,5575,125
11:56:16.676,active,15275,790,12114,16790,0,95,61.7,48.1,No,2400,2400,0,5579,125
11:56:17.676,active,15277,538,8276,16790,0,95,62.2,48.8,No,2400,2400,0,5584,125
11:56:18.676,active,15294,498,11440,16791,0,95,61.7,49.5,No,2400,2400,0,5583,125
11:56:19.676,active,15296,564,8622,16791,3,95,62.8,51.0,No,2400,2400,0,5595,125
11:56:20.676,active,15290,518,12210,16791,0,95,61.7,45.2,No,2400,2400,0,5578,125
11:56:21.677,active,15294,678,10340,16789,0,95,62.8,46.1,No,2400,2400,0,5566,125
11:56:22.676,active,15303,490,10648,16789,0,95,62.2,46.8,No,2400,2400,0,5566,125
11:56:23.676,active,15292,818,12480,16790,-3,95,61.7,50.6,No,2400,2400,0,5573,125
11:56:24.676,sleep,15264,644,11886,16790,0,95,62.8,50.0,No,2400,2400,0,5595,125
11:56:25.676,sleep,15292,548,8410,16792,6,95,59.5,0.0,No,2400,2400,0,5640,125
11:56:26.675,sleep,15288,540,7252,16792,8,95,59.0,0.0,No,2400,2400,0,5633,125
11:56:27.676,sleep,15292,534,8198,16790,4,95,57.9,0.0,No,2400,2400,0,5609,125
11:56:28.676,sleep,15286,516,7368,16791,6,95,58.4,-0.0,No,2400,2400,0,5613,125
11:56:29.676,sleep,15290,462,7080,16792,8,95,57.9,0.0,No,2400,2400,0,5617,125
11:56:30.676,sleep,15279,506,6964,16793,13,95,56.2,0.0,No,1500,2400,0,5630,125
11:56:31.676,sleep,15281,386,5902,16794,18,95,56.2,0.3,No,1500,2400,0,5635,125
11:56:32.676,sleep,15288,404,5940,16793,15,95,55.1,-0.0,No,1500,2400,0,5631,125
11:56:33.676,sleep,15288,364,5574,16793,16,95,55.6,0.0,No,1500,2400,0,5640,125
11:56:34.676,sleep,15288,572,8410,16793,16,95,54.5,-0.0,No,1500,2400,0,5640,125
11:56:35.676,sleep,15292,352,5400,16794,13,95,54.5,0.0,No,1500,2400,0,4386,75
11:56:36.676,sleep,15288,516,7908,16795,15,95,54.0,0.0,No,1500,2400,0,3593,75
11:56:37.676,sleep,15290,374,5728,16794,16,95,54.5,0.0,No,1500,2400,0,3465,75
11:56:38.676,sleep,15286,512,7850,16793,19,95,53.5,-0.0,No,1500,2400,0,3451,75
11:56:39.676,sleep,15290,292,4456,16793,13,95,53.5,0.0,No,1500,2400,0,3443,75
11:56:40.676,active,15260,516,11652,16790,-3,95,57.3,58.1,No,2400,2400,0,3394,75
11:56:41.681,active,15279,854,13078,16790,-5,95,58.4,50.4,No,2400,2400,0,3390,75
11:56:42.676,active,15271,552,10668,16789,-7,95,59.0,47.2,No,2400,2400,0,3380,75
11:56:43.676,active,15281,862,13214,16790,-3,95,59.0,47.3,No,2400,2400,0,3365,75
11:56:44.676,active,15268,668,12808,16790,-4,95,59.5,49.9,No,2400,2400,0,3373,75
11:56:45.676,active,15296,670,10262,16790,-4,95,60.0,47.7,No,2400,2400,0,4052,125
11:56:46.676,active,15303,670,10262,16789,-5,95,60.6,46.4,No,2400,2400,0,5410,125
11:56:47.676,active,15258,536,8198,16790,-5,95,61.1,46.0,No,2400,2400,0,5520,125
11:56:48.681,active,15303,774,11824,16790,-3,95,61.1,46.6,No,2400,2400,0,5516,125
11:56:49.676,active,15275,778,11902,16789,-3,95,60.6,46.1,No,2400,2400,0,5508,125
11:56:50.676,active,15275,766,11728,16789,0,95,60.6,46.9,No,2400,2400,0,5501,125
11:56:51.676,active,15241,752,11498,16789,-6,95,60.6,46.9,No,2400,2400,0,5520,125
11:56:52.676,active,15249,588,9028,16790,-4,95,61.7,46.6,No,2400,2400,0,5519,125
11:56:53.676,active,15249,798,12192,16790,0,95,62.2,51.7,No,2400,2400,0,5520,125
11:56:54.677,active,15256,668,10244,16789,-5,95,61.7,51.0,No,2400,2400,0,5515,125
11:56:55.680,active,15335,480,8448,16790,0,95,61.7,50.5,No,2400,2400,0,5517,125
11:56:56.676,active,15301,532,8178,16791,0,95,61.1,47.7,No,2400,2400,0,5514,125
11:56:57.676,active,15341,462,7716,16791,4,95,61.1,47.7,No,2400,2400,0,5522,125
11:56:58.676,active,15314,510,7832,16790,4,95,61.7,47.7,No,2400,2400,0,5523,125
11:56:59.676,active,15324,518,7214,16790,0,95,62.2,49.2,No,2400,2400,0,5531,125
11:57:00.676,active,15326,544,8352,16790,0,95,62.8,48.2,No,2400,2400,0,5529,125
11:57:01.676,active,15314,506,7658,16790,0,95,61.7,49.1,No,2400,2400,0,5531,125
11:57:02.679,active,15320,484,7446,16790,0,95,62.2,48.6,No,2400,2400,0,5535,125
11:57:03.677,active,15296,552,7680,16791,0,95,61.1,48.4,No,2400,2400,0,5523,125
11:57:04.676,active,15273,838,12828,16791,3,95,61.1,48.3,No,2400,2400,0,5538,125
11:57:05.676,active,15268,814,13908,16789,0,95,61.1,48.8,No,2400,2400,0,5541,125
11:57:06.676,active,15273,836,12790,16791,0,95,62.2,49.0,No,2400,2400,0,5545,125
11:57:07.676,active,15281,870,11112,16791,0,95,62.8,48.5,No,2400,2400,0,5546,125
11:57:08.676,active,15277,814,12462,16791,5,95,62.8,49.0,No,2400,2400,0,5548,125
11:57:09.676,active,15283,860,8006,16790,0,95,61.1,47.6,No,2400,2400,0,5555,125
11:57:10.677,active,15279,772,11864,16790,0,95,62.2,47.6,No,2400,2400,0,5551,125
11:57:11.676,active,15283,868,10750,16790,0,95,61.7,48.5,No,2400,2400,0,5549,125
11:57:12.676,active,15279,708,10860,16790,0,95,61.7,48.2,No,2400,2400,0,5550,125
11:57:13.676,active,15301,464,12230,16791,0,95,62.2,48.9,No,2400,2400,0,5547,125
11:57:14.676,active,15253,820,12538,16790,0,95,63.4,48.6,No,2400,2400,0,5548,125
11:57:15.676,active,15296,668,12056,16791,0,95,62.8,46.9,No,2400,2400,0,5562,125
11:57:16.676,active,15223,782,11922,16791,3,95,62.2,46.9,No,2400,2400,0,5562,125
11:57:17.680,active,15273,566,14160,16791,0,95,61.7,47.1,No,2400,2400,0,5559,125
11:57:18.676,active,15283,824,12616,16792,0,95,61.1,47.4,No,2400,2400,0,5560,125
11:57:19.676,active,15241,776,11806,16792,0,95,61.1,49.2,No,2400,2400,0,5565,125
11:57:20.676,active,15279,780,11922,16791,0,95,62.2,48.6,No,2400,2400,0,5568,125
11:57:21.676,active,15260,900,13562,16790,0,95,62.8,48.8,No,2400,2400,0,5548,125
11:57:22.676,active,15307,490,7522,16790,0,95,62.2,48.0,No,2400,2400,0,5562,125
11:57:23.676,active,15324,550,8102,16791,0,95,62.2,48.4,No,2400,2400,0,5565,125
11:57:24.677,active,15305,478,7330,16791,0,95,60.6,47.6,No,2400,2400,0,5567,125
11:57:25.676,active,15303,528,7176,16791,0,95,61.7,48.9,No,2400,2400,0,5569,125
11:57:26.676,active,15307,540,8276,16790,0,95,61.7,48.7,No,2400,2400,0,5572,125
11:57:27.676,active,15307,522,8006,16790,0,95,62.2,49.3,No,2400,2400,0,5564,125
11:57:28.676,active,15299,506,7754,16789,0,95,62.2,51.0,No,2400,2400,0,5572,125
11:57:29.676,active,15301,492,7966,16790,-4,95,62.2,49.5,No,2400,2400,0,5571,125
11:57:30.676,active,15296,526,8064,16791,0,95,62.2,45.7,No,2400,2400,0,5568,125
11:57:31.676,active,15277,696,10686,16791,0,95,62.2,49.5,No,2400,2400,0,5569,125
11:57:32.676,active,15279,806,12346,16789,0,95,61.7,48.0,No,2400,2400,0,5572,125
11:57:33.676,active,15281,600,10784,16790,0,95,62.2,51.5,No,2400,2400,0,5569,125
11:57:34.676,active,15277,824,12636,16790,0,95,62.8,50.0,No,2400,2400,0,5561,125
11:57:35.679,active,15277,602,10358,16792,3,95,62.8,47.1,No,2400,2400,0,5578,125
11:57:36.676,active,15275,756,11574,16791,0,95,63.4,48.0,No,2400,2400,0,5568,125
11:57:37.677,active,15275,860,12192,16791,0,95,62.2,50.4,No,2400,2400,0,5569,125
11:57:38.676,active,15277,740,11324,16791,0,95,61.1,50.0,No,2400,2400,0,5575,125
11:57:39.676,active,15279,910,8758,16790,0,95,62.2,52.3,No,2400,2400,0,5573,125
11:57:40.676,sleep,15294,426,6538,16792,7,95,59.0,3.3,No,2400,2400,0,5615,125
11:57:41.676,sleep,15292,550,8430,16792,12,95,58.4,0.0,No,2400,2400,0,5615,125
11:57:42.676,sleep,15292,552,8448,16792,12,95,58.4,0.0,No,2400,2400,0,5626,125
11:57:43.676,sleep,15303,528,8082,16793,15,95,58.4,0.0,No,2400,2400,0,5633,125
11:57:44.676,sleep,15290,478,7330,16793,15,95,57.3,-0.0,No,2400,2400,0,5632,125
11:57:45.676,sleep,15294,266,5980,16793,16,95,56.2,0.0,No,1500,2400,0,5626,125
11:57:46.676,sleep,15279,300,4610,16794,18,95,56.2,0.0,No,1500,2400,0,5638,125
11:57:47.676,sleep,15292,498,6268,16795,20,95,55.1,-0.0,No,1500,2400,0,5632,125
11:57:48.676,sleep,15281,476,7310,16795,22,95,55.1,-0.0,No,1500,2400,0,5655,125
11:57:49.676,sleep,15288,514,7580,16794,19,95,54.5,0.0,No,1500,2400,0,4014,75
11:57:50.676,sleep,15281,404,7728,16794,19,95,54.0,-0.0,No,1500,2400,0,3533,75
11:57:51.676,sleep,15286,374,5728,16793,13,95,54.0,-0.0,No,1500,2400,0,3442,75
11:57:52.676,sleep,15286,414,6346,16793,14,95,53.5,0.5,No,1500,2400,0,3428,75
11:57:53.676,sleep,15290,560,8584,16793,18,95,52.4,-0.0,No,1500,2400,0,3423,75
11:57:54.676,sleep,15290,580,8912,16793,18,95,54.0,0.0,No,1500,2400,0,3426,75
11:57:55.676,active,15318,524,8044,16791,4,95,58.4,53.8,No,2400,2400,0,3400,75
11:57:56.676,active,15303,494,7580,16792,0,95,57.9,46.6,No,2400,2400,0,3382,75
11:57:57.676,active,15309,538,8256,16790,-3,95,58.4,45.4,No,2400,2400,0,3374,75
11:57:58.679,active,15296,474,7272,16789,0,95,59.0,46.3,No,2400,2400,0,3363,75
11:57:59.676,active,15275,856,13098,16790,0,95,59.5,46.3,No,2400,2400,0,4790,125
11:58:00.676,active,15275,778,10244,16790,0,95,59.0,46.4,No,2400,2400,0,5468,125
11:58:01.676,active,15279,826,12674,16792,0,95,60.6,47.4,No,2400,2400,0,5526,125
11:58:02.676,active,15271,808,10784,16791,-3,95,61.1,47.0,No,2400,2400,0,5530,125
11:58:03.676,active,15275,786,12038,16789,-4,95,60.6,52.1,No,2400,2400,0,5523,125
11:58:04.677,active,15277,832,8932,16790,-3,95,61.1,50.7,No,2400,2400,0,5520,125
11:58:05.677,active,15307,674,10358,16790,0,95,61.1,48.5,No,2400,2400,0,5542,125
11:58:06.676,active,15275,922,7040,16790,-7,95,61.7,49.3,No,2400,2400,0,5524,125
11:58:07.676,active,15326,414,6366,16791,-3,95,60.6,48.7,No,2400,2400,0,5518,125
11:58:08.676,active,15290,704,10764,16791,0,95,61.7,50.1,No,2400,2400,0,5522,125
11:58:09.676,active,15253,692,10572,16790,0,95,61.7,49.6,No,2400,2400,0,5518,125
11:58:10.676,active,15277,764,11710,16789,0,95,61.1,47.5,No,2400,2400,0,5527,125
11:58:11.677,active,15266,658,10070,16790,0,95,61.7,48.6,No,2400,2400,0,5531,125
11:58:12.676,active,15253,620,9490,16790,0,95,62.2,47.2,No,2400,2400,0,5536,125
11:58:13.676,active,15273,714,10938,16791,0,95,62.2,48.9,No,2400,2400,0,5536,125
11:58:14.676,active,15247,844,12906,16791,0,95,61.1,49.0,No,2400,2400,0,5542,125
11:58:15.676,active,15288,534,8198,16790,0,95,61.7,49.1,No,2400,2400,0,5550,125
11:58:16.678,active,15279,814,12462,16790,-3,95,62.2,48.3,No,2400,2400,0,5549,125
11:58:17.680,active,15318,536,7832,16791,0,95,62.8,47.8,No,2400,2400,0,5533,125
11:58:18.676,active,15303,554,8506,16792,0,95,61.7,47.1,No,2400,2400,0,5540,125
11:58:19.676,active,15316,546,7350,16792,0,95,60.6,48.4,No,2400,2400,0,5538,125
11:58:20.676,active,15303,528,8082,16791,3,95,62.2,48.6,No,2400,2400,0,5545,125
11:58:21.676,active,15307,460,9568,16790,4,95,61.7,47.8,No,2400,2400,0,5547,125
11:58:22.676,active,15303,520,7986,16790,0,95,61.7,48.4,No,2400,2400,0,5549,125
11:58:23.678,active,15299,484,7234,16791,0,95,61.7,47.8,No,2400,2400,0,5569,125
11:58:24.676,active,15299,490,7522,16791,0,95,61.7,47.5,No,2400,2400,0,5559,125
11:58:25.676,active,15294,496,10204,16790,0,95,61.1,47.2,No,2400,2400,0,5554,125
11:58:26.676,active,15314,708,10860,16790,0,95,61.7,47.5,No,2400,2400,0,5542,125
11:58:27.676,active,15283,498,7638,16790,0,95,61.7,47.7,No,2400,2400,0,5553,125
11:58:28.676,active,15307,664,10186,16790,0,95,62.2,48.2,No,2400,2400,0,5560,125
11:58:29.676,active,15283,484,7466,16791,0,95,62.2,49.3,No,2400,2400,0,5556,125
11:58:30.676,active,15346,448,6886,16791,0,95,61.7,48.4,No,2400,2400,0,5558,125
11:58:31.676,active,15311,486,7466,16790,0,95,61.7,48.2,No,2400,2400,0,5560,125
11:58:32.676,active,15348,506,7792,16789,0,95,61.7,47.7,No,2400,2400,0,5558,125
11:58:33.676,active,15359,476,7330,16790,-4,95,61.1,48.4,No,2400,2400,0,5561,125
11:58:34.676,active,15335,566,8700,16790,0,95,60.6,48.6,No,2400,2400,0,5558,125
11:58:35.676,active,15277,860,13156,16791,3,95,60.6,48.9,No,2400,2400,0,5557,125
11:58:36.676,active,15225,852,12596,16790,0,95,62.8,48.9,No,2400,2400,0,5556,125
11:58:37.676,active,15228,814,12480,16791,3,95,61.7,48.4,No,2400,2400,0,5557,125
11:58:38.676,active,15256,772,12558,16793,7,95,61.7,50.2,No,2400,2400,0,5568,125
11:58:39.676,active,15247,882,13504,16792,3,95,61.1,47.4,No,2400,2400,0,5569,125
11:58:40.676,active,15256,842,12866,16791,5,95,61.7,46.7,No,2400,2400,0,5575,125
11:58:41.676,active,15260,796,12172,16792,5,95,61.7,49.2,No,2400,2400,0,5573,125
11:58:42.676,active,15271,808,12366,16791,4,95,61.7,48.2,No,2400,2400,0,5572,125
11:58:43.676,active,15266,854,13060,16791,0,95,62.8,52.4,No,2400,2400,0,5572,125
11:58:44.676,active,15307,574,8218,16792,0,95,62.8,46.8,No,2400,2400,0,5586,125
11:58:45.677,active,15311,562,8622,16792,0,95,62.2,48.0,No,2400,2400,0,5586,125
11:58:46.676,active,15307,506,7408,16791,0,95,62.8,49.4,No,2400,2400,0,5568,125
11:58:47.676,active,15314,564,8642,16790,0,95,62.2,48.5,No,2400,2400,0,5544,125
11:58:48.676,active,15309,446,7522,16790,0,95,62.2,51.0,No,2400,2400,0,5569,125
11:58:49.676,active,15320,484,7446,16790,0,95,62.8,51.9,No,2400,2400,0,5563,125
11:58:50.676,active,15316,494,9472,16792,4,95,62.8,51.9,No,2400,2400,0,5573,125
11:58:51.676,active,15303,492,7542,16790,0,95,63.4,50.4,No,2400,2400,0,5586,125
11:58:52.681,active,15309,474,11900,16791,0,95,63.4,51.0,No,2400,2400,0,5582,125
11:58:53.676,active,15275,886,13562,16791,0,95,62.2,51.7,No,2400,2400,0,5577,125
11:58:54.676,active,15290,730,12114,16790,0,95,62.2,49.7,No,2400,2400,0,5577,125
11:58:55.676,sleep,15286,510,7832,16793,12,95,59.5,6.0,No,2400,2400,0,5611,125
11:58:56.676,sleep,15292,510,8546,16793,16,95,59.0,-0.0,No,2400,2400,0,5619,125
11:58:57.676,sleep,15292,514,7890,16793,17,95,59.0,-0.0,No,2400,2400,0,5627,125
11:58:58.676,sleep,15290,462,7812,16793,11,95,57.3,0.0,No,2400,2400,0,5623,125
11:58:59.676,sleep,15296,504,7736,16792,10,95,57.9,0.0,No,2400,2400,0,5616,125
11:59:00.676,sleep,15288,426,5670,16793,15,95,56.2,-0.0,No,1500,2400,0,5616,125
11:59:01.676,sleep,15286,432,6616,16794,16,95,55.6,0.0,No,1500,2400,0,5651,125
11:59:02.676,sleep,15288,398,6114,16794,17,95,54.5,0.0,No,1500,2400,0,5642,125
11:59:03.676,sleep,15288,400,6114,16795,19,95,54.5,0.0,No,1500,2400,0,5636,125
11:59:04.676,sleep,15286,414,6346,16793,14,95,54.5,-0.0,No,1500,2400,0,5631,75
11:59:05.676,sleep,15283,500,7658,16793,18,95,54.0,0.0,No,1500,2400,0,3892,75
11:59:06.676,sleep,15288,404,6212,16794,18,95,54.0,0.0,No,1500,2400,0,3506,75
11:59:07.676,sleep,15288,440,6752,16794,17,95,52.9,-0.0,No,1500,2400,0,3447,75
11:59:08.676,sleep,15279,470,7194,16794,17,95,54.0,-0.0,No,1500,2400,0,3419,75
11:59:09.676,sleep,15283,366,5612,16794,17,95,52.4,0.0,No,1500,2400,0,3408,75
11:59:10.676,active,15311,826,12654,16791,0,95,56.8,51.0,No,2400,2400,0,3404,75
11:59:11.676,active,15305,492,7928,16791,0,95,58.4,45.7,No,2400,2400,0,3399,75
11:59:12.676,active,15350,518,7966,16791,0,95,57.9,47.3,No,2400,2400,0,3381,75
11:59:13.684,active,15299,532,7620,16791,0,95,59.5,53.6,No,2400,2400,0,3379,75
11:59:14.676,active,15314,508,7792,16791,0,95,59.5,49.1,No,2400,2400,0,3364,75
11:59:15.676,active,15307,436,6500,16792,0,95,60.0,50.3,No,2400,2400,0,3357,75
11:59:16.676,active,15309,450,6886,16789,-4,95,59.5,48.1,No,2400,2400,0,3355,75
11:59:17.676,active,15299,518,10474,16790,0,95,61.1,49.5,No,2400,2400,0,4910,125
11:59:18.679,active,15307,600,9202,16791,0,95,61.1,48.5,No,2400,2400,0,5478,125
11:59:19.676,active,15303,498,12114,16792,0,95,61.1,48.7,No,2400,2400,0,5512,125
11:59:20.678,active,15309,708,10880,16792,4,95,61.1,49.3,No,2400,2400,0,5506,125
11:59:21.676,active,15273,610,8372,16792,0,95,60.0,49.0,No,2400,2400,0,5509,125
11:59:22.676,active,15305,696,10686,16792,0,95,60.6,48.4,No,2400,2400,0,5494,125
11:59:23.676,active,15277,572,8816,16791,0,95,61.1,49.5,No,2400,2400,0,5497,125
11:59:24.676,active,15307,704,10802,16790,0,95,62.2,48.9,No,2400,2400,0,5506,125
11:59:25.680,active,15311,470,7214,16791,0,95,61.1,48.9,No,2400,2400,0,5518,125
11:59:26.676,active,15350,468,7194,16791,0,95,61.7,48.4,No,2400,2400,0,5497,125
11:59:27.676,active,15318,558,8564,16791,0,95,60.0,48.7,No,2400,2400,0,5500,125
11:59:28.677,active,15329,544,8352,16790,0,95,61.7,48.1,No,2400,2400,0,5509,125
11:59:29.676,active,15238,840,12828,16790,0,95,60.6,49.1,No,2400,2400,0,5513,125
11:59:30.676,active,15253,836,12578,16790,0,95,61.7,48.0,No,2400,2400,0,5527,125
11:59:31.676,active,15262,754,11536,16790,-4,95,62.2,48.5,No,2400,2400,0,5521,125
11:59:32.678,active,15273,806,13542,16792,0,95,62.8,47.6,No,2400,2400,0,5523,125
11:59:33.680,active,15256,826,12654,16791,0,95,63.4,46.3,No,2400,2400,0,5540,125
11:59:34.676,active,15283,718,13522,16790,0,95,62.2,47.3,No,2400,2400,0,5540,125
11:59:35.676,active,15253,878,13464,16790,0,95,61.1,46.9,No,2400,2400,0,5533,125
11:59:36.676,active,15279,820,10456,16791,0,95,61.7,47.9,No,2400,2400,0,5538,125
11:59:37.676,active,15262,882,13522,16791,0,95,61.7,47.9,No,2400,2400,0,5531,125
11:59:38.676,active,15309,488,7522,16791,-3,95,62.2,48.9,No,2400,2400,0,5549,125
11:59:39.676,active,15292,480,7368,16790,-4,95,62.2,48.9,No,2400,2400,0,5551,125
11:59:40.676,active,15303,444,6404,16791,-3,95,61.1,47.7,No,2400,2400,0,5547,125
11:59:41.676,active,15296,444,6790,16790,-3,95,61.7,48.6,No,2400,2400,0,5550,125
11:59:42.676,active,15296,540,8430,16790,-6,95,61.1,48.1,No,2400,2400,0,5550,125
11:59:43.676,active,15299,660,10128,16792,0,95,61.7,49.2,No,2400,2400,0,5547,125
11:59:44.676,active,15299,566,11574,16791,-3,95,62.2,48.9,No,2400,2400,0,5549,125
11:59:45.676,active,15275,672,10282,16791,-3,95,62.2,48.8,No,2400,2400,0,5556,125
11:59:46.676,active,15292,526,13464,16790,0,95,62.2,48.0,No,2400,2400,0,5552,125
11:59:47.676,active,15352,772,11786,16791,3,95,61.1,47.8,No,2400,2400,0,5550,125
11:59:48.677,active,15320,524,8064,16790,0,95,61.1,52.0,No,2400,2400,0,5554,125
11:59:49.676,active,15333,486,7484,16791,0,95,61.7,47.4,No,2400,2400,0,5567,125
11:59:50.676,active,15305,446,6866,16791,0,95,61.7,47.2,No,2400,2400,0,5553,125
11:59:51.676,active,15350,502,8248,16790,0,95,61.7,47.6,No,2400,2400,0,5545,125
11:59:52.680,active,15283,866,13252,16790,0,95,63.4,52.9,No,2400,2400,0,5537,125
11:59:53.679,active,15320,500,7678,16789,-4,95,63.4,48.9,No,2400,2400,0,5568,125
11:59:54.676,active,15318,494,7580,16791,0,95,62.2,47.7,No,2400,2400,0,5578,125
11:59:55.681,active,15275,892,13658,16792,0,95,62.8,48.7,No,2400,2400,0,5562,125
11:59:56.676,active,15316,390,5980,16791,0,95,61.7,48.9,No,2400,2400,0,5562,125
11:59:57.676,active,15264,726,10898,16791,4,95,62.2,47.6,No,2400,2400,0,5562,125
11:59:58.676,active,15277,882,13522,16790,0,95,62.2,51.5,No,2400,2400,0,5567,125
11:59:59.676,active,15273,780,14410,16790,0,95,63.9,51.5,No,2400,2400,0,5554,125
12:00:00.676,active,15286,762,11690,16791,3,95,63.4,53.9,No,2400,2400,0,5566,125
12:00:01.681,active,15262,856,12520,16792,4,95,63.9,52.0,No,2400,2400,0,5561,125
12:00:02.680,active,15279,938,14372,16791,0,95,62.2,51.3,No,2400,2400,0,5544,125
12:00:03.676,active,15283,758,11440,16790,0,95,62.2,50.5,No,2400,2400,0,5577,125
12:00:04.676,active,15281,924,14140,16789,0,95,62.2,51.9,No,2400,2400,0,5563,125
12:00:05.676,active,15277,826,10358,16790,0,95,62.2,48.9,No,2400,2400,0,5567,125
12:00:06.676,active,15309,504,7736,16790,0,95,63.9,46.9,No,2400,2400,0,5578,125
12:00:07.681,active,15299,574,8776,16790,0,95,62.8,48.8,No,2400,2400,0,5556,125
12:00:08.680,active,15294,486,7446,16791,0,95,62.8,47.8,No,2400,2400,0,5558,125
12:00:09.676,active,15294,864,13176,16790,0,95,62.2,46.7,No,2400,2400,0,5554,125
12:00:10.676,sleep,15292,472,7252,16793,10,95,59.5,9.3,No,2400,2400,0,5595,125
12:00:11.676,sleep,15288,494,7580,16793,15,95,59.0,0.0,No,2400,2400,0,5614,125
12:00:12.676,sleep,15292,492,7542,16793,15,95,59.0,-0.0,No,2400,2400,0,5613,125
12:00:13.676,sleep,15301,540,8276,16794,16,95,57.9,-0.0,No,2400,2400,0,5611,125
12:00:14.676,sleep,15290,456,7002,16793,17,95,56.2,0.0,No,2400,2400,0,5609,125
12:00:15.676,sleep,15290,548,8410,16794,16,95,56.2,0.0,No,1500,2400,0,5631,125
12:00:16.676,sleep,15286,530,7562,16794,19,95,55.6,0.0,No,1500,2400,0,5021,75
12:00:17.676,sleep,15286,516,7890,16794,17,95,55.6,0.0,No,1500,2400,0,3687,75
12:00:18.676,sleep,15288,494,5768,16794,19,95,55.1,0.0,No,1500,2400,0,3487,75
12:00:19.676,sleep,15292,528,8082,16793,15,95,54.5,0.0,No,1500,2400,0,3447,75
12:00:20.676,sleep,15290,472,6712,16794,14,95,54.0,-0.0,No,1500,2400,0,3433,75
12:00:21.676,sleep,15286,396,6076,16794,14,95,54.0,0.3,No,1500,2400,0,3408,75
12:00:22.676,sleep,15283,440,8006,16793,14,95,54.0,0.0,No,1500,2400,0,3413,75
12:00:23.676,sleep,15288,500,7658,16793,17,95,54.0,0.0,No,1500,2400,0,3411,75
12:00:24.676,sleep,15283,310,5286,16793,15,95,55.1,-0.0,No,1500,2400,0,3409,75
12:00:25.676,active,15268,726,11112,16790,0,95,56.2,49.0,No,2400,2400,0,3381,75
12:00:26.676,active,15260,796,13620,16792,0,95,58.4,49.1,No,2400,2400,0,3381,75
12:00:27.679,active,15277,830,12712,16792,0,95,59.0,47.9,No,2400,2400,0,3363,75
12:00:28.680,active,15258,790,12808,16793,5,95,60.0,47.5,No,2400,2400,0,3351,75
12:00:29.676,active,15279,820,12558,16791,3,95,60.0,48.6,No,2400,2400,0,3343,125
12:00:30.676,active,15266,884,14468,16791,0,95,59.5,48.6,No,2400,2400,0,5216,125
12:00:31.676,active,15283,896,13734,16791,4,95,60.0,48.9,No,2400,2400,0,5478,125
12:00:32.676,active,15277,526,8082,16791,0,95,60.6,48.6,No,2400,2400,0,5489,125
12:00:33.676,active,15296,468,11690,16792,0,95,61.1,49.6,No,2400,2400,0,5483,125
12:00:34.677,active,15301,630,9644,16792,3,95,61.1,48.0,No,2400,2400,0,5486,125
12:00:35.683,active,15258,536,10262,16790,0,95,61.1,48.9,No,2400,2400,0,5490,125
12:00:36.679,active,15253,714,10898,16790,-3,95,61.1,48.4,No,2400,2400,0,5498,125
12:00:37.676,active,15268,660,11362,16791,0,95,60.6,47.9,No,2400,2400,0,5486,125
12:00:38.676,active,15275,822,12578,16791,0,95,59.5,49.3,No,2400,2400,0,5490,125
12:00:39.676,active,15241,814,13368,16791,0,95,60.6,47.8,No,2400,2400,0,5497,125
12:00:40.676,active,15249,828,12674,16791,0,95,61.7,47.3,No,2400,2400,0,5502,125
12:00:41.676,active,15230,784,12674,16791,0,95,60.6,47.0,No,2400,2400,0,5505,125
12:00:42.676,active,15320,504,7754,16791,0,95,62.2,47.1,No,2400,2400,0,5513,125
12:00:43.681,active,15320,486,7466,16792,0,95,61.7,46.6,No,2400,2400,0,5513,125
12:00:44.676,active,15318,512,7870,16793,3,95,61.7,48.2,No,2400,2400,0,5518,125
12:00:45.676,active,15316,534,8198,16791,3,95,62.2,47.5,No,2400,2400,0,5516,125
12:00:46.676,active,15294,544,8334,16790,0,95,61.1,48.0,No,2400,2400,0,5523,125
12:00:47.676,active,15316,484,7408,16790,0,95,61.7,48.2,No,2400,2400,0,5521,125
12:00:48.676,active,15299,518,7948,16790,-3,95,61.7,48.2,No,2400,2400,0,5536,125
12:00:49.676,active,15307,566,8680,16792,0,95,61.7,49.0,No,2400,2400,0,5524,125
12:00:50.681,active,15281,548,8410,16792,3,95,62.2,48.1,No,2400,2400,0,5536,125
12:00:51.676,active,15286,924,14140,16791,4,95,61.7,48.4,No,2400,2400,0,5536,125
12:00:52.676,active,15279,776,8662,16790,0,95,61.7,48.7,No,2400,2400,0,5537,125
12:00:53.676,active,15309,690,10572,16790,-3,95,62.2,48.8,No,2400,2400,0,5546,125
12:00:54.676,active,15283,894,8372,16790,3,95,62.2,48.6,No,2400,2400,0,5544,125
12:00:55.676,active,15337,552,8488,16790,0,95,62.2,49.0,No,2400,2400,0,5546,125
12:00:56.676,active,15301,738,8102,16791,0,95,62.2,48.0,No,2400,2400,0,5548,125
12:00:57.680,active,15346,434,6694,16790,0,95,61.7,48.1,No,2400,2400,0,5550,125
12:00:58.676,active,15283,328,7754,16790,0,95,61.7,52.3,No,2400,2400,0,5550,125
12:00:59.676,active,15232,766,7292,16791,0,95,61.7,47.7,No,2400,2400,0,5549,125
12:01:00.677,active,15301,760,11612,16791,0,95,62.2,47.1,No,2400,2400,0,5554,125
12:01:01.676,active,15228,796,12520,16791,0,95,62.2,47.6,No,2400,2400,0,5550,125
12:01:02.676,active,15241,756,11612,16791,0,95,62.8,49.1,No,2400,2400,0,5555,125
12:01:03.676,active,15256,794,13040,16792,0,95,62.2,48.0,No,2400,2400,0,5565,125
12:01:04.680,active,15243,800,12268,16791,0,95,62.2,49.9,No,2400,2400,0,5572,125
12:01:05.676,active,15253,878,12346,16790,0,95,61.7,48.5,No,2400,2400,0,5549,125
12:01:06.676,active,15251,812,12442,16791,0,95,63.4,52.5,No,2400,2400,0,5554,125
12:01:07.676,active,15264,868,12056,16791,0,95,62.8,51.6,No,2400,2400,0,5562,125
12:01:08.676,active,15318,510,7850,16791,0,95,63.9,52.5,No,2400,2400,0,5569,125
12:01:09.680,active,15311,538,8236,16792,0,95,62.2,48.0,No,2400,2400,0,5569,125
12:01:10.676,active,15303,476,7310,16792,0,95,61.7,50.5,No,2400,2400,0,5567,125
12:01:11.680,active,15348,474,7272,16791,3,95,62.2,52.5,No,2400,2400,0,5573,125
12:01:12.676,active,15314,530,8140,16791,0,95,63.4,53.8,No,2400,2400,0,5567,125
12:01:13.681,active,15337,532,8178,16791,0,95,64.5,54.0,No,2400,2400,0,5571,125
12:01:14.676,active,15301,572,8776,16792,3,95,63.9,52.2,No,2400,2400,0,5560,125
12:01:15.676,active,15299,620,9490,16792,3,95,62.8,50.5,No,2400,2400,0,5561,125
12:01:16.678,active,15294,514,7890,16792,0,95,62.8,45.5,No,2400,2400,0,5569,125
12:01:17.676,active,15283,852,13040,16791,0,95,63.4,49.0,No,2400,2400,0,5576,125
12:01:18.677,active,15275,874,7638,16791,0,95,61.7,46.9,No,2400,2400,0,5568,125
12:01:19.676,active,15279,668,10262,16792,3,95,63.4,48.7,No,2400,2400,0,5572,125
12:01:20.676,active,15279,850,8120,16792,4,95,62.8,48.7,No,2400,2400,0,5578,125
12:01:21.676,active,15281,690,10590,16792,7,95,63.9,49.2,No,2400,2400,0,5576,125
12:01:22.676,active,15309,644,8082,16792,6,95,63.4,49.2,No,2400,2400,0,5582,125
12:01:23.677,active,15286,426,6558,16792,4,95,63.4,49.0,No,2400,2400,0,5584,125
12:01:24.677,active,15307,652,7754,16790,0,95,62.8,49.0,No,2400,2400,0,5581,125
12:01:25.676,sleep,15292,528,8082,16795,8,95,60.0,12.8,No,2400,2400,0,5609,125
12:01:26.676,sleep,15292,476,7310,16794,11,95,59.5,-0.0,No,2400,2400,0,5614,125
12:01:27.676,sleep,15288,492,7522,16794,15,95,59.0,0.0,No,2400,2400,0,5617,125
12:01:28.676,sleep,15286,456,6982,16793,11,95,57.9,0.0,No,2400,2400,0,5628,125
12:01:29.676,sleep,15288,508,7774,16792,9,95,57.3,0.0,No,2400,2400,0,5624,125
12:01:30.676,sleep,15286,438,6732,16794,12,95,56.2,-0.0,No,1500,2400,0,5636,125
12:01:31.676,sleep,15283,364,5594,16794,15,95,55.6,0.0,No,1500,2400,0,5648,125
12:01:32.676,sleep,15288,434,6654,16794,15,95,55.6,-0.0,No,1500,2400,0,5642,125
12:01:33.676,sleep,15290,472,7252,16794,14,95,54.5,0.0,No,1500,2400,0,5644,125
12:01:34.676,sleep,15286,334,5130,16794,14,95,55.6,0.0,No,1500,2400,0,4578,75
12:01:35.676,sleep,15294,464,7562,16794,14,95,54.5,0.0,No,1500,2400,0,3611,75
12:01:36.676,sleep,15290,362,5556,16794,12,95,54.5,-0.0,No,1500,2400,0,3464,75
12:01:37.676,sleep,15290,214,2584,16794,14,95,54.0,0.0,No,1500,2400,0,3446,75
12:01:38.676,sleep,15292,544,8352,16793,8,95,54.5,0.0,No,1500,2400,0,3434,75
12:01:39.676,sleep,15290,412,7638,16794,13,95,54.5,-0.0,No,1500,2400,0,3428,75
12:01:40.676,active,15301,566,8700,16791,0,95,57.3,46.2,No,2400,2400,0,3399,75
12:01:41.676,active,15292,714,10918,16791,-3,95,57.9,49.4,No,2400,2400,0,3379,75
12:01:42.676,active,15271,528,8082,16792,0,95,59.5,48.6,No,2400,2400,0,3384,75
12:01:43.679,active,15286,850,13002,16792,-3,95,60.0,48.3,No,2400,2400,0,3765,125
12:01:44.680,active,15311,720,13234,16789,-7,95,60.0,46.7,No,2400,2400,0,5402,125
12:01:45.677,active,15350,516,7928,16790,-3,95,59.5,47.7,No,2400,2400,0,5534,125
12:01:46.676,active,15337,498,7928,16789,-12,95,60.0,48.9,No,2400,2400,0,5527,125
12:01:47.676,active,15318,478,7350,16790,-6,95,60.0,49.3,No,2400,2400,0,5524,125
12:01:48.676,active,15329,440,8218,16791,-3,95,60.0,48.1,No,2400,2400,0,5542,125
12:01:49.676,active,15311,508,7812,16791,-3,95,61.1,47.6,No,2400,2400,0,5525,125
12:01:50.680,active,15337,486,8448,16791,0,95,61.1,47.7,No,2400,2400,0,5510,125
12:01:51.676,active,15299,486,7446,16790,-5,95,61.1,46.2,No,2400,2400,0,5523,125
12:01:52.677,active,15301,520,8410,16792,-3,95,60.6,47.2,No,2400,2400,0,5539,125
12:01:53.676,active,15273,822,13638,16792,0,95,61.1,47.4,No,2400,2400,0,5524,125
12:01:54.676,active,15258,854,13078,16791,-6,95,61.7,48.4,No,2400,2400,0,5522,125
12:01:55.676,active,15277,786,11072,16788,-7,95,61.7,47.4,No,2400,2400,0,5523,125
12:01:56.676,active,15273,754,11554,16788,-7,95,61.7,48.1,No,2400,2400,0,5530,125
12:01:57.677,active,15283,848,9972,16790,-5,95,62.2,46.4,No,2400,2400,0,5536,125
12:01:58.676,active,15311,690,10590,16788,-12,95,62.2,48.7,No,2400,2400,0,5536,125
12:01:59.681,active,15283,842,7580,16790,-9,95,61.1,48.5,No,2400,2400,0,5544,125
12:02:00.676,active,15307,710,10898,16790,0,95,60.6,49.2,No,2400,2400,0,5533,125
12:02:01.676,active,15311,710,9008,16790,-3,95,61.7,48.9,No,2400,2400,0,5534,125
12:02:02.676,active,15299,660,10128,16790,-3,95,62.2,48.8,No,2400,2400,0,5549,125
12:02:03.676,active,15294,730,11150,16790,-6,95,62.2,48.6,No,2400,2400,0,5551,125
12:02:04.676,active,15277,600,9182,16790,-6,95,62.2,48.0,No,2400,2400,0,5555,125
12:02:05.676,active,15266,850,13002,16789,-7,95,61.1,48.9,No,2400,2400,0,5560,125
12:02:06.678,active,15241,810,12366,16789,-7,95,61.1,48.3,No,2400,2400,0,5567,125
12:02:07.676,active,15286,852,13040,16789,-6,95,61.1,47.8,No,2400,2400,0,5554,125
12:02:08.676,active,15221,788,12018,16790,-8,95,61.7,52.6,No,2400,2400,0,5553,125
12:02:09.676,active,15225,832,12732,16791,-5,95,61.1,46.0,No,2400,2400,0,5562,125
12:02:10.677,active,15277,726,11130,16790,-5,95,63.4,46.7,No,2400,2400,0,5557,125
12:02:11.676,active,15309,490,7504,16789,-4,95,61.7,47.6,No,2400,2400,0,5559,125
12:02:12.677,active,15316,466,9144,16789,-3,95,62.2,49.1,No,2400,2400,0,5558,125
12:02:13.682,active,15303,540,8276,16789,-4,95,61.1,49.1,No,2400,2400,0,5563,125
12:02:14.676,active,15307,724,7350,16790,-4,95,62.2,51.4,No,2400,2400,0,5564,125
12:02:15.676,active,15316,458,7040,16790,-5,95,62.2,51.4,No,2400,2400,0,5577,125
12:02:16.676,active,15316,496,8044,16789,-6,95,62.8,49.2,No,2400,2400,0,5571,125
12:02:17.676,active,15281,498,7678,16789,-5,95,62.8,50.3,No,2400,2400,0,5562,125
12:02:18.676,active,15309,500,6828,16790,-5,95,63.9,52.4,No,2400,2400,0,5565,125
12:02:19.676,active,15307,486,7484,16789,-8,95,62.8,53.3,No,2400,2400,0,5566,125
12:02:20.676,active,15264,812,12538,16790,-4,95,62.2,50.6,No,2400,2400,0,5567,125
12:02:21.676,active,15283,770,11806,16790,-3,95,62.8,51.4,No,2400,2400,0,5581,125
12:02:22.676,active,15273,782,11170,16790,-3,95,62.2,52.3,No,2400,2400,0,5572,125
12:02:23.676,active,15279,836,12828,16790,-3,95,63.9,52.7,No,2400,2400,0,5568,125
12:02:24.681,active,15281,748,13118,16789,0,95,63.9,51.1,No,2400,2400,0,5565,125
12:02:25.676,active,15354,474,7292,16790,0,95,62.2,48.3,No,2400,2400,0,5569,125
12:02:26.676,active,15277,822,10088,16791,0,95,62.2,45.8,No,2400,2400,0,5573,125
12:02:27.676,active,15292,718,11014,16792,0,95,62.8,47.3,No,2400,2400,0,5572,125
12:02:28.676,active,15279,878,11092,16791,0,95,62.8,48.3,No,2400,2400,0,5559,125
12:02:29.676,active,15258,742,11362,16791,0,95,62.8,48.6,No,2400,2400,0,5578,125
12:02:30.676,active,15307,690,10572,16790,0,95,63.9,48.8,No,2400,2400,0,5563,125
12:02:31.676,active,15234,712,10860,16790,0,95,62.8,49.0,No,2400,2400,0,5575,125
12:02:32.681,active,15268,612,10938,16791,0,95,62.8,49.1,No,2400,2400,0,5581,125
12:02:33.676,active,15275,710,10880,16791,0,95,62.8,48.5,No,2400,2400,0,5569,125
12:02:34.679,active,15251,644,10918,16791,0,95,62.8,48.1,No,2400,2400,0,5573,125
12:02:35.676,active,15260,676,10340,16790,0,95,62.8,48.6,No,2400,2400,0,5577,125
12:02:36.676,active,15279,684,12694,16790,0,95,62.8,46.6,No,2400,2400,0,5585,125
12:02:37.676,active,15290,642,9838,16791,0,95,63.4,46.5,No,2400,2400,0,5595,125
12:02:38.676,active,15277,486,7504,16789,-4,95,62.8,47.0,No,2400,2400,0,5584,125
12:02:39.676,active,15326,440,6752,16790,-5,95,62.8,46.0,No,2400,2400,0,5578,125
12:02:40.676,sleep,15286,482,7388,16792,0,95,59.5,14.7,No,2400,2400,0,5599,125
12:02:41.676,sleep,15292,488,7484,16793,11,95,59.5,-0.0,No,2400,2400,0,5614,125
12:02:42.676,sleep,15294,458,7252,16792,9,95,58.4,0.0,No,2400,2400,0,5627,125
12:02:43.676,sleep,15292,540,8294,16792,12,95,57.9,0.0,No,2400,2400,0,5623,125
12:02:44.676,sleep,15290,620,7928,16791,9,95,57.3,0.0,No,2400,2400,0,5620,125
12:02:45.676,sleep,15288,342,5246,16793,10,95,56.8,0.0,No,1500,2400,0,5626,125
12:02:46.676,sleep,15290,422,6828,16793,9,95,56.2,0.0,No,1500,2400,0,5638,125
12:02:47.676,sleep,15290,492,7542,16793,13,95,56.2,-0.0,No,1500,2400,0,5644,125
12:02:48.676,sleep,15288,494,7562,16793,11,95,54.5,0.0,No,1500,2400,0,4119,75
12:02:49.676,sleep,15294,372,5710,16792,10,95,55.6,0.3,No,1500,2400,0,3547,75
12:02:50.676,sleep,15290,378,5806,16792,10,95,55.1,-0.0,No,1500,2400,0,3453,75
12:02:51.676,sleep,15286,410,6288,16794,11,95,54.5,0.0,No,1500,2400,0,3444,75
12:02:52.676,sleep,15292,496,7600,16794,11,95,54.5,0.0,No,1500,2400,0,3430,75
12:02:53.676,sleep,15290,366,5612,16793,8,95,53.5,-0.0,No,1500,2400,0,3439,75
12:02:54.676,sleep,15294,280,6038,16794,11,95,54.0,0.0,No,1500,2400,0,3436,75
12:02:55.676,active,15305,642,9858,16789,0,95,56.8,42.6,No,2400,2400,0,3405,75
12:02:56.676,active,15307,600,6752,16790,-6,95,58.4,49.0,No,2400,2400,0,3385,75
12:02:57.676,active,15277,702,11000,16790,-7,95,59.5,49.2,No,2400,2400,0,3375,75
12:02:58.676,active,15275,814,12442,16791,-6,95,59.5,49.2,No,2400,2400,0,4599,125
12:02:59.680,active,15253,822,12046,16789,-8,95,60.6,48.1,No,2400,2400,0,5459,125
12:03:00.676,active,15256,724,11092,16789,-5,95,60.6,47.1,No,2400,2400,0,5519,125
12:03:01.676,active,15232,780,12670,16789,-3,95,60.0,46.6,No,2400,2400,0,5524,125
12:03:02.676,active,15230,846,12944,16790,-5,95,60.6,48.7,No,2400,2400,0,5522,125
12:03:03.676,active,15258,820,13542,16791,0,95,61.1,47.1,No,2400,2400,0,5512,125
12:03:04.676,active,15275,750,11478,16790,-3,95,60.6,47.9,No,2400,2400,0,5519,125
12:03:05.676,active,15268,816,13696,16790,-3,95,61.7,47.4,No,2400,2400,0,5521,125
12:03:06.676,active,15299,492,7542,16791,0,95,61.1,47.1,No,2400,2400,0,5528,125
12:03:07.676,active,15311,520,7986,16789,0,95,61.1,46.9,No,2400,2400,0,5523,125
12:03:08.677,active,15299,522,8006,16791,0,95,60.6,48.0,No,2400,2400,0,5524,125
12:03:09.676,active,15311,336,7792,16791,-5,95,61.1,48.7,No,2400,2400,0,5521,125
12:03:10.676,active,15303,512,7850,16791,-4,95,61.1,48.9,No,2400,2400,0,5556,125
12:03:11.676,active,15305,474,7118,16790,0,95,61.7,48.8,No,2400,2400,0,5531,125
12:03:12.676,active,15296,510,7812,16789,-5,95,62.2,48.8,No,2400,2400,0,5526,125
12:03:13.676,active,15301,760,9182,16790,-4,95,61.7,48.1,No,2400,2400,0,5536,125
12:03:14.676,active,15299,530,8140,16790,-4,95,61.1,47.6,No,2400,2400,0,5537,125
12:03:15.683,active,15277,556,8564,16790,-4,95,61.7,48.3,No,2400,2400,0,5534,125
12:03:16.676,active,15303,750,7466,16790,-3,95,61.1,48.9,No,2400,2400,0,5552,125
12:03:17.676,active,15283,522,8044,16789,-3,95,62.2,50.2,No,2400,2400,0,5538,125
12:03:18.676,active,15314,692,7484,16789,-6,95,62.8,52.0,No,2400,2400,0,5545,125
12:03:19.676,active,15292,742,11400,16790,-4,95,62.8,47.9,No,2400,2400,0,5541,125
12:03:20.676,active,15309,522,8604,16790,-3,95,62.2,45.5,No,2400,2400,0,5553,125
12:03:21.676,active,15307,428,6578,16790,0,95,62.8,47.9,No,2400,2400,0,5550,125
12:03:22.676,active,15286,890,9934,16790,0,95,61.7,52.2,No,2400,2400,0,5546,125
12:03:23.676,active,15359,502,7716,16790,0,95,61.7,49.1,No,2400,2400,0,5557,125
12:03:24.676,active,15251,716,10956,16790,-3,95,62.8,49.9,No,2400,2400,0,5546,125
12:03:25.681,active,15253,722,11034,16790,0,95,63.9,51.3,No,2400,2400,0,5559,125
12:03:26.676,active,15275,676,10358,16790,0,95,63.4,48.5,No,2400,2400,0,5567,125
12:03:27.676,active,15271,794,12134,16790,0,95,63.9,54.4,No,2400,2400,0,5550,125
12:03:28.677,active,15271,840,12866,16791,0,95,62.2,52.0,No,2400,2400,0,5546,125
12:03:29.676,active,15279,744,11400,16791,0,95,63.4,52.8,No,2400,2400,0,5551,125
12:03:30.676,active,15279,812,12442,16791,0,95,62.8,52.8,No,2400,2400,0,5560,125
12:03:31.676,active,15292,728,11150,16789,-5,95,64.5,53.8,No,2400,2400,0,5556,125
12:03:32.681,active,15286,686,10514,16790,-6,95,63.9,54.1,No,2400,2400,0,5562,125
12:03:33.676,active,15320,532,8352,16791,0,95,62.8,50.1,No,2400,2400,0,5571,125
12:03:34.681,active,15303,502,7696,16791,0,95,62.8,50.4,No,2400,2400,0,5579,125
12:03:35.676,active,15301,530,8584,16791,0,95,63.4,48.1,No,2400,2400,0,5575,125
12:03:36.676,active,15301,522,8024,16790,0,95,62.8,46.9,No,2400,2400,0,5579,125
12:03:37.676,active,15296,498,12694,16790,0,95,62.2,47.7,No,2400,2400,0,5564,125
12:03:38.676,active,15307,476,7330,16790,0,95,62.8,49.1,No,2400,2400,0,5563,125
12:03:39.677,active,15296,490,11960,16790,-3,95,63.4,48.7,No,2400,2400,0,5564,125
12:03:40.676,active,15251,698,10668,16790,-6,95,62.2,48.5,No,2400,2400,0,5562,125
12:03:41.676,active,15275,522,10648,16790,-6,95,62.2,49.0,No,2400,2400,0,5563,125
12:03:42.676,active,15311,760,11670,16790,-3,95,62.8,48.5,No,2400,2400,0,5578,125
12:03:43.676,active,15283,506,7774,16789,-7,95,62.2,47.7,No,2400,2400,0,5563,125
12:03:44.676,active,15305,650,9992,16789,-6,95,62.8,49.6,No,2400,2400,0,5567,125
12:03:45.676,active,15307,550,8448,16791,0,95,63.9,47.9,No,2400,2400,0,5577,125
12:03:46.677,active,15350,506,7774,16790,0,95,63.4,46.8,No,2400,2400,0,5588,125
12:03:47.676,active,15309,484,7446,16789,-3,95,62.8,45.3,No,2400,2400,0,5606,125
12:03:48.676,active,15322,534,8218,16789,-3,95,63.4,46.0,No,2400,2400,0,5584,125
12:03:49.679,active,15301,486,7484,16789,-3,95,62.8,45.5,No,2400,2400,0,5560,125
12:03:50.676,active,15296,564,7812,16790,-3,95,62.2,46.4,No,2400,2400,0,5566,125
12:03:51.676,active,15266,746,11440,16791,-4,95,62.2,47.4,No,2400,2400,0,5567,125
12:03:52.676,active,15258,834,12654,16791,0,95,63.9,51.0,No,2400,2400,0,5575,125
12:03:53.677,active,15273,844,12924,16789,0,95,63.9,47.1,No,2400,2400,0,5579,125
12:03:54.677,active,15271,752,13098,16790,-3,95,62.8,49.7,No,2400,2400,0,5565,125
12:03:55.676,sleep,15292,498,7658,16791,3,95,60.6,17.7,No,2400,2400,0,5597,125
12:03:56.676,sleep,15288,464,7292,16793,11,95,59.5,-0.0,No,2400,2400,0,5609,125
12:03:57.676,sleep,15288,502,7696,16793,11,95,57.9,0.0,No,2400,2400,0,5611,125
12:03:58.676,sleep,15292,438,8160,16793,9,95,59.0,0.0,No,2400,2400,0,5614,125
12:03:59.676,sleep,15288,556,7484,16792,10,95,57.9,0.0,No,2400,2400,0,5614,125
12:04:00.676,sleep,15290,230,3548,16793,14,95,56.2,0.0,No,1500,2400,0,5619,125
12:04:01.676,sleep,15292,552,8448,16793,14,95,55.6,0.0,No,1500,2400,0,5631,125
12:04:02.676,sleep,15286,452,6944,16793,12,95,55.1,0.0,No,1500,2400,0,5620,125
12:04:03.676,sleep,15292,472,7252,16795,16,95,55.1,0.0,No,1500,2400,0,5627,125
12:04:04.676,sleep,15288,554,8488,16792,13,95,54.5,-0.0,No,1500,2400,0,5626,125
12:04:05.676,sleep,15292,318,4860,16793,10,95,54.5,0.0,No,1500,2400,0,5629,125
12:04:06.676,sleep,15292,380,5826,16792,11,95,54.0,0.0,No,1500,2400,0,3928,75
12:04:07.676,sleep,15290,450,6886,16793,9,95,54.5,-0.0,No,1500,2400,0,3518,75
12:04:08.676,sleep,15299,368,6828,16792,10,95,54.0,0.0,No,1500,2400,0,3456,75
12:04:09.676,sleep,15294,542,4340,16792,10,95,53.5,0.0,No,1500,2400,0,3450,75
12:04:10.677,active,15314,510,7850,16790,3,95,56.2,39.9,No,2400,2400,0,3414,75
12:04:11.676,active,15324,506,8140,16790,-5,95,57.3,47.5,No,2400,2400,0,3400,75
12:04:12.676,active,15311,462,7098,16788,-8,95,59.0,48.2,No,2400,2400,0,3383,75
12:04:13.676,active,15314,468,7446,16789,-7,95,59.5,48.0,No,2400,2400,0,3381,75
12:04:14.676,active,15350,532,8178,16789,-7,95,60.0,47.9,No,2400,2400,0,5020,125
12:04:15.677,active,15309,510,6964,16789,-6,95,59.0,47.2,No,2400,2400,0,5505,125
12:04:16.677,active,15314,436,6694,16789,-6,95,60.0,46.9,No,2400,2400,0,5539,125
12:04:17.683,active,15264,506,6828,16790,-9,95,59.5,47.5,No,2400,2400,0,5537,125
12:04:18.676,active,15279,876,13406,16790,-8,95,60.0,48.2,No,2400,2400,0,5526,125
12:04:19.676,active,15279,552,10456,16790,-4,95,61.7,48.9,No,2400,2400,0,5528,125
12:04:20.676,active,15279,808,12366,16789,0,95,60.6,48.9,No,2400,2400,0,5525,125
12:04:21.676,active,15275,644,10918,16790,0,95,61.7,49.0,No,2400,2400,0,5535,125
12:04:22.676,active,15288,842,12886,16789,-3,95,62.2,47.7,No,2400,2400,0,5526,125
12:04:23.677,active,15281,512,7890,16790,-6,95,61.1,48.0,No,2400,2400,0,5536,125
12:04:24.676,active,15305,726,11130,16789,-5,95,60.6,48.7,No,2400,2400,0,5539,125
12:04:25.676,active,15283,520,8006,16789,-6,95,61.1,49.0,No,2400,2400,0,5533,125
12:04:26.676,active,15294,432,12924,16788,-10,95,61.7,49.3,No,2400,2400,0,5539,125
12:04:27.676,active,15294,854,13060,16790,-8,95,61.1,49.0,No,2400,2400,0,5541,125
12:04:28.676,active,15303,612,11034,16790,-5,95,61.7,51.5,No,2400,2400,0,5545,125
12:04:29.676,active,15288,814,12462,16788,-5,95,62.2,44.8,No,2400,2400,0,5545,125
12:04:30.677,active,15268,648,11998,16788,-6,95,61.1,48.5,No,2400,2400,0,5552,125
12:04:31.676,active,15286,878,13426,16789,-7,95,62.8,51.8,No,2400,2400,0,5534,125
12:04:32.676,active,15249,730,12288,16790,-5,95,61.1,48.9,No,2400,2400,0,5530,125
12:04:33.676,active,15277,840,12848,16790,-7,95,61.7,46.1,No,2400,2400,0,5536,125
12:04:34.676,active,15251,806,11420,16790,-7,95,62.2,49.6,No,2400,2400,0,5554,125
12:04:35.676,active,15271,712,10880,16789,-7,95,63.4,48.2,No,2400,2400,0,5549,125
12:04:36.676,active,15329,486,7466,16789,-4,95,62.8,49.0,No,2400,2400,0,5554,125
12:04:37.677,active,15318,438,6732,16789,-3,95,62.2,49.9,No,2400,2400,0,5558,125
12:04:38.676,active,15301,544,8372,16789,-8,95,62.2,50.9,No,2400,2400,0,5556,125
12:04:39.676,active,15329,480,7368,16788,-6,95,62.8,53.0,No,2400,2400,0,5554,125
12:04:40.676,active,15341,518,7948,16787,-12,95,62.8,51.3,No,2400,2400,0,5563,125
12:04:41.676,active,15311,556,8546,16787,-10,95,61.7,49.9,No,2400,2400,0,5567,125
12:04:42.676,active,15311,520,7986,16789,-6,95,62.2,52.2,No,2400,2400,0,5564,125
12:04:43.676,active,15314,492,7542,16788,-5,95,62.2,53.4,No,2400,2400,0,5572,125
12:04:44.680,active,15271,830,7138,16791,0,95,62.8,47.2,No,2400,2400,0,5567,125
12:04:45.676,active,15279,832,10340,16789,0,95,61.7,47.6,No,2400,2400,0,5562,125
12:04:46.676,active,15262,878,13464,16789,-3,95,62.8,47.8,No,2400,2400,0,5564,125
12:04:47.676,active,15281,852,11594,16790,0,95,62.8,49.0,No,2400,2400,0,5568,125
12:04:48.676,active,15292,734,11246,16789,-4,95,62.8,48.7,No,2400,2400,0,5573,125
12:04:49.681,active,15279,844,8622,16789,-3,95,62.8,47.6,No,2400,2400,0,5569,125
12:04:50.676,active,15279,780,11940,16791,-4,95,62.8,48.3,No,2400,2400,0,5582,125
12:04:51.680,active,15288,894,7850,16789,-8,95,62.2,49.9,No,2400,2400,0,5575,125
12:04:52.676,active,15281,536,8236,16790,0,95,62.2,48.7,No,2400,2400,0,5571,125
12:04:53.676,active,15277,826,12654,16790,0,95,62.8,49.5,No,2400,2400,0,5582,125
12:04:54.676,active,15277,666,10204,16790,-6,95,62.8,49.5,No,2400,2400,0,5564,125
12:04:55.676,active,15247,612,9394,16789,-6,95,62.8,47.4,No,2400,2400,0,5582,125
12:04:56.676,active,15271,604,9260,16790,-5,95,63.4,45.9,No,2400,2400,0,5578,125
12:04:57.676,active,15243,766,11768,16790,-6,95,63.4,46.2,No,2400,2400,0,5592,125
12:04:58.677,active,15305,548,8410,16790,0,95,62.2,45.2,No,2400,2400,0,5554,125
12:04:59.676,active,15268,918,12886,16789,0,95,62.2,46.4,No,2400,2400,0,5557,125
12:05:00.676,active,15305,694,10668,16790,0,95,61.7,47.2,No,2400,2400,0,5559,125
12:05:01.676,active,15260,848,12886,16790,0,95,62.8,47.2,No,2400,2400,0,5580,125
12:05:02.679,active,15275,730,11170,16790,0,95,63.4,50.8,No,2400,2400,0,5575,125
12:05:03.676,active,15359,560,8604,16789,-6,95,63.4,50.9,No,2400,2400,0,5579,125
12:05:04.676,active,15311,426,8586,16789,-5,95,62.8,48.9,No,2400,2400,0,5576,125
12:05:05.679,active,15333,484,7426,16790,-6,95,62.2,48.4,No,2400,2400,0,5581,125
12:05:06.676,active,15299,480,7368,16790,-4,95,62.8,48.1,No,2400,2400,0,5571,125
12:05:07.676,active,15316,538,8256,16791,0,95,62.8,49.5,No,2400,2400,0,5576,125
12:05:08.676,active,15299,538,8236,16790,0,95,62.8,48.6,No,2400,2400,0,5575,125
12:05:09.676,active,15296,532,8178,16790,0,95,63.4,48.6,No,2400,2400,0,5575,125
12:05:10.676,sleep,15288,538,8236,16792,6,95,60.0,19.1,No,2400,2400,0,5606,125
12:05:11.676,sleep,15288,516,7908,16793,13,95,59.0,-0.0,No,2400,2400,0,5614,125
12:05:12.676,sleep,15292,448,7176,16793,16,95,59.0,0.0,No,2400,2400,0,5628,125
12:05:13.676,sleep,15294,486,7446,16793,10,95,57.9,-0.0,No,2400,2400,0,5622,125
12:05:14.676,sleep,15290,492,7388,16792,9,95,57.9,0.0,No,2400,2400,0,5648,125
12:05:15.676,sleep,15290,490,7504,16792,10,95,57.3,0.0,No,1500,2400,0,5632,125
12:05:16.676,sleep,15290,494,6018,16793,13,95,56.2,0.0,No,1500,2400,0,5632,125
12:05:17.676,sleep,15290,386,5922,16793,12,95,55.6,0.0,No,1500,2400,0,5639,125
12:05:18.676,sleep,15290,362,7040,16794,13,95,54.5,0.0,No,1500,2400,0,5635,125
12:05:19.676,sleep,15288,390,5980,16793,12,95,54.5,-0.0,No,1500,2400,0,5633,125
12:05:20.676,sleep,15286,562,8604,16792,11,95,54.0,0.5,No,1500,2400,0,5377,75
12:05:21.676,sleep,15283,464,7118,16793,12,95,54.0,-0.0,No,1500,2400,0,3751,75
12:05:22.676,sleep,15292,546,8372,16792,14,95,53.5,-0.0,No,1500,2400,0,3481,75
12:05:23.676,sleep,15290,450,6886,16793,8,95,54.0,0.0,No,1500,2400,0,3449,75
12:05:24.676,sleep,15286,524,8024,16793,10,95,54.0,0.0,No,1500,2400,0,3439,75
12:05:25.677,active,15279,652,9992,16790,0,95,56.8,37.4,No,2400,2400,0,3424,75
12:05:26.676,active,15266,842,12886,16789,-8,95,57.3,47.4,No,2400,2400,0,3397,75
12:05:27.676,active,15277,774,11864,16789,0,95,57.9,48.0,No,2400,2400,0,3392,75
12:05:28.676,active,15264,810,12404,16791,-3,95,57.9,49.2,No,2400,2400,0,3381,75
12:05:29.676,active,15305,414,7388,16791,-3,95,60.6,48.9,No,2400,2400,0,3376,75
12:05:30.676,active,15307,464,7138,16790,0,95,60.0,48.1,No,2400,2400,0,3371,75
12:05:31.676,active,15296,510,9452,16789,-5,95,61.1,48.2,No,2400,2400,0,5217,125
12:05:32.681,active,15301,460,7060,16789,-6,95,60.0,48.1,No,2400,2400,0,5515,125
12:05:33.676,active,15294,456,11150,16791,-5,95,60.0,48.2,No,2400,2400,0,5530,125
12:05:34.676,active,15301,492,7562,16791,0,95,60.0,48.7,No,2400,2400,0,5526,125
12:05:35.676,active,15288,476,13966,16791,0,95,61.1,48.7,No,2400,2400,0,5530,125
12:05:36.676,active,15258,796,12172,16790,0,95,60.6,48.8,No,2400,2400,0,5525,125
12:05:37.676,active,15296,468,11786,16789,-4,95,61.7,49.2,No,2400,2400,0,5519,125
12:05:38.676,active,15357,500,6928,16789,-5,95,61.7,50.4,No,2400,2400,0,5531,125
12:05:39.677,active,15303,540,8294,16788,-6,95,61.1,44.9,No,2400,2400,0,5533,125
12:05:40.676,active,15346,460,7986,16790,-3,95,60.0,47.8,No,2400,2400,0,5522,125
12:05:41.676,active,15309,510,7832,16788,-10,95,62.8,49.7,No,2400,2400,0,5531,125
12:05:42.676,active,15288,702,8294,16787,-13,95,61.7,47.6,No,2400,2400,0,5526,125
12:05:43.676,active,15344,530,8120,16788,-9,95,62.2,49.6,No,2400,2400,0,5531,125
12:05:44.676,active,15307,496,7948,16788,-11,95,61.7,49.0,No,2400,2400,0,5535,125
12:05:45.677,active,15305,630,9664,16788,-10,95,62.2,49.7,No,2400,2400,0,5525,125
12:05:46.679,active,15305,484,7620,16787,-13,95,62.2,52.9,No,2400,2400,0,5534,125
12:05:47.676,active,15283,702,10764,16788,-8,95,62.2,50.0,No,2400,2400,0,5529,125
12:05:48.676,active,15277,860,13194,16788,-9,95,62.8,51.3,No,2400,2400,0,5540,125
12:05:49.676,active,15277,754,11536,16787,-12,95,63.4,52.5,No,2400,2400,0,5542,125
12:05:50.676,active,15262,866,13272,16788,-11,95,62.8,50.6,No,2400,2400,0,5554,125
12:05:51.676,active,15281,804,12326,16788,-9,95,63.4,50.5,No,2400,2400,0,5536,125
12:05:52.676,active,15275,862,13214,16789,-5,95,62.8,52.4,No,2400,2400,0,5552,125
12:05:53.680,active,15290,658,10088,16790,-3,95,62.8,51.6,No,2400,2400,0,5548,125
12:05:54.676,active,15277,664,10186,16789,-6,95,61.7,48.7,No,2400,2400,0,5549,125
12:05:55.676,active,15281,884,11494,16787,-9,95,62.2,47.6,No,2400,2400,0,5538,125
12:05:56.676,active,15305,420,6424,16787,-7,95,62.8,49.0,No,2400,2400,0,5553,125
12:05:57.676,active,15294,524,10918,16788,-7,95,62.8,48.6,No,2400,2400,0,5559,125
12:05:58.676,active,15262,532,8160,16788,-9,95,62.8,48.2,No,2400,2400,0,5555,125
12:05:59.676,active,15305,580,9356,16789,-8,95,62.2,48.2,No,2400,2400,0,5556,125
12:06:00.676,active,15271,678,10378,16788,-7,95,62.8,49.4,No,2400,2400,0,5558,125
12:06:01.676,active,15277,656,10628,16788,-6,95,62.2,49.6,No,2400,2400,0,5558,125
12:06:02.676,active,15277,752,11516,16788,-5,95,62.2,49.5,No,2400,2400,0,5559,125
12:06:03.676,active,15238,618,9490,16788,-7,95,63.9,50.0,No,2400,2400,0,5559,125
12:06:04.676,active,15264,576,8816,16789,-4,95,62.8,49.0,No,2400,2400,0,5565,125
12:06:05.676,active,15316,538,8256,16787,-6,95,62.2,46.9,No,2400,2400,0,5568,125
12:06:06.676,active,15341,548,7658,16788,-6,95,62.2,46.1,No,2400,2400,0,5574,125
12:06:07.676,active,15316,512,7870,16788,-7,95,62.2,45.9,No,2400,2400,0,5573,125
12:06:08.676,active,15320,562,8526,16788,-6,95,62.8,46.6,No,2400,2400,0,5567,125
12:06:09.676,active,15318,502,7716,16788,-8,95,62.8,46.3,No,2400,2400,0,5572,125
12:06:10.676,active,15322,476,8622,16789,-5,95,62.8,47.2,No,2400,2400,0,5588,125
12:06:11.676,active,15309,524,8044,16788,0,95,63.4,46.1,No,2400,2400,0,5585,125
12:06:12.677,active,15311,472,7176,16789,-3,95,63.4,48.0,No,2400,2400,0,5582,125
12:06:13.681,active,15305,482,7408,16788,-8,95,62.8,49.6,No,2400,2400,0,5584,125
12:06:14.678,active,15275,858,13156,16789,-8,95,62.8,48.6,No,2400,2400,0,5585,125
12:06:15.676,active,15288,846,8374,16790,-4,95,62.8,49.6,No,2400,2400,0,5572,125
12:06:16.676,active,15273,922,14120,16790,0,95,62.8,49.4,No,2400,2400,0,5560,125
12:06:17.676,active,15288,960,7658,16789,0,95,63.4,48.1,No,2400,2400,0,5564,125
12:06:18.679,active,15275,682,10474,16789,0,95,62.8,46.3,No,2400,2400,0,5575,125
12:06:19.680,active,15301,686,7484,16789,0,95,62.8,49.1,No,2400,2400,0,5576,125
12:06:20.676,active,15283,692,10628,16790,0,95,61.7,47.3,No,2400,2400,0,5574,125
12:06:21.676,active,15299,656,8430,16788,-5,95,61.7,48.0,No,2400,2400,0,5579,125
12:06:22.676,active,15326,554,8506,16789,-5,95,62.2,48.6,No,2400,2400,0,5581,125
12:06:23.676,active,15283,716,10956,16788,-9,95,62.8,49.5,No,2400,2400,0,5593,125
12:06:24.676,active,15245,758,11594,16788,-6,95,63.4,49.6,No,2400,2400,0,5587,125
12:06:25.676,sleep,15296,438,6732,16791,0,95,60.0,22.8,No,2400,2400,0,5607,125
12:06:26.676,sleep,15288,466,7138,16792,13,95,59.0,-0.0,No,2400,2400,0,5624,125
12:06:27.676,sleep,15281,484,7408,16790,8,95,58.4,0.0,No,2400,2400,0,5616,125
12:06:28.676,sleep,15288,468,7156,16790,8,95,58.4,0.0,No,2400,2400,0,5624,125
12:06:29.676,sleep,15279,504,7716,16791,9,95,58.4,-0.0,No,2400,2400,0,5625,125
12:06:30.676,sleep,15286,362,5556,16793,8,95,56.8,-0.0,No,1500,2400,0,5640,125
12:06:31.676,sleep,15288,428,6578,16791,13,95,56.8,0.0,No,1500,2400,0,5636,125
12:06:32.676,sleep,15286,376,5458,16791,9,95,55.6,-0.0,No,1500,2400,0,5633,125
12:06:33.676,sleep,15286,404,6192,16792,11,95,55.6,-0.0,No,1500,2400,0,4540,75
12:06:34.676,sleep,15290,470,4088,16793,15,95,55.1,0.0,No,1500,2400,0,3607,75
12:06:35.676,sleep,15290,500,7658,16793,15,95,54.5,0.0,No,1500,2400,0,3471,75
12:06:36.676,sleep,15294,392,4358,16793,15,95,54.5,-0.0,No,1500,2400,0,3456,75
12:06:37.676,sleep,15290,436,6694,16793,13,95,54.0,-0.0,No,1500,2400,0,3444,75
12:06:38.676,sleep,15290,486,4244,16792,10,95,54.0,0.0,No,1500,2400,0,3434,75
12:06:39.676,sleep,15292,476,7310,16792,9,95,54.0,-0.0,No,1500,2400,0,3430,75
12:06:40.676,active,15296,552,11844,16791,6,95,56.8,35.7,No,2400,2400,0,3406,75
12:06:41.680,active,15348,490,7542,16790,-4,95,58.4,48.6,No,2400,2400,0,3382,75
12:06:42.676,active,15311,506,7792,16790,-3,95,58.4,47.7,No,2400,2400,0,3382,75
12:06:43.676,active,15348,530,8140,16789,-5,95,59.0,49.0,No,2400,2400,0,3368,75
12:06:44.676,active,15307,508,7792,16789,-5,95,59.0,48.8,No,2400,2400,0,3362,75
12:06:45.676,active,15326,400,6154,16790,0,95,60.6,48.6,No,2400,2400,0,3359,75
12:06:46.676,active,15346,446,6848,16789,-6,95,59.5,48.2,No,2400,2400,0,3509,125
12:06:47.676,active,15318,496,7638,16788,-5,95,60.0,48.7,No,2400,2400,0,5337,125
12:06:48.676,active,15322,516,7928,16788,-4,95,59.5,48.9,No,2400,2400,0,5497,125
12:06:49.676,active,15309,488,7484,16789,-4,95,60.0,46.6,No,2400,2400,0,5498,125
12:06:50.676,active,15281,684,10474,16790,0,95,61.7,48.9,No,2400,2400,0,5500,125
12:06:51.676,active,15262,814,13562,16789,-3,95,61.7,48.1,No,2400,2400,0,5488,125
12:06:52.676,active,15273,800,12250,16790,0,95,61.7,51.3,No,2400,2400,0,5487,125
12:06:53.676,active,15266,910,12520,16789,-3,95,62.2,49.6,No,2400,2400,0,5496,125
12:06:54.677,active,15288,680,10416,16788,-6,95,62.2,49.9,No,2400,2400,0,5486,125
12:06:55.676,active,15271,836,13214,16789,-6,95,61.1,47.6,No,2400,2400,0,5496,125
12:06:56.676,active,15279,848,13002,16789,-5,95,61.1,50.4,No,2400,2400,0,5506,125
12:06:57.676,active,15275,824,11092,16789,-6,95,62.2,52.0,No,2400,2400,0,5504,125
12:06:58.676,active,15264,820,12558,16788,-7,95,62.8,51.8,No,2400,2400,0,5505,125
12:06:59.676,active,15309,474,7292,16788,-9,95,62.8,54.2,No,2400,2400,0,5511,125
12:07:00.676,active,15299,482,7388,16788,-5,95,63.4,51.4,No,2400,2400,0,5519,125
12:07:01.676,active,15296,612,9374,16789,-9,95,63.4,49.7,No,2400,2400,0,5537,125
12:07:02.676,active,15296,464,7138,16788,-5,95,63.4,49.9,No,2400,2400,0,5519,125
12:07:03.676,active,15305,732,11208,16788,-4,95,62.8,50.8,No,2400,2400,0,5518,125
12:07:04.676,active,15303,462,7080,16788,0,95,62.8,50.6,No,2400,2400,0,5520,125
12:07:05.676,active,15301,668,10204,16788,-4,95,63.9,49.2,No,2400,2400,0,5531,125
12:07:06.676,active,15264,648,9916,16788,-6,95,63.4,48.5,No,2400,2400,0,5538,125
12:07:07.676,active,15303,766,11728,16790,-5,95,62.2,48.5,No,2400,2400,0,5536,125
12:07:08.676,active,15307,672,6964,16790,0,95,62.2,47.4,No,2400,2400,0,5546,125
12:07:09.676,active,15283,496,7638,16790,0,95,62.2,47.3,No,2400,2400,0,5536,125
12:07:10.676,active,15303,668,7986,16790,3,95,62.2,49.1,No,2400,2400,0,5561,125
12:07:11.676,active,15311,572,8796,16790,0,95,62.8,49.4,No,2400,2400,0,5534,125
12:07:12.676,active,15309,510,7890,16791,0,95,63.4,48.2,No,2400,2400,0,5527,125
12:07:13.676,active,15303,504,7716,16790,0,95,62.8,48.7,No,2400,2400,0,5557,125
12:07:14.676,active,15339,486,7948,16790,3,95,62.8,48.7,No,2400,2400,0,5552,125
12:07:15.678,active,15348,490,7522,16789,0,95,62.8,46.3,No,2400,2400,0,5545,125
12:07:16.676,active,15326,480,8448,16790,0,95,62.8,46.8,No,2400,2400,0,5555,125
12:07:17.676,active,15279,824,12616,16790,0,95,63.9,47.0,No,2400,2400,0,5561,125
12:07:18.676,active,15309,788,12076,16789,0,95,62.8,46.4,No,2400,2400,0,5559,125
12:07:19.676,active,15256,820,12538,16789,0,95,63.4,46.3,No,2400,2400,0,5557,125
12:07:20.676,active,15253,882,13504,16789,0,95,62.2,47.1,No,2400,2400,0,5552,125
12:07:21.678,active,15277,716,10976,16790,3,95,63.4,46.9,No,2400,2400,0,5563,125
12:07:22.680,active,15279,674,10320,16791,0,95,63.4,51.1,No,2400,2400,0,5567,125
12:07:23.676,active,15286,730,11188,16790,0,95,64.5,51.9,No,2400,2400,0,5564,125
12:07:24.676,active,15279,674,10340,16791,0,95,62.8,49.4,No,2400,2400,0,5566,125
12:07:25.676,active,15286,806,12346,16790,0,95,63.4,48.6,No,2400,2400,0,5589,125
12:07:26.676,active,15296,624,9588,16789,-5,95,63.9,49.4,No,2400,2400,0,5564,125
12:07:27.679,active,15296,488,10898,16790,-3,95,63.9,48.1,No,2400,2400,0,5565,125
12:07:28.676,active,15277,672,10282,16788,-7,95,62.8,47.1,No,2400,2400,0,5567,125
12:07:29.677,active,15260,574,11130,16788,-7,95,62.8,48.4,No,2400,2400,0,5567,125
12:07:30.676,active,15258,746,11420,16789,-4,95,62.2,48.7,No,2400,2400,0,5562,125
12:07:31.676,active,15268,668,11960,16789,-9,95,61.7,49.0,No,2400,2400,0,5567,125
12:07:32.676,active,15281,672,10300,16789,-5,95,64.5,48.4,No,2400,2400,0,5568,125
12:07:33.680,active,15258,770,9144,16789,-4,95,63.9,48.0,No,2400,2400,0,5572,125
12:07:34.676,active,15309,702,10744,16789,0,95,62.2,49.2,No,2400,2400,0,5569,125
12:07:35.676,active,15354,452,6944,16789,0,95,62.8,47.9,No,2400,2400,0,5573,125
12:07:36.680,active,15322,546,8410,16790,0,95,62.8,48.5,No,2400,2400,0,5568,125
12:07:37.676,active,15361,468,7194,16790,-3,95,63.4,48.1,No,2400,2400,0,5573,125
12:07:38.676,active,15318,490,7504,16790,-4,95,62.8,47.9,No,2400,2400,0,5565,125
12:07:39.676,active,15314,496,7600,16789,0,95,63.4,48.7,No,2400,2400,0,5576,125
12:07:40.676,sleep,15299,458,7022,16790,0,95,60.6,25.9,No,2400,2400,0,5608,125
12:07:41.676,sleep,15292,470,7022,16791,9,95,59.5,0.0,No,2400,2400,0,5617,125
12:07:42.676,sleep,15292,500,7658,16791,9,95,58.4,-0.0,No,2400,2400,0,5620,125
12:07:43.676,sleep,15294,460,8314,16791,8,95,58.4,0.0,No,2400,2400,0,5614,125
12:07:44.676,sleep,15288,462,8122,16791,8,95,57.9,-0.0,No,2400,2400,0,5617,125
12:07:45.676,sleep,15286,428,6558,16791,7,95,56.2,0.0,No,1500,2400,0,5632,125
12:07:46.676,sleep,15288,526,8556,16791,11,95,55.6,-0.0,No,1500,2400,0,5628,125
12:07:47.676,sleep,15290,462,7080,16792,12,95,55.6,0.3,No,1500,2400,0,5631,125
12:07:48.676,sleep,15283,470,7194,16792,11,95,55.6,0.0,No,1500,2400,0,5632,125
12:07:49.676,sleep,15283,438,6712,16793,14,95,55.1,0.0,No,1500,2400,0,5644,125
12:07:50.676,sleep,15292,376,5748,16793,13,95,55.1,-0.0,No,1500,2400,0,4218,75
12:07:51.676,sleep,15292,366,5612,16793,15,95,54.5,0.0,No,1500,2400,0,3561,75
12:07:52.676,sleep,15283,474,7272,16793,15,95,54.5,0.0,No,1500,2400,0,3463,75
12:07:53.676,sleep,15292,494,7580,16793,18,95,54.0,-0.0,No,1500,2400,0,3452,75
12:07:54.676,sleep,15294,552,5728,16794,13,95,53.5,0.0,No,1500,2400,0,3447,75
12:07:55.676,active,15303,850,13002,16790,0,95,57.3,32.3,No,2400,2400,0,3407,75
12:07:56.676,active,15232,732,12886,16791,0,95,57.9,48.0,No,2400,2400,0,3374,75
12:07:57.676,active,15258,836,12808,16790,0,95,58.4,50.8,No,2400,2400,0,3387,75
12:07:58.676,active,15249,758,11188,16790,0,95,59.0,50.0,No,2400,2400,0,3384,75
12:07:59.676,active,15260,836,12790,16791,0,95,59.5,46.6,No,2400,2400,0,3378,75
12:08:00.676,active,15253,700,10532,16790,0,95,61.1,47.9,No,2400,2400,0,4453,125
12:08:01.676,active,15228,854,13060,16790,0,95,60.6,51.1,No,2400,2400,0,5448,125
12:08:02.676,active,15311,502,7928,16789,0,95,60.6,46.3,No,2400,2400,0,5529,125
12:08:03.677,active,15320,456,7002,16789,0,95,61.1,47.4,No,2400,2400,0,5522,125
12:08:04.679,active,15311,530,7908,16790,0,95,61.1,49.4,No,2400,2400,0,5520,125
12:08:05.676,active,15301,552,8468,16790,0,95,61.7,49.4,No,2400,2400,0,5508,125
12:08:06.676,active,15324,528,7446,16791,0,95,61.1,49.7,No,2400,2400,0,5511,125
12:08:07.676,active,15299,502,7696,16790,0,95,61.1,49.9,No,2400,2400,0,5510,125
12:08:08.676,active,15346,484,6790,16789,-3,95,62.2,50.5,No,2400,2400,0,5522,125
12:08:09.681,active,15299,446,6848,16788,-6,95,61.7,51.6,No,2400,2400,0,5516,125
12:08:10.676,active,15299,546,7580,16790,-4,95,61.7,50.1,No,2400,2400,0,5524,125
12:08:11.676,active,15283,904,13850,16790,-4,95,61.1,48.5,No,2400,2400,0,5523,125
12:08:12.676,active,15264,856,13118,16789,0,95,61.1,49.6,No,2400,2400,0,5522,125
12:08:13.676,active,15309,696,10686,16790,0,95,61.1,49.5,No,2400,2400,0,5524,125
12:08:14.676,active,15290,950,12384,16788,0,95,62.8,53.5,No,2400,2400,0,5546,125
12:08:15.676,active,15283,906,13870,16789,0,95,63.4,46.0,No,2400,2400,0,5531,125
12:08:16.676,active,15277,800,10128,16790,0,95,62.8,49.0,No,2400,2400,0,5523,125
12:08:17.678,active,15281,822,12596,16789,0,95,61.7,46.7,No,2400,2400,0,5540,125
12:08:18.676,active,15279,830,10050,16789,-5,95,61.7,48.5,No,2400,2400,0,5534,125
12:08:19.676,active,15303,764,11728,16789,0,95,62.8,48.5,No,2400,2400,0,5546,125
12:08:20.676,active,15305,672,10262,16789,0,95,61.7,49.6,No,2400,2400,0,5538,125
12:08:21.676,active,15243,760,11594,16790,0,95,62.8,49.0,No,2400,2400,0,5548,125
12:08:22.676,active,15260,852,13060,16789,-6,95,62.2,48.2,No,2400,2400,0,5548,125
12:08:23.676,active,15266,608,9318,16790,-4,95,62.8,49.6,No,2400,2400,0,5552,125
12:08:24.678,active,15241,790,12096,16789,-4,95,61.7,46.3,No,2400,2400,0,5550,125
12:08:25.676,active,15271,760,11632,16789,0,95,62.8,46.1,No,2400,2400,0,5559,125
12:08:26.676,active,15277,890,13620,16789,0,95,62.8,46.6,No,2400,2400,0,5554,125
12:08:27.676,active,15273,658,10088,16789,-3,95,62.8,47.2,No,2400,2400,0,5550,125
12:08:28.676,active,15262,790,12076,16789,0,95,63.4,46.5,No,2400,2400,0,5551,125
12:08:29.676,active,15341,516,7408,16788,-5,95,63.4,46.3,No,2400,2400,0,5556,125
12:08:30.676,active,15348,484,7446,16788,-7,95,61.7,45.9,No,2400,2400,0,5561,125
12:08:31.680,active,15309,496,8198,16787,-8,95,62.8,46.9,No,2400,2400,0,5559,125
12:08:32.676,active,15318,458,7040,16789,-8,95,62.8,48.6,No,2400,2400,0,5561,125
12:08:33.676,active,15307,468,7812,16789,-5,95,62.2,49.0,No,2400,2400,0,5564,125
12:08:34.676,active,15318,490,7522,16789,-5,95,63.9,49.2,No,2400,2400,0,5567,125
12:08:35.676,active,15305,488,9532,16790,-6,95,63.4,49.0,No,2400,2400,0,5582,125
12:08:36.676,active,15307,490,7504,16789,-6,95,62.8,47.5,No,2400,2400,0,5572,125
12:08:37.676,active,15303,468,7194,16788,-6,95,62.8,46.6,No,2400,2400,0,5567,125
12:08:38.677,active,15288,774,11864,16790,-3,95,63.4,48.1,No,2400,2400,0,5561,125
12:08:39.676,active,15286,904,8256,16790,-3,95,62.2,48.6,No,2400,2400,0,5578,125
12:08:40.676,active,15275,776,11902,16791,0,95,62.8,48.2,No,2400,2400,0,5564,125
12:08:41.676,active,15277,842,11034,16790,0,95,63.4,48.7,No,2400,2400,0,5582,125
12:08:42.680,active,15279,712,10938,16789,0,95,63.4,48.2,No,2400,2400,0,5584,125
12:08:43.676,active,15286,770,7678,16788,0,95,62.8,47.9,No,2400,2400,0,5585,125
12:08:44.676,active,15311,506,7792,16789,0,95,63.4,48.6,No,2400,2400,0,5577,125
12:08:45.677,active,15307,674,8102,16789,-3,95,62.8,47.1,No,2400,2400,0,5571,125
12:08:46.676,active,15357,466,7156,16789,0,95,61.7,48.2,No,2400,2400,0,5575,125
12:08:47.676,active,15275,1018,13234,16789,-3,95,62.8,49.1,No,2400,2400,0,5573,125
12:08:48.676,active,15262,784,11998,16789,0,95,63.4,49.6,No,2400,2400,0,5579,125
12:08:49.678,active,15249,806,12172,16789,0,95,63.4,48.2,No,2400,2400,0,5581,125
12:08:50.676,active,15264,866,13252,16789,0,95,63.4,48.6,No,2400,2400,0,5586,125
12:08:51.676,active,15236,878,11440,16790,0,95,62.8,46.7,No,2400,2400,0,5586,125
12:08:52.676,active,15268,872,13350,16790,0,95,63.4,49.1,No,2400,2400,0,5576,125
12:08:53.676,active,15273,618,12520,16789,-3,95,62.8,47.2,No,2400,2400,0,5581,125
12:08:54.676,active,15290,770,11806,16789,-5,95,62.8,49.1,No,2400,2400,0,5564,125
12:08:55.676,sleep,15286,472,7234,16789,-3,95,60.6,28.6,No,2400,2400,0,5595,125
12:08:56.676,sleep,15294,470,7194,16791,13,95,59.5,-0.0,No,2400,2400,0,5617,125
12:08:57.676,sleep,15290,492,7542,16791,10,95,59.0,-0.0,No,2400,2400,0,5613,125
12:08:58.676,sleep,15296,522,8006,16791,10,95,59.0,0.0,No,2400,2400,0,5611,125
12:08:59.676,sleep,15294,476,7310,16792,11,95,57.9,0.0,No,2400,2400,0,5621,125
12:09:00.676,sleep,15286,406,6230,16792,9,95,58.4,0.0,No,1500,2400,0,5613,125
12:09:01.676,sleep,15288,344,5286,16792,11,95,56.8,0.0,No,1500,2400,0,5635,125
12:09:02.676,sleep,15286,504,7736,16792,12,95,55.1,0.0,No,1500,2400,0,5635,125
12:09:03.676,sleep,15286,516,8854,16792,14,95,55.6,0.0,No,1500,2400,0,5663,125
12:09:04.676,sleep,15288,482,7388,16793,13,95,55.6,-0.0,No,1500,2400,0,5649,125
12:09:05.676,sleep,15288,498,7620,16793,15,95,54.5,-0.0,No,1500,2400,0,5635,125
12:09:06.676,sleep,15292,376,6944,16794,18,95,54.5,0.0,No,1500,2400,0,3941,75
12:09:07.676,sleep,15283,490,7504,16794,15,95,54.0,0.5,No,1500,2400,0,3525,75
12:09:08.676,sleep,15296,532,5600,16793,15,95,54.5,0.7,No,1500,2400,0,3451,75
12:09:09.676,sleep,15288,396,6076,16793,12,95,54.0,0.0,No,1500,2400,0,3441,75
12:09:10.676,active,15359,506,6512,16793,13,95,56.8,29.1,No,2400,2400,0,3423,75
12:09:11.676,active,15318,514,7890,16791,0,95,58.4,47.2,No,2400,2400,0,3408,75
12:09:12.676,active,15322,498,7658,16789,-5,95,58.4,48.9,No,2400,2400,0,3396,75
12:09:13.676,active,15346,480,7368,16789,0,95,59.0,49.4,No,2400,2400,0,3381,75
12:09:14.676,active,15256,810,12808,16789,0,95,58.4,46.6,No,2400,2400,0,5008,125
12:09:15.676,active,15262,758,11594,16788,-6,95,60.6,50.3,No,2400,2400,0,5517,125
12:09:16.678,active,15266,706,12578,16789,-11,95,61.1,50.1,No,2400,2400,0,5538,125
12:09:17.676,active,15279,742,11362,16789,-8,95,61.1,53.6,No,2400,2400,0,5530,125
12:09:18.681,active,15281,750,14314,16789,-8,95,61.7,51.3,No,2400,2400,0,5539,125
12:09:19.676,active,15275,776,11882,16788,-9,95,61.1,49.0,No,2400,2400,0,5535,125
12:09:20.676,active,15258,796,13118,16789,-7,95,61.7,47.8,No,2400,2400,0,5541,125
12:09:21.676,active,15279,776,11902,16789,-8,95,61.1,53.0,No,2400,2400,0,5548,125
12:09:22.676,active,15273,838,13194,16789,-10,95,61.7,52.4,No,2400,2400,0,5547,125
12:09:23.676,active,15307,492,7562,16789,-6,95,62.8,54.2,No,2400,2400,0,5536,125
12:09:24.676,active,15303,480,7350,16789,-8,95,61.1,48.7,No,2400,2400,0,5536,125
12:09:25.679,active,15299,508,7792,16788,-7,95,62.2,47.1,No,2400,2400,0,5560,125
12:09:26.678,active,15311,556,8526,16788,-10,95,61.1,48.6,No,2400,2400,0,5547,125
12:09:27.676,active,15305,486,7466,16788,-11,95,61.7,48.1,No,2400,2400,0,5544,125
12:09:28.676,active,15309,756,11554,16790,-6,95,62.2,49.2,No,2400,2400,0,5537,125
12:09:29.676,active,15309,490,7504,16789,-7,95,62.8,50.1,No,2400,2400,0,5550,125
12:09:30.676,active,15294,798,12982,16788,-6,95,62.8,49.5,No,2400,2400,0,5541,125
12:09:31.676,active,15268,600,9202,16789,-4,95,62.2,46.7,No,2400,2400,0,5548,125
12:09:32.676,active,15273,634,9722,16788,-5,95,61.1,48.2,No,2400,2400,0,5550,125
12:09:33.676,active,15281,738,7832,16790,0,95,61.7,49.0,No,2400,2400,0,5550,125
12:09:34.676,active,15314,572,8776,16789,-6,95,61.7,48.3,No,2400,2400,0,5551,125
12:09:35.676,active,15318,660,8584,16789,-4,95,62.8,46.5,No,2400,2400,0,5556,125
12:09:36.676,active,15309,600,9220,16789,-5,95,62.8,46.6,No,2400,2400,0,5561,125
12:09:37.676,active,15341,542,7840,16789,-4,95,62.8,46.3,No,2400,2400,0,5568,125
12:09:38.676,active,15316,534,8218,16789,-4,95,61.7,47.0,No,2400,2400,0,5569,125
12:09:39.676,active,15326,496,7620,16790,-3,95,62.8,46.5,No,2400,2400,0,5566,125
12:09:40.677,active,15361,472,7234,16790,-3,95,62.2,46.4,No,2400,2400,0,5571,125
12:09:41.676,active,15256,704,11632,16788,-3,95,62.2,47.4,No,2400,2400,0,5559,125
12:09:42.676,active,15273,880,13464,16789,-4,95,63.9,53.0,No,2400,2400,0,5562,125
12:09:43.676,active,15275,908,12712,16788,-7,95,62.8,50.6,No,2400,2400,0,5568,125
12:09:44.679,active,15268,816,12500,16788,-5,95,63.9,47.7,No,2400,2400,0,5572,125
12:09:45.676,active,15275,830,13060,16789,0,95,62.8,47.5,No,2400,2400,0,5573,125
12:09:46.676,active,15268,880,13464,16789,0,95,62.8,48.1,No,2400,2400,0,5582,125
12:09:47.676,active,15266,756,13832,16789,0,95,63.4,48.5,No,2400,2400,0,5585,125
12:09:48.675,active,15262,862,13214,16788,-5,95,62.2,49.2,No,2400,2400,0,5568,125
12:09:49.676,active,15281,810,10416,16788,-5,95,62.2,48.4,No,2400,2400,0,5573,125
12:09:50.676,active,15305,502,7696,16789,-7,95,63.4,49.6,No,2400,2400,0,5574,125
12:09:51.676,active,15296,656,10050,16788,0,95,63.4,48.9,No,2400,2400,0,5574,125
12:09:52.677,active,15301,500,7678,16788,-3,95,63.9,48.8,No,2400,2400,0,5580,125
12:09:53.681,active,15305,762,10628,16788,-4,95,63.4,47.6,No,2400,2400,0,5574,125
12:09:54.677,active,15264,556,8526,16788,-3,95,62.8,47.8,No,2400,2400,0,5558,125
12:09:55.676,active,15292,740,11324,16789,-5,95,62.8,49.0,No,2400,2400,0,5577,125
12:09:56.676,active,15264,624,9568,16789,0,95,62.8,48.8,No,2400,2400,0,5568,125
12:09:57.676,active,15296,794,12134,16789,0,95,63.4,48.2,No,2400,2400,0,5574,125
12:09:58.678,active,15247,818,12500,16790,0,95,62.8,49.0,No,2400,2400,0,5583,125
12:09:59.680,active,15260,712,10880,16789,0,95,63.9,47.1,No,2400,2400,0,5585,125
12:10:00.676,active,15341,512,7466,16789,0,95,62.2,47.6,No,2400,2400,0,5585,125
12:10:01.676,active,15294,496,7620,16788,0,95,62.2,48.1,No,2400,2400,0,5568,125
12:10:02.676,active,15322,542,8082,16788,-3,95,62.2,47.5,No,2400,2400,0,5578,125
12:10:03.676,active,15357,478,7350,16789,0,95,62.2,47.6,No,2400,2400,0,5577,125
12:10:04.676,active,15320,512,7870,16788,0,95,63.4,47.6,No,2400,2400,0,5582,125
12:10:05.676,active,15350,524,8044,16790,0,95,63.4,48.0,No,2400,2400,0,5582,125
12:10:06.676,active,15311,458,8430,16791,0,95,63.9,46.2,No,2400,2400,0,5584,125
12:10:07.676,active,15316,502,7696,16789,0,95,62.8,47.8,No,2400,2400,0,5587,125
12:10:08.676,active,15271,866,12096,16789,0,95,62.8,48.0,No,2400,2400,0,5592,125
12:10:09.676,active,15290,868,13292,16788,0,95,62.8,48.9,No,2400,2400,0,5586,125
12:10:10.676,sleep,15290,476,8314,16789,0,95,61.1,33.3,No,2400,2400,0,5599,125
12:10:11.676,sleep,15296,486,7466,16791,7,95,59.0,-0.0,No,2400,2400,0,5627,125
12:10:12.676,sleep,15296,568,7542,16792,8,95,58.4,0.0,No,2400,2400,0,5633,125
12:10:13.676,sleep,15288,538,8256,16791,10,95,58.4,0.0,No,2400,2400,0,5616,125
12:10:14.676,sleep,15294,538,8160,16791,10,95,57.9,0.0,No,2400,2400,0,5616,125
12:10:15.676,sleep,15290,404,6212,16791,9,95,57.3,0.0,No,1500,2400,0,5635,125
12:10:16.676,sleep,15290,402,7678,16793,13,95,56.2,0.0,No,1500,2400,0,5639,125
12:10:17.676,sleep,15296,550,6520,16792,12,95,56.2,0.5,No,1500,2400,0,5632,125
12:10:18.676,sleep,15292,446,7600,16792,9,95,55.1,0.5,No,1500,2400,0,5641,125
12:10:19.676,sleep,15303,414,6366,16792,14,95,55.1,-0.0,No,1500,2400,0,5636,125
12:10:20.676,sleep,15301,490,7542,16792,12,95,54.5,0.0,No,1500,2400,0,5632,125
12:10:21.676,sleep,15299,446,6828,16792,9,95,54.5,0.0,No,1500,2400,0,5633,125
12:10:22.676,sleep,15299,496,4842,16792,11,95,55.1,-0.0,No,1500,2400,0,5535,75
12:10:23.676,sleep,15296,560,8584,16793,10,95,54.0,0.3,No,1500,2400,0,3787,75
12:10:24.676,sleep,15290,302,6230,16793,10,95,53.5,-0.0,No,1500,2400,0,3505,75
12:10:25.676,active,15266,750,11478,16789,3,95,56.8,26.7,No,2400,2400,0,3451,75
12:10:26.676,active,15266,712,12462,16790,-9,95,59.0,49.0,No,2400,2400,0,3407,75
12:10:27.676,active,15316,508,7792,16789,-5,95,59.0,50.4,No,2400,2400,0,3406,75
12:10:28.676,active,15344,516,7928,16789,-7,95,59.5,50.8,No,2400,2400,0,3400,75
12:10:29.676,active,15311,468,7194,16788,-9,95,60.6,51.6,No,2400,2400,0,3392,75
12:10:30.676,active,15354,726,7870,16789,-6,95,59.5,54.5,No,2400,2400,0,3384,75
12:10:31.676,active,15314,516,7908,16788,-8,95,61.1,51.5,No,2400,2400,0,5215,125
12:10:32.676,active,15324,536,7620,16789,-4,95,61.7,50.3,No,2400,2400,0,5520,125
12:10:33.676,active,15311,504,7736,16788,-8,95,60.0,52.9,No,2400,2400,0,5533,125
12:10:34.676,active,15316,530,8082,16789,-4,95,61.1,48.4,No,2400,2400,0,5549,125
12:10:35.680,active,15305,518,7948,16789,0,95,61.1,46.8,No,2400,2400,0,5533,125
12:10:36.676,active,15275,888,13580,16788,-3,95,60.6,48.2,No,2400,2400,0,5541,125
12:10:37.676,active,15281,852,13060,16789,0,95,61.1,47.2,No,2400,2400,0,5539,125
12:10:38.676,active,15275,714,10938,16790,0,95,62.2,49.1,No,2400,2400,0,5551,125
12:10:39.676,active,15277,802,12288,16789,0,95,62.2,48.5,No,2400,2400,0,5525,125
12:10:40.676,active,15277,766,11748,16788,-4,95,62.8,49.5,No,2400,2400,0,5544,125
12:10:41.676,active,15281,826,12674,16789,0,95,62.2,48.2,No,2400,2400,0,5536,125
12:10:42.680,active,15279,690,10590,16790,0,95,61.7,48.2,No,2400,2400,0,5549,125
12:10:43.676,active,15290,862,13214,16790,0,95,62.2,48.4,No,2400,2400,0,5538,125
12:10:44.676,active,15286,728,11170,16790,-4,95,61.1,48.7,No,2400,2400,0,5539,125
12:10:45.676,active,15307,590,10628,16790,0,95,63.4,47.0,No,2400,2400,0,5550,125
12:10:46.676,active,15236,846,12924,16791,3,95,62.2,46.0,No,2400,2400,0,5556,125
12:10:47.676,active,15279,634,12308,16790,3,95,63.4,45.6,No,2400,2400,0,5547,125
12:10:48.678,active,15273,762,11670,16791,3,95,61.7,46.3,No,2400,2400,0,5550,125
12:10:49.677,active,15277,696,13078,16792,0,95,62.2,46.6,No,2400,2400,0,5555,125
12:10:50.676,active,15260,868,13292,16791,5,95,62.2,46.4,No,2400,2400,0,5553,125
12:10:51.676,active,15264,738,11170,16790,0,95,62.8,50.4,No,2400,2400,0,5556,125
12:10:52.676,active,15288,656,10050,16788,0,95,62.8,53.1,No,2400,2400,0,5556,125
12:10:53.676,active,15279,734,12558,16788,-4,95,62.8,48.6,No,2400,2400,0,5541,125
12:10:54.680,active,15316,564,8662,16790,0,95,62.2,48.0,No,2400,2400,0,5561,125
12:10:55.676,active,15337,530,8120,16790,4,95,62.8,47.7,No,2400,2400,0,5564,125
12:10:56.676,active,15326,554,8526,16789,3,95,62.2,49.4,No,2400,2400,0,5555,125
12:10:57.676,active,15320,498,7658,16789,0,95,62.8,49.9,No,2400,2400,0,5559,125
12:10:58.676,active,15318,566,8680,16790,3,95,62.8,47.5,No,2400,2400,0,5566,125
12:10:59.677,active,15320,550,8448,16791,0,95,63.4,48.0,No,2400,2400,0,5579,125
12:11:00.680,active,15303,512,7850,16790,0,95,63.4,48.9,No,2400,2400,0,5563,125
12:11:01.680,active,15311,538,8256,16790,0,95,63.9,49.1,No,2400,2400,0,5569,125
12:11:02.676,active,15303,486,7446,16789,3,95,62.8,48.2,No,2400,2400,0,5569,125
12:11:03.676,active,15283,900,13792,16789,0,95,62.8,48.7,No,2400,2400,0,5572,125
12:11:04.676,active,15281,846,9432,16790,0,95,62.8,49.4,No,2400,2400,0,5565,125
12:11:05.676,active,15311,722,11092,16790,0,95,62.8,47.9,No,2400,2400,0,5587,125
12:11:06.676,active,15277,740,7292,16790,0,95,62.8,49.5,No,2400,2400,0,5590,125
12:11:07.676,active,15352,520,8024,16790,0,95,63.4,47.7,No,2400,2400,0,5590,125
12:11:08.676,active,15309,564,7792,16789,0,95,62.8,48.4,No,2400,2400,0,5585,125
12:11:09.677,active,15352,532,8178,16789,0,95,62.8,47.4,No,2400,2400,0,5567,125
12:11:10.676,active,15311,706,7252,16790,0,95,62.8,47.7,No,2400,2400,0,5573,125
12:11:11.676,active,15301,546,8410,16790,0,95,62.8,48.5,No,2400,2400,0,5574,125
12:11:12.676,active,15247,822,12152,16791,5,95,62.8,48.6,No,2400,2400,0,5577,125
12:11:13.676,active,15243,836,12770,16790,5,95,63.4,47.9,No,2400,2400,0,5592,125
12:11:14.676,active,15236,796,12578,16789,3,95,63.4,47.7,No,2400,2400,0,5574,125
12:11:15.676,active,15281,660,10108,16790,0,95,63.4,47.9,No,2400,2400,0,5571,125
12:11:16.681,active,15258,798,12520,16791,0,95,61.7,47.4,No,2400,2400,0,5583,125
12:11:17.676,active,15271,852,13022,16790,0,95,62.8,47.9,No,2400,2400,0,5583,125
12:11:18.676,active,15262,798,12210,16791,0,95,62.2,48.9,No,2400,2400,0,5583,125
12:11:19.676,active,15277,836,12808,16789,-3,95,63.4,48.8,No,2400,2400,0,5583,125
12:11:20.676,active,15331,816,12500,16790,0,95,63.4,49.4,No,2400,2400,0,5584,125
12:11:21.676,active,15303,450,7580,16790,4,95,62.8,48.4,No,2400,2400,0,5591,125
12:11:22.676,active,15307,482,7408,16790,-3,95,63.4,48.2,No,2400,2400,0,5581,125
12:11:23.680,active,15301,532,7408,16790,0,95,62.2,47.9,No,2400,2400,0,5575,125
12:11:24.676,active,15301,542,8334,16790,3,95,61.7,48.0,No,2400,2400,0,5591,125
12:11:25.676,sleep,15296,512,7658,16789,0,95,60.6,36.1,No,2400,2400,0,5598,125
12:11:26.676,sleep,15299,528,8082,16791,8,95,59.0,-0.0,No,2400,2400,0,5623,125
12:11:27.676,sleep,15299,444,7832,16792,9,95,59.0,0.0,No,2400,2400,0,5619,125
12:11:28.676,sleep,15296,464,7138,16792,9,95,58.4,-0.0,No,2400,2400,0,5617,125
12:11:29.676,sleep,15296,532,8178,16791,10,95,57.9,0.0,No,2400,2400,0,5625,125
12:11:30.676,sleep,15292,400,7414,16791,8,95,56.8,-0.0,No,1500,2400,0,5626,125
12:11:31.676,sleep,15290,462,7098,16793,13,95,56.2,0.0,No,1500,2400,0,5635,125
12:11:32.676,sleep,15286,450,5370,16793,13,95,55.6,0.0,No,1500,2400,0,5641,125
12:11:33.676,sleep,15290,358,5498,16792,10,95,55.1,0.0,No,1500,2400,0,5639,125
12:11:34.676,sleep,15286,496,7344,16791,9,95,55.1,-0.0,No,1500,2400,0,5642,125
12:11:35.676,sleep,15288,356,5458,16791,11,95,55.1,0.0,No,1500,2400,0,4691,75
12:11:36.676,sleep,15294,462,5562,16793,13,95,54.5,-0.0,No,1500,2400,0,3648,75
12:11:37.676,sleep,15292,296,4532,16792,10,95,54.0,0.0,No,1500,2400,0,3474,75
12:11:38.676,sleep,15290,526,8160,16792,12,95,52.9,0.0,No,1500,2400,0,3434,75
12:11:39.676,sleep,15288,464,7138,16792,13,95,52.9,0.0,No,1500,2400,0,3436,75
12:11:40.676,active,15288,780,11980,16792,11,95,56.8,24.1,No,2400,2400,0,3435,75
12:11:41.676,active,15296,648,9934,16789,-9,95,58.4,52.3,No,2400,2400,0,3402,75
12:11:42.679,active,15271,800,12500,16789,-8,95,58.4,51.0,No,2400,2400,0,3386,75
12:11:43.676,active,15286,816,12500,16790,-4,95,59.0,52.0,No,2400,2400,0,3680,125
12:11:44.680,active,15268,840,12848,16789,-4,95,59.5,44.5,No,2400,2400,0,5404,125
12:11:45.676,active,15277,798,12230,16789,-6,95,60.0,47.9,No,2400,2400,0,5533,125
12:11:46.676,active,15271,890,13620,16788,-5,95,60.6,48.6,No,2400,2400,0,5541,125
12:11:47.676,active,15320,496,11226,16789,-4,95,60.6,49.4,No,2400,2400,0,5538,125
12:11:48.676,active,15281,606,9278,16790,-5,95,61.1,48.6,No,2400,2400,0,5533,125
12:11:49.676,active,15301,462,11902,16789,-6,95,60.0,47.3,No,2400,2400,0,5537,125
12:11:50.680,active,15251,756,11554,16790,-3,95,61.1,47.5,No,2400,2400,0,5528,125
12:11:51.682,active,15296,592,10668,16787,-6,95,60.6,47.8,No,2400,2400,0,5529,125
12:11:52.676,active,15253,686,10494,16788,0,95,61.1,48.6,No,2400,2400,0,5537,125
12:11:53.676,active,15266,538,11072,16789,0,95,61.7,48.5,No,2400,2400,0,5545,125
12:11:54.677,active,15277,716,10976,16789,-3,95,61.1,48.1,No,2400,2400,0,5554,125
12:11:55.676,active,15256,780,9046,16789,-3,95,62.2,46.1,No,2400,2400,0,5537,125
12:11:56.681,active,15359,520,9934,16788,-3,95,61.7,46.0,No,2400,2400,0,5536,125
12:11:57.676,active,15314,494,7580,16787,-11,95,61.7,45.2,No,2400,2400,0,5541,125
12:11:58.678,active,15335,564,8662,16788,-7,95,61.1,46.4,No,2400,2400,0,5536,125
12:11:59.676,active,15329,486,7466,16789,-3,95,61.7,46.2,No,2400,2400,0,5548,125
12:12:00.676,active,15311,444,6810,16790,0,95,61.7,46.6,No,2400,2400,0,5563,125
12:12:01.680,active,15309,548,8430,16790,0,95,62.8,49.5,No,2400,2400,0,5549,125
12:12:02.676,active,15311,492,7542,16789,0,95,62.2,50.3,No,2400,2400,0,5551,125
12:12:03.680,active,15324,554,8506,16789,-5,95,63.4,48.4,No,2400,2400,0,5555,125
12:12:04.677,active,15314,486,7722,16788,-5,95,61.7,48.7,No,2400,2400,0,5560,125
12:12:05.676,active,15273,794,12152,16789,-4,95,61.1,49.1,No,2400,2400,0,5567,125
12:12:06.676,active,15279,566,10012,16790,0,95,61.1,48.7,No,2400,2400,0,5562,125
12:12:07.676,active,15275,880,13464,16790,0,95,61.7,48.6,No,2400,2400,0,5554,125
12:12:08.676,active,15277,896,13754,16790,0,95,62.2,48.6,No,2400,2400,0,5564,125
12:12:09.676,active,15277,804,12308,16789,0,95,62.8,47.7,No,2400,2400,0,5567,125
12:12:10.676,active,15283,688,10552,16790,0,95,62.8,49.1,No,2400,2400,0,5560,125
12:12:11.680,active,15299,736,11284,16790,0,95,62.2,47.6,No,2400,2400,0,5573,125
12:12:12.676,active,15283,566,8718,16790,0,95,61.1,48.7,No,2400,2400,0,5566,125
12:12:13.676,active,15357,564,8680,16790,0,95,61.7,48.5,No,2400,2400,0,5568,125
12:12:14.676,active,15251,804,12288,16790,0,95,63.9,48.9,No,2400,2400,0,5581,125
12:12:15.676,active,15281,742,9240,16789,0,95,62.8,48.5,No,2400,2400,0,5568,125
12:12:16.680,active,15251,860,13156,16788,0,95,63.4,49.3,No,2400,2400,0,5567,125
12:12:17.677,active,15256,772,12558,16789,-5,95,62.8,46.8,No,2400,2400,0,5576,125
12:12:18.677,active,15264,810,12384,16790,0,95,61.7,47.0,No,2400,2400,0,5559,125
12:12:19.676,active,15264,814,14140,16789,0,95,61.7,47.3,No,2400,2400,0,5564,125
12:12:20.676,active,15271,850,13022,16789,3,95,62.8,47.4,No,2400,2400,0,5572,125
12:12:21.676,active,15273,1010,12866,16790,0,95,63.4,47.9,No,2400,2400,0,5575,125
12:12:22.676,active,15275,790,12096,16790,0,95,62.8,48.1,No,2400,2400,0,5572,125
12:12:23.676,active,15314,486,7466,16790,0,95,62.8,47.0,No,2400,2400,0,5572,125
12:12:24.676,active,15299,588,8372,16791,0,95,62.8,47.5,No,2400,2400,0,5578,125
12:12:25.680,active,15326,456,6982,16790,0,95,62.2,48.0,No,2400,2400,0,5580,125
12:12:26.676,active,15301,542,7580,16790,0,95,62.2,47.4,No,2400,2400,0,5575,125
12:12:27.676,active,15299,462,7080,16790,0,95,62.2,49.6,No,2400,2400,0,5566,125
12:12:28.676,active,15301,486,9702,16791,0,95,63.4,49.3,No,2400,2400,0,5574,125
12:12:29.676,active,15299,482,7408,16790,0,95,63.4,48.8,No,2400,2400,0,5587,125
12:12:30.680,active,15299,438,13022,16789,0,95,64.5,48.8,No,2400,2400,0,5586,125
12:12:31.676,active,15301,708,10842,16789,-4,95,63.4,47.6,No,2400,2400,0,5582,125
12:12:32.680,active,15277,648,9954,16789,0,95,61.1,48.3,No,2400,2400,0,5591,125
12:12:33.676,active,15357,476,7330,16789,-3,95,62.2,48.1,No,2400,2400,0,5584,125
12:12:34.676,active,15314,444,7330,16790,0,95,62.2,48.7,No,2400,2400,0,5565,125
12:12:35.676,active,15348,494,7620,16789,0,95,62.8,48.7,No,2400,2400,0,5571,125
12:12:36.676,active,15357,260,7696,16789,0,95,63.4,49.4,No,2400,2400,0,5585,125
12:12:37.676,active,15326,464,7138,16789,0,95,61.7,50.7,No,2400,2400,0,5586,125
12:12:38.676,active,15333,580,7194,16790,0,95,62.2,45.1,No,2400,2400,0,5580,125
12:12:39.678,active,15322,506,7774,16790,0,95,62.2,45.6,No,2400,2400,0,5590,125
12:12:40.676,sleep,15294,538,7678,16790,0,95,61.1,38.5,No,2400,2400,0,5590,125
12:12:41.676,sleep,15286,416,6366,16791,11,95,59.5,0.0,No,2400,2400,0,5629,125
12:12:42.676,sleep,15294,544,8352,16791,11,95,59.0,0.0,No,2400,2400,0,5629,125
12:12:43.676,sleep,15288,508,7774,16790,11,95,57.9,0.0,No,2400,2400,0,5645,125
12:12:44.676,sleep,15286,534,8178,16792,8,95,58.4,-0.0,No,2400,2400,0,5627,125
12:12:45.676,sleep,15292,354,5420,16792,8,95,56.8,0.0,No,1500,2400,0,5623,125
12:12:46.676,sleep,15290,428,6578,16793,11,95,56.2,0.0,No,1500,2400,0,5642,125
12:12:47.676,sleep,15290,482,7388,16791,12,95,56.2,0.0,No,1500,2400,0,5650,125
12:12:48.676,sleep,15292,474,7292,16791,10,95,55.1,-0.0,No,1500,2400,0,5642,125
12:12:49.676,sleep,15290,392,5998,16793,13,95,55.1,0.0,No,1500,2400,0,5641,125
12:12:50.676,sleep,15292,340,5228,16793,10,95,55.6,0.0,No,1500,2400,0,4221,75
12:12:51.676,sleep,15294,530,7504,16792,14,95,54.5,-0.0,No,1500,2400,0,3568,75
12:12:52.676,sleep,15296,474,7272,16792,10,95,54.5,-0.0,No,1500,2400,0,3465,75
12:12:53.676,sleep,15294,386,9626,16792,13,95,54.5,0.0,No,1500,2400,0,3453,75
12:12:54.676,sleep,15299,600,9202,16791,12,95,53.5,0.0,No,1500,2400,0,3443,75
12:12:55.676,active,15292,816,11594,16792,9,95,56.8,20.4,No,2400,2400,0,3434,75
12:12:56.676,active,15253,730,11170,16789,-11,95,57.9,48.8,No,2400,2400,0,3397,75
12:12:57.676,active,15305,496,10108,16789,-6,95,59.5,48.5,No,2400,2400,0,3382,75
12:12:58.676,active,15230,802,12268,16789,-4,95,59.0,47.3,No,2400,2400,0,3377,75
12:12:59.676,active,15286,416,6404,16788,-4,95,59.0,47.7,No,2400,2400,0,3381,75
12:13:00.679,active,15281,880,13464,16789,-4,95,59.0,48.9,No,2400,2400,0,4400,125
12:13:01.676,active,15320,488,7504,16789,-6,95,60.0,50.1,No,2400,2400,0,5438,125
12:13:02.676,active,15346,576,8854,16789,-6,95,60.6,49.6,No,2400,2400,0,5526,125
12:13:03.676,active,15335,426,6538,16789,-3,95,61.7,48.5,No,2400,2400,0,5520,125
12:13:04.676,active,15314,484,7446,16790,0,95,60.6,46.8,No,2400,2400,0,5527,125
12:13:05.681,active,15352,498,7658,16789,0,95,61.7,46.8,No,2400,2400,0,5524,125
12:13:06.676,active,15331,530,8140,16789,0,95,61.1,46.1,No,2400,2400,0,5526,125
12:13:07.676,active,15279,534,8198,16789,-6,95,60.6,46.3,No,2400,2400,0,5536,125
12:13:08.676,active,15309,888,12018,16788,-3,95,61.7,47.2,No,2400,2400,0,5509,125
12:13:09.676,active,15288,860,13194,16790,0,95,61.7,46.4,No,2400,2400,0,5510,125
12:13:10.676,active,15262,806,13620,16791,0,95,62.2,47.2,No,2400,2400,0,5517,125
12:13:11.676,active,15303,896,13716,16790,0,95,62.2,51.8,No,2400,2400,0,5507,125
12:13:12.676,active,15279,836,12982,16790,0,95,61.1,46.3,No,2400,2400,0,5526,125
12:13:13.677,active,15275,886,13580,16789,0,95,62.2,47.7,No,2400,2400,0,5527,125
12:13:14.678,active,15283,838,8102,16790,0,95,61.7,49.1,No,2400,2400,0,5527,125
12:13:15.676,active,15279,942,14448,16790,0,95,61.7,48.9,No,2400,2400,0,5531,125
12:13:16.676,active,15301,646,10282,16790,0,95,62.8,49.9,No,2400,2400,0,5537,125
12:13:17.677,active,15305,462,7098,16790,0,95,62.8,48.5,No,2400,2400,0,5543,125
12:13:18.676,active,15303,644,9876,16789,0,95,62.8,48.6,No,2400,2400,0,5536,125
12:13:19.682,active,15260,534,8178,16788,-4,95,62.2,47.8,No,2400,2400,0,5536,125
12:13:20.680,active,15305,736,11266,16789,0,95,63.9,48.4,No,2400,2400,0,5549,125
12:13:21.676,active,15268,634,9722,16789,-4,95,61.7,47.9,No,2400,2400,0,5547,125
12:13:22.676,active,15279,646,9896,16788,-4,95,61.1,48.7,No,2400,2400,0,5556,125
12:13:23.676,active,15256,736,11246,16788,0,95,62.8,49.0,No,2400,2400,0,5580,125
12:13:24.676,active,15258,636,9760,16789,-4,95,62.8,48.3,No,2400,2400,0,5578,125
12:13:25.676,active,15354,514,7600,16790,-3,95,62.8,48.0,No,2400,2400,0,5575,125
12:13:26.676,active,15311,514,7890,16790,-3,95,62.2,48.5,No,2400,2400,0,5571,125
12:13:27.679,active,15357,496,7504,16790,-3,95,62.8,47.6,No,2400,2400,0,5558,125
12:13:28.676,active,15309,508,7792,16789,0,95,61.1,47.2,No,2400,2400,0,5554,125
12:13:29.676,active,15337,470,7850,16789,0,95,61.7,48.0,No,2400,2400,0,5560,125
12:13:30.676,active,15311,502,7696,16789,0,95,63.4,48.4,No,2400,2400,0,5568,125
12:13:31.677,active,15318,492,8334,16790,0,95,63.9,48.4,No,2400,2400,0,5581,125
12:13:32.676,active,15301,520,7966,16789,0,95,62.2,46.9,No,2400,2400,0,5582,125
12:13:33.676,active,15305,560,7716,16790,0,95,62.2,47.2,No,2400,2400,0,5582,125
12:13:34.677,active,15277,804,12308,16790,0,95,61.7,46.9,No,2400,2400,0,5568,125
12:13:35.676,active,15279,920,14102,16789,0,95,61.7,49.2,No,2400,2400,0,5567,125
12:13:36.676,active,15288,896,8122,16789,0,95,62.2,48.2,No,2400,2400,0,5564,125
12:13:37.676,active,15281,674,10358,16790,4,95,62.2,48.9,No,2400,2400,0,5568,125
12:13:38.687,active,15277,840,14146,16790,0,95,62.8,49.5,No,2400,2400,0,5563,125
12:13:39.676,active,15283,498,7678,16790,0,95,62.8,48.3,No,2400,2400,0,5568,125
12:13:40.676,active,15316,518,7454,16790,0,95,62.8,48.0,No,2400,2400,0,5583,125
12:13:41.676,active,15296,522,8044,16790,0,95,61.7,48.0,No,2400,2400,0,5581,125
12:13:42.676,active,15352,504,8526,16788,0,95,61.7,48.7,No,2400,2400,0,5573,125
12:13:43.676,active,15238,810,12366,16789,0,95,61.7,48.9,No,2400,2400,0,5577,125
12:13:44.676,active,15262,832,13060,16789,-3,95,63.4,49.2,No,2400,2400,0,5587,125
12:13:45.676,active,15249,784,11998,16790,-3,95,62.8,48.4,No,2400,2400,0,5595,125
12:13:46.677,active,15277,754,11554,16790,0,95,62.8,51.7,No,2400,2400,0,5587,125
12:13:47.676,active,15256,906,13850,16789,0,95,62.2,49.5,No,2400,2400,0,5564,125
12:13:48.676,active,15273,768,11768,16788,0,95,61.7,49.0,No,2400,2400,0,5562,125
12:13:49.676,active,15266,928,14198,16790,0,95,61.7,47.9,No,2400,2400,0,5578,125
12:13:50.677,active,15258,752,11170,16789,0,95,63.4,49.1,No,2400,2400,0,5583,125
12:13:51.676,active,15275,830,12694,16790,0,95,64.5,46.7,No,2400,2400,0,5578,125
12:13:52.676,active,15316,514,7890,16789,0,95,62.8,46.6,No,2400,2400,0,5587,125
12:13:53.676,active,15314,484,7948,16788,-3,95,63.4,48.0,No,2400,2400,0,5585,125
12:13:54.677,active,15314,490,7522,16788,-6,95,62.8,47.6,No,2400,2400,0,5585,125
12:13:55.676,sleep,15299,522,6866,16788,-4,95,60.6,41.9,No,2400,2400,0,5583,125
12:13:56.676,sleep,15288,482,7388,16791,5,95,59.0,0.0,No,2400,2400,0,5623,125
12:13:57.676,sleep,15292,530,7504,16791,5,95,59.0,-0.0,No,2400,2400,0,5636,125
12:13:58.676,sleep,15299,530,8120,16790,0,95,58.4,0.0,No,2400,2400,0,5634,125
12:13:59.676,sleep,15296,478,6172,16789,3,95,57.3,0.0,No,2400,2400,0,5631,125
12:14:00.676,sleep,15292,470,7194,16791,6,95,56.8,0.5,No,1500,2400,0,5626,125
12:14:01.676,sleep,15292,456,7002,16791,9,95,56.8,-0.0,No,1500,2400,0,5646,125
12:14:02.676,sleep,15290,406,6250,16792,8,95,55.6,0.3,No,1500,2400,0,5635,125
12:14:03.676,sleep,15294,466,7156,16791,12,95,55.1,-0.0,No,1500,2400,0,5629,125
12:14:04.676,sleep,15292,444,6790,16791,11,95,55.1,0.0,No,1500,2400,0,5630,125
12:14:05.676,sleep,15294,600,9202,16792,16,95,54.5,-0.0,No,1500,2400,0,3934,75
12:14:06.676,sleep,15286,504,7716,16794,18,95,54.0,-0.0,No,1500,2400,0,3515,75
12:14:07.676,sleep,15296,422,6462,16795,17,95,52.4,0.0,No,1500,2400,0,3448,75
12:14:08.676,sleep,15294,460,7040,16793,18,95,54.0,0.0,No,1500,2400,0,3443,75
12:14:09.676,sleep,15296,366,5612,16792,12,95,54.0,0.0,No,1500,2400,0,3434,75
12:14:10.680,active,15290,540,9086,16791,12,95,56.2,14.0,No,2400,2400,0,3439,75
12:14:11.676,active,15299,730,11208,16789,-7,95,57.3,51.7,No,2400,2400,0,3400,75
12:14:12.676,active,15303,578,10610,16788,-4,95,58.4,49.6,No,2400,2400,0,3390,75
12:14:13.676,active,15292,630,9644,16790,0,95,59.5,48.7,No,2400,2400,0,3377,75
12:14:14.676,active,15314,626,13234,16788,-4,95,59.5,46.9,No,2400,2400,0,3368,75
12:14:15.679,active,15253,854,13040,16788,-6,95,59.5,47.4,No,2400,2400,0,4930,125
12:14:16.676,active,15279,852,12790,16789,-3,95,60.0,46.1,No,2400,2400,0,5481,125
12:14:17.676,active,15277,824,12636,16788,-6,95,60.6,46.2,No,2400,2400,0,5522,125
12:14:18.676,active,15264,822,13156,16789,-5,95,60.0,46.4,No,2400,2400,0,5534,125
12:14:19.676,active,15305,532,8178,16789,-4,95,62.8,46.0,No,2400,2400,0,5509,125
12:14:20.676,active,15299,492,7542,16788,-6,95,60.6,46.8,No,2400,2400,0,5514,125
12:14:21.679,active,15311,526,8064,16788,-3,95,61.7,54.6,No,2400,2400,0,5498,125
12:14:22.677,active,15316,556,8526,16788,-3,95,61.7,47.3,No,2400,2400,0,5523,125
12:14:23.676,active,15303,438,6732,16788,-8,95,61.1,49.9,No,2400,2400,0,5520,125
12:14:24.676,active,15305,482,7716,16790,-7,95,61.7,48.0,No,2400,2400,0,5513,125
12:14:25.676,active,15292,588,9028,16789,-4,95,62.2,49.1,No,2400,2400,0,5513,125
12:14:26.677,active,15303,514,10918,16788,-5,95,63.4,49.1,No,2400,2400,0,5517,125
12:14:27.677,active,15283,698,10686,16789,-3,95,62.2,47.6,No,2400,2400,0,5510,125
12:14:28.676,active,15286,648,9934,16790,-3,95,62.2,48.6,No,2400,2400,0,5523,125
12:14:29.677,active,15311,730,8758,16789,0,95,61.7,48.4,No,2400,2400,0,5534,125
12:14:30.676,active,15277,676,10378,16789,0,95,61.7,49.5,No,2400,2400,0,5534,125
12:14:31.676,active,15309,700,7580,16790,3,95,62.2,48.5,No,2400,2400,0,5536,125
12:14:32.676,active,15311,606,9318,16789,4,95,62.8,48.5,No,2400,2400,0,5543,125
12:14:33.680,active,15320,548,7176,16789,0,95,62.8,47.6,No,2400,2400,0,5545,125
12:14:34.676,active,15307,556,8546,16789,0,95,62.2,48.2,No,2400,2400,0,5544,125
12:14:35.677,active,15352,514,7580,16789,-3,95,62.2,48.8,No,2400,2400,0,5548,125
12:14:36.676,active,15350,498,7658,16789,0,95,61.1,48.7,No,2400,2400,0,5547,125
12:14:37.676,active,15256,806,12924,16790,4,95,62.2,48.5,No,2400,2400,0,5553,125
12:14:38.676,active,15281,754,11554,16790,0,95,62.8,49.1,No,2400,2400,0,5540,125
12:14:39.676,active,15271,878,13928,16789,0,95,62.2,48.5,No,2400,2400,0,5559,125
12:14:40.678,active,15279,856,13118,16790,0,95,63.4,46.7,No,2400,2400,0,5551,125
12:14:41.680,active,15281,860,13678,16790,3,95,62.8,47.5,No,2400,2400,0,5551,125
12:14:42.676,active,15288,846,12982,16789,0,95,61.7,46.0,No,2400,2400,0,5557,125
12:14:43.677,active,15271,864,13504,16788,0,95,61.1,47.9,No,2400,2400,0,5556,125
12:14:44.676,active,15288,818,12538,16789,0,95,61.7,48.9,No,2400,2400,0,5556,125
12:14:45.676,active,15281,792,8334,16789,-5,95,62.2,48.2,No,2400,2400,0,5559,125
12:14:46.676,active,15299,500,7678,16790,0,95,62.8,48.0,No,2400,2400,0,5565,125
12:14:47.676,active,15301,572,8738,16790,4,95,62.8,48.6,No,2400,2400,0,5559,125
12:14:48.676,active,15299,576,8834,16789,0,95,62.8,48.1,No,2400,2400,0,5558,125
12:14:49.676,active,15301,742,11362,16789,-5,95,60.6,48.3,No,2400,2400,0,5564,125
12:14:50.676,active,15305,532,8178,16790,-3,95,61.1,48.2,No,2400,2400,0,5585,125
12:14:51.676,active,15305,848,12964,16790,-3,95,62.2,48.8,No,2400,2400,0,5568,125
12:14:52.676,active,15241,834,12732,16790,0,95,61.7,49.0,No,2400,2400,0,5584,125
12:14:53.676,active,15307,854,13040,16788,-4,95,62.8,48.8,No,2400,2400,0,5577,125
12:14:54.676,active,15241,830,12694,16789,0,95,63.9,49.3,No,2400,2400,0,5566,125
12:14:55.676,active,15322,430,6616,16789,0,95,61.7,48.8,No,2400,2400,0,5563,125
12:14:56.676,active,15275,790,8064,16790,0,95,62.8,51.4,No,2400,2400,0,5571,125
12:14:57.676,active,15354,496,7620,16790,0,95,61.7,47.8,No,2400,2400,0,5568,125
12:14:58.676,active,15333,502,7484,16790,0,95,62.2,47.9,No,2400,2400,0,5580,125
12:14:59.676,active,15331,596,9144,16788,0,95,61.7,47.1,No,2400,2400,0,5577,125
12:15:00.676,active,15311,482,8218,16789,0,95,62.8,51.3,No,2400,2400,0,5575,125
12:15:01.681,active,15329,420,6442,16788,0,95,63.4,48.4,No,2400,2400,0,5565,125
12:15:02.676,active,15318,470,8218,16789,-4,95,62.8,48.1,No,2400,2400,0,5576,125
12:15:03.677,active,15305,490,7542,16789,-3,95,62.8,50.0,No,2400,2400,0,5575,125
12:15:04.676,active,15279,710,10880,16788,-10,95,62.2,49.0,No,2400,2400,0,5568,125
12:15:05.676,active,15281,838,12828,16787,-10,95,62.2,50.3,No,2400,2400,0,5577,125
12:15:06.676,active,15260,900,13792,16789,0,95,63.4,53.0,No,2400,2400,0,5577,125
12:15:07.676,active,15273,836,12808,16789,-4,95,63.4,53.1,No,2400,2400,0,5575,125
12:15:08.676,active,15288,918,12964,16789,0,95,63.9,50.5,No,2400,2400,0,5584,125
12:15:09.681,active,15286,878,13464,16789,-3,95,63.4,52.1,No,2400,2400,0,5586,125
12:15:10.676,sleep,15292,716,8256,16788,0,95,62.2,48.0,No,2400,2400,0,5567,125
12:15:11.676,sleep,15296,462,7080,16790,11,95,59.5,0.0,No,2400,2400,0,5613,125
12:15:12.676,sleep,15292,420,7504,16791,10,95,59.0,0.0,No,2400,2400,0,5620,125
12:15:13.676,sleep,15296,438,6732,16792,9,95,58.4,0.0,No,2400,2400,0,5622,125
12:15:14.676,sleep,15296,516,7908,16792,10,95,57.9,0.0,No,2400,2400,0,5631,125
12:15:15.676,sleep,15301,456,6982,16791,9,95,56.8,0.0,No,1500,2400,0,5652,125
12:15:16.676,sleep,15296,400,6134,16791,12,95,56.2,-0.0,No,1500,2400,0,5645,125
12:15:17.676,sleep,15296,574,8816,16791,14,95,55.6,0.0,No,1500,2400,0,5636,125
12:15:18.676,sleep,15294,308,4726,16792,11,95,56.2,0.0,No,1500,2400,0,5632,125
12:15:19.676,sleep,15294,452,6944,16793,13,95,54.5,-0.0,No,1500,2400,0,5641,125
12:15:20.676,sleep,15290,494,7562,16793,16,95,55.1,0.5,No,1500,2400,0,5465,75
12:15:21.676,sleep,15288,370,5690,16793,17,95,54.0,-0.0,No,1500,2400,0,3774,75
12:15:22.676,sleep,15290,620,9510,16793,17,95,54.0,0.0,No,1500,2400,0,3489,75
12:15:23.676,sleep,15290,478,8198,16792,14,95,53.5,0.3,No,1500,2400,0,3451,75
12:15:24.676,sleep,15290,434,6654,16792,15,95,54.5,0.0,No,1500,2400,0,3454,75
12:15:25.680,active,15264,646,8616,16793,13,95,55.6,9.0,No,2400,2400,0,3441,75
12:15:26.676,active,15354,406,6250,16789,-4,95,58.4,50.0,No,2400,2400,0,3404,75
12:15:27.677,active,15311,470,6702,16789,-5,95,59.0,48.1,No,2400,2400,0,3388,75
12:15:28.676,active,15311,480,7368,16788,-4,95,59.5,46.1,No,2400,2400,0,3381,75
12:15:29.676,active,15307,498,7638,16789,0,95,59.5,46.4,No,2400,2400,0,3381,75
12:15:30.679,active,15320,444,6790,16790,0,95,59.5,49.1,No,2400,2400,0,3375,75
12:15:31.679,active,15273,870,12578,16790,-3,95,59.5,53.0,No,2400,2400,0,5183,125
12:15:32.676,active,15275,772,11806,16790,-4,95,59.5,47.7,No,2400,2400,0,5523,125
12:15:33.676,active,15275,808,12038,16790,-3,95,60.6,49.4,No,2400,2400,0,5546,125
12:15:34.676,active,15279,814,12480,16790,0,95,61.7,48.9,No,2400,2400,0,5535,125
12:15:35.676,active,15288,926,10860,16789,0,95,61.1,49.1,No,2400,2400,0,5519,125
12:15:36.681,active,15279,828,12694,16789,0,95,61.7,48.9,No,2400,2400,0,5517,125
12:15:37.676,active,15283,826,7774,16790,0,95,61.1,47.8,No,2400,2400,0,5516,125
12:15:38.679,active,15294,494,7620,16790,0,95,60.0,49.3,No,2400,2400,0,5514,125
12:15:39.676,active,15286,828,9896,16790,0,95,60.6,47.4,No,2400,2400,0,5519,125
12:15:40.676,active,15258,764,11670,16790,0,95,61.1,50.1,No,2400,2400,0,5526,125
12:15:41.676,active,15305,846,12944,16789,0,95,61.1,48.9,No,2400,2400,0,5536,125
12:15:42.677,active,15241,826,12616,16790,0,95,62.2,48.4,No,2400,2400,0,5531,125
12:15:43.677,active,15266,636,9742,16790,3,95,61.7,48.3,No,2400,2400,0,5527,125
12:15:44.676,active,15260,744,11400,16790,0,95,61.7,48.4,No,2400,2400,0,5525,125
12:15:45.678,active,15262,724,11072,16790,0,95,61.7,48.1,No,2400,2400,0,5536,125
12:15:46.676,active,15260,838,12828,16789,0,95,60.6,47.9,No,2400,2400,0,5541,125
12:15:47.676,active,15266,778,13234,16789,0,95,61.1,48.7,No,2400,2400,0,5548,125
12:15:48.676,active,15262,878,13426,16790,0,95,62.2,48.2,No,2400,2400,0,5557,125
12:15:49.676,active,15335,480,12828,16791,0,95,62.8,48.6,No,2400,2400,0,5555,125
12:15:50.676,active,15309,502,7562,16790,0,95,62.2,47.4,No,2400,2400,0,5545,125
12:15:51.680,active,15320,518,7948,16790,0,95,62.2,47.8,No,2400,2400,0,5547,125
12:15:52.676,active,15311,484,7890,16789,0,95,62.2,48.9,No,2400,2400,0,5538,125
12:15:53.676,active,15324,490,7504,16789,0,95,61.7,48.5,No,2400,2400,0,5543,125
12:15:54.676,active,15305,552,7188,16790,0,95,61.1,47.6,No,2400,2400,0,5544,125
12:15:55.676,active,15301,498,7658,16790,0,95,62.2,49.9,No,2400,2400,0,5545,125
12:15:56.676,active,15305,600,7940,16790,0,95,62.8,48.0,No,2400,2400,0,5563,125
12:15:57.676,active,15305,496,7600,16789,0,95,61.1,48.0,No,2400,2400,0,5572,125
12:15:58.676,active,15277,572,11336,16789,-3,95,61.1,48.1,No,2400,2400,0,5556,125
12:15:59.676,active,15314,706,10842,16788,-5,95,61.7,48.1,No,2400,2400,0,5568,125
12:16:00.676,active,15288,888,9144,16788,-8,95,61.7,49.5,No,2400,2400,0,5557,125
12:16:01.676,active,15309,654,10030,16789,0,95,62.8,49.2,No,2400,2400,0,5558,125
12:16:02.676,active,15283,896,7832,16789,0,95,62.2,48.9,No,2400,2400,0,5560,125
12:16:03.676,active,15337,506,7792,16789,0,95,62.8,48.7,No,2400,2400,0,5573,125
12:16:04.676,active,15314,620,6828,16789,-3,95,61.7,47.7,No,2400,2400,0,5579,125
12:16:05.680,active,15346,592,9104,16789,-5,95,61.7,49.1,No,2400,2400,0,5566,125
12:16:06.676,active,15357,482,7678,16789,-6,95,61.1,51.6,No,2400,2400,0,5534,125
12:16:07.676,active,15234,838,7542,16788,-5,95,61.7,47.1,No,2400,2400,0,5557,125
12:16:08.676,active,15288,764,11710,16788,-4,95,62.2,49.4,No,2400,2400,0,5563,125
12:16:09.676,active,15234,848,13022,16788,-6,95,62.8,49.4,No,2400,2400,0,5561,125
12:16:10.677,active,15234,808,12366,16787,-3,95,61.7,47.7,No,2400,2400,0,5564,125
12:16:11.680,active,15258,842,12808,16788,-4,95,62.2,47.6,No,2400,2400,0,5569,125
12:16:12.680,active,15253,846,12944,16789,-4,95,62.2,48.9,No,2400,2400,0,5576,125
12:16:13.676,active,15266,744,12752,16789,-4,95,61.7,46.8,No,2400,2400,0,5578,125
12:16:14.676,active,15262,846,12964,16788,-3,95,62.2,49.9,No,2400,2400,0,5566,125
12:16:15.676,active,15273,778,13040,16788,0,95,63.4,55.3,No,2400,2400,0,5565,125
12:16:16.676,active,15352,526,8082,16790,-3,95,63.9,55.9,No,2400,2400,0,5566,125
12:16:17.684,active,15311,486,7466,16788,-4,95,63.4,53.9,No,2400,2400,0,5573,125
12:16:18.676,active,15337,502,7716,16788,-5,95,62.8,53.7,No,2400,2400,0,5567,125
12:16:19.680,active,15350,572,8776,16788,-4,95,63.4,53.4,No,2400,2400,0,5561,125
12:16:20.676,active,15350,504,7754,16789,0,95,62.8,54.7,No,2400,2400,0,5564,125
12:16:21.676,active,15307,576,8834,16790,0,95,63.4,50.8,No,2400,2400,0,5572,125
12:16:22.676,active,15296,476,7310,16789,0,95,63.4,51.3,No,2400,2400,0,5568,125
12:16:23.678,active,15305,616,9452,16789,0,95,63.9,48.7,No,2400,2400,0,5581,125
12:16:24.676,active,15290,554,8488,16788,-4,95,62.8,46.6,No,2400,2400,0,5584,125
12:16:25.676,sleep,15288,728,11150,16789,0,95,62.2,47.9,No,2400,2400,0,5573,125
12:16:26.676,sleep,15296,518,7812,16792,10,95,60.6,0.0,No,2400,2400,0,5613,125
12:16:27.676,sleep,15292,534,8198,16792,15,95,59.0,0.0,No,2400,2400,0,5617,125
12:16:28.676,sleep,15290,472,7080,16791,12,95,57.9,-0.0,No,2400,2400,0,5607,125
12:16:29.676,sleep,15294,424,6520,16791,14,95,57.9,-0.0,No,2400,2400,0,5614,125
12:16:30.676,sleep,15296,466,7600,16792,11,95,57.3,0.0,No,1500,2400,0,5615,125
12:16:31.676,sleep,15288,526,8044,16793,15,95,55.6,0.0,No,1500,2400,0,5631,125
12:16:32.676,sleep,15292,406,7022,16794,16,95,55.6,-0.0,No,1500,2400,0,5643,125
12:16:33.676,sleep,15290,566,8680,16793,15,95,55.6,0.0,No,1500,2400,0,5642,125
12:16:34.676,sleep,15294,480,7350,16792,13,95,55.6,0.0,No,1500,2400,0,5631,125
12:16:35.676,sleep,15288,384,5884,16791,12,95,55.1,0.3,No,1500,2400,0,5622,125
12:16:36.676,sleep,15288,408,6250,16792,10,95,54.5,0.0,No,1500,2400,0,5636,125
12:16:37.676,sleep,15286,510,7812,16792,10,95,54.0,-0.0,No,1500,2400,0,4853,75
12:16:38.676,sleep,15290,336,5170,16792,13,95,54.0,0.0,No,1500,2400,0,3666,75
12:16:39.676,sleep,15288,508,7792,16792,14,95,53.5,0.0,No,1500,2400,0,3489,75
12:16:40.676,active,15292,376,5768,16792,11,95,53.5,2.5,No,1500,2400,0,3441,75
12:16:41.676,active,15277,738,11284,16789,-5,95,59.0,58.6,No,2400,2400,0,3416,75
12:16:42.676,active,15268,838,12828,16790,-4,95,58.4,50.1,No,2400,2400,0,3397,75
12:16:43.676,active,15303,520,7908,16790,0,95,59.5,49.0,No,2400,2400,0,3389,75
12:16:44.676,active,15299,422,6462,16789,0,95,60.0,48.5,No,2400,2400,0,3583,125
12:16:45.678,active,15288,556,9896,16789,-5,95,60.0,48.0,No,2400,2400,0,5382,125
12:16:46.676,active,15283,550,8410,16788,-8,95,59.5,49.5,No,2400,2400,0,5537,125
12:16:47.676,active,15294,474,12636,16789,-7,95,60.0,47.2,No,2400,2400,0,5559,125
12:16:48.676,active,15256,588,9008,16789,-9,95,60.6,49.0,No,2400,2400,0,5538,125
12:16:49.676,active,15305,552,10898,16789,-10,95,61.1,49.2,No,2400,2400,0,5537,125
12:16:50.676,active,15251,790,12096,16790,-3,95,61.7,49.6,No,2400,2400,0,5527,125
12:16:51.676,active,15266,654,10474,16789,-4,95,61.7,47.8,No,2400,2400,0,5536,125
12:16:52.680,active,15350,478,11940,16789,-4,95,62.8,49.1,No,2400,2400,0,5553,125
12:16:53.677,active,15309,520,8006,16788,0,95,61.7,47.2,No,2400,2400,0,5536,125
12:16:54.676,active,15357,532,7154,16788,-5,95,61.1,48.3,No,2400,2400,0,5536,125
12:16:55.676,active,15350,498,7638,16789,0,95,60.6,49.6,No,2400,2400,0,5539,125
12:16:56.676,active,15346,532,8178,16789,0,95,62.2,48.0,No,2400,2400,0,5544,125
12:16:57.676,active,15335,470,7234,16789,0,95,62.2,49.0,No,2400,2400,0,5541,125
12:16:58.680,active,15309,552,8744,16790,0,95,62.2,48.0,No,2400,2400,0,5564,125
12:16:59.676,active,15335,556,8546,16789,0,95,60.6,47.3,No,2400,2400,0,5547,125
12:17:00.681,active,15309,476,7330,16788,-5,95,62.2,48.0,No,2400,2400,0,5544,125
12:17:01.676,active,15275,842,12906,16789,-3,95,61.7,48.0,No,2400,2400,0,5565,125
12:17:02.676,active,15275,794,12654,16788,-3,95,61.7,47.7,No,2400,2400,0,5556,125
12:17:03.676,active,15273,796,12172,16790,-4,95,61.7,48.3,No,2400,2400,0,5544,125
12:17:04.685,active,15281,794,10166,16789,-5,95,62.2,47.0,No,2400,2400,0,5550,125
12:17:05.676,active,15286,818,12538,16789,0,95,62.2,47.5,No,2400,2400,0,5546,125
12:17:06.676,active,15283,870,10976,16789,0,95,61.7,47.8,No,2400,2400,0,5559,125
12:17:07.680,active,15318,678,10398,16790,0,95,62.2,48.0,No,2400,2400,0,5561,125
12:17:08.676,active,15288,714,8102,16790,0,95,61.1,48.1,No,2400,2400,0,5567,125
12:17:09.676,active,15309,662,10186,16790,0,95,61.1,48.9,No,2400,2400,0,5568,125
12:17:10.676,active,15299,864,13194,16790,0,95,62.2,48.7,No,2400,2400,0,5563,125
12:17:11.676,active,15294,630,9664,16789,0,95,61.7,48.8,No,2400,2400,0,5559,125
12:17:12.676,active,15296,800,12210,16789,0,95,62.2,48.1,No,2400,2400,0,5562,125
12:17:13.676,active,15271,570,8718,16789,0,95,62.2,47.7,No,2400,2400,0,5567,125
12:17:14.680,active,15271,808,12346,16791,0,95,61.7,48.0,No,2400,2400,0,5563,125
12:17:15.676,active,15241,806,12308,16791,0,95,60.6,48.1,No,2400,2400,0,5564,125
12:17:16.676,active,15281,880,13464,16790,0,95,61.7,53.5,No,2400,2400,0,5567,125
12:17:17.676,active,15219,766,11710,16789,0,95,62.8,46.9,No,2400,2400,0,5571,125
12:17:18.677,active,15258,754,11536,16789,0,95,62.2,46.9,No,2400,2400,0,5568,125
12:17:19.676,active,15273,906,10590,16789,0,95,62.8,51.3,No,2400,2400,0,5559,125
12:17:20.677,active,15309,740,11342,16790,0,95,62.2,48.5,No,2400,2400,0,5567,125
12:17:21.680,active,15273,814,8392,16790,0,95,61.7,53.3,No,2400,2400,0,5569,125
12:17:22.676,active,15301,470,7194,16789,0,95,62.2,45.8,No,2400,2400,0,5573,125
12:17:23.676,active,15314,514,8120,16790,0,95,63.4,50.0,No,2400,2400,0,5572,125
12:17:24.676,active,15303,560,8604,16790,0,95,62.2,50.8,No,2400,2400,0,5573,125
12:17:25.676,active,15309,568,7966,16790,0,95,63.4,54.0,No,2400,2400,0,5579,125
12:17:26.676,active,15322,524,8044,16790,0,95,62.8,51.6,No,2400,2400,0,5577,125
12:17:27.677,active,15307,490,7484,16789,0,95,62.8,49.7,No,2400,2400,0,5563,125
12:17:28.678,active,15271,864,13982,16789,-3,95,62.2,50.5,No,2400,2400,0,5554,125
12:17:29.676,active,15296,810,12404,16789,0,95,62.8,54.7,No,2400,2400,0,5568,125
12:17:30.676,active,15283,830,10920,16790,0,95,62.2,55.1,No,2400,2400,0,5572,125
12:17:31.676,active,15279,854,13060,16791,0,95,63.4,52.2,No,2400,2400,0,5580,125
12:17:32.677,active,15286,820,13090,16790,-3,95,62.8,50.9,No,2400,2400,0,5586,125
12:17:33.676,active,15288,856,13098,16789,-4,95,63.9,49.9,No,2400,2400,0,5569,125
12:17:34.676,active,15316,660,8354,16787,-5,95,62.8,48.1,No,2400,2400,0,5569,125
12:17:35.676,active,15283,490,7542,16789,0,95,62.2,48.2,No,2400,2400,0,5572,125
12:17:36.676,active,15299,722,8000,16789,0,95,62.8,48.5,No,2400,2400,0,5575,125
12:17:37.676,active,15249,780,11922,16790,0,95,62.8,48.5,No,2400,2400,0,5572,125
12:17:38.676,active,15249,792,9008,16790,0,95,62.8,49.4,No,2400,2400,0,5578,125
12:17:39.676,active,15262,650,9934,16789,-3,95,60.6,47.9,No,2400,2400,0,5578,125
12:17:40.677,active,15247,680,9742,16790,0,95,62.8,50.0,No,2400,2400,0,5577,125
12:17:41.676,sleep,15292,498,7638,16793,11,95,59.5,1.5,No,2400,2400,0,5612,125
12:17:42.676,sleep,15286,472,7638,16791,9,95,59.0,0.3,No,2400,2400,0,5613,125
12:17:43.676,sleep,15292,580,8912,16791,8,95,58.4,0.0,No,2400,2400,0,5617,125
12:17:44.676,sleep,15292,722,8738,16791,10,95,58.4,0.0,No,2400,2400,0,5626,125
12:17:45.676,sleep,15286,468,7176,16792,10,95,57.3,0.0,No,2400,2400,0,5630,125
12:17:46.676,sleep,15294,400,6114,16792,16,95,56.2,-0.0,No,1500,2400,0,5622,125
12:17:47.676,sleep,15292,388,6712,16793,17,95,56.2,0.0,No,1500,2400,0,5633,125
12:17:48.676,sleep,15290,398,6096,16793,17,95,55.6,0.0,No,1500,2400,0,5629,125
12:17:49.676,sleep,15286,480,4976,16792,15,95,55.1,-0.0,No,1500,2400,0,5639,125
12:17:50.676,sleep,15296,540,8294,16792,15,95,54.5,-0.0,No,1500,2400,0,5644,125
12:17:51.676,sleep,15294,304,4532,16793,14,95,54.5,0.0,No,1500,2400,0,4276,75
12:17:52.676,sleep,15288,232,3568,16792,12,95,54.5,0.0,No,1500,2400,0,3578,75
12:17:53.676,sleep,15292,590,8392,16792,12,95,54.5,-0.0,No,1500,2400,0,3459,75
12:17:54.676,sleep,15286,578,8854,16792,11,95,53.5,0.0,No,1500,2400,0,3448,75
12:17:55.676,sleep,15286,354,5440,16792,11,95,53.5,0.0,No,1500,2400,0,3449,75
12:17:56.676,active,15275,824,12616,16789,0,95,56.8,56.6,No,2400,2400,0,3418,75
12:17:57.676,active,15277,442,6790,16790,-6,95,58.4,47.6,No,2400,2400,0,3403,75
12:17:58.676,active,15307,654,10030,16790,0,95,58.4,49.5,No,2400,2400,0,3386,75
12:17:59.676,active,15290,468,7194,16789,-3,95,59.5,47.4,No,2400,2400,0,3384,75
12:18:00.679,active,15329,486,7484,16788,-6,95,60.6,49.6,No,2400,2400,0,3374,75
12:18:01.680,active,15281,564,8680,16790,0,95,60.0,47.0,No,2400,2400,0,3376,75
12:18:02.677,active,15346,516,7948,16789,0,95,60.0,49.5,No,2400,2400,0,4188,125
12:18:03.676,active,15311,450,6924,16789,-3,95,60.6,48.7,No,2400,2400,0,5424,125
12:18:04.676,active,15262,794,13176,16788,-8,95,60.6,49.0,No,2400,2400,0,5510,125
12:18:05.676,active,15268,806,12346,16788,-6,95,61.1,48.1,No,2400,2400,0,5521,125
12:18:06.676,active,15258,732,12346,16788,-5,95,61.7,49.2,No,2400,2400,0,5516,125
12:18:07.680,active,15279,716,10956,16789,-6,95,62.2,48.5,No,2400,2400,0,5528,125
12:18:08.676,active,15266,810,12886,16789,-5,95,61.7,46.6,No,2400,2400,0,5515,125
12:18:09.680,active,15286,864,13234,16789,-5,95,61.1,47.7,No,2400,2400,0,5514,125
12:18:10.676,active,15277,908,12982,16789,-3,95,61.1,47.0,No,2400,2400,0,5514,125
12:18:11.676,active,15277,808,12384,16788,-7,95,61.7,48.0,No,2400,2400,0,5511,125
12:18:12.676,active,15279,844,12654,16790,0,95,62.2,48.7,No,2400,2400,0,5515,125
12:18:13.676,active,15296,524,8950,16790,0,95,62.2,47.6,No,2400,2400,0,5520,125
12:18:14.676,active,15305,488,7484,16790,-3,95,62.2,46.9,No,2400,2400,0,5526,125
12:18:15.676,active,15301,558,10610,16789,-3,95,62.8,47.6,No,2400,2400,0,5523,125
12:18:16.681,active,15301,550,8448,16789,0,95,62.2,48.4,No,2400,2400,0,5538,125
12:18:17.676,active,15299,424,13176,16789,0,95,61.1,47.9,No,2400,2400,0,5535,125
12:18:18.676,active,15303,866,13234,16790,0,95,62.2,49.0,No,2400,2400,0,5540,125
12:18:19.676,active,15296,558,12326,16790,0,95,62.2,49.3,No,2400,2400,0,5539,125
12:18:20.676,active,15223,796,12134,16789,0,95,61.7,48.7,No,2400,2400,0,5546,125
12:18:21.676,active,15271,538,13522,16789,0,95,61.1,47.8,No,2400,2400,0,5542,125
12:18:22.676,active,15331,482,7408,16789,0,95,61.7,48.3,No,2400,2400,0,5550,125
12:18:23.683,active,15350,510,7832,16789,0,95,61.7,48.0,No,2400,2400,0,5555,125
12:18:24.676,active,15320,484,7426,16789,-3,95,61.1,48.2,No,2400,2400,0,5558,125
12:18:25.676,active,15344,486,7466,16789,-4,95,61.1,49.3,No,2400,2400,0,5558,125
12:18:26.676,active,15316,522,8006,16789,-4,95,62.2,51.7,No,2400,2400,0,5564,125
12:18:27.676,active,15329,478,7330,16789,0,95,62.8,46.7,No,2400,2400,0,5555,125
12:18:28.676,active,15309,540,8276,16788,0,95,62.2,48.7,No,2400,2400,0,5564,125
12:18:29.677,active,15294,510,7832,16788,-5,95,63.4,48.0,No,2400,2400,0,5564,125
12:18:30.676,active,15307,546,8372,16788,-5,95,60.6,50.4,No,2400,2400,0,5559,125
12:18:31.676,active,15268,812,12442,16788,-5,95,62.2,47.8,No,2400,2400,0,5573,125
12:18:32.676,active,15275,846,10456,16789,-6,95,62.2,48.6,No,2400,2400,0,5584,125
12:18:33.676,active,15286,914,14004,16789,-7,95,62.2,50.0,No,2400,2400,0,5573,125
12:18:34.678,active,15279,732,13580,16788,-6,95,63.4,50.0,No,2400,2400,0,5567,125
12:18:35.676,active,15279,884,13562,16789,-9,95,62.8,51.5,No,2400,2400,0,5569,125
12:18:36.677,active,15292,752,12250,16788,-7,95,62.8,51.5,No,2400,2400,0,5575,125
12:18:37.676,active,15288,868,13292,16788,-3,95,62.8,51.3,No,2400,2400,0,5565,125
12:18:38.676,active,15281,814,13330,16788,0,95,63.4,51.8,No,2400,2400,0,5565,125
12:18:39.676,active,15286,790,12114,16789,0,95,63.4,53.5,No,2400,2400,0,5573,125
12:18:40.676,active,15305,596,9124,16789,-3,95,62.8,48.6,No,2400,2400,0,5568,125
12:18:41.676,active,15292,630,11456,16788,-3,95,62.8,48.1,No,2400,2400,0,5574,125
12:18:42.676,active,15303,740,11304,16788,-5,95,63.4,51.6,No,2400,2400,0,5572,125
12:18:43.676,active,15281,650,10722,16789,-5,95,62.8,47.2,No,2400,2400,0,5567,125
12:18:44.676,active,15258,720,11034,16789,0,95,61.7,47.2,No,2400,2400,0,5578,125
12:18:45.676,active,15238,736,9800,16789,0,95,62.8,48.7,No,2400,2400,0,5580,125
12:18:46.676,active,15273,580,8892,16789,-3,95,63.4,48.5,No,2400,2400,0,5580,125
12:18:47.678,active,15251,664,10050,16790,0,95,63.4,48.1,No,2400,2400,0,5581,125
12:18:48.676,active,15238,756,11594,16790,0,95,63.4,47.3,No,2400,2400,0,5593,125
12:18:49.676,active,15309,526,8064,16790,0,95,63.4,48.3,No,2400,2400,0,5588,125
12:18:50.676,active,15324,534,8218,16789,0,95,62.2,48.0,No,2400,2400,0,5591,125
12:18:51.676,active,15344,560,8604,16789,0,95,63.4,48.2,No,2400,2400,0,5593,125
12:18:52.676,active,15318,506,7754,16789,0,95,63.9,49.4,No,2400,2400,0,5591,125
12:18:53.676,active,15344,566,8680,16789,-3,95,63.4,47.2,No,2400,2400,0,5587,125
12:18:54.676,active,15309,528,8102,16790,0,95,63.4,46.4,No,2400,2400,0,5586,125
12:18:55.677,active,15314,538,8236,16790,0,95,63.9,47.2,No,2400,2400,0,5579,125
12:18:56.676,sleep,15292,486,7446,16792,8,95,60.0,3.0,No,2400,2400,0,5627,125
12:18:57.676,sleep,15288,336,5150,16790,11,95,59.0,0.0,No,2400,2400,0,5648,125
12:18:58.676,sleep,15290,500,7736,16790,9,95,58.4,0.0,No,2400,2400,0,5633,125
12:18:59.676,sleep,15294,476,7310,16791,10,95,58.4,0.0,No,2400,2400,0,5624,125
12:19:00.676,sleep,15290,450,7736,16792,10,95,57.3,0.0,No,2400,2400,0,5625,125
12:19:01.676,sleep,15290,530,8120,16792,9,95,56.8,-0.0,No,1500,2400,0,5638,125
12:19:02.676,sleep,15281,490,7138,16790,9,95,56.2,0.3,No,1500,2400,0,5636,125
12:19:03.676,sleep,15290,470,7214,16791,13,95,55.6,0.0,No,1500,2400,0,5638,125
12:19:04.676,sleep,15292,464,7716,16793,16,95,55.1,0.0,No,1500,2400,0,5635,125
12:19:05.676,sleep,15288,432,6616,16791,9,95,54.5,-0.0,No,1500,2400,0,5644,125
12:19:06.676,sleep,15294,522,8006,16793,14,95,54.5,0.0,No,1500,2400,0,3974,75
12:19:07.676,sleep,15292,578,8874,16792,16,95,55.1,-0.0,No,1500,2400,0,3533,75
12:19:08.676,sleep,15294,308,4726,16793,15,95,54.0,0.0,No,1500,2400,0,3469,75
12:19:09.676,sleep,15292,432,6616,16791,14,95,54.0,-0.0,No,1500,2400,0,3448,75
12:19:10.676,sleep,15294,362,5536,16793,16,95,54.0,0.0,No,1500,2400,0,3441,75
12:19:11.676,active,15253,860,11620,16791,0,95,56.8,53.5,No,2400,2400,0,3395,75
12:19:12.676,active,15256,788,12056,16790,-4,95,56.8,47.1,No,2400,2400,0,3395,75
12:19:13.676,active,15281,652,13064,16790,0,95,58.4,49.4,No,2400,2400,0,3391,75
12:19:14.676,active,15275,834,12752,16788,-3,95,60.6,48.0,No,2400,2400,0,3387,75
12:19:15.679,active,15262,786,13574,16789,0,95,60.6,50.1,No,2400,2400,0,4922,125
12:19:16.680,active,15309,502,7716,16790,0,95,60.0,48.0,No,2400,2400,0,5492,125
12:19:17.676,active,15309,298,7736,16789,0,95,60.6,47.6,No,2400,2400,0,5537,125
12:19:18.676,active,15303,564,8662,16790,0,95,60.0,47.1,No,2400,2400,0,5533,125
12:19:19.676,active,15307,518,7350,16789,-3,95,60.0,48.6,No,2400,2400,0,5524,125
12:19:20.676,active,15301,506,7774,16790,0,95,61.1,48.4,No,2400,2400,0,5534,125
12:19:21.676,active,15299,548,8410,16790,0,95,61.1,48.4,No,2400,2400,0,5541,125
12:19:22.676,active,15299,546,8392,16790,0,95,61.7,47.0,No,2400,2400,0,5531,125
12:19:23.676,active,15301,548,10186,16790,0,95,61.1,47.9,No,2400,2400,0,5535,125
12:19:24.677,active,15309,680,9568,16789,0,95,61.7,46.3,No,2400,2400,0,5533,125
12:19:25.677,active,15281,516,7948,16789,-3,95,60.6,47.6,No,2400,2400,0,5531,125
12:19:26.676,active,15309,666,8178,16790,0,95,60.6,48.8,No,2400,2400,0,5548,125
12:19:27.676,active,15314,458,7040,16790,0,95,61.7,49.5,No,2400,2400,0,5522,125
12:19:28.676,active,15314,530,8642,16789,0,95,61.7,49.0,No,2400,2400,0,5534,125
12:19:29.676,active,15309,494,7600,16789,0,95,62.2,48.6,No,2400,2400,0,5539,125
12:19:30.676,active,15329,468,7060,16790,0,95,61.1,48.2,No,2400,2400,0,5544,125
12:19:31.676,active,15105,534,8218,16790,0,95,60.6,48.0,No,2400,2400,0,5547,125
12:19:32.683,active,15320,510,7716,16790,0,95,61.7,48.5,No,2400,2400,0,5556,125
12:19:33.676,active,15256,836,12790,16789,0,95,61.1,48.2,No,2400,2400,0,5552,125
12:19:34.676,active,15262,822,12596,16789,0,95,61.7,48.7,No,2400,2400,0,5554,125
12:19:35.676,active,15268,904,13832,16789,0,95,62.8,49.2,No,2400,2400,0,5550,125
12:19:36.676,active,15264,836,12808,16790,0,95,62.8,50.9,No,2400,2400,0,5558,125
12:19:37.677,active,15273,892,13658,16790,-4,95,62.2,45.0,No,2400,2400,0,5560,125
12:19:38.676,active,15275,826,12848,16790,-3,95,61.7,46.1,No,2400,2400,0,5560,125
12:19:39.676,active,15281,836,12828,16789,0,95,61.7,48.6,No,2400,2400,0,5558,125
12:19:40.676,active,15271,802,12982,16790,0,95,61.7,51.6,No,2400,2400,0,5555,125
12:19:41.676,active,15279,864,13234,16789,0,95,62.8,49.0,No,2400,2400,0,5562,125
12:19:42.676,active,15303,574,8816,16790,0,95,62.8,49.1,No,2400,2400,0,5563,125
12:19:43.681,active,15324,564,8430,16789,0,95,62.8,48.5,No,2400,2400,0,5572,125
12:19:44.676,active,15354,500,7678,16790,0,95,63.4,50.8,No,2400,2400,0,5562,125
12:19:45.677,active,15296,530,11458,16789,0,95,62.2,51.4,No,2400,2400,0,5560,125
12:19:46.676,active,15320,496,7620,16789,0,95,62.8,54.7,No,2400,2400,0,5565,125
12:19:47.676,active,15301,482,8912,16789,0,95,62.8,50.5,No,2400,2400,0,5571,125
12:19:48.676,active,15305,560,8564,16790,0,95,61.7,52.3,No,2400,2400,0,5565,125
12:19:49.676,active,15307,562,10926,16790,0,95,63.4,49.5,No,2400,2400,0,5571,125
12:19:50.676,active,15299,720,11034,16789,0,95,63.4,52.3,No,2400,2400,0,5568,125
12:19:51.681,active,15279,632,11458,16790,0,95,63.4,50.4,No,2400,2400,0,5574,125
12:19:52.676,active,15281,924,14160,16789,0,95,62.8,50.5,No,2400,2400,0,5571,125
12:19:53.676,active,15318,472,7156,16791,0,95,61.7,44.6,No,2400,2400,0,5571,125
12:19:54.676,active,15324,458,7040,16790,0,95,62.8,47.7,No,2400,2400,0,5567,125
12:19:55.676,active,15314,668,7966,16790,0,95,63.4,49.1,No,2400,2400,0,5577,125
12:19:56.677,active,15341,528,8120,16790,0,95,63.9,47.8,No,2400,2400,0,5579,125
12:19:57.676,active,15311,402,6654,16789,0,95,62.8,47.9,No,2400,2400,0,5573,125
12:19:58.679,active,15318,534,8198,16789,0,95,63.4,48.2,No,2400,2400,0,5587,125
12:19:59.676,active,15331,486,7716,16789,0,95,62.8,49.0,No,2400,2400,0,5603,125
12:20:00.676,active,15277,680,13098,16788,0,95,61.7,49.2,No,2400,2400,0,5595,125
12:20:01.676,active,15277,822,12578,16789,0,95,62.8,47.4,No,2400,2400,0,5578,125
12:20:02.676,active,15262,886,13176,16789,0,95,62.8,48.3,No,2400,2400,0,5581,125
12:20:03.676,active,15305,808,12384,16789,0,95,62.8,47.5,No,2400,2400,0,5579,125
12:20:04.676,active,15256,902,14178,16790,0,95,63.4,46.4,No,2400,2400,0,5578,125
12:20:05.678,active,15258,846,12964,16791,4,95,62.2,46.5,No,2400,2400,0,5582,125
12:20:06.677,active,15264,832,13060,16790,0,95,62.2,46.2,No,2400,2400,0,5587,125
12:20:07.676,active,15253,826,12674,16790,0,95,62.8,47.2,No,2400,2400,0,5587,125
12:20:08.676,active,15275,846,14256,16790,0,95,62.8,46.9,No,2400,2400,0,5593,125
12:20:09.676,active,15296,472,7252,16790,0,95,63.4,47.3,No,2400,2400,0,5580,125
12:20:10.676,active,15307,544,8564,16789,3,95,63.4,52.9,No,2400,2400,0,5581,125
12:20:11.676,sleep,15299,476,7310,16791,8,95,59.5,7.8,No,2400,2400,0,5616,125
12:20:12.676,sleep,15292,470,7408,16792,14,95,59.0,0.0,No,2400,2400,0,5624,125
12:20:13.676,sleep,15294,476,7292,16792,11,95,59.0,0.0,No,2400,2400,0,5635,125
12:20:14.676,sleep,15296,600,9202,16792,10,95,57.9,-0.0,No,2400,2400,0,5617,125
12:20:15.676,sleep,15292,490,7504,16791,8,95,56.8,0.0,No,2400,2400,0,5621,125
12:20:16.676,sleep,15288,356,5458,16792,11,95,56.8,0.0,No,1500,2400,0,5636,125
12:20:17.676,sleep,15286,394,6056,16792,14,95,56.2,0.0,No,1500,2400,0,5638,125
12:20:18.676,sleep,15288,522,8006,16793,15,95,55.1,0.0,No,1500,2400,0,5381,75
12:20:19.676,sleep,15292,382,6308,16793,15,95,54.5,-0.0,No,1500,2400,0,3758,75
12:20:20.676,sleep,15294,232,3568,16794,13,95,55.1,0.0,No,1500,2400,0,3497,75
12:20:21.676,sleep,15290,294,5632,16793,12,95,54.5,0.2,No,1500,2400,0,3457,75
12:20:22.676,sleep,15281,346,5304,16792,14,95,54.0,0.0,No,1500,2400,0,3441,75
12:20:23.676,sleep,15286,500,5728,16793,19,95,54.5,-0.0,No,1500,2400,0,3428,75
12:20:24.676,sleep,15292,338,5188,16792,15,95,55.1,0.3,No,1600,2400,0,3427,75
12:20:25.676,sleep,15294,442,7928,16793,15,95,54.0,0.0,No,1500,2400,0,3424,75
12:20:26.677,active,15305,484,7426,16791,5,95,57.3,50.0,No,2400,2400,0,3390,75
12:20:27.676,active,15273,848,12982,16789,-4,95,57.3,48.5,No,2400,2400,0,3387,75
12:20:28.676,active,15283,798,8646,16789,-3,95,58.4,47.7,No,2400,2400,0,3370,75
12:20:29.676,active,15277,742,11362,16790,-4,95,59.5,47.6,No,2400,2400,0,3354,75
12:20:30.681,active,15283,846,8294,16789,-4,95,60.0,48.0,No,2400,2400,0,3356,75
12:20:31.676,active,15283,482,7388,16789,-3,95,61.1,47.6,No,2400,2400,0,3359,75
12:20:32.677,active,15290,686,8236,16789,-3,95,60.6,46.6,No,2400,2400,0,5141,125
12:20:33.676,active,15281,480,7368,16789,-3,95,60.0,47.4,No,2400,2400,0,5492,125
12:20:34.677,active,15318,700,7966,16788,0,95,60.0,46.9,No,2400,2400,0,5508,125
12:20:35.676,active,15331,510,7850,16790,0,95,60.6,47.9,No,2400,2400,0,5498,125
12:20:36.676,active,15299,798,12192,16791,0,95,60.6,48.9,No,2400,2400,0,5499,125
12:20:37.676,active,15236,856,13078,16790,0,95,61.7,49.3,No,2400,2400,0,5498,125
12:20:38.676,active,15241,856,13098,16790,0,95,61.7,48.6,No,2400,2400,0,5502,125
12:20:39.676,active,15253,858,12350,16790,0,95,61.7,48.0,No,2400,2400,0,5502,125
12:20:40.676,active,15236,842,12886,16790,3,95,61.1,48.9,No,2400,2400,0,5498,125
12:20:41.676,active,15253,832,13522,16791,6,95,60.6,48.3,No,2400,2400,0,5510,125
12:20:42.676,active,15253,826,12654,16792,4,95,61.1,48.8,No,2400,2400,0,5513,125
12:20:43.676,active,15264,820,13214,16791,0,95,61.1,49.2,No,2400,2400,0,5507,125
12:20:44.676,active,15264,778,11940,16789,0,95,61.7,49.3,No,2400,2400,0,5519,125
12:20:45.676,active,15307,526,8082,16789,0,95,61.7,49.7,No,2400,2400,0,5528,125
12:20:46.676,active,15299,492,7562,16790,0,95,61.7,50.7,No,2400,2400,0,5530,125
12:20:47.677,active,15301,502,7696,16789,0,95,61.1,44.8,No,2400,2400,0,5526,125
12:20:48.676,active,15301,492,7542,16789,0,95,61.1,48.6,No,2400,2400,0,5527,125
12:20:49.676,active,15303,542,8334,16789,-5,95,62.8,50.0,No,2400,2400,0,5530,125
12:20:50.677,active,15299,586,10782,16789,-3,95,62.8,49.4,No,2400,2400,0,5526,125
12:20:51.680,active,15326,584,8950,16789,0,95,63.4,48.1,No,2400,2400,0,5538,125
12:20:52.676,active,15292,512,13482,16791,0,95,62.8,50.5,No,2400,2400,0,5538,125
12:20:53.676,active,15305,736,11266,16790,3,95,62.2,48.1,No,2400,2400,0,5548,125
12:20:54.677,active,15311,454,7138,16788,0,95,62.8,48.9,No,2400,2400,0,5545,125
12:20:55.676,active,15354,464,7138,16790,0,95,62.8,52.2,No,2400,2400,0,5549,125
12:20:56.676,active,15292,518,7986,16790,-3,95,62.8,52.4,No,2400,2400,0,5542,125
12:20:57.676,active,15275,822,12578,16790,0,95,63.4,55.3,No,2400,2400,0,5540,125
12:20:58.680,active,15283,576,8854,16789,-3,95,63.9,50.0,No,2400,2400,0,5559,125
12:20:59.676,active,15277,842,12906,16789,-3,95,63.4,55.3,No,2400,2400,0,5546,125
12:21:00.681,active,15359,472,7252,16788,-6,95,63.4,52.6,No,2400,2400,0,5548,125
12:21:01.680,active,15324,492,8822,16789,0,95,63.4,52.5,No,2400,2400,0,5546,125
12:21:02.676,active,15258,818,12520,16790,0,95,62.8,50.4,No,2400,2400,0,5565,125
12:21:03.676,active,15268,622,11516,16792,4,95,62.8,44.8,No,2400,2400,0,5568,125
12:21:04.676,active,15273,858,13136,16789,0,95,63.4,48.5,No,2400,2400,0,5560,125
12:21:05.676,active,15288,858,13118,16789,0,95,63.4,48.6,No,2400,2400,0,5561,125
12:21:06.676,active,15271,856,13118,16789,0,95,62.8,48.6,No,2400,2400,0,5563,125
12:21:07.676,active,15268,858,13136,16789,0,95,62.8,48.3,No,2400,2400,0,5553,125
12:21:08.676,active,15288,756,11594,16789,0,95,62.8,48.5,No,2400,2400,0,5549,125
12:21:09.676,active,15264,828,12694,16789,0,95,62.8,49.9,No,2400,2400,0,5550,125
12:21:10.676,active,15271,834,12770,16789,0,95,63.4,49.4,No,2400,2400,0,5565,125
12:21:11.676,active,15292,624,9588,16789,0,95,63.4,49.0,No,2400,2400,0,5575,125
12:21:12.676,active,15305,480,11786,16790,0,95,63.4,48.9,No,2400,2400,0,5563,125
12:21:13.676,active,15279,608,9298,16790,3,95,63.4,46.8,No,2400,2400,0,5569,125
12:21:14.676,active,15294,462,10088,16791,0,95,63.4,46.4,No,2400,2400,0,5579,125
12:21:15.676,active,15236,754,11516,16790,0,95,62.2,45.7,No,2400,2400,0,5582,125
12:21:16.676,active,15303,572,10764,16790,0,95,62.2,46.1,No,2400,2400,0,5587,125
12:21:17.676,active,15264,690,10572,16790,0,95,62.8,45.3,No,2400,2400,0,5575,125
12:21:18.676,active,15277,644,11670,16790,0,95,63.4,47.0,No,2400,2400,0,5577,125
12:21:19.676,active,15271,758,11612,16791,0,95,62.8,46.9,No,2400,2400,0,5576,125
12:21:20.680,active,15309,758,11400,16791,0,95,63.4,50.9,No,2400,2400,0,5571,125
12:21:21.676,active,15361,520,8546,16790,0,95,63.9,51.1,No,2400,2400,0,5578,125
12:21:22.678,active,15314,518,7948,16789,0,95,62.8,48.1,No,2400,2400,0,5576,125
12:21:23.676,active,15322,552,7928,16789,0,95,63.4,49.1,No,2400,2400,0,5575,125
12:21:24.676,active,15311,440,6770,16790,0,95,62.8,49.0,No,2400,2400,0,5573,125
12:21:25.676,active,15322,546,8236,16790,0,95,63.9,49.2,No,2400,2400,0,5578,125
12:21:26.676,sleep,15292,508,7774,16792,8,95,61.1,10.1,No,2400,2400,0,5614,125
12:21:27.676,sleep,15292,490,7426,16792,15,95,59.0,0.0,No,2400,2400,0,5600,125
12:21:28.676,sleep,15294,534,8198,16792,12,95,58.4,-0.0,No,2400,2400,0,5612,125
12:21:29.676,sleep,15296,502,7696,16792,10,95,58.4,0.0,No,2400,2400,0,5617,125
12:21:30.676,sleep,15294,544,8352,16791,8,95,57.9,-0.0,No,2400,2400,0,5627,125
12:21:31.676,sleep,15290,400,6114,16793,10,95,56.2,0.0,No,1500,2400,0,5640,125
12:21:32.676,sleep,15290,418,6404,16792,12,95,55.6,-0.0,No,1500,2400,0,5633,125
12:21:33.676,sleep,15296,368,5632,16791,11,95,55.6,0.3,No,1500,2400,0,5630,125
12:21:34.676,sleep,15290,532,8160,16793,13,95,55.6,-0.0,No,1500,2400,0,5633,125
12:21:35.676,sleep,15292,456,7002,16793,12,95,55.1,0.3,No,1500,2400,0,5655,125
12:21:36.676,sleep,15288,466,7138,16794,13,95,55.6,0.0,No,1500,2400,0,4816,75
12:21:37.676,sleep,15292,616,9432,16792,14,95,54.5,-0.0,No,1500,2400,0,3659,75
12:21:38.676,sleep,15301,258,8024,16793,13,95,54.5,0.0,No,1500,2400,0,3485,75
12:21:39.676,sleep,15294,480,7368,16792,13,95,54.5,0.0,No,1500,2400,0,3459,75
12:21:40.676,sleep,15292,292,6288,16793,13,95,54.0,-0.0,No,1500,2400,0,3441,75
12:21:41.676,active,15253,764,11670,16790,0,95,56.8,47.6,No,2400,2400,0,3412,75
12:21:42.676,active,15230,868,12480,16789,-5,95,58.4,46.5,No,2400,2400,0,3397,75
12:21:43.676,active,15264,740,11324,16789,-8,95,57.9,47.0,No,2400,2400,0,3385,75
12:21:44.676,active,15264,696,13388,16789,-7,95,60.0,47.8,No,2400,2400,0,3539,125
12:21:45.676,active,15273,818,12520,16789,-10,95,59.5,48.6,No,2400,2400,0,5372,125
12:21:46.676,active,15275,848,11440,16788,-11,95,60.0,48.9,No,2400,2400,0,5533,125
12:21:47.676,active,15311,514,7122,16789,-7,95,60.6,48.3,No,2400,2400,0,5536,125
12:21:48.676,active,15314,492,7542,16790,-5,95,61.1,48.1,No,2400,2400,0,5537,125
12:21:49.680,active,15305,492,7818,16790,0,95,60.0,48.0,No,2400,2400,0,5533,125
12:21:50.676,active,15301,464,7138,16789,0,95,60.0,48.1,No,2400,2400,0,5530,125
12:21:51.676,active,15305,528,7214,16788,-5,95,60.6,48.9,No,2400,2400,0,5530,125
12:21:52.676,active,15299,512,7850,16789,-5,95,60.6,49.0,No,2400,2400,0,5538,125
12:21:53.676,active,15299,496,12096,16789,-4,95,61.7,49.2,No,2400,2400,0,5538,125
12:21:54.676,active,15305,510,7832,16788,-4,95,61.1,48.1,No,2400,2400,0,5538,125
12:21:55.676,active,15299,446,12596,16788,0,95,61.7,49.2,No,2400,2400,0,5526,125
12:21:56.679,active,15316,694,10668,16788,0,95,61.1,50.2,No,2400,2400,0,5527,125
12:21:57.676,active,15303,520,8006,16789,-3,95,60.6,46.5,No,2400,2400,0,5547,125
12:21:58.676,active,15352,500,8464,16790,0,95,62.2,48.1,No,2400,2400,0,5543,125
12:21:59.676,active,15290,836,12828,16790,0,95,62.8,49.5,No,2400,2400,0,5546,125
12:22:00.676,active,15344,516,7692,16788,-4,95,62.2,51.5,No,2400,2400,0,5544,125
12:22:01.676,active,15301,744,11400,16790,0,95,62.8,48.6,No,2400,2400,0,5549,125
12:22:02.676,active,15337,546,8468,16789,0,95,61.7,48.4,No,2400,2400,0,5544,125
12:22:03.680,active,15333,494,7600,16790,0,95,61.7,47.1,No,2400,2400,0,5547,125
12:22:04.676,active,15320,500,7850,16789,0,95,61.7,50.6,No,2400,2400,0,5541,125
12:22:05.676,active,15268,800,12250,16788,0,95,63.4,54.7,No,2400,2400,0,5547,125
12:22:06.676,active,15279,806,12326,16789,0,95,62.2,52.5,No,2400,2400,0,5553,125
12:22:07.676,active,15286,762,11690,16789,0,95,63.9,53.8,No,2400,2400,0,5554,125
12:22:08.676,active,15271,816,12500,16789,0,95,62.2,50.5,No,2400,2400,0,5547,125
12:22:09.677,active,15271,848,12982,16790,0,95,62.2,52.6,No,2400,2400,0,5555,125
12:22:10.677,active,15277,846,12944,16788,-6,95,62.2,53.8,No,2400,2400,0,5559,125
12:22:11.676,active,15279,778,11922,16788,-9,95,61.7,51.8,No,2400,2400,0,5567,125
12:22:12.676,active,15275,928,14236,16788,-5,95,62.8,50.9,No,2400,2400,0,5567,125
12:22:13.676,active,15305,564,9336,16789,-4,95,61.7,46.8,No,2400,2400,0,5563,125
12:22:14.676,active,15305,474,7272,16790,-3,95,63.9,48.8,No,2400,2400,0,5564,125
12:22:15.676,active,15303,508,8082,16789,0,95,62.8,47.4,No,2400,2400,0,5566,125
12:22:16.676,active,15275,616,9452,16789,-3,95,62.2,48.2,No,2400,2400,0,5567,125
12:22:17.680,active,15301,772,11748,16788,-3,95,61.7,47.7,No,2400,2400,0,5584,125
12:22:18.676,active,15283,716,10976,16788,0,95,62.2,47.8,No,2400,2400,0,5585,125
12:22:19.676,active,15271,812,12326,16790,0,95,62.2,49.0,No,2400,2400,0,5572,125
12:22:20.676,active,15243,818,12480,16789,0,95,62.8,49.0,No,2400,2400,0,5584,125
12:22:21.676,active,15256,748,8932,16789,-3,95,63.4,48.5,No,2400,2400,0,5576,125
12:22:22.677,active,15314,502,8082,16790,0,95,61.7,48.1,No,2400,2400,0,5575,125
12:22:23.682,active,15314,518,7966,16789,0,95,62.8,47.3,No,2400,2400,0,5585,125
12:22:24.676,active,15320,458,8410,16790,0,95,62.2,45.8,No,2400,2400,0,5580,125
12:22:25.676,active,15341,518,7948,16790,0,95,62.2,47.2,No,2400,2400,0,5574,125
12:22:26.676,active,15350,552,7272,16789,0,95,63.4,47.0,No,2400,2400,0,5590,125
12:22:27.676,active,15311,526,8064,16789,0,95,62.8,46.9,No,2400,2400,0,5580,125
12:22:28.676,active,15329,540,7272,16790,0,95,63.4,46.0,No,2400,2400,0,5574,125
12:22:29.676,active,15307,532,8160,16791,4,95,64.5,46.7,No,2400,2400,0,5584,125
12:22:30.678,active,15316,438,7754,16790,3,95,62.8,52.0,No,2400,2400,0,5586,125
12:22:31.678,active,15286,794,12152,16790,3,95,62.2,49.4,No,2400,2400,0,5585,125
12:22:32.676,active,15303,838,12828,16791,0,95,62.8,48.6,No,2400,2400,0,5581,125
12:22:33.676,active,15279,844,11408,16791,0,95,61.7,47.2,No,2400,2400,0,5587,125
12:22:34.676,active,15271,890,13638,16791,4,95,63.9,48.2,No,2400,2400,0,5577,125
12:22:35.679,active,15281,824,10938,16790,0,95,63.9,47.4,No,2400,2400,0,5581,125
12:22:36.681,active,15279,682,10474,16790,3,95,62.8,47.9,No,2400,2400,0,5587,125
12:22:37.677,active,15281,868,10668,16789,0,95,62.2,47.6,No,2400,2400,0,5577,125
12:22:38.676,active,15344,542,8352,16789,0,95,62.2,47.2,No,2400,2400,0,5586,125
12:22:39.676,active,15288,866,7850,16791,0,95,62.2,48.9,No,2400,2400,0,5584,125
12:22:40.676,active,15253,760,11632,16790,0,95,63.9,49.8,No,2400,2400,0,5581,125
12:22:41.676,sleep,15299,460,7040,16791,3,95,60.0,13.1,No,2400,2400,0,5611,125
12:22:42.676,sleep,15290,498,8662,16791,8,95,59.5,0.0,No,2400,2400,0,5621,125
12:22:43.676,sleep,15299,464,7138,16791,10,95,58.4,0.0,No,2400,2400,0,5625,125
12:22:44.676,sleep,15283,514,7928,16792,9,95,58.4,0.0,No,2400,2400,0,5633,125
12:22:45.676,sleep,15294,478,7330,16792,8,95,57.3,-0.0,No,2400,2400,0,5652,125
12:22:46.676,sleep,15290,426,6886,16793,13,95,56.8,0.0,No,1500,2400,0,5644,125
12:22:47.676,sleep,15288,520,7966,16792,13,95,55.6,0.0,No,1500,2400,0,5642,125
12:22:48.676,sleep,15288,522,6346,16790,4,95,55.6,-0.0,No,1500,2400,0,5636,125
12:22:49.676,sleep,15294,434,6654,16793,9,95,55.1,0.0,No,1500,2400,0,5644,125
12:22:50.676,sleep,15290,450,6886,16793,11,95,55.1,-0.0,No,1500,2400,0,4256,75
12:22:51.676,sleep,15290,458,9326,16793,17,95,54.5,0.0,No,1500,2400,0,3568,75
12:22:52.676,sleep,15290,400,6134,16792,13,95,54.0,-0.0,No,1500,2400,0,3476,75
12:22:53.676,sleep,15286,424,8912,16792,13,95,54.0,0.0,No,1500,2400,0,3455,75
12:22:54.676,sleep,15290,364,5594,16793,14,95,54.5,0.0,No,1500,2400,0,3446,75
12:22:55.676,sleep,15288,496,9318,16794,15,95,53.5,0.0,No,1500,2400,0,3435,75
12:22:56.676,active,15294,480,7350,16790,4,95,57.3,45.9,No,2400,2400,0,3398,75
12:22:57.676,active,15294,474,11902,16790,0,95,57.9,48.4,No,2400,2400,0,3386,75
12:22:58.680,active,15359,504,7754,16790,0,95,57.9,48.3,No,2400,2400,0,3381,75
12:22:59.676,active,15311,534,8218,16790,0,95,58.4,48.1,No,2400,2400,0,3376,75
12:23:00.676,active,15350,482,7426,16789,0,95,58.4,48.9,No,2400,2400,0,3372,75
12:23:01.676,active,15311,494,7600,16791,0,95,59.5,48.8,No,2400,2400,0,4256,125
12:23:02.676,active,15335,492,7562,16789,0,95,60.6,48.7,No,2400,2400,0,5428,125
12:23:03.676,active,15352,510,7832,16788,-8,95,60.6,47.6,No,2400,2400,0,5521,125
12:23:04.676,active,15320,480,7272,16788,-5,95,60.6,48.0,No,2400,2400,0,5524,125
12:23:05.681,active,15281,702,10764,16790,0,95,61.1,55.5,No,2400,2400,0,5524,125
12:23:06.676,active,15262,854,7732,16790,0,95,60.6,46.1,No,2400,2400,0,5530,125
12:23:07.676,active,15262,830,12694,16790,0,95,62.2,49.0,No,2400,2400,0,5528,125
12:23:08.676,active,15268,900,12268,16789,-3,95,61.1,50.3,No,2400,2400,0,5522,125
12:23:09.676,active,15283,790,12114,16789,-5,95,62.2,50.0,No,2400,2400,0,5512,125
12:23:10.676,active,15268,870,12076,16790,0,95,62.8,47.5,No,2400,2400,0,5515,125
12:23:11.677,active,15271,740,11324,16790,0,95,61.7,47.6,No,2400,2400,0,5525,125
12:23:12.676,active,15275,820,14198,16790,0,95,61.7,47.1,No,2400,2400,0,5526,125
12:23:13.676,active,15279,902,13832,16790,0,95,61.7,51.4,No,2400,2400,0,5515,125
12:23:14.676,active,15288,668,10224,16789,-4,95,62.2,49.7,No,2400,2400,0,5529,125
12:23:15.676,active,15305,562,6848,16788,-7,95,62.8,49.9,No,2400,2400,0,5528,125
12:23:16.677,active,15305,478,7330,16788,-8,95,62.8,52.8,No,2400,2400,0,5528,125
12:23:17.676,active,15303,462,10436,16788,-6,95,63.4,49.6,No,2400,2400,0,5545,125
12:23:18.680,active,15296,614,9394,16789,-5,95,63.4,53.1,No,2400,2400,0,5542,125
12:23:19.676,active,15296,546,9472,16789,-3,95,62.8,51.3,No,2400,2400,0,5531,125
12:23:20.676,active,15238,814,12442,16788,-3,95,61.7,50.5,No,2400,2400,0,5544,125
12:23:21.676,active,15305,574,11498,16789,-3,95,62.2,49.9,No,2400,2400,0,5544,125
12:23:22.676,active,15296,612,9336,16789,0,95,62.8,50.4,No,2400,2400,0,5546,125
12:23:23.676,active,15264,526,9510,16790,0,95,63.4,46.5,No,2400,2400,0,5545,125
12:23:24.676,active,15352,514,7908,16788,-3,95,62.2,49.1,No,2400,2400,0,5555,125
12:23:25.676,active,15311,450,6924,16788,-5,95,62.2,47.9,No,2400,2400,0,5575,125
12:23:26.683,active,15311,622,9548,16789,-3,95,62.8,48.1,No,2400,2400,0,5569,125
12:23:27.676,active,15311,460,7080,16789,0,95,62.8,47.8,No,2400,2400,0,5563,125
12:23:28.676,active,15352,464,7138,16789,0,95,63.4,49.9,No,2400,2400,0,5556,125
12:23:29.676,active,15311,470,7234,16789,0,95,63.4,50.0,No,2400,2400,0,5559,125
12:23:30.676,active,15331,492,7542,16788,-7,95,62.2,48.7,No,2400,2400,0,5556,125
12:23:31.677,active,15331,506,7774,16789,-6,95,62.2,49.0,No,2400,2400,0,5559,125
12:23:32.678,active,15314,496,7620,16789,0,95,62.2,46.9,No,2400,2400,0,5578,125
12:23:33.676,active,15273,732,11208,16788,-5,95,61.7,45.9,No,2400,2400,0,5581,125
12:23:34.676,active,15245,882,13118,16789,0,95,62.2,46.8,No,2400,2400,0,5568,125
12:23:35.676,active,15268,820,12538,16789,-4,95,62.8,46.9,No,2400,2400,0,5573,125
12:23:36.676,active,15251,852,13562,16788,-8,95,63.4,46.1,No,2400,2400,0,5575,125
12:23:37.676,active,15279,700,10726,16789,-6,95,62.2,45.8,No,2400,2400,0,5564,125
12:23:38.676,active,15260,762,12964,16790,-5,95,62.8,46.1,No,2400,2400,0,5557,125
12:23:39.680,active,15281,856,13118,16789,-3,95,62.2,47.6,No,2400,2400,0,5558,125
12:23:40.678,active,15277,802,8776,16789,0,95,62.2,50.8,No,2400,2400,0,5569,125
12:23:41.676,active,15277,680,10416,16790,0,95,61.7,49.0,No,2400,2400,0,5572,125
12:23:42.676,active,15307,522,7986,16789,0,95,62.8,48.9,No,2400,2400,0,5579,125
12:23:43.676,active,15303,636,11844,16789,0,95,63.4,49.0,No,2400,2400,0,5571,125
12:23:44.679,active,15305,806,12308,16790,0,95,63.4,48.9,No,2400,2400,0,5572,125
12:23:45.676,active,15271,466,11014,16789,-3,95,62.2,46.9,No,2400,2400,0,5573,125
12:23:46.677,active,15290,668,10224,16788,0,95,62.8,49.0,No,2400,2400,0,5581,125
12:23:47.677,active,15251,646,10644,16788,-3,95,62.8,49.1,No,2400,2400,0,5568,125
12:23:48.676,active,15283,772,11806,16788,-4,95,62.8,49.1,No,2400,2400,0,5579,125
12:23:49.676,active,15251,812,12616,16789,-6,95,62.8,49.5,No,2400,2400,0,5577,125
12:23:50.679,active,15251,578,8854,16788,-9,95,63.9,48.5,No,2400,2400,0,5577,125
12:23:51.680,active,15275,706,12076,16788,-4,95,65.0,48.0,No,2400,2400,0,5585,125
12:23:52.676,active,15326,454,6982,16788,-4,95,62.8,48.4,No,2400,2400,0,5590,125
12:23:53.677,active,15361,558,8564,16789,-5,95,62.8,49.1,No,2400,2400,0,5594,125
12:23:54.676,active,15311,580,8912,16790,0,95,62.2,47.8,No,2400,2400,0,5583,125
12:23:55.676,active,15341,454,6964,16790,-3,95,62.2,49.0,No,2400,2400,0,5586,125
12:23:56.676,sleep,15292,464,7138,16791,0,95,60.6,16.8,No,2400,2400,0,5613,125
12:23:57.676,sleep,15288,514,7890,16791,10,95,59.5,-0.0,No,2400,2400,0,5638,125
12:23:58.675,sleep,15294,430,6596,16791,10,95,59.0,0.0,No,2400,2400,0,5616,125
12:23:59.676,sleep,15294,466,7156,16791,9,95,59.0,-0.0,No,2400,2400,0,5614,125
12:24:00.676,sleep,15290,448,6636,16791,8,95,57.9,0.0,No,2400,2400,0,5617,125
12:24:01.676,sleep,15290,534,8198,16792,12,95,56.2,-0.0,No,1500,2400,0,5636,125
12:24:02.676,sleep,15290,482,6114,16793,15,95,56.2,0.0,No,1500,2400,0,5622,125
12:24:03.676,sleep,15290,504,7716,16792,13,95,56.2,-0.0,No,1500,2400,0,5623,125
12:24:04.676,sleep,15283,490,7678,16791,10,95,55.1,0.0,No,1500,2400,0,5635,125
12:24:05.676,sleep,15290,438,6732,16793,10,95,55.1,0.8,No,1500,2400,0,5636,125
12:24:06.676,sleep,15288,426,8662,16794,14,95,54.5,0.0,No,1500,2400,0,5634,125
12:24:07.676,sleep,15290,402,6172,16793,14,95,54.5,0.0,No,1500,2400,0,4009,75
12:24:08.676,sleep,15288,584,6712,16792,13,95,54.5,-0.0,No,1500,2400,0,3537,75
12:24:09.676,sleep,15290,544,8352,16793,11,95,54.5,-0.0,No,1500,2400,0,3474,75
12:24:10.676,sleep,15294,420,6442,16793,12,95,53.5,0.0,No,1500,2400,0,3449,75
12:24:11.676,active,15234,750,11458,16789,4,95,57.9,43.1,No,2400,2400,0,3406,75
12:24:12.676,active,15234,752,11516,16789,-8,95,58.4,48.1,No,2400,2400,0,3402,75
12:24:13.676,active,15264,754,11554,16788,-8,95,59.0,48.6,No,2400,2400,0,3391,75
12:24:14.676,active,15243,740,11324,16789,-4,95,58.4,47.4,No,2400,2400,0,3389,75
12:24:15.676,active,15273,788,12056,16788,-6,95,59.0,52.8,No,2400,2400,0,4892,125
12:24:16.676,active,15258,824,12616,16789,-8,95,59.5,46.6,No,2400,2400,0,5491,125
12:24:17.676,active,15277,812,12442,16788,-8,95,59.5,46.0,No,2400,2400,0,5546,125
12:24:18.676,active,15296,492,7542,16788,-8,95,60.6,47.8,No,2400,2400,0,5540,125
12:24:19.677,active,15316,540,7966,16789,-4,95,61.1,48.2,No,2400,2400,0,5530,125
12:24:20.676,active,15337,514,7908,16788,-9,95,60.6,50.6,No,2400,2400,0,5531,125
12:24:21.679,active,15303,534,7388,16789,0,95,59.5,48.4,No,2400,2400,0,5530,125
12:24:22.676,active,15305,454,6964,16790,-4,95,61.1,47.7,No,2400,2400,0,5537,125
12:24:23.676,active,15303,502,9046,16789,-4,95,60.6,48.7,No,2400,2400,0,5530,125
12:24:24.681,active,15320,480,7388,16788,-5,95,62.2,51.5,No,2400,2400,0,5543,125
12:24:25.676,active,15326,502,9606,16788,0,95,62.2,50.9,No,2400,2400,0,5539,125
12:24:26.676,active,15281,572,8758,16788,-6,95,62.2,52.2,No,2400,2400,0,5550,125
12:24:27.677,active,15286,756,11594,16789,0,95,61.7,53.3,No,2400,2400,0,5546,125
12:24:28.676,active,15273,736,11054,16789,-4,95,60.0,53.5,No,2400,2400,0,5539,125
12:24:29.676,active,15294,844,12924,16788,0,95,61.7,52.7,No,2400,2400,0,5542,125
12:24:30.676,active,15311,764,8144,16788,0,95,62.2,52.4,No,2400,2400,0,5539,125
12:24:31.676,active,15281,892,13658,16789,0,95,62.8,50.6,No,2400,2400,0,5545,125
12:24:32.676,active,15361,468,7986,16788,-3,95,62.8,48.5,No,2400,2400,0,5549,125
12:24:33.679,active,15286,530,8160,16790,0,95,62.8,46.9,No,2400,2400,0,5555,125
12:24:34.676,active,15305,540,8584,16789,0,95,62.8,48.2,No,2400,2400,0,5554,125
12:24:35.676,active,15283,428,6596,16790,0,95,61.1,47.7,No,2400,2400,0,5552,125
12:24:36.676,active,15256,846,12964,16788,-3,95,61.7,47.7,No,2400,2400,0,5551,125
12:24:37.676,active,15275,568,8718,16788,0,95,62.2,48.2,No,2400,2400,0,5553,125
12:24:38.676,active,15273,826,12654,16790,-4,95,63.4,49.2,No,2400,2400,0,5554,125
12:24:39.681,active,15273,764,11690,16789,-6,95,63.4,48.9,No,2400,2400,0,5564,125
12:24:40.680,active,15307,750,11478,16790,-4,95,62.8,48.0,No,2400,2400,0,5561,125
12:24:41.676,active,15279,762,11670,16788,-5,95,62.8,49.1,No,2400,2400,0,5563,125
12:24:42.676,active,15316,810,12424,16788,-4,95,61.7,47.0,No,2400,2400,0,5565,125
12:24:43.676,active,15268,848,13002,16789,-5,95,62.8,47.1,No,2400,2400,0,5559,125
12:24:44.676,active,15273,882,13522,16790,0,95,62.2,46.8,No,2400,2400,0,5562,125
12:24:45.676,active,15303,510,9278,16790,0,95,63.9,46.2,No,2400,2400,0,5566,125
12:24:46.676,active,15301,516,7928,16789,0,95,62.8,46.1,No,2400,2400,0,5567,125
12:24:47.679,active,15303,432,9144,16789,0,95,62.2,46.6,No,2400,2400,0,5566,125
12:24:48.676,active,15305,510,7832,16788,-4,95,63.4,46.1,No,2400,2400,0,5568,125
12:24:49.676,active,15305,522,10088,16789,0,95,62.8,49.2,No,2400,2400,0,5571,125
12:24:50.676,active,15283,732,11208,16789,-3,95,61.7,51.1,No,2400,2400,0,5584,125
12:24:51.676,active,15305,510,12674,16788,-3,95,62.8,48.9,No,2400,2400,0,5580,125
12:24:52.679,active,15264,696,10648,16789,0,95,63.4,49.4,No,2400,2400,0,5580,125
12:24:53.676,active,15303,640,10378,16788,-4,95,62.8,49.5,No,2400,2400,0,5585,125
12:24:54.676,active,15311,630,9664,16789,0,95,63.4,49.0,No,2400,2400,0,5584,125
12:24:55.679,active,15296,542,8334,16788,0,95,62.8,47.1,No,2400,2400,0,5574,125
12:24:56.676,active,15318,518,7966,16788,-5,95,62.2,48.7,No,2400,2400,0,5569,125
12:24:57.676,active,15311,464,7138,16788,-6,95,62.8,49.6,No,2400,2400,0,5568,125
12:24:58.676,active,15316,474,7292,16789,-4,95,64.5,47.9,No,2400,2400,0,5568,125
12:24:59.678,active,15318,498,7658,16789,0,95,64.5,49.4,No,2400,2400,0,5581,125
12:25:00.676,active,15326,484,7426,16789,-3,95,62.8,46.9,No,2400,2400,0,5586,125
12:25:01.682,active,15348,520,7986,16789,0,95,63.4,48.0,No,2400,2400,0,5577,125
12:25:02.676,active,15322,584,6902,16790,0,95,62.2,48.0,No,2400,2400,0,5582,125
12:25:03.676,active,15264,844,12924,16790,0,95,62.8,48.0,No,2400,2400,0,5578,125
12:25:04.676,active,15277,818,11786,16790,0,95,62.8,48.6,No,2400,2400,0,5585,125
12:25:05.676,active,15275,862,13194,16789,0,95,62.8,48.5,No,2400,2400,0,5585,125
12:25:06.678,active,15273,1018,13098,16788,-6,95,63.9,47.6,No,2400,2400,0,5578,125
12:25:07.680,active,15281,882,13522,16788,-6,95,63.4,46.9,No,2400,2400,0,5588,125
12:25:08.676,active,15279,728,11170,16789,0,95,62.8,46.8,No,2400,2400,0,5583,125
12:25:09.677,active,15279,866,13272,16789,0,95,62.2,47.9,No,2400,2400,0,5579,125
12:25:10.676,active,15283,668,10262,16788,-4,95,62.2,48.4,No,2400,2400,0,5599,125
12:25:11.676,sleep,15288,536,8218,16790,0,95,60.6,19.1,No,2400,2400,0,5622,125
12:25:12.676,sleep,15292,508,7812,16790,9,95,59.5,0.0,No,2400,2400,0,5625,125
12:25:13.676,sleep,15299,378,6250,16790,5,95,59.0,0.0,No,2400,2400,0,5629,125
12:25:14.676,sleep,15290,410,6268,16791,4,95,57.9,0.0,No,2400,2400,0,5622,125
12:25:15.676,sleep,15299,480,6578,16790,3,95,57.9,-0.0,No,2400,2400,0,5614,125
12:25:16.676,sleep,15294,400,6114,16791,6,95,56.8,0.0,No,1500,2400,0,5628,125
12:25:17.676,sleep,15294,580,6674,16791,10,95,56.2,0.0,No,1500,2400,0,5630,125
12:25:18.676,sleep,15299,496,7620,16791,11,95,55.6,0.0,No,1500,2400,0,5632,125
12:25:19.676,sleep,15296,302,7214,16791,8,95,55.1,-0.0,No,1500,2400,0,5636,125
12:25:20.676,sleep,15292,496,7620,16792,5,95,55.1,0.3,No,1500,2400,0,5557,75
12:25:21.676,sleep,15286,418,5208,16792,8,95,54.5,0.0,No,1500,2400,0,3790,75
12:25:22.676,sleep,15294,452,6924,16791,12,95,55.1,-0.0,No,1500,2400,0,3511,75
12:25:23.676,sleep,15292,378,4532,16791,10,95,53.5,0.0,No,1500,2400,0,3448,75
12:25:24.676,sleep,15288,474,7272,16791,10,95,52.9,0.0,No,1500,2400,0,3443,75
12:25:25.676,sleep,15292,406,7272,16792,12,95,54.5,1.5,No,1500,2400,0,3446,75
12:25:26.676,active,15301,542,8314,16790,0,95,57.9,38.9,No,2400,2400,0,3411,75
12:25:27.676,active,15294,464,7022,16790,-4,95,58.4,48.1,No,2400,2400,0,3398,75
12:25:28.676,active,15301,518,7948,16788,-8,95,57.9,46.7,No,2400,2400,0,3379,75
12:25:29.676,active,15301,464,8218,16788,-5,95,59.0,49.2,No,2400,2400,0,3368,75
12:25:30.676,active,15294,622,9548,16789,-5,95,59.5,47.7,No,2400,2400,0,3380,75
12:25:31.676,active,15279,672,10320,16788,-9,95,59.5,53.5,No,2400,2400,0,3367,75
12:25:32.676,active,15277,720,11034,16789,-8,95,60.0,46.7,No,2400,2400,0,5137,125
12:25:33.681,active,15286,770,11786,16787,-8,95,61.7,50.6,No,2400,2400,0,5497,125
12:25:34.676,active,15283,758,11612,16787,-8,95,61.7,51.0,No,2400,2400,0,5531,125
12:25:35.681,active,15286,682,10474,16788,-7,95,61.1,51.4,No,2400,2400,0,5522,125
12:25:36.677,active,15294,614,13016,16788,-10,95,62.2,52.7,No,2400,2400,0,5492,125
12:25:37.676,active,15286,640,9818,16789,-8,95,61.1,50.9,No,2400,2400,0,5494,125
12:25:38.676,active,15309,766,6628,16788,-8,95,61.7,50.8,No,2400,2400,0,5497,125
12:25:39.676,active,15251,600,9182,16788,-5,95,62.2,50.4,No,2400,2400,0,5512,125
12:25:40.676,active,15283,698,11382,16788,-4,95,63.4,52.2,No,2400,2400,0,5513,125
12:25:41.676,active,15245,690,10552,16788,-5,95,62.8,49.6,No,2400,2400,0,5515,125
12:25:42.679,active,15243,740,12268,16789,0,95,61.1,48.6,No,2400,2400,0,5517,125
12:25:43.676,active,15268,792,12114,16788,-4,95,61.7,47.6,No,2400,2400,0,5520,125
12:25:44.676,active,15260,716,11284,16788,-4,95,62.2,47.6,No,2400,2400,0,5522,125
12:25:45.676,active,15268,736,11246,16788,-4,95,61.7,47.6,No,2400,2400,0,5520,125
12:25:46.676,active,15275,684,11670,16789,0,95,62.8,48.2,No,2400,2400,0,5527,125
12:25:47.676,active,15258,864,13214,16790,0,95,62.8,49.2,No,2400,2400,0,5534,125
12:25:48.676,active,15352,532,8160,16789,0,95,62.2,48.5,No,2400,2400,0,5534,125
12:25:49.676,active,15316,694,6828,16788,-4,95,62.8,49.0,No,2400,2400,0,5533,125
12:25:50.676,active,15344,492,7542,16788,-5,95,61.7,48.7,No,2400,2400,0,5555,125
12:25:51.676,active,15309,576,9110,16788,-4,95,61.7,48.0,No,2400,2400,0,5558,125
12:25:52.676,active,15322,452,6924,16789,-4,95,61.7,47.5,No,2400,2400,0,5561,125
12:25:53.676,active,15314,444,6810,16789,0,95,63.4,47.2,No,2400,2400,0,5558,125
12:25:54.676,active,15311,566,8680,16787,-7,95,62.8,47.3,No,2400,2400,0,5548,125
12:25:55.681,active,15311,502,8464,16788,-7,95,62.8,46.9,No,2400,2400,0,5544,125
12:25:56.679,active,15318,622,9548,16787,-9,95,62.8,46.2,No,2400,2400,0,5548,125
12:25:57.677,active,15273,728,11768,16788,-7,95,62.8,46.1,No,2400,2400,0,5550,125
12:25:58.676,active,15286,954,14642,16789,-4,95,61.7,46.2,No,2400,2400,0,5553,125
12:25:59.676,active,15309,726,6964,16789,0,95,63.4,48.6,No,2400,2400,0,5563,125
12:26:00.676,active,15309,732,11226,16788,0,95,63.9,52.3,No,2400,2400,0,5558,125
12:26:01.676,active,15281,760,11536,16789,0,95,63.4,49.0,No,2400,2400,0,5560,125
12:26:02.676,active,15283,908,13908,16788,0,95,63.4,49.1,No,2400,2400,0,5563,125
12:26:03.681,active,15299,694,8564,16790,0,95,62.8,48.1,No,2400,2400,0,5563,125
12:26:04.677,active,15309,736,11304,16790,-4,95,62.8,46.3,No,2400,2400,0,5576,125
12:26:05.676,active,15283,852,8160,16788,-7,95,62.8,48.2,No,2400,2400,0,5557,125
12:26:06.676,active,15251,726,11092,16789,0,95,61.7,48.9,No,2400,2400,0,5580,125
12:26:07.677,active,15279,754,11536,16788,-3,95,63.4,47.7,No,2400,2400,0,5576,125
12:26:08.680,active,15266,660,10088,16789,0,95,63.4,48.6,No,2400,2400,0,5573,125
12:26:09.676,active,15256,636,9742,16790,0,95,63.4,48.9,No,2400,2400,0,5569,125
12:26:10.678,active,15258,778,11646,16788,-5,95,62.8,48.3,No,2400,2400,0,5577,125
12:26:11.676,active,15283,836,12808,16788,-5,95,62.8,47.9,No,2400,2400,0,5597,125
12:26:12.676,active,15303,612,11954,16788,-4,95,62.8,49.6,No,2400,2400,0,5575,125
12:26:13.676,active,15279,814,12462,16788,-5,95,62.8,48.8,No,2400,2400,0,5581,125
12:26:14.677,active,15264,720,12038,16788,0,95,63.4,48.8,No,2400,2400,0,5576,125
12:26:15.680,active,15301,504,7716,16788,-4,95,63.9,48.3,No,2400,2400,0,5586,125
12:26:16.676,active,15318,496,7620,16788,-3,95,62.8,47.8,No,2400,2400,0,5580,125
12:26:17.676,active,15296,504,7736,16788,0,95,63.4,47.1,No,2400,2400,0,5571,125
12:26:18.676,active,15301,530,8120,16788,0,95,62.8,47.0,No,2400,2400,0,5583,125
12:26:19.676,active,15299,482,7408,16788,-6,95,62.8,48.2,No,2400,2400,0,5588,125
12:26:20.676,active,15290,592,9086,16788,-3,95,62.2,48.1,No,2400,2400,0,5590,125
12:26:21.676,active,15288,472,7234,16790,-3,95,62.8,48.1,No,2400,2400,0,5575,125
12:26:22.676,active,15299,618,9452,16789,0,95,61.7,47.6,No,2400,2400,0,5567,125
12:26:23.676,active,15303,580,8892,16789,0,95,62.2,46.9,No,2400,2400,0,5566,125
12:26:24.676,active,15286,546,8392,16789,-3,95,62.8,48.3,No,2400,2400,0,5580,125
12:26:25.676,active,15307,608,7812,16789,0,95,61.7,48.2,No,2400,2400,0,5582,125
12:26:26.676,sleep,15290,378,5786,16789,-4,95,60.0,23.6,No,2400,2400,0,5608,125
12:26:27.676,sleep,15290,438,7466,16789,6,95,59.0,0.0,No,2400,2400,0,5620,125
12:26:28.676,sleep,15286,540,8294,16790,8,95,58.4,0.0,No,2400,2400,0,5620,125
12:26:29.676,sleep,15286,512,7948,16790,9,95,57.9,-0.0,No,2400,2400,0,5623,125
12:26:30.676,sleep,15288,502,7696,16789,4,95,57.9,0.0,No,2400,2400,0,5619,125
12:26:31.676,sleep,15288,550,6752,16791,5,95,56.2,0.0,No,1500,2400,0,5626,125
12:26:32.676,sleep,15283,524,8044,16791,11,95,56.2,0.0,No,1500,2400,0,5634,125
12:26:33.676,sleep,15288,400,6114,16791,11,95,55.1,-0.0,No,1500,2400,0,5640,125
12:26:34.676,sleep,15292,464,7118,16793,14,95,55.1,0.0,No,1500,2400,0,5634,125
12:26:35.676,sleep,15283,410,6268,16793,14,95,54.5,0.7,No,1500,2400,0,5633,125
12:26:36.676,sleep,15290,370,5670,16792,13,95,54.0,0.0,No,1500,2400,0,4854,75
12:26:37.676,sleep,15290,354,7600,16792,14,95,55.6,0.3,No,1500,2400,0,3667,75
12:26:38.676,sleep,15290,478,7330,16792,13,95,54.5,0.0,No,1500,2400,0,3483,75
12:26:39.676,sleep,15288,476,3992,16791,13,95,54.5,-0.0,No,1500,2400,0,3457,75
12:26:40.676,sleep,15290,528,8082,16792,8,95,54.0,0.3,No,1500,2400,0,3445,75
12:26:41.676,active,15281,550,10956,16791,8,95,56.8,36.8,No,2400,2400,0,3406,75
12:26:42.676,active,15320,546,9240,16790,0,95,58.4,49.0,No,2400,2400,0,3391,75
12:26:43.676,active,15346,464,7138,16789,0,95,58.4,48.4,No,2400,2400,0,3387,75
12:26:44.676,active,15305,476,9870,16788,-4,95,60.0,49.2,No,2400,2400,0,3370,75
12:26:45.676,active,15329,546,8392,16788,-4,95,59.5,50.5,No,2400,2400,0,3455,125
12:26:46.676,active,15307,520,7986,16790,-3,95,60.0,50.4,No,2400,2400,0,5334,125
12:26:47.676,active,15307,588,9008,16789,-6,95,60.0,52.7,No,2400,2400,0,5506,125
12:26:48.676,active,15264,592,9066,16790,-3,95,61.7,51.5,No,2400,2400,0,5522,125
12:26:49.676,active,15307,610,9318,16789,-5,95,61.7,51.3,No,2400,2400,0,5530,125
12:26:50.676,active,15277,724,11092,16787,-4,95,61.1,52.1,No,2400,2400,0,5521,125
12:26:51.678,active,15357,462,7118,16789,0,95,61.1,49.5,No,2400,2400,0,5523,125
12:26:52.677,active,15311,488,7504,16788,-3,95,61.1,46.8,No,2400,2400,0,5522,125
12:26:53.676,active,15283,506,7774,16789,-3,95,61.1,48.2,No,2400,2400,0,5529,125
12:26:54.676,active,15309,674,7850,16788,-5,95,61.1,49.1,No,2400,2400,0,5520,125
12:26:55.676,active,15290,536,8256,16788,-7,95,62.2,49.4,No,2400,2400,0,5526,125
12:26:56.676,active,15346,494,6732,16789,0,95,63.4,48.2,No,2400,2400,0,5526,125
12:26:57.676,active,15307,564,8680,16790,0,95,62.2,48.3,No,2400,2400,0,5536,125
12:26:58.676,active,15337,464,7638,16789,0,95,63.4,48.2,No,2400,2400,0,5545,125
12:26:59.676,active,15354,528,8102,16789,0,95,61.7,48.6,No,2400,2400,0,5546,125
12:27:00.676,active,15273,872,13156,16788,-3,95,61.7,48.2,No,2400,2400,0,5540,125
12:27:01.676,active,15275,740,11324,16788,0,95,62.2,48.1,No,2400,2400,0,5543,125
12:27:02.676,active,15303,844,12134,16788,0,95,62.8,47.7,No,2400,2400,0,5547,125
12:27:03.676,active,15268,912,13966,16790,0,95,62.2,46.2,No,2400,2400,0,5544,125
12:27:04.676,active,15296,896,11940,16791,4,95,62.8,45.3,No,2400,2400,0,5549,125
12:27:05.676,active,15277,852,13040,16789,0,95,62.2,46.4,No,2400,2400,0,5551,125
12:27:06.676,active,15251,1012,12964,16789,0,95,62.2,46.1,No,2400,2400,0,5552,125
12:27:07.676,active,15281,798,12230,16788,0,95,61.7,47.3,No,2400,2400,0,5562,125
12:27:08.676,active,15277,542,11458,16788,-4,95,62.8,46.4,No,2400,2400,0,5562,125
12:27:09.676,active,15316,530,10726,16789,-4,95,63.4,50.5,No,2400,2400,0,5573,125
12:27:10.676,active,15311,672,10300,16789,-3,95,63.4,51.9,No,2400,2400,0,5574,125
12:27:11.680,active,15294,560,10612,16789,0,95,62.8,47.6,No,2400,2400,0,5554,125
12:27:12.676,active,15303,868,13272,16789,0,95,61.7,49.1,No,2400,2400,0,5562,125
12:27:13.676,active,15305,586,10782,16788,-3,95,62.2,47.4,No,2400,2400,0,5564,125
12:27:14.676,active,15301,738,11284,16788,-3,95,62.8,49.1,No,2400,2400,0,5566,125
12:27:15.676,active,15273,662,11426,16789,0,95,62.8,49.6,No,2400,2400,0,5573,125
12:27:16.676,active,15271,686,10494,16790,4,95,61.7,49.9,No,2400,2400,0,5576,125
12:27:17.676,active,15249,768,13284,16788,0,95,62.2,49.0,No,2400,2400,0,5573,125
12:27:18.676,active,15329,424,6520,16789,0,95,63.4,47.9,No,2400,2400,0,5578,125
12:27:19.681,active,15309,654,7022,16789,0,95,62.8,48.7,No,2400,2400,0,5577,125
12:27:20.676,active,15339,544,8372,16789,0,95,62.2,49.0,No,2400,2400,0,5574,125
12:27:21.676,active,15329,444,9626,16789,0,95,62.8,48.8,No,2400,2400,0,5576,125
12:27:22.676,active,15316,446,6848,16789,3,95,63.4,49.6,No,2400,2400,0,5575,125
12:27:23.676,active,15324,508,8140,16788,0,95,63.4,49.1,No,2400,2400,0,5580,125
12:27:24.676,active,15318,586,9008,16788,0,95,63.4,48.4,No,2400,2400,0,5574,125
12:27:25.676,active,15303,466,8120,16789,0,95,63.4,48.9,No,2400,2400,0,5576,125
12:27:26.677,active,15301,496,7620,16788,0,95,63.4,46.6,No,2400,2400,0,5572,125
12:27:27.676,active,15273,878,13446,16788,0,95,62.8,48.2,No,2400,2400,0,5581,125
12:27:28.676,active,15277,800,12268,16788,0,95,62.8,48.0,No,2400,2400,0,5585,125
12:27:29.676,active,15271,822,12596,16789,0,95,63.9,48.2,No,2400,2400,0,5593,125
12:27:30.680,active,15277,898,13754,16790,3,95,63.4,48.9,No,2400,2400,0,5587,125
12:27:31.676,active,15279,658,10088,16790,0,95,63.4,47.5,No,2400,2400,0,5602,125
12:27:32.676,active,15288,898,11214,16791,3,95,63.4,47.5,No,2400,2400,0,5592,125
12:27:33.680,active,15283,560,8604,16790,8,95,62.8,46.9,No,2400,2400,0,5595,125
12:27:34.676,active,15309,618,9490,16789,0,95,63.9,47.0,No,2400,2400,0,5588,125
12:27:35.676,active,15286,514,7908,16790,0,95,62.8,49.0,No,2400,2400,0,5591,125
12:27:36.676,active,15266,520,12636,16789,0,95,63.4,48.7,No,2400,2400,0,5591,125
12:27:37.676,active,15247,800,12250,16789,0,95,63.4,49.0,No,2400,2400,0,5584,125
12:27:38.676,active,15273,678,13176,16788,0,95,63.4,48.2,No,2400,2400,0,5601,125
12:27:39.676,active,15234,806,12288,16788,0,95,63.4,47.7,No,2400,2400,0,5597,125
12:27:40.680,active,15238,834,12056,16788,0,95,62.2,48.2,No,2400,2400,0,5584,125
12:27:41.676,sleep,15286,444,6790,16790,0,95,59.5,25.6,No,1500,2400,0,5613,125
12:27:42.676,sleep,15286,532,7522,16792,16,95,59.5,0.0,No,1500,2400,0,5647,125
12:27:43.676,sleep,15286,398,6096,16791,12,95,57.9,-0.0,No,1500,2400,0,5645,125
12:27:44.676,sleep,15283,424,6538,16792,12,95,57.3,0.5,No,1500,2400,0,5644,125
12:27:45.676,sleep,15290,356,6758,16791,14,95,56.8,1.0,No,1500,2400,0,5647,125
12:27:46.676,sleep,15286,486,7466,16792,13,95,55.6,0.0,No,1500,2400,0,5646,125
12:27:47.676,sleep,15288,408,5286,16794,15,95,56.2,0.0,No,1500,2400,0,5642,125
12:27:48.676,sleep,15294,386,5922,16794,19,95,55.6,-0.0,No,1500,2400,0,5649,125
12:27:49.676,sleep,15294,474,7580,16793,16,95,55.1,0.0,No,1500,2400,0,5656,125
12:27:50.676,sleep,15286,368,5632,16792,16,95,54.0,0.0,No,1500,2400,0,5645,125
12:27:51.676,sleep,15292,522,4244,16793,15,95,54.5,-0.0,No,1500,2400,0,4339,75
12:27:52.676,sleep,15292,532,8160,16793,15,95,54.5,-0.0,No,1500,2400,0,3605,75
12:27:53.676,sleep,15286,564,7126,16793,15,95,54.5,0.0,No,1500,2400,0,3476,75
12:27:54.676,sleep,15288,472,7234,16794,17,95,54.0,0.0,No,1500,2400,0,3456,75
12:27:55.676,sleep,15286,520,7754,16793,18,95,54.0,-0.0,No,1500,2400,0,3457,75
12:27:56.676,active,15296,592,9086,16790,9,95,57.3,34.4,No,2400,2400,0,3410,75
12:27:57.676,active,15281,840,8892,16790,0,95,58.4,52.9,No,2400,2400,0,3405,75
12:27:58.677,active,15354,504,7774,16791,0,95,59.5,51.9,No,2400,2400,0,3404,75
12:27:59.676,active,15283,584,11652,16791,0,95,60.0,53.0,No,2400,2400,0,4349,125
12:28:00.676,active,15307,630,9644,16790,0,95,59.5,50.5,No,2400,2400,0,5453,125
12:28:01.680,active,15346,498,7658,16789,0,95,59.5,49.1,No,2400,2400,0,5549,125
12:28:02.676,active,15314,532,8160,16790,0,95,60.0,44.6,No,2400,2400,0,5549,125
12:28:03.676,active,15256,586,8990,16788,-3,95,60.6,48.5,No,2400,2400,0,5543,125
12:28:04.676,active,15268,706,13774,16789,-4,95,61.7,49.4,No,2400,2400,0,5537,125
12:28:05.676,active,15241,858,13136,16789,-4,95,60.6,47.7,No,2400,2400,0,5537,125
12:28:06.676,active,15296,738,12596,16789,-3,95,61.7,47.9,No,2400,2400,0,5535,125
12:28:07.676,active,15286,750,11478,16788,0,95,61.7,48.7,No,2400,2400,0,5534,125
12:28:08.676,active,15277,704,12944,16788,0,95,61.1,47.2,No,2400,2400,0,5540,125
12:28:09.676,active,15279,834,12752,16789,0,95,61.1,49.2,No,2400,2400,0,5549,125
12:28:10.676,active,15271,788,12558,16790,3,95,61.7,49.2,No,2400,2400,0,5557,125
12:28:11.676,active,15311,460,12752,16790,0,95,62.2,49.0,No,2400,2400,0,5547,125
12:28:12.676,active,15311,476,7310,16790,0,95,62.2,46.8,No,2400,2400,0,5561,125
12:28:13.676,active,15303,512,7850,16789,0,95,62.8,45.8,No,2400,2400,0,5549,125
12:28:14.677,active,15305,478,7330,16789,0,95,62.2,45.2,No,2400,2400,0,5548,125
12:28:15.676,active,15294,476,7292,16790,6,95,61.1,46.0,No,2400,2400,0,5546,125
12:28:16.676,active,15296,842,12848,16790,6,95,61.1,46.5,No,2400,2400,0,5554,125
12:28:17.676,active,15303,626,10630,16791,8,95,63.4,47.3,No,2400,2400,0,5563,125
12:28:18.678,active,15301,738,11284,16791,9,95,62.8,46.6,No,2400,2400,0,5562,125
12:28:19.677,active,15275,614,10166,16790,5,95,63.4,51.6,No,2400,2400,0,5560,125
12:28:20.679,active,15314,694,10572,16790,0,95,62.8,51.3,No,2400,2400,0,5564,125
12:28:21.677,active,15352,520,8006,16790,4,95,62.8,46.3,No,2400,2400,0,5577,125
12:28:22.676,active,15333,550,8448,16791,4,95,61.1,48.0,No,2400,2400,0,5577,125
12:28:23.676,active,15352,548,8410,16790,3,95,61.7,48.2,No,2400,2400,0,5576,125
12:28:24.676,active,15311,552,8488,16789,0,95,62.2,48.7,No,2400,2400,0,5581,125
12:28:25.676,active,15344,456,6982,16790,5,95,63.4,47.6,No,2400,2400,0,5576,125
12:28:26.676,active,15329,522,8044,16791,0,95,63.4,49.2,No,2400,2400,0,5584,125
12:28:27.676,active,15348,468,7176,16790,3,95,62.8,48.7,No,2400,2400,0,5580,125
12:28:28.680,active,15318,534,8218,16791,4,95,62.2,48.4,No,2400,2400,0,5579,125
12:28:29.676,active,15283,822,12596,16789,3,95,61.7,47.7,No,2400,2400,0,5583,125
12:28:30.676,active,15279,998,13310,16789,0,95,62.2,47.1,No,2400,2400,0,5580,125
12:28:31.676,active,15279,854,13078,16791,6,95,63.4,49.4,No,2400,2400,0,5585,125
12:28:32.676,active,15273,786,12038,16790,0,95,63.4,48.9,No,2400,2400,0,5580,125
12:28:33.676,active,15283,860,13194,16790,0,95,63.4,49.1,No,2400,2400,0,5594,125
12:28:34.676,active,15277,544,8352,16790,4,95,63.4,47.5,No,2400,2400,0,5591,125
12:28:35.682,active,15283,892,13658,16790,8,95,63.4,48.5,No,2400,2400,0,5580,125
12:28:36.676,active,15283,510,7850,16790,7,95,62.2,47.4,No,2400,2400,0,5578,125
12:28:37.676,active,15296,726,11130,16791,5,95,62.8,48.9,No,2400,2400,0,5582,125
12:28:38.676,active,15249,674,10320,16790,3,95,63.9,49.9,No,2400,2400,0,5582,125
12:28:39.680,active,15279,716,11498,16790,5,95,63.9,48.0,No,2400,2400,0,5585,125
12:28:40.676,active,15232,842,12866,16789,0,95,63.9,48.1,No,2400,2400,0,5586,125
12:28:41.676,active,15238,904,12712,16790,3,95,63.9,47.5,No,2400,2400,0,5579,125
12:28:42.680,active,15264,858,13118,16791,5,95,63.4,48.0,No,2400,2400,0,5580,125
12:28:43.676,active,15241,800,12674,16791,4,95,62.2,47.7,No,2400,2400,0,5582,125
12:28:44.676,active,15271,826,12654,16791,3,95,63.4,48.5,No,2400,2400,0,5593,125
12:28:45.676,active,15258,936,12654,16790,0,95,62.8,48.9,No,2400,2400,0,5583,125
12:28:46.676,active,15273,780,11940,16790,0,95,63.9,48.9,No,2400,2400,0,5589,125
12:28:47.676,active,15320,542,8314,16790,0,95,62.8,48.0,No,2400,2400,0,5587,125
12:28:48.676,active,15303,472,6924,16790,0,95,62.8,48.1,No,2400,2400,0,5589,125
12:28:49.681,active,15307,516,7928,16789,-3,95,62.2,48.3,No,2400,2400,0,5592,125
12:28:50.675,active,15299,510,7754,16789,0,95,62.2,47.8,No,2400,2400,0,5585,125
12:28:51.676,active,15299,472,7234,16789,-3,95,63.4,48.7,No,2400,2400,0,5583,125
12:28:52.676,active,15299,540,8816,16789,0,95,62.8,48.7,No,2400,2400,0,5590,125
12:28:53.676,active,15301,636,9742,16789,0,95,63.4,48.7,No,2400,2400,0,5586,125
12:28:54.676,active,15296,524,12114,16789,0,95,63.4,51.8,No,2400,2400,0,5579,125
12:28:55.676,active,15333,472,7272,16790,0,95,63.4,45.7,No,2400,2400,0,5589,125
12:28:56.676,sleep,15286,426,6538,16791,7,95,60.0,26.4,No,1500,2400,0,5613,125
12:28:57.676,sleep,15288,404,6964,16793,19,95,59.0,0.0,No,1500,2400,0,5645,125
12:28:58.676,sleep,15283,370,5690,16793,18,95,57.3,0.0,No,1500,2400,0,5638,125
12:28:59.676,sleep,15288,386,6712,16793,17,95,56.8,-0.0,No,1500,2400,0,5642,125
12:29:00.676,sleep,15294,444,6810,16793,16,95,56.2,0.0,No,1500,2400,0,5638,125
12:29:01.676,sleep,15283,414,5940,16793,17,95,55.6,-0.0,No,1500,2400,0,5644,125
12:29:02.676,sleep,15283,536,8218,16793,16,95,55.6,0.5,No,1500,2400,0,5648,125
12:29:03.676,sleep,15286,460,8044,16792,13,95,55.1,-0.0,No,1500,2400,0,5645,125
12:29:04.676,sleep,15279,438,6732,16793,16,95,55.1,0.0,No,1500,2400,0,5642,125
12:29:05.676,sleep,15283,554,8488,16792,15,95,54.5,0.0,No,1500,2400,0,5644,125
12:29:06.676,sleep,15288,328,5034,16793,15,95,54.5,-0.0,No,1500,2400,0,4129,75
12:29:07.676,sleep,15283,410,6268,16793,14,95,54.5,0.0,No,1500,2400,0,3570,75
12:29:08.676,sleep,15286,470,7214,16794,17,95,54.0,0.0,No,1500,2400,0,3469,75
12:29:09.676,sleep,15292,530,8140,16793,19,95,54.5,0.0,No,1500,2400,0,3457,75
12:29:10.676,sleep,15288,412,6308,16793,19,95,53.5,-0.0,No,1500,2400,0,3455,75
12:29:11.676,active,15256,766,11728,16792,13,95,56.8,29.4,No,2400,2400,0,3434,75
12:29:12.676,active,15281,820,12558,16790,-3,95,57.9,48.1,No,2400,2400,0,3401,75
12:29:13.676,active,15301,468,7176,16789,-3,95,59.0,49.2,No,2400,2400,0,3410,75
12:29:14.676,active,15307,492,10880,16789,-4,95,60.0,48.8,No,2400,2400,0,3409,75
12:29:15.676,active,15247,652,9972,16789,0,95,60.0,49.0,No,2400,2400,0,3406,75
12:29:16.678,active,15299,524,10474,16789,0,95,60.0,48.5,No,2400,2400,0,4630,125
12:29:17.679,active,15243,724,11072,16791,0,95,59.5,50.0,No,2400,2400,0,5471,125
12:29:18.676,active,15262,646,11786,16791,0,95,60.6,50.3,No,2400,2400,0,5538,125
12:29:19.676,active,15277,680,10416,16790,0,95,61.1,49.2,No,2400,2400,0,5533,125
12:29:20.676,active,15262,686,9046,16791,0,95,61.1,49.1,No,2400,2400,0,5531,125
12:29:21.676,active,15256,680,10416,16790,3,95,61.7,47.7,No,2400,2400,0,5531,125
12:29:22.676,active,15331,474,7272,16791,6,95,61.7,45.7,No,2400,2400,0,5530,125
12:29:23.676,active,15331,476,8866,16791,3,95,61.1,46.4,No,2400,2400,0,5528,125
12:29:24.676,active,15303,532,8178,16790,-3,95,61.1,47.1,No,2400,2400,0,5525,125
12:29:25.676,active,15322,502,6416,16788,-8,95,61.7,47.0,No,2400,2400,0,5537,125
12:29:26.676,active,15314,458,7022,16788,-3,95,61.1,46.0,No,2400,2400,0,5536,125
12:29:27.677,active,15314,498,8256,16790,0,95,62.2,46.5,No,2400,2400,0,5542,125
12:29:28.677,active,15316,464,7118,16791,0,95,62.8,49.6,No,2400,2400,0,5537,125
12:29:29.677,active,15314,526,7736,16789,0,95,62.8,51.6,No,2400,2400,0,5540,125
12:29:30.677,active,15311,578,8854,16789,0,95,61.7,50.4,No,2400,2400,0,5540,125
12:29:31.676,active,15277,654,10030,16789,0,95,61.7,47.7,No,2400,2400,0,5546,125
12:29:32.676,active,15279,868,13292,16789,0,95,61.7,48.6,No,2400,2400,0,5550,125
12:29:33.676,active,15271,844,13310,16790,0,95,62.8,48.7,No,2400,2400,0,5561,125
12:29:34.679,active,15281,822,12596,16790,0,95,63.4,48.8,No,2400,2400,0,5567,125
12:29:35.676,active,15277,824,12636,16789,0,95,62.8,48.7,No,2400,2400,0,5559,125
12:29:36.677,active,15316,714,10976,16790,3,95,63.9,48.6,No,2400,2400,0,5554,125
12:29:37.677,active,15281,568,8738,16789,0,95,62.2,48.4,No,2400,2400,0,5561,125
12:29:38.676,active,15335,552,8488,16790,0,95,62.2,48.4,No,2400,2400,0,5561,125
12:29:39.676,active,15247,690,10552,16790,0,95,62.8,49.1,No,2400,2400,0,5571,125
12:29:40.676,active,15258,744,10996,16788,-3,95,62.8,49.4,No,2400,2400,0,5565,125
12:29:41.676,active,15273,660,10128,16790,-3,95,63.9,48.4,No,2400,2400,0,5563,125
12:29:42.681,active,15251,830,9664,16788,-4,95,62.2,48.8,No,2400,2400,0,5571,125
12:29:43.676,active,15303,756,11612,16789,0,95,61.7,48.7,No,2400,2400,0,5572,125
12:29:44.679,active,15253,772,14024,16789,0,95,62.2,46.9,No,2400,2400,0,5572,125
12:29:45.676,active,15288,832,12752,16790,0,95,62.2,47.6,No,2400,2400,0,5572,125
12:29:46.676,active,15271,694,12326,16790,0,95,62.2,47.1,No,2400,2400,0,5576,125
12:29:47.676,active,15277,746,11420,16789,0,95,63.4,49.5,No,2400,2400,0,5568,125
12:29:48.676,active,15305,482,7388,16790,3,95,63.4,48.1,No,2400,2400,0,5575,125
12:29:49.676,active,15309,552,8468,16789,0,95,62.8,47.6,No,2400,2400,0,5599,125
12:29:50.677,active,15311,502,7678,16789,0,95,63.4,47.0,No,2400,2400,0,5587,125
12:29:51.677,active,15299,532,8178,16790,3,95,62.2,46.9,No,2400,2400,0,5575,125
12:29:52.676,active,15301,464,7138,16790,6,95,61.7,47.8,No,2400,2400,0,5581,125
12:29:53.676,active,15294,488,7484,16790,0,95,61.7,48.5,No,2400,2400,0,5569,125
12:29:54.676,active,15296,604,9260,16790,0,95,62.2,48.7,No,2400,2400,0,5580,125
12:29:55.676,active,15299,496,7600,16791,9,95,62.8,48.3,No,2400,2400,0,5583,125
12:29:56.676,active,15296,772,11806,16789,3,95,62.8,47.7,No,2400,2400,0,5590,125
12:29:57.676,active,15281,876,10282,16791,4,95,63.4,48.4,No,2400,2400,0,5586,125
12:29:58.676,active,15346,492,7562,16791,6,95,62.2,47.6,No,2400,2400,0,5581,125
12:29:59.676,active,15305,700,8102,16789,0,95,61.1,48.7,No,2400,2400,0,5575,125
12:30:00.676,active,15331,530,8140,16790,0,95,62.8,48.7,No,2400,2400,0,5587,125
12:30:01.676,active,15361,532,8024,16789,0,95,62.8,48.7,No,2400,2400,0,5587,125
12:30:02.676,active,15320,520,8006,16791,0,95,63.9,48.3,No,2400,2400,0,5591,125
12:30:03.676,active,15322,490,7330,16791,0,95,62.8,48.1,No,2400,2400,0,5599,125
12:30:04.676,active,15316,568,8738,16791,0,95,62.8,49.2,No,2400,2400,0,5605,125
12:30:05.676,active,15311,542,7484,16789,0,95,61.7,46.5,No,2400,2400,0,5590,125
12:30:06.676,active,15262,854,13078,16789,0,95,62.2,48.1,No,2400,2400,0,5588,125
12:30:07.676,active,15264,874,13388,16789,0,95,62.8,47.3,No,2400,2400,0,5582,125
12:30:08.676,active,15275,864,13234,16790,0,95,64.5,49.6,No,2400,2400,0,5581,125
12:30:09.676,active,15292,832,12752,16791,3,95,63.4,51.0,No,2400,2400,0,5567,125
12:30:10.676,active,15271,774,11864,16791,0,95,63.9,50.0,No,2400,2400,0,5591,125
12:30:11.676,sleep,15288,514,7890,16790,3,95,60.6,30.2,No,2400,2400,0,5612,125
12:30:12.676,sleep,15290,392,6018,16792,16,95,59.5,0.0,No,2400,2400,0,5630,125
12:30:13.676,sleep,15292,516,7908,16792,11,95,59.0,0.0,No,2400,2400,0,5632,125
12:30:14.676,sleep,15294,488,7484,16792,8,95,58.4,0.0,No,2400,2400,0,5640,125
12:30:15.676,sleep,15294,552,8468,16792,9,95,57.9,0.0,No,2400,2400,0,5635,125
12:30:16.676,sleep,15288,460,6114,16792,14,95,57.3,0.0,No,1500,2400,0,5629,125
12:30:17.676,sleep,15301,394,6038,16793,19,95,56.2,0.0,No,1500,2400,0,5642,125
12:30:18.676,sleep,15288,544,6520,16794,19,95,56.2,0.0,No,1500,2400,0,5646,125
12:30:19.676,sleep,15292,544,8334,16794,19,95,55.6,-0.0,No,1500,2400,0,5644,125
12:30:20.676,sleep,15294,240,6114,16794,15,95,55.6,0.0,No,1500,2400,0,5642,125
12:30:21.676,sleep,15294,512,7850,16793,15,95,54.5,-0.0,No,1500,2400,0,5642,75
12:30:22.676,sleep,15294,504,7060,16793,17,95,54.5,0.0,No,1500,2400,0,3898,75
12:30:23.676,sleep,15283,352,5400,16794,18,95,54.5,-0.0,No,1500,2400,0,3532,75
12:30:24.676,sleep,15290,468,7156,16794,20,95,55.1,0.3,No,1500,2400,0,3466,75
12:30:25.676,sleep,15288,490,7522,16793,17,95,53.5,-0.0,No,1500,2400,0,3457,75
12:30:26.676,active,15354,504,7754,16792,16,95,56.2,27.5,No,2400,2400,0,3441,75
12:30:27.676,active,15329,500,7678,16791,5,95,57.3,48.5,No,2400,2400,0,3400,75
12:30:28.676,active,15354,560,8604,16790,0,95,59.0,50.1,No,2400,2400,0,3386,75
12:30:29.676,active,15320,516,7908,16790,0,95,60.0,49.1,No,2400,2400,0,3384,75
12:30:30.676,active,15350,466,7156,16790,-3,95,60.0,48.7,No,2400,2400,0,5095,125
12:30:31.676,active,15316,552,7956,16790,0,95,60.0,48.6,No,2400,2400,0,5517,125
12:30:32.676,active,15326,504,7716,16790,0,95,60.6,47.1,No,2400,2400,0,5552,125
12:30:33.676,active,15253,766,12578,16790,0,95,60.0,46.6,No,2400,2400,0,5547,125
12:30:34.676,active,15271,854,13078,16790,0,95,60.0,46.5,No,2400,2400,0,5548,125
12:30:35.676,active,15264,862,12906,16790,0,95,61.7,47.5,No,2400,2400,0,5545,125
12:30:36.676,active,15283,896,13734,16790,0,95,61.1,46.9,No,2400,2400,0,5544,125
12:30:37.676,active,15273,558,10744,16790,0,95,61.7,46.6,No,2400,2400,0,5541,125
12:30:38.679,active,15286,882,13522,16790,-3,95,61.7,51.8,No,2400,2400,0,5544,125
12:30:39.679,active,15314,352,7446,16790,-4,95,60.6,48.0,No,2400,2400,0,5537,125
12:30:40.676,active,15283,676,10358,16790,0,95,61.1,48.6,No,2400,2400,0,5548,125
12:30:41.676,active,15299,686,10532,16790,-5,95,61.7,49.9,No,2400,2400,0,5551,125
12:30:42.676,active,15249,676,11400,16790,0,95,62.8,49.9,No,2400,2400,0,5549,125
12:30:43.676,active,15307,766,11728,16790,0,95,62.8,49.1,No,2400,2400,0,5559,125
12:30:44.676,active,15245,778,11400,16790,0,95,62.2,48.4,No,2400,2400,0,5552,125
12:30:45.676,active,15266,636,9742,16790,0,95,62.2,47.9,No,2400,2400,0,5557,125
12:30:46.676,active,15253,624,11208,16791,0,95,61.7,47.5,No,2400,2400,0,5568,125
12:30:47.676,active,15247,890,13620,16791,5,95,60.6,47.9,No,2400,2400,0,5559,125
12:30:48.676,active,15279,746,14198,16790,5,95,62.8,49.3,No,2400,2400,0,5571,125
12:30:49.676,active,15275,802,12268,16791,4,95,62.8,48.9,No,2400,2400,0,5558,125
12:30:50.680,active,15292,584,11960,16792,5,95,62.8,47.6,No,2400,2400,0,5555,125
12:30:51.676,active,15303,542,8314,16792,5,95,62.8,47.5,No,2400,2400,0,5565,125
12:30:52.676,active,15311,450,6906,16791,5,95,62.8,48.4,No,2400,2400,0,5567,125
12:30:53.677,active,15299,488,7484,16792,8,95,62.2,48.1,No,2400,2400,0,5576,125
12:30:54.676,active,15303,506,7754,16791,4,95,62.2,48.0,No,2400,2400,0,5575,125
12:30:55.676,active,15301,464,7118,16791,5,95,61.7,48.0,No,2400,2400,0,5575,125
12:30:56.676,active,15303,600,9202,16791,0,95,63.4,48.4,No,2400,2400,0,5574,125
12:30:57.677,active,15299,442,6790,16791,0,95,62.2,47.6,No,2400,2400,0,5574,125
12:30:58.680,active,15296,702,10764,16790,0,95,63.4,47.5,No,2400,2400,0,5569,125
12:30:59.676,active,15281,872,10166,16791,0,95,61.7,46.7,No,2400,2400,0,5586,125
12:31:00.677,active,15286,624,9568,16791,0,95,61.7,47.5,No,2400,2400,0,5576,125
12:31:01.676,active,15309,750,7696,16791,0,95,61.7,47.6,No,2400,2400,0,5578,125
12:31:02.676,active,15277,664,10186,16791,3,95,62.2,48.1,No,2400,2400,0,5587,125
12:31:03.676,active,15324,516,7446,16790,0,95,62.8,48.0,No,2400,2400,0,5583,125
12:31:04.676,active,15307,514,7890,16790,0,95,63.9,48.4,No,2400,2400,0,5583,125
12:31:05.676,active,15348,538,8622,16791,4,95,62.8,48.2,No,2400,2400,0,5580,125
12:31:06.676,active,15354,510,7850,16791,0,95,62.2,47.7,No,2400,2400,0,5592,125
12:31:07.676,active,15314,506,6964,16790,0,95,62.2,48.2,No,2400,2400,0,5593,125
12:31:08.676,active,15260,812,12442,16791,0,95,62.2,49.8,No,2400,2400,0,5589,125
12:31:09.676,active,15232,878,13426,16790,0,95,61.7,48.7,No,2400,2400,0,5586,125
12:31:10.676,active,15266,820,12558,16790,0,95,62.2,49.0,No,2400,2400,0,5590,125
12:31:11.676,active,15264,848,13098,16791,3,95,63.4,48.4,No,2400,2400,0,5581,125
12:31:12.676,active,15277,846,12964,16790,0,95,63.9,47.6,No,2400,2400,0,5586,125
12:31:13.676,active,15281,732,11266,16791,0,95,63.4,51.5,No,2400,2400,0,5604,125
12:31:14.676,active,15281,798,12210,16791,3,95,61.7,46.4,No,2400,2400,0,5594,125
12:31:15.676,active,15281,894,12500,16790,5,95,62.2,46.9,No,2400,2400,0,5592,125
12:31:16.676,active,15281,820,12578,16790,3,95,62.2,48.5,No,2400,2400,0,5588,125
12:31:17.676,active,15307,448,6866,16790,3,95,62.8,47.8,No,2400,2400,0,5608,125
12:31:18.681,active,15333,518,9484,16790,0,95,63.9,50.6,No,2400,2400,0,5592,125
12:31:19.680,active,15341,538,8276,16789,0,95,63.9,50.3,No,2400,2400,0,5590,125
12:31:20.676,active,15290,458,7022,16789,0,95,63.4,49.9,No,2400,2400,0,5583,125
12:31:21.676,active,15320,564,8622,16789,0,95,63.9,51.1,No,2400,2400,0,5589,125
12:31:22.676,active,15324,674,10378,16791,0,95,63.4,49.2,No,2400,2400,0,5594,125
12:31:23.676,active,15307,596,9104,16789,0,95,63.9,51.6,No,2400,2400,0,5592,125
12:31:24.676,active,15281,798,12230,16789,0,95,64.5,53.3,No,2400,2400,0,5590,125
12:31:25.676,active,15307,718,10996,16790,0,95,63.9,52.9,No,2400,2400,0,5587,125
12:31:26.676,sleep,15290,518,7812,16790,0,95,61.1,36.9,No,2400,2400,0,5597,125
12:31:27.676,sleep,15296,454,6964,16791,15,95,60.0,0.0,No,2400,2400,0,5625,125
12:31:28.676,sleep,15288,470,7272,16791,9,95,59.0,0.0,No,2400,2400,0,5634,125
12:31:29.676,sleep,15288,480,7368,16792,10,95,59.0,0.0,No,2400,2400,0,5636,125
12:31:30.676,sleep,15292,514,7522,16793,12,95,59.0,-0.0,No,2400,2400,0,5626,125
12:31:31.676,sleep,15286,484,7426,16791,10,95,57.9,-0.0,No,1500,2400,0,5631,125
12:31:32.676,sleep,15286,406,6924,16792,13,95,56.8,-0.0,No,1500,2400,0,5640,125
12:31:33.676,sleep,15288,542,8314,16792,11,95,56.2,0.0,No,1500,2400,0,5647,125
12:31:34.676,sleep,15286,444,6230,16792,12,95,56.2,-0.0,No,1500,2400,0,5655,125
12:31:35.676,sleep,15290,426,6538,16793,11,95,56.8,0.0,No,1500,2400,0,5652,125
12:31:36.676,sleep,15286,388,5960,16791,8,95,54.5,0.0,No,1500,2400,0,5653,125
12:31:37.676,sleep,15283,464,7118,16792,11,95,55.1,0.0,No,1500,2400,0,5294,75
12:31:38.676,sleep,15286,372,5710,16792,13,95,54.5,-0.0,No,1500,2400,0,3745,75
12:31:39.676,sleep,15294,556,8526,16793,14,95,55.6,0.0,No,1500,2400,0,3502,75
12:31:40.676,sleep,15286,382,5864,16794,15,95,54.0,0.0,No,1500,2400,0,3456,75
12:31:41.676,active,15275,860,13176,16793,12,95,56.2,23.3,No,2400,2400,0,3455,75
12:31:42.676,active,15277,460,7060,16790,-6,95,57.9,46.6,No,2400,2400,0,3428,75
12:31:43.676,active,15277,830,12694,16789,0,95,58.4,46.2,No,2400,2400,0,3412,75
12:31:44.676,active,15309,682,10436,16789,-4,95,60.0,46.6,No,2400,2400,0,3406,75
12:31:45.676,active,15299,584,10340,16789,-4,95,60.0,46.1,No,2400,2400,0,3397,125
12:31:46.676,active,15307,686,10494,16790,-7,95,60.6,46.1,No,2400,2400,0,5300,125
12:31:47.684,active,15279,562,10474,16789,-7,95,61.1,49.9,No,2400,2400,0,5538,125
12:31:48.677,active,15279,724,11072,16788,-6,95,60.6,51.3,No,2400,2400,0,5552,125
12:31:49.676,active,15253,668,10070,16789,-6,95,60.6,50.1,No,2400,2400,0,5555,125
12:31:50.676,active,15281,714,10938,16788,-8,95,61.1,49.1,No,2400,2400,0,5551,125
12:31:51.677,active,15247,774,11594,16790,-3,95,62.8,49.1,No,2400,2400,0,5552,125
12:31:52.679,active,15294,610,9356,16789,0,95,61.7,48.5,No,2400,2400,0,5547,125
12:31:53.676,active,15359,484,7446,16789,0,95,62.2,48.5,No,2400,2400,0,5547,125
12:31:54.678,active,15316,554,8506,16789,-4,95,62.2,48.3,No,2400,2400,0,5549,125
12:31:55.676,active,15333,492,7542,16790,0,95,61.7,49.4,No,2400,2400,0,5554,125
12:31:56.676,active,15309,512,7850,16790,0,95,61.7,49.1,No,2400,2400,0,5555,125
12:31:57.676,active,15318,492,7542,16790,-4,95,61.7,47.9,No,2400,2400,0,5559,125
12:31:58.677,active,15305,486,7446,16789,-4,95,62.8,49.0,No,2400,2400,0,5555,125
12:31:59.680,active,15316,472,7252,16789,0,95,63.9,48.5,No,2400,2400,0,5550,125
12:32:00.676,active,15305,536,8218,16789,-4,95,62.2,48.1,No,2400,2400,0,5555,125
12:32:01.681,active,15309,578,8874,16790,-3,95,62.8,47.9,No,2400,2400,0,5559,125
12:32:02.676,active,15271,858,13292,16789,-5,95,61.7,48.5,No,2400,2400,0,5569,125
12:32:03.676,active,15309,700,10744,16790,0,95,61.7,48.5,No,2400,2400,0,5574,125
12:32:04.676,active,15286,902,8526,16790,0,95,61.7,47.5,No,2400,2400,0,5569,125
12:32:05.676,active,15326,526,8064,16789,0,95,62.2,49.7,No,2400,2400,0,5566,125
12:32:06.676,active,15299,772,8834,16789,0,95,63.4,47.7,No,2400,2400,0,5573,125
12:32:07.676,active,15350,526,8082,16789,-3,95,62.8,47.6,No,2400,2400,0,5567,125
12:32:08.676,active,15303,660,7948,16790,0,95,62.2,48.5,No,2400,2400,0,5572,125
12:32:09.676,active,15329,516,7928,16790,0,95,62.2,47.8,No,2400,2400,0,5573,125
12:32:10.676,active,15309,716,8488,16790,0,95,62.2,47.9,No,2400,2400,0,5582,125
12:32:11.676,active,15236,830,12674,16790,0,95,63.4,47.4,No,2400,2400,0,5580,125
12:32:12.676,active,15262,870,13330,16789,0,95,62.8,48.3,No,2400,2400,0,5576,125
12:32:13.676,active,15264,890,12596,16789,0,95,62.8,48.6,No,2400,2400,0,5581,125
12:32:14.676,active,15256,856,13118,16789,0,95,62.2,48.7,No,2400,2400,0,5580,125
12:32:15.676,active,15260,842,13654,16790,0,95,62.8,48.3,No,2400,2400,0,5587,125
12:32:16.676,active,15249,886,13580,16791,0,95,62.2,48.2,No,2400,2400,0,5583,125
12:32:17.676,active,15275,788,10776,16790,0,95,62.8,48.8,No,2400,2400,0,5586,125
12:32:18.676,active,15262,872,13368,16791,0,95,62.8,48.8,No,2400,2400,0,5582,125
12:32:19.676,active,15309,450,11042,16790,0,95,63.4,48.8,No,2400,2400,0,5582,125
12:32:20.676,active,15296,534,8198,16791,0,95,62.8,48.1,No,2400,2400,0,5588,125
12:32:21.676,active,15303,534,7098,16790,0,95,62.8,48.3,No,2400,2400,0,5584,125
12:32:22.680,active,15301,522,8006,16791,0,95,62.2,48.2,No,2400,2400,0,5584,125
12:32:23.676,active,15299,530,8294,16790,0,95,62.8,51.1,No,2400,2400,0,5585,125
12:32:24.676,active,15299,462,7080,16789,0,95,63.4,45.8,No,2400,2400,0,5582,125
12:32:25.676,active,15299,476,12038,16789,0,95,62.8,46.3,No,2400,2400,0,5588,125
12:32:26.676,active,15303,484,7426,16790,0,95,63.4,52.0,No,2400,2400,0,5598,125
12:32:27.676,active,15301,498,12500,16790,0,95,63.4,48.2,No,2400,2400,0,5599,125
12:32:28.676,active,15307,506,7754,16790,0,95,63.4,48.4,No,2400,2400,0,5611,125
12:32:29.677,active,15307,566,8700,16788,-3,95,62.8,49.1,No,2400,2400,0,5603,125
12:32:30.676,active,15357,530,8160,16789,0,95,63.4,47.0,No,2400,2400,0,5595,125
12:32:31.676,active,15279,740,11342,16789,0,95,63.4,48.5,No,2400,2400,0,5590,125
12:32:32.676,active,15350,492,7562,16790,0,95,63.4,50.9,No,2400,2400,0,5590,125
12:32:33.677,active,15318,516,7948,16790,0,95,64.5,51.6,No,2400,2400,0,5582,125
12:32:34.676,active,15277,820,12558,16790,0,95,63.9,53.5,No,2400,2400,0,5587,125
12:32:35.680,active,15335,494,7600,16790,0,95,63.4,52.6,No,2400,2400,0,5592,125
12:32:36.679,active,15305,742,11382,16790,0,95,62.2,52.6,No,2400,2400,0,5586,125
12:32:37.676,active,15264,822,12596,16790,0,95,63.4,50.0,No,2400,2400,0,5597,125
12:32:38.676,active,15262,816,12250,16790,0,95,63.9,53.0,No,2400,2400,0,5589,125
12:32:39.676,active,15277,818,12520,16790,0,95,63.4,51.1,No,2400,2400,0,5590,125
12:32:40.676,active,15273,848,12366,16790,0,95,65.5,46.4,No,2400,2400,0,5591,125
12:32:41.676,sleep,15294,450,6906,16788,-3,95,61.1,34.7,No,2400,2400,0,5603,125
12:32:42.676,sleep,15290,544,6810,16791,11,95,59.5,0.0,No,2400,2400,0,5632,125
12:32:43.676,sleep,15292,502,7678,16792,10,95,59.5,-0.0,No,2400,2400,0,5634,125
12:32:44.676,sleep,15292,522,7022,16791,9,95,59.0,0.0,No,2400,2400,0,5642,125
12:32:45.676,sleep,15292,514,7890,16792,14,95,57.9,0.0,No,2400,2400,0,5635,125
12:32:46.676,sleep,15288,504,7716,16792,11,95,56.2,0.0,No,1500,2400,0,5635,125
12:32:47.676,sleep,15283,414,6346,16791,11,95,57.3,0.0,No,1500,2400,0,5643,125
12:32:48.676,sleep,15288,480,7368,16793,14,95,55.1,0.0,No,1500,2400,0,5649,125
12:32:49.676,sleep,15292,408,6250,16792,14,95,55.6,0.0,No,1500,2400,0,5647,125
12:32:50.676,sleep,15292,366,5478,16791,8,95,55.1,0.0,No,1500,2400,0,5650,125
12:32:51.676,sleep,15290,454,6964,16792,10,95,54.5,-0.0,No,1500,2400,0,5646,125
12:32:52.676,sleep,15299,286,6172,16792,12,95,55.1,0.0,No,1500,2400,0,4585,75
12:32:53.676,sleep,15292,586,8970,16792,15,95,54.5,-0.0,No,1500,2400,0,3631,75
12:32:54.676,sleep,15294,538,5440,16794,15,95,54.5,0.3,No,1500,2400,0,3470,75
12:32:55.676,sleep,15283,334,5112,16793,15,95,54.0,0.0,No,1500,2400,0,3454,75
12:32:56.678,active,15286,816,12520,16792,12,95,57.3,21.0,No,2400,2400,0,3465,75
12:32:57.676,active,15271,696,10668,16790,0,95,57.9,48.1,No,2400,2400,0,3430,75
12:32:58.676,active,15318,448,6866,16790,0,95,59.0,51.0,No,2400,2400,0,3426,75
12:32:59.676,active,15322,504,7736,16790,-3,95,60.0,47.6,No,2400,2400,0,3412,75
12:33:00.676,active,15344,432,6616,16789,-4,95,60.0,48.4,No,2400,2400,0,3877,125
12:33:01.680,active,15329,472,7272,16789,-5,95,61.1,49.1,No,2400,2400,0,5420,125
12:33:02.681,active,15318,490,7504,16789,-5,95,60.6,48.9,No,2400,2400,0,5544,125
12:33:03.678,active,15314,486,7466,16790,-7,95,60.6,49.3,No,2400,2400,0,5553,125
12:33:04.676,active,15279,812,12442,16790,-4,95,60.0,48.9,No,2400,2400,0,5547,125
12:33:05.676,active,15264,876,12712,16789,-3,95,60.6,48.9,No,2400,2400,0,5543,125
12:33:06.676,active,15279,842,12886,16789,-4,95,61.7,48.2,No,2400,2400,0,5534,125
12:33:07.676,active,15271,840,12596,16790,0,95,62.8,49.3,No,2400,2400,0,5552,125
12:33:08.680,active,15311,712,10918,16789,-3,95,62.8,47.2,No,2400,2400,0,5547,125
12:33:09.680,active,15281,860,10088,16790,-5,95,62.2,49.3,No,2400,2400,0,5545,125
12:33:10.680,active,15286,830,12732,16789,-5,95,62.8,48.1,No,2400,2400,0,5555,125
12:33:11.676,active,15283,894,11632,16789,-5,95,61.7,48.4,No,2400,2400,0,5543,125
12:33:12.676,active,15303,438,6732,16789,0,95,61.7,48.9,No,2400,2400,0,5552,125
12:33:13.676,active,15299,820,12520,16789,0,95,61.7,49.2,No,2400,2400,0,5533,125
12:33:14.677,active,15279,640,12104,16790,0,95,63.4,48.2,No,2400,2400,0,5558,125
12:33:15.680,active,15258,752,11498,16790,0,95,62.8,50.8,No,2400,2400,0,5561,125
12:33:16.676,active,15247,754,13584,16790,0,95,63.4,47.8,No,2400,2400,0,5559,125
12:33:17.680,active,15260,838,12828,16789,0,95,63.4,47.7,No,2400,2400,0,5562,125
12:33:18.676,active,15256,844,13156,16790,0,95,61.7,47.1,No,2400,2400,0,5565,125
12:33:19.676,active,15232,884,13562,16791,0,95,62.2,47.6,No,2400,2400,0,5572,125
12:33:20.676,active,15260,800,12924,16791,0,95,62.8,47.5,No,2400,2400,0,5574,125
12:33:21.676,active,15247,876,13406,16790,0,95,62.8,48.1,No,2400,2400,0,5573,125
12:33:22.676,active,15309,514,8546,16789,0,95,63.4,48.8,No,2400,2400,0,5579,125
12:33:23.676,active,15307,508,7812,16789,-4,95,62.2,47.7,No,2400,2400,0,5580,125
12:33:24.680,active,15309,514,7118,16788,-6,95,62.2,48.4,No,2400,2400,0,5566,125
12:33:25.676,active,15303,568,8738,16790,0,95,61.7,48.2,No,2400,2400,0,5582,125
12:33:26.676,active,15299,258,7658,16790,0,95,62.2,48.7,No,2400,2400,0,5577,125
12:33:27.676,active,15296,528,8102,16789,-3,95,62.2,48.8,No,2400,2400,0,5577,125
12:33:28.676,active,15294,522,7850,16790,0,95,63.4,48.7,No,2400,2400,0,5577,125
12:33:29.676,active,15305,440,6752,16790,0,95,61.7,48.4,No,2400,2400,0,5580,125
12:33:30.676,active,15296,540,9568,16790,0,95,62.8,48.2,No,2400,2400,0,5581,125
12:33:31.681,active,15296,824,7790,16790,0,95,62.2,49.2,No,2400,2400,0,5581,125
12:33:32.676,active,15290,552,8468,16790,0,95,62.2,50.6,No,2400,2400,0,5593,125
12:33:33.676,active,15357,514,7908,16789,0,95,61.7,48.9,No,2400,2400,0,5587,125
12:33:34.676,active,15314,482,7388,16790,0,95,62.2,46.1,No,2400,2400,0,5583,125
12:33:35.676,active,15301,672,10576,16790,-3,95,62.8,47.5,No,2400,2400,0,5587,125
12:33:36.676,active,15279,590,9086,16791,0,95,63.9,48.5,No,2400,2400,0,5587,125
12:33:37.677,active,15275,864,11166,16789,0,95,63.4,48.1,No,2400,2400,0,5588,125
12:33:38.680,active,15273,552,8468,16789,0,95,63.4,49.4,No,2400,2400,0,5595,125
12:33:39.676,active,15316,500,7934,16788,-5,95,62.2,47.7,No,2400,2400,0,5595,125
12:33:40.676,active,15264,788,12056,16788,-6,95,64.5,50.6,No,2400,2400,0,5600,125
12:33:41.676,active,15262,774,12596,16789,-7,95,62.8,52.5,No,2400,2400,0,5607,125
12:33:42.676,active,15279,744,11420,16790,0,95,62.8,51.8,No,2400,2400,0,5577,125
12:33:43.676,active,15277,720,11554,16789,0,95,63.9,52.0,No,2400,2400,0,5586,125
12:33:44.677,active,15283,706,10822,16788,-5,95,64.5,51.3,No,2400,2400,0,5599,125
12:33:45.676,active,15279,656,11458,16788,0,95,63.4,50.0,No,2400,2400,0,5592,125
12:33:46.676,active,15279,838,12828,16789,-3,95,63.4,53.0,No,2400,2400,0,5594,125
12:33:47.676,active,15271,782,13136,16788,-6,95,63.4,53.0,No,2400,2400,0,5595,125
12:33:48.676,active,15258,812,12442,16788,-5,95,64.5,50.5,No,2400,2400,0,5594,125
12:33:49.676,active,15307,514,7890,16788,-5,95,64.5,50.8,No,2400,2400,0,5607,125
12:33:50.678,active,15299,464,7118,16789,-7,95,62.8,46.3,No,2400,2400,0,5597,125
12:33:51.676,active,15309,682,10456,16788,-3,95,63.9,49.0,No,2400,2400,0,5597,125
12:33:52.676,active,15301,526,8082,16789,0,95,63.4,48.1,No,2400,2400,0,5594,125
12:33:53.676,active,15307,714,10898,16788,0,95,62.8,48.6,No,2400,2400,0,5590,125
12:33:54.676,active,15303,542,8314,16789,0,95,64.5,49.6,No,2400,2400,0,5598,125
12:33:55.676,active,15303,686,10514,16789,-4,95,63.9,49.4,No,2400,2400,0,5601,125
12:33:56.676,sleep,15294,476,7292,16789,-4,95,62.2,39.8,No,2400,2400,0,5608,125
12:33:57.676,sleep,15296,486,6384,16790,6,95,60.0,0.0,No,2400,2400,0,5635,125
12:33:58.676,sleep,15290,548,7678,16789,5,95,59.0,-0.0,No,2400,2400,0,5640,125
12:33:59.676,sleep,15292,506,7774,16790,0,95,59.0,0.0,No,2400,2400,0,5643,125
12:34:00.676,sleep,15292,436,7542,16791,5,95,59.0,0.0,No,2400,2400,0,5642,125
12:34:01.676,sleep,15296,488,7484,16791,4,95,57.3,-0.0,No,1500,2400,0,5644,125
12:34:02.676,sleep,15290,522,7002,16792,12,95,56.2,-0.0,No,1500,2400,0,5639,125
12:34:03.676,sleep,15292,508,7792,16790,10,95,55.1,-0.0,No,1500,2400,0,5649,125
12:34:04.676,sleep,15290,458,7310,16791,11,95,55.6,0.0,No,1500,2400,0,5644,125
12:34:05.676,sleep,15288,554,8488,16792,13,95,55.1,0.0,No,1500,2400,0,5649,125
12:34:06.676,sleep,15288,420,6694,16792,10,95,55.1,-0.0,No,1500,2400,0,5649,125
12:34:07.676,sleep,15288,592,9086,16793,15,95,54.5,0.3,No,1500,2400,0,5646,125
12:34:08.676,sleep,15292,420,7986,16791,12,95,55.1,-0.0,No,1500,2400,0,4188,75
12:34:09.676,sleep,15290,390,5998,16791,11,95,54.5,0.0,No,1500,2400,0,3566,75
12:34:10.676,sleep,15292,520,7118,16792,12,95,53.5,0.5,No,1500,2400,0,3481,75
12:34:11.676,active,15268,846,12964,16793,16,95,56.8,17.8,No,2400,2400,0,3463,75
12:34:12.676,active,15279,824,6558,16791,0,95,57.9,47.3,No,2400,2400,0,3423,75
12:34:13.678,active,15279,802,12308,16790,0,95,59.0,47.9,No,2400,2400,0,3408,75
12:34:14.676,active,15273,752,9606,16790,0,95,59.5,48.1,No,2400,2400,0,3408,75
12:34:15.676,active,15301,610,9356,16790,0,95,60.0,49.4,No,2400,2400,0,3389,75
12:34:16.676,active,15303,664,10146,16791,0,95,61.1,48.6,No,2400,2400,0,4586,125
12:34:17.679,active,15288,650,9972,16791,0,95,62.2,49.0,No,2400,2400,0,5483,125
12:34:18.676,active,15299,768,11748,16791,0,95,60.6,48.1,No,2400,2400,0,5553,125
12:34:19.677,active,15262,740,9020,16790,0,95,61.1,49.3,No,2400,2400,0,5553,125
12:34:20.676,active,15299,722,11054,16790,0,95,60.6,48.7,No,2400,2400,0,5554,125
12:34:21.676,active,15249,704,12536,16788,-4,95,61.1,47.8,No,2400,2400,0,5560,125
12:34:22.676,active,15262,836,12808,16789,0,95,61.7,48.0,No,2400,2400,0,5547,125
12:34:23.676,active,15258,930,12444,16790,-3,95,61.7,48.9,No,2400,2400,0,5560,125
12:34:24.680,active,15268,790,12096,16789,0,95,62.8,47.2,No,2400,2400,0,5547,125
12:34:25.676,active,15348,476,7890,16789,0,95,62.2,47.1,No,2400,2400,0,5552,125
12:34:26.676,active,15307,528,8102,16790,0,95,61.1,48.0,No,2400,2400,0,5553,125
12:34:27.676,active,15311,506,7658,16790,3,95,61.7,48.2,No,2400,2400,0,5566,125
12:34:28.676,active,15309,444,6810,16789,0,95,61.7,47.6,No,2400,2400,0,5573,125
12:34:29.676,active,15307,494,7542,16789,-5,95,62.8,47.7,No,2400,2400,0,5574,125
12:34:30.676,active,15296,496,7620,16788,-9,95,63.4,48.9,No,2400,2400,0,5568,125
12:34:31.676,active,15303,462,7542,16788,-5,95,62.2,47.0,No,2400,2400,0,5572,125
12:34:32.676,active,15296,462,7098,16788,-5,95,62.2,47.9,No,2400,2400,0,5560,125
12:34:33.681,active,15283,728,9548,16788,-8,95,62.2,48.5,No,2400,2400,0,5564,125
12:34:34.676,active,15294,710,6528,16790,-4,95,62.2,47.8,No,2400,2400,0,5576,125
12:34:35.676,active,15283,686,10552,16788,-8,95,62.2,48.8,No,2400,2400,0,5577,125
12:34:36.676,active,15311,742,7048,16787,-9,95,62.8,48.9,No,2400,2400,0,5579,125
12:34:37.676,active,15286,522,8044,16789,-7,95,63.4,48.7,No,2400,2400,0,5583,125
12:34:38.676,active,15320,506,7774,16789,0,95,62.8,48.0,No,2400,2400,0,5573,125
12:34:39.676,active,15303,488,7504,16788,-4,95,62.8,48.1,No,2400,2400,0,5572,125
12:34:40.676,active,15346,466,7176,16788,-6,95,61.7,47.6,No,2400,2400,0,5580,125
12:34:41.676,active,15314,516,7908,16790,-4,95,61.7,49.5,No,1900,2400,0,5574,125
12:34:42.676,active,15236,766,12674,16788,-4,95,61.7,53.3,No,2400,2400,0,5580,125
12:34:43.676,active,15253,838,12808,16788,-7,95,62.8,46.0,No,2400,2400,0,5586,125
12:34:44.676,active,15228,806,12578,16788,-7,95,63.4,48.2,No,2400,2400,0,5587,125
12:34:45.676,active,15268,838,12828,16789,0,95,63.9,46.6,No,2400,2400,0,5585,125
12:34:46.677,active,15258,854,12250,16788,-5,95,62.8,48.2,No,2400,2400,0,5580,125
12:34:47.679,active,15286,656,10050,16789,-6,95,62.8,51.1,No,2400,2400,0,5575,125
12:34:48.676,active,15275,752,13078,16788,-6,95,62.2,47.1,No,2400,2400,0,5583,125
12:34:49.676,active,15279,820,12558,16789,-3,95,62.8,50.5,No,2400,2400,0,5581,125
12:34:50.676,active,15277,844,11150,16789,0,95,62.8,51.6,No,2400,2400,0,5604,125
12:34:51.676,active,15307,456,7002,16789,-3,95,63.9,49.7,No,2400,2400,0,5583,125
12:34:52.677,active,15307,474,7292,16788,-5,95,63.4,52.8,No,2400,2400,0,5579,125
12:34:53.677,active,15305,450,6924,16788,-5,95,64.5,50.6,No,2400,2400,0,5586,125
12:34:54.676,active,15309,494,7580,16788,-5,95,62.8,52.3,No,2400,2400,0,5586,125
12:34:55.676,active,15303,492,7562,16789,0,95,62.8,51.3,No,2400,2400,0,5603,125
12:34:56.676,active,15311,550,8430,16790,0,95,63.9,54.4,No,2400,2400,0,5590,125
12:34:57.676,active,15316,556,8546,16790,-5,95,64.5,51.1,No,2400,2400,0,5589,125
12:34:58.680,active,15303,728,11130,16789,-3,95,63.9,54.0,No,2400,2400,0,5603,125
12:34:59.676,active,15279,632,9664,16789,0,95,63.9,48.6,No,2400,2400,0,5594,125
12:35:00.676,active,15339,490,7542,16788,-3,95,63.4,47.3,No,2400,2400,0,5589,125
12:35:01.676,active,15275,772,8120,16788,-5,95,62.8,47.7,No,2400,2400,0,5607,125
12:35:02.676,active,15307,652,10012,16790,0,95,63.9,48.8,No,2400,2400,0,5599,125
12:35:03.676,active,15309,540,7118,16789,-3,95,63.9,48.5,No,2400,2400,0,5592,125
12:35:04.676,active,15357,492,7562,16789,0,95,65.0,49.6,No,2400,2400,0,5591,125
12:35:05.676,active,15339,492,8006,16789,-3,95,64.5,49.6,No,2400,2400,0,5587,125
12:35:06.678,active,15305,546,8410,16790,0,95,63.4,47.1,No,2400,2400,0,5591,125
12:35:07.676,active,15316,574,7754,16790,0,95,63.9,46.7,No,2400,2400,0,5598,125
12:35:08.676,active,15314,494,7580,16790,0,95,62.8,48.5,No,2400,2400,0,5603,125
12:35:09.676,active,15273,800,12462,16789,0,95,63.4,46.9,No,2400,2400,0,5597,125
12:35:10.676,active,15305,678,10416,16789,0,95,62.8,46.6,No,2400,2400,0,5595,125
12:35:11.676,sleep,15292,564,8564,16790,4,95,62.8,39.8,No,2400,2400,0,5592,125
12:35:12.676,sleep,15292,512,7850,16793,16,95,60.0,0.0,No,2400,2400,0,5635,125
12:35:13.676,sleep,15288,428,7774,16792,16,95,59.5,0.0,No,2400,2400,0,5646,125
12:35:14.676,sleep,15288,540,8276,16793,10,95,59.0,0.0,No,2400,2400,0,5632,125
12:35:15.676,sleep,15288,434,7408,16791,8,95,57.3,-0.0,No,2400,2400,0,5633,125
12:35:16.676,sleep,15290,518,7928,16791,11,95,59.0,0.0,No,2400,2400,0,5635,125
12:35:17.676,sleep,15286,400,6790,16792,10,95,56.8,0.0,No,1500,2400,0,5656,125
12:35:18.676,sleep,15288,416,6366,16791,12,95,56.2,0.3,No,1500,2400,0,5663,125
12:35:19.676,sleep,15283,330,5072,16792,14,95,56.8,-0.0,No,1500,2400,0,5647,125
12:35:20.676,sleep,15292,388,5960,16792,14,95,56.8,0.3,No,1600,2400,0,5651,125
12:35:21.676,sleep,15290,394,6056,16792,12,95,56.2,0.3,No,1500,2400,0,5648,125
12:35:22.676,sleep,15290,400,6114,16792,13,95,54.5,-0.0,No,1500,2400,0,5653,125
12:35:23.676,sleep,15286,414,6346,16792,9,95,55.6,0.0,No,1500,2400,0,5659,125
12:35:24.676,sleep,15292,476,7310,16793,11,95,54.5,0.0,No,1500,2400,0,5661,125
12:35:25.676,sleep,15290,378,5786,16793,15,95,54.5,0.0,No,1500,2400,0,3976,75
12:35:26.680,active,15294,538,8236,16792,12,95,56.2,12.2,No,2400,2400,0,3551,75
12:35:27.676,active,15331,496,7620,16789,-3,95,58.4,50.6,No,2400,2400,0,3455,75
12:35:28.676,active,15350,486,7040,16790,0,95,58.4,47.4,No,2400,2400,0,3420,75
12:35:29.676,active,15320,538,8256,16789,0,95,59.0,49.3,No,2400,2400,0,3396,75
12:35:30.676,active,15348,520,7620,16788,-3,95,60.0,49.5,No,2400,2400,0,5077,125
12:35:31.676,active,15320,574,8796,16790,0,95,60.0,49.4,No,2400,2400,0,5528,125
12:35:32.679,active,15309,502,7890,16789,0,95,61.7,47.4,No,2400,2400,0,5578,125
12:35:33.680,active,15341,514,7890,16790,0,95,62.2,47.5,No,2400,2400,0,5584,125
12:35:34.676,active,15303,526,7696,16788,-4,95,61.1,47.2,No,2400,2400,0,5574,125
12:35:35.677,active,15307,542,8314,16789,0,95,60.6,46.6,No,2400,2400,0,5584,125
12:35:36.676,active,15277,806,13716,16788,-4,95,61.1,47.9,No,2400,2400,0,5567,125
12:35:37.676,active,15275,800,12250,16790,-4,95,61.7,47.4,No,2400,2400,0,5569,125
12:35:38.676,active,15277,672,10668,16790,0,95,62.2,48.7,No,2400,2400,0,5575,125
12:35:39.676,active,15288,896,13754,16790,-4,95,62.8,47.8,No,2400,2400,0,5567,125
12:35:40.676,active,15283,792,8334,16789,-6,95,62.2,47.2,No,2400,2400,0,5566,125
12:35:41.676,active,15316,738,11324,16789,-5,95,62.2,47.2,No,2400,2400,0,5569,125
12:35:42.683,active,15286,706,8006,16790,0,95,62.2,48.1,No,2400,2400,0,5578,125
12:35:43.676,active,15311,684,10514,16789,0,95,61.1,48.3,No,2400,2400,0,5590,125
12:35:44.676,active,15294,592,7754,16789,0,95,62.2,49.3,No,2400,2400,0,5582,125
12:35:45.676,active,15279,656,10030,16788,-6,95,62.8,48.8,No,2400,2400,0,5574,125
12:35:46.680,active,15301,796,12172,16787,-6,95,62.2,48.8,No,2400,2400,0,5577,125
12:35:47.676,active,15228,744,11362,16789,-6,95,63.9,47.8,No,2400,2400,0,5574,125
12:35:48.676,active,15271,778,11902,16789,-3,95,62.2,47.7,No,2400,2400,0,5577,125
12:35:49.676,active,15258,798,12210,16789,-3,95,61.7,48.0,No,2400,2400,0,5575,125
12:35:50.676,active,15241,872,13350,16788,-5,95,62.2,48.4,No,2400,2400,0,5587,125
12:35:51.676,active,15262,802,12268,16788,-4,95,62.2,51.1,No,2400,2400,0,5587,125
12:35:52.676,active,15223,778,11922,16788,-4,95,63.4,50.2,No,2400,2400,0,5588,125
12:35:53.676,active,15316,798,12210,16790,-5,95,63.4,47.0,No,2400,2400,0,5589,125
12:35:54.676,active,15352,562,8642,16790,-8,95,62.8,48.5,No,2400,2400,0,5566,125
12:35:55.676,active,15305,484,7812,16789,-9,95,62.2,48.2,No,2400,2400,0,5580,125
12:35:56.679,active,15314,484,7446,16788,-7,95,62.2,45.8,No,2400,2400,0,5588,125
12:35:57.676,active,15305,446,6982,16787,-6,95,63.4,50.9,No,2400,2400,0,5589,125
12:35:58.676,active,15329,484,7426,16787,-9,95,63.4,51.8,No,2400,2400,0,5589,125
12:35:59.676,active,15305,550,7168,16788,-4,95,63.4,50.3,No,2400,2400,0,5587,125
12:36:00.676,active,15311,508,7792,16788,-5,95,63.4,53.4,No,2400,2400,0,5590,125
12:36:01.681,active,15335,502,7716,16787,-7,95,63.9,52.8,No,2400,2400,0,5594,125
12:36:02.677,active,15296,556,8546,16788,-10,95,63.9,52.8,No,2400,2400,0,5581,125
12:36:03.676,active,15279,892,10686,16787,-7,95,62.2,52.0,No,2400,2400,0,5586,125
12:36:04.676,active,15273,892,13658,16789,-3,95,62.8,50.9,No,2400,2400,0,5581,125
12:36:05.676,active,15281,846,11246,16789,-3,95,63.9,50.1,No,2400,2400,0,5598,125
12:36:06.676,active,15266,818,12520,16789,0,95,63.4,52.2,No,2400,2400,0,5591,125
12:36:07.676,active,15281,910,11130,16788,0,95,63.9,52.0,No,2400,2400,0,5595,125
12:36:08.676,active,15281,534,8198,16789,-4,95,64.5,50.9,No,2400,2400,0,5592,125
12:36:09.676,active,15290,674,7268,16788,-4,95,63.4,46.8,No,2400,2400,0,5582,125
12:36:10.676,active,15283,710,10898,16789,-4,95,62.8,47.4,No,2400,2400,0,5585,125
12:36:11.676,active,15309,678,10398,16790,0,95,63.9,48.5,No,2400,2400,0,5592,125
12:36:12.676,active,15273,666,10204,16788,-6,95,63.4,49.6,No,2400,2400,0,5589,125
12:36:13.677,active,15245,770,12424,16789,0,95,64.5,48.7,No,2400,2400,0,5599,125
12:36:14.676,active,15273,774,11864,16790,0,95,64.5,49.0,No,2400,2400,0,5590,125
12:36:15.676,active,15277,666,12654,16788,-4,95,63.4,48.1,No,2400,2400,0,5600,125
12:36:16.676,active,15249,618,9490,16788,-3,95,63.4,48.3,No,2400,2400,0,5601,125
12:36:17.676,active,15268,568,12982,16788,-3,95,62.8,49.0,No,2400,2400,0,5601,125
12:36:18.676,active,15273,820,12558,16790,0,95,63.9,49.7,No,2400,2400,0,5589,125
12:36:19.676,active,15307,548,13274,16789,0,95,63.9,47.3,No,2400,2400,0,5592,125
12:36:20.677,active,15292,816,12480,16789,-5,95,64.5,46.6,No,2400,2400,0,5594,125
12:36:21.676,active,15318,466,7638,16789,0,95,63.4,46.8,No,2400,2400,0,5591,125
12:36:22.679,active,15311,448,6886,16788,-3,95,63.4,46.5,No,2400,2400,0,5590,125
12:36:23.677,active,15322,518,7948,16788,-4,95,62.8,46.0,No,2400,2400,0,5594,125
12:36:24.676,active,15299,496,7620,16789,-3,95,62.8,45.9,No,2400,2400,0,5601,125
12:36:25.676,active,15337,504,7600,16789,-5,95,63.4,49.1,No,2400,2400,0,5593,125
12:36:26.676,sleep,15309,496,7600,16788,-5,95,62.2,48.9,No,2400,2400,0,5588,125
12:36:27.676,sleep,15292,490,7176,16790,3,95,60.6,0.0,No,2400,2400,0,5623,125
12:36:28.676,sleep,15292,464,7138,16791,10,95,59.5,0.0,No,2400,2400,0,5638,125
12:36:29.676,sleep,15290,538,6366,16791,5,95,59.5,-0.0,No,2400,2400,0,5634,125
12:36:30.676,sleep,15299,440,6752,16791,4,95,59.0,-0.0,No,2400,2400,0,5635,125
12:36:31.676,sleep,15290,496,6964,16792,5,95,57.9,0.0,No,2400,2400,0,5634,125
12:36:32.676,sleep,15290,546,8372,16791,12,95,56.8,0.0,No,1500,2400,0,5648,125
12:36:33.676,sleep,15292,450,5690,16791,13,95,56.8,-0.0,No,1500,2400,0,5622,125
12:36:34.676,sleep,15299,424,6500,16791,13,95,56.2,0.0,No,1500,2400,0,5639,125
12:36:35.676,sleep,15288,392,6462,16793,19,95,55.6,0.0,No,1500,2400,0,5643,125
12:36:36.676,sleep,15288,368,5632,16793,16,95,55.6,0.3,No,1500,2400,0,5648,125
12:36:37.676,sleep,15288,426,5516,16792,14,95,55.1,0.0,No,1500,2400,0,5652,125
12:36:38.676,sleep,15288,450,6906,16793,18,95,55.1,-0.0,No,1500,2400,0,5658,125
12:36:39.676,sleep,15299,444,6790,16792,14,95,55.1,0.0,No,1500,2400,0,5663,125
12:36:40.675,sleep,15288,500,7658,16792,13,95,53.5,0.0,No,1500,2400,0,5557,75
12:36:41.681,active,15286,488,7484,16793,14,95,55.1,6.8,No,1500,2400,0,3800,75
12:36:42.676,active,15286,760,11632,16790,0,95,58.4,54.1,No,2400,2400,0,3476,75
12:36:43.676,active,15260,766,11728,16788,-4,95,59.0,46.3,No,2400,2400,0,3427,75
12:36:44.677,active,15262,844,12906,16788,-8,95,59.0,47.4,No,2400,2400,0,3426,75
12:36:45.676,active,15268,822,12596,16788,-8,95,59.5,47.6,No,2400,2400,0,3399,75
12:36:46.676,active,15281,860,13176,16789,-5,95,60.6,47.7,No,2400,2400,0,3418,125
12:36:47.676,active,15320,882,13522,16788,-7,95,62.2,48.5,No,2400,2400,0,5295,125
12:36:48.676,active,15307,464,9008,16788,-6,95,61.1,47.4,No,2400,2400,0,5555,125
12:36:49.676,active,15301,536,8218,16788,-4,95,61.1,46.6,No,2400,2400,0,5580,125
12:36:50.676,active,15314,486,9934,16788,0,95,62.2,47.9,No,2400,2400,0,5573,125
12:36:51.677,active,15305,476,7330,16789,-5,95,61.1,48.3,No,2400,2400,0,5566,125
12:36:52.676,active,15296,466,13446,16789,0,95,60.6,48.7,No,2400,2400,0,5572,125
12:36:53.676,active,15301,756,11554,16790,0,95,62.8,49.2,No,2400,2400,0,5567,125
12:36:54.676,active,15299,580,12752,16789,0,95,61.7,49.2,No,2400,2400,0,5561,125
12:36:55.676,active,15299,822,12558,16790,0,95,62.8,48.8,No,2400,2400,0,5564,125
12:36:56.676,active,15281,516,7890,16790,0,95,62.8,48.0,No,2400,2400,0,5578,125
12:36:57.676,active,15339,568,8758,16789,3,95,61.7,48.4,No,2400,2400,0,5579,125
12:36:58.676,active,15346,508,7890,16790,0,95,61.1,47.7,No,2400,2400,0,5567,125
12:36:59.676,active,15359,470,7214,16788,0,95,61.7,49.0,No,2400,2400,0,5558,125
12:37:00.676,active,15329,462,7850,16789,0,95,61.7,48.9,No,2400,2400,0,5564,125
12:37:01.676,active,15339,532,8160,16788,0,95,62.8,53.4,No,2400,2400,0,5580,125
12:37:02.676,active,15326,484,7446,16790,0,95,63.4,45.5,No,2400,2400,0,5573,125
12:37:03.676,active,15273,710,10898,16790,0,95,62.8,49.6,No,2400,2400,0,5571,125
12:37:04.677,active,15316,486,7234,16789,0,95,63.4,49.9,No,2400,2400,0,5566,125
12:37:05.676,active,15288,526,8064,16789,0,95,62.2,49.6,No,2400,2400,0,5567,125
12:37:06.676,active,15273,534,10398,16790,0,95,62.8,48.9,No,2400,2400,0,5582,125
12:37:07.676,active,15288,692,10610,16791,0,95,63.4,48.2,No,2400,2400,0,5591,125
12:37:08.676,active,15281,822,10378,16789,0,95,63.4,52.4,No,2400,2400,0,5571,125
12:37:09.676,active,15281,812,12462,16789,0,95,62.8,48.6,No,2400,2400,0,5569,125
12:37:10.681,active,15275,760,13522,16788,-3,95,62.8,52.1,No,2400,2400,0,5574,125
12:37:11.679,active,15288,832,12752,16789,0,95,63.9,51.8,No,2400,2400,0,5581,125
12:37:12.676,active,15281,716,12828,16790,0,95,62.8,54.2,No,2400,2400,0,5569,125
12:37:13.676,active,15281,704,10802,16790,0,95,63.9,53.0,No,2400,2400,0,5574,125
12:37:14.676,active,15283,882,9800,16790,4,95,63.4,52.7,No,2400,2400,0,5579,125
12:37:15.676,active,15305,440,6770,16789,5,95,64.5,51.3,No,2400,2400,0,5581,125
12:37:16.676,active,15294,690,10552,16791,0,95,63.9,50.4,No,2400,2400,0,5586,125
12:37:17.680,active,15281,622,9530,16791,0,95,63.9,50.9,No,2400,2400,0,5607,125
12:37:18.680,active,15299,516,11130,16791,4,95,62.8,46.3,No,2400,2400,0,5594,125
12:37:19.676,active,15243,800,12210,16790,0,95,62.2,47.0,No,2400,2400,0,5588,125
12:37:20.676,active,15307,762,11670,16789,0,95,63.9,49.4,No,2400,2400,0,5602,125
12:37:21.676,active,15260,740,11324,16789,0,95,63.4,48.8,No,2400,2400,0,5583,125
12:37:22.676,active,15281,544,11440,16789,0,95,63.9,48.5,No,2400,2400,0,5597,125
12:37:23.676,active,15333,512,11670,16789,0,95,63.4,48.7,No,2400,2400,0,5604,125
12:37:24.679,active,15350,490,7504,16790,0,95,63.9,47.1,No,2400,2400,0,5598,125
12:37:25.676,active,15352,512,8334,16789,-3,95,63.4,49.6,No,2400,2400,0,5607,125
12:37:26.676,active,15361,530,8140,16789,0,95,62.8,48.3,No,2400,2400,0,5607,125
12:37:27.676,active,15335,520,8140,16789,-3,95,63.4,49.4,No,2400,2400,0,5582,125
12:37:28.676,active,15320,520,7986,16789,-3,95,63.4,48.1,No,2400,2400,0,5590,125
12:37:29.676,active,15314,540,8776,16790,0,95,63.9,45.7,No,2400,2400,0,5594,125
12:37:30.676,active,15316,528,8102,16789,0,95,63.4,46.5,No,2400,2400,0,5595,125
12:37:31.677,active,15311,456,8006,16789,0,95,63.4,46.5,No,2400,2400,0,5584,125
12:37:32.677,active,15266,800,12230,16790,5,95,63.4,46.1,No,2400,2400,0,5587,125
12:37:33.676,active,15266,726,12288,16791,0,95,62.8,46.6,No,2400,2400,0,5603,125
12:37:34.676,active,15286,818,12520,16790,0,95,63.4,47.7,No,2400,2400,0,5585,125
12:37:35.676,active,15286,928,11612,16789,0,95,64.5,51.5,No,2400,2400,0,5590,125
12:37:36.676,active,15273,830,12712,16789,0,95,64.5,53.4,No,2400,2400,0,5592,125
12:37:37.681,active,15277,890,11652,16788,0,95,63.9,48.0,No,2400,2400,0,5592,125
12:37:38.676,active,15283,874,13388,16788,0,95,63.4,46.4,No,2400,2400,0,5591,125
12:37:39.676,active,15275,884,10398,16789,-3,95,62.8,49.4,No,2400,2400,0,5593,125
12:37:40.676,active,15281,748,11458,16789,0,95,62.2,48.4,No,2400,2400,0,5593,125
12:37:41.676,sleep,15299,696,10668,16788,-5,95,64.5,47.5,No,2400,2400,0,5593,125
12:37:42.676,sleep,15296,448,6866,16790,3,95,60.6,0.0,No,2400,2400,0,5627,125
12:37:43.676,sleep,15303,464,7118,16791,5,95,60.0,-0.0,No,2400,2400,0,5634,125
12:37:44.676,sleep,15294,458,7022,16791,6,95,59.0,0.0,No,2400,2400,0,5630,125
12:37:45.676,sleep,15292,478,7330,16790,4,95,58.4,0.0,No,2400,2400,0,5640,125
12:37:46.676,sleep,15283,496,7620,16791,6,95,58.4,0.3,No,2400,2400,0,5635,125
12:37:47.676,sleep,15292,380,7542,16792,13,95,56.8,-0.0,No,1500,2400,0,5652,125
12:37:48.676,sleep,15286,462,7080,16792,17,95,56.8,0.0,No,1500,2400,0,5651,125
12:37:49.676,sleep,15283,460,7908,16793,16,95,56.2,-0.0,No,1500,2400,0,5649,125
12:37:50.676,sleep,15288,518,7928,16792,15,95,56.2,0.0,No,1500,2400,0,5650,125
12:37:51.676,sleep,15290,340,5228,16792,15,95,55.6,0.0,No,1500,2400,0,5655,125
12:37:52.676,sleep,15292,438,6732,16792,12,95,55.1,0.0,No,1500,2400,0,5647,125
12:37:53.676,sleep,15290,326,4996,16792,12,95,55.1,0.0,No,1500,2400,0,5653,125
12:37:54.676,sleep,15290,530,8140,16793,15,95,54.5,0.0,No,1500,2400,0,5657,125
12:37:55.676,sleep,15292,590,8662,16791,14,95,55.1,-0.0,No,1500,2400,0,4805,75
12:37:56.676,sleep,15288,362,5536,16793,13,95,55.1,0.0,No,1500,2400,0,3681,75
12:37:57.676,active,15301,458,6828,16790,-4,95,58.4,57.3,No,2400,2400,0,3469,75
12:37:58.676,active,15299,550,8448,16790,0,95,59.0,47.0,No,2400,2400,0,3435,75
12:37:59.677,active,15277,678,9278,16791,5,95,59.5,46.6,No,2400,2400,0,3421,75
12:38:00.676,active,15303,648,9934,16790,0,95,59.5,47.2,No,2400,2400,0,3839,125
12:38:01.676,active,15281,588,9086,16789,0,95,60.0,48.9,No,2400,2400,0,5441,125
12:38:02.676,active,15307,716,10996,16790,0,95,60.6,48.8,No,2400,2400,0,5569,125
12:38:03.676,active,15286,952,8604,16789,0,95,62.2,48.9,No,2400,2400,0,5574,125
12:38:04.676,active,15339,532,8198,16789,0,95,62.8,48.1,No,2400,2400,0,5566,125
12:38:05.676,active,15309,538,7812,16788,-7,95,61.7,48.2,No,2400,2400,0,5564,125
12:38:06.681,active,15346,532,8198,16788,-8,95,61.1,48.2,No,2400,2400,0,5568,125
12:38:07.676,active,15348,496,7870,16789,-4,95,60.6,48.4,No,2400,2400,0,5579,125
12:38:08.675,active,15238,528,8102,16790,0,95,61.1,48.8,No,2400,2400,0,5574,125
12:38:09.676,active,15258,602,9240,16790,0,95,60.0,49.0,No,2400,2400,0,5576,125
12:38:10.676,active,15241,720,11014,16789,0,95,62.2,50.9,No,2400,2400,0,5578,125
12:38:11.676,active,15234,776,12848,16789,0,95,62.2,49.8,No,2400,2400,0,5568,125
12:38:12.676,active,15251,850,13002,16789,0,95,62.2,45.1,No,2400,2400,0,5569,125
12:38:13.681,active,15273,684,12230,16789,0,95,61.7,47.4,No,2400,2400,0,5576,125
12:38:14.676,active,15279,754,11554,16790,0,95,62.8,49.7,No,2400,2400,0,5576,125
12:38:15.676,active,15256,754,12152,16791,0,95,62.8,47.5,No,2400,2400,0,5573,125
12:38:16.681,active,15251,736,11266,16791,0,95,63.4,48.7,No,2400,2400,0,5579,125
12:38:17.676,active,15268,814,12790,16789,0,95,62.8,49.0,No,2400,2400,0,5580,125
12:38:18.676,active,15305,488,7484,16789,0,95,62.8,46.8,No,2400,2400,0,5588,125
12:38:19.677,active,15326,438,7832,16790,0,95,62.2,47.6,No,2400,2400,0,5580,125
12:38:20.679,active,15301,482,7408,16789,0,95,63.4,50.8,No,2400,2400,0,5581,125
12:38:21.676,active,15299,528,8700,16790,0,95,61.7,51.1,No,2400,2400,0,5579,125
12:38:22.676,active,15303,490,7522,16789,0,95,62.8,53.0,No,2400,2400,0,5581,125
12:38:23.676,active,15305,502,7310,16789,0,95,62.8,51.6,No,2400,2400,0,5580,125
12:38:24.677,active,15301,556,8526,16790,0,95,62.8,50.3,No,2400,2400,0,5585,125
12:38:25.676,active,15301,476,11170,16790,0,95,63.9,51.1,No,2400,2400,0,5590,125
12:38:26.676,active,15299,476,7292,16788,-5,95,62.8,50.9,No,2400,2400,0,5585,125
12:38:27.680,active,15277,674,10358,16790,0,95,63.4,48.6,No,2400,2400,0,5586,125
12:38:28.676,active,15281,848,13002,16790,0,95,63.4,46.5,No,2400,2400,0,5590,125
12:38:29.676,active,15281,830,7466,16789,0,95,63.4,47.6,No,2400,2400,0,5579,125
12:38:30.676,active,15283,914,14004,16789,0,95,63.4,49.4,No,2400,2400,0,5588,125
12:38:31.676,active,15279,882,7850,16789,-4,95,63.9,48.2,No,2400,2400,0,5587,125
12:38:32.679,active,15303,692,10610,16790,-4,95,64.5,48.3,No,2400,2400,0,5600,125
12:38:33.676,active,15283,754,8024,16790,0,95,62.8,48.6,No,2400,2400,0,5608,125
12:38:34.676,active,15275,692,10610,16789,0,95,63.9,47.8,No,2400,2400,0,5590,125
12:38:35.676,active,15301,554,7368,16790,0,95,62.8,49.0,No,2400,2400,0,5592,125
12:38:36.676,active,15264,696,10648,16789,0,95,62.8,49.1,No,2400,2400,0,5586,125
12:38:37.676,active,15245,688,9742,16789,0,95,63.4,48.1,No,2400,2400,0,5585,125
12:38:38.676,active,15294,610,9336,16790,0,95,63.9,46.8,No,2400,2400,0,5594,125
12:38:39.681,active,15268,738,13716,16790,3,95,63.4,45.9,No,2400,2400,0,5592,125
12:38:40.676,active,15262,836,12790,16789,0,95,63.9,46.5,No,2400,2400,0,5591,125
12:38:41.676,active,15260,608,12346,16791,3,95,62.8,45.8,No,2400,2400,0,5595,125
12:38:42.676,active,15247,852,13060,16791,5,95,63.4,47.3,No,2400,2400,0,5594,125
12:38:43.676,active,15303,558,13484,16790,0,95,63.4,47.0,No,2400,2400,0,5595,125
12:38:44.676,active,15279,822,12578,16790,3,95,64.5,47.3,No,2400,2400,0,5598,125
12:38:45.676,active,15303,576,8140,16790,0,95,64.5,52.9,No,2400,2400,0,5592,125
12:38:46.676,active,15303,500,7678,16790,0,95,63.9,52.0,No,2400,2400,0,5595,125
12:38:47.676,active,15314,484,7754,16791,0,95,63.4,47.7,No,2400,2400,0,5595,125
12:38:48.676,active,15296,496,7620,16790,0,95,63.4,48.9,No,2400,2400,0,5591,125
12:38:49.676,active,15299,460,9144,16789,0,95,63.4,49.1,No,2400,2400,0,5593,125
12:38:50.676,active,15314,504,7736,16791,5,95,63.9,48.6,No,2400,2400,0,5602,125
12:38:51.676,active,15303,530,11112,16791,4,95,63.9,49.4,No,2400,2400,0,5599,125
12:38:52.679,active,15305,470,7214,16791,0,95,64.5,48.5,No,2400,2400,0,5600,125
12:38:53.680,active,15301,440,10416,16790,0,95,65.0,48.0,No,2400,2400,0,5595,125
12:38:54.677,active,15273,806,12326,16789,0,95,63.4,48.4,No,2400,2400,0,5597,125
12:38:55.676,active,15309,694,7754,16790,0,95,62.8,47.9,No,2400,2400,0,5598,125
12:38:56.676,active,15281,714,10918,16791,0,95,63.4,49.0,No,2400,2400,0,5595,125
12:38:57.676,sleep,15290,520,7948,16793,12,95,61.1,3.0,No,2400,2400,0,5630,125
12:38:58.676,sleep,15292,544,8334,16793,13,95,60.0,0.0,No,2400,2400,0,5645,125
12:38:59.676,sleep,15288,518,7658,16791,10,95,60.0,-0.0,No,2400,2400,0,5643,125
12:39:00.676,sleep,15288,510,7812,16791,9,95,59.5,-0.0,No,2400,2400,0,5640,125
12:39:01.676,sleep,15294,476,8218,16791,8,95,59.0,0.0,No,2400,2400,0,5640,125
12:39:02.676,sleep,15286,406,6230,16793,10,95,57.3,0.0,No,1500,2400,0,5648,125
12:39:03.676,sleep,15292,432,6596,16793,17,95,57.3,-0.0,No,1500,2400,0,5659,125
12:39:04.676,sleep,15286,508,7792,16793,16,95,56.8,-0.0,No,1500,2400,0,5665,125
12:39:05.676,sleep,15283,502,6866,16793,17,95,55.6,0.3,No,1500,2400,0,5664,125
12:39:06.676,sleep,15283,482,7368,16793,18,95,56.8,-0.0,No,1500,2400,0,5663,125
12:39:07.676,sleep,15283,330,8198,16793,14,95,55.6,0.0,No,1500,2400,0,5662,125
12:39:08.676,sleep,15283,408,6250,16793,11,95,55.6,0.0,No,1500,2400,0,5664,125
12:39:09.676,sleep,15288,370,5304,16793,12,95,55.1,-0.0,No,1500,2400,0,4269,75
12:39:10.676,sleep,15290,564,8642,16793,15,95,54.0,0.0,No,1500,2400,0,3589,75
12:39:11.676,sleep,15288,394,5768,16793,12,95,53.5,-0.0,No,1500,2400,0,3490,75
12:39:12.676,active,15299,468,7176,16789,0,95,58.4,56.2,No,2400,2400,0,3440,75
12:39:13.676,active,15301,438,6712,16789,-8,95,59.5,48.3,No,2400,2400,0,3417,75
12:39:14.676,active,15290,460,7060,16790,-8,95,59.0,47.8,No,2400,2400,0,3414,75
12:39:15.681,active,15301,548,8392,16791,0,95,59.5,48.2,No,2400,2400,0,3401,75
12:39:16.676,active,15294,486,7466,16789,0,95,60.6,48.0,No,2400,2400,0,4594,125
12:39:17.676,active,15290,1008,12288,16789,0,95,60.0,48.7,No,2400,2400,0,5497,125
12:39:18.676,active,15301,660,10128,16789,-5,95,60.6,48.9,No,2400,2400,0,5558,125
12:39:19.676,active,15303,492,13446,16790,0,95,61.7,48.8,No,2400,2400,0,5558,125
12:39:20.676,active,15232,794,12134,16789,-3,95,62.2,52.2,No,2400,2400,0,5564,125
12:39:21.677,active,15320,470,7214,16789,-4,95,60.0,45.6,No,2400,2400,0,5558,125
12:39:22.677,active,15309,594,9124,16789,0,95,61.7,47.2,No,2400,2400,0,5556,125
12:39:23.676,active,15352,434,6654,16790,0,95,60.6,46.3,No,2400,2400,0,5552,125
12:39:24.676,active,15329,504,7736,16790,0,95,61.7,46.7,No,2400,2400,0,5568,125
12:39:25.676,active,15331,486,7484,16790,0,95,63.4,49.1,No,2400,2400,0,5566,125
12:39:26.676,active,15290,678,10378,16790,0,95,63.9,47.7,No,2400,2400,0,5567,125
12:39:27.676,active,15322,522,8738,16789,-3,95,62.8,50.5,No,2400,2400,0,5561,125
12:39:28.682,active,15305,628,9644,16790,0,95,62.8,51.5,No,2400,2400,0,5561,125
12:39:29.676,active,15311,544,7678,16790,0,95,62.2,51.8,No,2400,2400,0,5559,125
12:39:30.676,active,15283,828,12694,16789,0,95,62.8,52.1,No,2400,2400,0,5558,125
12:39:31.676,active,15288,708,10860,16790,0,95,62.2,51.1,No,2400,2400,0,5564,125
12:39:32.676,active,15275,844,12924,16790,0,95,63.9,50.5,No,2400,2400,0,5565,125
12:39:33.677,active,15281,720,11054,16790,0,95,63.9,51.4,No,2400,2400,0,5568,125
12:39:34.676,active,15305,666,10224,16790,0,95,63.4,49.9,No,2400,2400,0,5565,125
12:39:35.676,active,15283,760,11632,16790,0,95,63.4,50.8,No,2400,2400,0,5562,125
12:39:36.679,active,15283,844,12944,16790,4,95,63.4,51.4,No,2400,2400,0,5568,125
12:39:37.676,active,15275,718,11014,16790,5,95,62.8,47.6,No,2400,2400,0,5594,125
12:39:38.676,active,15286,854,13078,16790,4,95,63.4,47.9,No,2400,2400,0,5580,125
12:39:39.676,active,15314,616,9432,16792,5,95,62.8,48.2,No,2400,2400,0,5587,125
12:39:40.676,active,15296,516,11236,16791,5,95,63.9,47.8,No,2400,2400,0,5585,125
12:39:41.676,active,15296,744,11400,16790,5,95,63.4,49.0,No,2400,2400,0,5582,125
12:39:42.677,active,15303,502,7696,16790,0,95,62.8,47.3,No,2400,2400,0,5598,125
12:39:43.679,active,15296,750,11478,16790,8,95,63.4,47.3,No,2400,2400,0,5587,125
12:39:44.676,active,15258,592,9046,16791,9,95,62.8,49.1,No,2400,2400,0,5572,125
12:39:45.676,active,15303,696,10668,16791,3,95,63.4,49.2,No,2400,2400,0,5574,125
12:39:46.676,active,15260,714,10918,16791,0,95,63.9,49.7,No,2400,2400,0,5575,125
12:39:47.676,active,15277,644,9722,16790,5,95,63.9,46.3,No,2400,2400,0,5590,125
12:39:48.676,active,15314,770,8392,16791,0,95,63.4,45.8,No,2400,2400,0,5587,125
12:39:49.677,active,15301,554,8506,16791,11,95,63.9,46.0,No,2400,2400,0,5590,125
12:39:50.676,active,15314,518,7966,16791,11,95,64.5,46.5,No,2400,2400,0,5593,125
12:39:51.676,active,15305,520,7986,16790,4,95,62.8,47.0,No,2400,2400,0,5590,125
12:39:52.676,active,15324,436,6712,16791,4,95,62.8,47.2,No,2400,2400,0,5589,125
12:39:53.676,active,15341,548,8410,16791,6,95,62.2,46.4,No,2400,2400,0,5585,125
12:39:54.676,active,15299,470,7214,16790,5,95,63.9,47.9,No,2400,2400,0,5586,125
12:39:55.680,active,15324,544,8352,16792,6,95,63.4,51.0,No,2400,2400,0,5589,125
12:39:56.677,active,15311,552,8468,16792,5,95,62.8,49.5,No,2400,2400,0,5588,125
12:39:57.676,active,15273,832,12732,16791,3,95,63.4,48.2,No,2400,2400,0,5589,125
12:39:58.676,active,15275,790,13350,16791,4,95,63.4,49.4,No,2400,2400,0,5593,125
12:39:59.676,active,15273,846,12964,16791,5,95,63.9,49.1,No,2400,2400,0,5599,125
12:40:00.677,active,15273,896,10648,16789,0,95,64.5,49.3,No,2400,2400,0,5605,125
12:40:01.679,active,15266,858,13156,16791,0,95,63.9,48.5,No,2400,2400,0,5613,125
12:40:02.676,active,15283,874,10668,16791,4,95,63.9,47.2,No,2400,2400,0,5592,125
12:40:03.680,active,15281,634,9722,16790,0,95,64.5,49.5,No,2400,2400,0,5593,125
12:40:04.676,active,15281,778,9618,16790,4,95,63.4,48.6,No,2400,2400,0,5580,125
12:40:05.676,active,15286,744,11420,16790,4,95,63.9,49.6,No,2400,2400,0,5597,125
12:40:06.676,active,15294,462,11652,16791,6,95,63.9,49.4,No,2400,2400,0,5599,125
12:40:07.677,active,15249,696,10648,16791,0,95,64.5,49.3,No,2400,2400,0,5590,125
12:40:08.680,active,15301,628,10898,16790,0,95,63.4,48.6,No,2400,2400,0,5604,125
12:40:09.676,active,15296,728,11130,16790,0,95,62.8,47.9,No,2400,2400,0,5599,125
12:40:10.681,active,15262,662,11664,16790,0,95,62.2,47.5,No,2400,2400,0,5598,125
12:40:11.676,active,15264,788,12038,16789,0,95,62.8,47.9,No,2400,2400,0,5592,125
12:40:12.676,sleep,15292,516,7908,16793,12,95,59.5,6.3,No,2400,2400,0,5646,125
12:40:13.676,sleep,15290,558,8546,16793,14,95,60.0,0.5,No,2400,2400,0,5653,125
12:40:14.676,sleep,15286,566,8662,16792,12,95,59.5,-0.0,No,2400,2400,0,5640,125
12:40:15.676,sleep,15286,566,8680,16792,12,95,58.4,0.0,No,2400,2400,0,5643,125
12:40:16.676,sleep,15292,482,8198,16792,14,95,58.4,-0.0,No,2400,2400,0,5643,125
12:40:17.676,sleep,15283,470,7194,16794,15,95,57.3,0.0,No,1500,2400,0,5651,125
12:40:18.676,sleep,15283,408,8218,16794,17,95,57.3,-0.0,No,1500,2400,0,5644,125
12:40:19.676,sleep,15286,442,6770,16793,18,95,56.2,0.5,No,1500,2400,0,5650,125
12:40:20.676,sleep,15286,466,7138,16793,14,95,56.2,0.0,No,1500,2400,0,5667,125
12:40:21.676,sleep,15286,424,6500,16793,15,95,55.1,0.0,No,1500,2400,0,5649,125
12:40:22.676,sleep,15290,498,7658,16793,18,95,55.1,0.0,No,1500,2400,0,5652,125
12:40:23.676,sleep,15286,492,7542,16793,18,95,54.5,0.0,No,1500,2400,0,5659,125
12:40:24.676,sleep,15288,452,6308,16795,20,95,55.1,-0.0,No,1500,2400,0,5673,125
12:40:25.676,sleep,15290,426,6538,16794,18,95,55.1,-0.0,No,1500,2400,0,5659,125
12:40:26.676,sleep,15286,550,8430,16793,13,95,54.5,0.0,No,1500,2400,0,5647,125
12:40:27.676,active,15277,612,9394,16791,6,95,58.4,53.0,No,2400,2400,0,4020,75
12:40:28.676,active,15271,688,10532,16790,0,95,59.0,48.6,No,2400,2400,0,3521,75
12:40:29.676,active,15281,550,8448,16792,0,95,60.0,50.0,No,2400,2400,0,3434,75
12:40:30.676,active,15309,634,9722,16791,0,95,59.5,48.7,No,2400,2400,0,5083,125
12:40:31.676,active,15305,444,6828,16791,0,95,59.5,47.2,No,2400,2400,0,5558,125
12:40:32.676,active,15299,736,11284,16790,0,95,60.6,49.7,No,2400,2400,0,5590,125
12:40:33.676,active,15305,830,12674,16789,0,95,60.6,47.1,No,2400,2400,0,5590,125
12:40:34.676,active,15264,622,13214,16790,-3,95,62.2,49.7,No,2400,2400,0,5586,125
12:40:35.676,active,15314,824,12616,16790,0,95,60.6,48.0,No,2400,2400,0,5588,125
12:40:36.677,active,15268,694,12146,16791,0,95,62.2,49.7,No,2400,2400,0,5577,125
12:40:37.676,active,15283,770,11786,16790,0,95,61.7,48.2,No,2400,2400,0,5590,125
12:40:38.676,active,15249,778,11882,16790,0,95,61.1,47.7,No,2400,2400,0,5581,125
12:40:39.676,active,15251,786,12038,16791,0,95,62.2,51.3,No,2400,2400,0,5589,125
12:40:40.676,active,15258,904,13812,16791,0,95,62.2,51.1,No,2400,2400,0,5592,125
12:40:41.676,active,15256,820,12558,16793,4,95,62.8,50.0,No,2400,2400,0,5587,125
12:40:42.679,active,15305,684,7542,16792,4,95,62.8,51.0,No,2400,2400,0,5583,125
12:40:43.676,active,15322,510,7832,16791,0,95,62.8,51.9,No,2400,2400,0,5583,125
12:40:44.677,active,15357,566,8506,16790,4,95,62.2,53.3,No,2400,2400,0,5586,125
12:40:45.682,active,15309,538,8256,16792,3,95,62.2,53.1,No,2400,2400,0,5583,125
12:40:46.676,active,15299,452,7504,16792,6,95,61.7,49.1,No,2400,2400,0,5588,125
12:40:47.676,active,15314,530,8140,16791,4,95,63.4,47.0,No,2400,2400,0,5594,125
12:40:48.676,active,15305,532,7716,16790,0,95,63.4,48.6,No,2400,2400,0,5590,125
12:40:49.676,active,15311,518,7928,16789,0,95,63.9,48.1,No,2400,2400,0,5589,125
12:40:50.676,active,15301,492,9610,16790,0,95,62.8,47.2,No,2400,2400,0,5594,125
12:40:51.676,active,15281,670,10262,16792,4,95,63.4,47.6,No,2400,2400,0,5598,125
12:40:52.682,active,15275,872,13484,16792,4,95,62.8,49.2,No,2400,2400,0,5589,125
12:40:53.676,active,15262,948,14526,16790,0,95,63.4,48.7,No,2400,2400,0,5599,125
12:40:54.676,active,15279,830,11112,16791,3,95,63.4,48.1,No,2400,2400,0,5599,125
12:40:55.676,active,15279,656,10050,16791,8,95,63.9,48.7,No,2400,2400,0,5593,125
12:40:56.676,active,15283,848,11702,16791,5,95,62.8,48.2,No,2400,2400,0,5598,125
12:40:57.676,active,15283,480,7388,16791,0,95,63.9,45.7,No,2400,2400,0,5594,125
12:40:58.679,active,15305,556,8546,16791,0,95,62.8,45.6,No,2400,2400,0,5598,125
12:40:59.676,active,15275,574,8796,16790,0,95,62.2,46.1,No,2400,2400,0,5599,125
12:41:00.676,active,15249,508,7812,16791,4,95,63.4,46.4,No,2400,2400,0,5602,125
12:41:01.676,active,15271,716,10956,16790,4,95,63.9,46.9,No,2400,2400,0,5595,125
12:41:02.676,active,15264,698,11324,16791,0,95,63.9,46.8,No,2400,2400,0,5601,125
12:41:03.677,active,15283,652,9972,16790,0,95,63.9,47.0,No,2400,2400,0,5605,125
12:41:04.677,active,15268,702,12732,16790,0,95,63.9,48.8,No,2400,2400,0,5598,125
12:41:05.680,active,15256,758,11612,16790,0,95,63.9,50.3,No,2400,2400,0,5605,125
12:41:06.676,active,15258,782,12452,16791,3,95,62.8,48.5,No,2400,2400,0,5626,125
12:41:07.676,active,15279,880,13446,16791,0,95,63.4,49.4,No,2400,2400,0,5623,125
12:41:08.676,active,15251,840,12848,16791,0,95,62.2,48.7,No,2400,2400,0,5600,125
12:41:09.676,active,15316,844,12906,16791,0,95,65.5,48.9,No,2400,2400,0,5609,125
12:41:10.676,active,15316,484,8448,16791,0,95,63.4,48.7,No,2400,2400,0,5602,125
12:41:11.677,active,15303,492,7562,16790,0,95,63.4,48.5,No,2400,2400,0,5605,125
12:41:12.676,active,15307,510,7272,16790,0,95,63.4,48.2,No,2400,2400,0,5606,125
12:41:13.676,active,15296,532,8178,16791,0,95,62.8,48.7,No,2400,2400,0,5608,125
12:41:14.676,active,15305,558,7638,16790,0,95,63.4,48.9,No,2400,2400,0,5599,125
12:41:15.676,active,15314,568,8718,16790,3,95,63.9,48.6,No,2400,2400,0,5594,125
12:41:16.680,active,15301,450,8834,16793,6,95,63.9,48.5,No,2400,2400,0,5594,125
12:41:17.681,active,15294,688,10552,16792,4,95,63.4,48.4,No,2400,2400,0,5600,125
12:41:18.676,active,15273,504,10300,16789,0,95,63.9,49.3,No,2400,2400,0,5609,125
12:41:19.682,active,15307,560,8604,16789,0,95,61.7,48.8,No,2400,2400,0,5600,125
12:41:20.676,active,15275,256,7620,16791,0,95,63.9,47.8,No,2400,2400,0,5605,125
12:41:21.676,active,15350,526,8102,16791,0,95,63.4,47.9,No,2400,2400,0,5611,125
12:41:22.676,active,15281,684,7716,16793,6,95,63.4,48.5,No,2400,2400,0,5613,125
12:41:23.676,active,15329,570,8758,16792,7,95,63.9,48.5,No,2400,2400,0,5608,125
12:41:24.676,active,15341,546,8604,16790,0,95,63.4,47.2,No,2400,2400,0,5601,125
12:41:25.680,active,15316,554,8526,16790,0,95,62.2,46.9,No,2400,2400,0,5609,125
12:41:26.677,active,15331,542,7310,16790,0,95,63.4,47.4,No,2400,2400,0,5593,125
12:41:27.676,sleep,15283,510,8006,16793,7,95,60.6,9.3,No,2400,2400,0,5645,125
12:41:28.676,sleep,15288,432,6616,16793,11,95,60.0,0.0,No,2400,2400,0,5649,125
12:41:29.676,sleep,15279,572,8758,16792,10,95,59.5,-0.0,No,2400,2400,0,5648,125
12:41:30.676,sleep,15283,508,7792,16791,9,95,58.4,0.0,No,2400,2400,0,5642,125
12:41:31.676,sleep,15288,432,6616,16793,9,95,59.0,0.0,No,2400,2400,0,5646,125
12:41:32.676,sleep,15283,370,7292,16794,12,95,56.8,0.0,No,1500,2400,0,5657,125
12:41:33.676,sleep,15288,574,8796,16793,14,95,56.8,-0.0,No,1500,2400,0,5674,125
12:41:34.676,sleep,15288,406,6424,16792,13,95,56.2,0.0,No,1500,2400,0,5676,125
12:41:35.676,sleep,15281,408,6250,16792,10,95,55.6,0.0,No,1500,2400,0,5650,125
12:41:36.676,sleep,15283,502,6154,16792,15,95,55.1,0.0,No,1500,2400,0,5643,125
12:41:37.676,sleep,15286,420,6442,16794,13,95,55.1,0.3,No,1500,2400,0,5655,125
12:41:38.676,sleep,15294,346,5304,16794,12,95,54.5,-0.0,No,1500,2400,0,5472,75
12:41:39.676,sleep,15288,404,6212,16794,11,95,54.5,0.5,No,1500,2400,0,3788,75
12:41:40.676,sleep,15286,458,7040,16794,15,95,54.5,0.3,No,1500,2400,0,3516,75
12:41:41.676,sleep,15292,302,4630,16793,11,95,55.6,-0.0,No,1500,2400,0,3467,75
12:41:42.676,active,15294,750,11458,16791,3,95,57.9,48.5,No,2400,2400,0,3434,75
12:41:43.680,active,15273,568,8718,16792,0,95,59.5,49.9,No,2400,2400,0,3418,75
12:41:44.676,active,15292,602,13002,16791,0,95,60.6,49.7,No,2400,2400,0,3403,75
12:41:45.681,active,15247,722,11034,16790,0,95,59.5,47.6,No,2400,2400,0,3394,75
12:41:46.680,active,15307,454,6982,16789,-3,95,59.5,46.9,No,2400,2400,0,3397,75
12:41:47.676,active,15335,504,7736,16790,-8,95,60.6,48.5,No,2400,2400,0,5272,125
12:41:48.676,active,15273,646,9916,16790,-3,95,61.1,53.2,No,2400,2400,0,5545,125
12:41:49.676,active,15281,736,11284,16791,-4,95,61.7,51.8,No,2400,2400,0,5554,125
12:41:50.679,active,15305,466,7156,16790,-6,95,62.2,52.3,No,2400,2400,0,5551,125
12:41:51.676,active,15275,858,13136,16790,-7,95,62.8,53.7,No,2400,2400,0,5549,125
12:41:52.681,active,15277,540,8294,16790,0,95,62.8,51.1,No,2400,2400,0,5550,125
12:41:53.677,active,15307,630,9664,16790,0,95,62.2,51.7,No,2400,2400,0,5540,125
12:41:54.676,active,15249,710,10880,16790,0,95,61.7,51.8,No,2400,2400,0,5556,125
12:41:55.676,active,15294,738,12848,16790,0,95,62.2,54.2,No,2400,2400,0,5540,125
12:41:56.676,active,15258,864,13214,16791,0,95,62.2,46.8,No,2400,2400,0,5548,125
12:41:57.676,active,15260,880,13176,16791,3,95,62.8,46.9,No,2400,2400,0,5554,125
12:41:58.676,active,15279,840,12848,16791,0,95,62.8,47.3,No,2400,2400,0,5548,125
12:41:59.679,active,15262,834,12558,16790,0,95,62.2,48.0,No,2400,2400,0,5553,125
12:42:00.676,active,15279,884,13542,16789,0,95,62.2,49.1,No,2400,2400,0,5553,125
12:42:01.676,active,15273,822,12654,16789,0,95,62.8,46.9,No,2400,2400,0,5559,125
12:42:02.676,active,15258,846,12964,16789,0,95,63.4,49.9,No,2400,2400,0,5553,125
12:42:03.676,active,15303,756,11594,16791,0,95,63.9,50.1,No,2400,2400,0,5568,125
12:42:04.676,active,15301,516,7908,16792,0,95,63.4,50.0,No,2400,2400,0,5555,125
12:42:05.676,active,15296,754,11536,16789,0,95,62.8,47.7,No,2400,2400,0,5569,125
12:42:06.678,active,15238,782,11940,16789,-7,95,62.2,48.0,No,2400,2400,0,5574,125
12:42:07.676,active,15307,624,10320,16789,0,95,62.8,46.8,No,2400,2400,0,5573,125
12:42:08.676,active,15262,706,10822,16790,0,95,62.8,46.9,No,2400,2400,0,5579,125
12:42:09.676,active,15281,608,12230,16789,0,95,62.2,46.6,No,2400,2400,0,5577,125
12:42:10.676,active,15279,716,10956,16789,0,95,62.8,46.8,No,2400,2400,0,5582,125
12:42:11.676,active,15241,722,9086,16790,0,95,63.4,46.1,No,2400,2400,0,5578,125
12:42:12.676,active,15324,528,7352,16790,-3,95,63.9,47.5,No,2400,2400,0,5586,125
12:42:13.677,active,15279,672,10320,16789,-4,95,63.4,52.4,No,2400,2400,0,5572,125
12:42:14.677,active,15333,562,8622,16790,-3,95,62.8,50.5,No,2400,2400,0,5582,125
12:42:15.676,active,15354,506,7774,16788,-4,95,62.8,49.5,No,2400,2400,0,5585,125
12:42:16.676,active,15299,532,8160,16789,0,95,62.8,47.4,No,2400,2400,0,5573,125
12:42:17.676,active,15348,528,8120,16789,0,95,63.9,48.5,No,2400,2400,0,5573,125
12:42:18.679,active,15333,490,7542,16790,0,95,64.5,48.5,No,2400,2400,0,5577,125
12:42:19.676,active,15309,530,8140,16791,0,95,65.0,47.0,No,2400,2400,0,5589,125
12:42:20.678,active,15303,540,8276,16791,0,95,62.8,48.2,No,2400,2400,0,5588,125
12:42:21.676,active,15268,766,11748,16789,0,95,64.5,48.9,No,2400,2400,0,5592,125
12:42:22.676,active,15275,834,10456,16789,0,95,63.4,49.5,No,2400,2400,0,5582,125
12:42:23.676,active,15268,772,11824,16789,0,95,62.8,49.0,No,2400,2400,0,5577,125
12:42:24.676,active,15271,846,12210,16791,0,95,63.9,48.7,No,2400,2400,0,5591,125
12:42:25.680,active,15277,674,10340,16791,0,95,63.9,48.6,No,2400,2400,0,5591,125
12:42:26.676,active,15279,896,10662,16790,0,95,63.9,48.5,No,2400,2400,0,5593,125
12:42:27.676,active,15279,826,12674,16790,0,95,63.4,48.6,No,2400,2400,0,5583,125
12:42:28.677,active,15275,742,8034,16790,0,95,63.4,48.9,No,2400,2400,0,5594,125
12:42:29.676,active,15305,518,7966,16790,0,95,63.4,48.1,No,2400,2400,0,5585,125
12:42:30.676,active,15279,684,10938,16790,0,95,63.4,47.9,No,2400,2400,0,5593,125
12:42:31.676,active,15232,846,12924,16788,-4,95,63.9,47.9,No,2400,2400,0,5604,125
12:42:32.676,active,15262,644,11882,16790,0,95,63.9,47.1,No,2400,2400,0,5598,125
12:42:33.676,active,15247,830,12694,16789,0,95,62.8,47.0,No,2400,2400,0,5580,125
12:42:34.676,active,15247,798,13426,16790,0,95,62.8,46.6,No,2400,2400,0,5605,125
12:42:35.677,active,15256,844,12906,16791,0,95,62.8,47.0,No,2400,2400,0,5590,125
12:42:36.676,active,15258,850,13850,16792,4,95,63.4,48.9,No,2400,2400,0,5576,125
12:42:37.676,active,15266,826,12654,16790,0,95,63.4,47.6,No,2400,2400,0,5591,125
12:42:38.676,active,15260,822,13176,16791,0,95,63.9,48.1,No,2400,2400,0,5601,125
12:42:39.676,active,15307,536,8236,16791,3,95,63.4,49.2,No,2400,2400,0,5599,125
12:42:40.676,active,15303,526,8064,16791,0,95,63.9,47.7,No,2400,2400,0,5603,125
12:42:41.676,active,15296,460,7060,16791,5,95,63.4,48.3,No,2400,2400,0,5600,125
12:42:42.676,sleep,15290,504,7716,16792,7,95,60.6,12.4,No,2400,2400,0,5633,125
12:42:43.676,sleep,15292,546,8372,16792,11,95,60.6,0.0,No,2400,2400,0,5640,125
12:42:44.676,sleep,15294,488,6268,16792,9,95,59.0,0.0,No,2400,2400,0,5641,125
12:42:45.676,sleep,15288,512,7850,16793,12,95,58.4,0.0,No,2400,2400,0,5646,125
12:42:46.676,sleep,15290,456,8622,16792,8,95,59.0,-0.0,No,2400,2400,0,5646,125
12:42:47.676,sleep,15292,568,8718,16791,6,95,57.3,0.0,No,1500,2400,0,5645,125
12:42:48.676,sleep,15283,474,7252,16793,11,95,56.8,0.0,No,1500,2400,0,5658,125
12:42:49.676,sleep,15281,382,5864,16793,13,95,55.6,0.7,No,1500,2400,0,5651,125
12:42:50.676,sleep,15288,444,6790,16793,12,95,56.2,-0.0,No,1500,2400,0,5648,125
12:42:51.676,sleep,15286,514,7890,16792,9,95,55.6,0.0,No,1500,2400,0,5658,125
12:42:52.676,sleep,15286,530,8140,16791,6,95,55.6,0.0,No,1500,2400,0,5662,125
12:42:53.676,sleep,15286,506,7754,16792,6,95,54.5,-0.0,No,1500,2400,0,5653,125
12:42:54.676,sleep,15283,470,7214,16793,12,95,55.1,0.0,No,1500,2400,0,4780,75
12:42:55.676,sleep,15288,338,5188,16794,14,95,54.0,0.0,No,1500,2400,0,3664,75
12:42:56.676,sleep,15288,594,8082,16793,13,95,54.5,0.0,No,1500,2400,0,3494,75
12:42:57.676,active,15251,730,12962,16790,4,95,59.0,46.0,No,2400,2400,0,3434,75
12:42:58.676,active,15258,814,12462,16790,0,95,59.5,50.4,No,2400,2400,0,3400,75
12:42:59.676,active,15275,648,9916,16790,-3,95,60.0,53.9,No,2400,2400,0,3404,75
12:43:00.676,active,15251,692,10610,16790,-8,95,61.1,51.8,No,2400,2400,0,3751,125
12:43:01.681,active,15258,852,13040,16790,-4,95,60.6,50.6,No,2400,2400,0,5428,125
12:43:02.676,active,15281,724,11092,16789,-9,95,60.6,51.8,No,2400,2400,0,5559,125
12:43:03.676,active,15288,678,10378,16789,-4,95,61.7,51.4,No,2400,2400,0,5565,125
12:43:04.676,active,15273,800,12250,16788,-6,95,61.7,52.4,No,2400,2400,0,5560,125
12:43:05.676,active,15279,784,12018,16788,-9,95,62.2,50.1,No,2400,2400,0,5560,125
12:43:06.676,active,15322,440,6752,16790,-7,95,62.8,47.7,No,2400,2400,0,5566,125
12:43:07.681,active,15301,462,9146,16789,-7,95,61.7,48.2,No,2400,2400,0,5564,125
12:43:08.676,active,15318,444,6810,16788,-7,95,62.2,47.3,No,2400,2400,0,5558,125
12:43:09.679,active,15299,540,8294,16788,-9,95,62.8,49.0,No,2400,2400,0,5585,125
12:43:10.676,active,15303,458,7022,16789,-4,95,61.7,48.1,No,2400,2400,0,5580,125
12:43:11.676,active,15294,546,8372,16790,0,95,62.2,49.4,No,2400,2400,0,5592,125
12:43:12.676,active,15299,744,11382,16790,0,95,62.8,49.5,No,2400,2400,0,5572,125
12:43:13.676,active,15299,604,9260,16790,-4,95,63.4,50.1,No,2400,2400,0,5565,125
12:43:14.676,active,15301,718,10996,16789,-4,95,62.8,48.0,No,2400,2400,0,5562,125
12:43:15.677,active,15279,910,7040,16789,-7,95,63.4,47.6,No,2400,2400,0,5567,125
12:43:16.676,active,15311,710,10898,16790,-10,95,62.2,46.4,No,2400,2400,0,5568,125
12:43:17.676,active,15309,726,6906,16790,-4,95,62.8,46.5,No,2400,2400,0,5571,125
12:43:18.676,active,15322,560,8604,16790,-5,95,61.7,46.4,No,2400,2400,0,5572,125
12:43:19.676,active,15307,710,7194,16790,0,95,63.4,46.8,No,2400,2400,0,5576,125
12:43:20.676,active,15324,514,7908,16790,0,95,62.8,46.1,No,2400,2400,0,5573,125
12:43:21.676,active,15346,546,7716,16790,0,95,62.8,45.6,No,2400,2400,0,5582,125
12:43:22.682,active,15307,578,8874,16790,0,95,63.4,47.4,No,2400,2400,0,5582,125
12:43:23.677,active,15309,556,7600,16789,0,95,62.2,46.9,No,2400,2400,0,5593,125
12:43:24.676,active,15266,740,11342,16789,-3,95,62.8,47.7,No,2400,2400,0,5602,125
12:43:25.676,active,15256,882,13504,16790,0,95,62.8,49.9,No,2400,2400,0,5582,125
12:43:26.676,active,15256,832,12732,16789,-3,95,63.9,49.9,No,2400,2400,0,5592,125
12:43:27.679,active,15273,824,12636,16790,-6,95,63.9,49.8,No,2400,2400,0,5593,125
12:43:28.676,active,15279,850,13022,16790,-4,95,63.9,48.2,No,2400,2400,0,5578,125
12:43:29.679,active,15273,832,12732,16791,0,95,62.8,48.5,No,2400,2400,0,5580,125
12:43:30.676,active,15266,820,12538,16789,0,95,62.8,48.0,No,2400,2400,0,5583,125
12:43:31.676,active,15268,886,13580,16789,0,95,62.8,49.8,No,2400,2400,0,5590,125
12:43:32.676,active,15279,840,12848,16791,0,95,62.8,49.7,No,2400,2400,0,5594,125
12:43:33.676,active,15294,524,8024,16791,0,95,63.4,49.0,No,2400,2400,0,5591,125
12:43:34.680,active,15299,462,7098,16790,0,95,63.9,49.3,No,2400,2400,0,5591,125
12:43:35.676,active,15301,784,11980,16791,4,95,62.2,47.6,No,2400,2400,0,5594,125
12:43:36.676,active,15301,580,8892,16790,0,95,63.4,48.6,No,2400,2400,0,5586,125
12:43:37.676,active,15296,774,11844,16790,0,95,62.8,48.4,No,2400,2400,0,5586,125
12:43:38.676,active,15238,846,12944,16791,0,95,62.8,48.3,No,2400,2400,0,5590,125
12:43:39.676,active,15271,832,12732,16790,0,95,63.4,47.9,No,2400,2400,0,5602,125
12:43:40.676,active,15243,734,11226,16790,0,95,63.9,47.9,No,2400,2400,0,5595,125
12:43:41.676,active,15264,858,13118,16789,0,95,63.9,47.8,No,2400,2400,0,5593,125
12:43:42.681,active,15337,576,7658,16791,0,95,64.5,48.1,No,2400,2400,0,5592,125
12:43:43.676,active,15309,492,7562,16791,0,95,62.8,47.6,No,2400,2400,0,5598,125
12:43:44.676,active,15331,534,8160,16790,-3,95,62.8,47.6,No,2400,2400,0,5601,125
12:43:45.676,active,15305,486,7446,16789,-6,95,62.8,48.0,No,2400,2400,0,5594,125
12:43:46.676,active,15307,474,7986,16789,-4,95,62.8,48.5,No,2400,2400,0,5586,125
12:43:47.676,active,15322,558,8564,16789,0,95,63.4,47.1,No,2400,2400,0,5593,125
12:43:48.676,active,15301,488,7870,16790,0,95,63.4,48.4,No,2400,2400,0,5597,125
12:43:49.676,active,15303,428,6558,16790,0,95,62.8,48.9,No,2400,2400,0,5598,125
12:43:50.681,active,15303,556,7658,16790,0,95,62.8,48.0,No,2400,2400,0,5603,125
12:43:51.676,active,15281,876,13406,16790,0,95,62.8,48.0,No,2400,2400,0,5608,125
12:43:52.676,active,15281,814,10648,16790,0,95,62.8,48.9,No,2400,2400,0,5600,125
12:43:53.676,active,15314,652,10012,16789,0,95,63.4,48.7,No,2400,2400,0,5603,125
12:43:54.676,active,15283,868,7678,16791,0,95,63.4,48.8,No,2400,2400,0,5606,125
12:43:55.676,active,15305,686,10532,16789,0,95,63.9,48.1,No,2400,2400,0,5610,125
12:43:56.676,active,15277,778,7292,16790,0,95,63.4,48.7,No,2400,2400,0,5607,125
12:43:57.676,sleep,15290,518,7948,16791,5,95,61.1,15.9,No,2400,2400,0,5622,125
12:43:58.676,sleep,15292,506,7638,16792,14,95,60.6,0.7,No,2400,2400,0,5623,125
12:43:59.676,sleep,15290,538,8236,16794,16,95,59.5,0.3,No,2400,2400,0,5638,125
12:44:00.676,sleep,15294,454,6964,16793,11,95,59.0,0.0,No,2400,2400,0,5638,125
12:44:01.676,sleep,15288,438,6712,16792,11,95,57.9,-0.0,No,2400,2400,0,5634,125
12:44:02.676,sleep,15294,474,7252,16792,13,95,56.8,0.0,No,1500,2400,0,5640,125
12:44:03.676,sleep,15286,542,8294,16793,16,95,56.8,-0.0,No,1500,2400,0,5650,125
12:44:04.676,sleep,15292,424,6500,16793,18,95,56.8,0.0,No,1500,2400,0,5650,125
12:44:05.676,sleep,15281,430,6596,16794,16,95,56.2,-0.0,No,1500,2400,0,5646,125
12:44:06.676,sleep,15286,452,7388,16793,14,95,55.6,0.0,No,1500,2400,0,5648,125
12:44:07.676,sleep,15283,516,7908,16792,14,95,55.6,-0.0,No,1500,2400,0,5646,125
12:44:08.676,sleep,15281,394,5728,16792,12,95,55.6,0.0,No,1500,2400,0,5658,125
12:44:09.676,sleep,15290,398,8162,16793,12,95,55.1,-0.0,No,1500,2400,0,4282,75
12:44:10.676,sleep,15279,550,8430,16794,17,95,54.5,-0.0,No,1500,2400,0,3603,75
12:44:11.676,sleep,15286,454,5428,16794,18,95,54.0,0.0,No,1500,2400,0,3496,75
12:44:12.676,active,15354,406,6250,16790,7,95,56.8,44.6,No,2400,2400,0,3453,75
12:44:13.676,active,15305,566,8700,16790,0,95,59.0,51.4,No,2400,2400,0,3420,75
12:44:14.676,active,15311,430,6596,16790,0,95,60.6,50.9,No,2400,2400,0,3404,75
12:44:15.676,active,15294,468,7176,16791,0,95,60.6,47.6,No,2400,2400,0,3404,75
12:44:16.676,active,15292,452,6924,16792,0,95,60.0,46.6,No,2400,2400,0,3416,75
12:44:17.680,active,15277,486,7466,16790,-3,95,60.0,47.0,No,2400,2400,0,4484,125
12:44:18.676,active,15277,722,11054,16791,0,95,60.6,48.1,No,2400,2400,0,5475,125
12:44:19.676,active,15279,904,8874,16791,3,95,60.6,48.1,No,2400,2400,0,5545,125
12:44:20.676,active,15279,782,11960,16791,0,95,61.7,50.5,No,2400,2400,0,5552,125
12:44:21.676,active,15305,644,7716,16791,0,95,62.2,49.2,No,2400,2400,0,5552,125
12:44:22.676,active,15329,546,8392,16790,-3,95,62.2,49.2,No,2400,2400,0,5552,125
12:44:23.677,active,15286,732,7928,16789,-3,95,62.2,48.5,No,2400,2400,0,5552,125
12:44:24.677,active,15357,478,7368,16789,-4,95,62.2,47.8,No,2400,2400,0,5550,125
12:44:25.676,active,15322,506,8758,16789,-7,95,62.8,45.3,No,2400,2400,0,5551,125
12:44:26.676,active,15266,662,12944,16790,-4,95,62.2,46.7,No,2400,2400,0,5554,125
12:44:27.676,active,15266,792,12114,16789,-5,95,61.7,47.2,No,2400,2400,0,5546,125
12:44:28.676,active,15305,588,9028,16790,-3,95,62.2,46.6,No,2400,2400,0,5552,125
12:44:29.676,active,15266,810,12384,16790,-3,95,62.8,46.6,No,2400,2400,0,5558,125
12:44:30.681,active,15271,824,12636,16789,-5,95,62.8,46.1,No,2400,2400,0,5559,125
12:44:31.676,active,15277,892,13638,16789,-4,95,62.2,46.8,No,2400,2400,0,5573,125
12:44:32.676,active,15279,778,10404,16790,0,95,62.2,50.3,No,2400,2400,0,5560,125
12:44:33.676,active,15264,770,11786,16790,-7,95,62.2,50.5,No,2400,2400,0,5557,125
12:44:34.676,active,15262,822,12066,16791,0,95,62.8,50.1,No,2400,2400,0,5554,125
12:44:35.676,active,15299,510,7812,16790,-3,95,63.9,49.7,No,2400,2400,0,5567,125
12:44:36.676,active,15301,548,8816,16789,-3,95,63.4,48.5,No,2400,2400,0,5561,125
12:44:37.676,active,15301,566,8700,16790,0,95,63.4,48.0,No,2400,2400,0,5567,125
12:44:38.680,active,15301,510,11014,16790,-3,95,63.4,48.5,No,2400,2400,0,5566,125
12:44:39.676,active,15275,644,9876,16791,0,95,62.2,48.7,No,2400,2400,0,5568,125
12:44:40.676,active,15299,480,11034,16791,-3,95,62.8,48.7,No,2400,2400,0,5572,125
12:44:41.676,active,15262,702,10726,16791,0,95,63.4,49.5,No,2400,2400,0,5576,125
12:44:42.677,active,15275,716,12018,16791,3,95,63.4,49.6,No,2400,2400,0,5577,125
12:44:43.680,active,15247,830,12674,16789,0,95,63.9,47.8,No,2400,2400,0,5567,125
12:44:44.680,active,15281,486,7504,16790,-3,95,63.4,48.2,No,2400,2400,0,5583,125
12:44:45.680,active,15350,602,9278,16790,0,95,62.8,47.9,No,2400,2400,0,5586,125
12:44:46.676,active,15311,528,8120,16790,0,95,62.8,48.2,No,2400,2400,0,5584,125
12:44:47.676,active,15337,472,7252,16790,0,95,63.4,49.8,No,2400,2400,0,5582,125
12:44:48.676,active,15341,514,7890,16790,0,95,62.8,49.0,No,2400,2400,0,5585,125
12:44:49.676,active,15305,518,7948,16790,0,95,63.4,48.2,No,2400,2400,0,5583,125
12:44:50.676,active,15337,484,7446,16790,0,95,64.5,47.1,No,2400,2400,0,5590,125
12:44:51.676,active,15307,446,8620,16790,0,95,63.4,47.5,No,2400,2400,0,5587,125
12:44:52.680,active,15309,540,8294,16790,-4,95,63.4,47.6,No,2400,2400,0,5587,125
12:44:53.676,active,15281,756,13678,16789,-3,95,62.8,48.2,No,2400,2400,0,5582,125
12:44:54.676,active,15277,810,12424,16790,0,95,63.4,48.7,No,2400,2400,0,5591,125
12:44:55.676,active,15279,840,11498,16790,-6,95,63.9,50.0,No,2400,2400,0,5597,125
12:44:56.676,active,15281,678,10398,16790,-7,95,63.9,47.6,No,2400,2400,0,5595,125
12:44:57.676,active,15279,924,9722,16789,0,95,63.9,46.9,No,2400,2400,0,5594,125
12:44:58.676,active,15311,680,10436,16789,-3,95,63.4,47.8,No,2400,2400,0,5595,125
12:44:59.680,active,15314,708,8758,16789,0,95,63.9,48.3,No,2400,2400,0,5598,125
12:45:00.676,active,15322,540,8294,16791,0,95,62.8,48.2,No,2400,2400,0,5591,125
12:45:01.676,active,15305,600,7850,16790,0,95,62.2,48.8,No,2400,2400,0,5582,125
12:45:02.676,active,15279,634,11514,16790,0,95,63.4,48.7,No,2400,2400,0,5600,125
12:45:03.676,active,15262,878,13446,16790,0,95,62.8,49.0,No,2400,2400,0,5604,125
12:45:04.676,active,15232,804,12780,16790,0,95,63.4,48.3,No,2400,2400,0,5599,125
12:45:05.676,active,15258,892,13638,16789,0,95,63.4,48.4,No,2400,2400,0,5605,125
12:45:06.681,active,15241,918,12488,16791,0,95,63.4,48.9,No,2400,2400,0,5594,125
12:45:07.676,active,15230,892,13678,16790,0,95,62.2,50.0,No,2400,2400,0,5600,125
12:45:08.676,active,15266,848,12726,16790,3,95,62.8,50.7,No,2400,2400,0,5602,125
12:45:09.676,active,15253,864,13214,16789,0,95,62.8,46.1,No,2400,2400,0,5601,125
12:45:10.677,active,15286,742,11362,16790,0,95,64.5,47.6,No,2400,2400,0,5598,125
12:45:11.676,active,15296,546,8372,16790,0,95,63.9,47.8,No,2400,2400,0,5600,125
12:45:12.676,sleep,15296,480,8622,16791,0,95,60.6,20.3,No,2400,2400,0,5624,125
12:45:13.676,sleep,15294,458,7022,16791,7,95,59.5,-0.0,No,2400,2400,0,5635,125
12:45:14.676,sleep,15290,554,7716,16792,10,95,59.5,0.0,No,2400,2400,0,5638,125
12:45:15.676,sleep,15290,518,7948,16792,9,95,58.4,-0.0,No,2400,2400,0,5635,125
12:45:16.676,sleep,15286,532,5998,16791,11,95,57.9,0.0,No,2400,2400,0,5635,125
12:45:17.676,sleep,15281,370,5690,16793,15,95,56.8,0.0,No,1500,2400,0,5642,125
12:45:18.676,sleep,15288,366,6172,16792,11,95,56.2,0.0,No,1500,2400,0,5652,125
12:45:19.676,sleep,15286,452,6668,16793,11,95,55.1,-0.0,No,1500,2400,0,5644,125
12:45:20.676,sleep,15288,498,7638,16794,15,95,56.8,0.0,No,1500,2400,0,5643,125
12:45:21.676,sleep,15283,532,5600,16793,12,95,55.1,0.3,No,1500,2400,0,5650,125
12:45:22.676,sleep,15288,504,7736,16793,10,95,55.1,-0.0,No,1500,2400,0,5660,125
12:45:23.676,sleep,15288,426,6520,16792,9,95,54.5,-0.0,No,1500,2400,0,5657,125
12:45:24.676,sleep,15290,554,8488,16792,11,95,54.0,0.0,No,1500,2400,0,3984,75
12:45:25.676,sleep,15288,370,5670,16793,11,95,54.5,0.3,No,1500,2400,0,3551,75
12:45:26.676,sleep,15283,354,5440,16793,11,95,54.5,-0.0,No,1500,2400,0,3472,75
12:45:27.676,active,15329,494,7580,16790,3,95,57.3,39.1,No,2400,2400,0,3434,75
12:45:28.676,active,15303,612,9374,16789,-7,95,57.9,47.2,No,2400,2400,0,3420,75
12:45:29.676,active,15273,594,12752,16789,-7,95,59.0,49.5,No,2400,2400,0,3403,75
12:45:30.676,active,15279,618,9472,16790,-8,95,60.6,49.7,No,2400,2400,0,5065,125
12:45:31.676,active,15283,632,14256,16789,-7,95,61.1,48.1,No,2400,2400,0,5539,125
12:45:32.681,active,15268,830,12712,16788,-7,95,60.6,48.7,No,2400,2400,0,5581,125
12:45:33.676,active,15277,782,12442,16788,-6,95,62.2,47.7,No,2400,2400,0,5577,125
12:45:34.678,active,15266,770,11768,16788,-6,95,60.0,48.7,No,2400,2400,0,5566,125
12:45:35.676,active,15251,858,12944,16790,-9,95,61.1,47.5,No,2400,2400,0,5560,125
12:45:36.676,active,15268,834,12770,16790,-8,95,61.7,47.5,No,2400,2400,0,5564,125
12:45:37.677,active,15309,516,7928,16789,-8,95,62.2,45.8,No,2400,2400,0,5568,125
12:45:38.676,active,15301,526,8082,16790,-5,95,61.7,46.1,No,2400,2400,0,5566,125
12:45:39.676,active,15305,562,8604,16788,-8,95,61.7,45.1,No,2400,2400,0,5573,125
12:45:40.676,active,15292,576,8834,16789,-5,95,61.1,45.7,No,2400,2400,0,5576,125
12:45:41.678,active,15301,776,11864,16790,-5,95,61.7,46.8,No,2400,2400,0,5575,125
12:45:42.676,active,15277,586,8990,16790,0,95,62.2,52.8,No,2400,2400,0,5567,125
12:45:43.676,active,15266,678,10378,16790,0,95,61.7,51.8,No,2400,2400,0,5572,125
12:45:44.676,active,15260,660,10088,16790,0,95,63.4,49.1,No,2400,2400,0,5572,125
12:45:45.676,active,15264,778,11902,16790,0,95,62.8,49.2,No,2400,2400,0,5567,125
12:45:46.677,active,15322,476,7002,16789,-3,95,61.7,48.5,No,2400,2400,0,5573,125
12:45:47.677,active,15309,510,7832,16789,-5,95,62.2,46.6,No,2400,2400,0,5580,125
12:45:48.676,active,15322,520,7408,16788,-6,95,61.7,48.9,No,2400,2400,0,5574,125
12:45:49.676,active,15354,460,7080,16789,-3,95,62.2,48.0,No,2400,2400,0,5580,125
12:45:50.676,active,15346,486,6848,16789,0,95,63.9,49.5,No,2400,2400,0,5588,125
12:45:51.676,active,15339,476,7310,16790,-3,95,63.9,50.0,No,2400,2400,0,5589,125
12:45:52.676,active,15311,544,7832,16790,0,95,63.4,47.6,No,2400,2400,0,5591,125
12:45:53.679,active,15335,532,8178,16790,-5,95,62.8,48.6,No,2400,2400,0,5586,125
12:45:54.677,active,15305,544,8024,16789,-3,95,61.7,49.3,No,2400,2400,0,5584,125
12:45:55.676,active,15268,786,12018,16789,-3,95,62.2,48.6,No,2400,2400,0,5590,125
12:45:56.676,active,15268,1012,12038,16789,-5,95,62.8,49.5,No,2400,2400,0,5593,125
12:45:57.676,active,15273,830,12694,16789,-4,95,63.4,49.4,No,2400,2400,0,5590,125
12:45:58.676,active,15279,344,7620,16789,0,95,63.4,48.2,No,2400,2400,0,5612,125
12:45:59.678,active,15279,922,14120,16789,-5,95,63.4,48.4,No,2400,2400,0,5601,125
12:46:00.677,active,15277,518,10128,16789,0,95,63.4,48.2,No,2400,2400,0,5597,125
12:46:01.677,active,15283,782,11960,16789,-5,95,62.8,48.2,No,2400,2400,0,5604,125
12:46:02.676,active,15318,450,7658,16789,-4,95,62.2,48.1,No,2400,2400,0,5600,125
12:46:03.676,active,15305,672,10320,16788,-5,95,62.2,48.5,No,2400,2400,0,5575,125
12:46:04.676,active,15294,788,12038,16789,-3,95,62.8,49.5,No,2400,2400,0,5597,125
12:46:05.676,active,15277,596,12366,16789,0,95,63.4,47.9,No,2400,2400,0,5587,125
12:46:06.676,active,15258,782,11960,16789,-4,95,62.8,47.6,No,2400,2400,0,5594,125
12:46:07.676,active,15258,786,12288,16789,-4,95,62.8,48.2,No,2400,2400,0,5593,125
12:46:08.676,active,15245,860,13176,16788,-3,95,62.2,47.8,No,2400,2400,0,5597,125
12:46:09.676,active,15253,890,12404,16789,-4,95,62.2,48.7,No,2400,2400,0,5586,125
12:46:10.676,active,15230,810,12404,16791,0,95,62.2,48.9,No,2400,2400,0,5601,125
12:46:11.676,active,15264,850,12462,16792,3,95,62.8,48.7,No,2400,2400,0,5595,125
12:46:12.676,active,15307,546,8392,16789,0,95,63.4,48.6,No,2400,2400,0,5601,125
12:46:13.676,active,15309,512,8334,16789,0,95,63.4,48.4,No,2400,2400,0,5602,125
12:46:14.676,active,15305,554,8488,16790,0,95,62.8,48.0,No,2400,2400,0,5601,125
12:46:15.683,active,15299,588,7580,16790,0,95,61.7,47.6,No,2400,2400,0,5602,125
12:46:16.676,active,15299,486,7446,16792,3,95,62.8,48.6,No,2400,2400,0,5599,125
12:46:17.676,active,15296,506,8102,16791,3,95,62.8,53.2,No,2400,2400,0,5600,125
12:46:18.676,active,15301,462,7098,16790,0,95,62.8,45.9,No,2400,2400,0,5598,125
12:46:19.676,active,15296,552,10012,16788,-4,95,63.4,47.2,No,2400,2400,0,5599,125
12:46:20.678,active,15296,440,6770,16789,0,95,63.4,46.3,No,2400,2400,0,5599,125
12:46:21.676,active,15279,826,12654,16790,0,95,63.4,48.1,No,2400,2400,0,5601,125
12:46:22.679,active,15307,724,11112,16789,0,95,62.2,47.1,No,2400,2400,0,5592,125
12:46:23.676,active,15296,502,7736,16789,0,95,63.4,47.3,No,2400,2400,0,5613,125
12:46:24.676,active,15354,530,8178,16789,0,95,63.9,50.8,No,2400,2400,0,5603,125
12:46:25.676,active,15320,496,7638,16789,0,95,63.9,48.0,No,2400,2400,0,5615,125
12:46:26.676,active,15333,500,7696,16789,-4,95,63.4,48.6,No,2400,2400,0,5598,125
12:46:27.676,sleep,15292,484,7426,16790,0,95,61.1,19.9,No,2400,2400,0,5634,125
12:46:28.676,sleep,15294,638,9780,16790,6,95,60.0,0.0,No,2400,2400,0,5636,125
12:46:29.676,sleep,15288,472,7252,16792,13,95,59.0,0.3,No,2400,2400,0,5631,125
12:46:30.676,sleep,15283,508,7466,16791,12,95,58.4,0.0,No,2400,2400,0,5636,125
12:46:31.676,sleep,15288,468,7156,16792,10,95,58.4,0.0,No,2400,2400,0,5643,125
12:46:32.676,sleep,15288,500,6520,16793,8,95,56.8,0.0,No,1500,2400,0,5649,125
12:46:33.676,sleep,15281,488,7484,16793,16,95,56.8,0.0,No,1500,2400,0,5653,125
12:46:34.676,sleep,15283,422,5536,16792,12,95,56.8,0.0,No,1500,2400,0,5650,125
12:46:35.676,sleep,15286,490,7504,16791,11,95,56.2,0.0,No,1500,2400,0,5651,125
12:46:36.676,sleep,15288,404,6674,16792,12,95,56.2,-0.0,No,1500,2400,0,5645,125
12:46:37.676,sleep,15286,330,5072,16793,14,95,55.6,0.3,No,1500,2400,0,5653,125
12:46:38.676,sleep,15288,342,5286,16793,13,95,55.1,0.0,No,1500,2400,0,5655,125
12:46:39.676,sleep,15286,392,5998,16793,12,95,55.1,-0.0,No,1500,2400,0,5555,75
12:46:40.676,sleep,15290,330,5072,16792,14,95,55.1,0.0,No,1500,2400,0,3805,75
12:46:41.676,sleep,15292,334,5130,16792,13,95,54.5,0.0,No,1500,2400,0,3518,75
12:46:42.676,active,15296,726,11072,16790,3,95,57.3,34.9,No,2400,2400,0,3446,75
12:46:43.676,active,15299,572,8776,16790,-4,95,59.0,48.6,No,2400,2400,0,3417,75
12:46:44.676,active,15294,644,9858,16790,0,95,59.0,46.9,No,2400,2400,0,3414,75
12:46:45.676,active,15279,692,10610,16790,0,95,60.0,46.7,No,2400,2400,0,3405,75
12:46:46.676,active,15264,782,11980,16790,0,95,60.6,45.9,No,2400,2400,0,3409,75
12:46:47.676,active,15223,712,10860,16790,0,95,60.6,44.7,No,2400,2400,0,5257,125
12:46:48.676,active,15329,480,7368,16790,0,95,60.6,45.7,No,2400,2400,0,5551,125
12:46:49.676,active,15307,700,8276,16790,0,95,60.6,46.0,No,2400,2400,0,5569,125
12:46:50.676,active,15324,454,6982,16790,0,95,60.6,46.3,No,2400,2400,0,5558,125
12:46:51.676,active,15309,762,8120,16790,0,95,61.1,50.4,No,2400,2400,0,5553,125
12:46:52.676,active,15307,516,7928,16791,0,95,61.7,50.4,No,2400,2400,0,5557,125
12:46:53.679,active,15316,516,8352,16790,0,95,62.2,49.0,No,2400,2400,0,5563,125
12:46:54.676,active,15318,522,8024,16789,0,95,61.7,48.4,No,2400,2400,0,5562,125
12:46:55.679,active,15311,494,8044,16789,0,95,62.2,48.5,No,2400,2400,0,5547,125
12:46:56.676,active,15303,450,6924,16791,0,95,61.1,48.1,No,2400,2400,0,5556,125
12:46:57.676,active,15266,878,13446,16791,0,95,62.2,48.4,No,2400,2400,0,5561,125
12:46:58.676,active,15273,850,13022,16790,0,95,62.8,49.2,No,2400,2400,0,5558,125
12:46:59.676,active,15273,852,13040,16789,0,95,62.8,48.5,No,2400,2400,0,5560,125
12:47:00.680,active,15275,810,12404,16789,0,95,63.4,48.0,No,2400,2400,0,5563,125
12:47:01.676,active,15271,898,13774,16790,0,95,63.4,48.1,No,2400,2400,0,5572,125
12:47:02.678,active,15281,832,12732,16791,0,95,61.7,48.4,No,2400,2400,0,5577,125
12:47:03.678,active,15299,434,7040,16791,0,95,62.2,48.0,No,2400,2400,0,5573,125
12:47:04.676,active,15314,696,10686,16791,3,95,61.7,48.5,No,2400,2400,0,5568,125
12:47:05.676,active,15307,502,7368,16789,0,95,62.8,49.1,No,2400,2400,0,5571,125
12:47:06.676,active,15260,730,10164,16790,0,95,63.4,48.5,No,2400,2400,0,5582,125
12:47:07.676,active,15303,878,13406,16791,0,95,63.4,48.7,No,2400,2400,0,5576,125
12:47:08.676,active,15268,654,10012,16791,0,95,62.8,48.1,No,2400,2400,0,5565,125
12:47:09.680,active,15258,812,12424,16790,3,95,63.9,48.1,No,2400,2400,0,5572,125
12:47:10.677,active,15256,774,11824,16790,0,95,62.2,47.2,No,2400,2400,0,5585,125
12:47:11.676,active,15247,806,12326,16791,3,95,62.2,48.5,No,2400,2400,0,5576,125
12:47:12.676,active,15253,812,12404,16791,0,95,62.8,47.9,No,2400,2400,0,5579,125
12:47:13.676,active,15230,890,13620,16792,0,95,63.4,47.7,No,2400,2400,0,5582,125
12:47:14.676,active,15258,846,12944,16791,0,95,63.4,48.0,No,2400,2400,0,5581,125
12:47:15.676,active,15326,480,7350,16790,3,95,64.5,47.0,No,2400,2400,0,5578,125
12:47:16.676,active,15303,454,7716,16790,0,95,62.8,46.7,No,2400,2400,0,5579,125
12:47:17.683,active,15314,552,8468,16791,0,95,62.2,48.6,No,2400,2400,0,5579,125
12:47:18.676,active,15305,486,7466,16790,0,95,62.2,48.2,No,2400,2400,0,5581,125
12:47:19.676,active,15299,462,7080,16791,0,95,62.8,49.2,No,2400,2400,0,5589,125
12:47:20.676,active,15299,460,8340,16791,0,95,62.8,49.5,No,2400,2400,0,5583,125
12:47:21.676,active,15303,440,6752,16790,0,95,63.9,48.7,No,2400,2400,0,5588,125
12:47:22.676,active,15299,512,9642,16790,0,95,62.8,48.0,No,2400,2400,0,5579,125
12:47:23.676,active,15314,458,7022,16789,-6,95,62.8,48.1,No,2400,2400,0,5585,125
12:47:24.677,active,15279,878,8738,16789,-6,95,61.7,48.2,No,2400,2400,0,5590,125
12:47:25.676,active,15309,550,8448,16789,-3,95,62.2,48.4,No,2400,2400,0,5598,125
12:47:26.676,active,15288,708,7754,16790,0,95,62.8,50.2,No,2400,2400,0,5594,125
12:47:27.680,active,15288,754,11554,16789,0,95,63.4,53.0,No,2400,2400,0,5576,125
12:47:28.676,active,15283,646,8024,16791,0,95,63.4,46.6,No,2400,2400,0,5579,125
12:47:29.676,active,15333,526,8082,16790,-3,95,63.4,46.0,No,2400,2400,0,5573,125
12:47:30.677,active,15299,738,10398,16790,-5,95,63.4,51.8,No,2400,2400,0,5579,125
12:47:31.676,active,15307,502,7696,16789,0,95,63.4,48.7,No,2400,2400,0,5581,125
12:47:32.676,active,15273,654,11458,16789,0,95,62.8,48.5,No,2400,2400,0,5566,125
12:47:33.676,active,15271,560,8564,16789,0,95,63.4,48.0,No,2400,2400,0,5586,125
12:47:34.676,active,15273,898,13792,16790,-3,95,63.4,49.1,No,2400,2400,0,5593,125
12:47:35.676,active,15266,718,10976,16790,-5,95,64.5,50.4,No,2400,2400,0,5593,125
12:47:36.681,active,15256,1000,13194,16789,0,95,63.9,51.4,No,2400,2400,0,5598,125
12:47:37.677,active,15281,722,11054,16790,-3,95,63.9,51.9,No,2400,2400,0,5593,125
12:47:38.676,active,15279,750,11574,16788,-4,95,63.4,51.9,No,2400,2400,0,5586,125
12:47:39.676,active,15290,720,11054,16790,0,95,63.9,50.8,No,2400,2400,0,5599,125
12:47:40.676,active,15266,888,13040,16789,-5,95,65.0,50.0,No,2400,2400,0,5599,125
12:47:41.676,active,15326,514,7908,16789,-4,95,63.9,50.1,No,2400,2400,0,5585,125
12:47:42.676,sleep,15292,450,6906,16790,0,95,61.1,25.1,No,2400,2400,0,5615,125
12:47:43.676,sleep,15286,432,6616,16791,6,95,59.5,0.0,No,2400,2400,0,5627,125
12:47:44.676,sleep,15290,468,7156,16791,10,95,59.5,0.0,No,2400,2400,0,5640,125
12:47:45.676,sleep,15286,530,8140,16791,10,95,57.9,-0.0,No,2400,2400,0,5636,125
12:47:46.676,sleep,15290,492,7542,16793,14,95,58.4,-0.0,No,2400,2400,0,5648,125
12:47:47.676,sleep,15288,394,6038,16793,14,95,57.9,0.0,No,1500,2400,0,5648,125
12:47:48.676,sleep,15281,354,5420,16793,16,95,56.2,0.0,No,1500,2400,0,5650,125
12:47:49.676,sleep,15288,354,5440,16792,16,95,56.2,-0.0,No,1500,2400,0,5649,125
12:47:50.676,sleep,15290,436,6694,16792,15,95,55.6,-0.0,No,1500,2400,0,5649,125
12:47:51.676,sleep,15290,350,6482,16794,15,95,56.2,0.0,No,1500,2400,0,5644,125
12:47:52.676,sleep,15283,378,5786,16794,14,95,54.5,0.0,No,1500,2400,0,5649,125
12:47:53.676,sleep,15283,376,8052,16793,13,95,54.5,-0.0,No,1500,2400,0,5659,125
12:47:54.676,sleep,15292,492,7542,16792,13,95,54.5,0.0,No,1500,2400,0,4813,75
12:47:55.676,sleep,15290,408,6250,16793,13,95,55.1,0.0,No,1500,2400,0,3671,75
12:47:56.676,sleep,15283,286,4378,16793,15,95,53.5,-0.0,No,1500,2400,0,3481,75
12:47:57.680,active,15348,504,7754,16791,8,95,57.9,34.0,No,2400,2400,0,3438,75
12:47:58.677,active,15354,568,8738,16790,-3,95,59.5,46.0,No,2400,2400,0,3424,75
12:47:59.676,active,15279,610,12018,16789,-4,95,59.0,46.5,No,2400,2400,0,3419,75
12:48:00.676,active,15258,910,13928,16790,0,95,59.5,47.8,No,2400,2400,0,3726,125
12:48:01.676,active,15262,810,12018,16790,0,95,61.1,49.4,No,2400,2400,0,5429,125
12:48:02.676,active,15262,882,13504,16789,0,95,61.1,45.5,No,2400,2400,0,5562,125
12:48:03.676,active,15273,788,13696,16790,0,95,61.7,48.5,No,2400,2400,0,5564,125
12:48:04.678,active,15292,828,12674,16789,-4,95,61.1,48.4,No,2400,2400,0,5562,125
12:48:05.677,active,15281,800,10590,16789,0,95,60.6,48.9,No,2400,2400,0,5555,125
12:48:06.676,active,15268,840,12866,16789,-3,95,61.1,49.1,No,2400,2400,0,5551,125
12:48:07.676,active,15288,650,8418,16790,0,95,59.5,47.5,No,2400,2400,0,5548,125
12:48:08.677,active,15303,458,7040,16791,0,95,61.7,48.6,No,2400,2400,0,5560,125
12:48:09.680,active,15296,496,11226,16790,0,95,62.8,46.7,No,2400,2400,0,5561,125
12:48:10.676,active,15303,636,9760,16791,0,95,62.2,47.1,No,2400,2400,0,5560,125
12:48:11.678,active,15303,490,12462,16790,0,95,61.7,48.0,No,2400,2400,0,5564,125
12:48:12.676,active,15253,846,12924,16790,0,95,62.2,48.4,No,2400,2400,0,5564,125
12:48:13.676,active,15266,536,9606,16789,-4,95,61.7,48.9,No,2400,2400,0,5564,125
12:48:14.676,active,15260,636,9742,16790,-3,95,62.2,49.1,No,2400,2400,0,5564,125
12:48:15.676,active,15256,666,10898,16789,-4,95,62.8,48.1,No,2400,2400,0,5569,125
12:48:16.680,active,15251,752,11498,16789,0,95,63.4,47.8,No,2400,2400,0,5567,125
12:48:17.676,active,15348,494,7600,16790,0,95,62.2,47.0,No,2400,2400,0,5568,125
12:48:18.676,active,15329,480,7368,16791,0,95,62.2,47.6,No,2400,2400,0,5568,125
12:48:19.677,active,15326,546,8392,16790,3,95,62.2,47.4,No,2400,2400,0,5575,125
12:48:20.676,active,15318,448,6866,16790,0,95,62.8,48.6,No,2400,2400,0,5577,125
12:48:21.676,active,15314,506,7754,16790,0,95,62.2,47.5,No,2400,2400,0,5576,125
12:48:22.676,active,15301,510,7832,16790,0,95,63.9,47.2,No,2400,2400,0,5579,125
12:48:23.676,active,15318,426,6538,16791,-3,95,64.5,47.0,No,2400,2400,0,5579,125
12:48:24.676,active,15305,546,8372,16791,0,95,62.2,47.7,No,2400,2400,0,5582,125
12:48:25.677,active,15301,486,7466,16790,0,95,62.2,47.0,No,2400,2400,0,5585,125
12:48:26.676,active,15277,812,10262,16790,0,95,61.7,47.5,No,2400,2400,0,5583,125
12:48:27.676,active,15273,674,10340,16790,0,95,62.2,49.0,No,2400,2400,0,5578,125
12:48:28.676,active,15281,868,8218,16791,0,95,62.8,49.0,No,2400,2400,0,5573,125
12:48:29.676,active,15275,626,9626,16790,0,95,62.8,48.8,No,2400,2400,0,5584,125
12:48:30.676,active,15279,744,8044,16790,3,95,62.2,48.8,No,2400,2400,0,5603,125
12:48:31.676,active,15273,764,11728,16790,6,95,62.8,48.3,No,2400,2400,0,5586,125
12:48:32.676,active,15303,730,8064,16790,0,95,62.8,48.0,No,2400,2400,0,5586,125
12:48:33.676,active,15316,490,7542,16791,3,95,61.7,48.2,No,2400,2400,0,5584,125
12:48:34.676,active,15303,588,8622,16789,0,95,62.8,49.2,No,2400,2400,0,5598,125
12:48:35.676,active,15230,794,12134,16790,0,95,63.4,49.5,No,2400,2400,0,5594,125
12:48:36.676,active,15225,928,13156,16790,0,95,63.4,52.0,No,2400,2400,0,5606,125
12:48:37.676,active,15251,822,12558,16791,0,95,63.9,45.4,No,2400,2400,0,5591,125
12:48:38.681,active,15260,930,12944,16791,0,95,62.8,45.5,No,2400,2400,0,5591,125
12:48:39.680,active,15260,858,13118,16791,3,95,62.2,46.6,No,2400,2400,0,5594,125
12:48:40.676,active,15256,818,10822,16790,4,95,62.2,48.0,No,2400,2400,0,5607,125
12:48:41.676,active,15264,872,13350,16791,4,95,62.8,49.5,No,2400,2400,0,5592,125
12:48:42.676,active,15260,876,13040,16791,0,95,62.8,48.5,No,2400,2400,0,5600,125
12:48:43.677,active,15286,736,11266,16791,0,95,63.4,49.6,No,2400,2400,0,5601,125
12:48:44.676,active,15307,538,8236,16790,5,95,63.9,50.1,No,2400,2400,0,5598,125
12:48:45.681,active,15307,554,7716,16790,4,95,63.9,52.4,No,2400,2400,0,5591,125
12:48:46.676,active,15303,538,8276,16790,0,95,63.4,55.3,No,2400,2400,0,5585,125
12:48:47.676,active,15305,492,8816,16791,0,95,62.2,52.2,No,2400,2400,0,5586,125
12:48:48.676,active,15348,514,7870,16791,0,95,63.4,53.9,No,2400,2400,0,5578,125
12:48:49.676,active,15314,486,9028,16790,0,95,62.8,52.5,No,2400,2400,0,5590,125
12:48:50.676,active,15305,572,8776,16788,-6,95,65.0,51.5,No,2400,2400,0,5594,125
12:48:51.676,active,15316,524,10764,16790,0,95,64.5,54.0,No,2400,2400,0,5601,125
12:48:52.683,active,15279,786,9318,16791,0,95,63.4,51.3,No,2400,2400,0,5591,125
12:48:53.677,active,15290,462,7098,16790,0,95,62.8,46.5,No,2400,2400,0,5592,125
12:48:54.676,active,15307,670,10282,16790,0,95,62.8,48.8,No,2400,2400,0,5598,125
12:48:55.676,active,15283,444,6828,16790,0,95,63.9,48.6,No,2400,2400,0,5590,125
12:48:56.676,active,15309,686,10552,16790,0,95,63.9,49.4,No,2400,2400,0,5600,125
12:48:57.676,sleep,15288,478,7330,16791,0,95,61.1,26.1,No,2400,2400,0,5620,125
12:48:58.676,sleep,15294,502,7678,16792,9,95,60.6,0.0,No,2400,2400,0,5639,125
12:48:59.676,sleep,15294,550,8448,16792,11,95,59.5,-0.0,No,2400,2400,0,5641,125
12:49:00.676,sleep,15294,466,7156,16791,6,95,58.4,-0.0,No,2400,2400,0,5635,125
12:49:01.676,sleep,15288,492,7522,16792,8,95,57.9,0.0,No,2400,2400,0,5635,125
12:49:02.676,sleep,15288,492,6790,16792,9,95,57.9,0.0,No,1500,2400,0,5635,125
12:49:03.676,sleep,15283,464,7118,16794,14,95,56.8,-0.0,No,1500,2400,0,5643,125
12:49:04.676,sleep,15288,334,6154,16793,14,95,56.2,-0.0,No,1500,2400,0,5652,125
12:49:05.676,sleep,15283,444,6810,16793,12,95,56.2,0.0,No,1500,2400,0,5646,125
12:49:06.676,sleep,15286,476,6538,16793,13,95,55.1,0.0,No,1500,2400,0,5639,125
12:49:07.676,sleep,15283,376,5768,16793,14,95,55.6,-0.0,No,1500,2400,0,5636,125
12:49:08.676,sleep,15281,464,7138,16793,12,95,55.6,-0.0,No,1500,2400,0,5652,125
12:49:09.676,sleep,15288,438,6732,16793,12,95,55.1,0.0,No,1500,2400,0,5658,125
12:49:10.676,sleep,15288,394,6038,16793,12,95,54.0,-0.0,No,1500,2400,0,4354,75
12:49:11.676,sleep,15290,316,7408,16792,9,95,54.5,0.3,No,1500,2400,0,3593,75
12:49:12.680,active,15299,724,11072,16790,5,95,57.9,32.0,No,2400,2400,0,3450,75
12:49:13.676,active,15273,672,12366,16790,-5,95,57.9,50.0,No,2400,2400,0,3407,75
12:49:14.676,active,15299,770,11748,16790,-4,95,57.9,48.5,No,2400,2400,0,3399,75
12:49:15.676,active,15249,634,9896,16789,-5,95,59.5,49.4,No,2400,2400,0,3412,75
12:49:16.676,active,15253,596,9124,16789,-5,95,60.0,48.7,No,2400,2400,0,3414,75
12:49:17.676,active,15247,620,10070,16789,-7,95,61.1,49.1,No,2400,2400,0,3396,75
12:49:18.676,active,15256,772,11824,16788,-10,95,60.0,47.2,No,2400,2400,0,4364,125
12:49:19.680,active,15341,508,7792,16788,-8,95,61.1,48.0,No,2400,2400,0,5471,125
12:49:20.676,active,15316,512,7870,16789,-4,95,61.1,47.5,No,2400,2400,0,5552,125
12:49:21.676,active,15307,490,7522,16789,-4,95,61.1,48.6,No,2400,2400,0,5564,125
12:49:22.676,active,15324,460,7060,16790,0,95,60.0,48.9,No,2400,2400,0,5569,125
12:49:23.676,active,15309,440,6770,16790,-3,95,61.1,48.6,No,2400,2400,0,5569,125
12:49:24.676,active,15303,446,6848,16788,-4,95,61.7,49.1,No,2400,2400,0,5558,125
12:49:25.676,active,15314,476,7310,16790,-4,95,62.8,47.2,No,2400,2400,0,5547,125
12:49:26.681,active,15301,444,6810,16789,-5,95,62.2,49.1,No,2400,2400,0,5548,125
12:49:27.677,active,15275,744,11400,16791,-4,95,62.8,47.6,No,2400,2400,0,5551,125
12:49:28.676,active,15277,888,11188,16791,0,95,61.7,47.7,No,2400,2400,0,5555,125
12:49:29.676,active,15309,730,11208,16791,0,95,61.7,47.6,No,2400,2400,0,5555,125
12:49:30.676,active,15309,668,8662,16790,0,95,62.2,48.5,No,2400,2400,0,5553,125
12:49:31.676,active,15348,498,7678,16791,4,95,62.8,48.2,No,2400,2400,0,5562,125
12:49:32.676,active,15309,722,9182,16791,0,95,62.2,47.4,No,2400,2400,0,5566,125
12:49:33.681,active,15357,568,8738,16790,0,95,63.4,47.4,No,2400,2400,0,5559,125
12:49:34.680,active,15352,530,7928,16791,0,95,61.7,48.5,No,2400,2400,0,5561,125
12:49:35.676,active,15314,526,8064,16790,0,95,61.7,47.5,No,2400,2400,0,5560,125
12:49:36.676,active,15266,824,12616,16790,4,95,62.8,48.9,No,2400,2400,0,5568,125
12:49:37.676,active,15251,854,12828,16791,0,95,63.4,49.4,No,2400,2400,0,5574,125
12:49:38.676,active,15232,764,11710,16790,0,95,63.4,48.5,No,2400,2400,0,5583,125
12:49:39.680,active,15264,796,12616,16789,-4,95,62.8,48.2,No,2400,2400,0,5574,125
12:49:40.676,active,15273,816,12500,16790,0,95,62.2,47.5,No,2400,2400,0,5568,125
12:49:41.680,active,15266,800,13580,16789,0,95,62.2,48.6,No,2400,2400,0,5572,125
12:49:42.676,active,15275,846,12964,16791,0,95,61.1,49.6,No,2400,2400,0,5579,125
12:49:43.676,active,15275,880,11246,16791,0,95,62.2,49.2,No,2400,2400,0,5573,125
12:49:44.676,active,15281,826,12654,16791,0,95,62.2,48.6,No,2400,2400,0,5573,125
12:49:45.676,active,15301,462,7098,16790,3,95,62.2,50.6,No,2400,2400,0,5585,125
12:49:46.676,active,15305,490,9296,16790,0,95,63.4,48.9,No,2400,2400,0,5581,125
12:49:47.676,active,15292,556,8546,16790,-4,95,62.8,45.4,No,2400,2400,0,5589,125
12:49:48.680,active,15299,532,10340,16789,-4,95,61.7,49.2,No,2400,2400,0,5584,125
12:49:49.676,active,15326,568,8718,16788,-6,95,63.9,51.3,No,2400,2400,0,5581,125
12:49:50.676,active,15283,582,13310,16788,-4,95,62.2,46.5,No,2400,2400,0,5586,125
12:49:51.676,active,15299,790,12056,16788,-8,95,63.9,47.8,No,2400,2400,0,5582,125
12:49:52.676,active,15277,780,13696,16790,-4,95,62.8,49.7,No,2400,2400,0,5589,125
12:49:53.676,active,15281,730,11150,16790,-4,95,63.9,47.2,No,2400,2400,0,5582,125
12:49:54.677,active,15307,524,8064,16790,-3,95,63.4,52.4,No,2400,2400,0,5568,125
12:49:55.676,active,15359,516,7928,16789,-3,95,62.8,50.9,No,2400,2400,0,5582,125
12:49:56.676,active,15307,506,7792,16789,-3,95,62.2,50.9,No,2400,2400,0,5585,125
12:49:57.676,active,15305,700,10726,16791,0,95,63.9,54.4,No,2400,2400,0,5576,125
12:49:58.676,active,15309,490,7504,16790,0,95,63.9,51.5,No,2400,2400,0,5583,125
12:49:59.676,active,15309,554,8506,16790,-3,95,63.4,50.8,No,2400,2400,0,5584,125
12:50:00.676,active,15322,542,8334,16790,0,95,63.4,52.2,No,2400,2400,0,5579,125
12:50:01.676,active,15316,484,7446,16789,0,95,62.8,48.4,No,2400,2400,0,5585,125
12:50:02.679,active,15279,758,11612,16790,0,95,62.2,48.7,No,2400,2400,0,5588,125
12:50:03.676,active,15281,796,12520,16791,0,95,62.8,47.2,No,2400,2400,0,5585,125
12:50:04.676,active,15279,856,13098,16790,0,95,63.4,48.6,No,2400,2400,0,5588,125
12:50:05.676,active,15271,872,13406,16789,0,95,63.9,49.1,No,2400,2400,0,5590,125
12:50:06.677,active,15281,860,13194,16789,0,95,64.5,48.0,No,2400,2400,0,5589,125
12:50:07.676,active,15277,818,10514,16790,0,95,63.9,48.5,No,2400,2400,0,5600,125
12:50:08.676,active,15281,846,12964,16790,0,95,63.4,48.9,No,2400,2400,0,5593,125
12:50:09.676,active,15281,612,10552,16790,0,95,62.8,48.7,No,2400,2400,0,5588,125
12:50:10.676,active,15318,714,10976,16789,0,95,63.4,48.2,No,2400,2400,0,5595,125
12:50:11.676,active,15303,514,7870,16788,-4,95,64.5,49.0,No,2400,2400,0,5589,125
12:50:12.676,sleep,15301,494,7324,16790,0,95,61.1,28.5,No,2400,2400,0,5610,125
12:50:13.676,sleep,15301,494,7580,16791,12,95,60.6,-0.0,No,2400,2400,0,5628,125
12:50:14.676,sleep,15294,510,7556,16792,13,95,59.0,0.0,No,2400,2400,0,5623,125
12:50:15.676,sleep,15299,472,7234,16792,11,95,59.0,0.0,No,2400,2400,0,5625,125
12:50:16.676,sleep,15292,612,8606,16791,10,95,58.4,0.3,No,2400,2400,0,5630,125
12:50:17.676,sleep,15294,498,7638,16792,8,95,57.9,0.0,No,1500,2400,0,5627,125
12:50:18.676,sleep,15281,520,6366,16793,12,95,56.8,0.5,No,1500,2400,0,5644,125
12:50:19.676,sleep,15288,444,6810,16793,14,95,56.2,-0.0,No,1500,2400,0,5650,125
12:50:20.676,sleep,15290,414,7156,16791,10,95,56.2,0.0,No,1500,2400,0,5649,125
12:50:21.676,sleep,15294,556,8546,16792,11,95,55.6,-0.0,No,1500,2400,0,5646,125
12:50:22.676,sleep,15296,432,6154,16794,13,95,55.1,0.0,No,1500,2400,0,5644,125
12:50:23.676,sleep,15283,412,6308,16793,10,95,54.5,-0.0,No,1500,2400,0,5642,125
12:50:24.676,sleep,15288,412,4186,16793,16,95,54.5,0.0,No,1500,2400,0,3982,75
12:50:25.676,sleep,15288,544,8334,16793,14,95,54.5,0.0,No,1500,2400,0,3549,75
12:50:26.676,sleep,15283,288,4416,16793,15,95,54.5,-0.0,No,1500,2400,0,3485,75
12:50:27.679,active,15294,406,6230,16792,10,95,57.9,29.3,No,2400,2400,0,3446,75
12:50:28.678,active,15299,784,11998,16791,-6,95,58.4,48.1,No,2400,2400,0,3419,75
12:50:29.677,active,15281,812,7368,16789,-6,95,59.0,48.1,No,2400,2400,0,3418,75
12:50:30.676,active,15279,596,9144,16789,-5,95,59.0,47.1,No,2400,2400,0,3424,75
12:50:31.676,active,15352,518,7908,16790,-5,95,59.5,48.0,No,2400,2400,0,5015,125
12:50:32.676,active,15288,484,7466,16789,-3,95,61.1,48.9,No,2400,2400,0,5525,125
12:50:33.680,active,15311,674,8372,16790,0,95,61.7,48.5,No,2400,2400,0,5561,125
12:50:34.676,active,15337,480,7388,16789,-4,95,61.7,48.9,No,2400,2400,0,5563,125
12:50:35.676,active,15331,554,8120,16789,0,95,60.6,48.0,No,2400,2400,0,5549,125
12:50:36.681,active,15322,456,7002,16789,-4,95,61.7,47.5,No,2400,2400,0,5551,125
12:50:37.676,active,15266,474,7792,16790,0,95,60.6,48.4,No,2400,2400,0,5548,125
12:50:38.676,active,15271,748,11458,16792,0,95,61.1,48.7,No,2400,2400,0,5550,125
12:50:39.676,active,15264,812,12462,16790,0,95,61.7,48.2,No,2400,2400,0,5549,125
12:50:40.676,active,15277,822,12578,16789,-4,95,61.7,48.1,No,2400,2400,0,5550,125
12:50:41.676,active,15264,900,13774,16789,0,95,62.8,47.5,No,2400,2400,0,5556,125
12:50:42.677,active,15281,794,10380,16789,0,95,62.2,47.6,No,2400,2400,0,5552,125
12:50:43.676,active,15268,858,13136,16790,0,95,62.2,48.5,No,2400,2400,0,5560,125
12:50:44.676,active,15275,882,8640,16790,0,95,60.6,47.6,No,2400,2400,0,5557,125
12:50:45.676,active,15277,716,10996,16790,0,95,62.2,48.6,No,2400,2400,0,5562,125
12:50:46.676,active,15296,718,10012,16789,0,95,62.8,49.3,No,2400,2400,0,5565,125
12:50:47.676,active,15281,588,9008,16789,0,95,62.2,48.8,No,2400,2400,0,5565,125
12:50:48.676,active,15296,712,10880,16789,-3,95,62.2,48.1,No,2400,2400,0,5566,125
12:50:49.676,active,15279,724,11072,16790,0,95,62.2,48.2,No,2400,2400,0,5556,125
12:50:50.681,active,15303,842,12848,16789,0,95,62.8,48.5,No,2400,2400,0,5572,125
12:50:51.676,active,15232,896,13696,16790,0,95,61.7,48.0,No,2400,2400,0,5566,125
12:50:52.676,active,15247,786,12018,16790,0,95,61.1,49.5,No,2400,2400,0,5566,125
12:50:53.677,active,15251,840,12848,16790,-4,95,62.2,49.5,No,2400,2400,0,5575,125
12:50:54.676,active,15245,848,13002,16790,-4,95,63.4,49.3,No,2400,2400,0,5576,125
12:50:55.676,active,15318,496,7620,16789,-8,95,63.4,50.0,No,2400,2400,0,5584,125
12:50:56.676,active,15305,498,7638,16790,0,95,62.8,45.6,No,2400,2400,0,5582,125
12:50:57.676,active,15311,704,9240,16789,-4,95,61.1,45.8,No,2400,2400,0,5584,125
12:50:58.676,active,15305,518,7966,16789,0,95,62.2,49.7,No,2400,2400,0,5584,125
12:50:59.676,active,15311,506,7774,16789,-4,95,61.7,50.4,No,2400,2400,0,5581,125
12:51:00.676,active,15341,494,7600,16790,-4,95,63.4,53.5,No,2400,2400,0,5580,125
12:51:01.676,active,15307,474,7272,16789,0,95,63.4,46.7,No,2400,2400,0,5582,125
12:51:02.676,active,15331,486,7484,16789,0,95,63.4,47.3,No,2400,2400,0,5586,125
12:51:03.677,active,15296,700,10706,16789,0,95,63.4,48.9,No,2400,2400,0,5578,125
12:51:04.676,active,15279,726,11014,16788,-4,95,63.4,51.0,No,2400,2400,0,5587,125
12:51:05.676,active,15275,886,13562,16788,-8,95,62.8,50.5,No,2400,2400,0,5590,125
12:51:06.676,active,15279,848,10320,16789,-5,95,62.8,51.3,No,2400,2400,0,5590,125
12:51:07.676,active,15283,846,12982,16788,-4,95,63.9,49.7,No,2400,2400,0,5595,125
12:51:08.676,active,15286,770,12404,16789,-3,95,63.4,53.7,No,2400,2400,0,5581,125
12:51:09.676,active,15307,614,9432,16788,-4,95,63.9,51.9,No,2400,2400,0,5580,125
12:51:10.676,active,15314,704,8564,16789,-6,95,63.4,52.9,No,2400,2400,0,5579,125
12:51:11.676,active,15337,546,8392,16790,-3,95,61.7,48.6,No,2400,2400,0,5592,125
12:51:12.676,active,15281,824,8198,16790,3,95,62.8,47.1,No,2400,2400,0,5597,125
12:51:13.676,active,15277,740,12808,16790,0,95,63.4,48.1,No,2400,2400,0,5591,125
12:51:14.676,active,15249,658,10088,16790,0,95,63.9,49.1,No,2400,2400,0,5589,125
12:51:15.676,active,15303,592,12616,16790,0,95,63.4,48.5,No,2400,2400,0,5584,125
12:51:16.681,active,15273,702,10764,16790,0,95,63.4,49.4,No,2400,2400,0,5583,125
12:51:17.676,active,15281,764,12462,16790,0,95,62.2,47.9,No,2400,2400,0,5587,125
12:51:18.679,active,15283,844,12924,16790,0,95,63.4,48.4,No,2400,2400,0,5587,125
12:51:19.676,active,15266,810,14102,16790,0,95,63.4,49.4,No,2400,2400,0,5599,125
12:51:20.676,active,15273,800,12268,16789,-3,95,63.4,50.0,No,2400,2400,0,5590,125
12:51:21.676,active,15316,504,7716,16789,-7,95,63.4,47.7,No,2400,2400,0,5607,125
12:51:22.676,active,15301,464,7118,16788,-7,95,63.9,47.8,No,2400,2400,0,5594,125
12:51:23.680,active,15309,504,7736,16788,-5,95,62.8,44.8,No,2400,2400,0,5600,125
12:51:24.676,active,15299,538,8236,16788,-5,95,62.2,46.2,No,2400,2400,0,5606,125
12:51:25.678,active,15303,552,8448,16789,0,95,62.8,46.5,No,2400,2400,0,5607,125
12:51:26.676,active,15292,606,9298,16790,-3,95,63.4,46.5,No,2400,2400,0,5607,125
12:51:27.676,sleep,15290,550,8430,16790,-4,95,61.1,30.1,No,2400,2400,0,5616,125
12:51:28.676,sleep,15294,492,7542,16791,9,95,59.5,0.0,No,2400,2400,0,5634,125
12:51:29.676,sleep,15294,540,8276,16791,8,95,60.6,0.0,No,2400,2400,0,5633,125
12:51:30.676,sleep,15292,440,7138,16792,7,95,58.4,0.0,No,2400,2400,0,5644,125
12:51:31.676,sleep,15290,464,7118,16792,6,95,57.9,0.0,No,2400,2400,0,5650,125
12:51:32.676,sleep,15283,432,7754,16792,9,95,57.9,-0.0,No,1500,2400,0,5644,125
12:51:33.676,sleep,15292,540,8276,16793,16,95,56.2,0.0,No,1500,2400,0,5651,125
12:51:34.676,sleep,15283,438,6482,16793,18,95,55.1,0.0,No,1500,2400,0,5651,125
12:51:35.676,sleep,15290,414,6366,16792,15,95,55.1,0.0,No,1500,2400,0,5650,125
12:51:36.676,sleep,15290,452,7022,16793,13,95,55.1,0.0,No,1500,2400,0,5649,125
12:51:37.676,sleep,15286,534,8198,16793,13,95,55.6,-0.0,No,1500,2400,0,5652,125
12:51:38.676,sleep,15283,480,6848,16793,15,95,54.5,0.0,No,1500,2400,0,5643,125
12:51:39.676,sleep,15290,370,5670,16792,14,95,54.0,-0.0,No,1500,2400,0,5579,75
12:51:40.676,sleep,15281,560,8564,16793,15,95,54.0,0.0,No,1500,2400,0,3805,75
12:51:41.676,sleep,15288,244,3742,16793,16,95,54.5,-0.0,No,1500,2400,0,3523,75
12:51:42.676,active,15281,540,8294,16792,9,95,57.9,27.0,No,2400,2400,0,3458,75
12:51:43.680,active,15275,872,13350,16791,0,95,58.4,47.5,No,2400,2400,0,3422,75
12:51:44.676,active,15281,566,8718,16790,0,95,59.5,48.5,No,2400,2400,0,3414,75
12:51:45.676,active,15301,662,10166,16790,-3,95,57.9,48.0,No,2400,2400,0,3405,75
12:51:46.676,active,15273,516,7928,16791,0,95,60.0,48.4,No,2400,2400,0,3414,75
12:51:47.676,active,15309,740,8034,16791,4,95,59.0,48.4,No,2400,2400,0,5246,125
12:51:48.676,active,15245,790,12076,16790,0,95,62.2,48.7,No,2400,2400,0,5543,125
12:51:49.680,active,15279,602,13234,16790,0,95,62.2,48.5,No,2400,2400,0,5565,125
12:51:50.676,active,15243,822,12578,16790,0,95,61.7,47.1,No,2400,2400,0,5565,125
12:51:51.676,active,15266,952,12636,16789,0,95,61.1,48.1,No,2400,2400,0,5549,125
12:51:52.677,active,15258,878,13446,16790,0,95,61.7,47.4,No,2400,2400,0,5552,125
12:51:53.676,active,15262,860,12982,16791,0,95,60.6,47.7,No,2400,2400,0,5548,125
12:51:54.676,active,15266,846,12964,16790,0,95,61.1,48.7,No,2400,2400,0,5551,125
12:51:55.676,active,15258,782,13292,16789,-4,95,61.7,49.0,No,2400,2400,0,5559,125
12:51:56.676,active,15303,534,7194,16790,-6,95,61.1,48.8,No,2400,2400,0,5555,125
12:51:57.676,active,15314,398,6096,16789,-5,95,62.2,48.2,No,2400,2400,0,5553,125
12:51:58.676,active,15305,498,7252,16788,-5,95,60.6,47.8,No,2400,2400,0,5561,125
12:51:59.677,active,15303,524,8044,16790,-3,95,61.1,48.0,No,2400,2400,0,5563,125
12:52:00.676,active,15301,532,9124,16789,-3,95,61.1,48.6,No,2400,2400,0,5564,125
12:52:01.676,active,15303,514,7870,16790,0,95,61.1,48.9,No,2400,2400,0,5560,125
12:52:02.676,active,15301,494,9972,16789,-5,95,61.7,49.4,No,2400,2400,0,5567,125
12:52:03.676,active,15305,500,7678,16790,-4,95,62.2,48.2,No,2400,2400,0,5583,125
12:52:04.676,active,15301,584,13812,16789,0,95,62.2,51.2,No,2400,2400,0,5582,125
12:52:05.676,active,15307,722,11072,16789,0,95,63.4,47.1,No,2400,2400,0,5558,125
12:52:06.676,active,15277,266,6558,16789,0,95,60.6,44.8,No,2400,2400,0,5572,125
12:52:07.676,active,15281,680,10416,16789,-3,95,61.7,49.6,No,2400,2400,0,5580,125
12:52:08.676,active,15281,852,13040,16789,0,95,62.8,48.7,No,2400,2400,0,5575,125
12:52:09.676,active,15344,544,8392,16789,0,95,62.8,46.7,No,2400,2400,0,5578,125
12:52:10.676,active,15348,520,7986,16791,0,95,62.2,47.0,No,2400,2400,0,5576,125
12:52:11.677,active,15331,522,8044,16790,-3,95,62.8,46.1,No,2400,2400,0,5576,125
12:52:12.677,active,15296,786,12056,16790,-3,95,62.2,49.9,No,2400,2400,0,5578,125
12:52:13.676,active,15320,546,8410,16789,0,95,62.2,52.4,No,2400,2400,0,5584,125
12:52:14.676,active,15268,846,12964,16788,0,95,63.4,50.9,No,2400,2400,0,5578,125
12:52:15.676,active,15283,662,12268,16788,-4,95,63.4,52.0,No,2400,2400,0,5563,125
12:52:16.676,active,15260,864,13214,16789,-4,95,63.9,49.2,No,2400,2400,0,5576,125
12:52:17.676,active,15249,824,12848,16789,-4,95,63.4,51.1,No,2400,2400,0,5569,125
12:52:18.676,active,15275,850,13022,16789,0,95,62.8,51.4,No,2400,2400,0,5582,125
12:52:19.677,active,15271,814,12752,16788,-3,95,63.4,51.9,No,2400,2400,0,5580,125
12:52:20.679,active,15277,796,12192,16790,0,95,61.7,52.0,No,2400,2400,0,5595,125
12:52:21.676,active,15275,830,11188,16789,0,95,64.5,49.2,No,2400,2400,0,5594,125
12:52:22.676,active,15271,878,13426,16788,-5,95,63.4,48.5,No,2400,2400,0,5589,125
12:52:23.676,active,15303,608,9318,16788,-6,95,63.4,49.4,No,2400,2400,0,5598,125
12:52:24.676,active,15301,484,8962,16788,-6,95,63.9,48.3,No,2400,2400,0,5594,125
12:52:25.676,active,15303,596,9144,16789,-3,95,62.8,47.6,No,2400,2400,0,5586,125
12:52:26.676,active,15277,600,10974,16790,-4,95,63.4,49.2,No,2400,2400,0,5591,125
12:52:27.676,active,15301,718,10976,16790,0,95,62.8,49.9,No,2400,2400,0,5597,125
12:52:28.676,active,15279,706,9542,16790,0,95,63.9,49.9,No,2400,2400,0,5590,125
12:52:29.676,active,15303,682,10436,16788,-3,95,63.4,48.0,No,2400,2400,0,5593,125
12:52:30.676,active,15241,748,12424,16789,-4,95,63.4,49.0,No,2400,2400,0,5593,125
12:52:31.677,active,15268,748,11458,16789,-3,95,63.4,47.7,No,2400,2400,0,5599,125
12:52:32.676,active,15350,436,7600,16788,0,95,62.8,46.1,No,2400,2400,0,5600,125
12:52:33.676,active,15348,494,7620,16789,0,95,62.2,46.3,No,2400,2400,0,5594,125
12:52:34.676,active,15348,528,8102,16789,0,95,63.9,46.0,No,2400,2400,0,5595,125
12:52:35.676,active,15333,524,8064,16791,4,95,63.4,46.5,No,2400,2400,0,5593,125
12:52:36.676,active,15335,464,7118,16789,0,95,63.9,46.5,No,2400,2400,0,5594,125
12:52:37.676,active,15311,552,8488,16789,-3,95,63.9,46.6,No,2400,2400,0,5587,125
12:52:38.680,active,15307,488,7484,16789,0,95,63.4,46.7,No,2400,2400,0,5595,125
12:52:39.676,active,15309,462,7080,16789,-3,95,63.4,52.9,No,2400,2400,0,5593,125
12:52:40.676,active,15262,838,12828,16790,0,95,62.8,48.4,No,2400,2400,0,5591,125
12:52:41.676,active,15264,808,13078,16789,0,95,61.7,49.0,No,2400,2400,0,5600,125
12:52:42.676,sleep,15290,564,8642,16789,0,95,61.7,36.7,No,2400,2400,0,5610,125
12:52:43.676,sleep,15286,510,7638,16792,12,95,60.6,0.0,No,2400,2400,0,5638,125
12:52:44.676,sleep,15292,496,7620,16793,13,95,59.5,-0.0,No,2400,2400,0,5638,125
12:52:45.676,sleep,15292,532,6848,16792,11,95,58.4,0.0,No,2400,2400,0,5631,125
12:52:46.676,sleep,15292,470,7194,16792,10,95,58.4,0.0,No,2400,2400,0,5635,125
12:52:47.676,sleep,15294,548,7908,16791,8,95,57.9,0.0,No,1500,2400,0,5644,125
12:52:48.676,sleep,15292,452,6924,16793,17,95,56.8,-0.0,No,1500,2400,0,5648,125
12:52:49.676,sleep,15294,416,6384,16793,13,95,56.8,0.0,No,1500,2400,0,5651,125
12:52:50.676,sleep,15290,476,7292,16795,14,95,55.6,0.0,No,1500,2400,0,5648,125
12:52:51.676,sleep,15296,372,5710,16793,12,95,55.1,0.5,No,1500,2400,0,5650,125
12:52:52.676,sleep,15277,472,7234,16792,11,95,55.1,0.0,No,1500,2400,0,5653,125
12:52:53.676,sleep,15290,352,5400,16793,15,95,54.5,-0.0,No,1500,2400,0,4789,75
12:52:54.676,sleep,15283,476,7310,16794,20,95,54.5,0.0,No,1500,2400,0,3670,75
12:52:55.676,sleep,15286,400,6134,16794,19,95,54.5,0.0,No,1500,2400,0,3496,75
12:52:56.676,sleep,15286,376,5768,16794,18,95,54.0,0.0,No,1500,2400,0,3462,75
12:52:57.676,active,15260,820,12558,16793,14,95,56.8,24.0,No,2400,2400,0,3436,75
12:52:58.678,active,15320,478,7832,16790,0,95,59.0,48.1,No,2400,2400,0,3416,75
12:52:59.680,active,15335,536,8218,16791,0,95,59.0,47.9,No,2400,2400,0,3403,75
12:53:00.677,active,15307,472,7792,16791,0,95,59.5,46.7,No,2400,2400,0,3398,75
12:53:01.677,active,15305,468,7176,16790,0,95,59.0,47.7,No,2400,2400,0,3589,125
12:53:02.676,active,15301,462,8970,16790,0,95,59.5,48.4,No,2400,2400,0,5391,125
12:53:03.676,active,15301,494,7580,16790,0,95,60.6,47.9,No,2400,2400,0,5559,125
12:53:04.676,active,15305,518,9588,16790,0,95,61.1,49.4,No,2400,2400,0,5575,125
12:53:05.676,active,15277,586,8970,16790,-3,95,61.7,48.7,No,2400,2400,0,5563,125
12:53:06.676,active,15296,512,12384,16792,0,95,61.7,48.1,No,2400,2400,0,5550,125
12:53:07.676,active,15361,492,7580,16790,0,95,60.6,48.1,No,2400,2400,0,5550,125
12:53:08.676,active,15309,474,7292,16790,-4,95,61.1,48.3,No,2400,2400,0,5552,125
12:53:09.676,active,15350,482,7408,16790,0,95,60.6,48.8,No,2400,2400,0,5547,125
12:53:10.676,active,15307,534,8198,16790,0,95,61.1,49.3,No,2400,2400,0,5552,125
12:53:11.676,active,15322,538,8256,16790,-4,95,61.7,48.9,No,2400,2400,0,5545,125
12:53:12.676,active,15346,454,6982,16790,0,95,62.2,48.6,No,2400,2400,0,5555,125
12:53:13.676,active,15320,522,8024,16790,0,95,60.6,49.5,No,2400,2400,0,5562,125
12:53:14.676,active,15324,502,7696,16788,-4,95,61.7,50.3,No,2400,2400,0,5560,125
12:53:15.676,active,15314,496,8388,16790,0,95,61.1,44.7,No,2400,2400,0,5558,125
12:53:16.676,active,15277,764,11710,16791,0,95,62.2,49.1,No,2400,2400,0,5561,125
12:53:17.676,active,15288,836,12152,16790,0,95,63.9,49.7,No,2400,2400,0,5559,125
12:53:18.681,active,15286,724,11072,16790,0,95,62.8,47.6,No,2400,2400,0,5556,125
12:53:19.676,active,15271,894,13716,16790,0,95,63.4,47.4,No,2400,2400,0,5568,125
12:53:20.676,active,15281,792,12134,16790,0,95,62.8,50.9,No,2400,2400,0,5566,125
12:53:21.677,active,15281,690,10572,16791,0,95,62.2,48.0,No,2400,2400,0,5563,125
12:53:22.676,active,15281,766,11728,16791,0,95,62.2,49.1,No,2400,2400,0,5569,125
12:53:23.676,active,15279,678,10416,16791,0,95,61.7,52.3,No,2400,2400,0,5569,125
12:53:24.676,active,15303,440,13176,16790,0,95,62.8,51.5,No,2400,2400,0,5575,125
12:53:25.680,active,15273,532,8160,16790,0,95,64.5,49.7,No,2400,2400,0,5560,125
12:53:26.676,active,15309,466,10880,16790,-6,95,63.9,51.5,No,2400,2400,0,5573,125
12:53:27.681,active,15260,652,9972,16789,-3,95,63.4,53.3,No,2400,2400,0,5568,125
12:53:28.680,active,15311,602,10532,16790,0,95,62.8,52.3,No,2400,2400,0,5571,125
12:53:29.676,active,15262,744,11400,16789,-4,95,62.2,51.3,No,2400,2400,0,5581,125
12:53:30.676,active,15273,668,12172,16788,-4,95,62.8,51.4,No,2400,2400,0,5585,125
12:53:31.676,active,15271,764,11710,16789,0,95,63.4,47.2,No,2400,2400,0,5578,125
12:53:32.676,active,15275,668,11208,16790,0,95,63.9,49.0,No,2400,2400,0,5581,125
12:53:33.681,active,15268,658,10088,16791,0,95,63.4,48.0,No,2400,2400,0,5576,125
12:53:34.676,active,15301,528,8120,16791,6,95,63.4,47.9,No,2400,2400,0,5583,125
12:53:35.676,active,15329,514,7330,16791,0,95,62.8,48.3,No,2400,2400,0,5581,125
12:53:36.676,active,15307,540,8314,16790,0,95,62.8,48.5,No,2400,2400,0,5578,125
12:53:37.676,active,15311,494,8276,16791,0,95,63.4,49.7,No,2400,2400,0,5579,125
12:53:38.676,active,15352,496,7620,16790,0,95,63.9,49.7,No,2400,2400,0,5582,125
12:53:39.676,active,15314,518,8006,16790,0,95,63.4,49.6,No,2400,2400,0,5591,125
12:53:40.676,active,15309,454,6964,16790,0,95,63.4,47.8,No,2400,2400,0,5605,125
12:53:41.682,active,15303,584,6732,16791,0,95,62.8,47.7,No,2400,2400,0,5599,125
12:53:42.676,active,15273,804,12308,16791,4,95,62.8,45.8,No,2400,2400,0,5582,125
12:53:43.676,active,15271,834,12790,16791,0,95,62.8,46.4,No,2400,2400,0,5586,125
12:53:44.676,active,15281,880,13464,16790,0,95,63.4,46.9,No,2400,2400,0,5593,125
12:53:45.676,active,15275,714,10938,16792,6,95,63.9,46.6,No,2400,2400,0,5581,125
12:53:46.676,active,15286,924,14140,16792,0,95,63.9,46.3,No,2400,2400,0,5593,125
12:53:47.676,active,15301,536,8256,16792,4,95,63.9,46.5,No,2400,2400,0,5584,125
12:53:48.684,active,15279,684,10494,16790,0,95,65.0,51.1,No,2400,2400,0,5583,125
12:53:49.679,active,15357,452,6944,16789,-4,95,62.8,51.8,No,2400,2400,0,5584,125
12:53:50.676,active,15311,760,11652,16790,0,95,63.4,48.4,No,2400,2400,0,5597,125
12:53:51.676,active,15260,832,12732,16791,0,95,63.9,49.0,No,2400,2400,0,5594,125
12:53:52.676,active,15228,870,13118,16791,0,95,63.9,48.2,No,2400,2400,0,5604,125
12:53:53.680,active,15281,896,13716,16790,0,95,63.9,49.3,No,2400,2400,0,5595,125
12:53:54.676,active,15258,842,12288,16790,0,95,63.4,47.2,No,2400,2400,0,5595,125
12:53:55.678,active,15275,832,12732,16789,0,95,62.8,47.5,No,2400,2400,0,5591,125
12:53:56.676,active,15303,750,12308,16790,0,95,62.2,47.8,No,2400,2400,0,5587,125
12:53:57.676,sleep,15290,540,8276,16790,0,95,61.1,38.2,No,2400,2400,0,5603,125
12:53:58.676,sleep,15290,466,8178,16792,11,95,59.5,0.0,No,2400,2400,0,5631,125
12:53:59.676,sleep,15286,484,7408,16791,8,95,60.0,-0.0,No,2400,2400,0,5638,125
12:54:00.676,sleep,15288,480,7368,16791,9,95,59.0,0.0,No,2400,2400,0,5631,125
12:54:01.676,sleep,15296,462,7080,16793,11,95,58.4,-0.0,No,2400,2400,0,5633,125
12:54:02.676,sleep,15294,448,6866,16794,12,95,57.9,0.0,No,1500,2400,0,5642,125
12:54:03.676,sleep,15283,464,7630,16794,19,95,56.8,-0.0,No,1500,2400,0,5650,125
12:54:04.676,sleep,15286,538,8236,16793,17,95,56.2,0.0,No,1500,2400,0,5648,125
12:54:05.676,sleep,15288,464,5998,16793,17,95,56.2,-0.0,No,1500,2400,0,5645,125
12:54:06.676,sleep,15283,498,7638,16793,17,95,55.1,0.0,No,1500,2400,0,5646,125
12:54:07.676,sleep,15296,414,6462,16794,16,95,54.5,-0.0,No,1500,2400,0,5652,125
12:54:08.676,sleep,15286,520,7966,16793,17,95,55.1,0.0,No,1500,2400,0,5667,125
12:54:09.676,sleep,15290,552,8468,16793,14,95,55.1,0.0,No,1500,2400,0,5648,125
12:54:10.676,sleep,15290,426,6538,16794,17,95,54.0,-0.0,No,1500,2400,0,5630,125
12:54:11.676,sleep,15286,486,7446,16793,14,95,55.1,0.5,No,1500,2400,0,5652,125
12:54:12.675,active,15286,830,12732,16794,15,95,57.3,20.6,No,2400,2400,0,4446,75
12:54:13.676,active,15322,410,6268,16790,-5,95,57.9,47.5,No,2400,2400,0,3589,75
12:54:14.676,active,15311,498,7638,16790,-5,95,59.5,48.4,No,2400,2400,0,3451,75
12:54:15.676,active,15316,534,8198,16790,-5,95,59.5,48.3,No,2400,2400,0,3436,75
12:54:16.676,active,15307,518,7966,16791,-4,95,59.0,48.0,No,2400,2400,0,4484,125
12:54:17.676,active,15277,864,13214,16789,0,95,59.5,48.2,No,2400,2400,0,5503,125
12:54:18.676,active,15275,860,14062,16790,0,95,60.6,48.7,No,2400,2400,0,5584,125
12:54:19.676,active,15286,834,12770,16791,0,95,60.0,49.2,No,2400,2400,0,5580,125
12:54:20.676,active,15275,770,10186,16790,0,95,60.0,48.9,No,2400,2400,0,5581,125
12:54:21.676,active,15279,692,10590,16791,0,95,61.1,48.0,No,2400,2400,0,5589,125
12:54:22.681,active,15279,656,10802,16790,0,95,61.1,49.6,No,2400,2400,0,5585,125
12:54:23.676,active,15277,930,14256,16790,0,95,61.7,56.0,No,2400,2400,0,5576,125
12:54:24.676,active,15309,682,8468,16790,0,95,61.1,48.6,No,2400,2400,0,5579,125
12:54:25.676,active,15288,916,14044,16792,0,95,61.7,47.1,No,2400,2400,0,5580,125
12:54:26.677,active,15299,850,13002,16790,0,95,62.2,48.1,No,2400,2400,0,5581,125
12:54:27.676,active,15260,526,8044,16789,0,95,62.2,48.7,No,2400,2400,0,5578,125
12:54:28.676,active,15299,720,11014,16789,-4,95,62.8,47.8,No,2400,2400,0,5575,125
12:54:29.676,active,15262,690,10572,16789,-7,95,62.8,48.0,No,2400,2400,0,5573,125
12:54:30.680,active,15290,846,12944,16790,-4,95,62.2,47.2,No,2400,2400,0,5577,125
12:54:31.676,active,15223,914,13436,16790,-3,95,62.2,48.2,No,2400,2400,0,5592,125
12:54:32.676,active,15232,798,12210,16789,0,95,62.2,51.9,No,2400,2400,0,5593,125
12:54:33.676,active,15266,752,13564,16789,0,95,64.5,53.5,No,2400,2400,0,5568,125
12:54:34.677,active,15264,738,11324,16788,-4,95,63.4,50.6,No,2400,2400,0,5577,125
12:54:35.676,active,15277,792,7716,16790,-4,95,63.4,53.4,No,2400,2400,0,5584,125
12:54:36.676,active,15311,426,6538,16789,-3,95,63.4,50.1,No,2400,2400,0,5588,125
12:54:37.680,active,15309,560,7966,16788,-6,95,62.2,51.8,No,2400,2400,0,5582,125
12:54:38.676,active,15307,508,7792,16788,-8,95,62.8,51.3,No,2400,2400,0,5581,125
12:54:39.676,active,15337,444,6268,16788,-10,95,62.8,52.3,No,2400,2400,0,5586,125
12:54:40.676,active,15307,494,7580,16789,-7,95,63.4,49.7,No,2400,2400,0,5587,125
12:54:41.676,active,15303,282,6828,16789,-6,95,63.4,47.2,No,2400,2400,0,5589,125
12:54:42.676,active,15309,462,7098,16789,0,95,63.9,48.8,No,2400,2400,0,5595,125
12:54:43.677,active,15301,518,9144,16788,-5,95,63.4,46.9,No,2400,2400,0,5587,125
12:54:44.676,active,15277,828,10358,16788,-6,95,62.2,47.8,No,2400,2400,0,5594,125
12:54:45.676,active,15275,700,10726,16790,-3,95,62.8,49.1,No,2400,2400,0,5593,125
12:54:46.676,active,15290,806,8256,16790,-6,95,62.8,50.0,No,2400,2400,0,5606,125
12:54:47.676,active,15277,810,12442,16789,0,95,63.4,49.0,No,2400,2400,0,5594,125
12:54:48.676,active,15305,678,8776,16789,-3,95,63.4,49.0,No,2400,2400,0,5609,125
12:54:49.676,active,15279,686,10532,16789,0,95,63.4,49.0,No,2400,2400,0,5598,125
12:54:50.676,active,15318,690,7282,16788,-8,95,63.4,48.3,No,2400,2400,0,5598,125
12:54:51.676,active,15281,450,6944,16789,-6,95,62.2,46.1,No,2400,2400,0,5600,125
12:54:52.676,active,15359,492,7580,16789,-5,95,62.8,46.8,No,2400,2400,0,5592,125
12:54:53.676,active,15266,752,11516,16789,-3,95,63.4,47.0,No,2400,2400,0,5584,125
12:54:54.676,active,15273,668,13504,16789,0,95,62.8,46.6,No,2400,2400,0,5582,125
12:54:55.676,active,15260,812,12424,16789,0,95,62.8,46.1,No,2400,2400,0,5599,125
12:54:56.676,active,15266,642,11786,16790,-3,95,62.8,45.6,No,2400,2400,0,5598,125
12:54:57.676,active,15268,886,13562,16790,-5,95,62.8,50.1,No,2400,2400,0,5594,125
12:54:58.676,active,15286,628,12808,16788,-5,95,62.2,50.6,No,2400,2400,0,5604,125
12:54:59.676,active,15271,824,12636,16788,-7,95,62.2,49.0,No,2400,2400,0,5612,125
12:55:00.676,active,15260,836,12924,16788,-4,95,63.4,49.2,No,2400,2400,0,5604,125
12:55:01.676,active,15305,798,12230,16789,-6,95,62.8,48.7,No,2400,2400,0,5593,125
12:55:02.676,active,15314,732,7948,16789,0,95,63.9,48.5,No,2400,2400,0,5598,125
12:55:03.680,active,15307,510,7832,16789,0,95,63.4,48.7,No,2400,2400,0,5594,125
12:55:04.676,active,15316,294,6616,16790,0,95,62.8,48.5,No,2400,2400,0,5606,125
12:55:05.676,active,15305,514,7890,16788,-5,95,62.8,48.0,No,2400,2400,0,5597,125
12:55:06.676,active,15299,476,10244,16788,-5,95,62.8,49.6,No,2400,2400,0,5599,125
12:55:07.676,active,15305,456,7002,16789,-3,95,63.4,47.9,No,2400,2400,0,5599,125
12:55:08.676,active,15301,500,10648,16788,0,95,63.4,48.9,No,2400,2400,0,5606,125
12:55:09.676,active,15264,514,7870,16789,0,95,63.4,48.1,No,2400,2400,0,5598,125
12:55:10.682,active,15303,622,10572,16790,0,95,62.8,48.5,No,2400,2400,0,5604,125
12:55:11.680,active,15333,516,7948,16789,0,95,62.8,48.5,No,2400,2400,0,5595,125
12:55:12.676,sleep,15292,538,8236,16790,0,95,61.1,40.5,No,2400,2400,0,5602,125
12:55:13.676,sleep,15292,504,7736,16792,11,95,60.6,0.0,No,2400,2400,0,5628,125
12:55:14.676,sleep,15292,534,8178,16792,15,95,59.0,-0.0,No,2400,2400,0,5639,125
12:55:15.676,sleep,15294,536,8218,16791,8,95,59.5,0.0,No,2400,2400,0,5636,125
12:55:16.676,sleep,15290,476,7292,16792,8,95,58.4,-0.0,No,2400,2400,0,5635,125
12:55:17.676,sleep,15286,400,6134,16791,3,95,57.9,0.0,No,2400,2400,0,5640,125
12:55:18.676,sleep,15283,484,7408,16791,7,95,57.3,-0.0,No,1500,2400,0,5653,125
12:55:19.676,sleep,15292,544,8352,16791,9,95,56.2,0.0,No,1500,2400,0,5653,125
12:55:20.676,sleep,15294,396,6076,16792,7,95,55.6,0.0,No,1500,2400,0,5645,125
12:55:21.676,sleep,15286,534,7600,16793,8,95,55.1,0.3,No,1500,2400,0,5643,125
12:55:22.676,sleep,15283,492,7542,16793,7,95,55.1,0.0,No,1500,2400,0,5653,125
12:55:23.676,sleep,15290,494,5612,16792,8,95,54.5,-0.0,No,1500,2400,0,5656,125
12:55:24.676,sleep,15286,334,5130,16792,10,95,54.5,0.0,No,1500,2400,0,4008,75
12:55:25.676,sleep,15296,300,6402,16792,12,95,54.5,0.0,No,1500,2400,0,3552,75
12:55:26.676,sleep,15292,476,7292,16793,13,95,54.0,-0.0,No,1500,2400,0,3473,75
12:55:27.681,active,15281,740,11342,16792,11,95,56.8,15.3,No,2400,2400,0,3456,75
12:55:28.676,active,15294,554,8506,16790,-6,95,59.0,51.1,No,2400,2400,0,3430,75
12:55:29.676,active,15290,474,9606,16789,-7,95,59.0,49.0,No,2400,2400,0,3427,75
12:55:30.676,active,15294,520,7966,16789,-7,95,60.0,48.1,No,2400,2400,0,3407,75
12:55:31.676,active,15296,532,12790,16790,-4,95,60.0,47.6,No,2400,2400,0,3400,75
12:55:32.680,active,15232,774,11824,16791,0,95,60.0,49.7,No,2400,2400,0,3404,75
12:55:33.676,active,15301,572,12288,16790,-3,95,59.5,50.2,No,2400,2400,0,4899,125
12:55:34.676,active,15296,790,12076,16788,-7,95,60.0,47.0,No,2400,2400,0,5501,125
12:55:35.676,active,15268,534,11536,16789,0,95,60.6,48.6,No,2400,2400,0,5548,125
12:55:36.676,active,15266,860,13156,16788,-6,95,61.7,49.6,No,2400,2400,0,5541,125
12:55:37.676,active,15350,770,13118,16790,0,95,62.2,48.9,No,2400,2400,0,5542,125
12:55:38.677,active,15305,740,11362,16790,0,95,62.2,48.2,No,2400,2400,0,5542,125
12:55:39.677,active,15335,678,7948,16791,-4,95,60.6,47.2,No,2400,2400,0,5537,125
12:55:40.676,active,15307,566,8680,16789,-5,95,61.1,46.7,No,2400,2400,0,5535,125
12:55:41.676,active,15341,570,8082,16789,0,95,62.2,50.5,No,2400,2400,0,5537,125
12:55:42.676,active,15326,462,7118,16789,-3,95,63.4,51.4,No,2400,2400,0,5541,125
12:55:43.676,active,15314,530,7426,16790,0,95,62.8,50.1,No,2400,2400,0,5537,125
12:55:44.676,active,15346,468,7194,16789,-5,95,63.4,51.5,No,2400,2400,0,5543,125
12:55:45.680,active,15309,504,8738,16788,-6,95,62.2,51.8,No,2400,2400,0,5539,125
12:55:46.676,active,15268,902,13792,16788,-7,95,62.8,50.4,No,2400,2400,0,5547,125
12:55:47.676,active,15279,650,9954,16788,-11,95,62.8,53.4,No,2400,2400,0,5547,125
12:55:48.676,active,15268,762,11652,16789,-5,95,63.4,53.3,No,2400,2400,0,5553,125
12:55:49.676,active,15273,828,12694,16789,-5,95,63.4,49.7,No,2400,2400,0,5556,125
12:55:50.676,active,15273,932,14276,16788,-7,95,63.4,47.2,No,2400,2400,0,5565,125
12:55:51.676,active,15273,646,9896,16788,-5,95,63.4,48.0,No,2400,2400,0,5559,125
12:55:52.676,active,15281,826,12654,16789,0,95,62.8,47.7,No,2400,2400,0,5563,125
12:55:53.676,active,15281,716,10976,16790,0,95,62.8,48.5,No,2400,2400,0,5566,125
12:55:54.676,active,15283,884,13542,16791,0,95,62.2,48.3,No,2400,2400,0,5563,125
12:55:55.676,active,15253,778,11902,16788,-3,95,62.8,48.3,No,2400,2400,0,5565,125
12:55:56.676,active,15286,704,9162,16789,0,95,63.9,50.0,No,2400,2400,0,5566,125
12:55:57.676,active,15243,682,10436,16790,-4,95,63.4,48.1,No,2400,2400,0,5576,125
12:55:58.677,active,15249,778,9818,16789,-3,95,63.4,48.5,No,2400,2400,0,5575,125
12:55:59.676,active,15299,738,11304,16788,-5,95,62.8,48.8,No,2400,2400,0,5571,125
12:56:00.676,active,15273,616,11536,16789,-4,95,62.2,47.2,No,2400,2400,0,5573,125
12:56:01.676,active,15275,666,10186,16790,0,95,63.4,47.0,No,2400,2400,0,5572,125
12:56:02.676,active,15268,778,13136,16789,0,95,62.8,46.4,No,2400,2400,0,5575,125
12:56:03.676,active,15262,804,12308,16789,0,95,63.4,46.8,No,2400,2400,0,5575,125
12:56:04.676,active,15309,568,8718,16789,-4,95,63.4,45.2,No,2400,2400,0,5576,125
12:56:05.680,active,15322,454,6982,16788,-5,95,63.4,46.2,No,2400,2400,0,5580,125
12:56:06.677,active,15316,454,6964,16788,-5,95,62.2,45.8,No,2400,2400,0,5568,125
12:56:07.678,active,15307,496,7620,16788,-6,95,62.2,52.3,No,2400,2400,0,5567,125
12:56:08.676,active,15303,754,8314,16788,-7,95,63.4,50.1,No,2400,2400,0,5572,125
12:56:09.676,active,15305,498,7638,16789,-4,95,62.8,46.3,No,2400,2400,0,5579,125
12:56:10.676,active,15311,256,7234,16789,-7,95,65.0,49.0,No,2400,2400,0,5586,125
12:56:11.676,active,15296,530,8140,16788,-6,95,63.9,49.4,No,2400,2400,0,5584,125
12:56:12.677,active,15309,514,7310,16788,-8,95,63.9,48.8,No,2400,2400,0,5588,125
12:56:13.677,active,15279,806,11322,16788,-7,95,63.9,48.6,No,2400,2400,0,5585,125
12:56:14.676,active,15273,816,12500,16789,-9,95,62.8,47.7,No,2400,2400,0,5587,125
12:56:15.676,active,15281,882,13504,16789,-6,95,63.9,49.1,No,2400,2400,0,5581,125
12:56:16.676,active,15281,576,8854,16788,-6,95,63.4,49.5,No,2400,2400,0,5589,125
12:56:17.677,active,15290,888,13620,16787,-10,95,64.5,48.5,No,2400,2400,0,5595,125
12:56:18.677,active,15277,568,8738,16788,-6,95,63.9,48.4,No,2400,2400,0,5588,125
12:56:19.679,active,15305,592,9086,16789,-6,95,63.4,48.5,No,2400,2400,0,5587,125
12:56:20.677,active,15288,530,8140,16789,-6,95,63.4,48.7,No,2400,2400,0,5591,125
12:56:21.676,active,15352,560,8604,16788,-11,95,63.4,49.3,No,2400,2400,0,5589,125
12:56:22.676,active,15266,822,12596,16788,-6,95,63.4,47.6,No,2400,2400,0,5589,125
12:56:23.676,active,15225,864,12924,16788,-6,95,63.4,48.4,No,2400,2400,0,5587,125
12:56:24.676,active,15268,742,11382,16789,-4,95,64.5,48.4,No,2400,2400,0,5592,125
12:56:25.680,active,15258,846,13310,16790,-4,95,64.5,46.5,No,2400,2400,0,5586,125
12:56:26.676,active,15249,716,10956,16789,-4,95,63.9,47.8,No,2400,2400,0,5586,125
12:56:27.676,sleep,15288,560,8372,16788,0,95,62.2,44.7,No,2400,2400,0,5590,125
12:56:28.676,sleep,15288,468,7156,16790,7,95,61.1,0.0,No,2400,2400,0,5628,125
12:56:29.676,sleep,15294,534,7736,16790,7,95,60.0,0.0,No,2400,2400,0,5631,125
12:56:30.676,sleep,15288,534,8178,16792,8,95,59.5,0.0,No,2400,2400,0,5640,125
12:56:31.676,sleep,15294,516,7678,16791,9,95,59.0,0.0,No,2400,2400,0,5632,125
12:56:32.676,sleep,15292,502,7696,16790,7,95,57.9,0.0,No,1500,2400,0,5645,125
12:56:33.676,sleep,15292,444,5652,16791,11,95,57.3,0.0,No,1500,2400,0,5651,125
12:56:34.676,sleep,15290,468,7156,16790,6,95,56.2,-0.0,No,1500,2400,0,5649,125
12:56:35.676,sleep,15290,444,4108,16792,9,95,56.2,0.0,No,1500,2400,0,5653,125
12:56:36.676,sleep,15292,432,6616,16792,9,95,56.2,-0.0,No,1500,2400,0,5648,125
12:56:37.676,sleep,15294,514,8064,16792,9,95,56.2,0.0,No,1500,2400,0,5648,125
12:56:38.676,sleep,15290,492,7542,16791,9,95,55.6,0.2,No,1500,2400,0,5647,125
12:56:39.676,sleep,15290,360,7118,16792,10,95,54.5,0.0,No,1500,2400,0,5656,125
12:56:40.676,sleep,15288,428,6558,16793,11,95,55.6,-0.0,No,1500,2400,0,5647,125
12:56:41.676,sleep,15286,364,6482,16792,10,95,55.1,0.0,No,1500,2400,0,5642,75
12:56:42.680,active,15271,564,8622,16792,12,95,55.6,9.7,No,1600,2400,0,3836,75
12:56:43.676,active,15354,486,7600,16789,-5,95,57.3,51.1,No,2400,2400,0,3487,75
12:56:44.676,active,15275,858,13156,16788,-8,95,59.5,47.2,No,2400,2400,0,3427,75
12:56:45.676,active,15294,736,9916,16788,-6,95,60.0,48.7,No,2400,2400,0,3420,75
12:56:46.676,active,15311,420,6442,16789,-6,95,60.6,48.6,No,2400,2400,0,5269,125
12:56:47.676,active,15350,540,7504,16789,-3,95,60.6,52.2,No,2400,2400,0,5554,125
12:56:48.676,active,15318,546,8392,16788,-3,95,59.5,46.9,No,2400,2400,0,5577,125
12:56:49.676,active,15258,780,11940,16789,-3,95,60.6,47.5,No,2400,2400,0,5581,125
12:56:50.676,active,15268,872,13368,16788,-4,95,61.1,50.1,No,2400,2400,0,5575,125
12:56:51.676,active,15271,888,13580,16790,-4,95,62.2,49.6,No,2400,2400,0,5580,125
12:56:52.679,active,15271,864,13234,16789,0,95,62.8,51.1,No,2400,2400,0,5552,125
12:56:53.676,active,15253,808,12366,16789,-3,95,62.2,51.1,No,2400,2400,0,5560,125
12:56:54.677,active,15288,776,11882,16789,-3,95,62.2,49.5,No,2400,2400,0,5560,125
12:56:55.679,active,15273,802,12308,16788,-5,95,62.2,53.7,No,2400,2400,0,5573,125
12:56:56.676,active,15281,724,11092,16789,-4,95,63.4,51.4,No,2400,2400,0,5571,125
12:56:57.676,active,15275,770,14140,16790,0,95,63.4,51.0,No,2400,2400,0,5577,125
12:56:58.676,active,15292,590,9818,16789,0,95,62.8,51.6,No,2400,2400,0,5578,125
12:56:59.676,active,15299,578,8854,16790,0,95,63.4,47.6,No,2400,2400,0,5584,125
12:57:00.676,active,15299,484,12546,16788,-4,95,62.8,48.7,No,2400,2400,0,5586,125
12:57:01.676,active,15303,746,11400,16789,-8,95,62.2,48.7,No,2400,2400,0,5588,125
12:57:02.676,active,15281,656,10050,16790,-5,95,62.8,48.7,No,2400,2400,0,5581,125
12:57:03.676,active,15301,696,10648,16789,-7,95,62.8,47.4,No,2400,2400,0,5573,125
12:57:04.676,active,15251,790,12096,16788,-7,95,62.8,48.2,No,2400,2400,0,5568,125
12:57:05.676,active,15292,744,11400,16788,-11,95,63.4,50.0,No,2400,2400,0,5568,125
12:57:06.676,active,15273,688,10532,16788,-9,95,64.5,48.2,No,2400,2400,0,5572,125
12:57:07.678,active,15348,464,7138,16788,-7,95,62.8,49.0,No,2400,2400,0,5581,125
12:57:08.676,active,15335,428,8468,16789,-7,95,62.8,48.5,No,2400,2400,0,5589,125
12:57:09.676,active,15337,474,7292,16788,-3,95,62.8,47.5,No,2400,2400,0,5589,125
12:57:10.676,active,15344,490,7292,16788,-6,95,62.8,46.4,No,2400,2400,0,5597,125
12:57:11.676,active,15320,480,7368,16789,-8,95,62.8,46.9,No,2400,2400,0,5591,125
12:57:12.676,active,15309,452,7388,16789,-6,95,63.4,46.0,No,2400,2400,0,5592,125
12:57:13.676,active,15309,500,7678,16789,-4,95,63.4,46.4,No,2400,2400,0,5598,125
12:57:14.679,active,15318,506,6790,16789,-7,95,63.4,45.8,No,2400,2400,0,5574,125
12:57:15.676,active,15311,536,8218,16789,-3,95,63.4,46.1,No,2400,2400,0,5585,125
12:57:16.676,active,15275,650,9992,16787,-7,95,62.2,50.8,No,2400,2400,0,5580,125
12:57:17.676,active,15277,774,11864,16789,-4,95,62.2,50.1,No,2400,2400,0,5584,125
12:57:18.676,active,15271,882,13522,16790,-3,95,63.4,50.3,No,2400,2400,0,5589,125
12:57:19.677,active,15281,890,13620,16790,0,95,63.9,49.5,No,2400,2400,0,5592,125
12:57:20.679,active,15266,808,12848,16789,0,95,63.4,47.1,No,2400,2400,0,5589,125
12:57:21.679,active,15275,892,13658,16788,-4,95,62.8,48.1,No,2400,2400,0,5590,125
12:57:22.677,active,15275,530,10918,16788,-4,95,62.8,48.2,No,2400,2400,0,5601,125
12:57:23.676,active,15299,686,10532,16789,-4,95,63.4,49.0,No,2400,2400,0,5604,125
12:57:24.676,active,15286,858,8334,16789,-4,95,63.4,48.4,No,2400,2400,0,5612,125
12:57:25.676,active,15279,706,12614,16790,0,95,63.9,48.1,No,2400,2400,0,5598,125
12:57:26.677,active,15266,704,10764,16790,0,95,63.4,48.6,No,2400,2400,0,5593,125
12:57:27.680,active,15260,788,7960,16789,0,95,63.4,48.0,No,2400,2400,0,5598,125
12:57:28.676,active,15253,650,9954,16789,-3,95,63.4,48.9,No,2400,2400,0,5594,125
12:57:29.676,active,15249,662,10128,16789,-4,95,62.8,48.4,No,2400,2400,0,5605,125
12:57:30.676,active,15236,784,11998,16790,-4,95,62.8,49.5,No,2400,2400,0,5594,125
12:57:31.676,active,15277,680,10398,16790,0,95,63.9,48.6,No,2400,2400,0,5591,125
12:57:32.676,active,15258,810,12424,16789,0,95,63.9,47.9,No,2400,2400,0,5598,125
12:57:33.678,active,15264,832,12732,16788,0,95,63.9,47.4,No,2400,2400,0,5595,125
12:57:34.680,active,15305,496,7620,16789,0,95,63.9,48.4,No,2400,2400,0,5584,125
12:57:35.676,active,15301,516,8276,16789,0,95,63.4,46.5,No,2400,2400,0,5598,125
12:57:36.676,active,15299,460,7040,16790,0,95,62.8,47.7,No,2400,2400,0,5593,125
12:57:37.676,active,15311,464,7002,16790,0,95,62.8,48.7,No,2400,2400,0,5600,125
12:57:38.676,active,15294,528,8102,16789,0,95,63.9,48.0,No,2400,2400,0,5600,125
12:57:39.676,active,15299,558,10686,16790,3,95,63.4,48.9,No,2400,2400,0,5592,125
12:57:40.676,active,15296,550,8448,16790,0,95,63.9,47.4,No,2400,2400,0,5602,125
12:57:41.676,active,15296,556,10898,16790,0,95,63.9,47.4,No,2400,2400,0,5606,125
12:57:42.676,sleep,15314,690,8102,16791,0,95,62.8,46.5,No,2400,2400,0,5601,125
12:57:43.676,sleep,15290,470,7194,16791,8,95,60.0,0.0,No,2400,2400,0,5633,125
12:57:44.676,sleep,15290,548,8410,16791,10,95,59.5,-0.0,No,2400,2400,0,5640,125
12:57:45.676,sleep,15294,480,7368,16790,11,95,59.0,0.0,No,2400,2400,0,5635,125
12:57:46.676,sleep,15292,512,7850,16791,6,95,59.5,0.0,No,2400,2400,0,5642,125
12:57:47.676,sleep,15296,480,7350,16792,11,95,58.4,0.0,No,2400,2400,0,5643,125
12:57:48.676,sleep,15292,476,7292,16792,12,95,56.8,-0.0,No,1500,2400,0,5631,125
12:57:49.676,sleep,15286,460,7040,16792,13,95,56.2,0.0,No,1500,2400,0,5641,125
12:57:50.676,sleep,15286,444,6810,16791,11,95,56.2,0.0,No,1500,2400,0,5633,125
12:57:51.676,sleep,15290,480,7350,16792,12,95,55.1,0.3,No,1500,2400,0,5642,125
12:57:52.676,sleep,15286,406,7542,16792,13,95,55.6,1.5,No,1500,2400,0,5652,125
12:57:53.676,sleep,15288,420,6442,16793,13,95,55.1,0.0,No,1500,2400,0,5641,125
12:57:54.676,sleep,15288,416,6366,16792,11,95,55.6,0.3,No,1500,2400,0,5646,125
12:57:55.676,sleep,15286,370,5690,16791,12,95,54.5,0.0,No,1500,2400,0,5254,75
12:57:56.676,sleep,15288,382,5864,16792,12,95,55.1,0.0,No,1500,2400,0,3749,75
12:57:57.676,active,15288,514,7870,16793,13,95,54.5,2.8,No,1500,2400,0,3504,75
12:57:58.676,active,15271,824,12636,16791,0,95,57.3,56.2,No,2400,2400,0,3438,75
12:57:59.676,active,15277,712,10918,16791,0,95,59.5,47.4,No,2400,2400,0,3425,75
12:58:00.681,active,15288,786,12056,16790,0,95,60.0,47.1,No,2400,2400,0,3431,75
12:58:01.676,active,15314,490,7504,16789,-4,95,60.6,51.8,No,2400,2400,0,3430,125
12:58:02.681,active,15341,532,8680,16789,0,95,60.6,49.3,No,2400,2400,0,5397,125
12:58:03.677,active,15301,628,9626,16790,0,95,61.1,49.9,No,2400,2400,0,5557,125
12:58:04.676,active,15309,534,10572,16790,0,95,60.6,52.1,No,2400,2400,0,5562,125
12:58:05.676,active,15279,668,10224,16788,-6,95,62.2,51.1,No,2400,2400,0,5559,125
12:58:06.676,active,15307,480,11400,16788,-5,95,61.7,51.5,No,2400,2400,0,5554,125
12:58:07.680,active,15273,654,10012,16788,-7,95,62.8,50.3,No,2400,2400,0,5546,125
12:58:08.676,active,15264,668,9432,16789,-5,95,62.8,50.8,No,2400,2400,0,5558,125
12:58:09.680,active,15352,502,7736,16790,-4,95,62.8,46.2,No,2400,2400,0,5562,125
12:58:10.676,active,15288,542,8334,16790,0,95,61.7,49.2,No,2400,2400,0,5566,125
12:58:11.676,active,15337,506,7774,16788,-5,95,61.1,47.6,No,2400,2400,0,5566,125
12:58:12.676,active,15301,486,7484,16789,0,95,62.2,48.6,No,2400,2400,0,5562,125
12:58:13.676,active,15331,510,7832,16789,-3,95,62.8,48.6,No,2400,2400,0,5561,125
12:58:14.676,active,15354,476,7310,16790,-7,95,63.4,48.9,No,2400,2400,0,5562,125
12:58:15.680,active,15331,506,7774,16789,-7,95,62.8,48.4,No,2400,2400,0,5568,125
12:58:16.676,active,15348,514,7890,16788,-8,95,62.8,48.7,No,2400,2400,0,5564,125
12:58:17.678,active,15314,522,8024,16789,-8,95,63.4,49.1,No,2400,2400,0,5568,125
12:58:18.676,active,15268,866,13252,16788,0,95,62.2,47.5,No,2400,2400,0,5559,125
12:58:19.676,active,15253,902,11574,16788,-3,95,62.2,46.2,No,2400,2400,0,5568,125
12:58:20.676,active,15273,818,12520,16788,-3,95,63.4,46.0,No,2400,2400,0,5566,125
12:58:21.676,active,15262,866,12616,16788,-4,95,63.4,46.6,No,2400,2400,0,5560,125
12:58:22.676,active,15279,838,12828,16788,0,95,63.4,45.9,No,2400,2400,0,5571,125
12:58:23.679,active,15281,896,11612,16789,0,95,63.4,47.0,No,2400,2400,0,5575,125
12:58:24.677,active,15286,902,13812,16790,0,95,62.2,45.8,No,2400,2400,0,5576,125
12:58:25.676,active,15286,842,8198,16789,-4,95,62.8,47.0,No,2400,2400,0,5580,125
12:58:26.676,active,15275,824,12636,16789,0,95,63.9,50.1,No,2400,2400,0,5575,125
12:58:27.676,active,15303,780,11922,16789,0,95,63.9,50.6,No,2400,2400,0,5595,125
12:58:28.679,active,15277,734,11246,16789,0,95,64.5,48.9,No,2400,2400,0,5578,125
12:58:29.676,active,15264,728,11130,16790,0,95,63.4,48.2,No,2400,2400,0,5580,125
12:58:30.676,active,15258,740,11304,16789,0,95,63.4,48.5,No,2400,2400,0,5587,125
12:58:31.679,active,15232,834,12944,16790,4,95,63.4,48.6,No,2400,2400,0,5581,125
12:58:32.676,active,15249,760,11632,16790,4,95,62.8,48.1,No,2400,2400,0,5591,125
12:58:33.676,active,15238,814,13542,16790,0,95,62.8,48.2,No,2400,2400,0,5588,125
12:58:34.676,active,15277,858,13156,16790,0,95,64.5,49.3,No,2400,2400,0,5586,125
12:58:35.676,active,15260,678,11652,16790,4,95,63.9,48.9,No,2400,2400,0,5586,125
12:58:36.681,active,15320,528,8358,16789,4,95,63.9,48.1,No,2400,2400,0,5585,125
12:58:37.676,active,15348,520,7986,16790,0,95,62.8,48.2,No,2400,2400,0,5587,125
12:58:38.676,active,15316,486,7740,16790,0,95,63.4,48.2,No,2400,2400,0,5585,125
12:58:39.676,active,15307,528,8102,16790,0,95,62.8,48.4,No,2400,2400,0,5593,125
12:58:40.676,active,15307,538,7212,16790,0,95,63.4,48.9,No,2400,2400,0,5584,125
12:58:41.676,active,15318,468,7176,16788,-3,95,64.5,49.0,No,2400,2400,0,5592,125
12:58:42.678,active,15299,468,7944,16789,0,95,63.4,48.7,No,2400,2400,0,5580,125
12:58:43.680,active,15305,616,9472,16790,0,95,63.9,46.8,No,2400,2400,0,5583,125
12:58:44.676,active,15303,502,7696,16789,0,95,63.4,47.3,No,2400,2400,0,5591,125
12:58:45.676,active,15309,690,10590,16789,0,95,63.9,47.2,No,2400,2400,0,5586,125
12:58:46.676,active,15283,726,7176,16790,5,95,62.8,47.6,No,2400,2400,0,5599,125
12:58:47.676,active,15305,658,10108,16789,0,95,63.4,48.5,No,2400,2400,0,5589,125
12:58:48.676,active,15316,726,9066,16788,-4,95,64.5,48.1,No,2400,2400,0,5576,125
12:58:49.676,active,15286,686,10532,16788,0,95,64.5,48.0,No,2400,2400,0,5594,125
12:58:50.681,active,15326,504,8044,16789,0,95,63.9,46.3,No,2400,2400,0,5588,125
12:58:51.676,active,15311,472,7252,16788,0,95,63.9,47.7,No,2400,2400,0,5584,125
12:58:52.676,active,15350,482,7292,16789,0,95,62.8,48.3,No,2400,2400,0,5587,125
12:58:53.676,active,15258,482,7388,16790,0,95,62.8,48.9,No,2400,2400,0,5590,125
12:58:54.676,active,15238,792,13832,16790,0,95,63.4,49.0,No,2400,2400,0,5589,125
12:58:55.676,active,15266,852,13040,16791,4,95,63.4,48.9,No,2400,2400,0,5593,125
12:58:56.676,active,15245,852,13678,16789,0,95,63.4,48.4,No,2400,2400,0,5621,125
12:58:57.676,active,15271,932,14276,16789,0,95,62.8,47.6,No,2400,2400,0,5595,125
12:58:58.676,sleep,15286,572,8276,16790,7,95,60.6,1.8,No,2400,2400,0,5620,125
12:58:59.676,sleep,15296,432,6616,16790,6,95,59.5,-0.0,No,2400,2400,0,5643,125
12:59:00.676,sleep,15290,468,7194,16792,8,95,59.0,-0.0,No,2400,2400,0,5640,125
12:59:01.676,sleep,15288,526,8064,16791,10,95,58.4,0.5,No,2400,2400,0,5641,125
12:59:02.676,sleep,15288,472,7252,16792,11,95,57.3,0.5,No,2400,2400,0,5634,125
12:59:03.676,sleep,15286,568,8700,16792,17,95,56.8,-0.0,No,1500,2400,0,5651,125
12:59:04.676,sleep,15288,528,5710,16793,16,95,57.9,-0.0,No,1500,2400,0,5658,125
12:59:05.676,sleep,15290,466,7138,16794,18,95,56.2,0.0,No,1500,2400,0,5653,125
12:59:06.676,sleep,15290,410,3992,16792,15,95,56.2,0.0,No,1500,2400,0,5656,125
12:59:07.676,sleep,15290,480,7350,16792,14,95,55.6,-0.0,No,1500,2400,0,5650,125
12:59:08.676,sleep,15288,492,6288,16791,11,95,54.5,0.0,No,1500,2400,0,5645,125
12:59:09.676,sleep,15286,508,7792,16792,11,95,54.5,0.0,No,1500,2400,0,5643,125
12:59:10.676,sleep,15288,392,5864,16793,12,95,54.5,-0.0,No,1500,2400,0,5653,125
12:59:11.676,sleep,15288,576,8834,16792,14,95,54.5,-0.0,No,1500,2400,0,4623,75
12:59:12.676,sleep,15286,484,8006,16793,17,95,54.0,0.0,No,1500,2400,0,3650,75
12:59:13.676,active,15307,694,10668,16790,0,95,57.3,56.4,No,2400,2400,0,3465,75
12:59:14.676,active,15288,650,13176,16790,-5,95,59.5,55.2,No,2400,2400,0,3434,75
12:59:15.676,active,15339,468,7194,16789,-4,95,59.5,49.7,No,2400,2400,0,3403,75
12:59:16.677,active,15301,732,11014,16788,-6,95,61.1,52.3,No,2400,2400,0,4130,125
12:59:17.676,active,15314,508,7812,16789,-7,95,59.5,53.9,No,2400,2400,0,5457,125
12:59:18.680,active,15333,544,8334,16789,-3,95,61.7,45.9,No,2400,2400,0,5569,125
12:59:19.680,active,15318,546,8392,16788,-6,95,61.1,48.6,No,2400,2400,0,5575,125
12:59:20.676,active,15268,648,8990,16788,-6,95,61.1,47.9,No,2400,2400,0,5571,125
12:59:21.676,active,15279,844,12944,16789,-7,95,61.1,47.2,No,2400,2400,0,5577,125
12:59:22.676,active,15283,882,11922,16788,-8,95,61.7,49.0,No,2400,2400,0,5575,125
12:59:23.676,active,15262,872,13350,16789,-9,95,62.2,48.0,No,2400,2400,0,5575,125
12:59:24.676,active,15281,1014,13176,16789,-6,95,62.2,49.6,No,2400,2400,0,5564,125
12:59:25.676,active,15279,680,10416,16788,-3,95,62.2,49.6,No,2400,2400,0,5560,125
12:59:26.676,active,15268,896,13890,16788,-3,95,61.7,49.4,No,2400,2400,0,5585,125
12:59:27.676,active,15268,790,12096,16789,-3,95,62.2,49.4,No,2400,2400,0,5577,125
12:59:28.676,active,15271,778,13252,16790,0,95,62.2,47.4,No,2400,2400,0,5574,125
12:59:29.676,active,15301,472,7252,16790,0,95,63.4,46.7,No,2400,2400,0,5574,125
12:59:30.676,active,15303,670,10262,16790,-5,95,62.8,46.0,No,2400,2400,0,5578,125
12:59:31.676,active,15305,526,8064,16788,-3,95,62.2,46.6,No,2400,2400,0,5581,125
12:59:32.676,active,15301,592,11710,16789,-4,95,62.2,46.3,No,2400,2400,0,5577,125
12:59:33.677,active,15281,574,8796,16789,0,95,62.8,47.0,No,2400,2400,0,5576,125
12:59:34.676,active,15292,444,9510,16791,0,95,62.8,46.1,No,2400,2400,0,5585,125
12:59:35.676,active,15253,616,9432,16788,-7,95,62.8,52.4,No,2400,2400,0,5568,125
12:59:36.676,active,15309,604,12096,16789,-4,95,63.4,51.9,No,2400,2400,0,5575,125
12:59:37.676,active,15247,736,11246,16790,0,95,63.4,48.7,No,2400,2400,0,5593,125
12:59:38.681,active,15262,666,9510,16789,0,95,62.8,47.6,No,2400,2400,0,5589,125
12:59:39.679,active,15309,518,7948,16788,-5,95,63.4,48.7,No,2400,2400,0,5580,125
12:59:40.676,active,15301,456,7022,16788,-10,95,62.2,48.5,No,2400,2400,0,5588,125
12:59:41.676,active,15357,508,7812,16789,-8,95,63.9,49.4,No,2400,2400,0,5587,125
12:59:42.676,active,15305,442,6790,16788,-9,95,63.4,49.5,No,2400,2400,0,5587,125
12:59:43.676,active,15322,522,8024,16788,-5,95,64.5,47.9,No,2400,2400,0,5584,125
12:59:44.680,active,15311,480,7948,16789,-5,95,63.9,47.6,No,2400,2400,0,5585,125
12:59:45.680,active,15303,512,7850,16789,0,95,62.8,48.9,No,2400,2400,0,5588,125
12:59:46.678,active,15316,512,8044,16788,0,95,63.4,48.0,No,2400,2400,0,5586,125
12:59:47.676,active,15266,778,11902,16788,0,95,62.2,48.5,No,2400,2400,0,5594,125
12:59:48.676,active,15268,826,12674,16790,0,95,63.4,48.7,No,2400,2400,0,5592,125
12:59:49.676,active,15271,806,12346,16788,-7,95,62.8,48.9,No,2400,2400,0,5599,125
12:59:50.676,active,15277,702,10744,16789,-8,95,63.4,49.5,No,2400,2400,0,5599,125
12:59:51.676,active,15275,856,13118,16789,-7,95,63.4,46.7,No,2400,2400,0,5575,125
12:59:52.676,active,15277,682,10474,16790,-3,95,63.9,47.4,No,2400,2400,0,5587,125
12:59:53.676,active,15286,848,13002,16788,-6,95,63.4,47.1,No,2400,2400,0,5591,125
12:59:54.676,active,15275,850,13022,16789,0,95,62.2,48.0,No,2400,2400,0,5595,125
12:59:55.676,active,15286,842,12886,16789,-4,95,63.4,47.9,No,2400,2400,0,5583,125
12:59:56.676,active,15305,614,9394,16789,0,95,62.8,49.5,No,2400,2400,0,5591,125
12:59:57.676,active,15262,626,13152,16789,0,95,64.5,47.7,No,2400,2400,0,5597,125
12:59:58.676,active,15294,878,13406,16789,0,95,63.4,47.1,No,2400,2400,0,5586,125
12:59:59.676,active,15253,770,11768,16789,0,95,64.5,47.9,No,2400,2400,0,5601,125
13:00:00.676,active,15299,808,12346,16790,0,95,62.8,47.8,No,2400,2400,0,5602,125
13:00:01.676,active,15230,746,11400,16790,0,95,63.4,48.1,No,2400,2400,0,5606,125
13:00:02.676,active,15266,792,12114,16790,0,95,62.8,48.9,No,2400,2400,0,5602,125
13:00:03.676,active,15253,962,14718,16789,0,95,62.2,48.8,No,2400,2400,0,5594,125
13:00:04.676,active,15245,776,12596,16789,4,95,62.8,49.3,No,2400,2400,0,5602,125
13:00:05.676,active,15314,516,11786,16791,4,95,63.4,48.2,No,2400,2400,0,5603,125
13:00:06.676,active,15335,530,8120,16788,-3,95,62.8,48.0,No,2400,2400,0,5604,125
13:00:07.680,active,15309,482,7408,16789,0,95,62.2,47.9,No,2400,2400,0,5603,125
13:00:08.676,active,15320,532,8178,16790,3,95,62.8,48.7,No,2400,2400,0,5593,125
13:00:09.676,active,15301,534,8198,16790,3,95,62.2,48.7,No,2400,2400,0,5594,125
13:00:10.676,active,15301,524,8044,16790,4,95,63.4,52.6,No,2400,2400,0,5600,125
13:00:11.676,active,15301,484,7426,16791,3,95,63.9,48.8,No,2400,2400,0,5595,125
13:00:12.676,active,15307,520,8314,16790,3,95,61.7,46.2,No,2400,2400,0,5605,125
13:00:13.676,sleep,15286,444,6790,16793,14,95,61.7,4.5,No,2400,2400,0,5635,125
13:00:14.676,sleep,15288,416,6752,16791,13,95,59.5,0.0,No,2400,2400,0,5641,125
13:00:15.676,sleep,15288,462,7098,16792,12,95,59.0,-0.0,No,2400,2400,0,5644,125
13:00:16.676,sleep,15294,494,7562,16792,9,95,59.0,-0.0,No,2400,2400,0,5645,125
13:00:17.676,sleep,15281,500,7658,16792,8,95,57.3,0.0,No,2400,2400,0,5641,125
13:00:18.676,sleep,15288,526,8064,16792,12,95,56.8,0.0,No,1500,2400,0,5638,125
13:00:19.676,sleep,15296,470,7214,16791,11,95,56.2,-0.0,No,1500,2400,0,5649,125
13:00:20.676,sleep,15292,422,6462,16791,10,95,55.6,-0.0,No,1500,2400,0,5653,125
13:00:21.676,sleep,15286,482,7388,16792,11,95,55.1,0.0,No,1500,2400,0,5649,125
13:00:22.676,sleep,15283,458,6308,16792,10,95,55.6,0.0,No,1500,2400,0,5650,125
13:00:23.676,sleep,15290,370,6500,16792,13,95,55.1,0.3,No,1500,2400,0,5650,125
13:00:24.676,sleep,15294,516,7890,16792,14,95,54.5,-0.0,No,1500,2400,0,5666,125
13:00:25.676,sleep,15292,332,7396,16792,14,95,54.0,0.0,No,1500,2400,0,4170,75
13:00:26.676,sleep,15290,544,8352,16793,14,95,54.5,0.3,No,1500,2400,0,3577,75
13:00:27.676,sleep,15283,550,8430,16792,12,95,54.0,0.0,No,1500,2400,0,3477,75
13:00:28.680,active,15241,832,12732,16789,0,95,57.3,52.8,No,2400,2400,0,3430,75
13:00:29.676,active,15264,598,9162,16790,0,95,58.4,48.3,No,2400,2400,0,3414,75
13:00:30.676,active,15277,902,13792,16790,0,95,59.5,47.9,No,2400,2400,0,3428,75
13:00:31.676,active,15290,716,10976,16790,0,95,60.0,49.6,No,2400,2400,0,3428,75
13:00:32.676,active,15322,474,7292,16790,-6,95,61.1,49.0,No,2400,2400,0,4749,125
13:00:33.681,active,15322,534,7330,16789,-7,95,61.1,49.6,No,2400,2400,0,5501,125
13:00:34.682,active,15324,522,8006,16789,0,95,61.1,49.5,No,2400,2400,0,5553,125
13:00:35.676,active,15307,528,7562,16789,-5,95,60.0,47.7,No,2400,2400,0,5568,125
13:00:36.676,active,15339,476,7310,16788,-5,95,61.7,49.5,No,2400,2400,0,5559,125
13:00:37.676,active,15305,420,7448,16788,-5,95,61.1,48.7,No,2400,2400,0,5558,125
13:00:38.676,active,15318,498,7658,16789,-5,95,61.7,47.0,No,2400,2400,0,5562,125
13:00:39.677,active,15299,508,7792,16789,0,95,61.7,46.4,No,2400,2400,0,5562,125
13:00:40.677,active,15303,546,8372,16789,0,95,61.7,45.8,No,2400,2400,0,5557,125
13:00:41.678,active,15281,840,7138,16789,0,95,61.7,46.6,No,2400,2400,0,5559,125
13:00:42.678,active,15283,844,12924,16789,0,95,61.1,45.7,No,2400,2400,0,5562,125
13:00:43.676,active,15277,768,8314,16790,0,95,61.1,47.4,No,2400,2400,0,5567,125
13:00:44.676,active,15273,832,12732,16791,3,95,63.4,50.0,No,2400,2400,0,5567,125
13:00:45.676,active,15281,878,8816,16790,0,95,62.8,52.0,No,2400,2400,0,5567,125
13:00:46.679,active,15307,614,9432,16789,0,95,63.9,49.7,No,2400,2400,0,5562,125
13:00:47.680,active,15311,674,7832,16788,0,95,62.8,47.6,No,2400,2400,0,5568,125
13:00:48.676,active,15281,700,10706,16790,0,95,61.7,49.2,No,2400,2400,0,5560,125
13:00:49.676,active,15309,742,6924,16790,0,95,63.4,49.0,No,2400,2400,0,5568,125
13:00:50.676,active,15256,706,10802,16790,0,95,61.7,48.5,No,2400,2400,0,5569,125
13:00:51.676,active,15245,772,11806,16790,0,95,62.8,49.5,No,2400,2400,0,5577,125
13:00:52.676,active,15294,782,11980,16790,0,95,63.9,49.5,No,2400,2400,0,5573,125
13:00:53.679,active,15275,732,11304,16789,0,95,63.4,49.1,No,2400,2400,0,5577,125
13:00:54.682,active,15268,854,13060,16789,0,95,61.1,48.1,No,2400,2400,0,5578,125
13:00:55.677,active,15266,704,12384,16789,0,95,62.8,48.2,No,2400,2400,0,5582,125
13:00:56.676,active,15277,732,11226,16789,0,95,62.2,49.4,No,2400,2400,0,5581,125
13:00:57.676,active,15281,768,12848,16789,0,95,63.4,48.6,No,2400,2400,0,5597,125
13:00:58.676,active,15279,846,12964,16790,0,95,62.2,48.3,No,2400,2400,0,5597,125
13:00:59.680,active,15271,654,12732,16789,0,95,65.0,48.9,No,2400,2400,0,5581,125
13:01:00.676,active,15303,484,7446,16790,-3,95,63.4,48.0,No,2400,2400,0,5584,125
13:01:01.676,active,15303,526,8064,16790,0,95,62.8,47.6,No,2400,2400,0,5587,125
13:01:02.681,active,15296,560,8584,16790,0,95,62.8,47.1,No,2400,2400,0,5588,125
13:01:03.676,active,15303,724,11092,16790,0,95,62.2,48.0,No,2400,2400,0,5589,125
13:01:04.676,active,15294,448,6866,16788,0,95,62.8,48.4,No,2400,2400,0,5589,125
13:01:05.676,active,15299,782,13078,16790,0,95,62.8,47.7,No,2400,2400,0,5586,125
13:01:06.676,active,15268,626,9588,16790,0,95,63.4,47.4,No,2400,2400,0,5583,125
13:01:07.676,active,15301,614,12500,16790,0,95,63.4,48.4,No,2400,2400,0,5585,125
13:01:08.676,active,15344,494,7600,16789,0,95,62.8,46.7,No,2400,2400,0,5600,125
13:01:09.681,active,15281,566,8700,16789,0,95,63.4,48.3,No,2400,2400,0,5605,125
13:01:10.676,active,15341,506,7792,16790,3,95,62.8,47.8,No,2400,2400,0,5585,125
13:01:11.676,active,15352,532,7948,16791,0,95,62.8,48.8,No,2400,2400,0,5589,125
13:01:12.676,active,15329,528,8120,16791,5,95,63.4,48.9,No,2400,2400,0,5578,125
13:01:13.676,active,15341,450,7890,16790,0,95,62.8,48.8,No,2400,2400,0,5590,125
13:01:14.676,active,15320,510,7832,16789,0,95,63.9,48.1,No,2400,2400,0,5593,125
13:01:15.676,active,15318,468,9182,16789,0,95,62.8,48.3,No,2400,2400,0,5577,125
13:01:16.680,active,15324,566,8680,16791,3,95,62.8,48.2,No,2400,2400,0,5585,125
13:01:17.676,active,15258,522,7512,16791,0,95,62.8,48.1,No,2400,2400,0,5593,125
13:01:18.676,active,15268,838,12828,16791,0,95,63.4,49.3,No,2400,2400,0,5593,125
13:01:19.676,active,15260,774,12770,16790,3,95,62.2,49.9,No,2400,2400,0,5588,125
13:01:20.676,active,15279,748,11440,16789,0,95,63.4,50.6,No,2400,2400,0,5594,125
13:01:21.676,active,15264,812,13678,16790,3,95,63.4,46.9,No,2400,2400,0,5591,125
13:01:22.676,active,15260,828,12674,16791,5,95,63.9,47.1,No,2400,2400,0,5593,125
13:01:23.676,active,15271,882,12172,16790,0,95,62.8,46.5,No,2400,2400,0,5604,125
13:01:24.676,active,15266,856,13098,16790,0,95,62.8,49.2,No,2400,2400,0,5594,125
13:01:25.676,active,15275,840,11266,16789,0,95,62.8,46.6,No,2400,2400,0,5592,125
13:01:26.676,active,15301,706,10822,16790,0,95,63.4,49.5,No,2400,2400,0,5593,125
13:01:27.676,active,15299,588,8140,16791,3,95,63.4,49.1,No,2400,2400,0,5612,125
13:01:28.676,sleep,15290,502,7696,16792,5,95,60.0,6.0,No,2400,2400,0,5640,125
13:01:29.676,sleep,15288,458,6982,16792,9,95,59.0,-0.0,No,2400,2400,0,5640,125
13:01:30.676,sleep,15296,476,7292,16792,14,95,58.4,0.0,No,2400,2400,0,5635,125
13:01:31.676,sleep,15290,548,7466,16793,15,95,59.0,-0.0,No,2400,2400,0,5645,125
13:01:32.676,sleep,15299,420,6442,16793,13,95,57.9,0.0,No,2400,2400,0,5625,125
13:01:33.676,sleep,15290,454,7522,16793,17,95,57.3,-0.0,No,1500,2400,0,5636,125
13:01:34.676,sleep,15290,498,7658,16793,19,95,55.6,0.0,No,1500,2400,0,5647,125
13:01:35.676,sleep,15288,430,6732,16792,16,95,56.8,0.0,No,1500,2400,0,5660,125
13:01:36.676,sleep,15286,460,7040,16793,18,95,55.6,0.0,No,1500,2400,0,5649,125
13:01:37.676,sleep,15288,418,6404,16793,17,95,54.5,0.0,No,1500,2400,0,5649,125
13:01:38.676,sleep,15288,414,6346,16793,17,95,55.6,0.0,No,1500,2400,0,5646,125
13:01:39.676,sleep,15292,462,7098,16794,17,95,54.5,0.0,No,1500,2400,0,5648,75
13:01:40.676,sleep,15290,346,5324,16793,19,95,54.0,0.0,No,1500,2400,0,3901,75
13:01:41.676,sleep,15286,402,6520,16792,18,95,55.1,0.0,No,1500,2400,0,3543,75
13:01:42.676,sleep,15283,486,7446,16792,14,95,53.5,-0.0,No,1500,2400,0,3481,75
13:01:43.676,active,15320,476,7446,16791,0,95,56.8,51.6,No,2400,2400,0,3443,75
13:01:44.679,active,15243,776,11864,16789,-3,95,58.4,49.4,No,2400,2400,0,3418,75
13:01:45.676,active,15301,858,13136,16790,-3,95,59.0,50.9,No,2400,2400,0,3416,75
13:01:46.676,active,15249,896,13716,16791,0,95,60.0,49.6,No,2400,2400,0,3409,75
13:01:47.676,active,15294,762,11670,16790,0,95,60.6,47.9,No,2400,2400,0,5115,125
13:01:48.676,active,15268,818,12500,16790,-4,95,61.1,45.9,No,2400,2400,0,5525,125
13:01:49.676,active,15245,826,12654,16790,0,95,60.6,45.3,No,2400,2400,0,5553,125
13:01:50.679,active,15275,876,13426,16790,-5,95,60.6,46.0,No,2400,2400,0,5562,125
13:01:51.676,active,15271,744,11420,16789,0,95,60.0,46.1,No,2400,2400,0,5561,125
13:01:52.676,active,15281,890,13620,16790,0,95,60.6,46.2,No,2400,2400,0,5561,125
13:01:53.676,active,15275,770,11786,16790,0,95,62.8,47.4,No,2400,2400,0,5562,125
13:01:54.676,active,15296,542,11728,16789,0,95,62.2,50.4,No,2400,2400,0,5549,125
13:01:55.679,active,15260,756,11574,16790,0,95,62.2,50.7,No,2400,2400,0,5556,125
13:01:56.682,active,15266,528,10300,16790,3,95,62.8,48.6,No,2400,2400,0,5549,125
13:01:57.677,active,15243,782,11940,16790,0,95,61.7,49.1,No,2400,2400,0,5554,125
13:01:58.676,active,15266,674,10744,16790,0,95,61.7,48.9,No,2400,2400,0,5547,125
13:01:59.676,active,15277,664,10166,16790,0,95,62.2,49.7,No,2400,2400,0,5548,125
13:02:00.676,active,15268,630,13446,16789,0,95,62.8,48.5,No,2400,2400,0,5562,125
13:02:01.679,active,15251,622,9510,16790,4,95,62.8,48.1,No,2400,2400,0,5562,125
13:02:02.679,active,15271,716,13252,16791,0,95,62.2,48.6,No,2400,2400,0,5560,125
13:02:03.676,active,15322,518,7948,16790,0,95,62.8,47.7,No,2400,2400,0,5561,125
13:02:04.677,active,15324,528,7928,16790,0,95,63.4,49.6,No,2400,2400,0,5572,125
13:02:05.676,active,15299,456,6982,16790,3,95,61.7,48.1,No,2400,2400,0,5571,125
13:02:06.676,active,15311,558,7908,16790,0,95,62.2,48.4,No,2400,2400,0,5558,125
13:02:07.676,active,15299,560,8584,16792,0,95,62.2,49.5,No,2400,2400,0,5576,125
13:02:08.677,active,15301,444,9086,16792,6,95,62.8,48.4,No,2400,2400,0,5579,125
13:02:09.680,active,15299,602,9240,16792,3,95,62.8,49.1,No,2400,2400,0,5580,125
13:02:10.676,active,15301,522,7754,16791,4,95,61.7,47.6,No,2400,2400,0,5573,125
13:02:11.677,active,15279,840,12848,16791,3,95,62.2,47.5,No,2400,2400,0,5578,125
13:02:12.676,active,15277,726,11130,16791,7,95,61.7,46.8,No,2400,2400,0,5580,125
13:02:13.676,active,15283,828,12694,16791,3,95,62.2,47.9,No,2400,2400,0,5584,125
13:02:14.676,active,15279,506,7792,16792,5,95,63.4,49.4,No,2400,2400,0,5579,125
13:02:15.676,active,15286,972,14892,16791,3,95,62.8,47.6,No,2400,2400,0,5576,125
13:02:16.676,active,15273,474,7678,16791,5,95,63.4,46.5,No,2400,2400,0,5572,125
13:02:17.676,active,15305,706,10822,16790,3,95,63.4,48.1,No,2400,2400,0,5588,125
13:02:18.677,active,15309,702,8236,16790,3,95,61.7,46.4,No,2400,2400,0,5582,125
13:02:19.676,active,15339,558,8584,16791,0,95,62.2,48.2,No,2400,2400,0,5597,125
13:02:20.676,active,15296,664,10146,16790,0,95,62.8,48.8,No,2400,2400,0,5583,125
13:02:21.676,active,15228,866,12722,16790,0,95,62.2,48.5,No,2400,2400,0,5586,125
13:02:22.676,active,15253,914,13966,16789,0,95,63.9,50.1,No,2400,2400,0,5580,125
13:02:23.676,active,15258,844,12906,16790,-3,95,62.8,47.5,No,2400,2400,0,5574,125
13:02:24.676,active,15243,812,12424,16791,0,95,62.8,49.4,No,2400,2400,0,5584,125
13:02:25.683,active,15256,844,12924,16791,0,95,62.8,48.0,No,2400,2400,0,5598,125
13:02:26.676,active,15253,844,12924,16790,0,95,62.2,48.1,No,2400,2400,0,5583,125
13:02:27.676,active,15262,786,12038,16789,0,95,62.8,49.0,No,2400,2400,0,5580,125
13:02:28.676,active,15260,806,12346,16790,0,95,63.4,48.7,No,2400,2400,0,5579,125
13:02:29.676,active,15311,496,6230,16790,0,95,63.4,52.2,No,2400,2400,0,5582,125
13:02:30.676,active,15294,496,7620,16790,0,95,62.2,46.5,No,2400,2400,0,5582,125
13:02:31.677,active,15301,518,7234,16789,0,95,63.4,47.0,No,2400,2400,0,5587,125
13:02:32.676,active,15296,482,7388,16790,0,95,62.8,49.2,No,2400,2400,0,5585,125
13:02:33.676,active,15299,566,10050,16791,4,95,62.2,47.3,No,2400,2400,0,5593,125
13:02:34.676,active,15314,416,6384,16791,0,95,63.9,51.3,No,2400,2400,0,5577,125
13:02:35.676,active,15301,520,10628,16791,0,95,63.9,47.7,No,2400,2400,0,5590,125
13:02:36.676,active,15303,516,7928,16790,0,95,63.4,47.8,No,2400,2400,0,5580,125
13:02:37.676,active,15296,362,11824,16790,0,95,63.4,47.6,No,2400,2400,0,5587,125
13:02:38.677,active,15277,876,13426,16790,0,95,62.2,52.8,No,2400,2400,0,5585,125
13:02:39.676,active,15277,420,6462,16790,0,95,62.8,50.3,No,2400,2400,0,5585,125
13:02:40.676,active,15292,718,10996,16790,3,95,63.9,53.0,No,2400,2400,0,5569,125
13:02:41.676,active,15286,912,13966,16790,0,95,63.9,55.4,No,2400,2400,0,5585,125
13:02:42.676,active,15316,604,9278,16790,0,95,64.5,53.8,No,2400,2400,0,5590,125
13:02:43.676,sleep,15286,508,7792,16793,6,95,60.6,11.6,No,2400,2400,0,5621,125
13:02:44.676,sleep,15290,468,7176,16791,11,95,59.0,0.0,No,2400,2400,0,5621,125
13:02:45.676,sleep,15296,532,8160,16791,6,95,58.4,0.0,No,2400,2400,0,5626,125
13:02:46.676,sleep,15288,536,8218,16792,11,95,59.0,0.0,No,2400,2400,0,5626,125
13:02:47.676,sleep,15294,472,7234,16791,13,95,57.9,-0.0,No,2400,2400,0,5614,125
13:02:48.676,sleep,15279,446,6752,16794,16,95,56.8,0.0,No,1500,2400,0,5640,125
13:02:49.676,sleep,15286,440,6752,16794,15,95,56.8,0.0,No,1500,2400,0,5656,125
13:02:50.676,sleep,15288,424,5988,16792,8,95,56.2,-0.0,No,1500,2400,0,5648,125
13:02:51.676,sleep,15288,362,5536,16792,11,95,55.6,0.0,No,1500,2400,0,5646,125
13:02:52.676,sleep,15292,404,6192,16792,13,95,55.1,0.0,No,1500,2400,0,5648,125
13:02:53.676,sleep,15288,386,5922,16792,15,95,55.1,0.0,No,1500,2400,0,5646,125
13:02:54.676,sleep,15283,422,6482,16793,11,95,55.1,-0.0,No,1500,2400,0,5230,75
13:02:55.676,sleep,15283,492,7542,16793,13,95,54.5,0.0,No,1500,2400,0,3735,75
13:02:56.676,sleep,15288,432,3646,16793,14,95,54.5,0.0,No,1500,2400,0,3490,75
13:02:57.676,sleep,15290,110,1696,16793,17,95,54.5,0.0,No,1500,2400,0,3455,75
13:02:58.676,active,15288,508,11188,16790,3,95,57.9,46.5,No,2400,2400,0,3429,75
13:02:59.678,active,15283,720,11034,16790,0,95,58.4,46.1,No,2400,2400,0,3413,75
13:03:00.676,active,15299,440,11014,16792,3,95,59.0,46.1,No,2400,2400,0,3402,75
13:03:01.676,active,15253,742,11362,16792,6,95,59.5,46.6,No,2400,2400,0,3399,75
13:03:02.676,active,15268,522,11728,16791,6,95,60.6,47.2,No,2400,2400,0,3396,125
13:03:03.677,active,15247,772,11806,16790,3,95,61.7,48.6,No,2400,2400,0,5300,125
13:03:04.676,active,15266,700,10514,16789,0,95,61.7,48.5,No,2400,2400,0,5538,125
13:03:05.676,active,15346,510,7850,16792,0,95,61.1,45.9,No,2400,2400,0,5545,125
13:03:06.680,active,15309,554,8506,16792,3,95,60.6,47.7,No,2400,2400,0,5548,125
13:03:07.676,active,15341,474,7310,16791,6,95,61.1,48.6,No,2400,2400,0,5554,125
13:03:08.676,active,15305,498,7658,16790,0,95,61.1,49.4,No,2400,2400,0,5547,125
13:03:09.676,active,15314,474,7292,16789,0,95,62.2,50.2,No,2400,2400,0,5554,125
13:03:10.676,active,15350,450,6906,16790,0,95,62.8,49.0,No,2400,2400,0,5543,125
13:03:11.681,active,15311,498,7658,16790,0,95,61.7,48.9,No,2400,2400,0,5541,125
13:03:12.676,active,15322,476,7292,16789,0,95,61.7,48.4,No,2400,2400,0,5553,125
13:03:13.676,active,15311,538,8256,16789,0,95,62.2,48.5,No,2400,2400,0,5559,125
13:03:14.675,active,15266,884,13562,16790,0,95,62.2,48.6,No,2400,2400,0,5547,125
13:03:15.676,active,15268,856,14642,16790,0,95,61.7,49.4,No,2400,2400,0,5547,125
13:03:16.676,active,15262,822,12596,16790,0,95,62.8,48.9,No,2400,2400,0,5544,125
13:03:17.676,active,15283,810,8256,16790,-3,95,62.8,47.5,No,2400,2400,0,5556,125
13:03:18.680,active,15277,754,11574,16790,3,95,62.8,49.0,No,2400,2400,0,5554,125
13:03:19.676,active,15279,834,7754,16789,3,95,62.8,48.0,No,2400,2400,0,5556,125
13:03:20.677,active,15281,532,8160,16791,0,95,61.7,47.2,No,2400,2400,0,5559,125
13:03:21.676,active,15277,822,7600,16791,0,95,61.7,49.1,No,2400,2400,0,5559,125
13:03:22.676,active,15277,508,7832,16790,0,95,62.8,48.5,No,2400,2400,0,5565,125
13:03:23.676,active,15260,784,12770,16791,0,95,62.8,47.9,No,2400,2400,0,5563,125
13:03:24.676,active,15258,642,9818,16791,3,95,63.4,47.9,No,2400,2400,0,5564,125
13:03:25.677,active,15253,662,11130,16790,0,95,62.2,48.5,No,2400,2400,0,5566,125
13:03:26.676,active,15241,904,13832,16789,0,95,62.8,47.7,No,2400,2400,0,5567,125
13:03:27.677,active,15234,724,13118,16789,0,95,62.2,47.9,No,2400,2400,0,5565,125
13:03:28.676,active,15256,888,13580,16789,0,95,62.8,48.3,No,2400,2400,0,5564,125
13:03:29.676,active,15251,788,11768,16789,0,95,62.2,48.8,No,2400,2400,0,5571,125
13:03:30.676,active,15271,902,13792,16790,0,95,62.8,49.2,No,2400,2400,0,5572,125
13:03:31.676,active,15307,520,12712,16791,0,95,63.4,48.7,No,2400,2400,0,5576,125
13:03:32.676,active,15305,506,7774,16790,4,95,62.8,48.3,No,2400,2400,0,5567,125
13:03:33.676,active,15311,510,7812,16790,0,95,62.2,48.0,No,2400,2400,0,5578,125
13:03:34.683,active,15303,454,6964,16791,0,95,61.7,48.7,No,2400,2400,0,5575,125
13:03:35.676,active,15299,460,7040,16791,0,95,63.4,48.6,No,2400,2400,0,5583,125
13:03:36.676,active,15294,574,8816,16790,0,95,60.6,48.6,No,2400,2400,0,5581,125
13:03:37.676,active,15299,562,8604,16790,0,95,63.9,48.8,No,2400,2400,0,5576,125
13:03:38.676,active,15283,568,8718,16790,0,95,62.2,50.0,No,2400,2400,0,5586,125
13:03:39.676,active,15296,538,8236,16791,3,95,63.4,49.8,No,2400,2400,0,5591,125
13:03:40.676,active,15290,728,10918,16791,3,95,62.8,46.2,No,2400,2400,0,5586,125
13:03:41.676,active,15305,660,10128,16790,0,95,62.2,48.2,No,2400,2400,0,5590,125
13:03:42.676,active,15307,690,8448,16790,0,95,62.2,49.6,No,2400,2400,0,5578,125
13:03:43.677,active,15354,494,7620,16789,4,95,63.4,49.2,No,2400,2400,0,5585,125
13:03:44.676,active,15294,682,9144,16791,0,95,63.4,54.5,No,2400,2400,0,5577,125
13:03:45.676,active,15303,506,7754,16792,0,95,63.9,47.1,No,2400,2400,0,5579,125
13:03:46.676,active,15309,662,8082,16792,6,95,63.9,47.3,No,2400,2400,0,5577,125
13:03:47.677,active,15277,572,8776,16792,9,95,63.9,47.7,No,2400,2400,0,5591,125
13:03:48.676,active,15329,598,7736,16790,0,95,62.8,49.5,No,2400,2400,0,5581,125
13:03:49.676,active,15271,670,10262,16790,5,95,63.9,52.7,No,2400,2400,0,5586,125
13:03:50.676,active,15271,650,10572,16791,0,95,63.9,54.5,No,2400,2400,0,5583,125
13:03:51.676,active,15277,864,13214,16790,0,95,65.5,52.2,No,2400,2400,0,5589,125
13:03:52.676,active,15262,798,13136,16790,0,95,63.9,51.6,No,2400,2400,0,5582,125
13:03:53.676,active,15286,640,9800,16790,4,95,63.4,51.9,No,2400,2400,0,5582,125
13:03:54.676,active,15262,760,13774,16790,4,95,63.9,51.0,No,2400,2400,0,5576,125
13:03:55.676,active,15264,866,13234,16791,6,95,63.4,48.5,No,2400,2400,0,5586,125
13:03:56.676,active,15268,860,12616,16792,9,95,63.4,45.5,No,2400,2400,0,5594,125
13:03:57.676,active,15273,832,12752,16791,4,95,63.9,48.5,No,2400,2400,0,5595,125
13:03:58.676,sleep,15294,538,8236,16793,9,95,60.0,12.7,No,2400,2400,0,5627,125
13:03:59.676,sleep,15288,530,8632,16793,19,95,59.5,0.0,No,2400,2400,0,5632,125
13:04:00.676,sleep,15290,486,7446,16795,18,95,59.0,-0.0,No,2400,2400,0,5639,125
13:04:01.676,sleep,15292,472,6996,16795,17,95,58.4,-0.0,No,2400,2400,0,5658,125
13:04:02.676,sleep,15292,496,7600,16795,16,95,57.9,0.0,No,2400,2400,0,5636,125
13:04:03.676,sleep,15292,324,4976,16793,18,95,57.3,0.0,No,1500,2400,0,5638,125
13:04:04.676,sleep,15288,434,6654,16793,17,95,56.2,0.0,No,1500,2400,0,5634,125
13:04:05.676,sleep,15301,282,4340,16793,14,95,55.6,0.0,No,1500,2400,0,5635,125
13:04:06.676,sleep,15286,482,7388,16793,15,95,56.2,0.0,No,1500,2400,0,5647,125
13:04:07.676,sleep,15283,384,7388,16794,16,95,54.5,-0.0,No,1500,2400,0,5642,125
13:04:08.676,sleep,15281,440,6752,16794,18,95,54.5,0.0,No,1500,2400,0,5642,125
13:04:09.676,sleep,15290,506,8178,16793,19,95,54.5,-0.0,No,1500,2400,0,4555,75
13:04:10.676,sleep,15292,494,7580,16794,21,95,54.5,0.0,No,1500,2400,0,3641,75
13:04:11.676,sleep,15286,392,7118,16795,23,95,54.0,0.0,No,1500,2400,0,3488,75
13:04:12.676,sleep,15281,552,8448,16795,19,95,54.5,0.0,No,1500,2400,0,3468,75
13:04:13.677,active,15324,482,7388,16793,12,95,57.3,48.2,No,2400,2400,0,3441,75
13:04:14.676,active,15320,522,8024,16792,5,95,59.0,48.3,No,2400,2400,0,3419,75
13:04:15.679,active,15303,434,8210,16792,8,95,59.0,47.4,No,2400,2400,0,3423,75
13:04:16.676,active,15258,864,13214,16792,6,95,60.0,48.1,No,2400,2400,0,4039,125
13:04:17.676,active,15301,724,13194,16792,5,95,59.5,49.7,No,2400,2400,0,5438,125
13:04:18.676,active,15281,844,12924,16793,4,95,61.1,48.6,No,2400,2400,0,5550,125
13:04:19.676,active,15277,782,12308,16792,3,95,61.1,48.2,No,2400,2400,0,5555,125
13:04:20.676,active,15275,840,12866,16791,0,95,60.6,49.0,No,2400,2400,0,5540,125
13:04:21.681,active,15271,786,12596,16790,0,95,60.6,48.3,No,2400,2400,0,5531,125
13:04:22.676,active,15277,818,12538,16790,0,95,61.1,49.0,No,2400,2400,0,5539,125
13:04:23.676,active,15273,796,12424,16791,-3,95,61.1,47.2,No,2400,2400,0,5545,125
13:04:24.676,active,15262,884,13562,16792,0,95,62.2,49.0,No,2400,2400,0,5541,125
13:04:25.677,active,15305,540,8256,16791,0,95,61.7,48.4,No,2400,2400,0,5531,125
13:04:26.676,active,15299,700,10744,16790,0,95,62.2,49.1,No,2400,2400,0,5553,125
13:04:27.677,active,15299,554,9588,16790,0,95,61.7,47.9,No,2400,2400,0,5563,125
13:04:28.676,active,15279,754,11554,16790,0,95,61.1,47.5,No,2400,2400,0,5554,125
13:04:29.676,active,15268,858,13908,16791,0,95,61.1,47.6,No,2400,2400,0,5553,125
13:04:30.676,active,15256,714,10918,16791,0,95,62.2,48.1,No,2400,2400,0,5554,125
13:04:31.676,active,15256,660,10610,16791,0,95,62.8,47.6,No,2400,2400,0,5551,125
13:04:32.676,active,15236,840,12808,16791,0,95,62.8,48.2,No,2400,2400,0,5552,125
13:04:33.680,active,15266,688,11112,16790,3,95,62.8,47.5,No,2400,2400,0,5561,125
13:04:34.676,active,15326,498,8170,16791,0,95,63.4,46.7,No,2400,2400,0,5560,125
13:04:35.676,active,15331,528,8120,16791,0,95,61.7,48.2,No,2400,2400,0,5565,125
13:04:36.677,active,15314,440,6770,16790,0,95,62.2,46.5,No,2400,2400,0,5567,125
13:04:37.676,active,15316,534,8198,16790,0,95,62.2,48.1,No,2400,2400,0,5572,125
13:04:38.676,active,15305,566,8680,16790,0,95,62.2,48.3,No,2400,2400,0,5571,125
13:04:39.676,active,15311,486,7446,16790,0,95,62.8,49.3,No,2400,2400,0,5572,125
13:04:40.676,active,15303,550,8448,16791,3,95,62.8,48.8,No,2400,2400,0,5576,125
13:04:41.676,active,15305,546,8392,16792,4,95,62.8,48.6,No,2400,2400,0,5585,125
13:04:42.676,active,15292,438,6712,16792,5,95,62.2,48.6,No,2400,2400,0,5576,125
13:04:43.676,active,15275,930,14256,16791,4,95,62.2,48.4,No,2400,2400,0,5566,125
13:04:44.676,active,15281,810,7890,16790,0,95,61.7,48.8,No,2400,2400,0,5577,125
13:04:45.676,active,15275,666,10204,16792,6,95,61.7,48.8,No,2400,2400,0,5582,125
13:04:46.676,active,15283,714,7850,16792,7,95,63.9,48.7,No,2400,2400,0,5577,125
13:04:47.676,active,15281,704,10802,16791,3,95,63.4,50.0,No,2400,2400,0,5583,125
13:04:48.676,active,15309,736,7330,16791,4,95,62.8,51.4,No,2400,2400,0,5582,125
13:04:49.676,active,15281,518,7966,16791,3,95,62.2,45.8,No,2400,2400,0,5586,125
13:04:50.676,active,15303,724,6770,16793,6,95,61.7,46.5,No,2400,2400,0,5588,125
13:04:51.676,active,15296,500,7696,16793,12,95,61.7,46.7,No,2400,2400,0,5585,125
13:04:52.676,active,15266,804,12288,16792,8,95,62.2,48.2,No,2400,2400,0,5584,125
13:04:53.681,active,15225,938,14314,16792,7,95,62.8,50.9,No,2400,2400,0,5582,125
13:04:54.676,active,15234,754,11554,16792,11,95,63.4,47.1,No,2400,2400,0,5585,125
13:04:55.681,active,15264,738,11284,16792,8,95,63.9,48.9,No,2400,2400,0,5589,125
13:04:56.676,active,15236,822,12596,16793,7,95,62.8,48.7,No,2400,2400,0,5588,125
13:04:57.676,active,15275,814,12462,16794,8,95,62.2,52.5,No,2400,2400,0,5585,125
13:04:58.676,active,15253,742,11382,16792,10,95,63.4,52.7,No,2400,2400,0,5587,125
13:04:59.676,active,15264,834,12770,16792,9,95,63.4,50.4,No,2400,2400,0,5577,125
13:05:00.676,active,15273,674,10320,16792,6,95,64.5,52.4,No,2400,2400,0,5575,125
13:05:01.676,active,15301,536,7716,16792,7,95,63.4,50.6,No,2400,2400,0,5578,125
13:05:02.680,active,15324,514,7870,16791,4,95,63.4,51.1,No,2400,2400,0,5584,125
13:05:03.677,active,15311,516,8546,16792,7,95,62.8,51.0,No,2400,2400,0,5598,125
13:05:04.676,active,15303,532,8178,16791,0,95,63.4,50.8,No,2400,2400,0,5590,125
13:05:05.676,active,15294,608,9896,16792,6,95,62.8,48.1,No,2400,2400,0,5578,125
13:05:06.676,active,15309,494,7562,16792,5,95,63.9,48.6,No,2400,2400,0,5581,125
13:05:07.676,active,15299,524,11690,16790,0,95,63.4,47.3,No,2400,2400,0,5591,125
13:05:08.681,active,15307,518,7928,16790,0,95,64.5,48.3,No,2400,2400,0,5599,125
13:05:09.676,active,15281,690,10590,16792,4,95,62.2,47.2,No,2400,2400,0,5601,125
13:05:10.680,active,15296,648,9954,16792,4,95,63.4,49.1,No,2400,2400,0,5597,125
13:05:11.676,active,15288,770,11806,16791,0,95,62.8,47.6,No,2400,2400,0,5594,125
13:05:12.676,active,15333,528,8120,16791,3,95,63.4,47.8,No,2400,2400,0,5593,125
13:05:13.676,sleep,15292,570,8738,16793,6,95,60.6,16.8,No,2400,2400,0,5627,125
13:05:14.676,sleep,15288,470,7214,16794,15,95,60.0,0.0,No,2400,2400,0,5650,125
13:05:15.676,sleep,15286,466,7156,16794,14,95,59.0,0.0,No,2400,2400,0,5636,125
13:05:16.676,sleep,15288,542,8314,16794,19,95,58.4,-0.0,No,2400,2400,0,5632,125
13:05:17.676,sleep,15290,532,8178,16793,14,95,58.4,0.0,No,2400,2400,0,5636,125
13:05:18.676,sleep,15283,346,7908,16793,12,95,56.8,0.0,No,1500,2400,0,5640,125
13:05:19.676,sleep,15283,512,7850,16795,15,95,56.8,-0.0,No,1500,2400,0,5652,125
13:05:20.676,sleep,15288,412,7426,16794,12,95,56.8,0.0,No,1500,2400,0,5648,125
13:05:21.676,sleep,15283,422,6482,16794,10,95,55.6,0.5,No,1500,2400,0,5650,125
13:05:22.676,sleep,15286,422,8044,16793,11,95,55.1,0.0,No,1500,2400,0,5652,125
13:05:23.676,sleep,15292,486,7446,16793,13,95,55.1,0.0,No,1500,2400,0,4120,75
13:05:24.676,sleep,15286,424,7098,16793,15,95,55.1,0.0,No,1500,2400,0,3562,75
13:05:25.676,sleep,15290,474,7252,16794,14,95,54.5,-0.0,No,1500,2400,0,3471,75
13:05:26.676,sleep,15288,324,4474,16794,12,95,54.0,0.0,No,1500,2400,0,3463,75
13:05:27.676,sleep,15290,446,6848,16794,13,95,54.5,0.0,No,1500,2400,0,3465,75
13:05:28.676,active,15301,666,10186,16791,0,95,58.4,41.6,No,2400,2400,0,3419,75
13:05:29.680,active,15303,614,9432,16790,-5,95,59.0,47.4,No,2400,2400,0,3405,75
13:05:30.679,active,15301,782,11940,16790,-5,95,59.0,48.7,No,2400,2400,0,3407,75
13:05:31.676,active,15271,590,9046,16790,-7,95,59.5,48.2,No,2400,2400,0,3393,75
13:05:32.676,active,15271,630,9626,16790,-7,95,60.0,48.7,No,2400,2400,0,3382,75
13:05:33.676,active,15249,734,11226,16790,-8,95,60.6,48.6,No,2400,2400,0,4636,125
13:05:34.676,active,15273,678,10378,16790,-3,95,61.1,48.6,No,2400,2400,0,5477,125
13:05:35.676,active,15271,702,10744,16791,-7,95,61.1,47.9,No,2400,2400,0,5538,125
13:05:36.681,active,15309,510,7832,16792,0,95,61.1,48.6,No,2400,2400,0,5527,125
13:05:37.676,active,15331,504,6886,16792,0,95,61.7,48.5,No,2400,2400,0,5531,125
13:05:38.676,active,15318,520,8006,16790,0,95,60.6,47.5,No,2400,2400,0,5537,125
13:05:39.676,active,15320,534,7792,16790,0,95,61.7,48.2,No,2400,2400,0,5538,125
13:05:40.676,active,15301,430,6596,16791,0,95,61.7,48.4,No,2400,2400,0,5537,125
13:05:41.676,active,15318,540,8526,16790,0,95,62.2,48.2,No,2400,2400,0,5536,125
13:05:42.676,active,15296,490,7522,16790,0,95,62.2,46.9,No,2400,2400,0,5518,125
13:05:43.676,active,15305,572,8468,16791,0,95,62.2,48.1,No,2400,2400,0,5537,125
13:05:44.680,active,15296,462,7080,16790,0,95,61.7,46.5,No,2400,2400,0,5538,125
13:05:45.676,active,15275,756,11612,16791,-3,95,61.1,48.0,No,2400,2400,0,5547,125
13:05:46.676,active,15277,840,7484,16790,-3,95,62.2,47.2,No,2400,2400,0,5539,125
13:05:47.676,active,15281,610,9356,16791,-3,95,62.2,48.3,No,2400,2400,0,5547,125
13:05:48.676,active,15279,726,7580,16789,-4,95,62.8,49.0,No,2400,2400,0,5546,125
13:05:49.676,active,15283,450,6944,16789,-8,95,62.2,48.1,No,2400,2400,0,5559,125
13:05:50.676,active,15346,486,8622,16789,-7,95,62.2,48.2,No,2400,2400,0,5554,125
13:05:51.680,active,15314,490,7522,16790,-5,95,62.2,48.0,No,2400,2400,0,5554,125
13:05:52.676,active,15346,584,8874,16791,-4,95,61.7,48.4,No,2400,2400,0,5560,125
13:05:53.676,active,15225,900,13734,16790,-3,95,61.7,49.0,No,2400,2400,0,5559,125
13:05:54.676,active,15228,844,12924,16791,0,95,62.2,48.8,No,2400,2400,0,5560,125
13:05:55.676,active,15253,858,13136,16791,0,95,63.4,48.8,No,2400,2400,0,5581,125
13:05:56.676,active,15241,806,12346,16790,-5,95,62.8,48.7,No,2400,2400,0,5559,125
13:05:57.679,active,15260,780,11940,16790,-4,95,62.2,50.1,No,2400,2400,0,5559,125
13:05:58.677,active,15249,872,13368,16791,0,95,62.2,48.0,No,2400,2400,0,5578,125
13:05:59.676,active,15266,836,12790,16790,0,95,62.2,45.1,No,2400,2400,0,5563,125
13:06:00.676,active,15271,660,10108,16790,-3,95,63.9,50.3,No,2400,2400,0,5576,125
13:06:01.676,active,15279,906,13890,16790,0,95,62.8,47.0,No,2400,2400,0,5567,125
13:06:02.676,active,15301,562,8622,16791,5,95,63.4,47.2,No,2400,2400,0,5571,125
13:06:03.676,active,15301,498,7426,16791,3,95,63.9,50.5,No,2400,2400,0,5568,125
13:06:04.676,active,15311,548,8410,16791,0,95,62.8,48.4,No,2400,2400,0,5576,125
13:06:05.680,active,15326,502,9336,16791,3,95,62.8,46.6,No,2400,2400,0,5573,125
13:06:06.676,active,15301,474,7272,16790,0,95,63.9,52.3,No,2400,2400,0,5558,125
13:06:07.676,active,15303,480,11072,16791,0,95,62.8,51.8,No,2400,2400,0,5582,125
13:06:08.676,active,15301,476,7310,16791,4,95,63.9,52.4,No,2400,2400,0,5581,125
13:06:09.677,active,15296,506,10282,16791,0,95,63.9,50.5,No,2400,2400,0,5581,125
13:06:10.676,active,15256,728,11150,16791,0,95,63.4,52.6,No,2400,2400,0,5578,125
13:06:11.679,active,15281,844,12924,16790,0,95,64.5,51.8,No,2400,2400,0,5580,125
13:06:12.680,active,15281,874,9292,16790,0,95,64.5,49.1,No,2400,2400,0,5577,125
13:06:13.676,active,15314,528,8120,16790,0,95,62.2,48.6,No,2400,2400,0,5574,125
13:06:14.676,active,15277,800,7022,16790,3,95,63.4,51.8,No,2400,2400,0,5579,125
13:06:15.676,active,15301,498,7658,16791,0,95,63.9,46.5,No,2400,2400,0,5585,125
13:06:16.676,active,15324,544,8006,16792,0,95,64.5,46.7,No,2400,2400,0,5590,125
13:06:17.681,active,15307,554,8526,16791,0,95,63.4,48.0,No,2400,2400,0,5583,125
13:06:18.676,active,15326,582,8488,16791,0,95,62.8,48.3,No,2400,2400,0,5590,125
13:06:19.676,active,15348,564,8662,16789,0,95,62.2,48.0,No,2400,2400,0,5592,125
13:06:20.676,active,15277,944,11728,16791,0,95,63.4,48.7,No,2400,2400,0,5585,125
13:06:21.676,active,15271,766,11728,16790,0,95,63.4,49.4,No,2400,2400,0,5590,125
13:06:22.676,active,15277,848,11574,16791,0,95,63.9,48.9,No,2400,2400,0,5597,125
13:06:23.676,active,15275,788,12076,16790,0,95,64.5,48.6,No,2400,2400,0,5603,125
13:06:24.676,active,15275,818,12558,16790,0,95,63.4,47.2,No,2400,2400,0,5586,125
13:06:25.682,active,15271,850,13022,16791,4,95,63.4,46.2,No,2400,2400,0,5594,125
13:06:26.676,active,15262,1002,13696,16790,0,95,62.8,45.7,No,2400,2400,0,5581,125
13:06:27.676,active,15275,914,13986,16791,0,95,62.2,46.6,No,2400,2400,0,5591,125
13:06:28.676,sleep,15292,458,7736,16792,8,95,61.1,18.3,No,2400,2400,0,5616,125
13:06:29.676,sleep,15294,510,8064,16793,15,95,60.0,0.0,No,2400,2400,0,5625,125
13:06:30.676,sleep,15286,472,7234,16793,13,95,59.0,-0.0,No,2400,2400,0,5632,125
13:06:31.676,sleep,15303,508,7466,16794,13,95,58.4,-0.0,No,2400,2400,0,5630,125
13:06:32.676,sleep,15299,556,8526,16794,13,95,58.4,0.0,No,2400,2400,0,5625,125
13:06:33.676,sleep,15288,508,6848,16794,14,95,57.3,0.0,No,1500,2400,0,5642,125
13:06:34.676,sleep,15286,492,7522,16793,17,95,56.8,-0.0,No,1500,2400,0,5648,125
13:06:35.676,sleep,15299,498,5864,16793,13,95,56.2,-0.0,No,1500,2400,0,5642,125
13:06:36.676,sleep,15294,404,6212,16793,14,95,55.6,0.0,No,1500,2400,0,5648,125
13:06:37.676,sleep,15290,442,6906,16794,12,95,55.6,0.0,No,1500,2400,0,5647,125
13:06:38.676,sleep,15286,576,8834,16793,10,95,55.6,0.0,No,1500,2400,0,5667,125
13:06:39.676,sleep,15290,474,7272,16793,9,95,54.5,0.0,No,1500,2400,0,5648,125
13:06:40.676,sleep,15294,562,8622,16793,13,95,55.1,0.0,No,1500,2400,0,3914,75
13:06:41.676,sleep,15290,550,8410,16793,15,95,55.1,0.0,No,1500,2400,0,3532,75
13:06:42.676,sleep,15283,390,5980,16794,17,95,53.5,-0.0,No,1500,2400,0,3480,75
13:06:43.676,active,15314,398,6114,16791,0,95,57.9,39.2,No,2400,2400,0,3430,75
13:06:44.676,active,15296,490,7504,16791,-4,95,58.4,48.6,No,2400,2400,0,3410,75
13:06:45.676,active,15303,664,10186,16789,-7,95,59.0,49.8,No,2400,2400,0,3400,75
13:06:46.677,active,15275,744,9374,16790,-5,95,60.6,47.1,No,2400,2400,0,3402,75
13:06:47.676,active,15303,760,11652,16790,-5,95,59.5,48.6,No,2400,2400,0,3389,75
13:06:48.676,active,15277,788,10572,16790,-6,95,60.0,48.2,No,2400,2400,0,3385,75
13:06:49.676,active,15311,720,11072,16789,-10,95,60.6,48.2,No,2400,2400,0,5029,125
13:06:50.676,active,15309,704,7948,16789,-7,95,62.2,47.9,No,2400,2400,0,5505,125
13:06:51.676,active,15314,676,10378,16788,-12,95,61.7,48.4,No,2400,2400,0,5544,125
13:06:52.676,active,15316,550,8448,16789,-11,95,61.1,47.1,No,2400,2400,0,5530,125
13:06:53.681,active,15335,516,7948,16790,-8,95,61.1,47.6,No,2400,2400,0,5534,125
13:06:54.676,active,15352,498,7484,16789,-9,95,61.1,46.2,No,2400,2400,0,5536,125
13:06:55.676,active,15260,852,12254,16790,-5,95,61.1,47.5,No,2400,2400,0,5535,125
13:06:56.676,active,15243,796,12192,16790,-5,95,61.7,49.5,No,2400,2400,0,5535,125
13:06:57.676,active,15264,828,12596,16792,0,95,62.8,48.4,No,2400,2400,0,5541,125
13:06:58.676,active,15241,736,11266,16792,0,95,62.8,48.9,No,2400,2400,0,5543,125
13:06:59.676,active,15271,860,13484,16791,0,95,61.7,47.7,No,2400,2400,0,5554,125
13:07:00.680,active,15262,796,12192,16789,-4,95,62.2,48.2,No,2400,2400,0,5546,125
13:07:01.676,active,15273,816,12096,16789,-3,95,61.7,48.2,No,2400,2400,0,5538,125
13:07:02.676,active,15283,846,12982,16790,0,95,62.2,48.7,No,2400,2400,0,5541,125
13:07:03.676,active,15277,788,10456,16791,0,95,62.8,48.7,No,2400,2400,0,5552,125
13:07:04.676,active,15301,584,8950,16790,-4,95,62.8,49.0,No,2400,2400,0,5544,125
13:07:05.676,active,15303,510,7832,16790,-4,95,62.2,47.9,No,2400,2400,0,5554,125
13:07:06.676,active,15292,440,6770,16789,-3,95,61.7,48.0,No,2400,2400,0,5551,125
13:07:07.677,active,15296,548,8392,16790,0,95,62.2,52.6,No,2400,2400,0,5554,125
13:07:08.676,active,15305,652,10012,16790,0,95,61.7,47.2,No,2400,2400,0,5560,125
13:07:09.676,active,15299,778,11882,16790,-3,95,62.2,47.6,No,2400,2400,0,5562,125
13:07:10.676,active,15275,632,9684,16790,0,95,63.4,48.9,No,2400,2400,0,5563,125
13:07:11.677,active,15273,846,12964,16790,0,95,63.4,50.3,No,2400,2400,0,5571,125
13:07:12.676,active,15228,724,11054,16790,0,95,64.5,48.9,No,2400,2400,0,5565,125
13:07:13.677,active,15326,484,7446,16791,-3,95,62.8,47.0,No,2400,2400,0,5558,125
13:07:14.679,active,15329,494,7330,16791,-5,95,61.7,49.1,No,2400,2400,0,5562,125
13:07:15.676,active,15331,532,8178,16792,0,95,62.2,50.5,No,2400,2400,0,5569,125
13:07:16.676,active,15271,764,8892,16790,0,95,63.4,50.9,No,2400,2400,0,5578,125
13:07:17.676,active,15322,510,7850,16790,-3,95,63.9,52.8,No,2400,2400,0,5576,125
13:07:18.681,active,15279,832,8430,16789,-4,95,63.9,49.4,No,2400,2400,0,5565,125
13:07:19.676,active,15309,514,7890,16789,-3,95,63.4,52.5,No,2400,2400,0,5562,125
13:07:20.676,active,15311,534,7522,16790,0,95,63.4,51.1,No,2400,2400,0,5579,125
13:07:21.676,active,15277,656,10030,16790,0,95,63.4,49.9,No,2400,2400,0,5572,125
13:07:22.676,active,15277,814,12480,16790,0,95,63.4,52.0,No,2400,2400,0,5567,125
13:07:23.676,active,15281,834,12770,16790,0,95,62.8,49.0,No,2400,2400,0,5575,125
13:07:24.676,active,15262,738,11304,16790,0,95,64.5,48.6,No,2400,2400,0,5585,125
13:07:25.676,active,15277,894,13696,16791,0,95,63.9,48.1,No,2400,2400,0,5578,125
13:07:26.676,active,15268,882,13522,16790,0,95,63.9,48.5,No,2400,2400,0,5580,125
13:07:27.676,active,15283,920,14102,16791,0,95,62.8,48.1,No,2400,2400,0,5582,125
13:07:28.676,active,15281,680,10436,16790,0,95,62.8,46.8,No,2400,2400,0,5584,125
13:07:29.676,active,15281,776,11902,16791,4,95,63.4,49.4,No,2400,2400,0,5594,125
13:07:30.676,active,15243,712,10880,16790,0,95,63.9,48.4,No,2400,2400,0,5606,125
13:07:31.676,active,15299,580,10686,16790,0,95,64.5,49.6,No,2400,2400,0,5577,125
13:07:32.676,active,15262,690,10552,16790,0,95,64.5,48.9,No,2400,2400,0,5581,125
13:07:33.680,active,15277,608,10572,16791,0,95,63.9,48.5,No,2400,2400,0,5581,125
13:07:34.679,active,15275,810,12404,16790,0,95,63.4,47.4,No,2400,2400,0,5580,125
13:07:35.676,active,15277,700,12404,16790,0,95,62.8,46.1,No,2400,2400,0,5602,125
13:07:36.676,active,15294,526,8064,16790,0,95,63.4,47.0,No,2400,2400,0,5592,125
13:07:37.676,active,15258,702,13156,16790,0,95,63.4,46.9,No,2400,2400,0,5591,125
13:07:38.676,active,15311,544,8352,16792,3,95,63.9,46.6,No,2400,2400,0,5576,125
13:07:39.676,active,15350,540,8294,16792,3,95,63.9,47.4,No,2400,2400,0,5583,125
13:07:40.676,active,15318,504,7736,16790,0,95,62.8,45.5,No,2400,2400,0,5585,125
13:07:41.680,active,15311,468,7176,16790,0,95,63.4,52.0,No,2400,2400,0,5580,125
13:07:42.676,active,15307,538,8256,16792,4,95,63.4,47.3,No,2400,2400,0,5590,125
13:07:43.676,sleep,15288,496,7620,16793,9,95,60.6,21.5,No,2400,2400,0,5611,125
13:07:44.676,sleep,15288,448,6886,16793,13,95,60.0,0.0,No,2400,2400,0,5629,125
13:07:45.676,sleep,15290,520,7966,16793,15,95,59.5,0.0,No,2400,2400,0,5630,125
13:07:46.676,sleep,15296,450,6906,16792,10,95,58.4,0.0,No,2400,2400,0,5639,125
13:07:47.676,sleep,15290,340,7426,16792,9,95,57.9,0.0,No,2400,2400,0,5636,125
13:07:48.676,sleep,15286,502,7446,16793,10,95,56.2,-0.0,No,1500,2400,0,5638,125
13:07:49.676,sleep,15294,456,7002,16793,13,95,56.8,0.0,No,1500,2400,0,5641,125
13:07:50.676,sleep,15281,428,6578,16794,18,95,56.8,0.0,No,1500,2400,0,5642,125
13:07:51.676,sleep,15288,472,7234,16794,18,95,55.6,-0.0,No,1500,2400,0,5641,125
13:07:52.676,sleep,15286,424,6500,16793,15,95,55.1,0.0,No,1500,2400,0,5630,125
13:07:53.676,sleep,15286,396,6076,16794,15,95,55.1,0.0,No,1500,2400,0,5643,125
13:07:54.676,sleep,15288,428,6558,16794,12,95,55.1,0.3,No,1500,2400,0,5633,125
13:07:55.676,sleep,15286,464,7504,16795,15,95,54.5,-0.0,No,1500,2400,0,5360,75
13:07:56.676,sleep,15288,302,4630,16794,17,95,54.5,0.0,No,1500,2400,0,3758,75
13:07:57.676,sleep,15290,550,8410,16793,16,95,54.0,0.0,No,1500,2400,0,3505,75
13:07:58.676,active,15247,834,12752,16790,5,95,57.9,36.7,No,2400,2400,0,3437,75
13:07:59.680,active,15264,790,12096,16792,0,95,59.0,48.4,No,2400,2400,0,3401,75
13:08:00.680,active,15256,796,12172,16791,-3,95,60.0,47.9,No,2400,2400,0,3395,75
13:08:01.676,active,15247,836,12808,16791,-4,95,60.0,47.2,No,2400,2400,0,3401,75
13:08:02.676,active,15264,784,11980,16791,0,95,60.0,45.9,No,2400,2400,0,3401,75
13:08:03.676,active,15273,836,12808,16790,0,95,60.0,47.7,No,2400,2400,0,3402,125
13:08:04.676,active,15271,838,12828,16789,-7,95,60.6,48.0,No,2400,2400,0,5287,125
13:08:05.676,active,15271,810,12404,16791,-5,95,61.1,48.0,No,2400,2400,0,5534,125
13:08:06.676,active,15299,608,8120,16791,0,95,61.7,48.3,No,2400,2400,0,5551,125
13:08:07.676,active,15301,504,7716,16791,0,95,62.2,48.3,No,2400,2400,0,5543,125
13:08:08.676,active,15299,472,8718,16791,0,95,61.1,48.1,No,2400,2400,0,5543,125
13:08:09.676,active,15301,526,8064,16791,3,95,61.7,47.8,No,2400,2400,0,5544,125
13:08:10.676,active,15299,504,11980,16790,-4,95,61.1,48.8,No,2400,2400,0,5547,125
13:08:11.676,active,15309,562,8604,16791,0,95,61.7,49.0,No,2400,2400,0,5537,125
13:08:12.676,active,15296,462,11478,16791,-4,95,62.2,48.7,No,2400,2400,0,5555,125
13:08:13.676,active,15299,558,8546,16790,0,95,62.2,48.3,No,2400,2400,0,5538,125
13:08:14.676,active,15268,640,11824,16791,0,95,62.2,48.4,No,2400,2400,0,5556,125
13:08:15.676,active,15346,508,7812,16791,3,95,61.7,47.6,No,2400,2400,0,5550,125
13:08:16.676,active,15354,472,7252,16790,0,95,61.1,50.8,No,2400,2400,0,5543,125
13:08:17.676,active,15322,466,7156,16791,0,95,61.7,47.5,No,2400,2400,0,5545,125
13:08:18.676,active,15331,586,8990,16790,0,95,61.1,47.0,No,2400,2400,0,5561,125
13:08:19.676,active,15339,492,7580,16791,3,95,61.7,48.0,No,2400,2400,0,5567,125
13:08:20.676,active,15348,306,7252,16791,0,95,62.2,49.2,No,2400,2400,0,5556,125
13:08:21.677,active,15303,754,11574,16792,0,95,62.8,47.5,No,2400,2400,0,5563,125
13:08:22.677,active,15275,852,7716,16791,0,95,62.8,49.5,No,2400,2400,0,5559,125
13:08:23.676,active,15301,502,7696,16790,0,95,62.2,49.5,No,2400,2400,0,5555,125
13:08:24.676,active,15249,828,12674,16790,0,95,62.2,49.5,No,2400,2400,0,5559,125
13:08:25.676,active,15277,864,13234,16790,-4,95,63.4,49.7,No,2400,2400,0,5566,125
13:08:26.676,active,15275,820,12558,16790,0,95,63.9,51.0,No,2400,2400,0,5562,125
13:08:27.681,active,15288,670,10262,16790,0,95,63.4,52.8,No,2400,2400,0,5563,125
13:08:28.676,active,15283,760,11652,16789,-5,95,63.4,51.3,No,2400,2400,0,5571,125
13:08:29.676,active,15275,764,11690,16789,-4,95,63.4,49.1,No,2400,2400,0,5578,125
13:08:30.676,active,15279,702,10744,16790,0,95,62.8,52.8,No,2400,2400,0,5580,125
13:08:31.676,active,15288,728,11170,16791,0,95,63.4,50.8,No,2400,2400,0,5574,125
13:08:32.676,active,15281,736,11266,16790,0,95,63.9,51.6,No,2400,2400,0,5571,125
13:08:33.676,active,15299,484,10976,16789,-4,95,63.4,48.2,No,2400,2400,0,5577,125
13:08:34.676,active,15305,694,10648,16791,0,95,63.9,45.2,No,2400,2400,0,5580,125
13:08:35.680,active,15296,436,6694,16791,0,95,62.8,47.4,No,2400,2400,0,5578,125
13:08:36.676,active,15292,806,12288,16791,0,95,62.8,47.8,No,2400,2400,0,5587,125
13:08:37.676,active,15271,528,8082,16791,0,95,62.8,46.6,No,2400,2400,0,5578,125
13:08:38.676,active,15301,724,11092,16790,0,95,63.4,48.3,No,2400,2400,0,5580,125
13:08:39.676,active,15266,798,12210,16790,3,95,64.5,49.1,No,2400,2400,0,5582,125
13:08:40.676,active,15273,690,10552,16790,0,95,64.5,48.2,No,2400,2400,0,5591,125
13:08:41.676,active,15275,750,11478,16792,3,95,63.9,49.2,No,2400,2400,0,5581,125
13:08:42.678,active,15286,520,8006,16791,3,95,63.4,48.5,No,2400,2400,0,5584,125
13:08:43.677,active,15348,492,8546,16791,0,95,63.4,47.0,No,2400,2400,0,5587,125
13:08:44.676,active,15301,512,7870,16790,0,95,62.8,46.4,No,2400,2400,0,5584,125
13:08:45.676,active,15322,494,7580,16791,5,95,62.8,46.3,No,2400,2400,0,5587,125
13:08:46.676,active,15322,526,8064,16790,3,95,63.9,47.3,No,2400,2400,0,5597,125
13:08:47.676,active,15316,480,9160,16792,3,95,63.9,45.7,No,2400,2400,0,5590,125
13:08:48.678,active,15335,514,7890,16791,0,95,63.4,45.5,No,2400,2400,0,5584,125
13:08:49.680,active,15331,442,6790,16790,0,95,63.4,48.5,No,2400,2400,0,5584,125
13:08:50.677,active,15305,572,8796,16791,0,95,63.4,52.0,No,2400,2400,0,5583,125
13:08:51.676,active,15275,744,12886,16792,0,95,63.4,50.4,No,2400,2400,0,5599,125
13:08:52.676,active,15281,838,12828,16792,0,95,64.5,48.0,No,2400,2400,0,5587,125
13:08:53.676,active,15260,836,12732,16791,0,95,63.9,49.6,No,2400,2400,0,5593,125
13:08:54.679,active,15264,860,13176,16790,0,95,63.9,49.5,No,2400,2400,0,5589,125
13:08:55.676,active,15271,824,12982,16790,0,95,64.5,47.3,No,2400,2400,0,5585,125
13:08:56.679,active,15279,496,7638,16790,0,95,63.4,47.5,No,2400,2400,0,5585,125
13:08:57.676,active,15277,842,11114,16791,0,95,63.4,47.4,No,2400,2400,0,5578,125
13:08:58.676,sleep,15292,446,6848,16792,4,95,60.6,26.3,No,2400,2400,0,5610,125
13:08:59.676,sleep,15292,458,7022,16792,11,95,60.6,0.0,No,2400,2400,0,5630,125
13:09:00.676,sleep,15296,484,7426,16792,9,95,59.0,0.0,No,2400,2400,0,5622,125
13:09:01.676,sleep,15299,472,7446,16793,12,95,59.0,-0.0,No,2400,2400,0,5640,125
13:09:02.676,sleep,15294,484,7426,16792,13,95,59.0,-0.0,No,2400,2400,0,5641,125
13:09:03.676,sleep,15299,510,7716,16793,10,95,57.9,0.0,No,1500,2400,0,5636,125
13:09:04.676,sleep,15292,434,6636,16793,12,95,56.8,0.0,No,1500,2400,0,5641,125
13:09:05.676,sleep,15290,350,6130,16793,12,95,57.3,-0.0,No,1500,2400,0,5639,125
13:09:06.676,sleep,15292,352,5382,16792,11,95,55.6,0.0,No,1500,2400,0,5648,125
13:09:07.676,sleep,15288,478,7330,16793,14,95,55.6,0.0,No,1500,2400,0,5648,125
13:09:08.676,sleep,15292,494,7580,16794,17,95,55.6,0.2,No,1500,2400,0,5645,125
13:09:09.676,sleep,15288,408,6442,16793,15,95,55.1,-0.0,No,1500,2400,0,5645,125
13:09:10.676,sleep,15288,386,5922,16793,12,95,55.1,0.0,No,1500,2400,0,5653,125
13:09:11.676,sleep,15288,440,8064,16794,12,95,54.5,-0.0,No,1500,2400,0,4693,75
13:09:12.676,sleep,15292,468,7176,16794,11,95,54.5,0.0,No,1500,2400,0,3665,75
13:09:13.676,active,15292,518,7928,16793,8,95,57.3,33.0,No,2400,2400,0,3487,75
13:09:14.676,active,15309,452,6944,16790,0,95,58.4,48.8,No,2400,2400,0,3427,75
13:09:15.676,active,15301,442,6790,16791,-5,95,60.0,48.7,No,2400,2400,0,3414,75
13:09:16.676,active,15307,534,8198,16791,-3,95,59.5,48.1,No,2400,2400,0,3418,75
13:09:17.676,active,15292,460,7060,16792,0,95,60.0,48.0,No,2400,2400,0,3423,75
13:09:18.676,active,15283,864,13234,16792,0,95,60.0,48.0,No,2400,2400,0,3787,125
13:09:19.676,active,15288,770,8294,16791,-5,95,60.0,48.8,No,2400,2400,0,5431,125
13:09:20.676,active,15305,584,8970,16790,0,95,60.6,48.6,No,2400,2400,0,5562,125
13:09:21.676,active,15281,784,7928,16789,-5,95,61.7,50.7,No,2400,2400,0,5559,125
13:09:22.676,active,15279,462,7098,16791,0,95,61.7,48.3,No,2400,2400,0,5561,125
13:09:23.676,active,15316,620,7562,16790,0,95,61.1,51.5,No,2400,2400,0,5561,125
13:09:24.676,active,15320,486,7466,16790,-4,95,61.1,45.9,No,2400,2400,0,5559,125
13:09:25.676,active,15281,758,11748,16790,-5,95,62.2,49.4,No,2400,2400,0,5547,125
13:09:26.676,active,15283,818,12538,16789,0,95,62.2,50.6,No,2400,2400,0,5546,125
13:09:27.676,active,15256,614,11170,16791,0,95,62.2,48.9,No,2400,2400,0,5554,125
13:09:28.676,active,15260,714,10918,16791,-3,95,62.8,48.0,No,2400,2400,0,5550,125
13:09:29.676,active,15258,802,11998,16790,0,95,62.8,50.4,No,2400,2400,0,5551,125
13:09:30.681,active,15264,790,12096,16790,-7,95,63.4,47.4,No,2400,2400,0,5559,125
13:09:31.677,active,15268,842,12404,16788,-8,95,62.2,50.9,No,2400,2400,0,5555,125
13:09:32.676,active,15279,714,10918,16789,-6,95,63.4,51.3,No,2400,2400,0,5554,125
13:09:33.676,active,15277,722,12366,16789,-7,95,63.4,52.0,No,2400,2400,0,5560,125
13:09:34.676,active,15271,872,13350,16790,-4,95,63.4,51.0,No,2400,2400,0,5562,125
13:09:35.680,active,15279,734,11940,16791,-3,95,63.4,50.9,No,2400,2400,0,5562,125
13:09:36.676,active,15309,462,7098,16790,-3,95,64.5,49.6,No,2400,2400,0,5573,125
13:09:37.681,active,15305,482,7388,16789,-4,95,63.4,53.0,No,2400,2400,0,5574,125
13:09:38.676,active,15344,520,8006,16790,0,95,62.8,51.2,No,2400,2400,0,5569,125
13:09:39.676,active,15303,614,9432,16790,-3,95,62.8,47.5,No,2400,2400,0,5579,125
13:09:40.676,active,15307,480,7368,16791,0,95,62.8,47.0,No,2400,2400,0,5572,125
13:09:41.676,active,15303,506,7774,16790,0,95,63.4,48.1,No,2400,2400,0,5575,125
13:09:42.676,active,15301,418,6404,16789,0,95,63.4,49.5,No,2400,2400,0,5584,125
13:09:43.681,active,15305,518,8932,16790,0,95,62.8,48.9,No,2400,2400,0,5586,125
13:09:44.676,active,15296,598,9162,16792,0,95,63.4,47.9,No,2400,2400,0,5583,125
13:09:45.676,active,15277,694,10648,16791,0,95,62.8,47.7,No,2400,2400,0,5587,125
13:09:46.676,active,15307,726,7986,16790,-4,95,62.8,49.4,No,2400,2400,0,5587,125
13:09:47.676,active,15281,602,9240,16789,0,95,65.0,49.6,No,2400,2400,0,5575,125
13:09:48.676,active,15305,686,6924,16790,0,95,63.4,48.6,No,2400,2400,0,5584,125
13:09:49.676,active,15275,524,8044,16791,0,95,63.9,46.5,No,2400,2400,0,5595,125
13:09:50.676,active,15307,770,7454,16791,0,95,63.4,45.5,No,2400,2400,0,5593,125
13:09:51.682,active,15316,534,8198,16791,0,95,62.2,45.8,No,2400,2400,0,5592,125
13:09:52.677,active,15352,550,7680,16790,0,95,62.8,45.8,No,2400,2400,0,5590,125
13:09:53.676,active,15352,506,7774,16790,0,95,62.8,45.5,No,2400,2400,0,5591,125
13:09:54.676,active,15268,714,12752,16791,0,95,62.8,47.7,No,2400,2400,0,5589,125
13:09:55.677,active,15277,710,10880,16790,0,95,63.9,49.5,No,2400,2400,0,5585,125
13:09:56.676,active,15286,702,10610,16790,0,95,63.9,52.6,No,2400,2400,0,5598,125
13:09:57.676,active,15281,826,12654,16789,-3,95,65.0,50.1,No,2400,2400,0,5608,125
13:09:58.684,active,15305,666,12694,16790,-4,95,64.5,49.5,No,2400,2400,0,5608,125
13:09:59.678,active,15279,848,12982,16790,-3,95,63.4,48.5,No,2400,2400,0,5612,125
13:10:00.676,active,15277,824,12538,16790,-3,95,63.4,49.0,No,2400,2400,0,5604,125
13:10:01.676,active,15277,856,13098,16791,0,95,63.9,48.2,No,2400,2400,0,5590,125
13:10:02.676,active,15266,816,13136,16789,-3,95,64.5,48.7,No,2400,2400,0,5592,125
13:10:03.680,active,15299,430,6596,16789,0,95,63.4,47.2,No,2400,2400,0,5591,125
13:10:04.676,active,15307,656,10070,16789,-3,95,63.9,49.4,No,2400,2400,0,5598,125
13:10:05.681,active,15294,462,7098,16791,-4,95,63.9,47.7,No,2400,2400,0,5592,125
13:10:06.676,active,15301,628,9606,16790,0,95,63.4,48.1,No,2400,2400,0,5598,125
13:10:07.676,active,15301,642,9858,16790,0,95,63.4,49.1,No,2400,2400,0,5601,125
13:10:08.676,active,15296,764,11710,16789,0,95,63.9,49.3,No,2400,2400,0,5591,125
13:10:09.676,active,15273,576,8816,16790,0,95,64.5,48.7,No,2400,2400,0,5599,125
13:10:10.678,active,15260,846,12944,16790,0,95,63.4,48.1,No,2400,2400,0,5605,125
13:10:11.677,active,15283,738,11304,16790,0,95,63.4,47.6,No,2400,2400,0,5602,125
13:10:12.676,active,15279,434,6674,16791,0,95,62.8,48.2,No,2400,2400,0,5601,125
13:10:13.676,sleep,15294,566,7118,16790,0,95,61.1,28.2,No,2400,2400,0,5615,125
13:10:14.676,sleep,15294,446,6848,16792,11,95,60.0,0.0,No,2400,2400,0,5638,125
13:10:15.676,sleep,15288,456,7580,16792,7,95,60.0,0.0,No,2400,2400,0,5635,125
13:10:16.676,sleep,15294,470,7214,16792,5,95,59.0,-0.0,No,2400,2400,0,5638,125
13:10:17.676,sleep,15292,532,7890,16793,8,95,59.0,0.0,No,2400,2400,0,5631,125
13:10:18.676,sleep,15286,456,6982,16792,9,95,57.3,0.0,No,1500,2400,0,5636,125
13:10:19.676,sleep,15288,380,6356,16792,12,95,56.8,0.0,No,1500,2400,0,5646,125
13:10:20.676,sleep,15286,484,7408,16794,16,95,55.6,0.0,No,1500,2400,0,5653,125
13:10:21.676,sleep,15288,492,6154,16794,17,95,55.6,-0.0,No,1500,2400,0,5648,125
13:10:22.676,sleep,15286,424,6482,16794,15,95,55.6,0.0,No,1500,2400,0,5655,125
13:10:23.676,sleep,15290,476,5246,16793,16,95,55.1,0.0,No,1500,2400,0,5643,125
13:10:24.676,sleep,15290,470,7214,16793,14,95,55.1,-0.0,No,1500,2400,0,5655,125
13:10:25.676,sleep,15288,444,8372,16793,13,95,54.5,0.0,No,1500,2400,0,5656,125
13:10:26.676,sleep,15286,446,6828,16793,11,95,54.0,0.5,No,1500,2400,0,4232,75
13:10:27.676,sleep,15281,406,7080,16793,12,95,54.0,0.0,No,1500,2400,0,3599,75
13:10:28.676,active,15354,474,7292,16791,10,95,57.3,30.0,No,2400,2400,0,3465,75
13:10:29.676,active,15288,746,11382,16790,0,95,57.9,51.6,No,2400,2400,0,3417,75
13:10:30.676,active,15260,772,11806,16790,0,95,59.5,48.5,No,2400,2400,0,3420,75
13:10:31.676,active,15307,766,11710,16792,0,95,60.0,46.4,No,2400,2400,0,3420,75
13:10:32.681,active,15258,634,9702,16792,0,95,60.6,46.4,No,2400,2400,0,3407,75
13:10:33.677,active,15260,820,12538,16792,0,95,60.0,46.4,No,2400,2400,0,4618,125
13:10:34.676,active,15253,824,12596,16790,0,95,60.6,47.8,No,2400,2400,0,5496,125
13:10:35.676,active,15262,862,13194,16789,-3,95,60.0,51.3,No,2400,2400,0,5568,125
13:10:36.676,active,15258,718,10976,16791,0,95,61.7,50.5,No,2400,2400,0,5558,125
13:10:37.676,active,15251,788,12056,16790,0,95,62.2,50.1,No,2400,2400,0,5555,125
13:10:38.676,active,15320,546,8584,16791,0,95,62.8,48.2,No,2400,2400,0,5558,125
13:10:39.676,active,15311,518,7966,16791,0,95,62.2,49.9,No,2400,2400,0,5551,125
13:10:40.680,active,15305,628,8642,16790,0,95,61.1,48.1,No,2400,2400,0,5554,125
13:10:41.676,active,15299,448,6886,16790,-6,95,61.7,51.3,No,2400,2400,0,5555,125
13:10:42.676,active,15318,560,7252,16790,-5,95,62.2,51.3,No,2400,2400,0,5562,125
13:10:43.676,active,15307,530,8140,16789,-6,95,62.8,50.1,No,2400,2400,0,5563,125
13:10:44.676,active,15303,526,7426,16791,0,95,63.4,49.5,No,2400,2400,0,5560,125
13:10:45.676,active,15292,500,7658,16791,0,95,63.4,47.4,No,2400,2400,0,5571,125
13:10:46.676,active,15296,506,11940,16790,0,95,62.8,47.9,No,2400,2400,0,5567,125
13:10:47.676,active,15279,856,13098,16790,0,95,62.8,46.6,No,2400,2400,0,5566,125
13:10:48.676,active,15271,862,13194,16790,0,95,62.2,47.8,No,2400,2400,0,5573,125
13:10:49.676,active,15294,694,10648,16791,0,95,61.7,48.2,No,2400,2400,0,5563,125
13:10:50.676,active,15271,728,11170,16791,0,95,63.4,48.5,No,2400,2400,0,5573,125
13:10:51.677,active,15288,858,13136,16791,0,95,63.4,49.5,No,2400,2400,0,5583,125
13:10:52.676,active,15314,556,8564,16790,0,95,63.9,48.5,No,2400,2400,0,5595,125
13:10:53.676,active,15314,750,11516,16791,0,95,63.4,48.5,No,2400,2400,0,5584,125
13:10:54.676,active,15290,476,7330,16792,0,95,62.2,48.5,No,2400,2400,0,5571,125
13:10:55.676,active,15335,576,8874,16793,3,95,62.8,46.8,No,2400,2400,0,5568,125
13:10:56.676,active,15292,594,9104,16791,0,95,63.9,46.6,No,2400,2400,0,5576,125
13:10:57.676,active,15264,738,11844,16791,0,95,63.4,46.9,No,2400,2400,0,5583,125
13:10:58.676,active,15305,656,10050,16790,0,95,63.4,44.6,No,2400,2400,0,5583,125
13:10:59.676,active,15264,692,13406,16790,0,95,63.4,46.6,No,2400,2400,0,5584,125
13:11:00.677,active,15268,952,14564,16790,0,95,62.8,45.7,No,2400,2400,0,5586,125
13:11:01.678,active,15292,694,11612,16790,0,95,62.8,50.1,No,2400,2400,0,5582,125
13:11:02.676,active,15283,716,10956,16790,0,95,63.9,52.9,No,2400,2400,0,5580,125
13:11:03.676,active,15268,702,13464,16790,-3,95,63.9,50.0,No,2400,2400,0,5584,125
13:11:04.676,active,15277,770,11786,16790,0,95,62.8,48.9,No,2400,2400,0,5585,125
13:11:05.679,active,15322,550,8448,16790,0,95,64.5,48.4,No,2400,2400,0,5585,125
13:11:06.680,active,15301,504,8912,16790,-3,95,63.4,47.1,No,2400,2400,0,5600,125
13:11:07.676,active,15303,558,8564,16789,-4,95,62.8,48.2,No,2400,2400,0,5591,125
13:11:08.676,active,15301,434,9800,16790,0,95,62.8,49.0,No,2400,2400,0,5588,125
13:11:09.676,active,15296,560,8584,16790,0,95,63.4,48.7,No,2400,2400,0,5589,125
13:11:10.676,active,15296,422,12944,16791,-3,95,62.8,49.0,No,2400,2400,0,5590,125
13:11:11.676,active,15223,810,12346,16792,0,95,63.4,48.4,No,2400,2400,0,5611,125
13:11:12.680,active,15271,734,11382,16791,0,95,63.9,48.9,No,2400,2400,0,5620,125
13:11:13.680,active,15324,604,11478,16790,0,95,63.4,48.4,No,2400,2400,0,5593,125
13:11:14.676,active,15311,440,6770,16789,0,95,63.4,48.5,No,2400,2400,0,5594,125
13:11:15.676,active,15329,504,7736,16789,0,95,62.8,48.6,No,2400,2400,0,5604,125
13:11:16.676,active,15322,504,7736,16790,-4,95,63.4,47.8,No,2400,2400,0,5607,125
13:11:17.676,active,15309,530,8140,16791,0,95,63.4,47.6,No,2400,2400,0,5591,125
13:11:18.676,active,15320,458,7022,16790,0,95,63.4,48.1,No,2400,2400,0,5591,125
13:11:19.676,active,15311,496,7600,16790,0,95,63.9,46.9,No,2400,2400,0,5594,125
13:11:20.676,active,15318,446,6848,16790,0,95,63.4,47.6,No,2400,2400,0,5595,125
13:11:21.676,active,15309,498,7638,16790,0,95,62.8,47.5,No,2400,2400,0,5607,125
13:11:22.676,active,15271,796,12172,16790,-4,95,62.8,47.4,No,2400,2400,0,5603,125
13:11:23.676,active,15275,836,13696,16791,-3,95,62.8,49.8,No,2400,2400,0,5595,125
13:11:24.676,active,15279,878,13446,16791,0,95,62.8,48.5,No,2400,2400,0,5595,125
13:11:25.676,active,15268,784,12770,16790,0,95,63.4,48.1,No,2400,2400,0,5590,125
13:11:26.676,active,15281,640,9800,16790,0,95,63.9,48.3,No,2400,2400,0,5594,125
13:11:27.676,active,15281,762,7388,16791,-3,95,63.9,48.2,No,2400,2400,0,5606,125
13:11:28.676,sleep,15292,506,7774,16792,0,95,60.6,31.4,No,2400,2400,0,5605,125
13:11:29.676,sleep,15286,520,7678,16791,6,95,61.1,0.0,No,2400,2400,0,5636,125
13:11:30.676,sleep,15286,518,7948,16792,6,95,59.0,0.0,No,2400,2400,0,5635,125
13:11:31.676,sleep,15279,434,6654,16791,4,95,58.4,-0.0,No,2400,2400,0,5643,125
13:11:32.676,sleep,15290,476,7310,16791,0,95,58.4,-0.0,No,2400,2400,0,5652,125
13:11:33.676,sleep,15296,392,6018,16791,4,95,56.8,0.0,No,1500,2400,0,5653,125
13:11:34.676,sleep,15292,564,8662,16791,7,95,56.8,0.0,No,1500,2400,0,5659,125
13:11:35.676,sleep,15294,554,8488,16791,5,95,55.1,0.5,No,1500,2400,0,5659,125
13:11:36.676,sleep,15288,490,7504,16792,6,95,55.6,0.3,No,1500,2400,0,5652,125
13:11:37.676,sleep,15290,482,7388,16793,7,95,55.1,0.0,No,1500,2400,0,5650,125
13:11:38.676,sleep,15283,482,7388,16793,10,95,55.6,0.0,No,1500,2400,0,5655,125
13:11:39.676,sleep,15288,534,8178,16792,10,95,55.1,-0.0,No,1500,2400,0,3913,75
13:11:40.676,sleep,15286,326,7600,16794,13,95,54.5,0.3,No,1500,2400,0,3537,75
13:11:41.676,sleep,15283,358,5498,16794,14,95,54.5,-0.0,No,1500,2400,0,3462,75
13:11:42.676,sleep,15292,462,5304,16793,15,95,54.5,0.0,No,1500,2400,0,3438,75
13:11:43.676,active,15294,544,8334,16793,15,95,56.2,26.6,No,2400,2400,0,3427,75
13:11:44.676,active,15357,462,8198,16791,0,95,57.9,51.5,No,2400,2400,0,3402,75
13:11:45.676,active,15305,526,8064,16790,0,95,59.5,52.7,No,2400,2400,0,3397,75
13:11:46.677,active,15324,486,8178,16789,-5,95,60.0,52.3,No,2400,2400,0,5109,125
13:11:47.676,active,15309,490,7504,16790,-6,95,60.6,51.3,No,2400,2400,0,5533,125
13:11:48.682,active,15294,500,10030,16789,-4,95,61.7,50.1,No,2400,2400,0,5561,125
13:11:49.677,active,15281,652,9992,16789,-6,95,60.0,49.5,No,2400,2400,0,5558,125
13:11:50.676,active,15277,774,11864,16791,-3,95,61.7,51.0,No,2400,2400,0,5556,125
13:11:51.676,active,15292,670,10282,16792,0,95,61.1,49.1,No,2400,2400,0,5550,125
13:11:52.676,active,15275,638,10764,16791,-5,95,61.7,47.9,No,2400,2400,0,5554,125
13:11:53.676,active,15288,842,12906,16790,-6,95,62.2,48.8,No,2400,2400,0,5554,125
13:11:54.676,active,15279,460,7832,16790,-3,95,62.2,48.6,No,2400,2400,0,5552,125
13:11:55.676,active,15307,672,10320,16790,-5,95,62.2,47.4,No,2400,2400,0,5549,125
13:11:56.680,active,15296,686,8140,16791,-3,95,61.1,48.0,No,2400,2400,0,5558,125
13:11:57.676,active,15320,488,7504,16790,0,95,62.2,47.2,No,2400,2400,0,5560,125
13:11:58.676,active,15273,772,11806,16790,-3,95,62.2,49.5,No,2400,2400,0,5564,125
13:11:59.676,active,15271,730,14004,16789,-7,95,62.8,49.1,No,2400,2400,0,5561,125
13:12:00.676,active,15275,766,11728,16790,-4,95,62.8,47.4,No,2400,2400,0,5559,125
13:12:01.681,active,15258,602,13810,16790,0,95,62.2,46.6,No,2400,2400,0,5555,125
13:12:02.676,active,15262,830,12694,16790,0,95,62.8,45.7,No,2400,2400,0,5565,125
13:12:03.676,active,15301,518,12556,16790,0,95,62.2,46.1,No,2400,2400,0,5565,125
13:12:04.676,active,15286,862,13194,16791,0,95,62.8,46.5,No,2400,2400,0,5564,125
13:12:05.676,active,15275,870,13842,16790,0,95,61.7,46.0,No,2400,2400,0,5574,125
13:12:06.676,active,15301,898,13754,16791,-4,95,63.4,47.0,No,2400,2400,0,5569,125
13:12:07.679,active,15314,490,7850,16791,-4,95,62.8,46.4,No,2400,2400,0,5573,125
13:12:08.678,active,15303,472,7234,16792,0,95,62.2,50.9,No,2400,2400,0,5572,125
13:12:09.678,active,15307,488,7504,16791,0,95,63.9,49.0,No,2400,2400,0,5569,125
13:12:10.678,active,15294,524,8044,16790,0,95,62.2,48.2,No,2400,2400,0,5580,125
13:12:11.676,active,15301,492,10166,16790,3,95,62.2,46.8,No,2400,2400,0,5576,125
13:12:12.676,active,15296,472,7252,16791,0,95,63.4,49.7,No,2400,2400,0,5581,125
13:12:13.676,active,15290,530,10842,16792,0,95,63.9,48.7,No,2400,2400,0,5585,125
13:12:14.679,active,15273,578,8854,16790,0,95,63.4,45.8,No,2400,2400,0,5587,125
13:12:15.680,active,15301,518,13002,16790,0,95,63.4,48.9,No,2400,2400,0,5593,125
13:12:16.676,active,15352,488,7504,16790,0,95,62.8,47.5,No,2400,2400,0,5584,125
13:12:17.676,active,15303,552,8468,16791,0,95,62.8,48.5,No,2400,2400,0,5583,125
13:12:18.676,active,15307,484,7426,16791,3,95,62.8,48.0,No,2400,2400,0,5586,125
13:12:19.676,active,15307,446,6866,16791,0,95,63.4,49.0,No,2400,2400,0,5616,125
13:12:20.677,active,15305,528,8102,16790,0,95,63.4,48.9,No,2400,2400,0,5604,125
13:12:21.679,active,15309,538,8276,16790,0,95,63.4,48.9,No,2400,2400,0,5593,125
13:12:22.680,active,15314,518,7948,16790,0,95,62.8,48.4,No,2400,2400,0,5593,125
13:12:23.681,active,15322,516,7908,16792,0,95,63.4,47.2,No,2400,2400,0,5585,125
13:12:24.676,active,15324,476,7330,16789,0,95,62.8,47.8,No,2400,2400,0,5584,125
13:12:25.676,active,15271,778,11922,16790,0,95,63.4,48.0,No,2400,2400,0,5592,125
13:12:26.676,active,15275,656,12964,16791,0,95,63.4,49.1,No,2400,2400,0,5585,125
13:12:27.676,active,15279,844,12944,16789,-6,95,63.9,48.0,No,2400,2400,0,5585,125
13:12:28.676,active,15279,840,10686,16789,-5,95,63.4,47.9,No,2400,2400,0,5581,125
13:12:29.676,active,15281,864,13214,16789,-6,95,62.8,47.7,No,2400,2400,0,5580,125
13:12:30.680,active,15277,912,10166,16790,0,95,63.4,46.9,No,2400,2400,0,5593,125
13:12:31.676,active,15281,824,12636,16791,0,95,62.8,47.1,No,2400,2400,0,5605,125
13:12:32.676,active,15283,906,7580,16791,0,95,62.8,48.3,No,2400,2400,0,5592,125
13:12:33.676,active,15301,460,10880,16791,0,95,63.9,49.2,No,2400,2400,0,5600,125
13:12:34.676,active,15299,600,9202,16791,0,95,63.9,49.0,No,2400,2400,0,5605,125
13:12:35.680,active,15258,598,9144,16790,0,95,63.9,48.7,No,2400,2400,0,5600,125
13:12:36.676,active,15296,814,12442,16789,-4,95,63.9,47.0,No,2400,2400,0,5601,125
13:12:37.680,active,15268,684,10474,16791,0,95,62.8,48.9,No,2400,2400,0,5589,125
13:12:38.676,active,15299,794,12114,16791,0,95,62.8,48.1,No,2400,2400,0,5590,125
13:12:39.676,active,15234,810,12366,16790,0,95,62.2,48.7,No,2400,2400,0,5593,125
13:12:40.676,active,15262,806,12308,16791,3,95,63.4,49.2,No,2400,2400,0,5589,125
13:12:41.676,active,15253,798,12192,16790,0,95,63.4,50.1,No,2400,2400,0,5589,125
13:12:42.676,active,15311,590,9066,16790,0,95,63.4,49.4,No,2400,2400,0,5593,125
13:12:43.676,sleep,15290,538,7272,16791,3,95,59.5,31.0,No,1500,2400,0,5611,125
13:12:44.676,sleep,15292,414,6366,16793,16,95,59.0,0.0,No,1500,2400,0,5641,125
13:12:45.676,sleep,15288,470,6694,16793,14,95,58.4,0.0,No,1500,2400,0,5644,125
13:12:46.676,sleep,15283,414,6346,16793,15,95,56.8,-0.0,No,1500,2400,0,5642,125
13:12:47.676,sleep,15294,410,7214,16794,13,95,56.8,0.0,No,1500,2400,0,5647,125
13:12:48.676,sleep,15290,428,6558,16794,11,95,56.2,0.0,No,1500,2400,0,5639,125
13:12:49.676,sleep,15292,522,6654,16793,11,95,55.6,-0.0,No,1500,2400,0,5644,125
13:12:50.676,sleep,15290,474,7272,16792,9,95,55.6,0.0,No,1500,2400,0,5650,125
13:12:51.676,sleep,15294,346,6982,16792,13,95,56.2,-0.0,No,1500,2400,0,5650,125
13:12:52.676,sleep,15288,426,6538,16793,14,95,55.1,0.0,No,1500,2400,0,5648,125
13:12:53.676,sleep,15286,434,6770,16793,13,95,54.5,0.3,No,1500,2400,0,5642,125
13:12:54.676,sleep,15281,468,7156,16793,12,95,55.1,0.0,No,1500,2400,0,5656,125
13:12:55.676,sleep,15288,460,5228,16793,14,95,54.0,-0.0,No,1500,2400,0,5412,75
13:12:56.676,sleep,15288,470,7194,16794,16,95,54.0,0.0,No,1500,2400,0,3769,75
13:12:57.676,sleep,15288,270,6674,16793,16,95,53.5,0.0,No,1500,2400,0,3503,75
13:12:58.679,active,15275,686,10514,16793,9,95,55.6,23.8,No,2400,2400,0,3464,75
13:12:59.676,active,15286,668,8064,16791,0,95,57.9,47.2,No,2400,2400,0,3419,75
13:13:00.676,active,15262,732,9356,16791,0,95,58.4,49.4,No,2400,2400,0,3406,75
13:13:01.676,active,15277,618,9472,16792,0,95,60.0,49.2,No,2400,2400,0,3413,75
13:13:02.676,active,15241,762,12134,16791,0,95,60.6,48.2,No,2400,2400,0,3421,75
13:13:03.681,active,15243,624,9568,16791,-4,95,60.6,48.0,No,2400,2400,0,3400,125
13:13:04.676,active,15273,726,12366,16792,0,95,60.6,48.2,No,2400,2400,0,5280,125
13:13:05.679,active,15268,614,9414,16791,0,95,61.1,48.6,No,2400,2400,0,5535,125
13:13:06.676,active,15251,820,12462,16791,0,95,61.1,48.9,No,2400,2400,0,5558,125
13:13:07.676,active,15273,786,12038,16790,0,95,62.2,49.0,No,2400,2400,0,5549,125
13:13:08.676,active,15277,822,12944,16791,0,95,62.2,47.4,No,2400,2400,0,5546,125
13:13:09.676,active,15309,462,7080,16790,0,95,62.2,45.7,No,2400,2400,0,5550,125
13:13:10.676,active,15329,276,7176,16790,-4,95,61.7,46.8,No,2400,2400,0,5546,125
13:13:11.676,active,15314,518,7948,16789,0,95,62.2,45.5,No,2400,2400,0,5547,125
13:13:12.678,active,15301,504,7292,16789,-4,95,61.7,46.0,No,2400,2400,0,5549,125
13:13:13.676,active,15301,476,7310,16790,-3,95,62.2,46.5,No,2400,2400,0,5552,125
13:13:14.676,active,15309,552,9472,16790,-5,95,62.8,50.9,No,2400,2400,0,5551,125
13:13:15.676,active,15299,574,8816,16790,-4,95,63.4,50.3,No,2400,2400,0,5553,125
13:13:16.677,active,15303,728,9086,16789,-6,95,62.8,48.0,No,2400,2400,0,5555,125
13:13:17.677,active,15273,528,8082,16790,-5,95,62.2,47.3,No,2400,2400,0,5554,125
13:13:18.677,active,15281,774,11882,16790,0,95,62.8,46.9,No,2400,2400,0,5557,125
13:13:19.676,active,15314,676,8140,16791,0,95,62.2,48.2,No,2400,2400,0,5556,125
13:13:20.676,active,15281,528,8140,16791,3,95,62.8,49.0,No,2400,2400,0,5569,125
13:13:21.676,active,15316,702,8680,16790,0,95,62.2,49.4,No,2400,2400,0,5564,125
13:13:22.676,active,15354,512,7890,16790,0,95,63.4,47.1,No,2400,2400,0,5568,125
13:13:23.676,active,15339,516,8120,16792,0,95,63.4,48.1,No,2400,2400,0,5566,125
13:13:24.677,active,15335,510,7832,16792,3,95,62.8,47.8,No,2400,2400,0,5567,125
13:13:25.677,active,15329,518,8256,16791,0,95,62.2,49.1,No,2400,2400,0,5571,125
13:13:26.676,active,15311,508,7792,16791,0,95,61.7,48.2,No,2400,2400,0,5569,125
13:13:27.676,active,15279,864,13234,16791,0,95,62.8,48.8,No,2400,2400,0,5571,125
13:13:28.676,active,15279,732,11208,16792,0,95,62.8,48.5,No,2400,2400,0,5571,125
13:13:29.676,active,15266,860,13194,16792,0,95,62.8,48.7,No,2400,2400,0,5579,125
13:13:30.676,active,15279,800,12268,16791,0,95,63.4,46.5,No,2400,2400,0,5576,125
13:13:31.676,active,15268,800,12250,16790,0,95,63.4,47.6,No,2400,2400,0,5581,125
13:13:32.680,active,15275,860,13176,16791,0,95,62.2,47.9,No,2400,2400,0,5584,125
13:13:33.676,active,15283,668,10244,16791,0,95,61.7,46.7,No,2400,2400,0,5577,125
13:13:34.676,active,15275,776,11882,16790,-3,95,62.8,47.2,No,2400,2400,0,5578,125
13:13:35.676,active,15292,470,7194,16791,0,95,63.4,47.9,No,2400,2400,0,5581,125
13:13:36.676,active,15299,528,11824,16790,0,95,63.4,48.1,No,2400,2400,0,5579,125
13:13:37.676,active,15299,712,10898,16791,0,95,62.8,46.6,No,2400,2400,0,5576,125
13:13:38.676,active,15296,404,11226,16791,0,95,62.8,46.8,No,2400,2400,0,5582,125
13:13:39.681,active,15296,630,9644,16792,0,95,63.4,48.4,No,2400,2400,0,5575,125
13:13:40.676,active,15256,602,12752,16790,0,95,62.2,48.1,No,2400,2400,0,5578,125
13:13:41.676,active,15288,712,10898,16791,0,95,62.8,49.2,No,2400,2400,0,5576,125
13:13:42.676,active,15251,876,12616,16790,0,95,62.8,48.8,No,2400,2400,0,5591,125
13:13:43.676,active,15277,788,12038,16790,0,95,63.9,48.8,No,2400,2400,0,5609,125
13:13:44.676,active,15335,506,7774,16791,0,95,63.4,47.8,No,2400,2400,0,5589,125
13:13:45.676,active,15311,498,7638,16793,0,95,62.8,48.7,No,2400,2400,0,5594,125
13:13:46.683,active,15324,490,7522,16792,0,95,62.2,47.9,No,2400,2400,0,5589,125
13:13:47.676,active,15311,556,8526,16790,0,95,63.4,48.1,No,2400,2400,0,5590,125
13:13:48.676,active,15318,472,7234,16790,-3,95,63.4,52.1,No,2400,2400,0,5593,125
13:13:49.676,active,15305,528,8102,16789,-3,95,63.9,48.1,No,2400,2400,0,5592,125
13:13:50.676,active,15316,504,7716,16791,0,95,63.4,47.1,No,2400,2400,0,5586,125
13:13:51.676,active,15309,578,8874,16791,0,95,64.5,48.2,No,2400,2400,0,5592,125
13:13:52.676,active,15301,442,6790,16791,0,95,63.4,48.9,No,2400,2400,0,5593,125
13:13:53.676,active,15288,662,11980,16791,0,95,63.4,47.0,No,2400,2400,0,5593,125
13:13:54.676,active,15314,678,10398,16790,0,95,62.2,52.3,No,2400,2400,0,5588,125
13:13:55.676,active,15273,852,11400,16791,0,95,64.5,50.8,No,2400,2400,0,5603,125
13:13:56.676,active,15279,802,12288,16790,0,95,65.0,50.9,No,2400,2400,0,5592,125
13:13:57.676,active,15277,852,9992,16790,0,95,64.5,51.1,No,2400,2400,0,5600,125
13:13:58.676,sleep,15290,502,7696,16791,4,95,61.1,39.0,No,2400,2400,0,5598,125
13:13:59.676,sleep,15288,546,7138,16792,11,95,60.0,-0.0,No,2400,2400,0,5634,125
13:14:00.676,sleep,15292,474,7272,16794,12,95,59.0,0.0,No,2400,2400,0,5641,125
13:14:01.676,sleep,15290,530,7252,16792,9,95,59.0,-0.0,No,2400,2400,0,5641,125
13:14:02.676,sleep,15290,468,7156,16792,6,95,58.4,0.3,No,2400,2400,0,5636,125
13:14:03.676,sleep,15294,354,5420,16792,8,95,57.3,0.0,No,1500,2400,0,5642,125
13:14:04.676,sleep,15286,372,5710,16793,11,95,56.8,-0.0,No,1500,2400,0,5645,125
13:14:05.676,sleep,15288,384,5884,16792,11,95,56.2,0.3,No,1500,2400,0,5649,125
13:14:06.676,sleep,15281,368,5632,16793,13,95,56.2,0.0,No,1500,2400,0,5651,125
13:14:07.676,sleep,15286,498,7638,16793,11,95,55.6,0.0,No,1500,2400,0,5648,125
13:14:08.676,sleep,15286,546,8372,16793,9,95,55.6,-0.0,No,1500,2400,0,5647,125
13:14:09.676,sleep,15283,488,7484,16793,13,95,55.1,0.0,No,1500,2400,0,5652,125
13:14:10.676,sleep,15290,484,7408,16793,14,95,55.1,0.0,No,1500,2400,0,5661,125
13:14:11.676,sleep,15288,350,5362,16793,14,95,55.1,0.0,No,1500,2400,0,4732,75
13:14:12.676,sleep,15294,496,4494,16793,14,95,54.5,-0.0,No,1500,2400,0,3673,75
13:14:13.679,active,15277,812,12424,16794,11,95,56.8,21.1,No,2400,2400,0,3500,75
13:14:14.676,active,15309,564,6790,16790,-6,95,56.8,47.7,No,2400,2400,0,3428,75
13:14:15.676,active,15292,484,7408,16790,-5,95,59.0,46.6,No,2400,2400,0,3411,75
13:14:16.676,active,15292,486,11440,16790,-4,95,59.5,46.1,No,2400,2400,0,3419,75
13:14:17.676,active,15294,452,6924,16790,-6,95,60.6,45.6,No,2400,2400,0,3413,75
13:14:18.676,active,15301,504,10744,16790,-8,95,60.6,46.1,No,2400,2400,0,3740,125
13:14:19.676,active,15268,580,8874,16790,-6,95,60.6,45.9,No,2400,2400,0,5419,125
13:14:20.676,active,15303,508,7812,16790,-3,95,60.6,45.4,No,2400,2400,0,5558,125
13:14:21.675,active,15290,840,7510,16789,0,95,61.1,50.6,No,2400,2400,0,5563,125
13:14:22.676,active,15357,540,8294,16790,-5,95,61.1,49.1,No,2400,2400,0,5563,125
13:14:23.676,active,15335,488,8016,16791,-3,95,61.7,48.1,No,2400,2400,0,5558,125
13:14:24.676,active,15307,526,8082,16791,0,95,62.2,49.0,No,2400,2400,0,5553,125
13:14:25.676,active,15346,514,7908,16790,0,95,62.2,49.2,No,2400,2400,0,5555,125
13:14:26.676,active,15357,504,7736,16789,-7,95,61.7,47.4,No,2400,2400,0,5551,125
13:14:27.677,active,15307,576,8854,16790,-7,95,62.2,49.0,No,2400,2400,0,5559,125
13:14:28.676,active,15273,674,10340,16791,0,95,63.4,47.7,No,2400,2400,0,5557,125
13:14:29.676,active,15281,730,12384,16790,-3,95,62.2,48.7,No,2400,2400,0,5552,125
13:14:30.676,active,15268,760,11632,16790,-4,95,63.4,48.4,No,2400,2400,0,5555,125
13:14:31.676,active,15271,834,14024,16790,0,95,63.4,48.2,No,2400,2400,0,5561,125
13:14:32.680,active,15281,810,12404,16791,0,95,64.5,46.9,No,2400,2400,0,5561,125
13:14:33.676,active,15264,942,13638,16790,0,95,62.2,47.5,No,2400,2400,0,5567,125
13:14:34.676,active,15271,864,13234,16791,0,95,61.1,48.1,No,2400,2400,0,5567,125
13:14:35.676,active,15281,856,10030,16789,-5,95,62.8,49.1,No,2400,2400,0,5560,125
13:14:36.676,active,15271,840,12866,16788,-6,95,63.4,48.1,No,2400,2400,0,5572,125
13:14:37.676,active,15303,540,8256,16790,-3,95,62.2,48.9,No,2400,2400,0,5575,125
13:14:38.680,active,15294,476,7292,16791,0,95,63.4,48.1,No,2400,2400,0,5578,125
13:14:39.676,active,15301,840,12558,16792,3,95,63.4,47.5,No,2400,2400,0,5576,125
13:14:40.676,active,15277,674,10320,16792,-3,95,62.8,47.4,No,2400,2400,0,5586,125
13:14:41.676,active,15296,988,14004,16791,0,95,62.2,47.5,No,2400,2400,0,5585,125
13:14:42.676,active,15264,620,9472,16790,4,95,62.8,48.1,No,2400,2400,0,5580,125
13:14:43.676,active,15303,882,13060,16791,0,95,62.2,48.2,No,2400,2400,0,5582,125
13:14:44.676,active,15241,826,12616,16791,0,95,62.8,48.7,No,2400,2400,0,5578,125
13:14:45.676,active,15275,832,12210,16790,0,95,63.4,47.8,No,2400,2400,0,5592,125
13:14:46.676,active,15326,508,7556,16790,0,95,62.2,48.2,No,2400,2400,0,5582,125
13:14:47.676,active,15346,526,8082,16790,0,95,62.8,48.1,No,2400,2400,0,5578,125
13:14:48.677,active,15311,702,7712,16790,0,95,62.2,48.4,No,2400,2400,0,5586,125
13:14:49.676,active,15324,572,8758,16790,0,95,62.8,48.9,No,2400,2400,0,5591,125
13:14:50.676,active,15314,510,7594,16791,0,95,62.8,48.6,No,2400,2400,0,5591,125
13:14:51.676,active,15324,510,7850,16790,0,95,63.9,49.0,No,2400,2400,0,5589,125
13:14:52.676,active,15305,530,7884,16790,0,95,63.4,48.4,No,2400,2400,0,5592,125
13:14:53.676,active,15311,538,8256,16790,-5,95,62.2,48.9,No,1900,2400,0,5592,125
13:14:54.676,active,15303,514,7870,16790,0,95,62.8,48.0,No,2400,2400,0,5581,125
13:14:55.677,active,15279,814,12462,16790,0,95,62.2,50.2,No,2400,2400,0,5587,125
13:14:56.676,active,15286,832,10552,16790,0,95,62.8,49.6,No,2400,2400,0,5587,125
13:14:57.676,active,15292,732,11246,16792,4,95,63.4,48.6,No,2400,2400,0,5593,125
13:14:58.676,active,15277,842,13078,16792,6,95,64.5,48.6,No,2400,2400,0,5598,125
13:14:59.678,active,15279,584,8950,16791,5,95,63.9,48.6,No,2400,2400,0,5589,125
13:15:00.676,active,15283,790,7350,16791,0,95,63.4,46.2,No,2400,2400,0,5599,125
13:15:01.676,active,15286,556,8584,16790,3,95,62.8,49.5,No,2400,2400,0,5605,125
13:15:02.679,active,15286,770,12042,16792,6,95,62.8,47.6,No,2400,2400,0,5604,125
13:15:03.676,active,15303,446,6866,16792,5,95,62.8,45.8,No,2400,2400,0,5606,125
13:15:04.676,active,15309,498,11574,16792,4,95,63.4,51.5,No,2400,2400,0,5589,125
13:15:05.676,active,15268,634,9722,16791,4,95,63.9,51.5,No,2400,2400,0,5587,125
13:15:06.676,active,15238,832,12982,16790,0,95,63.9,51.1,No,2400,2400,0,5597,125
13:15:07.677,active,15258,826,12636,16790,0,95,63.9,52.4,No,2400,2400,0,5603,125
13:15:08.676,active,15266,762,10398,16791,0,95,63.4,53.7,No,2400,2400,0,5592,125
13:15:09.682,active,15256,784,11998,16791,3,95,63.4,52.6,No,2400,2400,0,5601,125
13:15:10.676,active,15277,556,12152,16790,0,95,63.4,51.0,No,2400,2400,0,5595,125
13:15:11.676,active,15283,788,12076,16790,0,95,63.9,50.5,No,2400,2400,0,5594,125
13:15:12.676,active,15264,876,12712,16790,0,95,63.9,45.5,No,2400,2400,0,5601,125
13:15:13.676,sleep,15296,504,7736,16790,0,95,61.1,38.9,No,2400,2400,0,5601,125
13:15:14.676,sleep,15294,556,8546,16793,9,95,60.0,0.0,No,2400,2400,0,5636,125
13:15:15.676,sleep,15292,506,7754,16793,15,95,59.5,-0.0,No,2400,2400,0,5635,125
13:15:16.676,sleep,15294,552,8448,16793,10,95,59.5,0.0,No,2400,2400,0,5644,125
13:15:17.676,sleep,15299,524,8044,16792,11,95,57.9,-0.0,No,2400,2400,0,5641,125
13:15:18.676,sleep,15296,264,7272,16793,10,95,58.4,0.0,No,2400,2400,0,5640,125
13:15:19.676,sleep,15290,474,7272,16795,16,95,56.2,-0.0,No,1500,2400,0,5646,125
13:15:20.676,sleep,15288,448,7080,16795,18,95,56.2,0.0,No,1500,2400,0,5650,125
13:15:21.676,sleep,15286,386,5902,16794,17,95,56.2,-0.0,No,1500,2400,0,5649,125
13:15:22.676,sleep,15288,532,8140,16792,12,95,55.6,0.3,No,1500,2400,0,5646,125
13:15:23.676,sleep,15288,426,6538,16793,11,95,55.6,0.0,No,1500,2400,0,5652,125
13:15:24.676,sleep,15294,494,7580,16794,14,95,55.1,-0.0,No,1500,2400,0,4186,75
13:15:25.676,sleep,15288,404,6212,16794,14,95,54.5,0.2,No,1500,2400,0,3568,75
13:15:26.676,sleep,15288,330,5072,16794,16,95,55.1,0.0,No,1500,2400,0,3459,75
13:15:27.676,sleep,15292,520,7966,16793,12,95,54.5,0.0,No,1500,2400,0,3449,75
13:15:28.676,active,15277,730,11208,16793,12,95,57.9,17.0,No,2400,2400,0,3449,75
13:15:29.676,active,15277,816,12500,16792,0,95,57.3,48.5,No,2400,2400,0,3422,75
13:15:30.676,active,15339,444,6790,16792,0,95,58.4,48.9,No,2400,2400,0,3406,75
13:15:31.676,active,15249,806,11748,16791,0,95,59.5,48.5,No,2400,2400,0,4707,125
13:15:32.676,active,15299,606,9298,16790,-3,95,60.6,50.0,No,2400,2400,0,5494,125
13:15:33.676,active,15266,692,12114,16790,-4,95,60.6,48.6,No,2400,2400,0,5556,125
13:15:34.677,active,15268,746,11420,16790,-3,95,61.7,48.6,No,2400,2400,0,5548,125
13:15:35.677,active,15277,680,13406,16792,0,95,61.1,47.7,No,2400,2400,0,5555,125
13:15:36.676,active,15281,794,12152,16791,0,95,60.6,48.7,No,2400,2400,0,5559,125
13:15:37.675,active,15262,770,12886,16790,0,95,61.7,49.3,No,2400,2400,0,5558,125
13:15:38.676,active,15262,870,13310,16791,0,95,61.7,48.1,No,2400,2400,0,5549,125
13:15:39.676,active,15258,810,12578,16791,0,95,62.8,50.0,No,2400,2400,0,5549,125
13:15:40.680,active,15299,516,7908,16790,0,95,61.7,47.9,No,2400,2400,0,5549,125
13:15:41.676,active,15303,588,9008,16790,0,95,63.4,48.5,No,2400,2400,0,5561,125
13:15:42.681,active,15301,498,7638,16791,0,95,62.2,48.9,No,2400,2400,0,5564,125
13:15:43.676,active,15301,646,9896,16790,0,95,61.7,48.7,No,2400,2400,0,5547,125
13:15:44.676,active,15292,488,7484,16790,0,95,62.2,47.5,No,2400,2400,0,5559,125
13:15:45.676,active,15301,840,12848,16791,0,95,63.4,47.7,No,2400,2400,0,5560,125
13:15:46.676,active,15266,630,9644,16790,0,95,63.9,47.9,No,2400,2400,0,5564,125
13:15:47.678,active,15296,786,11998,16790,0,95,61.7,47.9,No,2400,2400,0,5563,125
13:15:48.676,active,15268,742,11362,16790,0,95,62.2,46.6,No,2400,2400,0,5559,125
13:15:49.676,active,15307,474,7292,16791,0,95,62.2,47.1,No,2400,2400,0,5569,125
13:15:50.677,active,15352,534,7214,16791,0,95,62.2,47.0,No,2400,2400,0,5577,125
13:15:51.676,active,15357,490,7504,16790,0,95,62.2,47.5,No,2400,2400,0,5581,125
13:15:52.676,active,15352,522,8160,16789,-4,95,62.8,48.1,No,2400,2400,0,5580,125
13:15:53.676,active,15352,492,7542,16790,0,95,63.4,48.2,No,2400,2400,0,5588,125
13:15:54.676,active,15314,548,7156,16790,-3,95,62.8,48.7,No,2400,2400,0,5582,125
13:15:55.676,active,15324,462,7098,16791,-4,95,63.4,48.0,No,2400,2400,0,5560,125
13:15:56.676,active,15311,492,8990,16790,-4,95,62.2,48.1,No,2400,2400,0,5556,125
13:15:57.676,active,15279,502,7678,16790,0,95,62.8,48.3,No,2400,2400,0,5559,125
13:15:58.676,active,15271,878,14062,16790,0,95,62.2,48.9,No,2400,2400,0,5573,125
13:15:59.676,active,15275,790,12096,16791,0,95,62.2,48.7,No,2400,2400,0,5578,125
13:16:00.676,active,15281,846,10552,16792,0,95,62.8,48.7,No,2400,2400,0,5586,125
13:16:01.676,active,15283,840,12848,16791,-4,95,63.9,49.2,No,2400,2400,0,5583,125
13:16:02.676,active,15283,882,10514,16791,0,95,62.2,48.7,No,2400,2400,0,5584,125
13:16:03.680,active,15292,766,11748,16790,0,95,61.7,49.2,No,1900,2400,0,5583,125
13:16:04.676,active,15283,810,8140,16790,0,95,61.7,46.2,No,2400,2400,0,5586,125
13:16:05.676,active,15277,542,8314,16791,0,95,62.2,48.6,No,2400,2400,0,5572,125
13:16:06.676,active,15299,662,8718,16791,0,95,63.4,51.9,No,2400,2400,0,5583,125
13:16:07.676,active,15258,514,7870,16790,0,95,63.4,50.3,No,2400,2400,0,5591,125
13:16:08.676,active,15296,804,14004,16790,0,95,63.9,48.2,No,2400,2400,0,5586,125
13:16:09.681,active,15256,628,9606,16790,0,95,63.9,49.0,No,2400,2400,0,5587,125
13:16:10.676,active,15277,648,11478,16792,0,95,62.8,48.1,No,2400,2400,0,5591,125
13:16:11.676,active,15273,682,10436,16791,0,95,62.2,51.6,No,2400,2400,0,5590,125
13:16:12.676,active,15277,708,12134,16791,0,95,63.9,51.4,No,2400,2400,0,5583,125
13:16:13.676,active,15256,770,11786,16790,0,95,63.4,53.9,No,2400,2400,0,5604,125
13:16:14.676,active,15262,744,13908,16791,0,95,64.5,52.4,No,2400,2400,0,5598,125
13:16:15.676,active,15335,506,10474,16791,0,95,63.4,51.3,No,2400,2400,0,5590,125
13:16:16.676,active,15348,490,7522,16792,0,95,62.8,50.6,No,2400,2400,0,5593,125
13:16:17.677,active,15309,750,11516,16793,0,95,63.4,51.1,No,2400,2400,0,5597,125
13:16:18.676,active,15331,520,7986,16790,0,95,63.4,52.7,No,2400,2400,0,5590,125
13:16:19.676,active,15314,538,8256,16790,0,95,63.4,47.4,No,2400,2400,0,5587,125
13:16:20.676,active,15335,490,6038,16790,0,95,65.0,48.1,No,2400,2400,0,5602,125
13:16:21.677,active,15307,538,8256,16791,0,95,63.9,49.0,No,2400,2400,0,5589,125
13:16:22.676,active,15309,516,8314,16791,0,95,62.8,47.9,No,2400,2400,0,5589,125
13:16:23.676,active,15309,548,8410,16790,0,95,63.9,47.7,No,2400,2400,0,5598,125
13:16:24.676,active,15277,790,7408,16790,-4,95,63.4,49.0,No,2400,2400,0,5597,125
13:16:25.676,active,15266,926,14178,16791,0,95,62.8,49.4,No,2400,2400,0,5590,125
13:16:26.676,active,15271,864,13214,16792,0,95,63.4,49.4,No,2400,2400,0,5601,125
13:16:27.676,active,15281,872,13350,16793,3,95,64.5,50.1,No,2400,2400,0,5600,125
13:16:28.676,sleep,15296,506,7774,16792,0,95,61.7,42.3,No,2400,2400,0,5595,125
13:16:29.676,sleep,15288,520,7986,16793,13,95,59.5,-0.0,No,2400,2400,0,5626,125
13:16:30.676,sleep,15288,556,8526,16793,13,95,59.5,0.0,No,2400,2400,0,5631,125
13:16:31.676,sleep,15292,460,7060,16793,12,95,59.5,0.5,No,2400,2400,0,5638,125
13:16:32.676,sleep,15286,528,8102,16794,11,95,59.0,0.2,No,2400,2400,0,5626,125
13:16:33.676,sleep,15296,436,8546,16792,11,95,58.4,0.0,No,2400,2400,0,5635,125
13:16:34.676,sleep,15292,432,6616,16794,17,95,57.9,-0.0,No,1500,2400,0,5648,125
13:16:35.676,sleep,15288,404,7472,16794,18,95,57.9,0.0,No,1500,2400,0,5671,125
13:16:36.676,sleep,15290,466,7138,16794,13,95,56.8,0.0,No,1500,2400,0,5652,125
13:16:37.676,sleep,15283,466,6626,16794,13,95,55.6,-0.0,No,1500,2400,0,5643,125
13:16:38.676,sleep,15294,432,6616,16794,13,95,55.1,0.0,No,1500,2400,0,5647,125
13:16:39.676,sleep,15286,416,6384,16793,9,95,55.1,-0.0,No,1500,2400,0,5648,125
13:16:40.676,sleep,15288,468,7176,16793,12,95,55.1,0.0,No,1500,2400,0,5653,125
13:16:41.676,sleep,15288,506,7754,16793,12,95,54.5,-0.0,No,1500,2400,0,5653,125
13:16:42.676,sleep,15292,268,4108,16795,15,95,54.5,0.0,No,1500,2400,0,3981,75
13:16:43.679,active,15277,458,9414,16794,12,95,57.3,11.5,No,2400,2400,0,3541,75
13:16:44.678,active,15318,504,7736,16790,0,95,57.3,50.9,No,2400,2400,0,3449,75
13:16:45.676,active,15314,538,8082,16791,-3,95,58.4,47.7,No,2400,2400,0,3440,75
13:16:46.676,active,15301,508,7792,16791,-3,95,59.0,48.9,No,2400,2400,0,5125,125
13:16:47.676,active,15299,474,9084,16791,-5,95,60.0,49.4,No,2400,2400,0,5543,125
13:16:48.676,active,15311,504,7716,16792,0,95,61.1,49.1,No,2400,2400,0,5584,125
13:16:49.680,active,15301,590,9066,16791,0,95,61.1,48.3,No,2400,2400,0,5579,125
13:16:50.676,active,15299,484,7426,16790,0,95,61.7,47.2,No,2400,2400,0,5573,125
13:16:51.676,active,15279,870,10358,16791,0,95,61.1,47.2,No,2400,2400,0,5575,125
13:16:52.676,active,15316,710,10898,16791,0,95,61.1,47.5,No,2400,2400,0,5572,125
13:16:53.676,active,15318,748,7966,16790,-3,95,61.1,48.4,No,2400,2400,0,5572,125
13:16:54.676,active,15279,674,10358,16791,-4,95,61.7,49.0,No,2400,2400,0,5573,125
13:16:55.676,active,15309,576,7850,16790,-4,95,62.2,47.6,No,2400,2400,0,5578,125
13:16:56.677,active,15279,472,7252,16790,0,95,62.2,48.1,No,2400,2400,0,5577,125
13:16:57.676,active,15352,486,7996,16791,-5,95,62.8,47.1,No,2400,2400,0,5573,125
13:16:58.676,active,15352,448,6886,16791,-7,95,62.2,47.6,No,2400,2400,0,5580,125
13:16:59.676,active,15339,460,7060,16791,-8,95,61.7,47.3,No,2400,2400,0,5571,125
13:17:00.676,active,15253,840,12848,16789,-8,95,61.7,48.3,No,2400,2400,0,5573,125
13:17:01.676,active,15228,836,13600,16789,-5,95,63.4,49.2,No,2400,2400,0,5580,125
13:17:02.676,active,15268,842,12886,16791,0,95,62.8,49.0,No,2400,2400,0,5588,125
13:17:03.676,active,15249,776,13446,16790,-5,95,62.2,48.1,No,2400,2400,0,5584,125
13:17:04.676,active,15279,832,12752,16791,-5,95,62.8,48.1,No,2400,2400,0,5588,125
13:17:05.676,active,15264,840,14198,16791,0,95,61.7,48.6,No,2400,2400,0,5582,125
13:17:06.676,active,15283,892,13658,16790,0,95,62.2,48.0,No,2400,2400,0,5585,125
13:17:07.676,active,15266,776,12752,16789,-3,95,61.7,48.6,No,2400,2400,0,5575,125
13:17:08.676,active,15256,876,13426,16789,-7,95,62.2,48.6,No,2400,2400,0,5586,125
13:17:09.676,active,15303,460,7060,16790,-3,95,62.8,48.9,No,2400,2400,0,5588,125
13:17:10.676,active,15294,576,8816,16790,0,95,62.8,52.9,No,2400,2400,0,5594,125
13:17:11.681,active,15305,522,8738,16791,0,95,62.2,45.1,No,2400,2400,0,5589,125
13:17:12.677,active,15292,504,7736,16789,0,95,61.7,44.6,No,2400,2400,0,5578,125
13:17:13.676,active,15296,518,7562,16791,0,95,61.7,52.4,No,2400,2400,0,5578,125
13:17:14.676,active,15309,492,7562,16791,-3,95,63.9,50.5,No,2400,2400,0,5586,125
13:17:15.676,active,15301,460,12308,16790,-6,95,62.2,47.7,No,2400,2400,0,5590,125
13:17:16.676,active,15307,544,8372,16790,-5,95,63.4,52.0,No,2400,2400,0,5587,125
13:17:17.676,active,15292,444,10764,16790,0,95,62.8,49.2,No,2400,2400,0,5584,125
13:17:18.681,active,15264,694,10628,16790,-5,95,63.4,51.3,No,2400,2400,0,5581,125
13:17:19.682,active,15281,842,12906,16790,0,95,63.4,52.7,No,2400,2400,0,5600,125
13:17:20.676,active,15292,722,11072,16790,-5,95,62.8,51.8,No,2400,2400,0,5597,125
13:17:21.676,active,15314,542,8334,16790,-5,95,62.8,53.0,No,2400,2400,0,5586,125
13:17:22.676,active,15339,536,8236,16789,-3,95,63.4,52.4,No,2400,2400,0,5585,125
13:17:23.676,active,15301,542,11188,16790,0,95,63.9,53.0,No,2400,2400,0,5590,125
13:17:24.676,active,15309,564,8642,16791,0,95,63.9,49.7,No,2400,2400,0,5589,125
13:17:25.676,active,15350,522,8776,16789,-6,95,63.4,50.1,No,2400,2400,0,5587,125
13:17:26.680,active,15309,494,7600,16790,-4,95,63.4,48.4,No,2400,2400,0,5593,125
13:17:27.676,active,15268,686,10514,16791,-3,95,61.7,45.7,No,2400,2400,0,5591,125
13:17:28.676,active,15275,778,11922,16790,-4,95,63.4,48.6,No,2400,2400,0,5587,125
13:17:29.676,active,15271,810,12384,16790,-3,95,63.4,49.1,No,2400,2400,0,5580,125
13:17:30.676,active,15258,820,12558,16789,0,95,63.4,47.8,No,2400,2400,0,5591,125
13:17:31.676,active,15296,762,11652,16790,-6,95,63.9,48.8,No,2400,2400,0,5599,125
13:17:32.677,active,15277,768,11768,16791,0,95,63.9,49.6,No,2400,2400,0,5600,125
13:17:33.676,active,15256,848,13002,16790,-5,95,63.4,47.6,No,2400,2400,0,5604,125
13:17:34.676,active,15273,786,12038,16790,-6,95,63.4,49.0,No,2400,2400,0,5597,125
13:17:35.676,active,15264,862,13194,16789,-6,95,63.4,49.2,No,2400,2400,0,5606,125
13:17:36.676,active,15316,586,8468,16788,-6,95,63.9,49.1,No,2400,2400,0,5605,125
13:17:37.676,active,15305,630,9644,16789,-7,95,63.4,46.6,No,2400,2400,0,5594,125
13:17:38.676,active,15301,554,12038,16792,0,95,63.9,45.7,No,2400,2400,0,5597,125
13:17:39.677,active,15296,696,10668,16790,0,95,63.9,45.6,No,2400,2400,0,5593,125
13:17:40.677,active,15303,504,10532,16791,0,95,63.4,46.0,No,2400,2400,0,5595,125
13:17:41.676,active,15299,800,12230,16790,0,95,63.4,46.2,No,2400,2400,0,5594,125
13:17:42.676,active,15258,744,11400,16788,-5,95,62.8,46.2,No,2400,2400,0,5591,125
13:17:43.676,sleep,15303,468,7156,16790,-3,95,62.2,48.1,No,2400,2400,0,5588,125
13:17:44.676,sleep,15288,510,7812,16793,9,95,60.0,-0.0,No,2400,2400,0,5629,125
13:17:45.676,sleep,15292,492,7542,16792,6,95,59.0,0.0,No,2400,2400,0,5636,125
13:17:46.676,sleep,15288,434,7870,16792,7,95,58.4,-0.0,No,2400,2400,0,5642,125
13:17:47.676,sleep,15292,510,7832,16791,7,95,57.9,0.0,No,2400,2400,0,5626,125
13:17:48.676,sleep,15294,538,7832,16793,8,95,57.9,-0.0,No,1500,2400,0,5620,125
13:17:49.676,sleep,15290,398,6096,16793,12,95,57.3,0.0,No,1500,2400,0,5642,125
13:17:50.676,sleep,15290,472,8140,16792,8,95,56.2,0.0,No,1500,2400,0,5645,125
13:17:51.676,sleep,15286,422,6462,16792,9,95,55.6,0.0,No,1500,2400,0,5641,125
13:17:52.676,sleep,15292,296,7138,16792,8,95,55.6,0.0,No,1500,2400,0,5647,125
13:17:53.676,sleep,15286,364,5594,16793,8,95,55.6,-0.0,No,1500,2400,0,5647,125
13:17:54.676,sleep,15288,458,8218,16793,7,95,55.1,0.0,No,1500,2400,0,5647,125
13:17:55.676,sleep,15286,354,5420,16794,8,95,55.1,0.0,No,1500,2400,0,5447,75
13:17:56.676,sleep,15286,380,7138,16793,12,95,55.1,0.0,No,1500,2400,0,3776,75
13:17:57.676,sleep,15292,308,4726,16793,13,95,54.0,0.0,No,1500,2400,0,3511,75
13:17:58.681,active,15283,562,8064,16792,11,95,55.1,6.5,No,1500,2400,0,3464,75
13:17:59.676,active,15281,654,10030,16790,-3,95,57.9,54.9,No,2400,2400,0,3422,75
13:18:00.677,active,15283,790,7388,16791,-3,95,59.0,47.9,No,2400,2400,0,3412,75
13:18:01.676,active,15268,802,12288,16790,-7,95,59.0,47.7,No,2400,2400,0,3418,75
13:18:02.676,active,15296,672,7484,16790,-4,95,59.5,47.9,No,2400,2400,0,3419,75
13:18:03.676,active,15260,510,7812,16790,-5,95,60.0,47.6,No,2400,2400,0,3411,75
13:18:04.676,active,15292,730,11246,16789,-8,95,60.6,48.0,No,2400,2400,0,5271,125
13:18:05.676,active,15249,864,13194,16790,-6,95,61.1,47.1,No,2400,2400,0,5536,125
13:18:06.681,active,15281,590,10572,16788,-13,95,61.1,47.1,No,2400,2400,0,5543,125
13:18:07.680,active,15232,928,14178,16789,-10,95,60.6,46.7,No,2400,2400,0,5544,125
13:18:08.676,active,15243,808,12384,16789,-5,95,60.6,48.2,No,2400,2400,0,5544,125
13:18:09.676,active,15249,722,11034,16788,-7,95,60.6,49.2,No,2400,2400,0,5547,125
13:18:10.676,active,15241,770,12268,16790,-9,95,61.1,49.0,No,2400,2400,0,5542,125
13:18:11.676,active,15262,840,12848,16790,-8,95,61.1,48.8,No,2400,2400,0,5541,125
13:18:12.676,active,15322,518,7966,16788,-9,95,61.7,48.3,No,2400,2400,0,5550,125
13:18:13.676,active,15311,546,8372,16789,-6,95,62.2,48.0,No,2400,2400,0,5545,125
13:18:14.680,active,15309,486,7446,16789,-8,95,61.1,48.2,No,2400,2400,0,5547,125
13:18:15.676,active,15303,470,7214,16789,-8,95,61.7,48.2,No,2400,2400,0,5551,125
13:18:16.676,active,15307,524,8044,16788,-8,95,62.2,48.6,No,2400,2400,0,5554,125
13:18:17.676,active,15303,546,8372,16790,-4,95,62.2,52.4,No,2400,2400,0,5555,125
13:18:18.676,active,15305,472,6404,16789,-5,95,62.8,49.6,No,2400,2400,0,5561,125
13:18:19.676,active,15303,510,7832,16789,-4,95,62.8,45.2,No,2400,2400,0,5555,125
13:18:20.676,active,15307,504,8352,16789,-7,95,62.2,50.8,No,2400,2400,0,5562,125
13:18:21.676,active,15283,770,10014,16788,-8,95,62.2,49.7,No,2400,2400,0,5563,125
13:18:22.676,active,15281,688,10572,16788,-9,95,61.1,48.1,No,2400,2400,0,5564,125
13:18:23.676,active,15281,844,12944,16788,-8,95,61.7,49.4,No,2400,2400,0,5563,125
13:18:24.676,active,15277,626,9626,16788,-9,95,62.8,47.6,No,2400,2400,0,5564,125
13:18:25.676,active,15281,806,12326,16788,-6,95,62.8,51.1,No,2400,2400,0,5561,125
13:18:26.676,active,15277,680,10416,16790,-4,95,63.4,49.4,No,2400,2400,0,5561,125
13:18:27.677,active,15277,724,11092,16788,-7,95,63.4,51.4,No,2400,2400,0,5562,125
13:18:28.676,active,15283,514,7870,16789,-3,95,62.8,52.3,No,2400,2400,0,5541,125
13:18:29.676,active,15307,702,10784,16790,0,95,62.8,51.8,No,2400,2400,0,5546,125
13:18:30.676,active,15277,764,11710,16790,0,95,62.8,50.1,No,2400,2400,0,5557,125
13:18:31.676,active,15249,700,11922,16789,0,95,63.9,54.4,No,2400,2400,0,5562,125
13:18:32.676,active,15279,774,11824,16789,-5,95,63.4,50.8,No,2400,2400,0,5579,125
13:18:33.677,active,15271,796,12538,16789,-3,95,62.8,52.8,No,2400,2400,0,5569,125
13:18:34.677,active,15251,690,10552,16790,-4,95,62.8,48.7,No,2400,2400,0,5578,125
13:18:35.676,active,15271,728,12924,16790,-4,95,62.2,46.8,No,2400,2400,0,5573,125
13:18:36.676,active,15279,698,10686,16791,0,95,62.8,49.9,No,2400,2400,0,5580,125
13:18:37.676,active,15275,570,12322,16790,0,95,63.4,47.8,No,2400,2400,0,5578,125
13:18:38.676,active,15268,914,13986,16789,0,95,63.9,48.5,No,2400,2400,0,5574,125
13:18:39.676,active,15324,498,7850,16790,-3,95,63.4,48.5,No,2400,2400,0,5594,125
13:18:40.681,active,15307,544,8352,16790,3,95,63.4,48.7,No,2400,2400,0,5584,125
13:18:41.676,active,15326,522,8024,16790,0,95,63.4,48.0,No,2400,2400,0,5577,125
13:18:42.676,active,15305,476,7330,16790,0,95,62.8,48.7,No,2400,2400,0,5575,125
13:18:43.676,active,15311,530,7310,16789,0,95,62.8,49.2,No,2400,2400,0,5577,125
13:18:44.676,active,15303,494,7580,16789,0,95,63.4,48.7,No,2400,2400,0,5578,125
13:18:45.676,active,15305,492,8776,16789,-6,95,63.4,46.9,No,2400,2400,0,5579,125
13:18:46.676,active,15307,496,7600,16790,-4,95,63.4,45.2,No,2400,2400,0,5585,125
13:18:47.676,active,15301,568,12210,16790,0,95,63.4,47.7,No,2400,2400,0,5582,125
13:18:48.677,active,15290,838,12848,16790,0,95,63.9,45.2,No,2400,2400,0,5591,125
13:18:49.676,active,15277,600,10050,16789,0,95,62.8,46.1,No,2400,2400,0,5591,125
13:18:50.676,active,15279,708,10842,16790,0,95,62.8,47.5,No,2400,2400,0,5584,125
13:18:51.676,active,15294,776,12732,16790,0,95,64.5,53.1,No,2400,2400,0,5583,125
13:18:52.676,active,15281,910,13948,16791,0,95,63.9,52.7,No,2400,2400,0,5584,125
13:18:53.679,active,15311,638,7696,16790,0,95,64.5,47.4,No,2400,2400,0,5584,125
13:18:54.680,active,15350,478,7368,16789,-4,95,63.9,48.6,No,2400,2400,0,5593,125
13:18:55.680,active,15305,738,8932,16789,-3,95,63.4,47.5,No,2400,2400,0,5593,125
13:18:56.676,active,15350,564,8680,16790,0,95,63.4,48.4,No,2400,2400,0,5595,125
13:18:57.676,active,15260,608,9298,16789,0,95,62.8,49.1,No,2400,2400,0,5594,125
13:18:58.676,sleep,15279,706,10802,16790,0,95,65.5,48.9,No,2400,2400,0,5586,125
13:18:59.676,sleep,15281,494,7580,16792,8,95,60.0,-0.0,No,2400,2400,0,5630,125
13:19:00.676,sleep,15283,504,7736,16791,11,95,59.5,0.0,No,2400,2400,0,5629,125
13:19:01.676,sleep,15283,532,8160,16791,7,95,59.0,-0.0,No,2400,2400,0,5624,125
13:19:02.676,sleep,15290,540,8276,16793,9,95,59.5,0.0,No,2400,2400,0,5630,125
13:19:03.676,sleep,15286,484,7600,16792,10,95,57.9,0.0,No,2400,2400,0,5642,125
13:19:04.676,sleep,15286,454,6964,16792,11,95,57.9,0.0,No,1500,2400,0,5653,125
13:19:05.676,sleep,15286,418,6732,16793,13,95,56.2,-0.0,No,1500,2400,0,5656,125
13:19:06.676,sleep,15288,522,5720,16793,11,95,55.6,0.0,No,1500,2400,0,5646,125
13:19:07.676,sleep,15290,378,5806,16792,6,95,55.1,-0.0,No,1500,2400,0,5642,125
13:19:08.676,sleep,15292,610,9356,16793,11,95,55.1,0.0,No,1500,2400,0,5640,125
13:19:09.676,sleep,15292,404,6212,16792,8,95,55.1,-0.0,No,1500,2400,0,5635,125
13:19:10.676,sleep,15288,466,7138,16793,11,95,55.1,0.0,No,1500,2400,0,5640,125
13:19:11.676,sleep,15290,212,3260,16793,11,95,54.5,0.0,No,1500,2400,0,4761,75
13:19:12.676,sleep,15294,518,7928,16793,13,95,54.5,0.0,No,1500,2400,0,3663,75
13:19:13.676,sleep,15296,444,4436,16792,11,95,54.0,0.0,No,1500,2400,0,3483,75
13:19:14.676,active,15251,652,9972,16790,0,95,59.0,57.2,No,2400,2400,0,3422,75
13:19:15.676,active,15277,502,7696,16790,0,95,58.4,47.5,No,2400,2400,0,3426,75
13:19:16.681,active,15354,512,7890,16791,0,95,59.5,49.2,No,2400,2400,0,3421,75
13:19:17.676,active,15314,504,7754,16792,0,95,59.5,47.8,No,2400,2400,0,3789,125
13:19:18.676,active,15324,486,7466,16790,0,95,59.5,48.9,No,2400,2400,0,5418,125
13:19:19.676,active,15352,532,8160,16791,0,95,60.6,48.7,No,2400,2400,0,5557,125
13:19:20.676,active,15318,468,7194,16789,-4,95,59.5,48.8,No,2400,2400,0,5563,125
13:19:21.676,active,15333,454,6964,16790,-4,95,61.7,48.1,No,2400,2400,0,5563,125
13:19:22.676,active,15309,492,7542,16791,-4,95,61.1,48.3,No,2400,2400,0,5555,125
13:19:23.681,active,15322,494,7580,16791,0,95,60.6,49.3,No,2400,2400,0,5562,125
13:19:24.676,active,15271,846,12462,16790,0,95,59.5,48.3,No,2400,2400,0,5561,125
13:19:25.676,active,15258,882,13504,16790,0,95,61.1,53.2,No,2400,2400,0,5569,125
13:19:26.676,active,15273,832,11768,16789,-3,95,61.7,48.0,No,2400,2400,0,5562,125
13:19:27.676,active,15262,868,13310,16791,0,95,62.2,47.0,No,2400,2400,0,5554,125
13:19:28.676,active,15281,822,10300,16791,0,95,61.1,48.2,No,2400,2400,0,5549,125
13:19:29.676,active,15277,682,10456,16791,0,95,62.8,48.1,No,2400,2400,0,5552,125
13:19:30.676,active,15286,858,9060,16790,0,95,61.7,46.0,No,2400,2400,0,5566,125
13:19:31.676,active,15277,848,13002,16790,0,95,61.1,49.4,No,2400,2400,0,5562,125
13:19:32.676,active,15279,926,9058,16790,0,95,62.2,46.7,No,2400,2400,0,5568,125
13:19:33.676,active,15316,504,7736,16791,-4,95,62.2,49.4,No,2400,2400,0,5564,125
13:19:34.679,active,15301,472,11112,16790,-3,95,62.8,51.6,No,2400,2400,0,5567,125
13:19:35.676,active,15275,566,8662,16789,-5,95,63.4,51.8,No,2400,2400,0,5572,125
13:19:36.676,active,15294,486,10552,16788,-5,95,63.4,53.0,No,2400,2400,0,5564,125
13:19:37.676,active,15253,622,9510,16789,-4,95,62.2,48.7,No,2400,2400,0,5572,125
13:19:38.676,active,15283,730,10436,16790,-5,95,62.2,50.9,No,2400,2400,0,5572,125
13:19:39.676,active,15271,784,11998,16789,-5,95,62.8,50.3,No,2400,2400,0,5559,125
13:19:40.680,active,15264,660,10822,16788,-7,95,63.9,49.7,No,2400,2400,0,5571,125
13:19:41.676,active,15247,758,11594,16788,-10,95,62.8,51.1,No,2400,2400,0,5578,125
13:19:42.676,active,15286,470,7234,16789,-8,95,63.4,48.2,No,2400,2400,0,5585,125
13:19:43.676,active,15359,484,7446,16789,-7,95,62.2,46.9,No,2400,2400,0,5579,125
13:19:44.676,active,15348,522,8024,16789,-4,95,62.2,47.4,No,2400,2400,0,5590,125
13:19:45.676,active,15350,524,8064,16789,-3,95,63.4,48.5,No,2400,2400,0,5580,125
13:19:46.676,active,15350,522,8024,16789,-5,95,62.2,48.3,No,2400,2400,0,5586,125
13:19:47.676,active,15329,504,7736,16790,-6,95,63.4,49.5,No,2400,2400,0,5584,125
13:19:48.676,active,15324,500,7678,16790,-5,95,63.4,49.1,No,2400,2400,0,5587,125
13:19:49.677,active,15309,650,9992,16790,-3,95,63.4,49.4,No,2400,2400,0,5582,125
13:19:50.679,active,15318,470,7214,16788,-5,95,63.9,47.8,No,2400,2400,0,5589,125
13:19:51.676,active,15279,836,9934,16791,0,95,62.8,48.2,No,2400,2400,0,5591,125
13:19:52.676,active,15281,696,10686,16790,0,95,64.5,46.3,No,2400,2400,0,5582,125
13:19:53.676,active,15271,836,10860,16791,0,95,62.8,46.6,No,2400,2400,0,5591,125
13:19:54.676,active,15281,738,11324,16790,0,95,63.4,46.2,No,2400,2400,0,5585,125
13:19:55.676,active,15283,910,11112,16790,0,95,63.9,45.7,No,2400,2400,0,5584,125
13:19:56.676,active,15275,876,13406,16789,-3,95,62.8,46.1,No,2400,2400,0,5571,125
13:19:57.677,active,15286,880,13504,16789,-5,95,63.4,45.7,No,2400,2400,0,5590,125
13:19:58.678,active,15277,728,11170,16790,0,95,62.8,46.1,No,2400,2400,0,5587,125
13:19:59.676,active,15316,712,10938,16791,0,95,63.4,53.0,No,2400,2400,0,5584,125
13:20:00.676,active,15299,636,9722,16790,0,95,63.4,49.1,No,2400,2400,0,5578,125
13:20:01.676,active,15279,668,10532,16789,-3,95,63.9,49.5,No,2400,2400,0,5589,125
13:20:02.677,active,15275,716,10956,16789,-6,95,63.9,50.0,No,2400,2400,0,5595,125
13:20:03.676,active,15266,758,7754,16789,-8,95,62.2,47.0,No,2400,2400,0,5590,125
13:20:04.677,active,15258,716,10976,16789,-9,95,63.4,48.1,No,2400,2400,0,5590,125
13:20:05.676,active,15245,782,11940,16789,-5,95,63.4,48.7,No,2400,2400,0,5594,125
13:20:06.676,active,15253,782,11960,16789,0,95,63.4,48.0,No,2400,2400,0,5597,125
13:20:07.676,active,15281,662,10146,16790,-3,95,63.4,48.7,No,2400,2400,0,5591,125
13:20:08.676,active,15264,852,13040,16789,-7,95,63.9,47.2,No,2400,2400,0,5592,125
13:20:09.680,active,15309,542,8044,16789,-5,95,63.4,47.8,No,2400,2400,0,5594,125
13:20:10.676,active,15307,504,7716,16789,-6,95,63.4,48.0,No,2400,2400,0,5600,125
13:20:11.676,active,15322,548,7466,16789,-4,95,62.8,48.0,No,2400,2400,0,5599,125
13:20:12.676,active,15331,500,7678,16790,-4,95,62.8,48.3,No,2400,2400,0,5586,125
13:20:13.676,active,15322,486,7678,16789,-3,95,62.8,48.4,No,2400,2400,0,5581,125
13:20:14.676,sleep,15292,504,7736,16792,0,95,60.6,3.3,No,2400,2400,0,5639,125
13:20:15.676,sleep,15294,520,7678,16792,6,95,59.5,0.0,No,2400,2400,0,5648,125
13:20:16.676,sleep,15294,506,7754,16792,10,95,58.4,-0.0,No,2400,2400,0,5635,125
13:20:17.676,sleep,15294,510,7556,16791,7,95,57.3,0.0,No,2400,2400,0,5638,125
13:20:18.676,sleep,15296,554,8488,16790,3,95,58.4,0.0,No,2400,2400,0,5643,125
13:20:19.676,sleep,15288,398,7214,16792,7,95,57.3,0.3,No,1500,2400,0,5652,125
13:20:20.676,sleep,15288,354,5420,16792,12,95,57.9,0.0,No,1500,2400,0,5657,125
13:20:21.676,sleep,15290,506,7176,16792,9,95,55.6,-0.0,No,1500,2400,0,5645,125
13:20:22.676,sleep,15288,512,7850,16792,11,95,55.6,0.0,No,1500,2400,0,5650,125
13:20:23.676,sleep,15292,342,5728,16791,9,95,55.6,0.0,No,1500,2400,0,5648,125
13:20:24.676,sleep,15288,414,6366,16792,7,95,54.5,0.0,No,1500,2400,0,5659,125
13:20:25.676,sleep,15290,394,5458,16792,7,95,54.5,-0.0,No,1500,2400,0,4246,75
13:20:26.676,sleep,15294,348,5342,16792,10,95,54.5,0.0,No,1500,2400,0,3579,75
13:20:27.676,sleep,15294,394,5940,16793,11,95,54.5,0.0,No,1500,2400,0,3478,75
13:20:28.676,sleep,15290,420,6424,16793,13,95,54.5,-0.0,No,1500,2400,0,3471,75
13:20:29.676,active,15221,774,11844,16790,3,95,57.9,56.0,No,2400,2400,0,3430,75
13:20:30.676,active,15271,842,12886,16791,0,95,59.0,48.0,No,2400,2400,0,3425,75
13:20:31.676,active,15253,794,12712,16790,-4,95,59.0,48.7,No,2400,2400,0,3408,75
13:20:32.683,active,15273,770,11768,16791,-5,95,58.4,48.9,No,2400,2400,0,3397,75
13:20:33.676,active,15247,760,13406,16788,-7,95,59.0,54.5,No,2400,2400,0,3402,75
13:20:34.676,active,15275,852,13040,16789,-5,95,60.0,47.9,No,2400,2400,0,4474,125
13:20:35.676,active,15281,736,11824,16789,-3,95,61.1,46.5,No,2400,2400,0,5469,125
13:20:36.676,active,15348,504,7754,16791,0,95,62.2,49.0,No,2400,2400,0,5547,125
13:20:37.676,active,15318,462,7080,16790,0,95,61.1,47.2,No,2400,2400,0,5542,125
13:20:38.676,active,15294,526,8064,16790,0,95,61.7,48.5,No,2400,2400,0,5546,125
13:20:39.679,active,15305,398,6096,16789,0,95,61.1,46.9,No,2400,2400,0,5539,125
13:20:40.676,active,15299,542,8314,16788,-6,95,61.1,48.0,No,2400,2400,0,5536,125
13:20:41.676,active,15303,564,8642,16790,-3,95,62.8,49.1,No,2400,2400,0,5537,125
13:20:42.676,active,15301,486,7446,16790,0,95,62.2,50.4,No,2400,2400,0,5539,125
13:20:43.676,active,15303,580,9818,16790,-3,95,63.4,51.1,No,2400,2400,0,5542,125
13:20:44.676,active,15286,622,9530,16789,-5,95,63.4,49.6,No,2400,2400,0,5546,125
13:20:45.677,active,15273,684,10494,16789,-6,95,62.2,49.9,No,2400,2400,0,5546,125
13:20:46.679,active,15283,786,12018,16788,-8,95,61.7,51.0,No,2400,2400,0,5545,125
13:20:47.675,active,15279,886,13562,16789,0,95,63.4,49.9,No,2400,2400,0,5540,125
13:20:48.676,active,15311,650,7792,16788,-5,95,62.8,51.0,No,2400,2400,0,5550,125
13:20:49.676,active,15288,936,14332,16789,-7,95,63.4,53.1,No,2400,2400,0,5549,125
13:20:50.676,active,15352,414,7736,16789,-6,95,63.4,48.2,No,2400,2400,0,5551,125
13:20:51.679,active,15311,534,8218,16789,-3,95,62.8,47.5,No,2400,2400,0,5544,125
13:20:52.676,active,15344,502,8064,16790,0,95,62.2,47.7,No,2400,2400,0,5555,125
13:20:53.676,active,15311,568,8738,16790,0,95,61.7,47.9,No,2400,2400,0,5566,125
13:20:54.676,active,15281,684,11498,16791,0,95,62.8,47.6,No,2400,2400,0,5565,125
13:20:55.676,active,15279,648,9934,16790,0,95,63.4,49.0,No,2400,2400,0,5566,125
13:20:56.676,active,15277,706,12424,16790,0,95,63.9,49.9,No,2400,2400,0,5561,125
13:20:57.676,active,15266,870,13330,16789,0,95,63.4,47.8,No,2400,2400,0,5567,125
13:20:58.676,active,15262,860,12886,16790,0,95,62.8,48.1,No,2400,2400,0,5573,125
13:20:59.676,active,15279,818,12520,16790,-3,95,63.4,48.5,No,2400,2400,0,5572,125
13:21:00.676,active,15258,858,13620,16789,-5,95,62.8,46.1,No,2400,2400,0,5573,125
13:21:01.676,active,15281,822,12578,16790,0,95,62.8,47.3,No,2400,2400,0,5571,125
13:21:02.676,active,15268,796,11536,16789,0,95,63.4,47.3,No,2400,2400,0,5574,125
13:21:03.676,active,15290,502,7696,16790,0,95,63.4,45.1,No,2400,2400,0,5581,125
13:21:04.677,active,15303,524,9934,16790,0,95,63.4,46.1,No,2400,2400,0,5574,125
13:21:05.676,active,15299,584,8970,16792,5,95,62.8,45.3,No,2400,2400,0,5584,125
13:21:06.677,active,15309,422,11266,16790,0,95,62.8,46.8,No,2400,2400,0,5599,125
13:21:07.676,active,15286,674,10320,16790,0,95,63.4,50.0,No,2400,2400,0,5578,125
13:21:08.676,active,15268,584,10706,16789,0,95,62.8,51.0,No,2400,2400,0,5580,125
13:21:09.676,active,15262,686,10494,16790,0,95,63.9,50.0,No,2400,2400,0,5587,125
13:21:10.676,active,15264,622,10802,16790,-4,95,63.9,49.6,No,2400,2400,0,5582,125
13:21:11.676,active,15309,826,12636,16791,-3,95,63.4,48.1,No,2400,2400,0,5585,125
13:21:12.676,active,15303,520,8006,16789,-3,95,63.9,48.0,No,2400,2400,0,5579,125
13:21:13.676,active,15337,550,8448,16790,0,95,62.8,47.9,No,2400,2400,0,5581,125
13:21:14.676,active,15361,742,8006,16789,0,95,63.4,48.0,No,2400,2400,0,5589,125
13:21:15.676,active,15339,464,7156,16790,0,95,63.4,49.0,No,2400,2400,0,5599,125
13:21:16.682,active,15354,506,8372,16789,0,95,63.4,48.5,No,2400,2400,0,5583,125
13:21:17.676,active,15322,504,7754,16790,0,95,63.4,49.2,No,2400,2400,0,5581,125
13:21:18.676,active,15320,502,7060,16789,0,95,63.9,48.9,No,2400,2400,0,5587,125
13:21:19.676,active,15314,492,7562,16790,0,95,63.9,48.3,No,2400,2400,0,5597,125
13:21:20.678,active,15314,550,7986,16790,0,95,63.4,48.0,No,2400,2400,0,5594,125
13:21:21.676,active,15277,684,10474,16789,-6,95,63.4,49.5,No,2400,2400,0,5588,125
13:21:22.676,active,15271,882,13522,16790,-4,95,63.4,48.4,No,2400,2400,0,5590,125
13:21:23.676,active,15279,856,13098,16789,0,95,63.4,48.7,No,2400,2400,0,5589,125
13:21:24.678,active,15277,670,10262,16789,0,95,63.4,48.5,No,2400,2400,0,5585,125
13:21:25.680,active,15288,810,12424,16790,0,95,63.4,47.0,No,2400,2400,0,5594,125
13:21:26.676,active,15279,576,10686,16790,0,95,62.8,45.6,No,2400,2400,0,5588,125
13:21:27.676,active,15318,636,9760,16790,-4,95,61.7,47.5,No,2400,2400,0,5599,125
13:21:28.676,active,15281,858,8218,16790,0,95,62.8,47.5,No,2400,2400,0,5593,125
13:21:29.676,sleep,15292,590,9046,16792,4,95,60.0,6.5,No,2400,2400,0,5623,125
13:21:30.676,sleep,15296,470,7194,16792,11,95,59.0,0.0,No,2400,2400,0,5638,125
13:21:31.676,sleep,15301,476,7310,16792,11,95,58.4,-0.0,No,2400,2400,0,5639,125
13:21:32.676,sleep,15294,496,7620,16792,8,95,57.9,0.0,No,2400,2400,0,5634,125
13:21:33.676,sleep,15294,436,6674,16792,11,95,58.4,0.0,No,2400,2400,0,5636,125
13:21:34.676,sleep,15296,494,7580,16792,16,95,57.3,-0.0,No,1500,2400,0,5644,125
13:21:35.676,sleep,15292,484,7408,16792,16,95,56.2,0.0,No,1500,2400,0,5653,125
13:21:36.676,sleep,15294,450,5960,16792,12,95,56.2,0.0,No,1500,2400,0,5645,125
13:21:37.676,sleep,15283,482,7388,16792,12,95,55.6,-0.0,No,1500,2400,0,5640,125
13:21:38.676,sleep,15288,514,6134,16792,12,95,55.6,0.0,No,1500,2400,0,5636,125
13:21:39.676,sleep,15290,378,5806,16793,15,95,55.1,-0.0,No,1500,2400,0,5658,125
13:21:40.676,sleep,15286,462,7080,16794,16,95,54.5,0.0,No,1500,2400,0,3953,75
13:21:41.676,sleep,15288,408,6250,16793,17,95,54.5,0.5,No,1500,2400,0,3539,75
13:21:42.676,sleep,15290,366,5632,16793,17,95,54.0,1.2,No,1500,2400,0,3463,75
13:21:43.676,sleep,15288,416,6366,16793,15,95,54.5,0.0,No,1500,2400,0,3468,75
13:21:44.676,active,15303,544,8140,16790,3,95,57.9,50.9,No,2400,2400,0,3439,75
13:21:45.676,active,15301,516,7928,16789,-4,95,58.4,47.5,No,2400,2400,0,3426,75
13:21:46.681,active,15309,466,8218,16789,-4,95,59.0,49.9,No,2400,2400,0,3413,75
13:21:47.677,active,15320,480,7388,16791,0,95,59.5,48.1,No,2400,2400,0,3413,75
13:21:48.676,active,15279,694,10668,16790,0,95,59.5,50.1,No,2400,2400,0,5021,125
13:21:49.676,active,15283,708,10842,16790,0,95,59.5,48.0,No,2400,2400,0,5518,125
13:21:50.676,active,15277,906,13890,16791,-3,95,60.6,48.7,No,2400,2400,0,5551,125
13:21:51.676,active,15281,888,13600,16791,0,95,62.2,50.9,No,2400,2400,0,5544,125
13:21:52.676,active,15277,736,11284,16790,0,95,62.2,52.3,No,2400,2400,0,5540,125
13:21:53.681,active,15296,730,11208,16789,0,95,61.7,51.3,No,2400,2400,0,5544,125
13:21:54.680,active,15301,422,6482,16789,-4,95,61.7,51.0,No,2400,2400,0,5542,125
13:21:55.676,active,15268,700,10726,16791,0,95,61.1,52.8,No,2400,2400,0,5537,125
13:21:56.676,active,15352,510,6500,16791,0,95,62.2,52.1,No,2400,2400,0,5536,125
13:21:57.676,active,15262,738,9492,16790,0,95,62.8,51.3,No,2400,2400,0,5545,125
13:21:58.676,active,15277,608,9318,16790,0,95,62.2,47.6,No,2400,2400,0,5546,125
13:21:59.681,active,15245,700,10706,16790,0,95,62.8,48.6,No,2400,2400,0,5552,125
13:22:00.680,active,15249,766,11748,16789,0,95,63.4,48.3,No,2400,2400,0,5551,125
13:22:01.679,active,15268,708,10842,16790,0,95,62.2,47.6,No,2400,2400,0,5552,125
13:22:02.676,active,15264,724,11092,16790,0,95,62.2,47.6,No,2400,2400,0,5550,125
13:22:03.676,active,15268,562,8604,16789,0,95,62.2,49.0,No,2400,2400,0,5550,125
13:22:04.676,active,15268,732,11208,16790,0,95,63.4,48.9,No,2400,2400,0,5562,125
13:22:05.676,active,15256,788,12038,16790,0,95,62.8,49.5,No,2400,2400,0,5559,125
13:22:06.676,active,15350,522,8024,16791,0,95,63.4,47.8,No,2400,2400,0,5549,125
13:22:07.679,active,15320,480,7774,16791,-3,95,62.8,48.5,No,2400,2400,0,5556,125
13:22:08.676,active,15301,474,7292,16790,0,95,62.2,46.5,No,2400,2400,0,5561,125
13:22:09.676,active,15320,532,6654,16789,0,95,62.2,46.6,No,2400,2400,0,5572,125
13:22:10.676,active,15318,520,7986,16790,0,95,62.8,47.0,No,2400,2400,0,5578,125
13:22:11.676,active,15299,560,8584,16790,0,95,62.2,47.8,No,2400,2400,0,5572,125
13:22:12.676,active,15314,554,8488,16791,-3,95,63.4,46.3,No,2400,2400,0,5565,125
13:22:13.676,active,15296,556,9806,16791,0,95,63.4,46.5,No,2400,2400,0,5577,125
13:22:14.677,active,15307,662,10146,16789,0,95,63.4,46.5,No,2400,2400,0,5571,125
13:22:15.677,active,15283,874,7754,16790,0,95,62.8,51.9,No,2400,2400,0,5558,125
13:22:16.676,active,15309,554,8506,16791,0,95,62.8,50.4,No,2400,2400,0,5554,125
13:22:17.676,active,15281,776,7446,16790,0,95,63.4,49.1,No,2400,2400,0,5565,125
13:22:18.676,active,15305,728,11170,16790,0,95,63.9,48.5,No,2400,2400,0,5578,125
13:22:19.679,active,15281,910,7638,16791,0,95,63.4,48.5,No,2400,2400,0,5576,125
13:22:20.676,active,15348,574,8816,16790,0,95,63.9,49.0,No,2400,2400,0,5590,125
13:22:21.678,active,15303,562,6886,16790,0,95,63.4,46.9,No,2400,2400,0,5583,125
13:22:22.676,active,15333,556,8546,16792,0,95,62.8,47.8,No,2400,2400,0,5607,125
13:22:23.676,active,15307,620,6616,16790,0,95,62.8,49.3,No,2400,2400,0,5603,125
13:22:24.676,active,15281,670,10262,16790,0,95,63.4,49.4,No,2400,2400,0,5589,125
13:22:25.676,active,15253,906,13870,16790,-3,95,63.9,48.4,No,2400,2400,0,5581,125
13:22:26.677,active,15303,748,11478,16789,0,95,63.4,47.5,No,2400,2400,0,5585,125
13:22:27.681,active,15277,716,10956,16788,-4,95,63.4,48.1,No,2400,2400,0,5586,125
13:22:28.678,active,15271,778,11902,16790,-3,95,63.9,47.9,No,2400,2400,0,5586,125
13:22:29.676,active,15264,878,13464,16790,0,95,62.2,48.1,No,2400,2400,0,5585,125
13:22:30.676,active,15286,822,12616,16790,0,95,62.8,49.2,No,2400,2400,0,5585,125
13:22:31.676,active,15283,794,12152,16789,-3,95,63.9,48.6,No,2400,2400,0,5580,125
13:22:32.676,active,15294,534,13406,16790,-3,95,63.9,47.6,No,2400,2400,0,5579,125
13:22:33.677,active,15301,492,7542,16789,-4,95,63.9,47.6,No,2400,2400,0,5584,125
13:22:34.680,active,15303,504,8874,16788,-5,95,63.9,47.7,No,2400,2400,0,5603,125
13:22:35.676,active,15335,626,9606,16788,-9,95,63.4,47.5,No,2400,2400,0,5580,125
13:22:36.676,active,15301,420,10822,16789,-4,95,62.8,46.6,No,2400,2400,0,5577,125
13:22:37.676,active,15292,620,9510,16788,-8,95,62.8,49.1,No,2400,2400,0,5587,125
13:22:38.676,active,15299,514,15028,16789,-5,95,62.8,47.6,No,2400,2400,0,5587,125
13:22:39.676,active,15294,854,13040,16789,0,95,62.8,48.7,No,2400,2400,0,5587,125
13:22:40.676,active,15262,740,13388,16790,0,95,64.5,48.9,No,2400,2400,0,5590,125
13:22:41.676,active,15331,564,8662,16789,-5,95,64.5,47.7,No,2400,2400,0,5586,125
13:22:42.676,active,15339,492,8892,16789,-3,95,62.8,48.2,No,2400,2400,0,5590,125
13:22:43.676,active,15318,576,8854,16790,0,95,62.8,48.3,No,2400,2400,0,5589,125
13:22:44.676,sleep,15288,530,8662,16791,9,95,60.6,10.0,No,2400,2400,0,5615,125
13:22:45.676,sleep,15294,568,8718,16791,11,95,60.0,0.0,No,2400,2400,0,5630,125
13:22:46.676,sleep,15294,560,7600,16792,10,95,59.0,-0.0,No,2400,2400,0,5635,125
13:22:47.676,sleep,15292,528,8102,16793,7,95,58.4,0.0,No,2400,2400,0,5625,125
13:22:48.676,sleep,15288,460,7040,16792,5,95,57.9,0.0,No,2400,2400,0,5626,125
13:22:49.676,sleep,15286,412,6326,16792,13,95,56.8,0.0,No,1500,2400,0,5632,125
13:22:50.676,sleep,15283,436,6694,16791,12,95,56.8,0.5,No,1500,2400,0,5641,125
13:22:51.676,sleep,15288,446,6828,16793,15,95,56.2,0.0,No,1500,2400,0,5649,125
13:22:52.676,sleep,15283,432,6596,16793,12,95,55.1,0.0,No,1500,2400,0,5648,125
13:22:53.676,sleep,15290,492,7522,16792,11,95,55.1,0.0,No,1500,2400,0,5647,125
13:22:54.676,sleep,15283,444,6810,16792,13,95,55.6,0.0,No,1500,2400,0,5645,125
13:22:55.676,sleep,15288,388,5960,16792,11,95,54.5,-0.0,No,1500,2400,0,5651,125
13:22:56.676,sleep,15290,482,6636,16793,11,95,54.5,0.3,No,1500,2400,0,5536,75
13:22:57.676,sleep,15292,482,7408,16792,12,95,54.0,0.0,No,1500,2400,0,3782,75
13:22:58.676,sleep,15283,330,6866,16792,11,95,54.5,0.0,No,1500,2400,0,3502,75
13:22:59.676,active,15290,572,8776,16789,-3,95,57.9,50.5,No,2400,2400,0,3436,75
13:23:00.676,active,15314,674,10340,16789,-7,95,59.0,51.3,No,2400,2400,0,3423,75
13:23:01.676,active,15268,608,9298,16790,-5,95,58.4,48.6,No,2400,2400,0,3434,75
13:23:02.681,active,15292,588,8990,16790,-5,95,60.6,51.6,No,2400,2400,0,3408,75
13:23:03.680,active,15262,662,10146,16791,0,95,60.0,50.3,No,2400,2400,0,3392,75
13:23:04.676,active,15277,788,12076,16790,0,95,60.6,50.8,No,2400,2400,0,5253,125
13:23:05.676,active,15260,770,11786,16790,0,95,61.7,51.0,No,2400,2400,0,5542,125
13:23:06.676,active,15245,784,11998,16791,0,95,61.1,47.1,No,2400,2400,0,5558,125
13:23:07.676,active,15275,776,11882,16790,0,95,61.7,47.0,No,2400,2400,0,5548,125
13:23:08.676,active,15320,544,8352,16790,0,95,62.2,48.6,No,2400,2400,0,5543,125
13:23:09.676,active,15348,474,7234,16789,0,95,61.7,48.1,No,2400,2400,0,5546,125
13:23:10.680,active,15316,476,7310,16789,0,95,61.7,48.2,No,2400,2400,0,5561,125
13:23:11.676,active,15329,486,8352,16790,0,95,61.7,47.8,No,2400,2400,0,5551,125
13:23:12.676,active,15341,496,7620,16790,-3,95,62.2,49.9,No,2400,2400,0,5555,125
13:23:13.677,active,15324,528,8082,16790,-3,95,62.2,49.5,No,2400,2400,0,5553,125
13:23:14.676,active,15331,520,7966,16790,-4,95,62.2,49.4,No,2400,2400,0,5552,125
13:23:15.676,active,15314,538,8662,16788,-3,95,62.2,48.6,No,2400,2400,0,5550,125
13:23:16.676,active,15318,460,7060,16790,-6,95,62.2,46.0,No,2400,2400,0,5554,125
13:23:17.676,active,15258,856,13118,16790,-4,95,61.7,46.1,No,2400,2400,0,5564,125
13:23:18.676,active,15279,832,12732,16789,-4,95,62.2,46.1,No,2400,2400,0,5562,125
13:23:19.676,active,15283,652,10012,16789,-3,95,62.2,46.6,No,2400,2400,0,5555,125
13:23:20.676,active,15309,690,10590,16789,-4,95,62.2,46.9,No,2400,2400,0,5559,125
13:23:21.676,active,15281,540,10744,16790,-3,95,63.4,46.5,No,2400,2400,0,5583,125
13:23:22.681,active,15288,930,14276,16791,0,95,63.4,46.0,No,2400,2400,0,5571,125
13:23:23.678,active,15275,760,10880,16790,0,95,62.8,52.1,No,2400,2400,0,5559,125
13:23:24.676,active,15318,726,11130,16790,-4,95,62.2,48.7,No,2400,2400,0,5566,125
13:23:25.676,active,15301,712,7408,16789,-3,95,63.4,49.5,No,2400,2400,0,5577,125
13:23:26.676,active,15251,724,9536,16791,0,95,62.8,47.6,No,2400,2400,0,5571,125
13:23:27.676,active,15279,814,12462,16791,0,95,63.9,49.9,No,2400,2400,0,5568,125
13:23:28.676,active,15275,658,12136,16791,0,95,62.8,47.3,No,2400,2400,0,5571,125
13:23:29.680,active,15232,890,13600,16791,5,95,62.8,48.7,No,2400,2400,0,5585,125
13:23:30.679,active,15266,798,12722,16790,5,95,64.5,48.4,No,2400,2400,0,5586,125
13:23:31.676,active,15243,784,11998,16790,5,95,62.8,48.0,No,2400,2400,0,5577,125
13:23:32.676,active,15262,830,12694,16791,0,95,63.4,49.3,No,2400,2400,0,5583,125
13:23:33.676,active,15279,820,12558,16790,0,95,63.4,49.5,No,2400,2400,0,5576,125
13:23:34.676,active,15275,870,13310,16790,0,95,63.9,48.8,No,2400,2400,0,5580,125
13:23:35.676,active,15305,478,7330,16790,4,95,63.4,48.6,No,2400,2400,0,5577,125
13:23:36.676,active,15307,520,7986,16790,0,95,61.7,48.3,No,2400,2400,0,5580,125
13:23:37.677,active,15322,516,7908,16791,0,95,62.8,47.9,No,2400,2400,0,5584,125
13:23:38.676,active,15314,484,7214,16789,0,95,62.8,48.5,No,2400,2400,0,5580,125
13:23:39.676,active,15316,542,8334,16790,0,95,62.2,47.6,No,2400,2400,0,5577,125
13:23:40.676,active,15294,516,8662,16790,0,95,62.8,48.1,No,2400,2400,0,5579,125
13:23:41.676,active,15301,648,9916,16789,0,95,64.5,47.9,No,2400,2400,0,5583,125
13:23:42.680,active,15299,510,10398,16790,-3,95,63.9,47.4,No,2400,2400,0,5578,125
13:23:43.676,active,15309,704,10784,16791,-3,95,63.4,47.7,No,2400,2400,0,5582,125
13:23:44.680,active,15301,684,8082,16791,0,95,62.8,46.7,No,2400,2400,0,5586,125
13:23:45.676,active,15346,516,7928,16790,0,95,62.2,48.2,No,2400,2400,0,5583,125
13:23:46.676,active,15288,858,7620,16789,0,95,62.8,47.4,No,2400,2400,0,5587,125
13:23:47.676,active,15331,462,7118,16789,-3,95,63.9,47.6,No,2400,2400,0,5583,125
13:23:48.676,active,15357,482,6924,16789,-5,95,63.9,48.7,No,2400,2400,0,5590,125
13:23:49.676,active,15322,556,8564,16790,-4,95,63.9,48.2,No,2400,2400,0,5589,125
13:23:50.676,active,15341,546,7466,16789,-3,95,62.8,48.1,No,2400,2400,0,5608,125
13:23:51.680,active,15352,600,9220,16790,0,95,62.8,48.1,No,2400,2400,0,5587,125
13:23:52.676,active,15322,546,8758,16790,0,95,62.8,48.0,No,2400,2400,0,5590,125
13:23:53.676,active,15260,840,12828,16790,0,95,62.8,48.9,No,2400,2400,0,5589,125
13:23:54.676,active,15264,752,13098,16791,0,95,62.8,48.7,No,2400,2400,0,5591,125
13:23:55.676,active,15266,832,12732,16790,0,95,62.8,49.4,No,2400,2400,0,5592,125
13:23:56.676,active,15271,800,12172,16791,0,95,62.8,48.0,No,2400,2400,0,5593,125
13:23:57.676,active,15275,890,13620,16790,0,95,62.8,49.8,No,2400,2400,0,5599,125
13:23:58.677,active,15277,826,11458,16791,4,95,62.2,49.9,No,2400,2400,0,5607,125
13:23:59.676,sleep,15294,568,8700,16793,9,95,60.6,11.8,No,2400,2400,0,5631,125
13:24:00.676,sleep,15290,494,8584,16793,10,95,59.0,0.0,No,2400,2400,0,5629,125
13:24:01.676,sleep,15292,546,8392,16792,12,95,59.0,0.3,No,2400,2400,0,5639,125
13:24:02.676,sleep,15296,510,6810,16792,7,95,58.4,0.0,No,2400,2400,0,5633,125
13:24:03.676,sleep,15292,544,8352,16792,8,95,57.9,-0.0,No,2400,2400,0,5632,125
13:24:04.676,sleep,15290,276,5516,16791,9,95,57.3,0.0,No,1500,2400,0,5640,125
13:24:05.676,sleep,15292,388,5940,16793,15,95,56.2,-0.0,No,1500,2400,0,5650,125
13:24:06.676,sleep,15290,486,4860,16792,13,95,55.6,0.0,No,1500,2400,0,5655,125
13:24:07.676,sleep,15292,524,8044,16792,11,95,55.1,-0.0,No,1500,2400,0,5651,125
13:24:08.676,sleep,15286,320,7850,16792,8,95,54.5,0.0,No,1500,2400,0,5649,125
13:24:09.676,sleep,15296,210,3202,16793,13,95,54.5,0.0,No,1500,2400,0,4694,75
13:24:10.676,sleep,15294,364,7754,16792,13,95,54.5,-0.0,No,1500,2400,0,3654,75
13:24:11.676,sleep,15290,334,5112,16793,13,95,54.0,0.0,No,1500,2400,0,3489,75
13:24:12.676,sleep,15292,556,8546,16793,13,95,54.0,0.0,No,1500,2400,0,3476,75
13:24:13.676,sleep,15292,364,5574,16793,12,95,54.5,0.0,No,1500,2400,0,3477,75
13:24:14.676,active,15275,528,9876,16790,3,95,57.3,46.8,No,2400,2400,0,3427,75
13:24:15.676,active,15329,512,7870,16789,-6,95,59.0,46.6,No,2400,2400,0,3409,75
13:24:16.676,active,15359,504,6694,16789,-8,95,59.5,47.8,No,2400,2400,0,3404,75
13:24:17.676,active,15324,434,6654,16789,-8,95,60.6,48.1,No,2400,2400,0,3399,75
13:24:18.676,active,15350,494,8372,16790,-3,95,60.0,48.8,No,2400,2400,0,3640,125
13:24:19.676,active,15331,498,7678,16789,-7,95,59.5,48.6,No,2400,2400,0,5398,125
13:24:20.676,active,15303,882,13504,16789,-6,95,60.6,50.1,No,2400,2400,0,5541,125
13:24:21.676,active,15279,790,12114,16788,-7,95,61.7,48.6,No,2400,2400,0,5546,125
13:24:22.676,active,15279,804,12308,16791,-5,95,62.2,50.0,No,2400,2400,0,5543,125
13:24:23.676,active,15277,770,11786,16790,-6,95,61.1,48.9,No,2400,2400,0,5542,125
13:24:24.676,active,15243,878,13464,16789,-5,95,62.2,47.0,No,2400,2400,0,5545,125
13:24:25.677,active,15271,788,12056,16788,-3,95,62.2,46.6,No,2400,2400,0,5540,125
13:24:26.676,active,15258,806,12346,16788,-5,95,62.2,46.0,No,2400,2400,0,5541,125
13:24:27.676,active,15277,884,13542,16789,-6,95,61.7,45.9,No,2400,2400,0,5542,125
13:24:28.676,active,15275,784,10726,16790,-5,95,61.7,47.4,No,2400,2400,0,5543,125
13:24:29.676,active,15299,514,10686,16789,-4,95,63.4,46.8,No,2400,2400,0,5543,125
13:24:30.677,active,15318,684,10494,16789,-4,95,62.2,45.7,No,2400,2400,0,5550,125
13:24:31.680,active,15281,526,8044,16788,-5,95,62.8,52.3,No,2400,2400,0,5542,125
13:24:32.677,active,15305,624,9548,16789,-3,95,62.8,51.5,No,2400,2400,0,5543,125
13:24:33.676,active,15275,740,11324,16789,-3,95,61.1,49.2,No,2400,2400,0,5546,125
13:24:34.676,active,15301,844,12906,16789,-5,95,61.7,47.2,No,2400,2400,0,5549,125
13:24:35.676,active,15260,798,12210,16790,0,95,63.4,50.1,No,2400,2400,0,5558,125
13:24:36.676,active,15256,822,12982,16789,0,95,63.4,49.0,No,2400,2400,0,5557,125
13:24:37.679,active,15249,842,12886,16789,-6,95,62.8,46.9,No,2400,2400,0,5557,125
13:24:38.676,active,15309,518,7986,16790,-7,95,62.8,48.7,No,2400,2400,0,5556,125
13:24:39.677,active,15350,486,8508,16790,-5,95,62.2,48.4,No,2400,2400,0,5558,125
13:24:40.676,active,15363,432,6616,16789,-10,95,62.8,48.0,No,2400,2400,0,5566,125
13:24:41.676,active,15339,528,8120,16788,-8,95,63.4,48.7,No,2400,2400,0,5562,125
13:24:42.676,active,15341,540,8294,16789,-4,95,63.4,49.4,No,2400,2400,0,5574,125
13:24:43.676,active,15324,542,8314,16789,-3,95,63.4,47.9,No,2400,2400,0,5562,125
13:24:44.676,active,15335,532,8160,16789,-4,95,63.4,48.8,No,2400,2400,0,5572,125
13:24:45.677,active,15316,506,7774,16790,0,95,63.4,48.5,No,2400,2400,0,5571,125
13:24:46.677,active,15322,524,8044,16790,0,95,62.8,48.0,No,2400,2400,0,5571,125
13:24:47.676,active,15264,814,12520,16789,0,95,61.7,47.6,No,2400,2400,0,5580,125
13:24:48.676,active,15281,876,13426,16790,0,95,62.8,47.9,No,2400,2400,0,5576,125
13:24:49.676,active,15286,826,7562,16790,0,95,62.8,48.7,No,2400,2400,0,5583,125
13:24:50.676,active,15279,708,10880,16790,0,95,63.4,47.7,No,2400,2400,0,5573,125
13:24:51.676,active,15281,732,7234,16791,0,95,63.4,47.4,No,2400,2400,0,5574,125
13:24:52.676,active,15277,684,10514,16789,0,95,62.8,46.5,No,2400,2400,0,5584,125
13:24:53.676,active,15286,900,9184,16790,0,95,63.4,47.2,No,2400,2400,0,5582,125
13:24:54.676,active,15281,522,8044,16791,0,95,62.8,47.4,No,2400,2400,0,5583,125
13:24:55.676,active,15288,934,14314,16790,0,95,62.8,48.4,No,2400,2400,0,5590,125
13:24:56.676,active,15277,650,9972,16790,0,95,63.4,49.1,No,2400,2400,0,5594,125
13:24:57.676,active,15268,544,13368,16789,0,95,64.5,48.9,No,2400,2400,0,5590,125
13:24:58.676,active,15236,862,13176,16789,-5,95,63.9,48.2,No,2400,2400,0,5591,125
13:24:59.676,active,15247,842,12964,16790,-5,95,62.8,47.8,No,2400,2400,0,5603,125
13:25:00.680,active,15264,810,12384,16788,-5,95,62.2,48.6,No,2400,2400,0,5594,125
13:25:01.676,active,15232,820,13678,16789,-4,95,62.8,48.2,No,2400,2400,0,5590,125
13:25:02.676,active,15271,884,13522,16790,0,95,62.8,49.0,No,2400,2400,0,5594,125
13:25:03.676,active,15256,816,13620,16788,0,95,63.4,48.7,No,2400,2400,0,5593,125
13:25:04.676,active,15271,802,12268,16791,0,95,63.4,48.8,No,2400,2400,0,5592,125
13:25:05.676,active,15316,488,7484,16790,0,95,63.4,47.6,No,2400,2400,0,5595,125
13:25:06.676,active,15301,428,6558,16789,0,95,62.8,50.7,No,2400,2400,0,5592,125
13:25:07.677,active,15309,558,8564,16790,0,95,62.8,46.5,No,2400,2400,0,5606,125
13:25:08.676,active,15324,532,8178,16790,0,95,62.8,46.5,No,2400,2400,0,5602,125
13:25:09.676,active,15329,560,8584,16790,0,95,62.8,52.1,No,2400,2400,0,5594,125
13:25:10.676,active,15292,542,8314,16789,-3,95,62.8,49.9,No,2400,2400,0,5597,125
13:25:11.677,active,15341,538,8256,16789,0,95,63.9,49.1,No,2400,2400,0,5599,125
13:25:12.676,active,15296,522,8006,16789,-4,95,63.9,48.6,No,2400,2400,0,5581,125
13:25:13.677,active,15294,572,8738,16790,0,95,63.4,46.5,No,2400,2400,0,5586,125
13:25:14.676,sleep,15290,486,7368,16791,3,95,60.0,14.9,No,2400,2400,0,5635,125
13:25:15.676,sleep,15296,482,7388,16791,7,95,60.0,0.0,No,2400,2400,0,5635,125
13:25:16.676,sleep,15292,486,8006,16791,9,95,59.0,-0.0,No,2400,2400,0,5638,125
13:25:17.676,sleep,15294,490,7522,16791,10,95,58.4,-0.0,No,2400,2400,0,5638,125
13:25:18.676,sleep,15292,502,7928,16792,7,95,59.0,0.0,No,2400,2400,0,5636,125
13:25:19.676,sleep,15290,472,7234,16793,8,95,57.3,0.0,No,1500,2400,0,5641,125
13:25:20.676,sleep,15286,448,7948,16792,9,95,56.8,-0.0,No,1500,2400,0,5640,125
13:25:21.676,sleep,15290,432,6636,16792,13,95,56.8,-0.0,No,1500,2400,0,5649,125
13:25:22.676,sleep,15292,360,5516,16791,10,95,55.6,0.3,No,1500,2400,0,5660,125
13:25:23.676,sleep,15286,458,7022,16792,10,95,55.1,0.3,No,1500,2400,0,5657,125
13:25:24.676,sleep,15292,450,6906,16792,10,95,55.1,-0.0,No,1500,2400,0,5651,125
13:25:25.676,sleep,15286,490,7504,16792,9,95,54.5,0.0,No,1500,2400,0,5665,125
13:25:26.676,sleep,15292,394,6038,16793,14,95,54.5,0.0,No,1500,2400,0,5677,125
13:25:27.676,sleep,15286,540,8276,16792,16,95,54.5,0.3,No,1500,2400,0,4531,75
13:25:28.676,sleep,15286,436,6674,16792,17,95,54.0,-0.0,No,1500,2400,0,3635,75
13:25:29.676,active,15266,760,11632,16791,6,95,57.3,43.2,No,2400,2400,0,3471,75
13:25:30.676,active,15273,820,12578,16790,0,95,58.4,50.1,No,2400,2400,0,3424,75
13:25:31.676,active,15309,416,7194,16790,0,95,59.5,50.0,No,2400,2400,0,4394,125
13:25:32.676,active,15307,510,7832,16789,0,95,59.5,48.2,No,2400,2400,0,5494,125
13:25:33.681,active,15303,598,9702,16789,-3,95,59.5,46.8,No,2400,2400,0,5588,125
13:25:34.676,active,15303,504,7736,16790,0,95,60.0,46.3,No,2400,2400,0,5586,125
13:25:35.676,active,15299,556,11844,16790,-4,95,60.6,44.6,No,2400,2400,0,5590,125
13:25:36.676,active,15262,632,9684,16792,0,95,60.6,47.0,No,2400,2400,0,5578,125
13:25:37.676,active,15301,670,10822,16790,3,95,61.7,47.4,No,2400,2400,0,5575,125
13:25:38.677,active,15296,664,10146,16789,-3,95,62.8,46.1,No,2400,2400,0,5573,125
13:25:39.679,active,15283,596,11652,16789,-3,95,62.2,49.5,No,2400,2400,0,5572,125
13:25:40.679,active,15279,872,13368,16789,-4,95,62.2,50.3,No,2400,2400,0,5586,125
13:25:41.680,active,15288,540,8314,16789,0,95,61.7,48.6,No,2400,2400,0,5572,125
13:25:42.676,active,15354,456,7002,16789,-4,95,61.7,47.8,No,2400,2400,0,5579,125
13:25:43.676,active,15307,662,8006,16789,0,95,62.2,49.4,No,2400,2400,0,5585,125
13:25:44.676,active,15348,540,8294,16790,0,95,62.2,48.7,No,2400,2400,0,5581,125
13:25:45.677,active,15318,296,7696,16790,0,95,62.2,48.5,No,2400,2400,0,5589,125
13:25:46.680,active,15324,520,8006,16789,-4,95,61.7,49.4,No,2400,2400,0,5588,125
13:25:47.676,active,15337,760,8352,16788,-4,95,62.8,46.9,No,2400,2400,0,5597,125
13:25:48.677,active,15314,498,7638,16790,-3,95,60.0,48.9,No,2400,2400,0,5600,125
13:25:49.676,active,15273,796,12172,16790,0,95,62.2,48.2,No,2400,2400,0,5597,125
13:25:50.676,active,15281,870,11130,16790,0,95,62.2,49.4,No,2400,2400,0,5586,125
13:25:51.676,active,15303,802,12288,16790,0,95,62.8,48.1,No,2400,2400,0,5584,125
13:25:52.676,active,15273,866,14062,16790,3,95,63.4,48.6,No,2400,2400,0,5586,125
13:25:53.676,active,15275,840,12848,16791,3,95,62.8,49.0,No,2400,2400,0,5584,125
13:25:54.677,active,15279,896,10668,16791,0,95,62.2,47.9,No,2400,2400,0,5597,125
13:25:55.677,active,15277,712,10918,16791,4,95,62.2,48.1,No,2400,2400,0,5587,125
13:25:56.676,active,15283,798,7774,16790,0,95,62.2,49.0,No,2400,2400,0,5595,125
13:25:57.676,active,15281,692,10628,16789,0,95,62.8,48.4,No,2400,2400,0,5591,125
13:25:58.676,active,15294,836,12790,16792,4,95,62.8,48.7,No,2400,2400,0,5580,125
13:25:59.676,active,15264,680,10416,16792,0,95,63.4,47.9,No,2400,2400,0,5587,125
13:26:00.676,active,15299,934,14256,16791,0,95,63.4,46.9,No,2400,2400,0,5590,125
13:26:01.676,active,15232,864,13194,16790,3,95,63.9,47.4,No,2400,2400,0,5589,125
13:26:02.677,active,15258,802,12268,16789,0,95,62.2,47.4,No,2400,2400,0,5574,125
13:26:03.676,active,15249,834,12752,16789,-3,95,61.7,48.4,No,2400,2400,0,5592,125
13:26:04.676,active,15275,824,12616,16790,0,95,62.8,48.3,No,2400,2400,0,5593,125
13:26:05.676,active,15251,810,12404,16790,0,95,62.8,48.9,No,2400,2400,0,5593,125
13:26:06.676,active,15241,1020,12964,16791,0,95,63.4,48.7,No,2400,2400,0,5598,125
13:26:07.676,active,15314,522,7484,16790,4,95,62.8,48.2,No,2400,2400,0,5593,125
13:26:08.676,active,15320,530,8140,16791,3,95,62.8,48.4,No,2400,2400,0,5611,125
13:26:09.676,active,15309,502,7562,16791,5,95,61.7,47.7,No,2400,2400,0,5593,125
13:26:10.676,active,15307,534,8198,16791,0,95,62.2,48.2,No,2400,2400,0,5607,125
13:26:11.676,active,15299,512,8362,16791,3,95,62.2,49.0,No,2400,2400,0,5588,125
13:26:12.676,active,15305,490,7522,16792,4,95,63.9,49.2,No,2400,2400,0,5599,125
13:26:13.676,active,15303,532,8178,16791,5,95,63.4,49.3,No,2400,2400,0,5594,125
13:26:14.676,active,15301,522,8024,16791,3,95,63.4,51.9,No,2400,2400,0,5594,125
13:26:15.676,active,15296,578,8854,16791,4,95,62.8,46.5,No,2400,2400,0,5593,125
13:26:16.676,active,15283,780,11960,16791,3,95,62.8,46.9,No,2400,2400,0,5613,125
13:26:17.676,active,15281,744,7408,16790,0,95,62.2,47.2,No,2400,2400,0,5597,125
13:26:18.676,active,15279,752,11536,16790,0,95,63.9,49.9,No,2400,2400,0,5597,125
13:26:19.676,active,15283,796,7234,16790,0,95,63.4,47.8,No,2400,2400,0,5589,125
13:26:20.676,active,15359,578,8892,16791,0,95,62.8,49.1,No,2400,2400,0,5598,125
13:26:21.677,active,15283,716,11690,16790,-3,95,63.9,52.4,No,2400,2400,0,5590,125
13:26:22.676,active,15303,478,7350,16790,0,95,62.8,47.6,No,2400,2400,0,5597,125
13:26:23.676,active,15283,868,11112,16789,0,95,62.8,52.9,No,2400,2400,0,5593,125
13:26:24.676,active,15283,474,7272,16790,0,95,63.4,52.2,No,2400,2400,0,5599,125
13:26:25.676,active,15258,666,12732,16790,0,95,64.5,50.9,No,2400,2400,0,5593,125
13:26:26.676,active,15260,760,11632,16790,0,95,63.4,52.4,No,2400,2400,0,5592,125
13:26:27.676,active,15262,800,12596,16790,0,95,65.0,49.7,No,2400,2400,0,5600,125
13:26:28.676,active,15249,774,11844,16791,4,95,64.5,51.1,No,2400,2400,0,5594,125
13:26:29.676,sleep,15281,518,6578,16793,8,95,60.6,18.1,No,2400,2400,0,5630,125
13:26:30.676,sleep,15290,472,7252,16792,14,95,60.0,0.0,No,2400,2400,0,5643,125
13:26:31.676,sleep,15283,462,7002,16793,11,95,58.4,0.3,No,2400,2400,0,5642,125
13:26:32.676,sleep,15286,470,7214,16793,12,95,58.4,-0.0,No,2400,2400,0,5638,125
13:26:33.676,sleep,15277,530,7252,16793,13,95,57.9,-0.0,No,2400,2400,0,5642,125
13:26:34.676,sleep,15288,420,6424,16792,11,95,56.2,0.0,No,1500,2400,0,5642,125
13:26:35.676,sleep,15286,458,6538,16792,12,95,56.8,0.0,No,1500,2400,0,5650,125
13:26:36.676,sleep,15286,422,6462,16792,10,95,56.8,0.3,No,1500,2400,0,5653,125
13:26:37.676,sleep,15281,424,6230,16793,13,95,55.1,0.0,No,1500,2400,0,5645,125
13:26:38.676,sleep,15288,468,7176,16793,16,95,55.6,0.0,No,1500,2400,0,5655,125
13:26:39.676,sleep,15288,434,4320,16793,12,95,55.1,-0.0,No,1500,2400,0,5657,125
13:26:40.676,sleep,15288,510,7812,16794,18,95,54.0,0.0,No,1500,2400,0,5648,125
13:26:41.676,sleep,15290,430,7792,16793,16,95,54.0,-0.0,No,1500,2400,0,5649,125
13:26:42.676,sleep,15288,678,10398,16795,17,95,54.5,0.0,No,1500,2400,0,4128,75
13:26:43.676,sleep,15292,504,4900,16793,16,95,54.5,-0.0,No,1500,2400,0,3557,75
13:26:44.676,active,15281,834,12770,16790,7,95,56.2,38.3,No,2400,2400,0,3459,75
13:26:45.676,active,15279,742,8410,16789,0,95,57.9,47.3,No,2400,2400,0,3431,75
13:26:46.676,active,15352,492,7580,16789,-7,95,58.4,46.9,No,2400,2400,0,3424,75
13:26:47.676,active,15281,768,7928,16791,-4,95,60.0,46.8,No,2400,2400,0,3419,75
13:26:48.676,active,15279,860,13194,16790,-5,95,60.6,53.4,No,2400,2400,0,4845,125
13:26:49.676,active,15281,884,8294,16790,0,95,60.0,50.0,No,2400,2400,0,5513,125
13:26:50.680,active,15303,764,11728,16790,0,95,60.6,48.6,No,2400,2400,0,5564,125
13:26:51.676,active,15305,634,7138,16790,0,95,60.6,48.1,No,2400,2400,0,5565,125
13:26:52.676,active,15236,750,11440,16791,0,95,61.7,50.0,No,2400,2400,0,5562,125
13:26:53.676,active,15243,516,11130,16790,0,95,62.2,49.2,No,2400,2400,0,5557,125
13:26:54.676,active,15279,728,11170,16790,0,95,62.2,49.2,No,2400,2400,0,5562,125
13:26:55.676,active,15260,654,12578,16790,0,95,62.8,47.5,No,2400,2400,0,5562,125
13:26:56.677,active,15275,800,12250,16790,0,95,61.7,48.8,No,2400,2400,0,5564,125
13:26:57.676,active,15268,818,12770,16790,-4,95,61.7,46.9,No,2400,2400,0,5557,125
13:26:58.676,active,15275,906,13890,16792,0,95,61.1,48.1,No,2400,2400,0,5558,125
13:26:59.676,active,15301,594,13928,16791,0,95,62.2,48.9,No,2400,2400,0,5560,125
13:27:00.676,active,15275,836,12790,16789,-3,95,63.4,48.9,No,2400,2400,0,5564,125
13:27:01.680,active,15318,494,12192,16790,0,95,62.2,47.8,No,2400,2400,0,5561,125
13:27:02.676,active,15301,490,7504,16790,-3,95,62.8,48.1,No,2400,2400,0,5562,125
13:27:03.676,active,15311,502,7466,16789,0,95,62.2,48.7,No,2400,2400,0,5560,125
13:27:04.677,active,15296,416,6384,16789,-3,95,61.7,46.7,No,2400,2400,0,5576,125
13:27:05.676,active,15301,528,6924,16789,-6,95,62.2,48.2,No,2400,2400,0,5571,125
13:27:06.676,active,15296,480,7368,16789,0,95,62.2,48.6,No,2400,2400,0,5576,125
13:27:07.676,active,15301,502,10378,16789,0,95,62.8,48.1,No,2400,2400,0,5576,125
13:27:08.676,active,15299,498,7638,16789,-7,95,62.8,47.4,No,2400,2400,0,5575,125
13:27:09.676,active,15294,538,12674,16790,-4,95,62.8,47.0,No,2400,2400,0,5584,125
13:27:10.676,active,15311,654,10030,16789,-5,95,62.2,46.5,No,2400,2400,0,5576,125
13:27:11.677,active,15277,324,7600,16788,-5,95,61.7,47.4,No,2400,2400,0,5577,125
13:27:12.676,active,15357,462,7118,16789,-6,95,62.8,47.4,No,2400,2400,0,5578,125
13:27:13.676,active,15354,522,8392,16790,-7,95,62.2,48.6,No,2400,2400,0,5584,125
13:27:14.676,active,15341,490,7522,16789,-9,95,62.8,48.9,No,2400,2400,0,5584,125
13:27:15.676,active,15341,400,7060,16790,-7,95,62.8,48.6,No,2400,2400,0,5581,125
13:27:16.676,active,15324,526,8082,16790,0,95,62.2,48.1,No,2400,2400,0,5590,125
13:27:17.677,active,15326,528,7330,16789,0,95,62.8,47.8,No,2400,2400,0,5589,125
13:27:18.677,active,15311,482,7388,16789,0,95,61.7,47.8,No,2400,2400,0,5588,125
13:27:19.676,active,15236,790,12114,16790,0,95,61.7,49.3,No,2400,2400,0,5577,125
13:27:20.676,active,15273,880,13484,16790,0,95,62.2,48.4,No,2400,2400,0,5586,125
13:27:21.676,active,15253,868,13310,16790,0,95,62.8,48.9,No,2400,2400,0,5589,125
13:27:22.676,active,15277,852,13040,16790,0,95,63.4,49.1,No,2400,2400,0,5590,125
13:27:23.676,active,15262,876,12732,16789,0,95,63.4,52.4,No,2400,2400,0,5586,125
13:27:24.676,active,15281,864,13234,16790,0,95,63.4,44.9,No,2400,2400,0,5580,125
13:27:25.676,active,15268,926,12654,16789,0,95,61.7,45.7,No,2400,2400,0,5595,125
13:27:26.676,active,15277,774,11864,16790,0,95,63.4,49.9,No,2400,2400,0,5590,125
13:27:27.676,active,15264,866,12732,16790,0,95,63.4,47.3,No,2400,2400,0,5593,125
13:27:28.676,active,15322,476,9086,16790,0,95,63.4,49.0,No,2400,2400,0,5584,125
13:27:29.676,active,15348,636,9760,16789,0,95,63.9,50.6,No,2400,2400,0,5591,125
13:27:30.676,active,15299,520,12134,16790,-4,95,63.4,47.6,No,2400,2400,0,5598,125
13:27:31.678,active,15296,592,9066,16789,-5,95,63.4,51.0,No,2400,2400,0,5590,125
13:27:32.676,active,15311,498,9432,16790,-3,95,62.8,52.0,No,2400,2400,0,5593,125
13:27:33.676,active,15314,610,9318,16789,-5,95,63.9,55.6,No,2400,2400,0,5593,125
13:27:34.676,active,15303,638,12192,16788,-5,95,64.5,52.9,No,2400,2400,0,5594,125
13:27:35.680,active,15307,776,11864,16790,-4,95,64.5,53.1,No,2400,2400,0,5598,125
13:27:36.676,active,15277,674,12114,16791,-3,95,65.0,51.5,No,2400,2400,0,5607,125
13:27:37.681,active,15307,666,11806,16791,0,95,64.5,52.2,No,2400,2400,0,5599,125
13:27:38.676,active,15279,894,8700,16791,0,95,63.4,51.1,No,2400,2400,0,5602,125
13:27:39.676,active,15314,756,11612,16790,0,95,63.9,50.4,No,2400,2400,0,5595,125
13:27:40.676,active,15314,716,7098,16790,0,95,63.9,47.8,No,2400,2400,0,5598,125
13:27:41.676,active,15333,492,7562,16790,0,95,63.9,49.2,No,2400,2400,0,5592,125
13:27:42.676,active,15326,534,8506,16790,-3,95,63.9,48.8,No,2400,2400,0,5595,125
13:27:43.679,active,15320,518,7966,16789,-4,95,63.9,47.3,No,2400,2400,0,5601,125
13:27:44.676,sleep,15286,468,7850,16790,-3,95,60.6,21.2,No,2400,2400,0,5614,125
13:27:45.676,sleep,15290,574,8796,16791,8,95,61.1,-0.0,No,2400,2400,0,5620,125
13:27:46.676,sleep,15288,508,7792,16792,11,95,59.0,-0.0,No,2400,2400,0,5635,125
13:27:47.676,sleep,15292,522,8024,16792,7,95,59.0,0.0,No,2400,2400,0,5644,125
13:27:48.676,sleep,15286,562,8604,16790,0,95,58.4,0.0,No,2400,2400,0,5640,125
13:27:49.676,sleep,15286,436,6674,16793,10,95,57.3,-0.0,No,1500,2400,0,5649,125
13:27:50.676,sleep,15294,316,4842,16791,11,95,56.8,-0.0,No,1500,2400,0,5651,125
13:27:51.676,sleep,15290,484,7408,16791,8,95,56.8,0.0,No,1500,2400,0,5650,125
13:27:52.676,sleep,15292,426,6538,16792,7,95,55.6,0.0,No,1500,2400,0,5650,125
13:27:53.676,sleep,15292,358,5498,16792,8,95,55.6,0.3,No,1500,2400,0,5624,75
13:27:54.676,sleep,15288,530,8410,16792,7,95,55.1,-0.0,No,1500,2400,0,3829,75
13:27:55.676,sleep,15294,206,8584,16791,8,95,55.6,0.0,No,1500,2400,0,3512,75
13:27:56.676,sleep,15290,382,5864,16791,5,95,54.5,0.0,No,1500,2400,0,3482,75
13:27:57.676,sleep,15296,256,8294,16791,8,95,54.0,-0.0,No,1500,2400,0,3472,75
13:27:58.676,sleep,15296,242,3722,16792,8,95,54.0,0.0,No,1500,2400,0,3452,75
13:27:59.679,active,15225,764,13118,16789,0,95,57.3,36.6,No,2400,2400,0,3426,75
13:28:00.676,active,15266,638,9760,16789,-8,95,57.9,47.5,No,2400,2400,0,3416,75
13:28:01.676,active,15251,586,13522,16789,-3,95,60.6,49.5,No,2400,2400,0,3388,75
13:28:02.676,active,15253,858,13136,16790,0,95,60.0,50.4,No,2400,2400,0,3366,75
13:28:03.676,active,15271,706,11170,16790,0,95,61.1,48.1,No,2400,2400,0,3390,75
13:28:04.681,active,15320,462,7118,16789,-5,95,60.6,49.9,No,2400,2400,0,5144,125
13:28:05.676,active,15311,576,8604,16789,-6,95,61.1,47.6,No,2400,2400,0,5511,125
13:28:06.676,active,15320,452,6944,16789,-3,95,60.6,48.7,No,2400,2400,0,5538,125
13:28:07.676,active,15309,508,6810,16789,-6,95,61.7,49.0,No,2400,2400,0,5531,125
13:28:08.676,active,15303,452,6944,16790,-4,95,61.1,48.9,No,2400,2400,0,5530,125
13:28:09.676,active,15303,472,7542,16790,-4,95,62.2,48.9,No,2400,2400,0,5533,125
13:28:10.680,active,15301,514,7870,16791,0,95,62.2,48.0,No,2400,2400,0,5539,125
13:28:11.676,active,15303,550,8410,16789,0,95,62.2,48.1,No,2400,2400,0,5550,125
13:28:12.677,active,15277,506,7774,16789,-3,95,62.2,48.5,No,2400,2400,0,5541,125
13:28:13.676,active,15281,716,10996,16790,0,95,61.1,47.9,No,2400,2400,0,5534,125
13:28:14.676,active,15314,720,7138,16790,0,95,62.2,47.5,No,2400,2400,0,5547,125
13:28:15.676,active,15286,448,6866,16790,0,95,61.7,48.9,No,2400,2400,0,5554,125
13:28:16.676,active,15314,620,8410,16789,0,95,62.8,47.7,No,2400,2400,0,5560,125
13:28:17.676,active,15350,498,7658,16789,-3,95,62.8,48.0,No,2400,2400,0,5548,125
13:28:18.676,active,15359,434,7716,16790,-5,95,62.8,47.2,No,2400,2400,0,5545,125
13:28:19.677,active,15346,508,7832,16789,-3,95,62.8,48.0,No,2400,2400,0,5553,125
13:28:20.676,active,15344,544,7908,16789,0,95,61.7,46.5,No,2400,2400,0,5551,125
13:28:21.676,active,15249,806,12326,16790,0,95,62.2,47.8,No,2400,2400,0,5566,125
13:28:22.676,active,15228,858,13136,16790,0,95,62.8,48.9,No,2400,2400,0,5562,125
13:28:23.676,active,15260,766,11710,16789,0,95,62.8,49.0,No,2400,2400,0,5558,125
13:28:24.676,active,15256,846,12944,16789,0,95,63.4,48.8,No,2400,2400,0,5571,125
13:28:25.676,active,15268,784,11998,16789,0,95,62.2,47.7,No,2400,2400,0,5568,125
13:28:26.676,active,15256,834,12790,16791,0,95,62.8,48.1,No,2400,2400,0,5577,125
13:28:27.676,active,15279,826,12654,16790,0,95,62.2,48.0,No,2400,2400,0,5563,125
13:28:28.676,active,15273,686,10532,16789,-4,95,62.2,48.6,No,2400,2400,0,5571,125
13:28:29.676,active,15277,756,11594,16790,0,95,61.7,50.5,No,2400,2400,0,5583,125
13:28:30.676,active,15299,478,7330,16788,-4,95,62.8,48.7,No,2400,2400,0,5566,125
13:28:31.677,active,15303,558,9722,16790,-6,95,62.8,52.1,No,2400,2400,0,5568,125
13:28:32.676,active,15294,502,7696,16790,0,95,63.4,47.9,No,2400,2400,0,5577,125
13:28:33.676,active,15296,520,10244,16789,0,95,62.2,47.7,No,2400,2400,0,5582,125
13:28:34.676,active,15256,580,8874,16789,0,95,62.2,48.7,No,2400,2400,0,5571,125
13:28:35.676,active,15303,554,13350,16789,0,95,62.8,48.4,No,2400,2400,0,5567,125
13:28:36.676,active,15251,758,11594,16789,0,95,62.8,48.1,No,2400,2400,0,5576,125
13:28:37.676,active,15273,648,12076,16790,0,95,63.9,49.0,No,2400,2400,0,5577,125
13:28:38.676,active,15271,728,11150,16789,0,95,63.4,50.1,No,2400,2400,0,5580,125
13:28:39.681,active,15283,502,7736,16789,0,95,63.4,50.1,No,2400,2400,0,5578,125
13:28:40.682,active,15268,876,13388,16789,0,95,62.8,52.2,No,2400,2400,0,5586,125
13:28:41.676,active,15354,476,7330,16790,0,95,64.5,53.1,No,2400,2400,0,5586,125
13:28:42.676,active,15348,454,7494,16790,-4,95,63.9,51.1,No,2400,2400,0,5575,125
13:28:43.676,active,15279,438,6732,16789,-5,95,64.5,52.5,No,2400,2400,0,5583,125
13:28:44.676,active,15322,448,8422,16789,-5,95,64.5,52.0,No,2400,2400,0,5583,125
13:28:45.676,active,15322,544,8372,16789,0,95,63.4,50.3,No,2400,2400,0,5582,125
13:28:46.676,active,15314,468,7736,16790,0,95,63.4,49.7,No,2400,2400,0,5592,125
13:28:47.680,active,15307,498,7658,16791,0,95,63.4,48.7,No,2400,2400,0,5593,125
13:28:48.676,active,15279,974,12712,16790,0,95,62.8,46.3,No,2400,2400,0,5586,125
13:28:49.676,active,15281,854,13078,16789,-5,95,62.8,48.3,No,2400,2400,0,5587,125
13:28:50.676,active,15260,744,12134,16788,-5,95,63.9,49.5,No,2400,2400,0,5588,125
13:28:51.676,active,15277,856,13098,16789,0,95,63.9,48.8,No,2400,2400,0,5589,125
13:28:52.681,active,15294,352,7466,16789,-6,95,62.2,48.9,No,2400,2400,0,5594,125
13:28:53.676,active,15277,888,13600,16789,-6,95,63.4,47.6,No,2400,2400,0,5598,125
13:28:54.680,active,15279,628,11054,16790,0,95,63.4,50.0,No,2400,2400,0,5588,125
13:28:55.676,active,15307,714,10956,16789,0,95,63.4,48.7,No,2400,2400,0,5591,125
13:28:56.676,active,15281,590,9702,16790,0,95,63.4,49.2,No,2400,2400,0,5590,125
13:28:57.676,active,15258,598,10822,16790,0,95,63.9,49.2,No,2400,2400,0,5594,125
13:28:58.676,active,15307,686,10514,16789,0,95,64.5,48.2,No,2400,2400,0,5597,125
13:28:59.676,sleep,15288,504,8874,16791,5,95,61.1,22.4,No,2400,2400,0,5620,125
13:29:00.676,sleep,15292,576,8816,16791,10,95,59.5,-0.0,No,2400,2400,0,5640,125
13:29:01.676,sleep,15286,504,8276,16791,9,95,59.0,0.0,No,2400,2400,0,5638,125
13:29:02.676,sleep,15294,440,6752,16792,9,95,59.0,-0.0,No,2400,2400,0,5640,125
13:29:03.676,sleep,15292,498,9046,16793,9,95,58.4,0.0,No,2400,2400,0,5631,125
13:29:04.676,sleep,15286,424,6500,16792,6,95,58.4,-0.0,No,1500,2400,0,5633,125
13:29:05.676,sleep,15288,696,8082,16792,9,95,57.3,0.0,No,1500,2400,0,5649,125
13:29:06.676,sleep,15290,420,6442,16792,8,95,56.2,-0.0,No,1500,2400,0,5645,125
13:29:07.676,sleep,15290,424,7522,16792,12,95,55.6,0.0,No,1500,2400,0,5648,125
13:29:08.676,sleep,15283,434,6654,16791,9,95,55.1,-0.0,No,1500,2400,0,5644,125
13:29:09.676,sleep,15292,440,7600,16793,13,95,55.1,0.0,No,1500,2400,0,5644,125
13:29:10.676,sleep,15288,434,6636,16792,9,95,55.1,0.0,No,1500,2400,0,5653,125
13:29:11.676,sleep,15288,450,5440,16791,9,95,54.5,-0.0,No,1500,2400,0,5636,125
13:29:12.676,sleep,15294,482,7408,16791,8,95,54.5,0.0,No,1500,2400,0,5207,75
13:29:13.676,sleep,15283,326,7696,16792,9,95,55.1,0.3,No,1500,2400,0,3729,75
13:29:14.681,active,15268,530,8102,16790,3,95,57.3,34.5,No,2400,2400,0,3489,75
13:29:15.676,active,15275,704,10802,16788,-12,95,58.4,46.6,No,2400,2400,0,3434,75
13:29:16.676,active,15309,666,10224,16788,-10,95,58.4,47.7,No,2400,2400,0,3417,75
13:29:17.676,active,15311,516,7928,16789,-6,95,59.5,48.5,No,2400,2400,0,3432,75
13:29:18.676,active,15335,518,7966,16788,-6,95,60.0,48.4,No,2400,2400,0,3443,125
13:29:19.676,active,15283,292,7022,16789,-3,95,61.1,48.0,No,2400,2400,0,5364,125
13:29:20.681,active,15311,530,8140,16788,-6,95,61.1,48.0,No,2400,2400,0,5558,125
13:29:21.677,active,15346,428,7368,16789,-4,95,61.1,47.2,No,2400,2400,0,5568,125
13:29:22.676,active,15316,502,7696,16789,-5,95,61.1,48.1,No,2400,2400,0,5565,125
13:29:23.676,active,15266,806,12326,16789,-4,95,61.7,47.7,No,2400,2400,0,5564,125
13:29:24.676,active,15260,870,13310,16788,-7,95,61.7,49.5,No,2400,2400,0,5564,125
13:29:25.676,active,15260,752,11516,16789,-3,95,62.8,48.7,No,2400,2400,0,5556,125
13:29:26.676,active,15279,750,11498,16789,-6,95,62.2,47.7,No,2400,2400,0,5573,125
13:29:27.676,active,15275,772,11824,16789,-7,95,61.7,47.4,No,2400,2400,0,5564,125
13:29:28.680,active,15268,870,13330,16790,-8,95,62.2,46.5,No,2400,2400,0,5550,125
13:29:29.676,active,15273,896,13716,16790,-7,95,62.8,47.4,No,2400,2400,0,5559,125
13:29:30.676,active,15258,800,12250,16788,-7,95,61.7,49.2,No,2400,2400,0,5562,125
13:29:31.676,active,15273,658,10070,16788,-4,95,62.2,48.7,No,2400,2400,0,5561,125
13:29:32.676,active,15301,502,7966,16789,-3,95,62.8,48.6,No,2400,2400,0,5562,125
13:29:33.676,active,15294,460,7040,16788,-6,95,61.7,48.1,No,2400,2400,0,5567,125
13:29:34.676,active,15296,536,8102,16789,0,95,62.8,49.4,No,2400,2400,0,5581,125
13:29:35.680,active,15301,472,7252,16788,0,95,61.1,48.0,No,2400,2400,0,5589,125
13:29:36.676,active,15290,460,13022,16789,0,95,61.1,48.3,No,2400,2400,0,5569,125
13:29:37.676,active,15299,562,8584,16790,3,95,62.8,48.9,No,2400,2400,0,5571,125
13:29:38.676,active,15292,666,12924,16789,0,95,62.8,48.8,No,2400,2400,0,5578,125
13:29:39.676,active,15296,762,11652,16789,0,95,63.4,49.2,No,2400,2400,0,5571,125
13:29:40.676,active,15281,656,13102,16789,0,95,62.8,52.0,No,2400,2400,0,5572,125
13:29:41.676,active,15337,504,7736,16790,0,95,62.2,45.5,No,2400,2400,0,5583,125
13:29:42.679,active,15311,690,7252,16788,0,95,63.4,48.5,No,2400,2400,0,5592,125
13:29:43.676,active,15346,498,7658,16788,-5,95,60.6,48.5,No,2400,2400,0,5587,125
13:29:44.676,active,15326,446,7948,16791,0,95,62.8,48.4,No,2400,2400,0,5579,125
13:29:45.676,active,15326,516,7928,16790,0,95,62.8,48.6,No,2400,2400,0,5578,125
13:29:46.676,active,15316,552,8064,16789,-3,95,62.8,49.7,No,2400,2400,0,5578,125
13:29:47.676,active,15311,526,8064,16788,0,95,63.4,48.9,No,2400,2400,0,5575,125
13:29:48.677,active,15320,522,8410,16787,-6,95,63.4,49.1,No,2400,2400,0,5588,125
13:29:49.678,active,15322,458,7040,16789,-5,95,62.8,52.0,No,2400,2400,0,5593,125
13:29:50.676,active,15277,820,12538,16788,-7,95,62.8,52.8,No,2400,2400,0,5584,125
13:29:51.676,active,15266,830,14044,16789,-3,95,63.4,49.9,No,2400,2400,0,5594,125
13:29:52.676,active,15268,848,13002,16789,-3,95,64.5,52.3,No,2400,2400,0,5591,125
13:29:53.677,active,15275,758,14352,16787,-6,95,64.5,53.0,No,2400,2400,0,5600,125
13:29:54.676,active,15268,844,12924,16789,-4,95,63.4,49.9,No,2400,2400,0,5594,125
13:29:55.676,active,15277,780,12056,16789,-3,95,63.4,51.0,No,2400,2400,0,5590,125
13:29:56.680,active,15281,646,9916,16789,0,95,62.8,50.5,No,2400,2400,0,5590,125
13:29:57.676,active,15279,876,9240,16789,0,95,62.8,46.4,No,2400,2400,0,5594,125
13:29:58.676,active,15283,620,9510,16789,0,95,63.4,48.8,No,2400,2400,0,5589,125
13:29:59.676,active,15301,730,11170,16789,0,95,63.9,49.2,No,2400,2400,0,5598,125
13:30:00.676,active,15253,786,12038,16790,0,95,63.4,48.6,No,2400,2400,0,5589,125
13:30:01.681,active,15296,732,11226,16790,0,95,64.5,48.9,No,2400,2400,0,5595,125
13:30:02.677,active,15266,544,8334,16790,0,95,63.4,48.2,No,2400,2400,0,5594,125
13:30:03.676,active,15275,666,10186,16789,0,95,63.4,48.9,No,2400,2400,0,5598,125
13:30:04.676,active,15266,682,10456,16789,0,95,63.4,47.7,No,2400,2400,0,5593,125
13:30:05.676,active,15247,694,10628,16789,0,95,64.5,49.9,No,2400,2400,0,5594,125
13:30:06.676,active,15294,550,8430,16788,-5,95,63.9,48.8,No,2400,2400,0,5599,125
13:30:07.676,active,15322,554,8506,16788,-4,95,64.5,46.9,No,2400,2400,0,5600,125
13:30:08.681,active,15320,520,7234,16790,-5,95,63.9,45.5,No,2400,2400,0,5601,125
13:30:09.676,active,15314,458,7040,16789,-6,95,63.9,47.3,No,2400,2400,0,5602,125
13:30:10.676,active,15299,514,8564,16788,-7,95,63.4,45.5,No,2400,2400,0,5611,125
13:30:11.676,active,15311,486,7466,16788,-9,95,63.4,47.0,No,2400,2400,0,5617,125
13:30:12.676,active,15307,724,8140,16789,-4,95,64.5,46.8,No,2400,2400,0,5599,125
13:30:13.676,active,15303,536,8218,16789,-3,95,64.5,50.8,No,2400,2400,0,5588,125
13:30:14.676,sleep,15294,462,7098,16790,0,95,60.6,29.2,No,2400,2400,0,5612,125
13:30:15.676,sleep,15296,478,7330,16790,6,95,60.6,-0.0,No,2400,2400,0,5634,125
13:30:16.676,sleep,15294,532,8160,16790,6,95,60.0,-0.0,No,2400,2400,0,5636,125
13:30:17.676,sleep,15288,562,7138,16791,9,95,59.0,0.0,No,2400,2400,0,5641,125
13:30:18.676,sleep,15292,550,8410,16791,6,95,58.4,0.0,No,2400,2400,0,5636,125
13:30:19.676,sleep,15288,370,8198,16790,0,95,57.3,-0.0,No,1500,2400,0,5656,125
13:30:20.676,sleep,15288,414,6366,16791,7,95,57.9,-0.0,No,1500,2400,0,5666,125
13:30:21.676,sleep,15288,520,6346,16791,7,95,56.8,0.0,No,1500,2400,0,5649,125
13:30:22.676,sleep,15290,424,6500,16791,7,95,55.6,0.0,No,1500,2400,0,5649,125
13:30:23.676,sleep,15286,524,6268,16791,11,95,55.6,0.3,No,1500,2400,0,5659,125
13:30:24.676,sleep,15290,478,7330,16793,11,95,55.1,0.0,No,1500,2400,0,5656,125
13:30:25.676,sleep,15288,354,5420,16793,10,95,55.1,0.0,No,1500,2400,0,4466,75
13:30:26.676,sleep,15288,346,5324,16792,12,95,55.1,0.0,No,1500,2400,0,3617,75
13:30:27.676,sleep,15288,506,7774,16792,10,95,54.5,-0.0,No,1500,2400,0,3483,75
13:30:28.676,sleep,15288,526,8064,16791,11,95,54.5,0.0,No,1500,2400,0,3460,75
13:30:29.676,active,15266,786,12038,16789,4,95,56.8,31.2,No,2400,2400,0,3434,75
13:30:30.681,active,15277,868,13292,16790,-11,95,57.3,47.6,No,2400,2400,0,3419,75
13:30:31.676,active,15266,800,12268,16789,-8,95,59.0,46.8,No,2400,2400,0,3412,75
13:30:32.676,active,15283,832,12732,16789,-7,95,59.0,48.6,No,2400,2400,0,4236,125
13:30:33.676,active,15283,732,11226,16789,-5,95,59.5,47.2,No,2400,2400,0,5467,125
13:30:34.676,active,15309,524,9104,16789,-3,95,60.6,48.5,No,2400,2400,0,5555,125
13:30:35.676,active,15266,580,8874,16790,-6,95,61.1,47.4,No,2400,2400,0,5560,125
13:30:36.676,active,15296,552,11728,16788,-10,95,61.7,46.9,No,2400,2400,0,5553,125
13:30:37.680,active,15273,678,10378,16788,-7,95,60.6,46.9,No,2400,2400,0,5568,125
13:30:38.676,active,15305,508,13774,16788,-7,95,60.6,48.1,No,2400,2400,0,5557,125
13:30:39.676,active,15223,818,12480,16790,-6,95,61.1,49.2,No,2400,2400,0,5563,125
13:30:40.676,active,15256,604,12808,16790,-6,95,61.7,48.5,No,2400,2400,0,5544,125
13:30:41.676,active,15253,776,11882,16790,-6,95,62.2,49.0,No,2400,2400,0,5547,125
13:30:42.680,active,15354,738,14178,16788,-7,95,62.2,48.3,No,2400,2400,0,5558,125
13:30:43.676,active,15318,424,6500,16788,-6,95,62.8,47.5,No,2400,2400,0,5558,125
13:30:44.680,active,15339,504,7736,16788,-7,95,61.7,49.1,No,2400,2400,0,5576,125
13:30:45.676,active,15316,464,7118,16789,0,95,61.1,48.3,No,2400,2400,0,5573,125
13:30:46.676,active,15324,470,7194,16789,-6,95,62.2,48.7,No,2400,2400,0,5572,125
13:30:47.676,active,15303,510,7832,16789,-5,95,62.2,48.6,No,2400,2400,0,5558,125
13:30:48.676,active,15307,502,7678,16788,-5,95,63.4,53.2,No,2400,2400,0,5563,125
13:30:49.676,active,15305,490,7504,16788,-7,95,62.8,47.0,No,2400,2400,0,5558,125
13:30:50.676,active,15309,526,8064,16789,-6,95,62.2,45.4,No,2400,2400,0,5575,125
13:30:51.676,active,15283,808,11246,16788,-5,95,61.7,47.3,No,2400,2400,0,5564,125
13:30:52.676,active,15277,934,14294,16789,0,95,61.7,47.1,No,2400,2400,0,5572,125
13:30:53.676,active,15281,894,11536,16789,0,95,62.8,49.9,No,2400,2400,0,5569,125
13:30:54.676,active,15277,872,13350,16789,-3,95,62.8,48.6,No,2400,2400,0,5577,125
13:30:55.676,active,15286,824,7252,16788,0,95,63.9,48.1,No,2400,2400,0,5575,125
13:30:56.676,active,15307,582,8932,16788,0,95,62.8,48.7,No,2400,2400,0,5582,125
13:30:57.677,active,15283,786,6982,16789,-5,95,62.8,49.6,No,2400,2400,0,5578,125
13:30:58.676,active,15314,708,10880,16790,0,95,62.8,51.9,No,2400,2400,0,5586,125
13:30:59.676,active,15309,702,7504,16788,0,95,62.8,51.1,No,2400,2400,0,5586,125
13:31:00.676,active,15275,672,10300,16789,0,95,63.9,54.2,No,2400,2400,0,5583,125
13:31:01.676,active,15290,738,11324,16788,-4,95,63.9,50.8,No,2400,2400,0,5572,125
13:31:02.676,active,15260,614,10418,16790,0,95,64.5,53.7,No,2400,2400,0,5586,125
13:31:03.678,active,15258,748,11458,16790,-3,95,63.9,51.8,No,2400,2400,0,5598,125
13:31:04.683,active,15253,762,12308,16789,0,95,63.9,53.4,No,2400,2400,0,5586,125
13:31:05.676,active,15243,812,12442,16789,0,95,63.4,47.8,No,2400,2400,0,5583,125
13:31:06.676,active,15268,826,12808,16790,0,95,63.9,46.7,No,2400,2400,0,5581,125
13:31:07.676,active,15271,804,12308,16789,0,95,63.9,48.6,No,2400,2400,0,5589,125
13:31:08.676,active,15258,846,11980,16788,-5,95,63.9,48.3,No,2400,2400,0,5587,125
13:31:09.676,active,15314,550,8430,16788,0,95,63.9,46.9,No,2400,2400,0,5589,125
13:31:10.676,active,15324,570,8738,16789,0,95,63.9,47.8,No,2400,2400,0,5578,125
13:31:11.677,active,15305,480,7350,16789,0,95,64.5,48.7,No,2400,2400,0,5585,125
13:31:12.676,active,15309,520,7966,16790,0,95,62.8,49.0,No,2400,2400,0,5589,125
13:31:13.676,active,15305,518,8460,16790,0,95,62.8,48.9,No,2400,2400,0,5586,125
13:31:14.676,active,15307,598,9162,16788,-5,95,64.5,49.9,No,2400,2400,0,5593,125
13:31:15.676,active,15296,602,10008,16789,-3,95,65.0,47.9,No,2400,2400,0,5588,125
13:31:16.676,active,15305,656,10030,16788,0,95,63.9,45.0,No,2400,2400,0,5589,125
13:31:17.676,active,15275,642,10166,16790,-3,95,63.4,46.1,No,2400,2400,0,5597,125
13:31:18.679,active,15318,700,10744,16791,0,95,63.4,46.2,No,2400,2400,0,5598,125
13:31:19.678,active,15277,426,6558,16789,-4,95,62.8,47.2,No,2400,2400,0,5588,125
13:31:20.676,active,15307,622,9530,16788,-3,95,63.4,47.0,No,2400,2400,0,5592,125
13:31:21.676,active,15309,532,8178,16789,0,95,63.4,47.0,No,2400,2400,0,5601,125
13:31:22.676,active,15277,798,12230,16788,0,95,64.5,50.6,No,2400,2400,0,5594,125
13:31:23.676,active,15346,532,8160,16789,-4,95,63.9,51.3,No,2400,2400,0,5594,125
13:31:24.676,active,15339,606,9318,16788,-4,95,63.9,47.1,No,2400,2400,0,5604,125
13:31:25.677,active,15348,502,7696,16788,-3,95,63.4,49.1,No,2400,2400,0,5586,125
13:31:26.676,active,15277,626,12076,16788,0,95,62.8,49.5,No,2400,2400,0,5595,125
13:31:27.676,active,15266,882,13504,16789,0,95,63.4,48.7,No,2400,2400,0,5585,125
13:31:28.676,active,15307,756,11170,16788,-3,95,63.4,49.0,No,2400,2400,0,5591,125
13:31:29.676,sleep,15288,460,7060,16790,0,95,61.1,28.7,No,2400,2400,0,5609,125
13:31:30.676,sleep,15283,496,7678,16791,9,95,60.0,-0.0,No,2400,2400,0,5635,125
13:31:31.676,sleep,15296,516,7908,16790,5,95,60.0,0.0,No,2400,2400,0,5634,125
13:31:32.676,sleep,15292,530,7736,16792,8,95,59.0,0.0,No,2400,2400,0,5634,125
13:31:33.676,sleep,15288,468,7156,16792,9,95,57.9,-0.0,No,2400,2400,0,5642,125
13:31:34.676,sleep,15286,392,7948,16791,10,95,57.3,-0.0,No,1500,2400,0,5643,125
13:31:35.676,sleep,15288,398,7906,16792,8,95,56.2,0.0,No,1500,2400,0,5655,125
13:31:36.676,sleep,15283,520,7966,16792,12,95,57.3,0.0,No,1500,2400,0,5653,125
13:31:37.676,sleep,15290,342,7038,16791,10,95,56.2,-0.0,No,1500,2400,0,5649,125
13:31:38.676,sleep,15290,368,5652,16791,8,95,55.6,-0.0,No,1500,2400,0,5653,125
13:31:39.676,sleep,15292,428,8370,16790,6,95,55.6,0.0,No,1500,2400,0,5644,125
13:31:40.676,sleep,15292,428,6578,16792,13,95,54.5,0.3,No,1500,2400,0,5649,125
13:31:41.676,sleep,15283,484,5122,16792,13,95,55.1,0.0,No,1500,2400,0,4107,75
13:31:42.676,sleep,15294,506,7754,16792,12,95,54.0,0.3,No,1500,2400,0,3560,75
13:31:43.676,sleep,15281,504,5924,16793,15,95,54.5,0.0,No,1500,2400,0,3469,75
13:31:44.676,active,15305,482,7408,16792,14,95,57.3,29.0,No,2400,2400,0,3450,75
13:31:45.676,active,15326,496,7426,16789,-8,95,57.3,47.1,No,2400,2400,0,3422,75
13:31:46.677,active,15299,486,7466,16789,-4,95,59.0,47.1,No,2400,2400,0,3415,75
13:31:47.676,active,15305,460,7504,16790,0,95,59.0,48.5,No,2400,2400,0,3411,75
13:31:48.676,active,15301,528,8082,16789,0,95,60.0,48.9,No,2400,2400,0,4826,125
13:31:49.676,active,15303,766,8024,16789,0,95,59.5,48.7,No,2400,2400,0,5518,125
13:31:50.676,active,15299,490,7504,16789,0,95,61.7,48.6,No,2400,2400,0,5563,125
13:31:51.676,active,15299,364,5574,16789,-3,95,61.1,48.1,No,2400,2400,0,5566,125
13:31:52.677,active,15294,490,7504,16790,0,95,61.7,48.2,No,2400,2400,0,5564,125
13:31:53.676,active,15271,848,13002,16790,0,95,60.6,48.9,No,2400,2400,0,5552,125
13:31:54.676,active,15314,668,8044,16789,0,95,60.6,48.6,No,2400,2400,0,5557,125
13:31:55.676,active,15283,520,8024,16790,0,95,60.6,48.7,No,2400,2400,0,5557,125
13:31:56.676,active,15271,838,10552,16791,0,95,62.2,49.5,No,2400,2400,0,5557,125
13:31:57.676,active,15344,552,8506,16791,0,95,62.2,54.3,No,2400,2400,0,5565,125
13:31:58.676,active,15348,500,7562,16789,0,95,62.2,45.5,No,2400,2400,0,5562,125
13:31:59.676,active,15329,522,8024,16788,-4,95,62.2,44.2,No,2400,2400,0,5563,125
13:32:00.676,active,15326,496,6790,16788,-5,95,62.8,48.2,No,2400,2400,0,5565,125
13:32:01.676,active,15251,592,9086,16789,-3,95,62.2,47.9,No,2400,2400,0,5576,125
13:32:02.676,active,15241,808,12384,16788,-12,95,62.2,52.1,No,2400,2400,0,5561,125
13:32:03.676,active,15253,868,13292,16789,-5,95,63.4,48.1,No,2400,2400,0,5573,125
13:32:04.676,active,15253,806,12346,16789,-5,95,62.8,48.0,No,2400,2400,0,5575,125
13:32:05.677,active,15281,724,11072,16788,0,95,62.8,46.5,No,2400,2400,0,5565,125
13:32:06.677,active,15273,744,11400,16789,0,95,63.4,50.3,No,2400,2400,0,5554,125
13:32:07.680,active,15268,802,12288,16789,0,95,62.8,54.3,No,2400,2400,0,5569,125
13:32:08.676,active,15271,768,11768,16788,0,95,63.4,51.5,No,2400,2400,0,5587,125
13:32:09.676,active,15275,820,12558,16789,0,95,62.8,50.9,No,2400,2400,0,5587,125
13:32:10.676,active,15314,496,7620,16789,0,95,63.9,51.8,No,2400,2400,0,5587,125
13:32:11.678,active,15307,486,9414,16790,0,95,62.8,52.0,No,2400,2400,0,5582,125
13:32:12.676,active,15301,528,8102,16790,0,95,63.4,51.7,No,2400,2400,0,5589,125
13:32:13.676,active,15301,568,10648,16790,0,95,63.4,52.7,No,2400,2400,0,5580,125
13:32:14.676,active,15309,480,7368,16790,5,95,62.8,48.2,No,2400,2400,0,5584,125
13:32:15.676,active,15299,508,11806,16789,0,95,63.4,48.5,No,2400,2400,0,5580,125
13:32:16.676,active,15241,904,13832,16790,0,95,63.4,48.1,No,2400,2400,0,5582,125
13:32:17.677,active,15301,564,10128,16790,0,95,64.5,49.1,No,2400,2400,0,5583,125
13:32:18.676,active,15253,680,10398,16790,0,95,63.9,48.3,No,2400,2400,0,5598,125
13:32:19.676,active,15283,540,8294,16789,3,95,62.8,47.8,No,2400,2400,0,5594,125
13:32:20.676,active,15346,502,8294,16788,0,95,63.4,49.4,No,2400,2400,0,5591,125
13:32:21.676,active,15283,462,7118,16788,-3,95,63.4,47.6,No,2400,2400,0,5590,125
13:32:22.676,active,15324,428,7948,16788,-4,95,62.8,48.0,No,2400,2400,0,5587,125
13:32:23.676,active,15307,534,8218,16788,-4,95,64.5,48.7,No,2400,2400,0,5587,125
13:32:24.676,active,15322,552,6596,16789,0,95,63.9,47.4,No,2400,2400,0,5599,125
13:32:25.676,active,15352,550,8430,16790,0,95,63.4,47.0,No,2400,2400,0,5598,125
13:32:26.676,active,15309,534,7022,16789,0,95,63.4,45.7,No,2400,2400,0,5597,125
13:32:27.676,active,15314,520,7966,16789,0,95,63.9,47.0,No,2400,2400,0,5593,125
13:32:28.676,active,15275,786,12038,16790,0,95,62.2,46.4,No,2400,2400,0,5599,125
13:32:29.676,active,15277,818,12520,16790,0,95,62.2,46.8,No,2400,2400,0,5593,125
13:32:30.676,active,15260,848,12982,16791,0,95,64.5,48.1,No,2400,2400,0,5595,125
13:32:31.676,active,15271,872,13368,16790,0,95,64.5,52.9,No,2400,2400,0,5598,125
13:32:32.676,active,15275,934,14314,16789,0,95,65.0,48.1,No,2400,2400,0,5599,125
13:32:33.677,active,15275,846,12944,16789,0,95,65.0,47.7,No,2400,2400,0,5598,125
13:32:34.676,active,15268,914,14004,16789,0,95,63.4,48.0,No,2400,2400,0,5604,125
13:32:35.676,active,15279,834,12770,16789,0,95,64.5,48.9,No,2400,2400,0,5599,125
13:32:36.676,active,15283,592,9124,16791,0,95,63.4,50.0,No,2400,2400,0,5602,125
13:32:37.676,active,15271,520,12326,16790,0,95,63.4,47.0,No,2400,2400,0,5598,125
13:32:38.676,active,15253,698,10668,16788,0,95,63.9,49.3,No,2400,2400,0,5600,125
13:32:39.677,active,15253,658,9954,16789,0,95,63.9,48.9,No,2400,2400,0,5606,125
13:32:40.677,active,15260,912,13948,16790,0,95,64.5,48.9,No,2400,2400,0,5607,125
13:32:41.676,active,15243,776,10514,16789,0,95,63.4,46.9,No,2400,2400,0,5598,125
13:32:42.676,active,15266,826,12654,16790,0,95,63.4,49.3,No,2400,2400,0,5601,125
13:32:43.676,active,15266,684,11882,16789,0,95,63.9,48.1,No,2400,2400,0,5609,125
13:32:44.676,sleep,15290,532,8160,16790,0,95,61.7,32.7,No,2400,2400,0,5624,125
13:32:45.676,sleep,15292,542,7580,16792,14,95,60.0,0.0,No,2400,2400,0,5652,125
13:32:46.676,sleep,15294,548,8410,16792,12,95,59.5,-0.0,No,2400,2400,0,5648,125
13:32:47.676,sleep,15292,500,7678,16792,8,95,60.0,0.0,No,2400,2400,0,5642,125
13:32:48.676,sleep,15296,526,8064,16791,11,95,58.4,0.0,No,2400,2400,0,5644,125
13:32:49.676,sleep,15290,466,7138,16791,9,95,57.9,-0.0,No,1500,2400,0,5646,125
13:32:50.676,sleep,15288,468,7156,16792,11,95,56.8,-0.0,No,1500,2400,0,5655,125
13:32:51.676,sleep,15286,316,4842,16794,15,95,56.2,0.0,No,1500,2400,0,5661,125
13:32:52.676,sleep,15286,486,7446,16793,11,95,56.2,-0.0,No,1500,2400,0,5658,125
13:32:53.676,sleep,15288,328,5014,16793,15,95,56.8,0.0,No,1500,2400,0,5656,125
13:32:54.676,sleep,15288,486,5922,16792,17,95,55.6,-0.0,No,1500,2400,0,5656,125
13:32:55.676,sleep,15286,424,6500,16792,13,95,55.1,0.0,No,1500,2400,0,5657,125
13:32:56.676,sleep,15290,390,7484,16792,9,95,54.5,0.0,No,1500,2400,0,5652,125
13:32:57.676,sleep,15283,476,7292,16792,13,95,55.1,0.0,No,1500,2400,0,5665,125
13:32:58.676,sleep,15283,416,7194,16792,16,95,55.1,0.0,No,1500,2400,0,5671,125
13:32:59.677,active,15307,482,7388,16792,13,95,57.3,27.0,No,2400,2400,0,3928,75
13:33:00.676,active,15346,480,7562,16790,-3,95,59.0,47.8,No,2400,2400,0,3506,75
13:33:01.676,active,15314,512,7870,16791,0,95,59.0,48.6,No,2400,2400,0,3431,75
13:33:02.683,active,15314,444,8044,16791,3,95,59.0,48.3,No,2400,2400,0,3431,75
13:33:03.676,active,15260,810,12404,16790,0,95,60.0,48.2,No,2400,2400,0,5189,125
13:33:04.676,active,15249,804,12308,16790,0,95,60.6,48.6,No,2400,2400,0,5567,125
13:33:05.676,active,15268,740,11324,16791,0,95,60.6,50.3,No,2400,2400,0,5586,125
13:33:06.676,active,15262,908,13908,16792,3,95,62.2,50.8,No,2400,2400,0,5581,125
13:33:07.676,active,15283,854,13098,16791,0,95,61.1,44.7,No,2400,2400,0,5591,125
13:33:08.676,active,15286,740,11324,16791,4,95,60.6,47.4,No,2400,2400,0,5587,125
13:33:09.676,active,15268,830,13992,16790,0,95,61.7,50.8,No,2400,2400,0,5585,125
13:33:10.676,active,15275,744,11420,16790,5,95,61.1,47.4,No,2400,2400,0,5585,125
13:33:11.676,active,15281,884,7986,16791,6,95,61.7,50.4,No,2400,2400,0,5581,125
13:33:12.681,active,15307,528,8102,16791,6,95,62.8,48.2,No,2400,2400,0,5589,125
13:33:13.676,active,15303,602,9220,16791,5,95,62.8,47.3,No,2400,2400,0,5607,125
13:33:14.681,active,15303,646,9896,16790,0,95,62.8,51.8,No,2400,2400,0,5586,125
13:33:15.676,active,15316,700,10706,16790,0,95,62.2,54.3,No,2400,2400,0,5574,125
13:33:16.676,active,15286,670,10282,16790,0,95,62.2,50.4,No,2400,2400,0,5572,125
13:33:17.676,active,15277,814,12462,16789,0,95,62.8,53.0,No,2400,2400,0,5579,125
13:33:18.676,active,15268,714,10938,16789,-5,95,63.4,53.8,No,2400,2400,0,5588,125
13:33:19.681,active,15245,766,11748,16789,0,95,63.9,54.4,No,2400,2400,0,5588,125
13:33:20.676,active,15277,800,11718,16790,0,95,63.4,51.5,No,2400,2400,0,5595,125
13:33:21.681,active,15341,468,7194,16790,0,95,62.8,50.1,No,2400,2400,0,5592,125
13:33:22.676,active,15314,520,7678,16789,-3,95,63.4,48.6,No,2400,2400,0,5603,125
13:33:23.676,active,15303,576,8834,16788,-3,95,62.2,45.8,No,2400,2400,0,5591,125
13:33:24.676,active,15341,496,6732,16789,0,95,62.8,48.6,No,2400,2400,0,5590,125
13:33:25.676,active,15314,570,8758,16790,0,95,63.4,49.5,No,2400,2400,0,5598,125
13:33:26.676,active,15307,444,6790,16790,0,95,62.8,49.4,No,2400,2400,0,5597,125
13:33:27.681,active,15309,424,6520,16789,0,95,63.4,48.1,No,2400,2400,0,5590,125
13:33:28.676,active,15301,532,8178,16790,0,95,62.8,48.7,No,2400,2400,0,5589,125
13:33:29.680,active,15275,800,10590,16789,0,95,63.4,48.2,No,2400,2400,0,5602,125
13:33:30.676,active,15275,654,10030,16790,-6,95,62.8,48.2,No,2400,2400,0,5594,125
13:33:31.676,active,15279,798,10744,16790,-3,95,63.4,48.5,No,2400,2400,0,5593,125
13:33:32.676,active,15277,764,11710,16790,0,95,63.9,47.8,No,2400,2400,0,5600,125
13:33:33.676,active,15279,788,10744,16789,3,95,63.4,46.1,No,2400,2400,0,5591,125
13:33:34.676,active,15309,694,10668,16790,3,95,62.2,47.5,No,2400,2400,0,5605,125
13:33:35.680,active,15279,912,8276,16789,0,95,63.4,45.6,No,2400,2400,0,5616,125
13:33:36.677,active,15301,588,9028,16790,0,95,63.4,45.7,No,2400,2400,0,5609,125
13:33:37.676,active,15307,714,7060,16790,0,95,62.8,46.4,No,2400,2400,0,5586,125
13:33:38.676,active,15266,750,11478,16789,-4,95,63.4,47.6,No,2400,2400,0,5601,125
13:33:39.676,active,15256,668,10244,16789,0,95,63.9,50.9,No,2400,2400,0,5598,125
13:33:40.676,active,15253,808,12346,16789,0,95,63.4,52.5,No,2400,2400,0,5595,125
13:33:41.680,active,15262,830,12712,16790,0,95,64.5,46.7,No,2400,2400,0,5605,125
13:33:42.676,active,15281,638,9780,16790,0,95,63.9,49.0,No,2400,2400,0,5597,125
13:33:43.676,active,15262,772,11824,16790,0,95,62.8,49.0,No,2400,2400,0,5600,125
13:33:44.676,active,15281,740,11324,16790,3,95,63.4,49.5,No,2400,2400,0,5600,125
13:33:45.676,active,15251,892,13678,16790,-3,95,62.8,48.1,No,2400,2400,0,5604,125
13:33:46.676,active,15273,956,14642,16790,-3,95,64.5,48.9,No,2400,2400,0,5616,125
13:33:47.679,active,15301,512,7850,16791,0,95,63.9,47.0,No,2400,2400,0,5616,125
13:33:48.676,active,15314,540,8392,16789,0,95,63.9,48.7,No,2400,2400,0,5610,125
13:33:49.679,active,15294,544,8352,16790,4,95,63.4,46.5,No,2400,2400,0,5610,125
13:33:50.679,active,15301,484,9432,16789,0,95,63.4,48.0,No,2400,2400,0,5604,125
13:33:51.676,active,15299,450,6906,16791,0,95,63.4,48.5,No,2400,2400,0,5604,125
13:33:52.676,active,15299,552,12018,16790,0,95,63.9,49.5,No,2400,2400,0,5601,125
13:33:53.676,active,15251,564,8642,16789,0,95,63.9,48.5,No,2400,2400,0,5603,125
13:33:54.676,active,15299,646,12808,16791,4,95,64.5,48.4,No,2400,2400,0,5605,125
13:33:55.676,active,15251,676,10340,16790,6,95,63.4,48.0,No,2400,2400,0,5608,125
13:33:56.681,active,15281,474,7310,16790,3,95,63.4,48.2,No,2400,2400,0,5603,125
13:33:57.676,active,15337,530,7648,16790,0,95,63.4,46.7,No,2400,2400,0,5612,125
13:33:58.676,active,15348,520,8006,16789,0,95,63.9,48.2,No,2400,2400,0,5603,125
13:33:59.676,sleep,15286,464,7630,16790,0,95,61.7,35.7,No,2400,2400,0,5615,125
13:34:00.676,sleep,15283,490,7522,16793,12,95,60.6,-0.0,No,2400,2400,0,5647,125
13:34:01.676,sleep,15288,504,7542,16792,12,95,59.0,0.0,No,2400,2400,0,5641,125
13:34:02.676,sleep,15288,492,7542,16792,15,95,59.0,0.0,No,2400,2400,0,5645,125
13:34:03.676,sleep,15292,490,7658,16792,10,95,58.4,0.0,No,2400,2400,0,5649,125
13:34:04.676,sleep,15286,530,8120,16792,14,95,57.9,-0.0,No,1500,2400,0,5646,125
13:34:05.676,sleep,15288,380,5844,16792,14,95,57.3,-0.0,No,1500,2400,0,5649,125
13:34:06.676,sleep,15283,526,8044,16793,13,95,56.8,0.0,No,1500,2400,0,5652,125
13:34:07.676,sleep,15279,402,6172,16792,14,95,55.6,0.0,No,1500,2400,0,5658,125
13:34:08.676,sleep,15290,440,6752,16792,14,95,56.2,-0.0,No,1500,2400,0,5662,125
13:34:09.676,sleep,15286,480,7350,16793,15,95,55.1,0.0,No,1500,2400,0,5651,125
13:34:10.676,sleep,15286,520,7966,16793,13,95,55.1,0.0,No,1500,2400,0,5661,125
13:34:11.676,sleep,15290,456,6982,16793,14,95,54.5,-0.0,No,1500,2400,0,5665,125
13:34:12.676,sleep,15290,448,6866,16793,13,95,54.5,-0.0,No,1500,2400,0,5265,75
13:34:13.676,sleep,15290,538,8236,16793,14,95,54.5,0.0,No,1500,2400,0,3740,75
13:34:14.676,active,15294,796,11478,16791,7,95,57.9,23.9,No,2400,2400,0,3513,75
13:34:15.676,active,15247,744,11382,16789,-7,95,59.0,48.8,No,2400,2400,0,3458,75
13:34:16.676,active,15264,738,10956,16789,-4,95,59.5,45.6,No,2400,2400,0,3447,75
13:34:17.677,active,15256,742,11362,16790,-5,95,59.5,46.6,No,2400,2400,0,3469,125
13:34:18.676,active,15253,724,11940,16789,-7,95,60.0,48.7,No,2400,2400,0,5374,125
13:34:19.676,active,15260,840,12848,16789,-6,95,60.6,48.1,No,2400,2400,0,5577,125
13:34:20.676,active,15271,744,9934,16789,-5,95,62.2,49.7,No,2400,2400,0,5591,125
13:34:21.680,active,15279,702,10764,16788,-9,95,61.7,47.7,No,2400,2400,0,5584,125
13:34:22.676,active,15311,496,7600,16790,-3,95,61.7,46.4,No,2400,2400,0,5576,125
13:34:23.681,active,15305,608,7156,16790,-4,95,62.2,52.3,No,2400,2400,0,5573,125
13:34:24.676,active,15311,558,8564,16790,-3,95,61.7,50.5,No,2400,2400,0,5572,125
13:34:25.676,active,15322,436,9684,16789,-3,95,61.7,51.4,No,2400,2400,0,5566,125
13:34:26.676,active,15326,518,7948,16788,-4,95,63.9,54.8,No,2400,2400,0,5564,125
13:34:27.676,active,15303,492,10552,16789,-9,95,62.8,51.3,No,2400,2400,0,5569,125
13:34:28.676,active,15296,508,7792,16788,-10,95,63.4,51.8,No,2400,2400,0,5577,125
13:34:29.676,active,15305,464,12712,16788,-3,95,63.4,54.0,No,2400,2400,0,5577,125
13:34:30.676,active,15296,700,12192,16788,-6,95,63.4,49.6,No,2400,2400,0,5578,125
13:34:31.680,active,15275,522,8024,16788,-7,95,62.2,47.1,No,2400,2400,0,5581,125
13:34:32.676,active,15286,896,13754,16788,-7,95,62.8,47.4,No,2400,2400,0,5588,125
13:34:33.676,active,15316,448,6886,16789,-5,95,62.8,47.8,No,2400,2400,0,5569,125
13:34:34.676,active,15318,680,10436,16788,-6,95,63.4,48.2,No,2400,2400,0,5579,125
13:34:35.676,active,15303,554,8506,16788,-9,95,63.9,48.2,No,2400,2400,0,5584,125
13:34:36.681,active,15331,540,8058,16789,-3,95,62.8,48.6,No,2400,2400,0,5591,125
13:34:37.676,active,15324,584,8950,16790,0,95,62.8,47.3,No,2400,2400,0,5584,125
13:34:38.680,active,15331,458,7522,16790,0,95,62.8,47.3,No,2400,2400,0,5581,125
13:34:39.676,active,15258,796,12192,16790,0,95,62.8,47.7,No,2400,2400,0,5575,125
13:34:40.676,active,15283,854,13060,16790,0,95,63.4,49.9,No,2400,2400,0,5578,125
13:34:41.676,active,15249,830,12694,16788,0,95,63.4,47.8,No,2400,2400,0,5587,125
13:34:42.676,active,15277,738,11284,16790,0,95,63.9,47.4,No,2400,2400,0,5569,125
13:34:43.676,active,15256,844,12924,16790,0,95,62.8,45.3,No,2400,2400,0,5591,125
13:34:44.676,active,15251,796,12192,16790,0,95,62.8,46.3,No,2400,2400,0,5585,125
13:34:45.676,active,15268,894,13678,16790,0,95,62.8,45.8,No,2400,2400,0,5593,125
13:34:46.676,active,15260,836,12808,16789,0,95,62.8,46.4,No,2400,2400,0,5587,125
13:34:47.676,active,15271,844,12906,16790,0,95,62.8,47.0,No,2400,2400,0,5595,125
13:34:48.676,active,15264,596,9124,16790,0,95,63.9,49.0,No,2400,2400,0,5603,125
13:34:49.676,active,15296,538,11420,16789,0,95,64.5,50.5,No,2400,2400,0,5598,125
13:34:50.680,active,15266,668,10224,16789,-3,95,63.4,48.9,No,2400,2400,0,5594,125
13:34:51.676,active,15277,616,10108,16789,0,95,63.9,48.6,No,2400,2400,0,5588,125
13:34:52.676,active,15253,644,9858,16790,-4,95,63.4,47.6,No,2400,2400,0,5599,125
13:34:53.676,active,15260,706,9202,16791,0,95,64.5,48.6,No,2400,2400,0,5593,125
13:34:54.676,active,15247,726,11112,16790,-3,95,63.4,49.0,No,2400,2400,0,5597,125
13:34:55.676,active,15249,772,13388,16790,0,95,63.9,49.0,No,2400,2400,0,5598,125
13:34:56.676,active,15249,710,10898,16789,0,95,64.5,47.6,No,2400,2400,0,5597,125
13:34:57.680,active,15350,592,9086,16790,0,95,63.4,48.6,No,2400,2400,0,5592,125
13:34:58.678,active,15318,560,8584,16789,0,95,63.4,48.4,No,2400,2400,0,5597,125
13:34:59.676,active,15341,514,7870,16790,0,95,62.8,47.9,No,2400,2400,0,5599,125
13:35:00.676,active,15305,550,8448,16790,0,95,63.9,49.9,No,2400,2400,0,5605,125
13:35:01.676,active,15311,558,8564,16790,0,95,63.4,48.6,No,2400,2400,0,5601,125
13:35:02.676,active,15305,476,7330,16789,0,95,63.4,48.5,No,2400,2400,0,5599,125
13:35:03.676,active,15309,524,8044,16789,-5,95,63.9,48.6,No,2400,2400,0,5597,125
13:35:04.676,active,15301,494,7562,16790,0,95,62.2,47.2,No,2400,2400,0,5625,125
13:35:05.677,active,15283,794,9278,16788,-3,95,63.4,46.5,No,2400,2400,0,5602,125
13:35:06.676,active,15279,922,11072,16789,-3,95,62.2,47.9,No,2400,2400,0,5607,125
13:35:07.676,active,15307,700,10744,16789,0,95,63.4,49.0,No,2400,2400,0,5600,125
13:35:08.676,active,15305,668,7562,16788,-5,95,63.4,47.2,No,2400,2400,0,5605,125
13:35:09.676,active,15305,506,7774,16788,-6,95,63.9,47.9,No,2400,2400,0,5603,125
13:35:10.676,active,15307,708,7580,16788,-6,95,63.9,47.9,No,2400,2400,0,5599,125
13:35:11.681,active,15305,588,9028,16788,-10,95,63.4,47.4,No,2400,2400,0,5601,125
13:35:12.681,active,15352,436,7466,16788,-7,95,63.4,47.4,No,2400,2400,0,5604,125
13:35:13.676,active,15314,454,6964,16788,-9,95,61.7,47.4,No,2400,2400,0,5610,125
13:35:14.676,sleep,15294,416,6384,16788,0,95,62.2,39.6,No,2400,2400,0,5606,125
13:35:15.676,sleep,15288,454,6790,16790,7,95,59.5,0.0,No,2400,2400,0,5639,125
13:35:16.676,sleep,15294,498,7638,16791,7,95,59.5,0.0,No,2400,2400,0,5635,125
13:35:17.676,sleep,15286,422,7388,16792,10,95,59.0,0.0,No,2400,2400,0,5634,125
13:35:18.676,sleep,15286,518,7948,16791,6,95,57.9,-0.0,No,2400,2400,0,5635,125
13:35:19.676,sleep,15288,492,7522,16790,6,95,57.9,0.0,No,1500,2400,0,5648,125
13:35:20.676,sleep,15286,510,7832,16791,10,95,57.3,-0.0,No,1500,2400,0,5655,125
13:35:21.676,sleep,15279,498,6964,16792,13,95,55.6,0.0,No,1500,2400,0,5656,125
13:35:22.676,sleep,15283,446,6828,16792,14,95,56.8,0.5,No,1500,2400,0,5656,125
13:35:23.676,sleep,15283,486,7446,16792,13,95,55.6,0.7,No,1500,2400,0,4387,75
13:35:24.676,sleep,15292,358,5478,16791,10,95,55.1,0.0,No,1500,2400,0,3606,75
13:35:25.676,sleep,15286,602,9240,16790,10,95,54.5,-0.0,No,1500,2400,0,3482,75
13:35:26.676,sleep,15288,542,8314,16792,9,95,54.0,-0.0,No,1500,2400,0,3456,75
13:35:27.676,sleep,15286,294,4494,16791,12,95,54.5,0.0,No,1500,2400,0,3450,75
13:35:28.676,sleep,15288,188,2874,16791,12,95,53.5,0.0,No,1500,2400,0,3450,75
13:35:29.676,active,15288,824,12616,16792,15,95,56.8,20.4,No,2400,2400,0,3457,75
13:35:30.676,active,15251,686,11282,16790,0,95,57.3,48.2,No,2400,2400,0,3419,75
13:35:31.676,active,15268,682,10436,16791,0,95,60.0,48.2,No,2400,2400,0,3412,75
13:35:32.677,active,15290,748,10224,16790,0,95,60.0,50.6,No,2400,2400,0,4191,125
13:35:33.676,active,15335,474,7310,16791,0,95,60.6,49.9,No,2400,2400,0,5453,125
13:35:34.676,active,15305,540,8294,16789,0,95,60.0,52.0,No,2400,2400,0,5545,125
13:35:35.676,active,15309,542,8314,16788,-5,95,61.1,52.2,No,2400,2400,0,5552,125
13:35:36.676,active,15279,496,7638,16788,-7,95,61.7,51.8,No,2400,2400,0,5554,125
13:35:37.677,active,15316,486,7466,16788,-8,95,61.7,54.1,No,2400,2400,0,5539,125
13:35:38.676,active,15305,486,7446,16787,-7,95,62.2,48.5,No,2400,2400,0,5546,125
13:35:39.676,active,15305,480,8630,16788,0,95,62.2,49.4,No,2400,2400,0,5538,125
13:35:40.680,active,15281,798,6828,16788,-3,95,61.7,47.9,No,2400,2400,0,5551,125
13:35:41.676,active,15273,796,12982,16790,0,95,61.1,46.9,No,2400,2400,0,5545,125
13:35:42.676,active,15273,834,12770,16790,0,95,61.7,47.4,No,2400,2400,0,5548,125
13:35:43.676,active,15281,546,8410,16789,-3,95,62.2,48.3,No,2400,2400,0,5550,125
13:35:44.676,active,15277,844,12924,16790,0,95,62.8,48.2,No,2400,2400,0,5552,125
13:35:45.676,active,15277,516,7928,16789,0,95,62.8,49.1,No,2400,2400,0,5554,125
13:35:46.681,active,15307,650,9992,16790,0,95,62.2,48.9,No,2400,2400,0,5561,125
13:35:47.676,active,15279,580,8932,16790,-5,95,62.2,46.9,No,2400,2400,0,5560,125
13:35:48.676,active,15305,538,8236,16789,-3,95,62.8,48.3,No,2400,2400,0,5557,125
13:35:49.676,active,15262,684,10474,16789,0,95,62.8,47.9,No,2400,2400,0,5566,125
13:35:50.676,active,15251,768,10050,16790,0,95,63.4,47.7,No,2400,2400,0,5571,125
13:35:51.676,active,15256,802,12288,16790,5,95,62.8,46.0,No,2400,2400,0,5563,125
13:35:52.676,active,15273,646,13252,16789,0,95,62.2,46.5,No,2400,2400,0,5571,125
13:35:53.677,active,15296,608,9336,16788,0,95,62.8,46.6,No,2400,2400,0,5581,125
13:35:54.676,active,15260,810,12808,16789,0,95,61.7,45.4,No,2400,2400,0,5569,125
13:35:55.676,active,15268,842,12886,16790,0,95,62.8,47.7,No,2400,2400,0,5579,125
13:35:56.676,active,15290,828,11902,16790,3,95,63.4,48.6,No,2400,2400,0,5577,125
13:35:57.676,active,15268,806,12326,16789,0,95,63.9,53.4,No,2400,2400,0,5574,125
13:35:58.676,active,15309,520,7986,16789,-3,95,63.4,48.9,No,2400,2400,0,5595,125
13:35:59.676,active,15303,500,8584,16790,-3,95,63.4,48.5,No,2400,2400,0,5584,125
13:36:00.677,active,15307,462,7098,16790,0,95,62.2,47.5,No,2400,2400,0,5593,125
13:36:01.676,active,15296,494,10378,16790,0,95,61.7,46.8,No,2400,2400,0,5580,125
13:36:02.676,active,15301,498,7658,16789,0,95,63.4,48.6,No,2400,2400,0,5576,125
13:36:03.676,active,15296,498,11786,16789,0,95,63.9,49.6,No,2400,2400,0,5575,125
13:36:04.676,active,15247,694,10610,16789,0,95,62.8,49.2,No,2400,2400,0,5582,125
13:36:05.680,active,15303,556,12076,16790,0,95,64.5,48.6,No,2400,2400,0,5591,125
13:36:06.678,active,15307,772,11844,16789,0,95,63.4,47.1,No,2400,2400,0,5588,125
13:36:07.677,active,15281,524,8064,16790,0,95,63.4,49.9,No,2400,2400,0,5588,125
13:36:08.676,active,15311,724,11112,16789,0,95,62.2,48.6,No,2400,2400,0,5592,125
13:36:09.676,active,15305,476,7330,16789,0,95,63.9,48.4,No,2400,2400,0,5593,125
13:36:10.676,active,15314,546,8648,16790,0,95,64.5,48.8,No,2400,2400,0,5591,125
13:36:11.679,active,15354,486,7466,16790,0,95,63.9,48.1,No,2400,2400,0,5586,125
13:36:12.680,active,15305,518,6732,16790,0,95,64.5,48.6,No,2400,2400,0,5585,125
13:36:13.676,active,15322,554,8488,16790,0,95,62.8,47.1,No,2400,2400,0,5597,125
13:36:14.676,active,15305,504,8024,16789,0,95,62.2,47.0,No,2400,2400,0,5589,125
13:36:15.676,active,15275,846,12944,16790,0,95,63.4,47.7,No,2400,2400,0,5593,125
13:36:16.676,active,15277,770,11786,16790,0,95,63.4,49.2,No,2400,2400,0,5591,125
13:36:17.676,active,15279,872,13368,16788,-3,95,63.9,48.4,No,2400,2400,0,5591,125
13:36:18.676,active,15277,648,9954,16789,0,95,63.9,48.5,No,2400,2400,0,5590,125
13:36:19.676,active,15273,844,12906,16790,0,95,63.9,47.6,No,2400,2400,0,5586,125
13:36:20.676,active,15275,756,11594,16790,0,95,63.4,46.0,No,2400,2400,0,5602,125
13:36:21.680,active,15301,620,9510,16789,0,95,62.8,47.5,No,2400,2400,0,5595,125
13:36:22.676,active,15281,580,8932,16789,0,95,62.8,48.3,No,2400,2400,0,5590,125
13:36:23.676,active,15307,508,7792,16789,0,95,62.2,49.0,No,2400,2400,0,5591,125
13:36:24.676,active,15273,716,10976,16791,3,95,62.8,48.7,No,2400,2400,0,5593,125
13:36:25.676,active,15268,592,13310,16791,0,95,63.4,49.3,No,2400,2400,0,5595,125
13:36:26.681,active,15225,880,13426,16791,3,95,63.4,48.2,No,2400,2400,0,5589,125
13:36:27.676,active,15247,872,12982,16790,4,95,62.8,47.7,No,2400,2400,0,5583,125
13:36:28.676,active,15251,798,12210,16789,0,95,62.8,47.9,No,2400,2400,0,5594,125
13:36:29.676,sleep,15288,700,8622,16789,0,95,60.6,42.1,No,2400,2400,0,5601,125
13:36:30.676,sleep,15288,490,7522,16793,13,95,59.5,0.0,No,2400,2400,0,5631,125
13:36:31.676,sleep,15290,510,7388,16791,12,95,59.5,-0.0,No,2400,2400,0,5634,125
13:36:32.676,sleep,15290,526,8044,16790,7,95,58.4,0.5,No,2400,2400,0,5634,125
13:36:33.676,sleep,15290,546,8392,16791,9,95,58.4,-0.0,No,2400,2400,0,5634,125
13:36:34.676,sleep,15286,544,7002,16792,13,95,58.4,0.0,No,1500,2400,0,5638,125
13:36:35.676,sleep,15290,472,7234,16794,17,95,56.2,-0.0,No,1500,2400,0,5672,125
13:36:36.676,sleep,15286,490,6346,16794,17,95,55.6,0.3,No,1500,2400,0,5662,125
13:36:37.676,sleep,15286,372,5710,16792,14,95,55.6,0.0,No,1500,2400,0,5667,125
13:36:38.676,sleep,15283,448,4648,16793,16,95,56.2,-0.0,No,1500,2400,0,5644,125
13:36:39.676,sleep,15286,380,5826,16793,13,95,54.5,0.5,No,1500,2400,0,4054,75
13:36:40.676,sleep,15288,416,7792,16793,12,95,54.5,-0.0,No,1500,2400,0,3539,75
13:36:41.676,sleep,15290,538,8256,16793,10,95,54.5,0.3,No,1500,2400,0,3467,75
13:36:42.676,sleep,15290,452,6944,16793,14,95,54.5,0.0,No,1500,2400,0,3451,75
13:36:43.676,sleep,15292,580,8912,16793,12,95,54.5,0.0,No,1500,2400,0,3462,75
13:36:44.682,active,15294,622,9548,16793,14,95,56.8,15.7,No,2400,2400,0,3454,75
13:36:45.676,active,15309,674,6774,16790,0,95,59.5,52.4,No,2400,2400,0,3406,75
13:36:46.676,active,15292,864,13234,16790,0,95,60.6,52.8,No,2400,2400,0,3387,75
13:36:47.677,active,15277,854,7702,16789,0,95,60.0,53.0,No,2400,2400,0,3383,75
13:36:48.676,active,15307,460,7080,16788,-6,95,59.5,50.5,No,2400,2400,0,3381,75
13:36:49.676,active,15348,516,8718,16791,-5,95,59.5,45.4,No,2400,2400,0,4719,125
13:36:50.676,active,15307,644,9876,16789,-8,95,61.1,49.0,No,2400,2400,0,5476,125
13:36:51.676,active,15294,854,13060,16790,-4,95,61.1,47.9,No,2400,2400,0,5521,125
13:36:52.676,active,15279,692,10610,16789,-3,95,61.7,49.2,No,2400,2400,0,5524,125
13:36:53.678,active,15277,728,11150,16791,0,95,61.7,48.8,No,2400,2400,0,5524,125
13:36:54.676,active,15273,840,12866,16791,5,95,62.2,48.1,No,2400,2400,0,5530,125
13:36:55.676,active,15279,856,13118,16791,4,95,61.1,48.2,No,2400,2400,0,5518,125
13:36:56.679,active,15275,808,12366,16790,0,95,61.7,49.1,No,2400,2400,0,5525,125
13:36:57.676,active,15256,814,12462,16789,0,95,62.2,50.8,No,2400,2400,0,5543,125
13:36:58.676,active,15275,888,13600,16790,0,95,62.8,48.4,No,2400,2400,0,5529,125
13:36:59.676,active,15299,454,6964,16791,0,95,62.8,46.9,No,2400,2400,0,5526,125
13:37:00.676,active,15294,516,11998,16791,0,95,62.8,45.3,No,2400,2400,0,5529,125
13:37:01.676,active,15271,618,9472,16791,0,95,62.8,46.1,No,2400,2400,0,5531,125
13:37:02.677,active,15301,626,11342,16790,0,95,62.2,44.1,No,2400,2400,0,5540,125
13:37:03.676,active,15260,670,10244,16791,0,95,62.2,45.7,No,2400,2400,0,5525,125
13:37:04.676,active,15277,552,11014,16791,0,95,62.2,46.9,No,2400,2400,0,5535,125
13:37:05.676,active,15258,678,10358,16792,3,95,62.8,49.7,No,2400,2400,0,5534,125
13:37:06.679,active,15258,714,10474,16791,0,95,62.8,53.2,No,2400,2400,0,5546,125
13:37:07.676,active,15275,684,10494,16790,0,95,62.8,48.9,No,2400,2400,0,5553,125
13:37:08.676,active,15305,464,7118,16789,0,95,63.4,48.2,No,2400,2400,0,5552,125
13:37:09.677,active,15337,488,7504,16790,0,95,62.8,48.1,No,2400,2400,0,5537,125
13:37:10.676,active,15348,524,8044,16789,0,95,61.7,48.1,No,2400,2400,0,5547,125
13:37:11.676,active,15314,486,7484,16790,0,95,62.8,48.5,No,2400,2400,0,5556,125
13:37:12.676,active,15352,508,7792,16789,0,95,62.8,49.0,No,2400,2400,0,5557,125
13:37:13.677,active,15309,604,9278,16790,0,95,63.4,48.1,No,2400,2400,0,5565,125
13:37:14.677,active,15316,578,8874,16790,0,95,62.8,48.6,No,2400,2400,0,5558,125
13:37:15.677,active,15309,470,7214,16790,0,95,62.8,48.5,No,2400,2400,0,5559,125
13:37:16.676,active,15266,808,7214,16790,-6,95,62.8,49.0,No,2400,2400,0,5563,125
13:37:17.676,active,15266,818,13176,16790,0,95,61.7,48.5,No,2400,2400,0,5569,125
13:37:18.676,active,15279,840,12848,16788,0,95,62.8,48.5,No,2400,2400,0,5571,125
13:37:19.676,active,15277,842,10648,16790,-4,95,63.4,48.9,No,2400,2400,0,5567,125
13:37:20.678,active,15311,598,9162,16790,0,95,63.4,48.4,No,2400,2400,0,5563,125
13:37:21.680,active,15283,718,8294,16790,-3,95,63.4,47.6,No,2400,2400,0,5576,125
13:37:22.676,active,15359,492,7562,16788,-9,95,62.2,48.3,No,2400,2400,0,5571,125
13:37:23.680,active,15283,786,7522,16790,-5,95,63.4,48.1,No,2400,2400,0,5577,125
13:37:24.676,active,15333,534,8218,16789,-4,95,62.8,47.7,No,2400,2400,0,5571,125
13:37:25.676,active,15305,858,13136,16788,-4,95,62.2,48.5,No,2400,2400,0,5562,125
13:37:26.676,active,15232,890,12520,16790,0,95,63.4,48.2,No,2400,2400,0,5564,125
13:37:27.676,active,15277,818,12520,16789,0,95,63.4,47.4,No,2400,2400,0,5585,125
13:37:28.676,active,15256,800,11806,16789,0,95,64.5,46.9,No,2400,2400,0,5576,125
13:37:29.676,active,15271,760,11652,16790,0,95,62.8,47.1,No,2400,2400,0,5577,125
13:37:30.679,active,15258,864,13464,16791,0,95,62.2,47.4,No,2400,2400,0,5577,125
13:37:31.676,active,15253,906,13870,16791,0,95,62.2,49.0,No,2400,2400,0,5577,125
13:37:32.676,active,15273,806,13040,16791,0,95,62.8,48.8,No,2400,2400,0,5578,125
13:37:33.676,active,15258,836,12808,16790,0,95,62.8,48.9,No,2400,2400,0,5600,125
13:37:34.676,active,15307,720,8526,16790,0,95,63.4,48.7,No,2400,2400,0,5568,125
13:37:35.676,active,15296,524,8044,16790,0,95,62.8,48.7,No,2400,2400,0,5573,125
13:37:36.676,active,15305,750,8082,16789,0,95,62.2,48.2,No,2400,2400,0,5579,125
13:37:37.683,active,15301,552,8468,16790,3,95,62.8,48.0,No,2400,2400,0,5581,125
13:37:38.676,active,15296,626,9588,16790,0,95,62.2,48.0,No,2400,2400,0,5580,125
13:37:39.676,active,15290,568,8700,16789,0,95,62.8,48.8,No,2400,2400,0,5567,125
13:37:40.676,active,15294,576,8816,16790,0,95,63.4,50.7,No,2400,2400,0,5571,125
13:37:41.676,active,15294,608,9318,16790,0,95,63.4,47.8,No,2400,2400,0,5576,125
13:37:42.676,active,15292,762,11652,16790,-3,95,63.4,45.4,No,2400,2400,0,5588,125
13:37:43.676,active,15322,554,8024,16790,0,95,63.4,46.5,No,2400,2400,0,5584,125
13:37:44.676,sleep,15279,776,11902,16789,0,95,61.7,44.6,No,2400,2400,0,5586,125
13:37:45.676,sleep,15294,508,7890,16791,7,95,59.5,-0.0,No,2400,2400,0,5621,125
13:37:46.676,sleep,15294,508,7792,16791,7,95,59.0,0.0,No,2400,2400,0,5621,125
13:37:47.675,sleep,15292,550,7176,16792,9,95,58.4,-0.0,No,2400,2400,0,5631,125
13:37:48.676,sleep,15292,434,6654,16792,13,95,57.9,0.0,No,2400,2400,0,5619,125
13:37:49.676,sleep,15296,492,7022,16791,10,95,57.3,0.0,No,1500,2400,0,5627,125
13:37:50.676,sleep,15286,528,8102,16792,13,95,56.8,0.0,No,1500,2400,0,5630,125
13:37:51.676,sleep,15288,476,7350,16792,13,95,55.6,0.0,No,1500,2400,0,5631,125
13:37:52.676,sleep,15283,436,6694,16793,12,95,55.6,-0.0,No,1500,2400,0,5632,125
13:37:53.676,sleep,15288,412,7408,16793,17,95,55.1,-0.0,No,1500,2400,0,5629,125
13:37:54.676,sleep,15288,508,7792,16793,15,95,55.1,0.0,No,1500,2400,0,5634,75
13:37:55.676,sleep,15288,312,7638,16792,18,95,54.0,0.3,No,1500,2400,0,3849,75
13:37:56.676,sleep,15286,440,6752,16793,14,95,54.0,0.0,No,1500,2400,0,3520,75
13:37:57.676,sleep,15286,378,5594,16794,16,95,54.5,0.0,No,1500,2400,0,3450,75
13:37:58.676,sleep,15286,508,7774,16794,20,95,54.0,0.0,No,1500,2400,0,3447,75
13:37:59.678,active,15292,746,9490,16793,18,95,55.6,7.3,No,1900,2400,0,3443,75
13:38:00.676,active,15296,756,11594,16789,0,95,56.8,56.0,No,2400,2400,0,3412,75
13:38:01.676,active,15299,616,9432,16789,0,95,59.5,48.8,No,2400,2400,0,3404,75
13:38:02.676,active,15275,570,9762,16791,0,95,59.5,49.2,No,2400,2400,0,3386,75
13:38:03.676,active,15296,682,10436,16790,0,95,59.0,48.3,No,2400,2400,0,3378,75
13:38:04.676,active,15241,708,10074,16790,-3,95,59.0,50.0,No,2400,2400,0,5094,125
13:38:05.676,active,15303,732,11208,16790,0,95,60.0,49.5,No,2400,2400,0,5522,125
13:38:06.676,active,15260,662,10402,16790,0,95,60.0,48.5,No,2400,2400,0,5528,125
13:38:07.676,active,15277,738,11304,16791,0,95,60.6,46.4,No,2400,2400,0,5522,125
13:38:08.677,active,15271,814,11922,16790,0,95,60.6,46.9,No,2400,2400,0,5508,125
13:38:09.676,active,15339,450,6924,16789,-3,95,61.7,46.0,No,2400,2400,0,5520,125
13:38:10.676,active,15350,758,8178,16789,-3,95,60.6,46.4,No,2400,2400,0,5522,125
13:38:11.679,active,15322,504,7754,16790,0,95,61.1,46.1,No,2400,2400,0,5518,125
13:38:12.676,active,15335,540,7948,16791,0,95,60.0,46.1,No,2400,2400,0,5513,125
13:38:13.676,active,15305,506,7754,16791,-6,95,61.1,45.7,No,2400,2400,0,5531,125
13:38:14.677,active,15322,284,7620,16789,-9,95,61.7,51.7,No,2400,2400,0,5527,125
13:38:15.679,active,15309,550,8430,16788,-6,95,62.2,51.8,No,2400,2400,0,5526,125
13:38:16.676,active,15311,510,8488,16788,-3,95,62.2,47.5,No,2400,2400,0,5528,125
13:38:17.676,active,15292,552,8448,16789,-4,95,62.2,47.3,No,2400,2400,0,5524,125
13:38:18.676,active,15264,866,13252,16790,0,95,60.6,48.1,No,2400,2400,0,5536,125
13:38:19.676,active,15277,850,8158,16789,-6,95,62.2,49.1,No,2400,2400,0,5534,125
13:38:20.676,active,15268,854,13078,16789,0,95,61.7,48.9,No,2400,2400,0,5522,125
13:38:21.676,active,15279,876,6514,16789,0,95,62.2,49.1,No,2400,2400,0,5529,125
13:38:22.677,active,15281,672,10320,16789,0,95,62.2,49.0,No,2400,2400,0,5529,125
13:38:23.676,active,15283,844,8160,16789,-5,95,62.2,48.8,No,2400,2400,0,5539,125
13:38:24.677,active,15305,514,7890,16790,0,95,61.7,48.5,No,2400,2400,0,5548,125
13:38:25.678,active,15303,660,9182,16790,3,95,61.1,47.0,No,2400,2400,0,5554,125
13:38:26.676,active,15277,508,7812,16790,0,95,61.7,49.6,No,2400,2400,0,5542,125
13:38:27.676,active,15236,1010,11980,16790,0,95,61.7,48.6,No,2400,2400,0,5535,125
13:38:28.676,active,15275,786,12038,16788,-3,95,62.2,49.8,No,2400,2400,0,5543,125
13:38:29.678,active,15238,672,11710,16789,-6,95,62.8,48.7,No,2400,2400,0,5546,125
13:38:30.678,active,15275,708,10842,16789,-5,95,62.2,47.7,No,2400,2400,0,5559,125
13:38:31.676,active,15256,796,12268,16789,-3,95,62.2,47.7,No,2400,2400,0,5554,125
13:38:32.677,active,15279,756,11574,16790,-5,95,61.1,47.7,No,2400,2400,0,5557,125
13:38:33.676,active,15253,866,13272,16789,-5,95,61.7,47.4,No,2400,2400,0,5550,125
13:38:34.676,active,15271,754,11554,16789,-3,95,62.2,47.7,No,2400,2400,0,5548,125
13:38:35.676,active,15275,778,11922,16789,0,95,62.8,47.9,No,2400,2400,0,5560,125
13:38:36.676,active,15303,540,8834,16790,0,95,62.2,46.7,No,2400,2400,0,5565,125
13:38:37.676,active,15286,512,7850,16790,0,95,61.7,47.6,No,2400,2400,0,5557,125
13:38:38.676,active,15296,462,11014,16789,-4,95,61.7,46.5,No,2400,2400,0,5563,125
13:38:39.683,active,15294,526,8044,16789,0,95,61.7,47.7,No,2400,2400,0,5562,125
13:38:40.676,active,15292,486,10088,16789,0,95,60.6,48.6,No,2400,2400,0,5557,125
13:38:41.676,active,15251,578,8834,16790,0,95,61.1,48.9,No,2400,2400,0,5555,125
13:38:42.676,active,15294,964,13426,16790,0,95,61.7,49.4,No,2400,2400,0,5551,125
13:38:43.676,active,15256,786,12038,16790,0,95,62.8,48.2,No,2400,2400,0,5557,125
13:38:44.676,active,15333,522,11940,16789,0,95,62.8,48.2,No,2400,2400,0,5566,125
13:38:45.676,active,15337,572,6964,16790,0,95,61.7,48.9,No,2400,2400,0,5555,125
13:38:46.683,active,15320,526,8064,16790,0,95,61.1,48.2,No,2400,2400,0,5561,125
13:38:47.676,active,15324,510,8160,16790,4,95,61.7,48.4,No,2400,2400,0,5561,125
13:38:48.676,active,15311,564,8662,16790,5,95,61.7,48.6,No,2400,2400,0,5560,125
13:38:49.676,active,15311,498,8294,16790,0,95,62.2,52.8,No,2400,2400,0,5557,125
13:38:50.675,active,15303,494,7580,16790,4,95,62.8,48.5,No,2400,2400,0,5567,125
13:38:51.676,active,15309,488,7986,16791,0,95,62.2,46.3,No,2400,2400,0,5569,125
13:38:52.676,active,15305,492,7542,16791,3,95,61.1,50.3,No,2400,2400,0,5568,125
13:38:53.679,active,15281,764,11710,16790,0,95,62.2,52.6,No,2400,2400,0,5561,125
13:38:54.676,active,15279,892,10842,16789,0,95,61.7,48.1,No,2400,2400,0,5568,125
13:38:55.676,active,15273,894,13696,16790,0,95,61.7,47.6,No,2400,2400,0,5559,125
13:38:56.676,active,15281,814,7522,16790,0,95,62.8,48.5,No,2400,2400,0,5563,125
13:38:57.676,active,15277,726,11150,16789,0,95,62.8,48.1,No,2400,2400,0,5568,125
13:38:58.681,active,15286,844,12654,16790,0,95,62.8,49.6,No,2400,2400,0,5563,125
13:38:59.676,sleep,15309,650,9972,16790,0,95,61.7,50.3,No,2400,2400,0,5559,125
13:39:00.676,sleep,15288,502,8334,16792,11,95,59.0,0.0,No,2400,2400,0,5599,125
13:39:01.676,sleep,15283,446,6828,16793,12,95,59.0,-0.0,No,2400,2400,0,5609,125
13:39:02.676,sleep,15294,510,7812,16791,9,95,57.9,0.0,No,2400,2400,0,5597,125
13:39:03.676,sleep,15296,462,7098,16791,8,95,58.4,-0.0,No,2400,2400,0,5591,125
13:39:04.676,sleep,15299,478,7330,16792,10,95,56.8,0.0,No,2400,2400,0,5588,125
13:39:05.676,sleep,15288,402,6684,16793,14,95,56.8,-0.0,No,1500,2400,0,5613,125
13:39:06.676,sleep,15294,492,7522,16794,12,95,55.6,0.0,No,1500,2400,0,5604,125
13:39:07.676,sleep,15286,402,5342,16793,12,95,55.6,-0.0,No,1500,2400,0,5613,125
13:39:08.676,sleep,15292,572,8758,16792,13,95,54.5,0.0,No,1500,2400,0,5606,125
13:39:09.676,sleep,15290,492,5998,16791,11,95,53.5,-0.0,No,1500,2400,0,5619,125
13:39:10.676,sleep,15288,366,5612,16791,8,95,54.0,0.0,No,1500,2400,0,5118,75
13:39:11.676,sleep,15296,270,7716,16792,13,95,54.0,0.0,No,1500,2400,0,3681,75
13:39:12.676,sleep,15286,362,5536,16792,9,95,52.9,0.0,No,1500,2400,0,3459,75
13:39:13.676,sleep,15288,526,8044,16793,12,95,53.5,0.0,No,1500,2400,0,3441,75
13:39:14.676,active,15286,340,5208,16792,13,95,54.0,2.5,No,1500,2400,0,3446,75
13:39:15.676,active,15301,462,7098,16790,0,95,56.8,56.5,No,2400,2400,0,3403,75
13:39:16.676,active,15292,514,7890,16790,-4,95,58.4,48.7,No,2400,2400,0,3400,75
13:39:17.676,active,15299,590,9046,16790,-6,95,59.0,46.1,No,2400,2400,0,3378,75
13:39:18.676,active,15301,518,7948,16790,0,95,59.0,46.9,No,2400,2400,0,3373,75
13:39:19.679,active,15281,760,11652,16790,0,95,59.0,47.2,No,2400,2400,0,3361,75
13:39:20.679,active,15331,562,7850,16789,-9,95,59.5,45.9,No,2400,2400,0,3350,75
13:39:21.676,active,15307,764,11728,16788,-8,95,60.6,46.6,No,2400,2400,0,3340,125
13:39:22.676,active,15299,686,7388,16789,-5,95,59.0,47.1,No,2400,2400,0,5232,125
13:39:23.676,active,15341,486,7466,16789,-8,95,60.6,51.8,No,2400,2400,0,5480,125
13:39:24.676,active,15333,492,7214,16788,-8,95,60.6,46.5,No,2400,2400,0,5492,125
13:39:25.676,active,15324,546,8410,16789,-6,95,60.6,48.4,No,2400,2400,0,5485,125
13:39:26.678,active,15359,482,7408,16788,-7,95,60.6,48.4,No,2400,2400,0,5488,125
13:39:27.679,active,15307,426,6538,16788,0,95,60.0,48.2,No,2400,2400,0,5477,125
13:39:28.676,active,15260,818,12500,16790,-3,95,60.6,48.6,No,2400,2400,0,5493,125
13:39:29.676,active,15271,690,13368,16790,0,95,60.6,49.9,No,2400,2400,0,5493,125
13:39:30.676,active,15286,784,11998,16790,0,95,61.7,49.6,No,2400,2400,0,5492,125
13:39:31.676,active,15268,770,12114,16788,-6,95,61.1,48.1,No,2400,2400,0,5500,125
13:39:32.681,active,15277,858,13156,16788,-4,95,61.7,48.9,No,2400,2400,0,5489,125
13:39:33.679,active,15268,860,12654,16788,-4,95,62.2,47.7,No,2400,2400,0,5492,125
13:39:34.676,active,15279,904,13850,16789,-5,95,60.6,47.9,No,2400,2400,0,5496,125
13:39:35.676,active,15275,674,10340,16788,-3,95,61.1,48.9,No,2400,2400,0,5503,125
13:39:36.676,active,15299,648,9934,16789,0,95,62.2,49.3,No,2400,2400,0,5507,125
13:39:37.676,active,15283,644,9858,16789,0,95,62.2,48.4,No,2400,2400,0,5519,125
13:39:38.680,active,15266,604,11728,16789,-4,95,61.7,48.5,No,2400,2400,0,5515,125
13:39:39.676,active,15262,794,12134,16789,-3,95,62.2,47.1,No,2400,2400,0,5518,125
13:39:40.676,active,15266,606,11400,16789,0,95,60.6,47.1,No,2400,2400,0,5512,125
13:39:41.677,active,15262,714,10918,16790,0,95,61.1,47.5,No,2400,2400,0,5518,125
13:39:42.676,active,15249,804,11786,16788,0,95,61.1,48.1,No,2400,2400,0,5516,125
13:39:43.676,active,15271,742,11362,16789,-3,95,61.1,47.8,No,2400,2400,0,5528,125
13:39:44.676,active,15249,834,12558,16791,0,95,61.7,48.1,No,2400,2400,0,5537,125
13:39:45.676,active,15316,544,7774,16788,0,95,62.8,47.9,No,2400,2400,0,5524,125
13:39:46.676,active,15324,554,8488,16788,-3,95,61.7,48.0,No,2400,2400,0,5518,125
13:39:47.676,active,15311,514,8276,16787,-7,95,61.1,47.4,No,2400,2400,0,5528,125
13:39:48.676,active,15314,472,7252,16788,-4,95,61.1,47.6,No,2400,2400,0,5530,125
13:39:49.676,active,15301,424,7214,16789,-6,95,61.1,48.8,No,2400,2400,0,5535,125
13:39:50.676,active,15305,532,8178,16788,-6,95,62.8,48.9,No,2400,2400,0,5530,125
13:39:51.676,active,15299,514,8160,16788,-5,95,61.7,48.8,No,2400,2400,0,5548,125
13:39:52.676,active,15301,448,6886,16788,-4,95,61.7,48.3,No,2400,2400,0,5542,125
13:39:53.676,active,15294,570,10590,16789,-3,95,62.2,48.1,No,2400,2400,0,5545,125
13:39:54.677,active,15299,660,7522,16789,0,95,61.1,48.0,No,2400,2400,0,5557,125
13:39:55.676,active,15288,496,7620,16789,0,95,60.6,48.2,No,2400,2400,0,5551,125
13:39:56.676,active,15311,722,7426,16788,-3,95,61.1,48.9,No,2400,2400,0,5554,125
13:39:57.676,active,15337,562,8622,16789,0,95,60.6,49.5,No,2400,2400,0,5573,125
13:39:58.676,active,15341,528,7638,16790,-3,95,62.2,51.5,No,2400,2400,0,5577,125
13:39:59.676,active,15352,558,8584,16789,-5,95,62.2,48.0,No,2400,2400,0,5549,125
13:40:00.676,active,15329,506,8120,16789,-5,95,61.7,47.5,No,2400,2400,0,5547,125
13:40:01.680,active,15307,496,7620,16788,-4,95,60.6,45.7,No,2400,2400,0,5543,125
13:40:02.676,active,15271,906,7098,16789,-4,95,61.1,48.1,No,2400,2400,0,5546,125
13:40:03.676,active,15262,870,13822,16790,0,95,60.6,48.5,No,2400,2400,0,5552,125
13:40:04.676,active,15258,794,12152,16789,-6,95,61.7,50.1,No,2400,2400,0,5551,125
13:40:05.681,active,15273,858,12944,16788,-4,95,62.8,50.1,No,2400,2400,0,5558,125
13:40:06.676,active,15277,782,11980,16788,-4,95,61.7,49.7,No,2400,2400,0,5556,125
13:40:07.681,active,15290,710,11092,16788,-5,95,62.8,54.8,No,2400,2400,0,5536,125
13:40:08.676,active,15275,746,11420,16789,-4,95,62.2,51.7,No,2400,2400,0,5544,125
13:40:09.676,active,15281,744,11980,16789,-4,95,61.7,53.5,No,2400,2400,0,5554,125
13:40:10.676,active,15279,814,12462,16788,-5,95,62.8,51.4,No,2400,2400,0,5544,125
13:40:11.676,active,15344,646,9896,16788,-3,95,62.8,51.0,No,2400,2400,0,5548,125
13:40:12.677,active,15294,536,10706,16790,0,95,62.8,52.4,No,2400,2400,0,5555,125
13:40:13.676,active,15296,700,10706,16790,0,95,63.4,52.0,No,2400,2400,0,5562,125
13:40:14.680,active,15311,448,12268,16790,0,95,62.8,50.5,No,2400,2400,0,5549,125
13:40:15.676,sleep,15292,416,6366,16791,8,95,59.5,2.0,No,2400,2400,0,5599,125
13:40:16.676,sleep,15296,422,7388,16791,12,95,57.9,0.0,No,2400,2400,0,5606,125
13:40:17.676,sleep,15288,538,8256,16792,11,95,58.4,0.0,No,2400,2400,0,5607,125
13:40:18.676,sleep,15296,568,6712,16792,11,95,56.8,-0.0,No,2400,2400,0,5608,125
13:40:19.676,sleep,15281,506,7754,16792,10,95,56.8,0.0,No,2400,2400,0,5592,125
13:40:20.676,sleep,15290,346,5304,16791,11,95,55.1,0.3,No,1500,2400,0,5612,125
13:40:21.676,sleep,15286,418,6982,16792,14,95,55.1,0.0,No,1500,2400,0,5612,125
13:40:22.676,sleep,15290,410,6268,16792,14,95,55.6,0.0,No,1500,2400,0,4314,75
13:40:23.676,sleep,15290,430,5266,16793,14,95,54.5,0.0,No,1500,2400,0,3555,75
13:40:24.676,sleep,15288,520,7966,16794,13,95,54.0,0.0,No,1500,2400,0,3438,75
13:40:25.676,sleep,15288,412,6538,16793,17,95,53.5,0.0,No,1500,2400,0,3419,75
13:40:26.676,sleep,15288,436,6674,16792,11,95,53.5,-0.0,No,1500,2400,0,3412,75
13:40:27.676,sleep,15292,406,4860,16791,10,95,53.5,0.0,No,1500,2400,0,3416,75
13:40:28.676,sleep,15288,482,7388,16793,12,95,52.9,0.0,No,1500,2400,0,3414,75
13:40:29.676,sleep,15290,584,8932,16793,15,95,52.9,-0.0,No,1500,2400,0,3414,75
13:40:30.676,active,15281,830,7870,16789,0,95,56.2,54.0,No,2400,2400,0,3363,75
13:40:31.676,active,15264,870,13330,16789,-5,95,57.3,47.0,No,2400,2400,0,3354,75
13:40:32.676,active,15279,890,7716,16789,-5,95,58.4,49.4,No,2400,2400,0,3361,75
13:40:33.676,active,15316,720,11054,16788,-4,95,59.5,48.1,No,2400,2400,0,3345,75
13:40:34.680,active,15288,638,6558,16789,-6,95,59.0,49.2,No,2400,2400,0,3335,75
13:40:35.676,active,15348,496,7620,16788,-7,95,59.0,48.9,No,2400,2400,0,3330,75
13:40:36.676,active,15309,662,7176,16789,-6,95,59.0,49.0,No,2400,2400,0,3319,75
13:40:37.676,active,15281,712,9954,16788,-4,95,60.0,48.6,No,2400,2400,0,3314,75
13:40:38.676,active,15260,914,14004,16789,-4,95,60.6,50.0,No,2400,2400,0,3534,125
13:40:39.676,active,15281,700,11748,16790,-4,95,61.1,49.8,No,2400,2400,0,5290,125
13:40:40.680,active,15277,770,11786,16788,-7,95,62.8,49.0,No,2400,2400,0,5440,125
13:40:41.680,active,15301,662,12828,16787,-9,95,59.5,47.4,No,2400,2400,0,5448,125
13:40:42.676,active,15283,796,12210,16788,-9,95,60.0,48.0,No,2400,2400,0,5441,125
13:40:43.676,active,15264,872,12790,16788,-10,95,59.5,48.5,No,2400,2400,0,5436,125
13:40:44.676,active,15281,788,12076,16788,-5,95,60.6,50.3,No,2400,2400,0,5451,125
13:40:45.676,active,15283,824,12636,16787,-12,95,60.6,49.6,No,2400,2400,0,5454,125
13:40:46.676,active,15301,496,10784,16788,-4,95,62.2,49.3,No,2400,2400,0,5460,125
13:40:47.676,active,15301,530,8140,16788,-8,95,61.7,48.4,No,2400,2400,0,5474,125
13:40:48.681,active,15305,530,10378,16788,-8,95,61.7,47.6,No,2400,2400,0,5452,125
13:40:49.676,active,15279,522,7986,16788,-8,95,61.1,47.8,No,2400,2400,0,5467,125
13:40:50.676,active,15301,516,12056,16788,-9,95,60.6,47.6,No,2400,2400,0,5474,125
13:40:51.676,active,15277,678,10378,16788,-6,95,60.6,47.6,No,2400,2400,0,5482,125
13:40:52.676,active,15275,790,13542,16788,-4,95,61.1,47.9,No,2400,2400,0,5475,125
13:40:53.676,active,15262,736,11246,16789,0,95,61.7,48.4,No,2400,2400,0,5483,125
13:40:54.676,active,15249,742,11362,16788,-4,95,61.7,47.0,No,2400,2400,0,5480,125
13:40:55.676,active,15329,550,7368,16789,-4,95,61.1,47.8,No,2400,2400,0,5497,125
13:40:56.680,active,15316,472,7234,16789,-3,95,60.6,46.9,No,2400,2400,0,5497,125
13:40:57.676,active,15318,504,6964,16788,-4,95,60.6,48.0,No,2400,2400,0,5481,125
13:40:58.676,active,15301,560,8584,16789,-4,95,60.6,49.2,No,2400,2400,0,5493,125
13:40:59.676,active,15314,486,7466,16790,0,95,61.1,48.9,No,2400,2400,0,5493,125
13:41:00.676,active,15301,410,6288,16790,0,95,61.7,49.2,No,2400,2400,0,5502,125
13:41:01.676,active,15307,436,6694,16790,4,95,61.7,48.3,No,2400,2400,0,5505,125
13:41:02.676,active,15301,508,6512,16789,3,95,61.1,48.0,No,2400,2400,0,5506,125
13:41:03.680,active,15301,674,7504,16790,0,95,61.1,48.7,No,2400,2400,0,5500,125
13:41:04.676,active,15283,640,9818,16789,0,95,60.6,48.6,No,2400,2400,0,5499,125
13:41:05.676,active,15309,670,10282,16789,0,95,60.6,49.3,No,2400,2400,0,5515,125
13:41:06.676,active,15314,554,8506,16789,0,95,60.6,48.9,No,2400,2400,0,5529,125
13:41:07.676,active,15324,446,6866,16789,0,95,61.7,52.2,No,2400,2400,0,5525,125
13:41:08.676,active,15283,872,13350,16789,0,95,62.8,47.1,No,2400,2400,0,5530,125
13:41:09.676,active,15350,576,8874,16789,0,95,62.2,47.4,No,2400,2400,0,5519,125
13:41:10.679,active,15286,482,7408,16790,0,95,61.7,49.7,No,2400,2400,0,5531,125
13:41:11.676,active,15337,448,6906,16789,-6,95,61.1,48.0,No,2400,2400,0,5526,125
13:41:12.676,active,15277,682,10436,16789,0,95,61.1,51.5,No,2400,2400,0,5518,125
13:41:13.676,active,15283,662,11748,16789,0,95,61.7,47.6,No,2400,2400,0,5524,125
13:41:14.676,active,15275,776,11882,16789,0,95,62.2,48.6,No,2400,2400,0,5531,125
13:41:15.676,active,15256,778,10918,16790,-4,95,62.2,51.6,No,2400,2400,0,5529,125
13:41:16.676,active,15268,792,12114,16790,-6,95,61.7,52.3,No,2400,2400,0,5534,125
13:41:17.676,active,15279,764,11362,16789,0,95,62.2,49.0,No,2400,2400,0,5515,125
13:41:18.676,active,15281,732,11208,16789,-3,95,62.2,52.8,No,2400,2400,0,5518,125
13:41:19.676,active,15268,842,12906,16788,-6,95,62.8,51.1,No,2400,2400,0,5528,125
13:41:20.676,active,15292,714,10956,16788,-4,95,62.2,53.0,No,2400,2400,0,5534,125
13:41:21.676,active,15301,530,8140,16788,-3,95,62.8,50.8,No,2400,2400,0,5533,125
13:41:22.677,active,15303,544,9162,16788,-3,95,63.4,51.4,No,2400,2400,0,5544,125
13:41:23.676,active,15314,394,6056,16788,0,95,62.8,49.7,No,2400,2400,0,5538,125
13:41:24.676,active,15316,510,7812,16789,0,95,61.1,47.0,No,2400,2400,0,5546,125
13:41:25.676,active,15286,536,8218,16790,0,95,61.1,48.1,No,2400,2400,0,5540,125
13:41:26.676,active,15307,666,10186,16788,-4,95,61.7,48.1,No,2400,2400,0,5545,125
13:41:27.676,active,15286,706,10822,16788,-6,95,62.8,48.2,No,2400,2400,0,5538,125
13:41:28.676,active,15273,728,11130,16788,-11,95,62.2,47.8,No,2400,2400,0,5541,125
13:41:29.676,active,15309,606,7484,16788,-6,95,61.1,48.2,No,2400,2400,0,5537,125
13:41:30.676,sleep,15294,562,8604,16790,3,95,58.4,5.0,No,2400,2400,0,5578,125
13:41:31.676,sleep,15296,670,8294,16792,8,95,58.4,0.0,No,2400,2400,0,5575,125
13:41:32.676,sleep,15299,542,8314,16792,8,95,57.3,0.0,No,2400,2400,0,5580,125
13:41:33.676,sleep,15292,494,7562,16791,11,95,56.2,0.0,No,2400,2400,0,5582,125
13:41:34.676,sleep,15292,452,6944,16791,9,95,56.8,-0.0,No,2400,2400,0,5582,125
13:41:35.676,sleep,15294,532,8160,16793,11,95,56.8,0.0,No,1500,2400,0,5594,125
13:41:36.676,sleep,15286,522,8006,16792,13,95,55.1,0.0,No,1500,2400,0,3960,75
13:41:37.676,sleep,15288,402,6172,16793,17,95,54.0,0.0,No,1500,2400,0,3506,75
13:41:38.676,sleep,15286,396,7850,16792,16,95,54.0,0.3,No,1500,2400,0,3434,75
13:41:39.676,sleep,15288,378,5786,16792,15,95,53.5,0.0,No,1500,2400,0,3418,75
13:41:40.676,sleep,15288,340,6250,16792,14,95,54.5,0.0,No,1500,2400,0,3418,75
13:41:41.676,sleep,15294,416,6384,16793,13,95,53.5,0.0,No,1500,2400,0,3408,75
13:41:42.676,sleep,15292,526,8064,16793,16,95,52.9,-0.0,No,1500,2400,0,3392,75
13:41:43.676,sleep,15292,518,7928,16792,11,95,53.5,0.0,No,1500,2400,0,3376,75
13:41:44.676,sleep,15292,350,5362,16792,12,95,52.4,-0.0,No,1500,2400,0,3382,75
13:41:45.676,active,15346,514,7908,16791,0,95,55.6,51.0,No,2400,2400,0,3352,75
13:41:46.676,active,15275,560,8584,16789,0,95,56.8,49.1,No,2400,2400,0,3342,75
13:41:47.676,active,15253,682,9028,16789,-4,95,57.9,49.6,No,2400,2400,0,3328,75
13:41:48.676,active,15245,760,11612,16789,0,95,59.0,49.4,No,2400,2400,0,3337,75
13:41:49.676,active,15247,704,10532,16789,0,95,58.4,48.2,No,2400,2400,0,3337,75
13:41:50.681,active,15277,688,10532,16790,-3,95,59.5,48.6,No,2400,2400,0,3311,75
13:41:51.680,active,15260,604,10842,16788,-3,95,59.5,47.7,No,2400,2400,0,3305,75
13:41:52.676,active,15266,720,11034,16789,0,95,59.0,47.7,No,2400,2400,0,3284,75
13:41:53.676,active,15266,784,11998,16789,-4,95,59.5,48.1,No,2400,2400,0,3279,75
13:41:54.676,active,15258,906,13870,16789,0,95,60.0,48.5,No,2400,2400,0,4319,125
13:41:55.676,active,15335,812,12442,16790,0,95,60.6,49.5,No,2400,2400,0,5348,125
13:41:56.676,active,15311,496,7060,16789,-5,95,60.6,48.7,No,2400,2400,0,5424,125
13:41:57.676,active,15307,528,8102,16788,-8,95,61.7,48.9,No,2400,2400,0,5425,125
13:41:58.676,active,15307,524,9626,16788,-7,95,60.0,47.5,No,2400,2400,0,5422,125
13:41:59.676,active,15307,562,8622,16789,-6,95,60.6,47.7,No,2400,2400,0,5433,125
13:42:00.676,active,15301,452,10030,16788,-5,95,60.6,48.0,No,2400,2400,0,5425,125
13:42:01.676,active,15273,654,10012,16789,-6,95,61.7,49.4,No,2400,2400,0,5435,125
13:42:02.676,active,15299,520,11980,16789,0,95,60.6,48.5,No,2400,2400,0,5436,125
13:42:03.676,active,15275,682,10456,16788,-4,95,61.1,47.0,No,2400,2400,0,5441,125
13:42:04.676,active,15314,466,7176,16789,-4,95,60.0,47.2,No,2400,2400,0,5430,125
13:42:05.680,active,15307,526,7928,16789,-4,95,61.7,48.5,No,2400,2400,0,5436,125
13:42:06.676,active,15333,518,7948,16790,0,95,61.1,47.4,No,2400,2400,0,5458,125
13:42:07.676,active,15335,472,7908,16788,0,95,60.6,49.2,No,2400,2400,0,5460,125
13:42:08.676,active,15322,502,7696,16788,0,95,61.1,48.9,No,2400,2400,0,5464,125
13:42:09.676,active,15322,520,7040,16789,-4,95,62.2,48.9,No,2400,2400,0,5471,125
13:42:10.676,active,15341,540,8314,16790,-3,95,61.7,48.4,No,2400,2400,0,5464,125
13:42:11.676,active,15314,410,6288,16790,-3,95,61.1,47.7,No,2400,2400,0,5467,125
13:42:12.681,active,15305,568,8738,16789,0,95,60.6,48.6,No,2400,2400,0,5488,125
13:42:13.676,active,15279,830,12712,16788,0,95,59.5,47.8,No,2400,2400,0,5478,125
13:42:14.676,active,15277,846,14160,16788,0,95,60.6,48.7,No,2400,2400,0,5485,125
13:42:15.676,active,15281,828,12694,16789,-3,95,61.1,49.4,No,2400,2400,0,5480,125
13:42:16.676,active,15275,854,9588,16788,-5,95,61.7,52.3,No,2400,2400,0,5494,125
13:42:17.676,active,15281,756,11594,16788,-4,95,61.1,46.1,No,2400,2400,0,5491,125
13:42:18.676,active,15281,744,11284,16789,-4,95,60.6,48.4,No,2400,2400,0,5498,125
13:42:19.676,active,15279,846,12944,16788,-4,95,60.6,47.2,No,2400,2400,0,5488,125
13:42:20.676,active,15305,446,6866,16788,-6,95,60.6,49.6,No,2400,2400,0,5498,125
13:42:21.676,active,15307,592,9104,16788,-9,95,60.6,49.7,No,2400,2400,0,5502,125
13:42:22.676,active,15230,860,13136,16788,-5,95,61.1,49.9,No,2400,2400,0,5501,125
13:42:23.676,active,15316,974,12866,16788,0,95,62.8,50.3,No,2400,2400,0,5497,125
13:42:24.677,active,15268,720,11014,16788,0,95,61.7,46.9,No,2400,2400,0,5514,125
13:42:25.677,active,15288,778,11922,16789,0,95,62.2,52.5,No,2400,2400,0,5510,125
13:42:26.679,active,15251,816,12480,16789,-4,95,61.1,51.5,No,2400,2400,0,5501,125
13:42:27.676,active,15271,624,9568,16788,-4,95,61.7,51.1,No,2400,2400,0,5516,125
13:42:28.676,active,15281,706,10822,16788,-3,95,61.7,53.7,No,2400,2400,0,5514,125
13:42:29.676,active,15268,736,11266,16787,-5,95,61.1,50.9,No,2400,2400,0,5519,125
13:42:30.676,active,15322,460,7812,16789,-3,95,62.2,51.1,No,2400,2400,0,5508,125
13:42:31.676,active,15303,466,7156,16788,-4,95,62.2,50.9,No,2400,2400,0,5514,125
13:42:32.676,active,15333,510,7080,16788,-4,95,61.1,49.0,No,2400,2400,0,5517,125
13:42:33.676,active,15301,490,7522,16788,-5,95,60.6,44.5,No,2400,2400,0,5527,125
13:42:34.676,active,15316,576,8854,16788,0,95,61.7,48.6,No,2400,2400,0,5527,125
13:42:35.676,active,15303,508,7812,16790,0,95,62.2,48.7,No,2400,2400,0,5520,125
13:42:36.676,active,15311,682,10436,16790,5,95,62.8,49.0,No,2400,2400,0,5541,125
13:42:37.676,active,15305,540,8294,16789,0,95,61.7,48.2,No,2400,2400,0,5540,125
13:42:38.680,active,15307,712,10880,16788,0,95,61.7,49.1,No,2400,2400,0,5530,125
13:42:39.676,active,15279,834,11054,16789,0,95,61.1,48.8,No,2400,2400,0,5538,125
13:42:40.676,active,15318,734,11266,16789,0,95,61.1,48.5,No,2400,2400,0,5530,125
13:42:41.676,active,15286,780,7638,16788,0,95,61.1,48.2,No,2400,2400,0,5521,125
13:42:42.676,active,15326,446,6848,16787,-4,95,61.1,46.0,No,2400,2400,0,5519,125
13:42:43.676,active,15352,466,8662,16788,-3,95,61.7,46.2,No,2400,2400,0,5533,125
13:42:44.676,active,15333,532,8198,16789,-4,95,62.2,45.8,No,2400,2400,0,5541,125
13:42:45.676,sleep,15288,520,8218,16791,8,95,58.4,7.5,No,2400,2400,0,5571,125
13:42:46.676,sleep,15294,436,6694,16790,7,95,57.9,0.0,No,2400,2400,0,5568,125
13:42:47.676,sleep,15299,456,8198,16791,12,95,57.9,-0.0,No,2400,2400,0,5573,125
13:42:48.676,sleep,15290,450,6906,16791,9,95,56.8,0.0,No,2400,2400,0,5555,125
13:42:49.676,sleep,15288,510,7812,16791,7,95,56.2,-0.0,No,2400,2400,0,5564,125
13:42:50.676,sleep,15292,490,7248,16793,10,95,56.2,0.0,No,1500,2400,0,5579,125
13:42:51.676,sleep,15286,366,5612,16792,10,95,55.1,0.0,No,1500,2400,0,5575,125
13:42:52.676,sleep,15292,524,7426,16791,13,95,54.5,-0.0,No,1500,2400,0,5582,75
13:42:53.676,sleep,15290,406,6230,16792,12,95,53.5,0.0,No,1500,2400,0,3779,75
13:42:54.676,sleep,15286,422,8256,16792,13,95,54.0,0.2,No,1500,2400,0,3468,75
13:42:55.676,sleep,15290,370,5690,16791,9,95,54.0,0.0,No,1500,2400,0,3423,75
13:42:56.676,sleep,15296,346,3896,16792,9,95,53.5,-0.0,No,1500,2400,0,3397,75
13:42:57.676,sleep,15292,310,4764,16791,10,95,52.9,-0.0,No,1500,2400,0,3387,75
13:42:58.676,sleep,15292,184,2834,16792,11,95,52.4,0.0,No,1500,2400,0,3390,75
13:42:59.676,sleep,15290,316,7658,16791,10,95,52.4,-0.0,No,1500,2400,0,3384,75
13:43:00.677,active,15286,794,12134,16789,-3,95,56.2,48.7,No,2400,2400,0,3363,75
13:43:01.676,active,15279,632,10552,16788,-8,95,56.8,48.4,No,2400,2400,0,3360,75
13:43:02.676,active,15258,670,10262,16788,-8,95,57.3,48.5,No,2400,2400,0,3338,75
13:43:03.676,active,15256,716,8294,16789,-6,95,59.0,48.8,No,2400,2400,0,3331,75
13:43:04.676,active,15264,798,12210,16789,-4,95,59.0,48.7,No,2400,2400,0,3342,75
13:43:05.680,active,15221,866,13406,16788,-9,95,59.5,48.5,No,2400,2400,0,3319,75
13:43:06.676,active,15324,520,7986,16788,-7,95,59.0,46.7,No,2400,2400,0,3311,75
13:43:07.676,active,15337,514,7908,16788,-8,95,59.5,48.4,No,2400,2400,0,3306,75
13:43:08.676,active,15331,538,7488,16788,-4,95,59.5,47.9,No,2400,2400,0,4888,125
13:43:09.676,active,15314,444,6828,16788,-8,95,60.6,48.1,No,2400,2400,0,5411,125
13:43:10.676,active,15316,502,6828,16789,-4,95,61.1,48.7,No,2400,2400,0,5440,125
13:43:11.676,active,15314,530,8120,16789,-5,95,61.1,47.6,No,2400,2400,0,5443,125
13:43:12.681,active,15311,490,8064,16788,-3,95,60.6,47.6,No,2400,2400,0,5441,125
13:43:13.676,active,15303,530,8140,16789,0,95,60.0,49.1,No,2400,2400,0,5436,125
13:43:14.677,active,15281,784,12018,16789,0,95,60.6,47.6,No,2400,2400,0,5446,125
13:43:15.676,active,15318,764,11748,16790,0,95,60.6,47.9,No,2400,2400,0,5454,125
13:43:16.676,active,15283,530,8140,16789,0,95,60.0,49.3,No,2400,2400,0,5459,125
13:43:17.676,active,15307,688,8488,16789,0,95,60.0,48.7,No,2400,2400,0,5465,125
13:43:18.676,active,15281,440,6770,16789,0,95,61.1,48.9,No,2400,2400,0,5467,125
13:43:19.676,active,15359,500,8718,16789,0,95,61.7,48.1,No,2400,2400,0,5466,125
13:43:20.676,active,15311,546,8392,16790,0,95,60.6,48.2,No,2400,2400,0,5471,125
13:43:21.683,active,15346,532,9374,16790,3,95,60.0,48.2,No,2400,2400,0,5471,125
13:43:22.676,active,15314,510,7832,16790,3,95,60.0,48.3,No,2400,2400,0,5466,125
13:43:23.676,active,15236,858,13136,16790,0,95,60.6,49.2,No,2400,2400,0,5484,125
13:43:24.676,active,15253,772,12062,16789,0,95,60.6,48.7,No,2400,2400,0,5479,125
13:43:25.676,active,15249,828,12674,16789,0,95,61.7,53.2,No,2400,2400,0,5485,125
13:43:26.682,active,15266,922,14758,16790,0,95,60.6,46.9,No,2400,2400,0,5490,125
13:43:27.676,active,15260,802,12308,16789,0,95,60.6,46.4,No,2400,2400,0,5487,125
13:43:28.676,active,15262,782,12326,16788,0,95,60.0,47.2,No,2400,2400,0,5487,125
13:43:29.676,active,15279,778,11940,16788,-3,95,60.0,46.7,No,2400,2400,0,5483,125
13:43:30.676,active,15277,876,11382,16790,0,95,61.1,50.1,No,2400,2400,0,5501,125
13:43:31.676,active,15299,464,7118,16788,0,95,62.2,47.0,No,2400,2400,0,5499,125
13:43:32.676,active,15316,464,7118,16788,-5,95,61.1,50.3,No,2400,2400,0,5503,125
13:43:33.676,active,15303,544,7584,16789,0,95,61.7,49.4,No,2400,2400,0,5506,125
13:43:34.680,active,15305,616,9452,16788,-5,95,61.1,51.9,No,2400,2400,0,5518,125
13:43:35.679,active,15303,460,11324,16789,-3,95,61.1,52.8,No,2400,2400,0,5497,125
13:43:36.676,active,15307,684,10474,16788,0,95,61.7,50.9,No,2400,2400,0,5512,125
13:43:37.676,active,15271,626,8584,16788,0,95,61.1,53.5,No,2400,2400,0,5505,125
13:43:38.676,active,15256,604,9240,16789,0,95,61.7,50.4,No,2400,2400,0,5515,125
13:43:39.681,active,15275,786,12134,16790,4,95,62.2,51.4,No,2400,2400,0,5513,125
13:43:40.680,active,15354,748,11440,16790,0,95,62.2,53.3,No,2400,2400,0,5511,125
13:43:41.676,active,15320,480,7368,16789,3,95,61.7,50.8,No,2400,2400,0,5494,125
13:43:42.676,active,15341,574,7554,16789,3,95,61.1,46.4,No,2400,2400,0,5512,125
13:43:43.676,active,15309,462,7098,16789,3,95,61.1,48.5,No,2400,2400,0,5511,125
13:43:44.676,active,15352,616,7966,16791,4,95,61.1,48.2,No,2400,2400,0,5522,125
13:43:45.676,active,15350,476,7310,16791,5,95,61.7,48.2,No,2400,2400,0,5530,125
13:43:46.676,active,15326,486,7716,16789,0,95,62.2,48.3,No,2400,2400,0,5533,125
13:43:47.676,active,15350,452,6944,16789,0,95,60.6,47.1,No,2400,2400,0,5539,125
13:43:48.676,active,15318,578,8372,16789,0,95,61.1,48.1,No,2400,2400,0,5542,125
13:43:49.676,active,15279,826,12654,16789,0,95,61.7,47.2,No,2400,2400,0,5527,125
13:43:50.676,active,15266,778,11940,16790,4,95,61.7,49.9,No,2400,2400,0,5530,125
13:43:51.676,active,15262,834,12752,16790,4,95,62.2,49.0,No,2400,2400,0,5516,125
13:43:52.676,active,15266,850,13022,16790,4,95,62.2,47.6,No,2400,2400,0,5537,125
13:43:53.676,active,15279,882,11200,16790,4,95,60.6,45.6,No,2400,2400,0,5541,125
13:43:54.682,active,15283,660,10128,16790,3,95,61.7,45.9,No,2400,2400,0,5533,125
13:43:55.678,active,15279,866,10744,16790,4,95,61.7,45.6,No,2400,2400,0,5534,125
13:43:56.676,active,15281,742,11382,16790,4,95,61.1,45.8,No,2400,2400,0,5531,125
13:43:57.676,active,15288,774,8700,16790,6,95,61.1,46.0,No,2400,2400,0,5537,125
13:43:58.676,active,15247,670,10244,16789,3,95,61.7,47.3,No,2400,2400,0,5537,125
13:43:59.677,active,15279,876,13406,16791,3,95,61.7,48.3,No,2400,2400,0,5541,125
13:44:00.676,sleep,15292,442,6770,16793,14,95,60.0,11.3,No,2400,2400,0,5576,125
13:44:01.676,sleep,15299,494,7562,16793,14,95,57.9,0.0,No,2400,2400,0,5581,125
13:44:02.676,sleep,15292,496,7620,16792,13,95,57.3,0.0,No,2400,2400,0,5583,125
13:44:03.676,sleep,15292,488,7484,16791,15,95,56.8,0.0,No,2400,2400,0,5584,125
13:44:04.676,sleep,15286,474,7252,16792,11,95,56.2,-0.0,No,2400,2400,0,5582,125
13:44:05.676,sleep,15288,494,7562,16793,14,95,54.5,-0.0,No,1500,2400,0,5588,125
13:44:06.676,sleep,15292,480,6088,16793,18,95,54.5,-0.0,No,1500,2400,0,5588,125
13:44:07.676,sleep,15292,532,8178,16792,17,95,54.5,0.0,No,1500,2400,0,4909,75
13:44:08.676,sleep,15290,332,6500,16792,17,95,54.0,0.0,No,1500,2400,0,3648,75
13:44:09.676,sleep,15299,506,7754,16792,16,95,53.5,0.0,No,1500,2400,0,3436,75
13:44:10.676,sleep,15286,468,5690,16793,15,95,52.9,0.0,No,1500,2400,0,3411,75
13:44:11.676,sleep,15286,500,7658,16793,20,95,52.4,0.3,No,1500,2400,0,3410,75
13:44:12.676,sleep,15290,342,5246,16792,16,95,52.9,-0.0,No,1500,2400,0,3407,75
13:44:13.676,sleep,15294,356,5458,16793,16,95,52.9,-0.0,No,1500,2400,0,3399,75
13:44:14.676,sleep,15292,584,8950,16792,12,95,52.4,0.0,No,1500,2400,0,3390,75
13:44:15.676,active,15299,630,6982,16789,0,95,55.6,46.7,No,2400,2400,0,3356,75
13:44:16.676,active,15311,686,10532,16789,-4,95,55.6,49.2,No,2400,2400,0,3348,75
13:44:17.676,active,15318,684,6596,16788,-5,95,57.3,47.7,No,2400,2400,0,3344,75
13:44:18.676,active,15339,468,7194,16789,-6,95,57.9,48.0,No,2400,2400,0,3319,75
13:44:19.676,active,15305,540,7252,16789,-3,95,57.3,48.4,No,2400,2400,0,3322,75
13:44:20.676,active,15326,458,7040,16788,-5,95,60.0,48.0,No,2400,2400,0,3308,75
13:44:21.676,active,15324,738,8564,16790,0,95,59.5,48.2,No,2400,2400,0,3302,75
13:44:22.676,active,15318,502,7716,16790,0,95,59.0,46.3,No,2400,2400,0,3291,75
13:44:23.677,active,15352,528,8120,16790,0,95,59.5,47.0,No,2400,2400,0,3295,75
13:44:24.676,active,15251,736,11960,16790,4,95,59.5,47.6,No,2400,2400,0,3290,75
13:44:25.676,active,15275,830,12712,16790,0,95,59.5,49.3,No,2400,2400,0,3275,75
13:44:26.676,active,15264,882,13272,16789,0,95,60.6,49.0,No,2400,2400,0,5076,125
13:44:27.676,active,15279,802,12308,16789,0,95,59.5,48.1,No,2400,2400,0,5397,125
13:44:28.676,active,15279,844,13734,16790,0,95,60.6,48.3,No,2400,2400,0,5436,125
13:44:29.676,active,15288,936,14332,16790,0,95,60.0,48.2,No,2400,2400,0,5422,125
13:44:30.683,active,15286,842,11440,16790,3,95,60.0,48.5,No,2400,2400,0,5421,125
13:44:31.676,active,15281,744,11420,16788,0,95,60.0,48.1,No,2400,2400,0,5415,125
13:44:32.676,active,15288,882,7774,16789,-3,95,60.6,48.9,No,2400,2400,0,5421,125
13:44:33.676,active,15305,462,7080,16790,0,95,60.6,49.4,No,2400,2400,0,5424,125
13:44:34.676,active,15301,632,9684,16790,0,95,60.6,49.2,No,2400,2400,0,5442,125
13:44:35.676,active,15299,518,12812,16789,0,95,61.1,49.0,No,2400,2400,0,5440,125
13:44:36.676,active,15299,792,12096,16790,0,95,60.0,45.2,No,2400,2400,0,5445,125
13:44:37.676,active,15299,564,11960,16790,0,95,60.6,49.0,No,2400,2400,0,5445,125
13:44:38.676,active,15266,680,10398,16791,0,95,60.6,50.4,No,2400,2400,0,5451,125
13:44:39.676,active,15277,576,13678,16790,0,95,60.0,46.4,No,2400,2400,0,5463,125
13:44:40.680,active,15260,788,12076,16789,0,95,61.1,48.6,No,2400,2400,0,5469,125
13:44:41.676,active,15260,726,11612,16789,0,95,61.1,49.6,No,2400,2400,0,5459,125
13:44:42.676,active,15303,496,8388,16790,0,95,61.7,50.5,No,2400,2400,0,5465,125
13:44:43.677,active,15331,522,8006,16790,0,95,61.1,45.2,No,2400,2400,0,5472,125
13:44:44.676,active,15333,464,7638,16790,0,95,60.6,54.6,No,2400,2400,0,5471,125
13:44:45.676,active,15354,528,8102,16788,-3,95,60.6,52.4,No,2400,2400,0,5473,125
13:44:46.676,active,15326,508,8082,16788,-7,95,61.7,52.1,No,2400,2400,0,5488,125
13:44:47.676,active,15309,522,8024,16788,-8,95,61.7,51.7,No,2400,2400,0,5486,125
13:44:48.676,active,15307,542,7658,16788,-8,95,61.7,50.6,No,2400,2400,0,5500,125
13:44:49.676,active,15299,440,6752,16789,-6,95,61.1,52.5,No,2400,2400,0,5495,125
13:44:50.680,active,15268,804,7350,16788,-3,95,61.1,51.3,No,2400,2400,0,5500,125
13:44:51.676,active,15277,810,9588,16788,0,95,61.1,49.4,No,2400,2400,0,5493,125
13:44:52.676,active,15273,896,13754,16789,0,95,61.1,45.6,No,2400,2400,0,5494,125
13:44:53.676,active,15277,740,10320,16790,0,95,61.1,48.8,No,2400,2400,0,5490,125
13:44:54.677,active,15275,808,12366,16790,0,95,62.2,49.5,No,2400,2400,0,5497,125
13:44:55.676,active,15281,890,7098,16789,-4,95,61.7,46.8,No,2400,2400,0,5500,125
13:44:56.676,active,15316,674,10358,16788,0,95,60.6,48.8,No,2400,2400,0,5503,125
13:44:57.680,active,15311,660,7716,16789,0,95,61.7,48.7,No,2400,2400,0,5509,125
13:44:58.676,active,15305,506,7754,16789,0,95,62.2,48.7,No,2400,2400,0,5504,125
13:44:59.676,active,15279,756,11574,16789,0,95,60.6,49.6,No,2400,2400,0,5513,125
13:45:00.676,active,15283,728,13198,16789,0,95,62.2,49.0,No,2400,2400,0,5505,125
13:45:01.676,active,15247,608,9336,16789,0,95,61.7,49.5,No,2400,2400,0,5519,125
13:45:02.676,active,15271,654,12558,16789,-3,95,60.6,46.8,No,2400,2400,0,5526,125
13:45:03.679,active,15253,514,7870,16789,0,95,61.7,46.1,No,2400,2400,0,5520,125
13:45:04.677,active,15307,548,13368,16789,0,95,61.7,45.8,No,2400,2400,0,5526,125
13:45:05.676,active,15271,864,13234,16789,4,95,61.7,47.0,No,2400,2400,0,5528,125
13:45:06.676,active,15294,710,12694,16789,3,95,61.1,46.5,No,2400,2400,0,5519,125
13:45:07.676,active,15266,800,12230,16790,0,95,62.2,47.0,No,2400,2400,0,5536,125
13:45:08.679,active,15316,526,8082,16790,5,95,61.7,46.5,No,2400,2400,0,5520,125
13:45:09.676,active,15309,458,7022,16789,0,95,62.8,50.6,No,2400,2400,0,5525,125
13:45:10.678,active,15333,526,8064,16789,0,95,62.2,51.5,No,2400,2400,0,5526,125
13:45:11.679,active,15296,482,7388,16790,0,95,61.7,49.5,No,2400,2400,0,5518,125
13:45:12.676,active,15309,538,8256,16790,4,95,61.1,48.0,No,2400,2400,0,5538,125
13:45:13.676,active,15290,504,11320,16790,4,95,61.1,49.0,No,2400,2400,0,5527,125
13:45:14.676,active,15301,614,9414,16789,0,95,62.2,48.6,No,2400,2400,0,5525,125
13:45:15.676,sleep,15301,440,7638,16791,8,95,58.4,13.1,No,2400,2400,0,5574,125
13:45:16.676,sleep,15296,530,8140,16791,7,95,59.0,0.0,No,2400,2400,0,5571,125
13:45:17.676,sleep,15292,562,8604,16792,7,95,57.9,0.0,No,2400,2400,0,5576,125
13:45:18.676,sleep,15299,510,7812,16792,9,95,56.8,-0.0,No,2400,2400,0,5575,125
13:45:19.676,sleep,15290,464,7118,16790,7,95,57.3,0.0,No,2400,2400,0,5576,125
13:45:20.676,sleep,15294,496,7620,16792,9,95,55.1,0.0,No,1500,2400,0,5582,125
13:45:21.676,sleep,15294,464,7138,16791,9,95,55.1,-0.0,No,1500,2400,0,5592,125
13:45:22.676,sleep,15294,306,7522,16791,11,95,55.1,0.5,No,1500,2400,0,4346,75
13:45:23.676,sleep,15292,522,8006,16792,10,95,54.0,-0.0,No,1500,2400,0,3556,75
13:45:24.676,sleep,15290,550,5884,16791,11,95,54.5,0.0,No,1500,2400,0,3432,75
13:45:25.676,sleep,15290,414,6404,16792,12,95,53.5,0.0,No,1500,2400,0,3405,75
13:45:26.676,sleep,15288,398,6114,16792,13,95,53.5,0.0,No,1500,2400,0,3393,75
13:45:27.676,sleep,15290,492,7542,16792,9,95,53.5,0.3,No,1500,2400,0,3395,75
13:45:28.676,sleep,15290,352,5382,16793,15,95,52.4,0.0,No,1500,2400,0,3390,75
13:45:29.676,sleep,15290,406,3434,16792,15,95,52.9,-0.0,No,1500,2400,0,3387,75
13:45:30.676,active,15281,648,9934,16788,0,95,55.6,44.9,No,2400,2400,0,3346,75
13:45:31.677,active,15283,796,7330,16789,-4,95,57.3,46.0,No,2400,2400,0,3351,75
13:45:32.676,active,15279,474,7292,16790,-4,95,56.8,47.5,No,2400,2400,0,3335,75
13:45:33.676,active,15309,630,7812,16790,0,95,57.3,47.4,No,2400,2400,0,3331,75
13:45:34.676,active,15268,534,8198,16790,0,95,58.4,47.7,No,2400,2400,0,3323,75
13:45:35.676,active,15283,820,12538,16789,-4,95,59.5,48.9,No,2400,2400,0,3322,75
13:45:36.676,active,15253,778,11902,16789,-4,95,61.1,48.3,No,2400,2400,0,3317,75
13:45:37.676,active,15281,794,12152,16789,-3,95,59.5,48.2,No,2400,2400,0,3317,75
13:45:38.676,active,15236,812,12404,16789,0,95,59.5,48.0,No,2400,2400,0,3477,125
13:45:39.676,active,15243,856,13098,16788,-5,95,59.0,48.0,No,2400,2400,0,5281,125
13:45:40.676,active,15256,802,13312,16788,-6,95,59.5,48.6,No,2400,2400,0,5424,125
13:45:41.676,active,15243,872,13350,16788,-4,95,59.0,48.7,No,2400,2400,0,5433,125
13:45:42.676,active,15273,808,12326,16789,0,95,60.6,48.8,No,2400,2400,0,5431,125
13:45:43.676,active,15307,478,7330,16790,0,95,60.6,49.3,No,2400,2400,0,5430,125
13:45:44.676,active,15329,526,8082,16788,0,95,60.0,54.9,No,2400,2400,0,5434,125
13:45:45.677,active,15309,568,8718,16788,-5,95,59.5,45.8,No,2400,2400,0,5435,125
13:45:46.676,active,15314,526,8082,16788,-8,95,59.5,46.5,No,2400,2400,0,5430,125
13:45:47.676,active,15307,506,7774,16788,-9,95,60.6,50.0,No,2400,2400,0,5437,125
13:45:48.676,active,15350,502,7716,16789,-6,95,60.6,51.3,No,2400,2400,0,5441,125
13:45:49.676,active,15303,550,8942,16789,-3,95,61.1,48.4,No,2400,2400,0,5453,125
13:45:50.676,active,15307,668,10262,16789,-5,95,61.1,48.9,No,2400,2400,0,5463,125
13:45:51.681,active,15314,492,11612,16789,0,95,61.1,50.2,No,2400,2400,0,5464,125
13:45:52.676,active,15331,512,7870,16788,-5,95,60.0,47.8,No,2400,2400,0,5455,125
13:45:53.676,active,15301,690,10590,16788,0,95,60.0,53.9,No,2400,2400,0,5460,125
13:45:54.676,active,15301,660,10128,16788,0,95,61.7,53.4,No,2400,2400,0,5461,125
13:45:55.676,active,15311,506,7792,16787,-6,95,61.7,52.9,No,2400,2400,0,5474,125
13:45:56.677,active,15296,844,10620,16788,-4,95,62.2,52.9,No,2400,2400,0,5478,125
13:45:57.676,active,15283,486,7484,16788,-7,95,62.8,52.8,No,2400,2400,0,5486,125
13:45:58.678,active,15350,456,7272,16789,-5,95,61.1,49.9,No,2400,2400,0,5488,125
13:45:59.680,active,15352,540,8294,16789,-3,95,61.1,49.7,No,2400,2400,0,5479,125
13:46:00.676,active,15275,908,13890,16789,0,95,61.1,50.0,No,2400,2400,0,5486,125
13:46:01.676,active,15266,762,11670,16789,0,95,60.6,47.5,No,2400,2400,0,5509,125
13:46:02.676,active,15258,828,12674,16789,0,95,61.7,47.4,No,2400,2400,0,5502,125
13:46:03.676,active,15273,818,12520,16788,0,95,61.7,48.7,No,2400,2400,0,5492,125
13:46:04.677,active,15307,836,12808,16787,-5,95,61.7,48.3,No,2400,2400,0,5495,125
13:46:05.676,active,15271,846,12944,16789,-4,95,61.7,48.5,No,2400,2400,0,5500,125
13:46:06.676,active,15271,852,13060,16788,-7,95,61.1,48.1,No,2400,2400,0,5502,125
13:46:07.676,active,15271,914,13234,16789,-3,95,60.6,48.3,No,2400,2400,0,5502,125
13:46:08.676,active,15279,920,14102,16787,-5,95,61.1,49.5,No,2400,2400,0,5510,125
13:46:09.676,active,15309,578,8874,16788,-3,95,61.7,49.6,No,2400,2400,0,5511,125
13:46:10.676,active,15305,528,8102,16788,-5,95,61.7,49.2,No,2400,2400,0,5517,125
13:46:11.677,active,15307,702,10764,16788,-4,95,62.8,47.6,No,2400,2400,0,5512,125
13:46:12.676,active,15279,548,8392,16790,0,95,61.1,47.0,No,2400,2400,0,5520,125
13:46:13.676,active,15309,732,11188,16788,0,95,61.1,45.3,No,2400,2400,0,5514,125
13:46:14.676,active,15249,812,12538,16787,-7,95,60.6,45.4,No,2400,2400,0,5518,125
13:46:15.676,active,15286,600,9202,16787,-5,95,61.1,45.4,No,2400,2400,0,5522,125
13:46:16.676,active,15247,726,11208,16790,0,95,61.7,47.3,No,2400,2400,0,5525,125
13:46:17.676,active,15245,864,13252,16789,0,95,61.7,46.0,No,2400,2400,0,5527,125
13:46:18.677,active,15354,524,8044,16789,0,95,61.7,47.8,No,2400,2400,0,5522,125
13:46:19.681,active,15350,566,8718,16788,0,95,61.7,52.5,No,2400,2400,0,5528,125
13:46:20.678,active,15348,528,8120,16789,0,95,60.6,47.0,No,2400,2400,0,5518,125
13:46:21.676,active,15316,486,7484,16789,0,95,62.2,50.3,No,2400,2400,0,5522,125
13:46:22.676,active,15331,514,7870,16789,0,95,61.7,50.1,No,2400,2400,0,5526,125
13:46:23.676,active,15314,544,7600,16788,0,95,62.2,49.0,No,2400,2400,0,5530,125
13:46:24.676,active,15337,474,7292,16788,0,95,61.7,48.6,No,2400,2400,0,5512,125
13:46:25.678,active,15303,520,7812,16788,0,95,61.1,47.6,No,2400,2400,0,5524,125
13:46:26.680,active,15322,502,7696,16789,-3,95,62.2,49.0,No,2400,2400,0,5527,125
13:46:27.676,active,15279,546,8392,16789,0,95,60.6,48.1,No,2400,2400,0,5524,125
13:46:28.676,active,15279,894,13716,16789,-4,95,61.1,47.9,No,2400,2400,0,5531,125
13:46:29.676,active,15273,772,11824,16787,0,95,61.1,49.6,No,2400,2400,0,5519,125
13:46:30.676,sleep,15296,532,8178,16790,3,95,59.5,16.5,No,2400,2400,0,5571,125
13:46:31.676,sleep,15292,496,7620,16790,8,95,57.9,0.0,No,2400,2400,0,5559,125
13:46:32.676,sleep,15290,496,7600,16791,8,95,57.3,-0.0,No,2400,2400,0,5568,125
13:46:33.676,sleep,15292,496,7600,16791,10,95,56.8,0.0,No,2400,2400,0,5572,125
13:46:34.676,sleep,15290,460,7060,16790,7,95,56.2,0.0,No,2400,2400,0,5575,125
13:46:35.676,sleep,15290,438,6712,16791,15,95,54.5,0.3,No,1500,2400,0,5581,125
13:46:36.676,sleep,15296,512,4900,16792,14,95,54.5,0.0,No,1500,2400,0,3958,75
13:46:37.676,sleep,15290,540,8294,16792,13,95,54.5,0.0,No,1500,2400,0,3498,75
13:46:38.676,sleep,15292,336,6924,16792,13,95,54.0,-0.0,No,1500,2400,0,3425,75
13:46:39.676,sleep,15288,376,5768,16791,14,95,53.5,-0.0,No,1500,2400,0,3407,75
13:46:40.676,sleep,15288,294,4514,16792,14,95,54.0,0.0,No,1500,2400,0,3397,75
13:46:41.676,sleep,15292,544,8334,16792,9,95,52.4,0.0,No,1500,2400,0,3395,75
13:46:42.676,sleep,15283,530,8120,16793,11,95,52.4,-0.0,No,1500,2400,0,3374,75
13:46:43.676,sleep,15290,322,4958,16792,9,95,52.4,0.0,No,1500,2400,0,3369,75
13:46:44.676,sleep,15283,398,6096,16790,10,95,52.4,0.0,No,1500,2400,0,3370,75
13:46:45.676,active,15301,506,7292,16789,7,95,55.6,42.6,No,2400,2400,0,3347,75
13:46:46.676,active,15292,568,8700,16788,-6,95,56.2,48.3,No,2400,2400,0,3338,75
13:46:47.679,active,15299,406,7908,16789,-4,95,57.3,48.2,No,2400,2400,0,3335,75
13:46:48.676,active,15299,428,6558,16789,-5,95,57.3,48.1,No,2400,2400,0,3324,75
13:46:49.676,active,15301,496,10244,16789,0,95,57.9,48.7,No,2400,2400,0,3298,75
13:46:50.676,active,15271,518,7948,16789,0,95,59.0,48.8,No,2400,2400,0,3287,75
13:46:51.676,active,15294,510,11728,16787,-4,95,59.0,48.6,No,2400,2400,0,3300,75
13:46:52.676,active,15258,772,11806,16790,0,95,59.5,48.0,No,2400,2400,0,3284,75
13:46:53.676,active,15305,510,7832,16790,0,95,59.0,48.8,No,2400,2400,0,3283,75
13:46:54.677,active,15341,504,7330,16789,0,95,59.0,50.2,No,2400,2400,0,3280,75
13:46:55.676,active,15309,472,7252,16789,0,95,59.0,47.0,No,2400,2400,0,3274,75
13:46:56.676,active,15333,486,7562,16789,-3,95,59.0,48.0,No,2400,2400,0,4065,125
13:46:57.676,active,15316,474,7292,16789,-5,95,59.5,49.5,No,2400,2400,0,5304,125
13:46:58.676,active,15320,446,8294,16789,0,95,60.0,49.6,No,2400,2400,0,5387,125
13:46:59.676,active,15309,556,8546,16788,-3,95,60.6,46.6,No,2400,2400,0,5399,125
13:47:00.676,active,15311,486,8024,16789,0,95,60.0,47.1,No,2400,2400,0,5392,125
13:47:01.679,active,15309,476,7310,16790,0,95,60.0,47.4,No,2400,2400,0,5407,125
13:47:02.676,active,15275,846,12944,16789,0,95,61.7,49.5,No,2400,2400,0,5395,125
13:47:03.676,active,15266,818,12264,16788,0,95,60.0,50.6,No,2400,2400,0,5402,125
13:47:04.676,active,15275,738,11304,16788,0,95,61.7,53.0,No,2400,2400,0,5420,125
13:47:05.676,active,15283,834,11092,16789,0,95,61.1,52.3,No,2400,2400,0,5411,125
13:47:06.676,active,15266,834,12790,16788,-5,95,61.1,50.0,No,2400,2400,0,5424,125
13:47:07.676,active,15279,778,10668,16790,0,95,61.7,51.1,No,2400,2400,0,5437,125
13:47:08.676,active,15277,876,13426,16789,-4,95,60.6,51.5,No,2400,2400,0,5434,125
13:47:09.676,active,15288,872,14352,16789,-3,95,61.1,53.3,No,2400,2400,0,5428,125
13:47:10.676,active,15277,670,10262,16787,-3,95,62.2,52.5,No,2400,2400,0,5441,125
13:47:11.676,active,15305,712,10880,16788,-6,95,61.7,48.2,No,2400,2400,0,5453,125
13:47:12.676,active,15311,530,8140,16788,-4,95,61.1,48.8,No,2400,2400,0,5467,125
13:47:13.677,active,15307,738,11266,16788,-4,95,60.6,47.8,No,2400,2400,0,5446,125
13:47:14.676,active,15251,762,11652,16788,-7,95,61.1,48.3,No,2400,2400,0,5456,125
13:47:15.676,active,15299,634,9722,16788,-5,95,60.6,46.5,No,2400,2400,0,5463,125
13:47:16.676,active,15271,580,8892,16787,-5,95,60.0,48.9,No,2400,2400,0,5468,125
13:47:17.676,active,15283,644,9858,16788,-5,95,61.7,48.9,No,2400,2400,0,5465,125
13:47:18.676,active,15275,672,10282,16789,0,95,61.7,49.4,No,2400,2400,0,5472,125
13:47:19.676,active,15245,658,10108,16789,0,95,61.7,49.5,No,2400,2400,0,5480,125
13:47:20.676,active,15348,464,8006,16788,-4,95,61.1,47.7,No,2400,2400,0,5473,125
13:47:21.677,active,15326,510,7850,16790,0,95,61.1,46.8,No,2400,2400,0,5478,125
13:47:22.676,active,15329,264,7696,16789,0,95,60.6,46.5,No,2400,2400,0,5480,125
13:47:23.676,active,15322,506,7774,16790,0,95,61.7,46.8,No,2400,2400,0,5492,125
13:47:24.676,active,15307,560,8584,16790,0,95,60.6,47.3,No,2400,2400,0,5489,125
13:47:25.676,active,15316,504,7754,16788,-3,95,61.7,47.3,No,2400,2400,0,5496,125
13:47:26.676,active,15309,522,8024,16788,-5,95,61.1,45.8,No,2400,2400,0,5482,125
13:47:27.677,active,15322,528,8120,16789,0,95,61.1,48.5,No,2400,2400,0,5495,125
13:47:28.676,active,15333,544,8352,16789,0,95,60.6,50.5,No,2400,2400,0,5506,125
13:47:29.676,active,15281,778,10416,16789,0,95,61.1,50.6,No,2400,2400,0,5504,125
13:47:30.676,active,15279,856,13118,16789,0,95,61.1,48.6,No,2400,2400,0,5487,125
13:47:31.676,active,15281,826,10956,16788,0,95,60.6,47.7,No,2400,2400,0,5488,125
13:47:32.677,active,15286,974,14932,16788,-4,95,61.7,48.1,No,2400,2400,0,5502,125
13:47:33.676,active,15283,458,7040,16789,-4,95,61.1,47.2,No,2400,2400,0,5503,125
13:47:34.680,active,15286,802,12308,16789,-5,95,62.2,49.6,No,2400,2400,0,5492,125
13:47:35.680,active,15286,512,7890,16789,-4,95,61.1,48.9,No,2400,2400,0,5512,125
13:47:36.676,active,15359,482,7426,16788,-4,95,60.6,48.0,No,2400,2400,0,5514,125
13:47:37.676,active,15281,690,10572,16788,0,95,60.6,48.0,No,2400,2400,0,5516,125
13:47:38.676,active,15260,894,12480,16788,0,95,61.7,49.8,No,2400,2400,0,5521,125
13:47:39.676,active,15279,648,9934,16788,0,95,61.7,48.7,No,2400,2400,0,5516,125
13:47:40.676,active,15275,898,13734,16789,0,95,62.8,48.6,No,2400,2400,0,5519,125
13:47:41.676,active,15307,630,9644,16788,0,95,60.6,48.6,No,2400,2400,0,5522,125
13:47:42.680,active,15288,880,13464,16787,-5,95,59.5,48.5,No,2400,2400,0,5521,125
13:47:43.676,active,15281,786,13318,16787,-5,95,60.6,48.1,No,2400,2400,0,5517,125
13:47:44.676,active,15273,928,14218,16789,0,95,60.6,48.0,No,2400,2400,0,5513,125
13:47:45.676,sleep,15296,526,7098,16790,3,95,58.4,19.1,No,2400,2400,0,5552,125
13:47:46.676,sleep,15292,456,6982,16792,9,95,57.3,-0.0,No,2400,2400,0,5551,125
13:47:47.676,sleep,15294,472,7252,16791,7,95,57.3,0.0,No,2400,2400,0,5576,125
13:47:48.676,sleep,15292,470,7214,16790,4,95,56.8,0.0,No,2400,2400,0,5566,125
13:47:49.676,sleep,15294,504,7736,16790,10,95,56.2,-0.0,No,2400,2400,0,5574,125
13:47:50.676,sleep,15299,530,8120,16791,8,95,55.1,0.0,No,1500,2400,0,5576,125
13:47:51.676,sleep,15290,620,9490,16790,9,95,55.6,-0.0,No,1500,2400,0,5564,75
13:47:52.676,sleep,15296,500,7678,16792,14,95,54.0,0.0,No,1500,2400,0,3769,75
13:47:53.676,sleep,15301,530,8120,16791,11,95,53.5,-0.0,No,1500,2400,0,3448,75
13:47:54.676,sleep,15296,486,5654,16791,11,95,52.9,-0.0,No,1500,2400,0,3409,75
13:47:55.676,sleep,15296,346,5324,16791,10,95,52.9,0.0,No,1500,2400,0,3401,75
13:47:56.675,sleep,15290,448,5768,16792,12,95,52.4,0.0,No,1500,2400,0,3400,75
13:47:57.676,sleep,15292,390,5980,16791,12,95,52.4,-0.0,No,1500,2400,0,3370,75
13:47:58.676,sleep,15303,280,4282,16791,12,95,51.8,0.0,No,1500,2400,0,3367,75
13:47:59.676,sleep,15294,502,7678,16791,14,95,52.4,0.0,No,1500,2400,0,3368,75
13:48:00.676,active,15318,516,7908,16790,7,95,56.2,39.8,No,2400,2400,0,3342,75
13:48:01.676,active,15303,480,7350,16790,0,95,55.6,48.0,No,2400,2400,0,3337,75
13:48:02.676,active,15314,490,7504,16789,-4,95,56.2,47.8,No,2400,2400,0,3332,75
13:48:03.676,active,15305,446,6848,16790,0,95,56.8,51.0,No,2400,2400,0,3332,75
13:48:04.676,active,15275,834,12790,16788,0,95,57.9,45.9,No,2400,2400,0,3316,75
13:48:05.676,active,15281,782,11940,16789,0,95,58.4,49.3,No,2400,2400,0,3316,75
13:48:06.676,active,15277,620,9490,16788,-5,95,59.0,52.2,No,2400,2400,0,3292,75
13:48:07.676,active,15281,646,9934,16790,0,95,60.0,46.7,No,2400,2400,0,3289,75
13:48:08.678,active,15279,740,11342,16789,0,95,59.5,46.7,No,2400,2400,0,3287,75
13:48:09.676,active,15283,702,10764,16789,-4,95,59.5,50.4,No,2400,2400,0,3271,75
13:48:10.679,active,15290,738,11324,16788,-8,95,59.5,47.4,No,2400,2400,0,3277,75
13:48:11.676,active,15294,832,12752,16788,-6,95,59.0,46.5,No,2400,2400,0,3272,75
13:48:12.676,active,15303,624,9858,16789,-4,95,59.5,49.7,No,2400,2400,0,3260,75
13:48:13.676,active,15286,662,10166,16788,-4,95,60.0,52.8,No,2400,2400,0,4612,125
13:48:14.676,active,15277,620,10244,16787,-6,95,60.6,49.9,No,2400,2400,0,5340,125
13:48:15.676,active,15273,820,12538,16787,-7,95,60.6,50.9,No,2400,2400,0,5390,125
13:48:16.676,active,15258,922,14102,16788,-4,95,61.1,52.1,No,2400,2400,0,5391,125
13:48:17.676,active,15266,770,11768,16789,0,95,59.5,50.0,No,2400,2400,0,5372,125
13:48:18.676,active,15271,714,10938,16789,-3,95,60.6,50.8,No,2400,2400,0,5389,125
13:48:19.676,active,15277,784,12786,16790,0,95,60.0,51.5,No,2400,2400,0,5396,125
13:48:20.676,active,15271,852,13040,16790,0,95,60.0,48.9,No,2400,2400,0,5399,125
13:48:21.676,active,15320,678,8102,16789,0,95,60.6,45.4,No,2400,2400,0,5409,125
13:48:22.676,active,15320,506,7774,16789,0,95,61.1,48.7,No,2400,2400,0,5407,125
13:48:23.676,active,15331,470,7484,16789,0,95,60.6,47.4,No,2400,2400,0,5416,125
13:48:24.676,active,15311,464,7138,16789,0,95,60.6,48.2,No,2400,2400,0,5422,125
13:48:25.676,active,15307,528,8082,16788,0,95,60.6,48.7,No,2400,2400,0,5418,125
13:48:26.676,active,15307,536,8236,16789,0,95,60.0,49.5,No,2400,2400,0,5432,125
13:48:27.677,active,15309,514,7890,16788,0,95,61.7,49.7,No,2400,2400,0,5420,125
13:48:28.676,active,15296,516,7928,16789,0,95,61.7,48.6,No,2400,2400,0,5422,125
13:48:29.676,active,15307,680,10436,16788,0,95,61.1,48.5,No,2400,2400,0,5440,125
13:48:30.676,active,15281,902,7542,16788,0,95,60.0,47.2,No,2400,2400,0,5436,125
13:48:31.676,active,15281,760,11652,16788,-4,95,60.0,46.2,No,2400,2400,0,5445,125
13:48:32.676,active,15286,830,8256,16789,0,95,60.6,47.9,No,2400,2400,0,5458,125
13:48:33.676,active,15309,730,11208,16789,0,95,60.6,46.2,No,2400,2400,0,5462,125
13:48:34.676,active,15286,604,8178,16789,0,95,61.1,46.2,No,2400,2400,0,5453,125
13:48:35.676,active,15309,680,10436,16789,0,95,60.6,46.1,No,2400,2400,0,5472,125
13:48:36.676,active,15311,518,7986,16789,0,95,60.6,46.0,No,2400,2400,0,5475,125
13:48:37.680,active,15301,694,10648,16789,0,95,61.1,52.0,No,2400,2400,0,5484,125
13:48:38.676,active,15311,526,8064,16789,0,95,60.6,49.9,No,2400,2400,0,5497,125
13:48:39.676,active,15286,688,12308,16788,0,95,60.6,49.1,No,2400,2400,0,5480,125
13:48:40.676,active,15273,834,12770,16789,0,95,60.6,47.2,No,2400,2400,0,5476,125
13:48:41.677,active,15275,586,12732,16790,0,95,60.6,48.4,No,2400,2400,0,5489,125
13:48:42.679,active,15277,844,12924,16789,-4,95,61.7,48.1,No,2400,2400,0,5481,125
13:48:43.679,active,15301,764,12558,16789,-4,95,61.1,49.0,No,2400,2400,0,5483,125
13:48:44.677,active,15275,668,10224,16788,0,95,61.1,48.6,No,2400,2400,0,5486,125
13:48:45.676,active,15281,784,13002,16788,0,95,60.0,46.8,No,2400,2400,0,5495,125
13:48:46.676,active,15279,884,13542,16788,-5,95,61.1,50.0,No,2400,2400,0,5485,125
13:48:47.676,active,15279,604,11284,16788,-4,95,60.6,49.1,No,2400,2400,0,5492,125
13:48:48.676,active,15307,528,12308,16789,0,95,61.7,47.6,No,2400,2400,0,5507,125
13:48:49.676,active,15307,528,8082,16789,0,95,61.7,48.3,No,2400,2400,0,5500,125
13:48:50.677,active,15301,510,11652,16788,0,95,60.6,48.6,No,2400,2400,0,5496,125
13:48:51.679,active,15307,636,9780,16789,0,95,60.6,48.2,No,2400,2400,0,5499,125
13:48:52.676,active,15299,518,10880,16788,-3,95,60.0,49.3,No,2400,2400,0,5496,125
13:48:53.676,active,15275,654,10012,16788,-3,95,60.6,49.5,No,2400,2400,0,5501,125
13:48:54.676,active,15271,590,12230,16789,0,95,61.1,47.5,No,2400,2400,0,5506,125
13:48:55.677,active,15236,746,11400,16788,0,95,61.1,47.6,No,2400,2400,0,5500,125
13:48:56.680,active,15296,874,13388,16788,0,95,61.1,48.4,No,2400,2400,0,5505,125
13:48:57.676,active,15344,558,8642,16789,0,95,61.1,47.5,No,2400,2400,0,5509,125
13:48:58.676,active,15354,502,7716,16789,0,95,60.0,46.3,No,2400,2400,0,5530,125
13:48:59.676,active,15352,478,8006,16788,-4,95,59.5,48.3,No,2400,2400,0,5523,125
13:49:00.676,sleep,15296,530,8120,16789,0,95,58.4,22.6,No,2400,2400,0,5548,125
13:49:01.676,sleep,15294,428,8700,16789,7,95,57.3,-0.0,No,2400,2400,0,5557,125
13:49:02.676,sleep,15299,508,7792,16790,6,95,56.8,-0.0,No,2400,2400,0,5555,125
13:49:03.676,sleep,15296,508,7272,16790,3,95,56.8,0.0,No,2400,2400,0,5571,125
13:49:04.676,sleep,15292,516,7908,16789,0,95,55.6,0.0,No,2400,2400,0,5577,125
13:49:05.676,sleep,15288,452,6924,16790,5,95,55.1,0.0,No,1500,2400,0,5567,125
13:49:06.676,sleep,15283,444,7234,16791,10,95,53.5,-0.0,No,1500,2400,0,5560,125
13:49:07.676,sleep,15290,412,6308,16791,11,95,54.0,0.0,No,1500,2400,0,4935,75
13:49:08.676,sleep,15292,410,7350,16791,10,95,52.9,0.0,No,1500,2400,0,3626,75
13:49:09.676,sleep,15294,308,4726,16791,8,95,52.9,-0.0,No,1500,2400,0,3420,75
13:49:10.676,sleep,15296,314,5382,16791,8,95,52.9,0.0,No,1500,2400,0,3404,75
13:49:11.676,sleep,15294,276,4224,16790,10,95,52.4,0.0,No,1500,2400,0,3371,75
13:49:12.676,sleep,15294,508,4880,16790,11,95,52.4,0.3,No,1500,2400,0,3369,75
13:49:13.676,sleep,15292,462,7098,16792,11,95,51.8,1.0,No,1500,2400,0,3382,75
13:49:14.676,sleep,15294,504,7716,16791,12,95,52.4,0.0,No,1500,2400,0,3371,75
13:49:15.679,active,15286,694,10648,16789,6,95,56.2,38.6,No,2400,2400,0,3354,75
13:49:16.676,active,15266,798,12192,16788,-3,95,57.3,52.8,No,2400,2400,0,3316,75
13:49:17.676,active,15230,854,12784,16789,-3,95,57.3,45.2,No,2400,2400,0,3314,75
13:49:18.676,active,15256,802,12288,16788,-5,95,57.9,48.4,No,2400,2400,0,3300,75
13:49:19.676,active,15266,784,10610,16788,-5,95,57.9,48.0,No,2400,2400,0,3306,75
13:49:20.676,active,15230,836,12808,16788,0,95,58.4,52.8,No,2400,2400,0,3288,75
13:49:21.676,active,15279,748,12906,16788,0,95,59.0,47.8,No,2400,2400,0,3290,75
13:49:22.676,active,15292,700,10726,16788,-3,95,59.5,52.5,No,2400,2400,0,3289,75
13:49:23.676,active,15305,514,7908,16789,-7,95,59.5,49.9,No,2400,2400,0,5125,125
13:49:24.681,active,15324,494,7600,16788,-5,95,59.5,50.9,No,2400,2400,0,5407,125
13:49:25.677,active,15318,458,7022,16788,0,95,59.5,49.7,No,2400,2400,0,5416,125
13:49:26.676,active,15324,514,7292,16787,-6,95,60.6,51.3,No,2400,2400,0,5419,125
13:49:27.676,active,15337,534,8198,16788,-7,95,60.0,53.0,No,2400,2400,0,5405,125
13:49:28.676,active,15305,550,7118,16789,-3,95,59.5,49.4,No,2400,2400,0,5410,125
13:49:29.676,active,15305,438,6712,16789,0,95,61.1,51.4,No,2400,2400,0,5421,125
13:49:30.676,active,15305,498,11226,16789,0,95,60.0,46.5,No,2400,2400,0,5416,125
13:49:31.680,active,15309,542,8334,16787,-5,95,59.5,48.5,No,2400,2400,0,5413,125
13:49:32.676,active,15279,590,9066,16788,-5,95,60.0,47.7,No,2400,2400,0,5420,125
13:49:33.676,active,15286,858,7890,16789,-5,95,60.0,48.1,No,2400,2400,0,5436,125
13:49:34.676,active,15277,712,10898,16788,-3,95,59.5,48.8,No,2400,2400,0,5453,125
13:49:35.676,active,15277,728,6866,16788,-7,95,60.6,50.1,No,2400,2400,0,5444,125
13:49:36.676,active,15361,560,8622,16787,-5,95,60.6,50.4,No,2400,2400,0,5445,125
13:49:37.676,active,15320,644,7850,16786,-5,95,60.6,49.1,No,2400,2400,0,5451,125
13:49:38.676,active,15337,402,6192,16788,-4,95,60.6,47.6,No,2400,2400,0,5470,125
13:49:39.676,active,15339,480,7446,16789,0,95,59.0,48.3,No,2400,2400,0,5454,125
13:49:40.676,active,15333,562,8622,16789,0,95,60.6,47.0,No,2400,2400,0,5456,125
13:49:41.676,active,15268,800,12250,16788,0,95,60.0,46.2,No,2400,2400,0,5457,125
13:49:42.676,active,15309,634,13002,16789,0,95,60.6,47.8,No,2400,2400,0,5468,125
13:49:43.676,active,15277,836,12808,16788,0,95,61.1,45.6,No,2400,2400,0,5463,125
13:49:44.676,active,15294,670,11980,16788,0,95,60.6,45.9,No,2400,2400,0,5470,125
13:49:45.676,active,15275,904,13850,16789,0,95,60.0,46.6,No,2400,2400,0,5475,125
13:49:46.677,active,15279,938,11054,16788,0,95,59.5,46.0,No,2400,2400,0,5481,125
13:49:47.676,active,15286,740,11342,16789,0,95,60.0,51.3,No,2400,2400,0,5484,125
13:49:48.676,active,15281,614,9568,16788,0,95,60.0,49.6,No,2400,2400,0,5486,125
13:49:49.676,active,15309,532,11362,16789,0,95,61.1,49.7,No,2400,2400,0,5487,125
13:49:50.676,active,15307,478,7330,16789,0,95,61.7,49.6,No,2400,2400,0,5490,125
13:49:51.679,active,15299,434,10976,16789,0,95,61.1,47.5,No,2400,2400,0,5497,125
13:49:52.676,active,15303,612,9374,16789,0,95,59.5,48.5,No,2400,2400,0,5501,125
13:49:53.676,active,15299,502,12076,16788,0,95,60.0,47.1,No,2400,2400,0,5480,125
13:49:54.676,active,15230,788,12038,16789,-3,95,60.6,48.6,No,2400,2400,0,5487,125
13:49:55.676,active,15271,604,10976,16790,0,95,60.6,48.6,No,2400,2400,0,5497,125
13:49:56.676,active,15256,724,11072,16789,0,95,61.1,48.5,No,2400,2400,0,5499,125
13:49:57.680,active,15281,682,11208,16788,0,95,61.7,48.8,No,2400,2400,0,5502,125
13:49:58.676,active,15335,496,7522,16789,0,95,61.1,48.6,No,2400,2400,0,5497,125
13:49:59.679,active,15311,530,8140,16789,0,95,60.6,48.1,No,2400,2400,0,5490,125
13:50:00.676,active,15329,490,8102,16789,0,95,60.0,47.7,No,2400,2400,0,5495,125
13:50:01.676,active,15359,472,7252,16789,0,95,61.1,48.8,No,2400,2400,0,5501,125
13:50:02.676,active,15318,552,8932,16790,5,95,61.1,48.6,No,2400,2400,0,5509,125
13:50:03.676,active,15331,494,7600,16788,4,95,60.6,48.4,No,2400,2400,0,5508,125
13:50:04.678,active,15314,518,7736,16789,4,95,61.1,47.7,No,2400,2400,0,5512,125
13:50:05.677,active,15301,492,7562,16789,0,95,61.1,47.0,No,2400,2400,0,5518,125
13:50:06.676,active,15307,476,8198,16790,0,95,60.6,48.5,No,2400,2400,0,5522,125
13:50:07.677,active,15279,788,12076,16788,0,95,60.6,47.1,No,2400,2400,0,5517,125
13:50:08.676,active,15281,878,13446,16788,0,95,60.6,48.6,No,2400,2400,0,5520,125
13:50:09.676,active,15286,838,12848,16788,0,95,60.6,48.5,No,2400,2400,0,5514,125
13:50:10.676,active,15279,702,10784,16789,0,95,60.6,47.5,No,2400,2400,0,5541,125
13:50:11.676,active,15292,696,10686,16789,0,95,60.6,47.4,No,2400,2400,0,5497,125
13:50:12.676,active,15279,716,10976,16788,0,95,61.1,47.0,No,2400,2400,0,5513,125
13:50:13.676,active,15320,620,7738,16789,0,95,60.6,49.2,No,2400,2400,0,5514,125
13:50:14.676,active,15283,548,8430,16787,0,95,60.6,48.1,No,2400,2400,0,5508,125
13:50:15.676,sleep,15299,404,7156,16790,0,95,58.4,26.9,No,2400,2400,0,5548,125
13:50:16.676,sleep,15299,448,6886,16792,13,95,57.3,-0.0,No,2400,2400,0,5560,125
13:50:17.676,sleep,15296,464,7138,16792,14,95,56.8,0.0,No,2400,2400,0,5546,125
13:50:18.676,sleep,15294,462,7098,16792,15,95,56.8,0.0,No,2400,2400,0,5549,125
13:50:19.676,sleep,15301,462,7080,16792,18,95,55.1,0.0,No,2400,2400,0,5550,125
13:50:20.676,sleep,15294,552,8448,16791,13,95,55.1,-0.0,No,1500,2400,0,4260,75
13:50:21.676,sleep,15299,454,6964,16793,16,95,52.9,0.0,No,1500,2400,0,3528,75
13:50:22.676,sleep,15292,534,8198,16793,16,95,53.5,0.0,No,1500,2400,0,3414,75
13:50:23.676,sleep,15296,314,4822,16793,14,95,52.9,0.3,No,1500,2400,0,3399,75
13:50:24.676,sleep,15296,400,6134,16792,16,95,52.9,-0.0,No,1500,2400,0,3386,75
13:50:25.676,sleep,15294,430,6596,16792,16,95,52.9,0.0,No,1500,2400,0,3369,75
13:50:26.676,sleep,15290,316,7542,16792,15,95,52.4,0.0,No,1500,2400,0,3354,75
13:50:27.676,sleep,15296,388,5940,16793,13,95,52.4,-0.0,No,1500,2400,0,3351,75
13:50:28.676,sleep,15294,480,7368,16792,13,95,52.4,0.0,No,1500,2400,0,3338,75
13:50:29.676,sleep,15294,416,6384,16791,11,95,51.8,0.0,No,1500,2400,0,3351,75
13:50:30.676,active,15305,494,7562,16787,0,95,55.1,34.7,No,2400,2400,0,3320,75
13:50:31.681,active,15299,410,6288,16788,-6,95,56.8,51.6,No,2400,2400,0,3317,75
13:50:32.676,active,15307,448,6886,16788,-6,95,57.3,50.0,No,2400,2400,0,3309,75
13:50:33.681,active,15305,540,10324,16789,-6,95,57.9,52.9,No,2400,2400,0,3281,75
13:50:34.676,active,15281,846,12964,16788,-7,95,57.9,52.2,No,2400,2400,0,3267,75
13:50:35.676,active,15301,964,13350,16787,-7,95,57.9,55.3,No,2400,2400,0,3621,125
13:50:36.676,active,15316,706,10860,16787,-11,95,58.4,53.2,No,2400,2400,0,5275,125
13:50:37.676,active,15283,762,11670,16788,-8,95,58.4,52.8,No,2400,2400,0,5408,125
13:50:38.676,active,15314,674,10358,16788,-9,95,59.5,50.4,No,2400,2400,0,5407,125
13:50:39.676,active,15320,538,8276,16789,-5,95,59.0,44.7,No,2400,2400,0,5416,125
13:50:40.679,active,15357,540,7252,16788,-5,95,59.5,47.3,No,2400,2400,0,5400,125
13:50:41.680,active,15305,528,8120,16788,-5,95,58.4,48.1,No,2400,2400,0,5414,125
13:50:42.676,active,15337,476,7948,16787,-7,95,59.5,46.7,No,2400,2400,0,5415,125
13:50:43.676,active,15303,612,9394,16788,-5,95,59.5,48.5,No,2400,2400,0,5408,125
13:50:44.676,active,15273,854,13078,16788,-4,95,59.5,49.0,No,2400,2400,0,5423,125
13:50:45.676,active,15288,670,10282,16788,-3,95,60.6,49.2,No,2400,2400,0,5426,125
13:50:46.680,active,15309,822,12578,16787,-5,95,60.0,46.2,No,2400,2400,0,5429,125
13:50:47.676,active,15286,780,12250,16788,-4,95,60.0,49.5,No,2400,2400,0,5418,125
13:50:48.676,active,15283,722,11054,16788,-4,95,59.5,48.2,No,2400,2400,0,5437,125
13:50:49.676,active,15273,858,12250,16789,0,95,60.0,47.8,No,2400,2400,0,5438,125
13:50:50.676,active,15286,798,12230,16789,-4,95,59.5,46.5,No,2400,2400,0,5440,125
13:50:51.676,active,15331,476,7330,16790,0,95,59.5,47.3,No,2400,2400,0,5446,125
13:50:52.676,active,15309,446,11200,16789,-3,95,60.0,46.2,No,2400,2400,0,5465,125
13:50:53.676,active,15316,634,9722,16787,-4,95,60.6,46.4,No,2400,2400,0,5451,125
13:50:54.682,active,15301,510,10244,16788,0,95,60.0,45.7,No,2400,2400,0,5441,125
13:50:55.677,active,15311,742,11362,16788,0,95,59.5,45.7,No,2400,2400,0,5458,125
13:50:56.676,active,15307,590,12500,16789,0,95,60.6,50.1,No,2400,2400,0,5444,125
13:50:57.676,active,15258,738,11304,16788,-3,95,60.6,52.4,No,2400,2400,0,5444,125
13:50:58.676,active,15262,566,10784,16788,0,95,61.1,48.6,No,2400,2400,0,5453,125
13:50:59.679,active,15256,724,11054,16788,-4,95,60.6,48.7,No,2400,2400,0,5468,125
13:51:00.680,active,15286,522,11246,16788,-3,95,61.1,48.5,No,2400,2400,0,5466,125
13:51:01.676,active,15337,544,7330,16789,0,95,60.6,47.7,No,2400,2400,0,5469,125
13:51:02.676,active,15314,510,7850,16789,-4,95,60.0,48.6,No,2400,2400,0,5464,125
13:51:03.676,active,15352,476,7118,16788,0,95,60.6,49.9,No,2400,2400,0,5467,125
13:51:04.676,active,15105,502,7716,16787,-4,95,61.1,48.5,No,2400,2400,0,5477,125
13:51:05.677,active,15331,502,8526,16788,-4,95,61.1,48.1,No,2400,2400,0,5475,125
13:51:06.680,active,15318,514,7890,16789,0,95,61.1,48.8,No,2400,2400,0,5489,125
13:51:07.676,active,15326,508,7736,16788,-4,95,60.0,48.4,No,2400,2400,0,5486,125
13:51:08.678,active,15316,534,8198,16788,0,95,59.5,48.6,No,2400,2400,0,5493,125
13:51:09.676,active,15273,874,13388,16786,-7,95,59.5,48.4,No,2400,2400,0,5493,125
13:51:10.676,active,15279,864,13214,16787,-6,95,60.0,48.6,No,2400,2400,0,5484,125
13:51:11.676,active,15283,818,12538,16787,-3,95,60.6,49.0,No,2400,2400,0,5492,125
13:51:12.676,active,15288,856,10046,16788,-3,95,62.2,48.9,No,2400,2400,0,5493,125
13:51:13.676,active,15286,632,9702,16788,-3,95,61.1,47.9,No,2400,2400,0,5498,125
13:51:14.676,active,15286,732,7696,16787,-5,95,60.0,47.4,No,2400,2400,0,5505,125
13:51:15.677,active,15283,686,10532,16787,-3,95,60.0,47.1,No,2400,2400,0,5501,125
13:51:16.676,active,15329,676,8160,16788,-4,95,60.0,48.8,No,2400,2400,0,5495,125
13:51:17.676,active,15311,542,8314,16788,-5,95,60.0,48.1,No,2400,2400,0,5501,125
13:51:18.676,active,15311,800,12230,16788,-5,95,60.0,48.2,No,2400,2400,0,5514,125
13:51:19.676,active,15275,728,11150,16788,-4,95,61.1,48.4,No,2400,2400,0,5510,125
13:51:20.676,active,15275,738,11284,16787,-3,95,61.1,46.7,No,2400,2400,0,5503,125
13:51:21.676,active,15256,820,12026,16787,-6,95,61.7,47.6,No,2400,2400,0,5493,125
13:51:22.676,active,15294,832,12732,16788,-4,95,59.5,48.3,No,2400,2400,0,5497,125
13:51:23.676,active,15266,776,12694,16789,0,95,60.0,48.1,No,2400,2400,0,5510,125
13:51:24.676,active,15245,820,12558,16789,0,95,59.5,48.8,No,2400,2400,0,5514,125
13:51:25.676,active,15275,848,13774,16788,0,95,59.5,48.8,No,2400,2400,0,5519,125
13:51:26.676,active,15283,852,13060,16787,-6,95,61.1,48.9,No,2400,2400,0,5513,125
13:51:27.676,active,15339,450,6906,16787,-7,95,60.6,48.8,No,2400,2400,0,5515,125
13:51:28.676,active,15316,502,7696,16788,-4,95,60.0,48.7,No,2400,2400,0,5514,125
13:51:29.680,active,15314,490,7522,16789,0,95,59.5,47.7,No,2400,2400,0,5519,125
13:51:30.676,sleep,15301,426,7426,16789,0,95,57.9,29.5,No,2400,2400,0,5537,125
13:51:31.676,sleep,15292,486,7446,16789,3,95,57.3,0.0,No,2400,2400,0,5545,125
13:51:32.676,sleep,15299,492,7620,16791,8,95,56.2,0.5,No,2400,2400,0,5557,125
13:51:33.676,sleep,15301,452,6944,16790,5,95,55.6,-0.0,No,2400,2400,0,5537,125
13:51:34.676,sleep,15296,560,7214,16790,3,95,55.1,0.0,No,2400,2400,0,5555,125
13:51:35.676,sleep,15305,314,4822,16789,4,95,54.0,0.0,No,1500,2400,0,5566,125
13:51:36.676,sleep,15299,300,4590,16791,8,95,54.0,-0.0,No,1500,2400,0,3943,75
13:51:37.676,sleep,15294,496,7620,16790,8,95,53.5,0.2,No,1500,2400,0,3475,75
13:51:38.676,sleep,15296,516,7908,16790,11,95,52.9,0.0,No,1500,2400,0,3409,75
13:51:39.676,sleep,15292,506,5194,16791,13,95,52.9,0.0,No,1500,2400,0,3391,75
13:51:40.676,sleep,15296,448,6886,16790,10,95,51.8,-0.0,No,1500,2400,0,3380,75
13:51:41.676,sleep,15296,354,8662,16790,10,95,52.4,-0.0,No,1500,2400,0,3377,75
13:51:42.676,sleep,15299,506,7774,16791,10,95,52.4,0.0,No,1500,2400,0,3367,75
13:51:43.676,sleep,15294,424,6520,16791,13,95,51.8,0.0,No,1500,2400,0,3349,75
13:51:44.676,sleep,15290,512,7850,16791,13,95,51.8,-0.0,No,1500,2400,0,3367,75
13:51:45.676,active,15262,784,11998,16791,12,95,54.0,30.5,No,2400,2400,0,3339,75
13:51:46.676,active,15292,672,10300,16788,0,95,56.8,53.5,No,2400,2400,0,3315,75
13:51:47.676,active,15277,720,11034,16788,0,95,56.8,53.3,No,2400,2400,0,3293,75
13:51:48.676,active,15268,834,13264,16788,-6,95,57.3,49.0,No,2400,2400,0,3295,75
13:51:49.681,active,15294,806,12326,16788,-3,95,57.3,44.6,No,2400,2400,0,3270,75
13:51:50.680,active,15277,750,12732,16788,0,95,57.9,48.5,No,2400,2400,0,3286,75
13:51:51.676,active,15275,774,11844,16788,-3,95,59.0,47.7,No,2400,2400,0,3290,75
13:51:52.676,active,15275,820,10918,16788,-8,95,58.4,46.8,No,2400,2400,0,3259,75
13:51:53.676,active,15305,514,7870,16788,-9,95,59.0,49.1,No,2400,2400,0,3268,75
13:51:54.676,active,15303,532,8140,16788,-6,95,58.4,48.5,No,2400,2400,0,3256,75
13:51:55.681,active,15307,444,6810,16786,-10,95,59.0,48.4,No,2400,2400,0,3253,75
13:51:56.676,active,15301,684,10456,16786,-8,95,59.0,48.7,No,2400,2400,0,3257,75
13:51:57.676,active,15309,386,10572,16788,-8,95,59.0,49.0,No,2400,2400,0,3909,125
13:51:58.676,active,15299,744,11382,16789,-7,95,59.0,47.7,No,2400,2400,0,5278,125
13:51:59.676,active,15286,506,11478,16788,-6,95,60.0,47.4,No,2400,2400,0,5373,125
13:52:00.676,active,15277,680,10398,16787,-8,95,60.0,46.6,No,2400,2400,0,5383,125
13:52:01.676,active,15251,716,13194,16787,-10,95,60.6,46.8,No,2400,2400,0,5386,125
13:52:02.676,active,15329,520,8006,16786,-8,95,59.5,44.5,No,2400,2400,0,5379,125
13:52:03.677,active,15307,476,7330,16787,-6,95,60.0,45.3,No,2400,2400,0,5377,125
13:52:04.676,active,15354,504,7754,16787,-8,95,59.5,46.1,No,2400,2400,0,5378,125
13:52:05.676,active,15316,512,7870,16786,-8,95,60.0,47.4,No,2400,2400,0,5381,125
13:52:06.676,active,15318,672,7022,16787,-8,95,60.0,53.4,No,2400,2400,0,5389,125
13:52:07.676,active,15316,642,9858,16787,-5,95,60.6,49.7,No,2400,2400,0,5390,125
13:52:08.676,active,15335,478,7350,16788,-5,95,60.6,47.6,No,2400,2400,0,5393,125
13:52:09.680,active,15309,476,7330,16788,-7,95,61.1,49.9,No,2400,2400,0,5409,125
13:52:10.676,active,15322,536,7040,16787,-8,95,60.6,47.7,No,2400,2400,0,5404,125
13:52:11.676,active,15277,836,13576,16788,-8,95,60.6,48.4,No,2400,2400,0,5413,125
13:52:12.676,active,15273,842,12886,16787,-5,95,59.5,49.0,No,2400,2400,0,5425,125
13:52:13.676,active,15279,780,13716,16786,-4,95,60.0,49.4,No,2400,2400,0,5422,125
13:52:14.676,active,15281,716,10976,16787,-10,95,60.6,49.0,No,2400,2400,0,5435,125
13:52:15.676,active,15281,776,10358,16788,-8,95,60.6,47.1,No,2400,2400,0,5430,125
13:52:16.680,active,15311,706,10842,16787,-7,95,60.6,48.9,No,2400,2400,0,5434,125
13:52:17.677,active,15279,798,10956,16787,-4,95,60.0,48.0,No,2400,2400,0,5441,125
13:52:18.676,active,15316,526,8082,16787,0,95,60.0,47.9,No,2400,2400,0,5450,125
13:52:19.676,active,15288,616,8700,16788,-6,95,60.6,49.4,No,2400,2400,0,5455,125
13:52:20.676,active,15268,718,11516,16788,-4,95,60.6,49.5,No,2400,2400,0,5460,125
13:52:21.676,active,15305,720,10996,16787,-5,95,61.1,48.9,No,2400,2400,0,5466,125
13:52:22.676,active,15245,808,12346,16787,-8,95,60.6,47.5,No,2400,2400,0,5469,125
13:52:23.676,active,15275,782,11960,16786,-8,95,60.0,47.8,No,2400,2400,0,5470,125
13:52:24.679,active,15271,688,11670,16786,-10,95,60.0,47.1,No,2400,2400,0,5465,125
13:52:25.676,active,15277,684,10494,16788,-6,95,60.0,47.4,No,2400,2400,0,5472,125
13:52:26.676,active,15271,786,12770,16787,-4,95,59.5,48.1,No,2400,2400,0,5473,125
13:52:27.676,active,15281,752,11536,16787,-5,95,60.6,47.7,No,2400,2400,0,5478,125
13:52:28.676,active,15273,876,12848,16788,-5,95,60.6,48.2,No,2400,2400,0,5473,125
13:52:29.676,active,15318,494,7272,16787,-7,95,61.1,48.4,No,2400,2400,0,5473,125
13:52:30.676,active,15318,448,6866,16788,-5,95,60.6,46.9,No,2400,2400,0,5476,125
13:52:31.680,active,15309,448,6770,16786,-7,95,59.5,48.3,No,2400,2400,0,5485,125
13:52:32.676,active,15303,448,6866,16786,-8,95,60.0,48.3,No,2400,2400,0,5487,125
13:52:33.676,active,15307,472,9742,16787,-5,95,60.0,48.9,No,2400,2400,0,5476,125
13:52:34.676,active,15303,512,7850,16787,-5,95,60.0,49.0,No,2400,2400,0,5475,125
13:52:35.676,active,15305,458,9104,16788,-3,95,60.0,48.9,No,2400,2400,0,5487,125
13:52:36.676,active,15288,590,9046,16787,0,95,60.6,48.1,No,2400,2400,0,5482,125
13:52:37.676,active,15288,456,12462,16787,-3,95,59.0,48.2,No,2400,2400,0,5487,125
13:52:38.680,active,15322,696,8102,16787,-4,95,60.0,48.2,No,2400,2400,0,5500,125
13:52:39.676,active,15348,544,8372,16789,0,95,60.0,48.0,No,2400,2400,0,5504,125
13:52:40.676,active,15352,504,7716,16789,0,95,60.0,48.7,No,2400,2400,0,5501,125
13:52:41.676,active,15331,544,8372,16788,0,95,61.1,52.9,No,2400,2400,0,5488,125
13:52:42.676,active,15333,512,8314,16788,0,95,61.1,46.6,No,2400,2400,0,5499,125
13:52:43.676,active,15331,564,8680,16788,0,95,60.0,46.3,No,2400,2400,0,5514,125
13:52:44.677,active,15359,510,7812,16789,0,95,60.6,49.7,No,2400,2400,0,5497,125
13:52:45.676,sleep,15299,508,7812,16789,0,95,58.4,33.9,No,2400,2400,0,5523,125
13:52:46.676,sleep,15294,538,8256,16791,11,95,57.9,0.0,No,2400,2400,0,5542,125
13:52:47.676,sleep,15296,522,7542,16789,8,95,56.2,-0.0,No,2400,2400,0,5538,125
13:52:48.676,sleep,15299,546,8372,16789,6,95,56.8,0.0,No,2400,2400,0,5535,125
13:52:49.676,sleep,15292,450,6500,16790,8,95,55.1,0.3,No,2400,2400,0,5538,125
13:52:50.676,sleep,15296,528,8102,16790,6,95,54.0,0.0,No,1500,2400,0,5512,75
13:52:51.676,sleep,15294,528,8064,16792,15,95,55.6,-0.0,No,1500,2400,0,3729,75
13:52:52.676,sleep,15294,390,5998,16791,17,95,53.5,0.3,No,1500,2400,0,3445,75
13:52:53.676,sleep,15292,388,5940,16791,15,95,52.4,0.0,No,1500,2400,0,3404,75
13:52:54.676,sleep,15288,464,7138,16790,14,95,52.9,0.0,No,1500,2400,0,3392,75
13:52:55.676,sleep,15299,286,4378,16792,13,95,52.4,-0.0,No,1500,2400,0,3384,75
13:52:56.676,sleep,15301,498,8198,16792,12,95,51.8,0.0,No,1500,2400,0,3379,75
13:52:57.676,sleep,15299,230,3548,16792,13,95,51.2,0.0,No,1500,2400,0,3361,75
13:52:58.676,sleep,15296,298,8294,16791,12,95,51.8,-0.0,No,1500,2400,0,3347,75
13:52:59.676,sleep,15299,464,7138,16790,10,95,51.2,-0.0,No,1500,2400,0,3342,75
13:53:00.676,active,15277,776,12636,16790,9,95,54.0,26.2,No,2400,2400,0,3316,75
13:53:01.676,active,15247,744,11362,16789,0,95,56.8,49.9,No,2400,2400,0,3305,75
13:53:02.676,active,15258,622,9530,16789,0,95,57.3,48.0,No,2400,2400,0,3300,75
13:53:03.676,active,15264,712,10898,16789,0,95,56.8,46.9,No,2400,2400,0,3283,75
13:53:04.676,active,15322,476,7330,16788,0,95,57.3,48.3,No,2400,2400,0,3286,75
13:53:05.676,active,15305,516,8044,16788,-4,95,56.8,48.9,No,2400,2400,0,3276,75
13:53:06.676,active,15324,496,7638,16788,0,95,57.9,48.5,No,2400,2400,0,3267,75
13:53:07.676,active,15361,496,7620,16789,-3,95,58.4,49.7,No,2400,2400,0,3268,75
13:53:08.676,active,15324,504,7754,16788,-5,95,58.4,48.5,No,2400,2400,0,3267,75
13:53:09.676,active,15339,422,6462,16788,0,95,59.0,47.0,No,2400,2400,0,3256,75
13:53:10.676,active,15311,462,7866,16788,0,95,59.0,45.8,No,2400,2400,0,3244,75
13:53:11.676,active,15326,436,6694,16789,0,95,59.5,46.4,No,2400,2400,0,3248,75
13:53:12.676,active,15320,446,7580,16788,0,95,59.0,46.0,No,2400,2400,0,3243,75
13:53:13.678,active,15279,840,12866,16787,-3,95,58.4,45.3,No,2400,2400,0,3236,75
13:53:14.676,active,15277,886,13580,16788,0,95,59.0,47.2,No,2400,2400,0,3231,75
13:53:15.676,active,15290,880,13504,16789,0,95,60.0,52.7,No,2400,2400,0,4441,125
13:53:16.676,active,15275,754,11574,16790,0,95,60.6,52.6,No,2400,2400,0,5282,125
13:53:17.676,active,15286,872,13368,16789,0,95,60.6,46.3,No,2400,2400,0,5348,125
13:53:18.679,active,15283,718,11034,16790,0,95,59.5,48.4,No,2400,2400,0,5357,125
13:53:19.676,active,15359,492,8082,16789,0,95,60.0,48.5,No,2400,2400,0,5351,125
13:53:20.676,active,15288,716,10996,16788,0,95,59.5,48.3,No,2400,2400,0,5350,125
13:53:21.676,active,15309,716,8642,16790,0,95,59.0,48.1,No,2400,2400,0,5356,125
13:53:22.676,active,15245,776,11864,16789,0,95,60.0,49.9,No,2400,2400,0,5360,125
13:53:23.677,active,15264,748,11458,16789,0,95,60.6,49.3,No,2400,2400,0,5368,125
13:53:24.680,active,15251,872,13330,16790,7,95,61.1,48.6,No,2400,2400,0,5367,125
13:53:25.676,active,15264,620,9510,16788,0,95,60.6,47.5,No,2400,2400,0,5377,125
13:53:26.677,active,15266,670,11786,16789,0,95,59.5,49.1,No,2400,2400,0,5380,125
13:53:27.676,active,15249,776,11882,16788,0,95,59.5,48.4,No,2400,2400,0,5388,125
13:53:28.676,active,15279,854,12096,16788,0,95,60.0,48.3,No,2400,2400,0,5396,125
13:53:29.676,active,15271,810,12384,16788,-4,95,60.6,48.5,No,2400,2400,0,5400,125
13:53:30.676,active,15314,472,7252,16788,0,95,61.7,48.9,No,2400,2400,0,5411,125
13:53:31.680,active,15318,480,7368,16789,3,95,60.6,47.9,No,2400,2400,0,5419,125
13:53:32.676,active,15309,516,7908,16790,4,95,60.0,48.0,No,2400,2400,0,5422,125
13:53:33.679,active,15303,574,7908,16790,3,95,60.0,47.5,No,2400,2400,0,5428,125
13:53:34.676,active,15305,546,8392,16790,5,95,59.5,47.1,No,2400,2400,0,5433,125
13:53:35.676,active,15311,520,11342,16790,3,95,59.5,47.9,No,2400,2400,0,5440,125
13:53:36.676,active,15303,518,7948,16790,4,95,60.0,47.7,No,2400,2400,0,5432,125
13:53:37.676,active,15301,452,11998,16790,0,95,60.6,48.1,No,2400,2400,0,5446,125
13:53:38.676,active,15307,586,9008,16791,4,95,61.1,46.4,No,2400,2400,0,5444,125
13:53:39.676,active,15283,684,10514,16790,3,95,60.6,47.0,No,2400,2400,0,5452,125
13:53:40.677,active,15316,534,7138,16789,3,95,60.0,47.3,No,2400,2400,0,5456,125
13:53:41.676,active,15307,466,7176,16789,0,95,59.5,49.3,No,2400,2400,0,5465,125
13:53:42.676,active,15354,480,8680,16789,4,95,60.6,49.0,No,2400,2400,0,5464,125
13:53:43.676,active,15314,472,7252,16789,0,95,60.6,49.0,No,2400,2400,0,5469,125
13:53:44.676,active,15350,480,7832,16790,5,95,60.6,48.6,No,2400,2400,0,5475,125
13:53:45.676,active,15318,474,7272,16789,0,95,60.6,47.8,No,2400,2400,0,5469,125
13:53:46.676,active,15320,478,7330,16789,4,95,60.6,48.2,No,2400,2400,0,5479,125
13:53:47.683,active,15309,480,7368,16788,0,95,60.0,47.9,No,2400,2400,0,5478,125
13:53:48.676,active,15286,898,13754,16789,0,95,59.5,48.6,No,2400,2400,0,5483,125
13:53:49.676,active,15277,826,12770,16789,0,95,60.0,48.6,No,2400,2400,0,5486,125
13:53:50.676,active,15283,822,12596,16790,0,95,60.0,49.8,No,2400,2400,0,5484,125
13:53:51.676,active,15275,794,12500,16789,0,95,60.6,50.4,No,2400,2400,0,5475,125
13:53:52.676,active,15286,882,13504,16790,0,95,60.0,45.3,No,2400,2400,0,5486,125
13:53:53.676,active,15279,686,10532,16788,0,95,60.0,47.6,No,2400,2400,0,5484,125
13:53:54.676,active,15283,766,11748,16789,0,95,59.5,49.7,No,2400,2400,0,5487,125
13:53:55.676,active,15279,732,11246,16789,0,95,60.6,49.0,No,2400,2400,0,5499,125
13:53:56.676,active,15311,682,10456,16789,-3,95,60.6,49.9,No,2400,2400,0,5494,125
13:53:57.677,active,15303,434,6674,16789,0,95,60.6,47.7,No,2400,2400,0,5494,125
13:53:58.676,active,15301,788,13928,16789,0,95,61.1,50.8,No,2400,2400,0,5504,125
13:53:59.676,active,15260,654,10012,16788,3,95,61.7,51.5,No,2400,2400,0,5498,125
13:54:00.676,sleep,15301,546,8392,16791,8,95,59.0,37.8,No,2400,2400,0,5515,125
13:54:01.676,sleep,15303,460,7060,16792,17,95,57.3,-0.0,No,2400,2400,0,5543,125
13:54:02.676,sleep,15299,422,6482,16791,15,95,56.8,0.0,No,2400,2400,0,5527,125
13:54:03.676,sleep,15301,448,7378,16790,14,95,56.2,0.0,No,2400,2400,0,5524,125
13:54:04.676,sleep,15294,458,7002,16791,12,95,56.2,-0.0,No,2400,2400,0,5535,125
13:54:05.676,sleep,15286,342,8198,16791,11,95,54.5,-0.0,No,1500,2400,0,5540,125
13:54:06.676,sleep,15292,494,7580,16791,12,95,54.0,0.0,No,1500,2400,0,4882,75
13:54:07.676,sleep,15296,504,7716,16792,17,95,54.0,0.0,No,1500,2400,0,3607,75
13:54:08.676,sleep,15294,404,6192,16793,20,95,52.9,-0.0,No,1500,2400,0,3414,75
13:54:09.676,sleep,15290,380,5826,16793,21,95,52.9,-0.0,No,1500,2400,0,3382,75
13:54:10.676,sleep,15296,374,4960,16792,21,95,52.4,0.0,No,1500,2400,0,3374,75
13:54:11.676,sleep,15288,364,5594,16792,15,95,52.4,-0.0,No,1500,2400,0,3385,75
13:54:12.676,sleep,15294,456,6790,16792,15,95,52.4,-0.0,No,1500,2400,0,3375,75
13:54:13.676,sleep,15290,332,5092,16792,15,95,52.4,0.0,No,1500,2400,0,3369,75
13:54:14.676,sleep,15296,538,6752,16793,16,95,51.2,0.0,No,1500,2400,0,3360,75
13:54:15.676,active,15303,742,11400,16792,15,95,54.0,23.9,No,2400,2400,0,3337,75
13:54:16.676,active,15279,810,12404,16788,-3,95,56.2,49.6,No,2400,2400,0,3319,75
13:54:17.676,active,15283,776,11902,16789,0,95,56.2,48.6,No,2400,2400,0,3306,75
13:54:18.675,active,15277,644,9876,16790,-3,95,57.3,46.1,No,2400,2400,0,3291,75
13:54:19.676,active,15281,852,7002,16790,0,95,58.4,46.2,No,2400,2400,0,3277,75
13:54:20.676,active,15286,648,9954,16790,0,95,57.9,45.7,No,2400,2400,0,3274,75
13:54:21.677,active,15316,704,7426,16790,0,95,58.4,46.4,No,2400,2400,0,3274,75
13:54:22.676,active,15307,544,8352,16789,0,95,58.4,44.4,No,2400,2400,0,3279,75
13:54:23.676,active,15266,714,10918,16789,0,95,58.4,47.2,No,2400,2400,0,3265,75
13:54:24.676,active,15258,782,11960,16790,4,95,59.0,47.9,No,2400,2400,0,3272,75
13:54:25.676,active,15271,800,12230,16790,0,95,59.0,49.6,No,2400,2400,0,3260,75
13:54:26.676,active,15264,794,12982,16790,3,95,59.5,50.6,No,2400,2400,0,3247,75
13:54:27.678,active,15251,854,13078,16789,0,95,59.5,48.0,No,2400,2400,0,3240,75
13:54:28.677,active,15288,646,12018,16788,0,95,59.5,48.9,No,2400,2400,0,4830,125
13:54:29.676,active,15268,826,12636,16789,0,95,59.0,49.2,No,2400,2400,0,5337,125
13:54:30.676,active,15264,830,13890,16789,0,95,59.5,49.8,No,2400,2400,0,5368,125
13:54:31.676,active,15268,862,13194,16789,0,95,60.0,49.1,No,2400,2400,0,5362,125
13:54:32.677,active,15333,502,7716,16789,0,95,60.0,48.2,No,2400,2400,0,5369,125
13:54:33.679,active,15311,504,8198,16788,0,95,60.6,49.1,No,2400,2400,0,5375,125
13:54:34.678,active,15324,506,7774,16790,0,95,60.6,48.2,No,2400,2400,0,5375,125
13:54:35.676,active,15311,450,10070,16791,0,95,59.0,48.6,No,2400,2400,0,5373,125
13:54:36.676,active,15303,506,7774,16791,3,95,59.5,49.0,No,2400,2400,0,5385,125
13:54:37.676,active,15301,522,9664,16789,3,95,60.0,49.8,No,2400,2400,0,5395,125
13:54:38.676,active,15283,584,8932,16789,0,95,60.6,49.7,No,2400,2400,0,5396,125
13:54:39.677,active,15305,474,12250,16789,0,95,61.1,49.0,No,2400,2400,0,5402,125
13:54:40.677,active,15283,772,11824,16789,0,95,60.6,48.5,No,2400,2400,0,5409,125
13:54:41.677,active,15296,480,7388,16790,0,95,59.5,47.4,No,2400,2400,0,5407,125
13:54:42.676,active,15357,458,7792,16789,0,95,59.5,48.1,No,2400,2400,0,5414,125
13:54:43.676,active,15331,540,8294,16789,0,95,59.5,47.8,No,2400,2400,0,5423,125
13:54:44.676,active,15348,520,8718,16788,0,95,61.1,48.6,No,2400,2400,0,5431,125
13:54:45.676,active,15324,498,7658,16789,0,95,60.6,47.4,No,2400,2400,0,5429,125
13:54:46.676,active,15333,550,7156,16788,-3,95,61.1,48.4,No,2400,2400,0,5432,125
13:54:47.676,active,15331,420,6462,16788,-5,95,60.0,47.6,No,2400,2400,0,5439,125
13:54:48.676,active,15331,620,8776,16788,-4,95,60.6,46.7,No,2400,2400,0,5450,125
13:54:49.677,active,15309,546,8372,16789,-4,95,60.0,47.5,No,2400,2400,0,5452,125
13:54:50.676,active,15286,816,12500,16789,-4,95,60.0,49.5,No,2400,2400,0,5449,125
13:54:51.676,active,15275,786,12480,16789,-3,95,59.5,48.9,No,2400,2400,0,5457,125
13:54:52.676,active,15283,814,12480,16788,0,95,60.0,48.9,No,2400,2400,0,5473,125
13:54:53.676,active,15283,854,9800,16788,0,95,61.1,48.3,No,2400,2400,0,5458,125
13:54:54.676,active,15283,830,12712,16790,0,95,60.0,48.2,No,2400,2400,0,5468,125
13:54:55.676,active,15281,644,10918,16790,3,95,59.5,47.7,No,2400,2400,0,5473,125
13:54:56.683,active,15320,716,10996,16790,0,95,59.5,48.8,No,2400,2400,0,5474,125
13:54:57.676,active,15283,602,9260,16790,4,95,60.0,48.1,No,2400,2400,0,5479,125
13:54:58.676,active,15307,702,10764,16789,6,95,60.0,49.3,No,2400,2400,0,5480,125
13:54:59.676,active,15281,632,9684,16790,4,95,60.6,49.4,No,2400,2400,0,5475,125
13:55:00.676,active,15309,534,11458,16791,3,95,61.1,52.1,No,2400,2400,0,5476,125
13:55:01.676,active,15283,702,10744,16790,0,95,59.5,45.4,No,2400,2400,0,5485,125
13:55:02.677,active,15271,858,11748,16788,0,95,60.6,47.7,No,2400,2400,0,5489,125
13:55:03.676,active,15236,846,12924,16789,0,95,60.6,49.7,No,2400,2400,0,5497,125
13:55:04.676,active,15281,848,12982,16788,0,95,59.5,48.2,No,2400,2400,0,5484,125
13:55:05.676,active,15223,750,11458,16790,0,95,60.6,47.6,No,2400,2400,0,5493,125
13:55:06.676,active,15232,864,13214,16790,3,95,61.1,49.2,No,2400,2400,0,5502,125
13:55:07.676,active,15273,822,12340,16789,0,95,61.7,52.7,No,2400,2400,0,5501,125
13:55:08.676,active,15314,498,7638,16789,0,95,60.6,46.6,No,2400,2400,0,5501,125
13:55:09.677,active,15329,738,8236,16789,4,95,60.6,50.4,No,2400,2400,0,5493,125
13:55:10.676,active,15316,730,11226,16789,0,95,60.6,51.5,No,2400,2400,0,5507,125
13:55:11.676,active,15307,510,7832,16789,0,95,60.6,51.5,No,2400,2400,0,5501,125
13:55:12.679,active,15320,436,6694,16788,0,95,62.2,50.8,No,2400,2400,0,5500,125
13:55:13.676,active,15320,520,7986,16789,0,95,61.7,51.0,No,2400,2400,0,5505,125
13:55:14.676,active,15314,456,7002,16789,4,95,61.7,51.0,No,2400,2400,0,5503,125
13:55:15.676,sleep,15296,522,8006,16789,0,95,59.0,38.4,No,2400,2400,0,5504,125
13:55:16.676,sleep,15301,566,8334,16792,16,95,57.9,0.0,No,2400,2400,0,5541,125
13:55:17.676,sleep,15299,518,7948,16792,11,95,57.3,0.0,No,2400,2400,0,5549,125
13:55:18.676,sleep,15296,542,8314,16792,8,95,55.6,-0.0,No,2400,2400,0,5552,125
13:55:19.676,sleep,15292,506,7754,16790,9,95,56.2,0.0,No,2400,2400,0,5548,125
13:55:20.676,sleep,15288,410,6288,16790,9,95,55.1,0.0,No,1500,2400,0,5571,125
13:55:21.676,sleep,15296,384,6654,16792,15,95,54.5,0.0,No,1500,2400,0,4518,75
13:55:22.676,sleep,15299,562,8622,16792,11,95,53.5,0.0,No,1500,2400,0,3538,75
13:55:23.676,sleep,15294,442,5960,16793,15,95,53.5,0.3,No,1500,2400,0,3395,75
13:55:24.676,sleep,15290,368,5652,16792,14,95,53.5,0.0,No,1500,2400,0,3386,75
13:55:25.676,sleep,15299,374,5728,16791,16,95,52.4,-0.0,No,1500,2400,0,3371,75
13:55:26.676,sleep,15294,358,5498,16792,16,95,52.4,0.0,No,1500,2400,0,3374,75
13:55:27.676,sleep,15296,334,5130,16793,16,95,51.8,0.0,No,1500,2400,0,3376,75
13:55:28.676,sleep,15290,350,6386,16793,14,95,51.8,0.0,No,1500,2400,0,3370,75
13:55:29.676,sleep,15292,432,6636,16792,12,95,51.8,-0.0,No,1500,2400,0,3377,75
13:55:30.677,active,15305,772,12288,16792,11,95,54.0,20.6,No,2400,2400,0,3359,75
13:55:31.676,active,15301,756,11594,16789,-4,95,55.6,46.4,No,2400,2400,0,3303,75
13:55:32.676,active,15299,684,12732,16790,-4,95,57.3,47.1,No,2400,2400,0,3299,75
13:55:33.676,active,15316,796,12172,16789,-3,95,57.3,46.5,No,2400,2400,0,3297,75
13:55:34.680,active,15357,484,7446,16789,0,95,57.9,47.2,No,2400,2400,0,3277,75
13:55:35.676,active,15324,518,7966,16789,0,95,58.4,52.2,No,2400,2400,0,3269,75
13:55:36.676,active,15318,530,8140,16788,-5,95,58.4,48.7,No,2400,2400,0,3271,75
13:55:37.676,active,15303,506,10334,16789,0,95,57.9,48.1,No,2400,2400,0,3264,75
13:55:38.676,active,15305,362,5536,16788,-4,95,59.5,49.0,No,2400,2400,0,3270,75
13:55:39.676,active,15303,544,11034,16790,0,95,59.0,49.9,No,2400,2400,0,3258,75
13:55:40.676,active,15307,666,10204,16789,0,95,60.0,48.1,No,2400,2400,0,3243,75
13:55:41.679,active,15299,424,11922,16788,0,95,60.0,48.3,No,2400,2400,0,3232,75
13:55:42.676,active,15266,700,10706,16790,0,95,58.4,47.3,No,2400,2400,0,3240,75
13:55:43.676,active,15281,486,7504,16790,0,95,59.0,47.6,No,2400,2400,0,3243,75
13:55:44.676,active,15316,578,8874,16788,0,95,59.5,48.6,No,2400,2400,0,3237,75
13:55:45.676,active,15288,460,7098,16788,-4,95,59.5,48.7,No,2400,2400,0,3229,75
13:55:46.676,active,15365,480,7658,16788,-4,95,60.6,48.9,No,2400,2400,0,3235,75
13:55:47.676,active,15350,508,7792,16788,-4,95,60.6,48.1,No,2400,2400,0,4994,125
13:55:48.680,active,15335,490,8082,16789,0,95,60.6,47.8,No,2400,2400,0,5347,125
13:55:49.676,active,15333,540,8294,16789,3,95,59.5,47.1,No,2400,2400,0,5364,125
13:55:50.676,active,15320,506,7194,16788,0,95,60.0,47.6,No,2400,2400,0,5356,125
13:55:51.676,active,15311,528,8120,16789,0,95,59.5,48.0,No,2400,2400,0,5360,125
13:55:52.676,active,15273,828,12694,16789,-3,95,59.5,47.7,No,2400,2400,0,5361,125
13:55:53.676,active,15279,878,12538,16789,0,95,60.6,47.7,No,2400,2400,0,5368,125
13:55:54.676,active,15273,830,12712,16789,0,95,60.0,48.1,No,2400,2400,0,5369,125
13:55:55.676,active,15279,858,13908,16790,0,95,60.0,47.2,No,2400,2400,0,5385,125
13:55:56.676,active,15283,834,12790,16790,4,95,60.0,47.0,No,2400,2400,0,5388,125
13:55:57.680,active,15277,878,13002,16790,0,95,60.6,48.3,No,2400,2400,0,5399,125
13:55:58.676,active,15281,738,11304,16790,0,95,60.6,47.9,No,2400,2400,0,5395,125
13:55:59.676,active,15288,610,8448,16790,3,95,60.0,47.2,No,2400,2400,0,5388,125
13:56:00.676,active,15320,674,10358,16789,0,95,59.5,49.0,No,2400,2400,0,5419,125
13:56:01.676,active,15299,844,12906,16789,0,95,59.5,48.6,No,2400,2400,0,5427,125
13:56:02.676,active,15311,408,11612,16789,0,95,61.1,48.6,No,2400,2400,0,5443,125
13:56:03.676,active,15236,776,11864,16788,0,95,60.6,48.1,No,2400,2400,0,5436,125
13:56:04.676,active,15262,816,12520,16787,-6,95,60.0,48.1,No,2400,2400,0,5438,125
13:56:05.676,active,15243,682,10436,16788,-3,95,59.5,48.9,No,2400,2400,0,5439,125
13:56:06.676,active,15238,864,12096,16789,0,95,59.5,48.8,No,2400,2400,0,5440,125
13:56:07.676,active,15266,794,12134,16789,0,95,59.5,48.6,No,2400,2400,0,5440,125
13:56:08.676,active,15251,800,12982,16790,0,95,61.1,49.5,No,2400,2400,0,5449,125
13:56:09.676,active,15326,518,7658,16788,0,95,59.5,49.4,No,2400,2400,0,5455,125
13:56:10.676,active,15333,480,7350,16788,0,95,60.0,49.8,No,2400,2400,0,5461,125
13:56:11.677,active,15322,422,7850,16788,0,95,60.0,45.0,No,2400,2400,0,5471,125
13:56:12.676,active,15320,498,7638,16790,0,95,60.0,49.2,No,2400,2400,0,5473,125
13:56:13.676,active,15311,528,7966,16789,-4,95,60.6,47.0,No,2400,2400,0,5488,125
13:56:14.676,active,15305,510,7832,16790,-3,95,60.0,46.9,No,2400,2400,0,5480,125
13:56:15.676,active,15314,546,8372,16788,-3,95,61.1,52.1,No,2400,2400,0,5475,125
13:56:16.682,active,15305,410,6288,16788,0,95,61.1,50.3,No,2400,2400,0,5473,125
13:56:17.680,active,15309,494,7580,16788,-4,95,60.6,49.1,No,2400,2400,0,5469,125
13:56:18.676,active,15283,912,10030,16788,-4,95,60.6,47.3,No,2400,2400,0,5479,125
13:56:19.676,active,15292,728,11150,16789,-6,95,60.6,51.1,No,2400,2400,0,5482,125
13:56:20.676,active,15288,736,9876,16788,0,95,60.0,52.0,No,2400,2400,0,5486,125
13:56:21.676,active,15288,712,10918,16788,0,95,61.7,51.1,No,2400,2400,0,5486,125
13:56:22.676,active,15299,788,12076,16788,0,95,61.7,56.3,No,2400,2400,0,5486,125
13:56:23.677,active,15301,720,11054,16789,0,95,61.7,53.6,No,2400,2400,0,5494,125
13:56:24.676,active,15290,798,12230,16790,0,95,62.2,52.3,No,2400,2400,0,5501,125
13:56:25.677,active,15341,546,8410,16789,0,95,61.7,51.1,No,2400,2400,0,5483,125
13:56:26.676,active,15288,480,7388,16788,0,95,60.6,52.4,No,2400,2400,0,5487,125
13:56:27.676,active,15253,714,9722,16789,0,95,60.6,48.2,No,2400,2400,0,5504,125
13:56:28.676,active,15275,726,11130,16790,4,95,61.7,49.1,No,2400,2400,0,5490,125
13:56:29.676,active,15271,842,12886,16789,0,95,61.1,48.7,No,2400,2400,0,5501,125
13:56:30.676,sleep,15292,494,7562,16790,0,95,59.5,40.3,No,2400,2400,0,5515,125
13:56:31.676,sleep,15296,518,7948,16790,13,95,57.9,0.0,No,2400,2400,0,5544,125
13:56:32.676,sleep,15292,574,7536,16792,13,95,57.3,0.0,No,2400,2400,0,5548,125
13:56:33.676,sleep,15288,454,6964,16792,13,95,56.8,-0.0,No,2400,2400,0,5543,125
13:56:34.676,sleep,15290,472,6732,16793,16,95,56.2,0.0,No,2400,2400,0,5538,125
13:56:35.676,sleep,15288,590,9066,16792,11,95,55.6,0.0,No,1500,2400,0,5551,125
13:56:36.676,sleep,15288,356,5458,16792,14,95,54.0,0.0,No,1500,2400,0,5545,125
13:56:37.676,sleep,15294,358,5498,16792,17,95,54.5,-0.0,No,1500,2400,0,4105,75
13:56:38.676,sleep,15296,574,8796,16793,17,95,54.0,0.0,No,1500,2400,0,3495,75
13:56:39.676,sleep,15292,484,5616,16793,17,95,54.0,0.0,No,1500,2400,0,3402,75
13:56:40.676,sleep,15296,356,5458,16793,17,95,52.9,0.0,No,1500,2400,0,3368,75
13:56:41.676,sleep,15292,342,6674,16792,15,95,52.9,-0.0,No,1500,2400,0,3376,75
13:56:42.676,sleep,15296,330,5054,16792,11,95,52.4,0.0,No,1500,2400,0,3364,75
13:56:43.676,sleep,15296,602,6520,16792,13,95,53.5,-0.0,No,1500,2400,0,3364,75
13:56:44.676,sleep,15296,556,8546,16792,15,95,52.4,0.3,No,1500,2400,0,3363,75
13:56:45.678,active,15292,544,8352,16791,7,95,55.1,17.9,No,2400,2400,0,3357,75
13:56:46.676,active,15316,658,10088,16789,-7,95,55.1,48.3,No,2400,2400,0,3314,75
13:56:47.676,active,15354,440,6752,16789,-4,95,56.2,48.7,No,2400,2400,0,3314,75
13:56:48.676,active,15357,540,7034,16790,-3,95,57.9,49.2,No,2400,2400,0,3310,75
13:56:49.676,active,15344,510,7832,16790,-5,95,58.4,47.3,No,2400,2400,0,3290,75
13:56:50.682,active,15354,520,6752,16789,-5,95,59.5,48.1,No,2400,2400,0,3286,75
13:56:51.680,active,15311,490,7542,16790,0,95,59.0,48.1,No,2400,2400,0,3278,75
13:56:52.676,active,15333,500,7484,16790,0,95,58.4,48.0,No,2400,2400,0,3258,75
13:56:53.676,active,15326,518,7966,16788,0,95,58.4,48.7,No,2400,2400,0,3260,75
13:56:54.676,active,15307,804,12326,16790,0,95,59.0,49.3,No,2400,2400,0,3253,75
13:56:55.676,active,15275,748,11440,16790,0,95,59.0,49.1,No,2400,2400,0,3249,75
13:56:56.676,active,15275,878,13464,16789,0,95,59.5,47.2,No,2400,2400,0,3590,125
13:56:57.680,active,15286,846,12770,16789,0,95,60.6,48.3,No,2400,2400,0,5254,125
13:56:58.676,active,15277,814,12480,16788,0,95,59.5,48.2,No,2400,2400,0,5386,125
13:56:59.676,active,15288,836,10050,16789,0,95,60.0,48.0,No,2400,2400,0,5380,125
13:57:00.676,active,15320,656,10088,16789,0,95,59.5,47.2,No,2400,2400,0,5380,125
13:57:01.676,active,15286,854,6848,16789,0,95,59.5,48.0,No,2400,2400,0,5386,125
13:57:02.676,active,15299,802,12326,16789,-3,95,60.0,48.6,No,2400,2400,0,5387,125
13:57:03.676,active,15303,754,11554,16790,0,95,60.6,48.4,No,2400,2400,0,5389,125
13:57:04.676,active,15305,662,11958,16789,0,95,60.6,48.9,No,2400,2400,0,5393,125
13:57:05.676,active,15305,684,10474,16790,4,95,60.0,46.7,No,2400,2400,0,5393,125
13:57:06.680,active,15286,584,13156,16790,0,95,60.0,47.6,No,2400,2400,0,5406,125
13:57:07.676,active,15283,840,12848,16790,0,95,59.0,47.0,No,2400,2400,0,5413,125
13:57:08.676,active,15253,774,13368,16788,0,95,59.5,47.4,No,2400,2400,0,5421,125
13:57:09.676,active,15262,778,11922,16788,0,95,59.5,48.6,No,2400,2400,0,5421,125
13:57:10.676,active,15236,952,12674,16788,0,95,60.6,49.2,No,2400,2400,0,5416,125
13:57:11.676,active,15318,552,8488,16789,0,95,61.1,48.3,No,2400,2400,0,5428,125
13:57:12.676,active,15335,456,7002,16788,0,95,60.0,48.1,No,2400,2400,0,5441,125
13:57:13.680,active,15314,486,7978,16789,0,95,59.5,48.0,No,2400,2400,0,5451,125
13:57:14.676,active,15322,502,7696,16789,0,95,60.0,48.0,No,2400,2400,0,5448,125
13:57:15.676,active,15316,450,8526,16788,0,95,59.5,48.7,No,2400,2400,0,5473,125
13:57:16.676,active,15311,466,7156,16788,0,95,60.0,48.8,No,2400,2400,0,5446,125
13:57:17.676,active,15305,492,8776,16789,0,95,61.1,48.7,No,2400,2400,0,5447,125
13:57:18.676,active,15299,474,7272,16790,0,95,61.1,48.0,No,2400,2400,0,5458,125
13:57:19.676,active,15322,472,7098,16788,-4,95,59.5,51.1,No,2400,2400,0,5457,125
13:57:20.677,active,15281,814,10176,16789,-3,95,60.6,46.0,No,2400,2400,0,5457,125
13:57:21.676,active,15281,720,11072,16789,0,95,60.0,47.1,No,2400,2400,0,5470,125
13:57:22.676,active,15305,682,8834,16789,0,95,60.0,47.8,No,2400,2400,0,5481,125
13:57:23.676,active,15290,688,10572,16788,0,95,60.6,47.4,No,2400,2400,0,5480,125
13:57:24.676,active,15318,736,8006,16789,0,95,60.6,50.1,No,2400,2400,0,5476,125
13:57:25.676,active,15303,762,11690,16789,0,95,61.1,48.1,No,2400,2400,0,5472,125
13:57:26.676,active,15314,620,7330,16788,-3,95,60.0,46.2,No,2400,2400,0,5479,125
13:57:27.679,active,15329,458,7040,16788,0,95,60.0,51.8,No,2400,2400,0,5482,125
13:57:28.676,active,15292,520,10436,16788,0,95,61.1,48.7,No,2400,2400,0,5487,125
13:57:29.676,active,15279,730,12520,16788,-5,95,61.7,53.9,No,2400,2400,0,5476,125
13:57:30.676,active,15305,664,10186,16788,-9,95,61.1,54.0,No,2400,2400,0,5484,125
13:57:31.676,active,15273,812,11304,16788,-6,95,61.7,50.8,No,2400,2400,0,5496,125
13:57:32.677,active,15281,764,11690,16788,-4,95,61.1,51.0,No,2400,2400,0,5496,125
13:57:33.683,active,15266,676,12520,16788,-6,95,61.1,51.1,No,2400,2400,0,5487,125
13:57:34.680,active,15275,706,10822,16788,0,95,61.1,53.3,No,2400,2400,0,5476,125
13:57:35.676,active,15286,936,13542,16790,0,95,60.0,49.2,No,2400,2400,0,5493,125
13:57:36.676,active,15271,752,11498,16790,0,95,61.1,49.5,No,2400,2400,0,5481,125
13:57:37.676,active,15281,836,12808,16788,-3,95,61.7,47.8,No,2400,2400,0,5479,125
13:57:38.676,active,15324,516,6944,16789,0,95,61.1,48.3,No,2400,2400,0,5487,125
13:57:39.681,active,15311,448,6866,16787,0,95,61.7,48.2,No,2400,2400,0,5489,125
13:57:40.676,active,15311,452,9702,16788,-6,95,60.6,48.4,No,2400,2400,0,5490,125
13:57:41.676,active,15301,470,7194,16788,-5,95,59.5,48.1,No,2400,2400,0,5502,125
13:57:42.676,active,15307,546,9702,16788,0,95,60.0,48.5,No,2400,2400,0,5497,125
13:57:43.676,active,15299,416,6404,16788,0,95,60.6,48.9,No,2400,2400,0,5509,125
13:57:44.676,active,15309,758,11594,16788,0,95,61.7,49.0,No,2400,2400,0,5515,125
13:57:45.676,sleep,15303,470,7194,16789,0,95,59.5,42.1,No,2400,2400,0,5490,125
13:57:46.676,sleep,15301,468,7156,16790,9,95,57.3,-0.0,No,2400,2400,0,5539,125
13:57:47.676,sleep,15301,480,8178,16790,8,95,56.2,0.0,No,2400,2400,0,5540,125
13:57:48.676,sleep,15292,548,8410,16790,11,95,56.2,0.0,No,2400,2400,0,5547,125
13:57:49.676,sleep,15299,556,6712,16790,10,95,55.6,0.2,No,2400,2400,0,5542,125
13:57:50.676,sleep,15299,472,7252,16791,14,95,55.6,-0.0,No,1500,2400,0,5543,125
13:57:51.676,sleep,15294,380,6442,16793,18,95,54.0,-0.0,No,1500,2400,0,5550,125
13:57:52.676,sleep,15296,456,6982,16794,19,95,54.0,0.0,No,1500,2400,0,3830,75
13:57:53.676,sleep,15292,514,7870,16793,18,95,54.0,0.0,No,1500,2400,0,3460,75
13:57:54.676,sleep,15296,490,7504,16793,16,95,52.9,-0.0,No,1500,2400,0,3389,75
13:57:55.676,sleep,15288,484,7408,16792,16,95,51.8,0.0,No,1500,2400,0,3372,75
13:57:56.676,sleep,15292,494,7040,16792,14,95,52.4,0.0,No,1500,2400,0,3368,75
13:57:57.676,sleep,15290,328,5034,16792,16,95,52.9,-0.0,No,1500,2400,0,3362,75
13:57:58.676,sleep,15292,270,6172,16792,17,95,52.4,-0.0,No,1500,2400,0,3373,75
13:57:59.676,sleep,15292,422,6482,16792,16,95,51.8,0.0,No,1500,2400,0,3365,75
13:58:00.680,active,15283,530,8140,16792,13,95,54.0,11.2,No,2400,2400,0,3366,75
13:58:01.680,active,15281,790,12114,16789,-3,95,55.6,52.3,No,2400,2400,0,3323,75
13:58:02.676,active,15281,420,6462,16789,0,95,55.6,47.7,No,2400,2400,0,3302,75
13:58:03.676,active,15279,792,12134,16789,0,95,56.8,47.3,No,2400,2400,0,3296,75
13:58:04.676,active,15264,574,8796,16788,-5,95,57.3,48.2,No,2400,2400,0,3294,75
13:58:05.680,active,15301,480,8718,16788,-3,95,57.9,47.8,No,2400,2400,0,3292,75
13:58:06.676,active,15283,674,10340,16790,0,95,58.4,48.5,No,2400,2400,0,3279,75
13:58:07.680,active,15303,956,11786,16789,0,95,59.0,48.4,No,2400,2400,0,3274,75
13:58:08.676,active,15258,624,9548,16789,0,95,59.0,47.9,No,2400,2400,0,3249,75
13:58:09.676,active,15307,818,12480,16789,0,95,58.4,47.5,No,2400,2400,0,3253,75
13:58:10.676,active,15238,726,11092,16788,0,95,59.0,49.6,No,2400,2400,0,3242,75
13:58:11.676,active,15260,730,11170,16788,0,95,59.0,47.7,No,2400,2400,0,3246,75
13:58:12.676,active,15262,836,12790,16790,0,95,60.0,47.6,No,2400,2400,0,3233,75
13:58:13.676,active,15322,502,7696,16788,0,95,60.6,47.9,No,2400,2400,0,3241,75
13:58:14.676,active,15329,422,8256,16788,0,95,59.5,46.7,No,2400,2400,0,3239,75
13:58:15.680,active,15320,518,7948,16788,0,95,59.5,47.1,No,2400,2400,0,3243,75
13:58:16.676,active,15320,530,8218,16788,0,95,59.0,47.2,No,2400,2400,0,4044,125
13:58:17.676,active,15307,434,6654,16788,-5,95,59.0,47.7,No,2400,2400,0,5258,125
13:58:18.676,active,15314,282,7022,16789,-6,95,59.5,48.1,No,2400,2400,0,5337,125
13:58:19.676,active,15311,538,8256,16789,-5,95,60.0,48.7,No,2400,2400,0,5352,125
13:58:20.676,active,15309,498,7638,16788,-6,95,60.6,48.7,No,2400,2400,0,5354,125
13:58:21.676,active,15305,460,7060,16788,0,95,60.0,48.7,No,2400,2400,0,5357,125
13:58:22.681,active,15305,548,8410,16788,-4,95,60.0,48.7,No,2400,2400,0,5367,125
13:58:23.676,active,15283,850,8950,16789,0,95,59.5,48.9,No,2400,2400,0,5371,125
13:58:24.676,active,15320,760,11670,16788,0,95,60.0,48.7,No,2400,2400,0,5385,125
13:58:25.676,active,15292,878,7774,16789,0,95,60.0,48.8,No,2400,2400,0,5380,125
13:58:26.677,active,15318,546,8410,16788,-5,95,60.0,48.6,No,2400,2400,0,5387,125
13:58:27.676,active,15294,642,7350,16788,-5,95,60.0,47.7,No,2400,2400,0,5397,125
13:58:28.676,active,15359,438,6752,16788,-4,95,60.0,49.5,No,2400,2400,0,5397,125
13:58:29.679,active,15283,672,8564,16789,0,95,59.5,51.2,No,2400,2400,0,5404,125
13:58:30.676,active,15350,440,6790,16788,0,95,59.5,45.7,No,2400,2400,0,5412,125
13:58:31.676,active,15247,728,11130,16788,-5,95,60.6,48.2,No,2400,2400,0,5425,125
13:58:32.676,active,15234,866,12732,16788,0,95,61.1,50.9,No,2400,2400,0,5423,125
13:58:33.676,active,15277,750,11478,16788,0,95,61.1,51.1,No,2400,2400,0,5422,125
13:58:34.676,active,15245,794,13620,16789,0,95,61.1,50.9,No,2400,2400,0,5416,125
13:58:35.677,active,15275,782,11960,16789,0,95,60.6,48.4,No,2400,2400,0,5425,125
13:58:36.682,active,15251,540,11612,16788,-5,95,61.1,49.1,No,2400,2400,0,5434,125
13:58:37.676,active,15290,678,10378,16788,-5,95,61.1,51.9,No,2400,2400,0,5436,125
13:58:38.676,active,15264,822,12596,16787,0,95,60.6,49.7,No,2400,2400,0,5442,125
13:58:39.676,active,15275,784,12018,16788,-3,95,61.7,52.4,No,2400,2400,0,5449,125
13:58:40.676,active,15352,526,8082,16788,-4,95,61.7,49.9,No,2400,2400,0,5442,125
13:58:41.676,active,15307,534,8662,16788,-7,95,61.1,50.8,No,2400,2400,0,5460,125
13:58:42.677,active,15333,502,7716,16788,0,95,61.1,51.6,No,2400,2400,0,5456,125
13:58:43.679,active,15305,472,8680,16788,0,95,60.6,50.6,No,2400,2400,0,5469,125
13:58:44.676,active,15301,528,8102,16788,0,95,61.1,52.3,No,2400,2400,0,5470,125
13:58:45.676,active,15309,532,10880,16788,0,95,61.7,51.3,No,2400,2400,0,5476,125
13:58:46.676,active,15307,500,7678,16790,3,95,61.1,46.8,No,2400,2400,0,5460,125
13:58:47.676,active,15305,588,8990,16788,0,95,60.6,47.4,No,2400,2400,0,5477,125
13:58:48.676,active,15307,638,9780,16789,0,95,61.1,47.8,No,2400,2400,0,5478,125
13:58:49.676,active,15279,824,12616,16790,0,95,60.6,47.5,No,2400,2400,0,5478,125
13:58:50.676,active,15286,924,7368,16790,0,95,60.6,47.6,No,2400,2400,0,5485,125
13:58:51.676,active,15307,714,10938,16788,0,95,61.1,50.5,No,2400,2400,0,5471,125
13:58:52.676,active,15354,516,8352,16788,0,95,61.1,48.9,No,2400,2400,0,5480,125
13:58:53.676,active,15314,736,11304,16788,0,95,61.7,49.1,No,2400,2400,0,5484,125
13:58:54.676,active,15329,760,8546,16789,0,95,60.0,49.1,No,2400,2400,0,5493,125
13:58:55.676,active,15309,544,8352,16788,0,95,61.1,48.6,No,2400,2400,0,5495,125
13:58:56.676,active,15314,450,6906,16789,0,95,60.6,46.8,No,2400,2400,0,5497,125
13:58:57.676,active,15318,572,8776,16790,3,95,61.7,46.8,No,2400,2400,0,5505,125
13:58:58.676,active,15316,678,10416,16790,0,95,60.0,47.0,No,2400,2400,0,5508,125
13:58:59.676,active,15309,634,13368,16790,0,95,61.7,46.5,No,2400,2400,0,5504,125
13:59:00.676,sleep,15264,864,13214,16788,-3,95,60.0,43.7,No,2400,2400,0,5505,125
13:59:01.676,sleep,15294,492,7234,16790,6,95,57.9,0.0,No,2400,2400,0,5527,125
13:59:02.676,sleep,15294,630,9644,16791,12,95,57.9,-0.0,No,2400,2400,0,5537,125
13:59:03.676,sleep,15294,692,8430,16790,15,95,56.8,-0.0,No,2400,2400,0,5544,125
13:59:04.676,sleep,15288,522,8024,16791,13,95,55.6,0.0,No,2400,2400,0,5531,125
13:59:05.676,sleep,15299,476,7292,16791,11,95,55.6,0.0,No,2400,2400,0,5540,125
13:59:06.676,sleep,15292,476,7292,16792,12,95,54.5,-0.0,No,1500,2400,0,5555,125
13:59:07.676,sleep,15299,488,7484,16791,12,95,54.0,-0.0,No,1500,2400,0,5337,75
13:59:08.676,sleep,15294,546,5112,16791,12,95,53.5,0.0,No,1500,2400,0,3683,75
13:59:09.676,sleep,15292,282,4340,16792,14,95,53.5,0.0,No,1500,2400,0,3418,75
13:59:10.676,sleep,15296,550,6964,16792,14,95,52.9,-0.0,No,1500,2400,0,3384,75
13:59:11.676,sleep,15301,300,4610,16793,18,95,52.9,0.0,No,1500,2400,0,3377,75
13:59:12.676,sleep,15296,294,7214,16792,17,95,52.4,0.0,No,1500,2400,0,3372,75
13:59:13.676,sleep,15301,436,6674,16792,18,95,51.8,-0.0,No,1500,2400,0,3367,75
13:59:14.676,sleep,15299,470,5304,16792,19,95,51.8,-0.0,No,1500,2400,0,3354,75
13:59:15.680,active,15286,524,8024,16794,20,95,52.4,5.3,No,1500,2400,0,3351,75
13:59:16.676,active,15352,454,6964,16791,0,95,55.6,54.0,No,2400,2400,0,3326,75
13:59:17.677,active,15311,668,10244,16790,0,95,56.2,49.6,No,2400,2400,0,3326,75
13:59:18.676,active,15352,470,7234,16790,3,95,56.2,48.4,No,2400,2400,0,3306,75
13:59:19.676,active,15326,410,7194,16790,4,95,58.4,47.9,No,2400,2400,0,3302,75
13:59:20.676,active,15341,490,7504,16789,0,95,59.5,49.0,No,2400,2400,0,3286,75
13:59:21.680,active,15326,542,7638,16789,0,95,59.0,47.7,No,2400,2400,0,3274,75
13:59:22.680,active,15311,486,7466,16789,0,95,59.0,49.1,No,2400,2400,0,3272,75
13:59:23.676,active,15318,538,7484,16789,-3,95,60.0,47.5,No,2400,2400,0,3282,75
13:59:24.677,active,15307,530,8120,16789,-3,95,58.4,47.0,No,2400,2400,0,3283,75
13:59:25.676,active,15283,786,12056,16788,0,95,59.0,47.8,No,2400,2400,0,3266,75
13:59:26.676,active,15275,778,12670,16788,0,95,60.0,48.9,No,2400,2400,0,3237,75
13:59:27.675,active,15283,736,11284,16789,-3,95,59.0,49.0,No,2400,2400,0,3247,75
13:59:28.676,active,15286,934,10686,16789,0,95,59.5,47.9,No,2400,2400,0,4813,125
13:59:29.676,active,15286,676,10378,16789,0,95,60.0,48.1,No,2400,2400,0,5340,125
13:59:30.676,active,15290,856,7522,16789,0,95,59.5,48.2,No,2400,2400,0,5382,125
13:59:31.677,active,15283,540,8276,16788,0,95,59.5,48.1,No,2400,2400,0,5383,125
13:59:32.676,active,15316,700,7446,16790,0,95,59.5,48.8,No,2400,2400,0,5382,125
13:59:33.676,active,15359,482,7408,16789,-5,95,59.5,49.0,No,2400,2400,0,5377,125
13:59:34.676,active,15301,814,12442,16789,0,95,60.6,48.7,No,2400,2400,0,5392,125
13:59:35.676,active,15283,600,9182,16789,0,95,59.0,49.0,No,2400,2400,0,5387,125
13:59:36.676,active,15273,872,13368,16789,0,95,60.0,48.2,No,2400,2400,0,5389,125
13:59:37.676,active,15245,736,13018,16788,-7,95,59.5,47.6,No,2400,2400,0,5389,125
13:59:38.676,active,15283,858,13136,16789,0,95,59.5,51.6,No,2400,2400,0,5391,125
13:59:39.676,active,15238,810,13774,16789,0,95,59.5,47.9,No,2400,2400,0,5412,125
13:59:40.676,active,15273,774,11864,16788,0,95,60.0,48.1,No,2400,2400,0,5414,125
13:59:41.676,active,15271,774,12636,16789,0,95,60.0,50.1,No,2400,2400,0,5427,125
13:59:42.676,active,15309,886,13562,16790,0,95,60.6,48.7,No,2400,2400,0,5418,125
13:59:43.677,active,15324,470,7214,16790,0,95,60.0,47.1,No,2400,2400,0,5428,125
13:59:44.676,active,15311,502,7716,16790,3,95,60.0,48.7,No,2400,2400,0,5427,125
13:59:45.679,active,15288,538,8276,16788,0,95,60.0,49.6,No,2400,2400,0,5429,125
13:59:46.676,active,15307,460,7484,16788,0,95,60.0,46.6,No,2400,2400,0,5448,125
13:59:47.676,active,15318,540,8276,16790,0,95,61.7,52.5,No,2400,2400,0,5449,125
13:59:48.676,active,15307,464,7562,16790,5,95,61.1,53.8,No,2400,2400,0,5435,125
13:59:49.676,active,15307,500,7678,16790,3,95,61.7,48.6,No,2400,2400,0,5437,125
13:59:50.681,active,15309,548,7638,16788,0,95,60.0,52.6,No,2400,2400,0,5449,125
13:59:51.677,active,15290,818,8698,16789,3,95,61.1,51.7,No,2400,2400,0,5456,125
13:59:52.676,active,15279,830,12732,16790,3,95,60.0,51.6,No,2400,2400,0,5465,125
13:59:53.676,active,15286,808,7446,16789,0,95,61.1,51.8,No,2400,2400,0,5460,125
13:59:54.676,active,15288,690,10610,16789,0,95,60.6,51.5,No,2400,2400,0,5467,125
13:59:55.676,active,15318,702,6848,16789,0,95,60.6,47.6,No,2400,2400,0,5470,125
13:59:56.676,active,15314,666,10204,16789,0,95,61.7,47.3,No,2400,2400,0,5483,125
13:59:57.676,active,15281,716,7870,16789,0,95,60.6,47.6,No,2400,2400,0,5485,125
13:59:58.676,active,15335,492,7562,16789,0,95,60.0,48.8,No,2400,2400,0,5484,125
13:59:59.676,active,15316,694,8198,16789,-3,95,60.0,47.9,No,2400,2400,0,5466,125
14:00:00.676,active,15281,772,11568,16790,0,95,60.0,48.6,No,2400,2400,0,5481,125
14:00:01.676,active,15249,730,11188,16788,0,95,61.1,49.9,No,2400,2400,0,5483,125
14:00:02.676,active,15286,568,13156,16789,0,95,62.2,49.1,No,2400,2400,0,5482,125
14:00:03.676,active,15258,680,10416,16789,0,95,61.1,49.0,No,2400,2400,0,5483,125
14:00:04.676,active,15296,734,13406,16789,0,95,60.6,48.0,No,2400,2400,0,5483,125
14:00:05.679,active,15277,806,12326,16788,0,95,60.6,48.5,No,2400,2400,0,5489,125
14:00:06.676,active,15301,748,11998,16790,0,95,60.6,46.8,No,2400,2400,0,5496,125
14:00:07.676,active,15258,798,12230,16788,0,95,60.6,47.0,No,2400,2400,0,5492,125
14:00:08.676,active,15253,786,12694,16788,0,95,60.6,47.4,No,2400,2400,0,5489,125
14:00:09.676,active,15318,496,7638,16789,0,95,61.1,47.0,No,2400,2400,0,5489,125
14:00:10.676,active,15318,510,7832,16789,0,95,61.7,45.7,No,2400,2400,0,5504,125
14:00:11.676,active,15305,434,6654,16789,-3,95,60.0,46.3,No,2400,2400,0,5504,125
14:00:12.678,active,15331,480,7368,16788,0,95,60.6,50.4,No,2400,2400,0,5502,125
14:00:13.676,active,15305,484,10498,16788,0,95,60.6,52.0,No,2400,2400,0,5493,125
14:00:14.676,active,15311,576,8854,16788,0,95,60.6,48.6,No,2400,2400,0,5504,125
14:00:15.676,sleep,15301,520,11728,16790,0,95,60.6,48.7,No,2400,2400,0,5505,125
14:00:16.676,sleep,15290,448,6886,16792,8,95,57.9,-0.0,No,2400,2400,0,5541,125
14:00:17.676,sleep,15301,514,8932,16791,9,95,57.3,0.0,No,2400,2400,0,5550,125
14:00:18.676,sleep,15294,552,8468,16791,5,95,56.2,0.0,No,2400,2400,0,5546,125
14:00:19.676,sleep,15296,456,6982,16791,9,95,56.2,-0.0,No,2400,2400,0,5555,125
14:00:20.676,sleep,15290,470,7214,16790,7,95,56.2,-0.0,No,2400,2400,0,5547,125
14:00:21.676,sleep,15292,390,5998,16790,12,95,55.1,0.0,No,1500,2400,0,5553,125
14:00:22.676,sleep,15294,496,6268,16792,13,95,54.5,0.0,No,1500,2400,0,4587,75
14:00:23.676,sleep,15296,532,8160,16791,14,95,53.5,-0.0,No,1500,2400,0,3556,75
14:00:24.676,sleep,15296,382,7870,16791,12,95,52.4,0.0,No,1500,2400,0,3400,75
14:00:25.676,sleep,15292,412,6308,16792,13,95,52.9,0.0,No,1500,2400,0,3376,75
14:00:26.676,sleep,15292,506,6828,16791,14,95,52.4,0.0,No,1500,2400,0,3373,75
14:00:27.676,sleep,15296,474,7292,16791,15,95,51.8,-0.0,No,1500,2400,0,3364,75
14:00:28.676,sleep,15290,398,6114,16792,16,95,52.4,0.0,No,1500,2400,0,3368,75
14:00:29.676,sleep,15290,376,5670,16793,13,95,51.8,-0.0,No,1500,2400,0,3350,75
14:00:30.676,sleep,15290,376,5768,16793,14,95,51.2,-0.0,No,1500,2400,0,3366,75
14:00:31.676,active,15273,852,11902,16789,0,95,55.6,57.8,No,2400,2400,0,3329,75
14:00:32.676,active,15299,686,10514,16789,0,95,55.6,46.6,No,2400,2400,0,3309,75
14:00:33.676,active,15288,828,7388,16789,0,95,56.8,47.5,No,2400,2400,0,3305,75
14:00:34.676,active,15320,648,9972,16789,0,95,57.9,48.1,No,2400,2400,0,3281,75
14:00:35.676,active,15316,666,8334,16789,0,95,57.3,47.6,No,2400,2400,0,3272,75
14:00:36.676,active,15301,482,11382,16790,0,95,57.9,47.4,No,2400,2400,0,3267,75
14:00:37.676,active,15234,822,12538,16788,0,95,59.0,48.3,No,2400,2400,0,3262,75
14:00:38.676,active,15273,588,11400,16789,0,95,59.0,48.6,No,2400,2400,0,3283,75
14:00:39.676,active,15249,716,10956,16791,0,95,58.4,47.7,No,2400,2400,0,3281,75
14:00:40.676,active,15241,864,13754,16790,-3,95,58.4,48.1,No,2400,2400,0,3262,75
14:00:41.676,active,15260,856,13078,16790,0,95,58.4,48.8,No,2400,2400,0,3256,75
14:00:42.676,active,15256,858,13156,16790,0,95,59.0,48.8,No,2400,2400,0,3229,75
14:00:43.676,active,15273,784,12018,16788,0,95,59.5,49.0,No,2400,2400,0,3245,75
14:00:44.676,active,15311,546,8372,16789,0,95,59.5,48.7,No,2400,2400,0,3241,75
14:00:45.676,active,15314,280,6674,16789,0,95,59.5,48.2,No,2400,2400,0,3249,75
14:00:46.676,active,15299,562,8622,16789,0,95,60.0,47.9,No,2400,2400,0,3230,75
14:00:47.676,active,15305,552,8468,16790,0,95,60.6,52.2,No,2400,2400,0,3233,75
14:00:48.676,active,15303,484,7446,16788,0,95,59.0,48.2,No,2400,2400,0,3232,75
14:00:49.676,active,15311,492,7542,16789,-3,95,59.5,46.6,No,2400,2400,0,3218,75
14:00:50.676,active,15329,504,8522,16788,0,95,60.6,53.0,No,2400,2400,0,4890,125
14:00:51.676,active,15307,578,8854,16790,0,95,60.6,46.2,No,2400,2400,0,5305,125
14:00:52.676,active,15299,522,11574,16790,0,95,60.0,47.2,No,2400,2400,0,5332,125
14:00:53.676,active,15288,812,12442,16789,0,95,60.0,48.9,No,2400,2400,0,5348,125
14:00:54.676,active,15288,522,8044,16789,-3,95,60.0,48.1,No,2400,2400,0,5354,125
14:00:55.676,active,15286,878,13464,16790,0,95,60.6,48.7,No,2400,2400,0,5365,125
14:00:56.676,active,15316,510,7850,16790,-6,95,60.6,47.6,No,2400,2400,0,5352,125
14:00:57.676,active,15318,728,11170,16789,-4,95,61.1,49.5,No,2400,2400,0,5343,125
14:00:58.676,active,15283,852,13040,16790,0,95,61.1,51.0,No,2400,2400,0,5358,125
14:00:59.681,active,15279,756,11594,16788,-4,95,62.2,52.8,No,2400,2400,0,5360,125
14:01:00.676,active,15311,508,7812,16788,0,95,60.0,52.4,No,2400,2400,0,5376,125
14:01:01.676,active,15277,916,14044,16789,0,95,60.6,49.5,No,2400,2400,0,5383,125
14:01:02.676,active,15260,836,12790,16788,0,95,60.6,50.1,No,2400,2400,0,5388,125
14:01:03.676,active,15268,762,13022,16787,-5,95,60.6,49.7,No,2400,2400,0,5396,125
14:01:04.677,active,15283,638,9800,16789,-3,95,61.1,52.0,No,2400,2400,0,5402,125
14:01:05.676,active,15260,778,12520,16788,-3,95,60.6,44.7,No,2400,2400,0,5401,125
14:01:06.679,active,15277,702,10764,16788,-4,95,60.6,47.6,No,2400,2400,0,5394,125
14:01:07.676,active,15273,612,13234,16789,0,95,60.0,47.0,No,2400,2400,0,5409,125
14:01:08.676,active,15266,902,13792,16789,0,95,61.1,48.1,No,2400,2400,0,5422,125
14:01:09.676,active,15299,626,13136,16789,0,95,60.6,49.4,No,2400,2400,0,5427,125
14:01:10.676,active,15277,826,12654,16789,0,95,61.7,49.1,No,2400,2400,0,5438,125
14:01:11.676,active,15354,486,7484,16789,0,95,61.7,49.7,No,2400,2400,0,5444,125
14:01:12.681,active,15301,540,7194,16790,0,95,61.7,48.9,No,2400,2400,0,5446,125
14:01:13.676,active,15305,514,7890,16789,5,95,60.6,49.1,No,2400,2400,0,5454,125
14:01:14.676,active,15307,486,9606,16789,4,95,60.6,49.6,No,2400,2400,0,5452,125
14:01:15.676,active,15305,514,7890,16789,4,95,60.0,47.0,No,2400,2400,0,5454,125
14:01:16.676,active,15303,556,9374,16789,4,95,60.0,46.5,No,2400,2400,0,5459,125
14:01:17.676,active,15266,614,9414,16789,0,95,60.6,46.6,No,2400,2400,0,5480,125
14:01:18.676,active,15303,688,10898,16789,0,95,61.7,46.1,No,2400,2400,0,5484,125
14:01:19.676,active,15283,782,11960,16789,0,95,61.1,45.4,No,2400,2400,0,5454,125
14:01:20.677,active,15288,500,7696,16788,0,95,60.6,46.0,No,2400,2400,0,5450,125
14:01:21.676,active,15296,648,6578,16789,0,95,60.6,46.0,No,2400,2400,0,5470,125
14:01:22.676,active,15318,424,6500,16790,0,95,60.6,52.2,No,2400,2400,0,5471,125
14:01:23.676,active,15339,520,8178,16789,0,95,60.6,50.1,No,2400,2400,0,5482,125
14:01:24.676,active,15346,496,7638,16789,0,95,61.1,47.5,No,2400,2400,0,5472,125
14:01:25.680,active,15311,520,8006,16788,-3,95,61.1,48.7,No,2400,2400,0,5457,125
14:01:26.676,active,15352,568,8738,16788,-3,95,61.1,48.4,No,2400,2400,0,5472,125
14:01:27.684,active,15337,474,7292,16788,-4,95,60.0,49.0,No,2400,2400,0,5488,125
14:01:28.676,active,15320,514,7890,16789,0,95,59.5,48.7,No,2400,2400,0,5490,125
14:01:29.676,active,15281,858,13156,16788,-3,95,60.6,48.4,No,2400,2400,0,5491,125
14:01:30.676,active,15268,1000,12906,16788,0,95,60.6,49.0,No,2400,2400,0,5492,125
14:01:31.676,sleep,15294,448,6886,16790,8,95,57.9,3.0,No,2400,2400,0,5513,125
14:01:32.676,sleep,15294,494,7580,16790,12,95,56.8,0.0,No,2400,2400,0,5511,125
14:01:33.676,sleep,15299,498,7638,16791,13,95,56.2,0.0,No,2400,2400,0,5518,125
14:01:34.676,sleep,15299,538,8256,16791,8,95,55.6,-0.0,No,2400,2400,0,5536,125
14:01:35.676,sleep,15299,458,7870,16790,10,95,56.2,-0.0,No,2400,2400,0,5542,125
14:01:36.676,sleep,15299,362,5536,16792,15,95,54.5,0.0,No,1500,2400,0,4101,75
14:01:37.676,sleep,15294,472,6790,16791,16,95,54.0,0.0,No,1500,2400,0,3480,75
14:01:38.676,sleep,15301,272,4166,16793,15,95,53.5,-0.0,No,1500,2400,0,3401,75
14:01:39.676,sleep,15296,612,9374,16793,14,95,52.9,-0.0,No,1500,2400,0,3365,75
14:01:40.676,sleep,15299,256,7262,16792,13,95,53.5,0.0,No,1500,2400,0,3357,75
14:01:41.676,sleep,15303,434,6636,16791,13,95,51.8,0.0,No,1500,2400,0,3351,75
14:01:42.675,sleep,15290,632,7426,16791,11,95,52.4,-0.0,No,1500,2400,0,3362,75
14:01:43.676,sleep,15303,432,6636,16791,12,95,52.4,0.0,No,1500,2400,0,3365,75
14:01:44.676,sleep,15292,480,6384,16792,13,95,51.8,0.0,No,1500,2400,0,3353,75
14:01:45.676,sleep,15290,446,6828,16793,17,95,51.8,-0.0,No,1500,2400,0,3337,75
14:01:46.676,active,15339,480,12152,16789,0,95,55.1,54.1,No,2400,2400,0,3293,75
14:01:47.676,active,15309,474,7292,16789,0,95,55.6,47.8,No,2400,2400,0,3297,75
14:01:48.676,active,15331,434,6654,16789,0,95,56.8,48.1,No,2400,2400,0,3288,75
14:01:49.676,active,15307,498,7754,16789,0,95,56.8,48.1,No,2400,2400,0,3288,75
14:01:50.676,active,15318,482,7408,16789,0,95,57.9,48.8,No,2400,2400,0,3286,75
14:01:51.676,active,15307,524,7272,16789,0,95,57.3,48.9,No,2400,2400,0,3275,75
14:01:52.676,active,15294,458,7022,16789,-3,95,59.0,49.0,No,2400,2400,0,3262,75
14:01:53.676,active,15303,494,7214,16789,0,95,58.4,48.1,No,2400,2400,0,3273,75
14:01:54.676,active,15299,610,9356,16789,0,95,58.4,48.0,No,2400,2400,0,3264,75
14:01:55.680,active,15281,660,7060,16789,-3,95,58.4,47.9,No,2400,2400,0,3258,75
14:01:56.676,active,15307,630,9664,16788,-5,95,58.4,48.9,No,2400,2400,0,3242,75
14:01:57.676,active,15281,638,9800,16787,-9,95,58.4,53.2,No,2400,2400,0,3218,75
14:01:58.676,active,15318,682,8372,16789,-6,95,59.5,46.5,No,2400,2400,0,3357,125
14:01:59.676,active,15288,530,8160,16789,0,95,60.0,45.6,No,2400,2400,0,5206,125
14:02:00.676,active,15292,730,10996,16789,0,95,60.0,46.6,No,2400,2400,0,5361,125
14:02:01.676,active,15329,452,6944,16788,-5,95,59.5,48.1,No,2400,2400,0,5368,125
14:02:02.680,active,15363,534,7252,16788,-3,95,59.5,47.0,No,2400,2400,0,5360,125
14:02:03.676,active,15271,890,13620,16788,0,95,60.0,48.0,No,2400,2400,0,5355,125
14:02:04.676,active,15279,790,12076,16790,0,95,59.5,48.4,No,2400,2400,0,5368,125
14:02:05.676,active,15277,634,9722,16790,0,95,59.5,46.7,No,2400,2400,0,5372,125
14:02:06.677,active,15264,870,13330,16790,0,95,60.0,51.8,No,2400,2400,0,5388,125
14:02:07.676,active,15260,728,11150,16788,-3,95,60.6,49.9,No,2400,2400,0,5383,125
14:02:08.682,active,15277,630,9644,16787,-5,95,61.1,52.7,No,2400,2400,0,5377,125
14:02:09.680,active,15277,672,11652,16788,-4,95,60.0,50.4,No,2400,2400,0,5389,125
14:02:10.676,active,15264,938,14352,16788,-4,95,60.0,51.8,No,2400,2400,0,5409,125
14:02:11.676,active,15273,782,12462,16789,-6,95,60.0,49.5,No,2400,2400,0,5407,125
14:02:12.676,active,15279,768,11768,16788,0,95,60.6,51.6,No,2400,2400,0,5408,125
14:02:13.676,active,15320,486,7466,16788,-6,95,61.7,51.0,No,2400,2400,0,5417,125
14:02:14.676,active,15318,496,7620,16787,-7,95,61.1,46.0,No,2400,2400,0,5419,125
14:02:15.676,active,15324,554,8506,16788,-10,95,60.6,47.8,No,2400,2400,0,5428,125
14:02:16.676,active,15316,486,7466,16789,-4,95,60.0,48.7,No,2400,2400,0,5437,125
14:02:17.676,active,15314,490,7504,16789,0,95,60.0,47.4,No,2400,2400,0,5427,125
14:02:18.676,active,15311,584,10250,16788,-3,95,60.6,48.3,No,2400,2400,0,5438,125
14:02:19.676,active,15307,522,8024,16787,-5,95,60.6,48.6,No,2400,2400,0,5439,125
14:02:20.676,active,15305,490,11112,16787,-3,95,61.1,48.7,No,2400,2400,0,5448,125
14:02:21.676,active,15283,694,10648,16790,0,95,60.0,47.9,No,2400,2400,0,5457,125
14:02:22.677,active,15277,668,10262,16789,-5,95,60.0,48.6,No,2400,2400,0,5452,125
14:02:23.676,active,15307,720,11072,16789,0,95,60.0,48.1,No,2400,2400,0,5460,125
14:02:24.676,active,15279,664,10186,16788,0,95,60.0,47.0,No,2400,2400,0,5465,125
14:02:25.676,active,15286,752,8178,16788,0,95,60.0,46.4,No,2400,2400,0,5465,125
14:02:26.678,active,15277,502,7716,16789,0,95,61.1,46.6,No,2400,2400,0,5470,125
14:02:27.676,active,15359,478,7928,16789,0,95,61.1,46.9,No,2400,2400,0,5464,125
14:02:28.681,active,15346,454,6982,16788,0,95,60.6,46.3,No,2400,2400,0,5460,125
14:02:29.676,active,15363,474,6732,16788,0,95,60.0,46.2,No,2400,2400,0,5472,125
14:02:30.678,active,15314,458,7040,16788,-3,95,60.0,45.7,No,2400,2400,0,5474,125
14:02:31.676,active,15279,886,13562,16787,-3,95,60.6,54.0,No,2400,2400,0,5475,125
14:02:32.676,active,15288,676,12096,16788,0,95,60.6,50.9,No,2400,2400,0,5494,125
14:02:33.676,active,15288,804,12326,16789,-6,95,61.1,50.1,No,2400,2400,0,5487,125
14:02:34.677,active,15309,748,12538,16788,0,95,61.1,48.9,No,2400,2400,0,5493,125
14:02:35.677,active,15286,864,13214,16788,0,95,61.1,48.1,No,2400,2400,0,5496,125
14:02:36.681,active,15277,836,13040,16788,0,95,61.1,49.5,No,2400,2400,0,5484,125
14:02:37.676,active,15281,824,12616,16789,0,95,60.6,47.9,No,2400,2400,0,5475,125
14:02:38.676,active,15283,830,11034,16790,0,95,60.0,48.9,No,2400,2400,0,5493,125
14:02:39.676,active,15283,800,12250,16789,0,95,60.6,49.1,No,2400,2400,0,5481,125
14:02:40.676,active,15322,664,10186,16788,0,95,60.6,48.7,No,2400,2400,0,5485,125
14:02:41.676,active,15309,478,9838,16790,0,95,60.0,48.5,No,2400,2400,0,5500,125
14:02:42.681,active,15307,592,9066,16789,0,95,60.0,48.4,No,2400,2400,0,5501,125
14:02:43.676,active,15303,410,11594,16790,0,95,60.6,48.5,No,2400,2400,0,5507,125
14:02:44.676,active,15305,606,9278,16789,0,95,60.0,48.0,No,2400,2400,0,5503,125
14:02:45.676,active,15311,464,13022,16789,0,95,60.0,48.7,No,2400,2400,0,5502,125
14:02:46.676,sleep,15299,498,7638,16790,10,95,57.3,6.5,No,2400,2400,0,5531,125
14:02:47.676,sleep,15296,434,8256,16791,12,95,56.8,-0.0,No,2400,2400,0,5542,125
14:02:48.676,sleep,15292,484,7426,16793,12,95,56.2,0.0,No,2400,2400,0,5544,125
14:02:49.676,sleep,15294,492,7542,16793,12,95,56.2,0.0,No,2400,2400,0,5541,125
14:02:50.676,sleep,15292,438,6732,16792,11,95,55.6,0.0,No,2400,2400,0,5554,125
14:02:51.676,sleep,15296,480,7368,16791,9,95,54.5,0.0,No,1500,2400,0,5555,125
14:02:52.676,sleep,15301,464,7138,16790,12,95,53.5,0.0,No,1500,2400,0,3842,75
14:02:53.676,sleep,15292,422,6462,16791,11,95,53.5,0.0,No,1500,2400,0,3463,75
14:02:54.676,sleep,15305,508,4378,16792,10,95,52.9,0.3,No,1500,2400,0,3394,75
14:02:55.676,sleep,15292,504,7716,16793,13,95,52.9,0.0,No,1500,2400,0,3380,75
14:02:56.676,sleep,15288,510,6096,16792,16,95,51.8,0.0,No,1500,2400,0,3371,75
14:02:57.676,sleep,15299,538,8236,16791,15,95,53.5,-0.0,No,1500,2400,0,3367,75
14:02:58.676,sleep,15288,568,8700,16791,11,95,51.8,0.0,No,1500,2400,0,3363,75
14:02:59.676,sleep,15292,400,6134,16792,14,95,51.2,0.0,No,1500,2400,0,3361,75
14:03:00.676,sleep,15292,406,6230,16791,8,95,51.8,-0.0,No,1500,2400,0,3354,75
14:03:01.676,active,15283,844,7312,16788,0,95,56.2,52.8,No,2400,2400,0,3325,75
14:03:02.676,active,15286,530,8140,16788,-4,95,56.2,48.1,No,2400,2400,0,3303,75
14:03:03.676,active,15288,796,6964,16788,-8,95,56.2,47.6,No,2400,2400,0,3294,75
14:03:04.680,active,15544,502,7736,16790,-4,95,56.8,48.1,No,2400,2400,0,3296,75
14:03:05.676,active,15316,666,7774,16789,-4,95,56.8,48.7,No,2400,2400,0,3289,75
14:03:06.676,active,15320,696,10686,16789,-3,95,57.3,51.5,No,2400,2400,0,3277,75
14:03:07.676,active,15299,846,12906,16789,0,95,57.3,48.7,No,2400,2400,0,3272,75
14:03:08.676,active,15271,826,12636,16788,-3,95,60.0,48.6,No,2400,2400,0,3281,75
14:03:09.676,active,15309,758,11594,16790,0,95,58.4,46.2,No,2400,2400,0,3281,75
14:03:10.676,active,15234,772,12298,16788,-4,95,58.4,50.4,No,2400,2400,0,3258,75
14:03:11.680,active,15253,780,11940,16790,0,95,59.5,50.0,No,2400,2400,0,3248,75
14:03:12.676,active,15245,772,11554,16789,0,95,58.4,48.1,No,2400,2400,0,4318,125
14:03:13.676,active,15277,680,10416,16788,0,95,59.5,48.7,No,2400,2400,0,5295,125
14:03:14.676,active,15258,934,13292,16788,-5,95,59.5,48.1,No,2400,2400,0,5384,125
14:03:15.677,active,15273,794,12152,16787,-4,95,60.0,49.5,No,2400,2400,0,5376,125
14:03:16.680,active,15279,530,8160,16788,-4,95,59.0,47.8,No,2400,2400,0,5373,125
14:03:17.676,active,15316,516,7928,16789,-4,95,59.5,50.8,No,2400,2400,0,5363,125
14:03:18.680,active,15335,466,7156,16789,0,95,60.0,52.5,No,2400,2400,0,5369,125
14:03:19.676,active,15335,518,7966,16789,3,95,59.5,49.2,No,2400,2400,0,5376,125
14:03:20.676,active,15341,474,7292,16788,-5,95,60.6,51.8,No,2400,2400,0,5384,125
14:03:21.676,active,15318,516,7908,16788,-4,95,59.5,51.5,No,2400,2400,0,5390,125
14:03:22.676,active,15320,436,6694,16789,-4,95,60.6,52.0,No,2400,2400,0,5398,125
14:03:23.676,active,15305,492,7542,16790,-3,95,61.1,48.0,No,2400,2400,0,5403,125
14:03:24.676,active,15303,560,8584,16788,0,95,59.5,46.8,No,2400,2400,0,5398,125
14:03:25.676,active,15268,798,13060,16789,0,95,60.0,48.4,No,2400,2400,0,5401,125
14:03:26.676,active,15288,798,12230,16789,0,95,59.5,48.3,No,2400,2400,0,5413,125
14:03:27.676,active,15277,824,13406,16788,0,95,60.6,49.5,No,2400,2400,0,5422,125
14:03:28.677,active,15286,952,14584,16789,3,95,61.1,49.5,No,2400,2400,0,5431,125
14:03:29.676,active,15281,638,9800,16790,0,95,60.6,48.1,No,2400,2400,0,5432,125
14:03:30.677,active,15314,660,10146,16790,3,95,60.6,49.1,No,2400,2400,0,5430,125
14:03:31.677,active,15281,714,10956,16789,3,95,60.6,48.9,No,2400,2400,0,5440,125
14:03:32.676,active,15350,506,7774,16787,0,95,60.0,47.6,No,2400,2400,0,5448,125
14:03:33.676,active,15281,498,7658,16788,0,95,60.0,47.8,No,2400,2400,0,5459,125
14:03:34.676,active,15253,798,9318,16788,0,95,60.6,46.8,No,2400,2400,0,5451,125
14:03:35.676,active,15266,640,9800,16788,0,95,60.6,46.6,No,2400,2400,0,5463,125
14:03:36.676,active,15258,694,8256,16788,-4,95,61.7,45.1,No,2400,2400,0,5476,125
14:03:37.676,active,15301,696,10686,16788,-5,95,60.6,46.9,No,2400,2400,0,5453,125
14:03:38.676,active,15268,826,12654,16789,0,95,60.0,45.5,No,2400,2400,0,5466,125
14:03:39.676,active,15309,718,11014,16789,0,95,59.5,46.1,No,2400,2400,0,5471,125
14:03:40.676,active,15256,726,11130,16788,0,95,60.6,49.2,No,2400,2400,0,5474,125
14:03:41.676,active,15294,812,12442,16789,0,95,60.6,49.5,No,2400,2400,0,5475,125
14:03:42.677,active,15283,808,12366,16788,-3,95,60.6,50.5,No,2400,2400,0,5469,125
14:03:43.679,active,15314,502,8776,16789,-3,95,60.6,48.1,No,2400,2400,0,5485,125
14:03:44.686,active,15320,488,7504,16788,0,95,60.6,48.6,No,2400,2400,0,5485,125
14:03:45.677,active,15314,536,7716,16789,0,95,60.0,48.1,No,2400,2400,0,5480,125
14:03:46.676,active,15314,480,7368,16788,0,95,60.0,48.6,No,2400,2400,0,5483,125
14:03:47.676,active,15318,564,7832,16789,0,95,60.0,47.7,No,2400,2400,0,5492,125
14:03:48.676,active,15305,576,8854,16790,0,95,60.6,48.6,No,2400,2400,0,5488,125
14:03:49.676,active,15311,506,9008,16788,-4,95,61.1,49.5,No,2400,2400,0,5481,125
14:03:50.676,active,15301,446,6828,16788,0,95,61.1,49.0,No,2400,2400,0,5485,125
14:03:51.677,active,15305,630,9318,16788,0,95,60.6,47.9,No,2400,2400,0,5490,125
14:03:52.680,active,15290,778,8082,16789,0,95,60.6,48.6,No,2400,2400,0,5493,125
14:03:53.676,active,15286,682,10456,16788,0,95,60.0,49.1,No,2400,2400,0,5499,125
14:03:54.676,active,15286,842,7542,16788,-6,95,60.6,49.4,No,2400,2400,0,5491,125
14:03:55.676,active,15292,514,7908,16788,-6,95,60.6,48.9,No,2400,2400,0,5502,125
14:03:56.676,active,15352,522,7310,16788,-4,95,61.1,48.7,No,2400,2400,0,5501,125
14:03:57.676,active,15281,534,8218,16789,0,95,60.6,46.7,No,2400,2400,0,5491,125
14:03:58.677,active,15322,748,7678,16789,0,95,61.1,48.1,No,2400,2400,0,5497,125
14:03:59.681,active,15305,520,8006,16789,0,95,60.0,47.5,No,2400,2400,0,5500,125
14:04:00.676,active,15337,554,8314,16790,0,95,60.6,47.1,No,2400,2400,0,5501,125
14:04:01.676,sleep,15286,552,8448,16790,10,95,57.3,9.8,No,2400,2400,0,5528,125
14:04:02.676,sleep,15296,420,6424,16791,14,95,56.8,0.0,No,2400,2400,0,5541,125
14:04:03.676,sleep,15286,544,8334,16790,12,95,56.8,-0.0,No,2400,2400,0,5542,125
14:04:04.676,sleep,15290,546,8392,16791,8,95,55.6,0.0,No,2400,2400,0,5543,125
14:04:05.676,sleep,15294,484,7426,16791,8,95,56.2,0.0,No,2400,2400,0,5550,125
14:04:06.676,sleep,15294,414,6366,16792,10,95,54.5,-0.0,No,1500,2400,0,5567,125
14:04:07.676,sleep,15290,388,5960,16791,13,95,53.5,-0.0,No,1500,2400,0,5379,75
14:04:08.676,sleep,15294,456,7002,16790,11,95,52.9,0.0,No,1500,2400,0,3695,75
14:04:09.676,sleep,15292,406,7214,16792,11,95,51.2,0.0,No,1500,2400,0,3433,75
14:04:10.676,sleep,15299,344,5266,16791,10,95,52.4,-0.0,No,1500,2400,0,3378,75
14:04:11.676,sleep,15296,482,5516,16792,14,95,52.4,0.0,No,1500,2400,0,3369,75
14:04:12.676,sleep,15296,430,6596,16792,12,95,52.9,0.0,No,1500,2400,0,3361,75
14:04:13.676,sleep,15294,306,4686,16790,10,95,51.8,-0.0,No,1500,2400,0,3369,75
14:04:14.676,sleep,15296,364,5594,16791,9,95,51.2,-0.0,No,1500,2400,0,3376,75
14:04:15.676,sleep,15294,254,3896,16791,11,95,51.2,0.0,No,1500,2400,0,3366,75
14:04:16.676,active,15296,550,12014,16789,0,95,55.1,49.3,No,2400,2400,0,3322,75
14:04:17.676,active,15296,742,11342,16788,-3,95,56.8,46.4,No,2400,2400,0,3300,75
14:04:18.676,active,15277,532,11670,16789,-3,95,57.3,45.6,No,2400,2400,0,3286,75
14:04:19.677,active,15350,504,7754,16789,0,95,56.8,46.6,No,2400,2400,0,3297,75
14:04:20.682,active,15369,470,7214,16789,0,95,56.8,46.8,No,2400,2400,0,3284,75
14:04:21.676,active,15341,486,7466,16789,0,95,57.3,49.5,No,2400,2400,0,3288,75
14:04:22.676,active,15352,498,7638,16789,0,95,58.4,46.8,No,2400,2400,0,3294,75
14:04:23.676,active,15350,520,8006,16789,0,95,59.0,47.1,No,2400,2400,0,3287,75
14:04:24.681,active,15283,530,8160,16788,-3,95,59.5,49.4,No,2400,2400,0,3269,75
14:04:25.676,active,15305,632,9702,16789,-3,95,59.5,54.3,No,2400,2400,0,3271,75
14:04:26.676,active,15354,490,7504,16789,-4,95,59.5,50.6,No,2400,2400,0,3255,75
14:04:27.676,active,15335,424,8312,16789,-5,95,59.5,52.0,No,2400,2400,0,3250,75
14:04:28.676,active,15279,812,12442,16788,-5,95,59.0,51.3,No,2400,2400,0,3242,75
14:04:29.676,active,15275,590,11670,16788,0,95,59.0,50.8,No,2400,2400,0,4755,125
14:04:30.676,active,15286,650,9972,16788,-5,95,60.0,51.3,No,2400,2400,0,5333,125
14:04:31.678,active,15273,866,13272,16789,-8,95,61.1,51.6,No,2400,2400,0,5369,125
14:04:32.676,active,15279,788,12056,16789,-5,95,60.6,50.8,No,2400,2400,0,5378,125
14:04:33.676,active,15275,758,11632,16788,-3,95,59.5,46.5,No,2400,2400,0,5369,125
14:04:34.676,active,15283,856,13098,16788,0,95,59.5,47.6,No,2400,2400,0,5391,125
14:04:35.676,active,15271,900,13792,16788,-4,95,59.5,48.1,No,2400,2400,0,5365,125
14:04:36.676,active,15283,892,13678,16788,-6,95,60.0,48.3,No,2400,2400,0,5380,125
14:04:37.676,active,15309,432,6636,16789,0,95,60.6,48.8,No,2400,2400,0,5389,125
14:04:38.676,active,15305,552,11632,16788,-3,95,60.6,48.6,No,2400,2400,0,5388,125
14:04:39.676,active,15309,698,10706,16787,-7,95,59.5,48.0,No,2400,2400,0,5401,125
14:04:40.676,active,15305,524,10456,16788,-3,95,60.0,48.1,No,2400,2400,0,5386,125
14:04:41.676,active,15279,586,8970,16788,-5,95,59.0,48.4,No,2400,2400,0,5406,125
14:04:42.676,active,15299,592,11208,16787,-8,95,60.0,47.9,No,2400,2400,0,5409,125
14:04:43.676,active,15275,682,10436,16789,-5,95,60.0,45.8,No,2400,2400,0,5419,125
14:04:44.676,active,15281,610,9336,16788,-5,95,60.6,46.5,No,2400,2400,0,5424,125
14:04:45.676,active,15286,744,11400,16787,-9,95,60.6,46.4,No,2400,2400,0,5424,125
14:04:46.676,active,15292,474,7292,16787,-8,95,60.0,45.4,No,2400,2400,0,5422,125
14:04:47.679,active,15346,516,6790,16788,-4,95,60.6,46.5,No,2400,2400,0,5437,125
14:04:48.676,active,15346,530,8140,16788,-8,95,60.0,45.7,No,2400,2400,0,5430,125
14:04:49.676,active,15346,498,7986,16789,-3,95,59.5,46.5,No,2400,2400,0,5438,125
14:04:50.676,active,15305,596,9124,16789,-6,95,60.6,53.1,No,2400,2400,0,5438,125
14:04:51.677,active,15337,498,7986,16787,-7,95,61.1,51.5,No,2400,2400,0,5454,125
14:04:52.676,active,15309,552,8468,16787,0,95,61.7,47.8,No,2400,2400,0,5451,125
14:04:53.679,active,15324,534,7948,16788,-5,95,59.5,47.2,No,2400,2400,0,5448,125
14:04:54.676,active,15316,540,8294,16787,-3,95,60.6,49.1,No,2400,2400,0,5449,125
14:04:55.676,active,15271,896,13734,16787,-5,95,60.0,48.1,No,2400,2400,0,5472,125
14:04:56.676,active,15275,744,13368,16788,0,95,60.6,49.6,No,2400,2400,0,5483,125
14:04:57.676,active,15275,818,12538,16788,0,95,60.6,48.7,No,2400,2400,0,5460,125
14:04:58.676,active,15281,842,9896,16788,0,95,61.1,49.1,No,2400,2400,0,5464,125
14:04:59.681,active,15273,880,13484,16790,0,95,61.1,48.6,No,2400,2400,0,5462,125
14:05:00.676,active,15277,934,10648,16789,0,95,61.1,48.0,No,2400,2400,0,5462,125
14:05:01.676,active,15279,910,13928,16789,0,95,59.5,48.5,No,2400,2400,0,5474,125
14:05:02.676,active,15292,830,8372,16789,0,95,60.0,48.6,No,2400,2400,0,5477,125
14:05:03.676,active,15290,706,10822,16790,0,95,61.1,49.1,No,2400,2400,0,5481,125
14:05:04.676,active,15305,788,12056,16789,0,95,61.1,49.1,No,2400,2400,0,5477,125
14:05:05.680,active,15273,496,12700,16787,-5,95,61.7,48.6,No,2400,2400,0,5492,125
14:05:06.676,active,15305,766,11710,16787,-4,95,61.7,47.6,No,2400,2400,0,5501,125
14:05:07.676,active,15271,694,10244,16788,0,95,60.0,47.6,No,2400,2400,0,5486,125
14:05:08.676,active,15271,750,11478,16788,-8,95,60.0,46.5,No,2400,2400,0,5493,125
14:05:09.676,active,15249,748,13388,16788,-5,95,60.0,47.7,No,2400,2400,0,5485,125
14:05:10.676,active,15279,842,12886,16788,-3,95,60.0,48.2,No,2400,2400,0,5487,125
14:05:11.676,active,15264,836,12152,16787,-5,95,60.6,47.2,No,2400,2400,0,5485,125
14:05:12.676,active,15268,824,12616,16786,-6,95,60.6,46.7,No,2400,2400,0,5496,125
14:05:13.676,active,15352,486,7484,16787,-3,95,60.6,47.9,No,2400,2400,0,5492,125
14:05:14.677,active,15314,482,7900,16789,-4,95,60.6,46.5,No,2400,2400,0,5488,125
14:05:15.677,active,15314,436,6674,16790,0,95,60.0,47.8,No,2400,2400,0,5497,125
14:05:16.676,sleep,15299,528,7736,16790,0,95,57.3,13.2,No,2400,2400,0,5535,125
14:05:17.676,sleep,15296,526,8064,16790,7,95,57.3,0.0,No,2400,2400,0,5540,125
14:05:18.676,sleep,15292,564,7330,16790,7,95,55.6,0.0,No,2400,2400,0,5552,125
14:05:19.676,sleep,15288,462,7098,16789,4,95,56.2,0.0,No,2400,2400,0,5565,125
14:05:20.676,sleep,15296,506,7002,16790,6,95,55.6,0.0,No,2400,2400,0,5542,125
14:05:21.676,sleep,15292,484,7426,16790,6,95,54.0,0.0,No,1500,2400,0,5558,125
14:05:22.676,sleep,15286,276,4244,16790,8,95,54.0,-0.0,No,1500,2400,0,4641,75
14:05:23.676,sleep,15290,312,8368,16790,9,95,52.9,0.5,No,1500,2400,0,3573,75
14:05:24.676,sleep,15299,392,6018,16791,12,95,52.9,0.0,No,1500,2400,0,3409,75
14:05:25.676,sleep,15296,358,7388,16791,10,95,52.4,-0.0,No,1500,2400,0,3374,75
14:05:26.676,sleep,15292,540,8294,16791,14,95,52.4,0.7,No,1500,2400,0,3365,75
14:05:27.676,sleep,15294,560,7716,16791,14,95,52.9,0.0,No,1500,2400,0,3364,75
14:05:28.676,sleep,15290,380,5826,16791,14,95,51.8,0.0,No,1500,2400,0,3362,75
14:05:29.676,sleep,15294,398,7156,16791,15,95,51.8,-0.0,No,1500,2400,0,3348,75
14:05:30.676,sleep,15294,474,7272,16790,10,95,51.2,0.0,No,1500,2400,0,3348,75
14:05:31.676,active,15266,726,11130,16788,-3,95,55.1,45.3,No,2400,2400,0,3317,75
14:05:32.676,active,15253,718,12578,16789,-8,95,56.2,51.0,No,2400,2400,0,3299,75
14:05:33.678,active,15260,744,11420,16789,-7,95,57.9,51.6,No,2400,2400,0,3294,75
14:05:34.681,active,15256,656,13754,16788,0,95,57.3,49.6,No,2400,2400,0,3297,75
14:05:35.677,active,15262,840,12866,16789,0,95,57.9,51.1,No,2400,2400,0,3279,75
14:05:36.676,active,15279,624,9568,16788,-3,95,57.3,55.4,No,2400,2400,0,3270,75
14:05:37.676,active,15286,666,10204,16789,-6,95,59.5,51.3,No,2400,2400,0,3270,75
14:05:38.676,active,15277,828,12866,16789,-4,95,58.4,52.9,No,2400,2400,0,3262,125
14:05:39.680,active,15357,782,11998,16787,-9,95,59.5,53.4,No,2400,2400,0,5144,125
14:05:40.676,active,15318,564,8662,16788,-8,95,57.9,50.3,No,2400,2400,0,5373,125
14:05:41.679,active,15331,502,7388,16787,-6,95,58.4,49.2,No,2400,2400,0,5385,125
14:05:42.676,active,15303,490,7504,16788,-4,95,58.4,48.2,No,2400,2400,0,5385,125
14:05:43.676,active,15307,476,9046,16788,-4,95,59.0,45.9,No,2400,2400,0,5397,125
14:05:44.676,active,15305,522,8024,16789,0,95,60.0,49.0,No,2400,2400,0,5383,125
14:05:45.676,active,15311,536,8564,16788,-5,95,59.5,48.2,No,2400,2400,0,5392,125
14:05:46.676,active,15281,564,8642,16787,-7,95,60.0,48.7,No,2400,2400,0,5395,125
14:05:47.681,active,15305,700,11188,16787,-5,95,60.0,48.5,No,2400,2400,0,5403,125
14:05:48.680,active,15288,912,10514,16787,-9,95,60.0,48.3,No,2400,2400,0,5410,125
14:05:49.676,active,15320,696,10706,16788,-9,95,59.5,49.1,No,2400,2400,0,5397,125
14:05:50.676,active,15286,716,7908,16787,-7,95,60.0,49.0,No,2400,2400,0,5401,125
14:05:51.676,active,15318,750,11516,16787,-5,95,59.5,49.5,No,2400,2400,0,5407,125
14:05:52.676,active,15314,700,8160,16786,-10,95,60.0,48.2,No,2400,2400,0,5410,125
14:05:53.676,active,15331,522,8024,16788,-7,95,60.0,46.8,No,2400,2400,0,5422,125
14:05:54.676,active,15352,490,7542,16788,-5,95,60.0,45.7,No,2400,2400,0,5437,125
14:05:55.676,active,15337,498,7678,16789,-5,95,59.5,46.2,No,2400,2400,0,5442,125
14:05:56.677,active,15346,482,7408,16788,-4,95,60.0,46.0,No,2400,2400,0,5435,125
14:05:57.676,active,15309,522,14236,16788,-3,95,58.4,47.3,No,2400,2400,0,5436,125
14:05:58.676,active,15273,882,13504,16790,0,95,60.0,46.9,No,2400,2400,0,5441,125
14:05:59.676,active,15294,856,12480,16789,0,95,60.0,49.9,No,2400,2400,0,5435,125
14:06:00.677,active,15273,846,12944,16790,0,95,59.5,51.4,No,2400,2400,0,5434,125
14:06:01.681,active,15279,984,13002,16788,0,95,60.0,50.3,No,2400,2400,0,5435,125
14:06:02.676,active,15279,824,12616,16787,-4,95,60.6,50.4,No,2400,2400,0,5445,125
14:06:03.677,active,15286,668,10244,16788,-3,95,59.5,47.5,No,2400,2400,0,5454,125
14:06:04.676,active,15279,778,11940,16788,-3,95,59.0,47.0,No,2400,2400,0,5463,125
14:06:05.676,active,15273,890,13658,16788,-4,95,60.0,49.9,No,2400,2400,0,5457,125
14:06:06.676,active,15309,500,10590,16789,0,95,60.0,49.6,No,2400,2400,0,5457,125
14:06:07.676,active,15309,510,7832,16788,0,95,61.7,48.1,No,2400,2400,0,5468,125
14:06:08.676,active,15309,528,11440,16787,0,95,60.6,49.6,No,2400,2400,0,5463,125
14:06:09.681,active,15273,654,10012,16787,0,95,60.0,47.9,No,2400,2400,0,5479,125
14:06:10.676,active,15305,510,12230,16789,0,95,59.5,48.0,No,2400,2400,0,5474,125
14:06:11.676,active,15283,596,9124,16789,0,95,59.5,48.7,No,2400,2400,0,5484,125
14:06:12.676,active,15273,638,9780,16789,0,95,60.0,48.5,No,2400,2400,0,5475,125
14:06:13.676,active,15253,750,11458,16789,0,95,61.1,48.6,No,2400,2400,0,5475,125
14:06:14.680,active,15281,674,10320,16789,0,95,60.0,48.0,No,2400,2400,0,5477,125
14:06:15.676,active,15357,484,7580,16788,3,95,60.6,47.2,No,2400,2400,0,5487,125
14:06:16.676,active,15352,526,8082,16789,0,95,60.0,48.0,No,2400,2400,0,5478,125
14:06:17.682,active,15329,750,8854,16790,0,95,59.5,48.2,No,2400,2400,0,5484,125
14:06:18.676,active,15322,532,8178,16790,0,95,60.0,48.1,No,2400,2400,0,5477,125
14:06:19.676,active,15322,462,7098,16788,0,95,60.0,48.7,No,2400,2400,0,5489,125
14:06:20.676,active,15318,464,7138,16789,3,95,61.1,47.9,No,2400,2400,0,5489,125
14:06:21.676,active,15352,504,7736,16789,0,95,61.1,49.3,No,2400,2400,0,5488,125
14:06:22.676,active,15307,506,7774,16788,0,95,60.0,46.0,No,2400,2400,0,5490,125
14:06:23.676,active,15309,464,7118,16788,-3,95,60.0,47.0,No,2400,2400,0,5479,125
14:06:24.677,active,15277,840,12558,16788,-4,95,59.5,47.5,No,2400,2400,0,5483,125
14:06:25.676,active,15286,914,14004,16788,-4,95,59.5,48.3,No,2400,2400,0,5490,125
14:06:26.676,active,15283,692,10610,16788,-5,95,60.0,48.8,No,2400,2400,0,5501,125
14:06:27.676,active,15290,670,10282,16788,0,95,61.1,48.9,No,2400,2400,0,5504,125
14:06:28.676,active,15281,664,10204,16789,0,95,60.0,48.6,No,2400,2400,0,5492,125
14:06:29.676,active,15314,712,7542,16789,0,95,60.0,48.1,No,2400,2400,0,5505,125
14:06:30.676,active,15307,482,7426,16789,0,95,59.5,48.2,No,2400,2400,0,5502,125
14:06:31.676,sleep,15292,582,7350,16790,8,95,57.3,15.8,No,2400,2400,0,5538,125
14:06:32.676,sleep,15290,514,7890,16790,11,95,56.2,0.0,No,2400,2400,0,5533,125
14:06:33.676,sleep,15299,476,7292,16790,12,95,56.2,0.0,No,2400,2400,0,5527,125
14:06:34.676,sleep,15296,444,7322,16790,7,95,56.2,-0.0,No,2400,2400,0,5524,125
14:06:35.676,sleep,15303,546,8372,16791,8,95,55.1,0.5,No,2400,2400,0,5537,125
14:06:36.676,sleep,15301,456,8160,16791,11,95,54.5,0.0,No,1500,2400,0,5538,125
14:06:37.676,sleep,15305,304,4668,16791,12,95,51.8,-0.0,No,1500,2400,0,4156,75
14:06:38.676,sleep,15292,394,5170,16792,17,95,52.9,-0.0,No,1500,2400,0,3501,75
14:06:39.676,sleep,15294,468,7176,16792,17,95,52.9,0.3,No,1500,2400,0,3403,75
14:06:40.676,sleep,15292,456,5440,16792,13,95,51.8,0.0,No,1500,2400,0,3374,75
14:06:41.676,sleep,15294,358,5498,16792,10,95,52.4,-0.0,No,1500,2400,0,3373,75
14:06:42.676,sleep,15303,356,5478,16792,14,95,51.8,-0.0,No,1500,2400,0,3364,75
14:06:43.676,sleep,15294,410,6288,16792,12,95,52.4,0.0,No,1500,2400,0,3362,75
14:06:44.676,sleep,15299,424,6500,16791,13,95,50.7,0.0,No,1500,2400,0,3359,75
14:06:45.676,sleep,15296,366,8448,16792,17,95,50.7,-0.0,No,1500,2400,0,3344,75
14:06:46.676,active,15318,502,7716,16789,7,95,54.0,43.8,No,2400,2400,0,3320,75
14:06:47.676,active,15305,444,7774,16789,-5,95,55.6,52.2,No,2400,2400,0,3319,75
14:06:48.677,active,15316,480,7368,16789,-5,95,57.3,51.0,No,2400,2400,0,3301,75
14:06:49.676,active,15320,462,9086,16789,-3,95,57.3,53.7,No,2400,2400,0,3292,75
14:06:50.681,active,15264,560,8564,16788,-3,95,57.3,51.9,No,2400,2400,0,3272,75
14:06:51.680,active,15290,676,10378,16789,0,95,57.3,48.4,No,2400,2400,0,3276,75
14:06:52.676,active,15288,904,7504,16789,0,95,57.3,46.0,No,2400,2400,0,3261,75
14:06:53.676,active,15283,628,9644,16789,0,95,59.0,48.1,No,2400,2400,0,3248,75
14:06:54.676,active,15322,696,8546,16789,0,95,59.0,47.2,No,2400,2400,0,3260,75
14:06:55.676,active,15311,634,9742,16788,0,95,60.0,47.8,No,2400,2400,0,3244,75
14:06:56.680,active,15316,622,8662,16788,0,95,60.6,48.5,No,2400,2400,0,3254,75
14:06:57.676,active,15326,528,8102,16789,0,95,59.0,47.4,No,2400,2400,0,3241,75
14:06:58.680,active,15350,526,7678,16789,0,95,58.4,47.4,No,2400,2400,0,3231,75
14:06:59.676,active,15359,510,7870,16790,0,95,59.0,48.2,No,2400,2400,0,3296,125
14:07:00.676,active,15281,696,10668,16789,0,95,59.0,50.0,No,2400,2400,0,5175,125
14:07:01.676,active,15266,598,12944,16789,0,95,60.0,49.2,No,2400,2400,0,5351,125
14:07:02.676,active,15279,788,12056,16789,3,95,60.0,47.4,No,2400,2400,0,5360,125
14:07:03.676,active,15281,784,12326,16789,0,95,60.0,44.8,No,2400,2400,0,5360,125
14:07:04.676,active,15273,874,13388,16789,0,95,59.0,46.0,No,2400,2400,0,5361,125
14:07:05.676,active,15260,866,13832,16790,0,95,59.0,46.5,No,2400,2400,0,5362,125
14:07:06.676,active,15288,840,12866,16788,0,95,59.5,45.6,No,2400,2400,0,5352,125
14:07:07.676,active,15273,850,13368,16788,0,95,59.5,47.4,No,2400,2400,0,5368,125
14:07:08.676,active,15316,576,11728,16788,0,95,60.0,47.5,No,2400,2400,0,5378,125
14:07:09.679,active,15344,506,7774,16789,0,95,61.1,51.4,No,2400,2400,0,5383,125
14:07:10.676,active,15307,496,8854,16790,4,95,60.0,52.4,No,2400,2400,0,5384,125
14:07:11.682,active,15309,680,10436,16790,4,95,60.6,48.9,No,2400,2400,0,5386,125
14:07:12.676,active,15305,496,11670,16789,0,95,60.0,48.6,No,2400,2400,0,5392,125
14:07:13.676,active,15277,612,9374,16788,0,95,59.5,49.1,No,2400,2400,0,5399,125
14:07:14.676,active,15309,610,8816,16789,0,95,60.0,48.6,No,2400,2400,0,5408,125
14:07:15.676,active,15260,608,9298,16790,0,95,61.1,48.4,No,2400,2400,0,5415,125
14:07:16.676,active,15279,760,11652,16790,0,95,61.1,49.1,No,2400,2400,0,5426,125
14:07:17.680,active,15311,646,12250,16788,0,95,60.0,48.7,No,2400,2400,0,5427,125
14:07:18.676,active,15309,508,7832,16788,0,95,60.0,49.0,No,2400,2400,0,5428,125
14:07:19.676,active,15320,636,7696,16789,0,95,59.5,48.1,No,2400,2400,0,5425,125
14:07:20.676,active,15324,480,7368,16789,0,95,60.0,49.1,No,2400,2400,0,5433,125
14:07:21.676,active,15333,536,6982,16788,0,95,60.0,49.4,No,2400,2400,0,5441,125
14:07:22.676,active,15326,532,8178,16789,0,95,60.6,49.4,No,2400,2400,0,5441,125
14:07:23.676,active,15339,490,8372,16789,0,95,60.0,49.4,No,2400,2400,0,5442,125
14:07:24.676,active,15322,538,8276,16789,0,95,60.6,48.6,No,2400,2400,0,5443,125
14:07:25.676,active,15324,508,7792,16789,0,95,60.6,48.4,No,2400,2400,0,5428,125
14:07:26.676,active,15283,686,13754,16790,5,95,59.5,47.2,No,2400,2400,0,5447,125
14:07:27.676,active,15283,834,12790,16789,4,95,59.5,48.1,No,2400,2400,0,5452,125
14:07:28.676,active,15290,832,11516,16789,3,95,60.6,48.9,No,2400,2400,0,5463,125
14:07:29.676,active,15286,890,13638,16788,0,95,60.6,48.0,No,2400,2400,0,5466,125
14:07:30.676,active,15275,844,10166,16790,3,95,61.1,47.1,No,2400,2400,0,5460,125
14:07:31.676,active,15307,686,10532,16790,0,95,60.0,48.1,No,2400,2400,0,5470,125
14:07:32.676,active,15281,598,9664,16789,0,95,59.5,46.2,No,2400,2400,0,5476,125
14:07:33.676,active,15316,728,11188,16788,0,95,59.5,46.9,No,2400,2400,0,5472,125
14:07:34.676,active,15316,510,7850,16790,5,95,59.5,48.4,No,2400,2400,0,5491,125
14:07:35.676,active,15301,476,11478,16789,0,95,60.0,49.0,No,2400,2400,0,5490,125
14:07:36.676,active,15283,532,8160,16788,0,95,60.0,48.9,No,2400,2400,0,5473,125
14:07:37.676,active,15290,592,13292,16789,0,95,60.6,48.2,No,2400,2400,0,5489,125
14:07:38.676,active,15247,766,11710,16789,0,95,60.6,48.2,No,2400,2400,0,5499,125
14:07:39.681,active,15283,696,13060,16788,0,95,60.0,48.5,No,2400,2400,0,5485,125
14:07:40.676,active,15266,846,12944,16788,0,95,59.0,47.4,No,2400,2400,0,5487,125
14:07:41.676,active,15253,778,13040,16790,0,95,59.5,49.4,No,2400,2400,0,5497,125
14:07:42.676,active,15262,786,12018,16790,0,95,60.0,49.2,No,2400,2400,0,5491,125
14:07:43.676,active,15238,798,12366,16789,-3,95,60.6,48.7,No,2400,2400,0,5486,125
14:07:44.676,active,15286,742,11498,16788,0,95,60.6,51.8,No,2400,2400,0,5492,125
14:07:45.676,active,15314,486,7466,16789,3,95,60.0,48.2,No,2400,2400,0,5494,125
14:07:46.676,sleep,15294,458,7368,16791,7,95,56.8,16.6,No,1500,2400,0,5528,125
14:07:47.676,sleep,15296,414,6366,16791,15,95,55.1,-0.0,No,1500,2400,0,5545,125
14:07:48.676,sleep,15296,494,5864,16792,17,95,55.1,0.0,No,1500,2400,0,5547,75
14:07:49.676,sleep,15296,418,6404,16792,18,95,54.0,0.0,No,1500,2400,0,3792,75
14:07:50.676,sleep,15294,534,8178,16791,18,95,54.0,-0.0,No,1500,2400,0,3433,75
14:07:51.676,sleep,15290,476,7310,16792,20,95,52.9,-0.0,No,1500,2400,0,3382,75
14:07:52.676,sleep,15292,308,4726,16793,20,95,52.4,0.0,No,1500,2400,0,3362,75
14:07:53.676,sleep,15299,354,4668,16792,19,95,52.4,0.0,No,1500,2400,0,3356,75
14:07:54.676,sleep,15294,568,8718,16793,17,95,51.8,0.0,No,1500,2400,0,3364,75
14:07:55.676,sleep,15292,460,7040,16792,18,95,51.2,0.0,No,1500,2400,0,3348,75
14:07:56.676,sleep,15296,390,5998,16793,19,95,51.2,0.0,No,1500,2400,0,3355,75
14:07:57.676,sleep,15290,556,8546,16793,21,95,51.2,-0.0,No,1500,2400,0,3346,75
14:07:58.676,sleep,15294,332,6136,16794,18,95,51.8,-0.0,No,1500,2400,0,3331,75
14:07:59.676,sleep,15292,276,4224,16793,16,95,50.7,0.3,No,1500,2400,0,3320,75
14:08:00.676,sleep,15290,494,6810,16792,15,95,50.7,0.0,No,1500,2400,0,3311,75
14:08:01.676,active,15333,528,8102,16790,8,95,54.0,39.0,No,2400,2400,0,3287,75
14:08:02.676,active,15264,854,13060,16789,-3,95,54.5,46.5,No,2400,2400,0,3275,75
14:08:03.676,active,15279,748,12994,16790,-5,95,56.8,49.7,No,2400,2400,0,3257,75
14:08:04.676,active,15286,792,12114,16789,0,95,57.3,48.5,No,2400,2400,0,3248,75
14:08:05.681,active,15288,550,13522,16789,0,95,57.3,48.5,No,2400,2400,0,3258,75
14:08:06.676,active,15275,794,12134,16788,-3,95,57.9,48.4,No,2400,2400,0,3241,75
14:08:07.676,active,15299,666,12886,16789,0,95,57.3,47.8,No,2400,2400,0,3250,75
14:08:08.676,active,15279,830,12712,16789,0,95,58.4,47.3,No,2400,2400,0,3232,75
14:08:09.676,active,15283,662,13078,16790,0,95,59.0,47.6,No,2400,2400,0,3210,75
14:08:10.676,active,15296,580,8892,16788,0,95,59.0,49.6,No,2400,2400,0,3214,75
14:08:11.676,active,15346,470,7214,16789,0,95,59.5,48.8,No,2400,2400,0,3232,75
14:08:12.676,active,15311,456,8912,16790,0,95,59.0,46.4,No,2400,2400,0,3231,75
14:08:13.677,active,15303,592,9104,16790,4,95,59.0,45.8,No,2400,2400,0,3204,75
14:08:14.676,active,15309,502,10744,16789,0,95,59.0,45.4,No,2400,2400,0,3200,75
14:08:15.676,active,15258,598,9162,16788,3,95,59.0,46.5,No,2400,2400,0,3212,75
14:08:16.676,active,15307,1020,13022,16788,0,95,59.0,46.2,No,2400,2400,0,3934,125
14:08:17.676,active,15286,790,12096,16790,0,95,58.4,46.8,No,2400,2400,0,5238,125
14:08:18.676,active,15309,806,12326,16789,0,95,59.5,47.7,No,2400,2400,0,5325,125
14:08:19.677,active,15266,748,11458,16789,0,95,60.0,51.1,No,2400,2400,0,5329,125
14:08:20.676,active,15320,524,8044,16788,-3,95,59.5,48.1,No,2400,2400,0,5329,125
14:08:21.676,active,15344,496,7850,16789,-4,95,58.4,47.5,No,2400,2400,0,5336,125
14:08:22.676,active,15326,484,7446,16788,-3,95,59.0,49.4,No,2400,2400,0,5342,125
14:08:23.676,active,15331,470,8082,16790,0,95,60.6,47.6,No,2400,2400,0,5343,125
14:08:24.676,active,15333,472,7272,16790,0,95,60.6,48.7,No,2400,2400,0,5358,125
14:08:25.676,active,15348,472,7252,16790,0,95,60.0,48.6,No,2400,2400,0,5362,125
14:08:26.680,active,15318,518,7966,16789,0,95,59.0,48.9,No,2400,2400,0,5373,125
14:08:27.680,active,15354,424,6520,16789,0,95,59.5,48.1,No,2400,2400,0,5373,125
14:08:28.676,active,15279,746,12520,16789,0,95,59.5,48.5,No,2400,2400,0,5360,125
14:08:29.676,active,15271,900,13774,16789,0,95,60.0,49.0,No,2400,2400,0,5371,125
14:08:30.676,active,15271,764,13928,16790,0,95,60.6,48.0,No,2400,2400,0,5395,125
14:08:31.676,active,15275,860,13176,16789,-3,95,61.1,49.4,No,2400,2400,0,5392,125
14:08:32.677,active,15281,760,13310,16788,0,95,60.0,48.0,No,2400,2400,0,5409,125
14:08:33.676,active,15283,856,13118,16788,0,95,60.0,48.5,No,2400,2400,0,5407,125
14:08:34.676,active,15281,702,10784,16788,0,95,59.5,47.6,No,2400,2400,0,5412,125
14:08:35.676,active,15286,936,14352,16789,0,95,59.5,47.7,No,2400,2400,0,5421,125
14:08:36.676,active,15283,542,8334,16790,0,95,59.5,47.8,No,2400,2400,0,5433,125
14:08:37.676,active,15301,510,11786,16789,4,95,60.6,48.2,No,2400,2400,0,5429,125
14:08:38.676,active,15264,584,8932,16789,0,95,60.6,48.4,No,2400,2400,0,5420,125
14:08:39.676,active,15301,640,10532,16789,0,95,61.1,48.1,No,2400,2400,0,5426,125
14:08:40.676,active,15281,694,10628,16791,0,95,59.0,46.3,No,2400,2400,0,5448,125
14:08:41.680,active,15273,854,12210,16790,0,95,60.6,47.9,No,2400,2400,0,5446,125
14:08:42.676,active,15253,702,10726,16790,0,95,59.5,48.0,No,2400,2400,0,5443,125
14:08:43.676,active,15281,754,11536,16789,0,95,59.5,48.1,No,2400,2400,0,5443,125
14:08:44.676,active,15264,890,13620,16789,0,95,60.0,48.7,No,2400,2400,0,5449,125
14:08:45.676,active,15249,812,12424,16789,0,95,60.0,48.9,No,2400,2400,0,5463,125
14:08:46.676,active,15337,522,8120,16788,0,95,60.0,48.4,No,2400,2400,0,5462,125
14:08:47.676,active,15316,512,7870,16789,0,95,59.5,47.8,No,2400,2400,0,5465,125
14:08:48.681,active,15326,458,8604,16789,-4,95,60.0,48.5,No,2400,2400,0,5468,125
14:08:49.676,active,15309,588,9028,16789,0,95,60.0,47.8,No,2400,2400,0,5472,125
14:08:50.676,active,15309,518,7948,16788,0,95,59.5,48.7,No,2400,2400,0,5485,125
14:08:51.676,active,15307,558,8564,16790,0,95,60.6,49.2,No,2400,2400,0,5473,125
14:08:52.676,active,15311,482,7388,16790,0,95,60.6,48.7,No,2400,2400,0,5474,125
14:08:53.676,active,15303,510,7832,16789,0,95,60.0,47.9,No,2400,2400,0,5481,125
14:08:54.676,active,15307,506,7774,16788,0,95,61.1,52.7,No,2400,2400,0,5460,125
14:08:55.676,active,15288,872,11670,16788,-3,95,60.0,46.4,No,2400,2400,0,5479,125
14:08:56.676,active,15311,686,10532,16788,-5,95,60.0,46.6,No,2400,2400,0,5481,125
14:08:57.676,active,15286,516,9972,16789,-4,95,61.1,50.9,No,2400,2400,0,5473,125
14:08:58.676,active,15314,696,10706,16788,-3,95,60.6,48.2,No,2400,2400,0,5471,125
14:08:59.676,active,15299,766,11728,16787,-3,95,61.1,50.9,No,2400,2400,0,5480,125
14:09:00.676,active,15314,492,7542,16788,-6,95,60.6,47.2,No,2400,2400,0,5487,125
14:09:01.676,sleep,15296,508,7792,16789,0,95,57.9,20.4,No,2400,2400,0,5516,125
14:09:02.676,sleep,15299,552,7444,16790,5,95,56.8,-0.0,No,2400,2400,0,5541,125
14:09:03.676,sleep,15299,454,6964,16791,9,95,56.8,0.0,No,2400,2400,0,5531,125
14:09:04.676,sleep,15299,730,8064,16790,6,95,55.6,0.0,No,2400,2400,0,5536,125
14:09:05.676,sleep,15292,514,7870,16790,6,95,55.1,-0.0,No,2400,2400,0,5540,125
14:09:06.676,sleep,15299,496,7620,16791,6,95,54.0,0.0,No,1500,2400,0,5542,125
14:09:07.676,sleep,15299,486,7466,16793,10,95,54.0,0.0,No,1500,2400,0,5403,75
14:09:08.676,sleep,15299,510,7812,16793,14,95,53.5,0.0,No,1500,2400,0,3686,75
14:09:09.676,sleep,15294,498,7638,16792,13,95,52.4,-0.0,No,1500,2400,0,3423,75
14:09:10.676,sleep,15292,442,6770,16791,16,95,52.4,-0.0,No,1500,2400,0,3384,75
14:09:11.676,sleep,15296,342,8574,16790,13,95,51.8,0.0,No,1500,2400,0,3358,75
14:09:12.676,sleep,15294,508,7792,16791,10,95,51.8,0.0,No,1500,2400,0,3357,75
14:09:13.676,sleep,15296,486,7426,16792,12,95,51.8,-0.0,No,1500,2400,0,3367,75
14:09:14.676,sleep,15296,426,6538,16792,11,95,50.7,0.0,No,1500,2400,0,3357,75
14:09:15.676,sleep,15294,556,8546,16792,14,95,52.4,0.0,No,1500,2400,0,3346,75
14:09:16.682,active,15309,472,7234,16788,8,95,54.0,37.6,No,2400,2400,0,3316,75
14:09:17.676,active,15316,454,6964,16789,0,95,55.6,47.6,No,2400,2400,0,3313,75
14:09:18.676,active,15294,436,10278,16789,0,95,56.8,48.9,No,2400,2400,0,3303,75
14:09:19.676,active,15311,602,9220,16789,-6,95,57.3,49.5,No,2400,2400,0,3287,75
14:09:20.676,active,15299,438,11806,16788,-5,95,57.3,48.1,No,2400,2400,0,3294,75
14:09:21.681,active,15256,678,10358,16789,-5,95,57.9,47.9,No,2400,2400,0,3287,75
14:09:22.676,active,15279,726,11150,16788,0,95,57.9,46.3,No,2400,2400,0,3265,75
14:09:23.676,active,15290,738,8508,16788,-3,95,57.3,47.2,No,2400,2400,0,3264,75
14:09:24.676,active,15288,526,8102,16789,-3,95,58.4,47.3,No,2400,2400,0,3248,75
14:09:25.676,active,15311,730,7832,16790,0,95,58.4,46.8,No,2400,2400,0,3247,75
14:09:26.676,active,15286,432,6654,16789,0,95,59.0,46.2,No,2400,2400,0,3232,75
14:09:27.676,active,15363,532,6982,16788,-3,95,59.0,45.5,No,2400,2400,0,3237,75
14:09:28.679,active,15322,498,7638,16787,-3,95,59.0,48.6,No,2400,2400,0,3231,75
14:09:29.680,active,15311,664,7850,16788,0,95,59.0,52.3,No,2400,2400,0,3224,75
14:09:30.676,active,15331,438,6752,16789,0,95,58.4,49.0,No,2400,2400,0,4669,125
14:09:31.676,active,15260,796,12192,16788,-3,95,59.0,48.2,No,2400,2400,0,5305,125
14:09:32.676,active,15277,626,12056,16788,0,95,59.5,48.9,No,2400,2400,0,5351,125
14:09:33.676,active,15279,762,11670,16788,0,95,60.6,50.0,No,2400,2400,0,5360,125
14:09:34.676,active,15277,868,12500,16788,-5,95,60.0,48.7,No,2400,2400,0,5360,125
14:09:35.679,active,15271,862,13194,16789,-3,95,60.0,48.6,No,2400,2400,0,5352,125
14:09:36.677,active,15279,868,13292,16789,-4,95,60.0,49.0,No,2400,2400,0,5365,125
14:09:37.676,active,15279,908,13908,16789,0,95,60.0,47.2,No,2400,2400,0,5369,125
14:09:38.676,active,15275,846,12964,16788,-5,95,60.0,49.0,No,2400,2400,0,5375,125
14:09:39.676,active,15309,808,12384,16789,-5,95,60.0,49.3,No,2400,2400,0,5374,125
14:09:40.679,active,15307,616,9452,16788,-3,95,59.5,48.3,No,2400,2400,0,5374,125
14:09:41.676,active,15301,498,10146,16788,-4,95,59.0,48.0,No,2400,2400,0,5395,125
14:09:42.677,active,15281,578,8854,16788,-7,95,59.5,47.9,No,2400,2400,0,5399,125
14:09:43.681,active,15301,890,12192,16788,-5,95,60.0,48.3,No,2400,2400,0,5404,125
14:09:44.676,active,15266,722,11054,16789,-3,95,60.0,46.7,No,2400,2400,0,5416,125
14:09:45.676,active,15286,838,12828,16787,-6,95,60.0,49.4,No,2400,2400,0,5427,125
14:09:46.676,active,15258,758,11594,16787,-6,95,60.0,47.9,No,2400,2400,0,5418,125
14:09:47.676,active,15266,840,12866,16788,0,95,61.1,48.9,No,2400,2400,0,5422,125
14:09:48.680,active,15236,836,13026,16789,-5,95,61.1,47.6,No,2400,2400,0,5418,125
14:09:49.676,active,15326,514,7890,16789,-3,95,60.0,46.5,No,2400,2400,0,5422,125
14:09:50.677,active,15333,448,6886,16789,-4,95,59.0,47.4,No,2400,2400,0,5429,125
14:09:51.676,active,15322,576,8834,16787,-6,95,60.6,48.4,No,2400,2400,0,5433,125
14:09:52.676,active,15322,554,8506,16788,-6,95,59.5,48.4,No,2400,2400,0,5449,125
14:09:53.676,active,15324,540,8294,16789,0,95,60.0,48.5,No,2400,2400,0,5453,125
14:09:54.676,active,15322,460,7060,16789,0,95,60.6,48.9,No,2400,2400,0,5448,125
14:09:55.676,active,15307,598,8082,16788,0,95,60.6,48.2,No,2400,2400,0,5462,125
14:09:56.676,active,15307,496,7600,16789,0,95,60.0,48.1,No,2400,2400,0,5477,125
14:09:57.676,active,15281,742,11400,16788,-6,95,59.5,47.6,No,2400,2400,0,5467,125
14:09:58.676,active,15288,772,7748,16787,-5,95,59.5,49.2,No,2400,2400,0,5456,125
14:09:59.676,active,15279,638,9800,16788,-3,95,60.0,48.8,No,2400,2400,0,5463,125
14:10:00.676,active,15320,782,8044,16789,0,95,59.5,48.7,No,2400,2400,0,5475,125
14:10:01.676,active,15311,626,9606,16790,0,95,60.6,50.5,No,2400,2400,0,5474,125
14:10:02.676,active,15318,696,8006,16788,0,95,60.6,48.2,No,2400,2400,0,5472,125
14:10:03.677,active,15357,442,6810,16788,0,95,60.0,50.1,No,2400,2400,0,5474,125
14:10:04.682,active,15314,646,8604,16787,-4,95,59.0,50.0,No,2400,2400,0,5477,125
14:10:05.676,active,15357,522,8044,16789,-3,95,60.0,45.1,No,2400,2400,0,5481,125
14:10:06.677,active,15311,914,13966,16789,-5,95,61.1,49.9,No,2400,2400,0,5483,125
14:10:07.676,active,15251,790,13368,16789,-6,95,60.0,48.6,No,2400,2400,0,5485,125
14:10:08.676,active,15260,826,12654,16788,-3,95,61.1,48.1,No,2400,2400,0,5481,125
14:10:09.676,active,15283,688,9896,16787,-3,95,60.6,49.0,No,2400,2400,0,5487,125
14:10:10.676,active,15275,892,13678,16788,-5,95,60.0,47.7,No,2400,2400,0,5492,125
14:10:11.679,active,15268,682,10456,16787,-6,95,60.6,49.6,No,2400,2400,0,5499,125
14:10:12.676,active,15279,658,10070,16787,-8,95,60.0,52.8,No,2400,2400,0,5489,125
14:10:13.676,active,15279,756,11612,16789,-7,95,61.1,54.2,No,2400,2400,0,5487,125
14:10:14.680,active,15290,618,9472,16787,0,95,61.1,52.5,No,2400,2400,0,5489,125
14:10:15.676,active,15348,480,7388,16788,0,95,61.1,53.7,No,2400,2400,0,5481,125
14:10:16.676,sleep,15301,450,7002,16790,3,95,57.9,26.2,No,2400,2400,0,5516,125
14:10:17.676,sleep,15296,438,6732,16790,9,95,57.3,0.2,No,2400,2400,0,5530,125
14:10:18.676,sleep,15292,682,8294,16790,9,95,55.6,0.0,No,2400,2400,0,5528,125
14:10:19.676,sleep,15296,392,6018,16789,4,95,55.1,-0.0,No,2400,2400,0,5531,125
14:10:20.676,sleep,15294,434,6654,16788,3,95,55.1,0.0,No,2400,2400,0,5541,125
14:10:21.676,sleep,15292,484,7408,16790,5,95,54.5,0.3,No,1500,2400,0,5541,125
14:10:22.676,sleep,15294,532,8178,16792,10,95,54.0,-0.0,No,1500,2400,0,4646,75
14:10:23.676,sleep,15301,292,7034,16791,13,95,52.9,-0.0,No,1500,2400,0,3565,75
14:10:24.676,sleep,15294,342,5246,16791,15,95,52.9,0.0,No,1500,2400,0,3406,75
14:10:25.676,sleep,15296,402,7812,16791,13,95,52.9,0.0,No,1500,2400,0,3379,75
14:10:26.676,sleep,15301,358,5498,16792,13,95,52.4,-0.0,No,1500,2400,0,3363,75
14:10:27.676,sleep,15294,392,6482,16791,11,95,51.8,0.0,No,1500,2400,0,3345,75
14:10:28.676,sleep,15296,290,4456,16790,7,95,52.4,0.0,No,1500,2400,0,3346,75
14:10:29.676,sleep,15294,440,6752,16790,7,95,51.8,-0.0,No,1500,2400,0,3351,75
14:10:30.676,sleep,15303,334,5130,16790,10,95,51.2,-0.0,No,1500,2400,0,3353,75
14:10:31.676,active,15346,546,8372,16789,0,95,55.1,33.5,No,2400,2400,0,3310,75
14:10:32.676,active,15354,400,6172,16790,-3,95,54.5,45.5,No,2400,2400,0,3289,75
14:10:33.676,active,15258,856,13078,16788,-7,95,55.6,46.9,No,2400,2400,0,3289,75
14:10:34.676,active,15271,542,12192,16788,-3,95,57.9,46.9,No,2400,2400,0,3299,75
14:10:35.676,active,15275,846,12964,16788,-3,95,57.3,47.0,No,2400,2400,0,3283,75
14:10:36.676,active,15307,790,12114,16788,-5,95,57.3,44.9,No,2400,2400,0,3276,75
14:10:37.677,active,15294,706,10822,16790,0,95,57.9,47.9,No,2400,2400,0,3256,75
14:10:38.677,active,15309,752,11536,16788,-5,95,58.4,53.4,No,2400,2400,0,3257,75
14:10:39.676,active,15273,802,12544,16787,-5,95,58.4,48.1,No,2400,2400,0,3255,75
14:10:40.676,active,15273,818,12520,16787,-7,95,58.4,49.6,No,2400,2400,0,3256,75
14:10:41.676,active,15277,896,12500,16787,-6,95,59.5,48.4,No,2400,2400,0,3249,75
14:10:42.676,active,15305,482,7408,16789,-4,95,59.5,49.2,No,2400,2400,0,5077,125
14:10:43.681,active,15316,616,9432,16789,0,95,59.0,48.6,No,2400,2400,0,5361,125
14:10:44.676,active,15303,632,9684,16788,0,95,60.0,47.8,No,2400,2400,0,5374,125
14:10:45.676,active,15305,712,10898,16788,0,95,59.0,48.6,No,2400,2400,0,5348,125
14:10:46.676,active,15273,592,13418,16788,-5,95,59.0,49.1,No,2400,2400,0,5365,125
14:10:47.676,active,15311,700,10706,16790,0,95,60.0,47.9,No,2400,2400,0,5384,125
14:10:48.676,active,15271,694,12616,16789,-3,95,60.0,49.0,No,2400,2400,0,5395,125
14:10:49.679,active,15281,662,10146,16790,-3,95,60.6,49.0,No,2400,2400,0,5376,125
14:10:50.680,active,15264,756,12210,16789,0,95,61.1,48.5,No,2400,2400,0,5381,125
14:10:51.676,active,15314,480,7368,16788,-3,95,59.5,48.9,No,2400,2400,0,5389,125
14:10:52.676,active,15311,488,7504,16788,0,95,59.5,47.8,No,2400,2400,0,5390,125
14:10:53.676,active,15339,552,7994,16789,3,95,60.0,48.5,No,2400,2400,0,5404,125
14:10:54.676,active,15337,494,7580,16790,0,95,59.5,48.2,No,2400,2400,0,5420,125
14:10:55.676,active,15335,434,7080,16789,0,95,60.0,49.1,No,2400,2400,0,5419,125
14:10:56.677,active,15324,550,8430,16788,0,95,60.0,48.5,No,2400,2400,0,5422,125
14:10:57.680,active,15324,556,7330,16788,-5,95,60.0,47.2,No,2400,2400,0,5429,125
14:10:58.676,active,15318,460,7080,16786,-10,95,59.5,46.3,No,2400,2400,0,5434,125
14:10:59.677,active,15277,826,12674,16788,-11,95,59.5,47.9,No,2400,2400,0,5437,125
14:11:00.676,active,15281,834,10668,16788,-6,95,59.5,47.5,No,2400,2400,0,5443,125
14:11:01.676,active,15281,748,11458,16788,-9,95,59.0,47.5,No,2400,2400,0,5454,125
14:11:02.676,active,15283,858,10686,16788,-7,95,60.0,47.5,No,2400,2400,0,5452,125
14:11:03.676,active,15318,708,10880,16788,-5,95,59.5,48.2,No,2400,2400,0,5457,125
14:11:04.676,active,15281,704,7388,16789,-3,95,60.0,49.2,No,2400,2400,0,5436,125
14:11:05.676,active,15301,832,12770,16788,-6,95,59.5,48.7,No,2400,2400,0,5454,125
14:11:06.677,active,15314,646,7156,16789,-5,95,59.0,47.8,No,2400,2400,0,5455,125
14:11:07.676,active,15309,588,9008,16789,0,95,59.5,48.1,No,2400,2400,0,5457,125
14:11:08.676,active,15303,896,13696,16788,0,95,59.5,49.2,No,2400,2400,0,5461,125
14:11:09.676,active,15283,636,12268,16789,0,95,60.0,49.0,No,2400,2400,0,5472,125
14:11:10.676,active,15249,752,11498,16787,-3,95,60.0,48.7,No,2400,2400,0,5461,125
14:11:11.676,active,15277,672,12578,16788,-4,95,59.5,48.2,No,2400,2400,0,5464,125
14:11:12.676,active,15260,890,13600,16788,0,95,59.0,48.0,No,2400,2400,0,5473,125
14:11:13.676,active,15262,822,12578,16788,0,95,59.5,52.8,No,2400,2400,0,5479,125
14:11:14.676,active,15262,854,13078,16788,0,95,59.0,46.2,No,2400,2400,0,5491,125
14:11:15.676,active,15260,792,12134,16787,0,95,60.6,46.4,No,2400,2400,0,5496,125
14:11:16.676,active,15273,914,14004,16788,-3,95,59.5,49.5,No,2400,2400,0,5507,125
14:11:17.676,active,15314,498,7658,16788,0,95,60.0,49.0,No,2400,2400,0,5498,125
14:11:18.681,active,15329,574,7080,16787,-5,95,60.0,48.4,No,2400,2400,0,5491,125
14:11:19.676,active,15316,496,7620,16788,-3,95,59.0,45.7,No,2400,2400,0,5485,125
14:11:20.676,active,15316,528,8102,16790,0,95,59.5,45.7,No,2400,2400,0,5493,125
14:11:21.676,active,15316,490,7504,16789,0,95,60.0,52.4,No,2400,2400,0,5480,125
14:11:22.676,active,15339,530,8140,16789,0,95,60.0,51.5,No,2400,2400,0,5479,125
14:11:23.676,active,15333,474,7292,16788,0,95,61.1,52.2,No,2400,2400,0,5471,125
14:11:24.676,active,15311,520,7986,16788,0,95,60.0,50.9,No,2400,2400,0,5498,125
14:11:25.681,active,15303,424,9124,16788,-3,95,59.5,51.1,No,2400,2400,0,5497,125
14:11:26.677,active,15294,634,9722,16789,0,95,60.6,52.8,No,2400,2400,0,5501,125
14:11:27.676,active,15281,700,10744,16788,-4,95,60.0,52.8,No,2400,2400,0,5502,125
14:11:28.676,active,15283,876,13426,16788,0,95,60.0,50.8,No,2400,2400,0,5492,125
14:11:29.676,active,15281,688,10572,16787,0,95,60.6,53.2,No,2400,2400,0,5488,125
14:11:30.677,active,15288,752,7164,16788,0,95,60.6,48.7,No,2400,2400,0,5490,125
14:11:31.676,sleep,15288,520,7986,16790,0,95,57.3,25.3,No,2400,2400,0,5515,125
14:11:32.676,sleep,15299,382,7310,16791,9,95,56.2,0.0,No,2400,2400,0,5541,125
14:11:33.676,sleep,15292,546,8372,16790,9,95,56.8,0.0,No,2400,2400,0,5548,125
14:11:34.676,sleep,15292,518,8102,16790,7,95,55.1,0.0,No,2400,2400,0,5537,125
14:11:35.676,sleep,15296,534,8198,16790,9,95,54.5,-0.0,No,2400,2400,0,5533,125
14:11:36.676,sleep,15299,284,4358,16790,11,95,54.0,0.0,No,1500,2400,0,4145,75
14:11:37.676,sleep,15294,486,5940,16792,16,95,52.4,0.0,No,1500,2400,0,3489,75
14:11:38.676,sleep,15299,462,7098,16792,13,95,52.4,-0.0,No,1500,2400,0,3396,75
14:11:39.676,sleep,15294,414,7696,16791,11,95,52.9,-0.0,No,1500,2400,0,3377,75
14:11:40.676,sleep,15290,544,8352,16791,12,95,51.8,0.0,No,1500,2400,0,3373,75
14:11:41.676,sleep,15292,398,5998,16790,10,95,52.4,-0.0,No,1500,2400,0,3371,75
14:11:42.676,sleep,15290,474,7272,16791,11,95,52.9,-0.0,No,1500,2400,0,3367,75
14:11:43.676,sleep,15296,504,7736,16791,9,95,51.2,0.0,No,1500,2400,0,3347,75
14:11:44.676,sleep,15301,432,8352,16792,10,95,50.7,0.0,No,1500,2400,0,3342,75
14:11:45.676,sleep,15299,428,6558,16791,6,95,50.7,-0.0,No,1500,2400,0,3343,75
14:11:46.676,active,15307,462,6828,16788,6,95,52.9,31.0,No,2400,2400,0,3309,75
14:11:47.679,active,15296,520,7966,16789,0,95,54.5,46.5,No,2400,2400,0,3280,75
14:11:48.676,active,15305,516,7908,16787,-7,95,55.1,49.7,No,2400,2400,0,3272,75
14:11:49.676,active,15294,404,6212,16789,-7,95,56.2,49.6,No,2400,2400,0,3271,75
14:11:50.676,active,15303,632,9684,16790,-6,95,57.3,49.7,No,2400,2400,0,3254,75
14:11:51.676,active,15309,416,6404,16790,-3,95,59.5,48.0,No,2400,2400,0,3261,75
14:11:52.681,active,15299,690,10552,16788,-8,95,56.2,49.5,No,2400,2400,0,3254,75
14:11:53.676,active,15288,626,8120,16787,-9,95,57.9,47.0,No,2400,2400,0,3241,75
14:11:54.679,active,15337,516,7928,16787,-10,95,57.3,49.6,No,2400,2400,0,3236,75
14:11:55.676,active,15318,468,7194,16789,-7,95,59.0,49.5,No,2400,2400,0,3233,75
14:11:56.676,active,15357,482,7408,16789,-4,95,58.4,50.2,No,2400,2400,0,3228,75
14:11:57.676,active,15309,496,7620,16789,0,95,59.5,49.3,No,2400,2400,0,3232,75
14:11:58.676,active,15361,538,8020,16788,-3,95,59.5,48.4,No,2400,2400,0,3212,75
14:11:59.676,active,15305,488,7504,16788,0,95,58.4,47.6,No,2400,2400,0,3215,75
14:12:00.676,active,15341,460,8102,16788,0,95,59.0,49.1,No,2400,2400,0,3205,75
14:12:01.676,active,15311,520,7986,16789,0,95,58.4,48.5,No,2400,2400,0,3208,75
14:12:02.676,active,15279,776,11882,16789,0,95,59.5,49.3,No,2400,2400,0,3196,75
14:12:03.676,active,15273,806,12636,16789,0,95,59.0,48.2,No,2400,2400,0,3195,75
14:12:04.676,active,15260,834,12770,16788,0,95,59.0,48.0,No,2400,2400,0,3193,125
14:12:05.678,active,15286,780,12944,16789,0,95,60.6,49.0,No,2400,2400,0,5068,125
14:12:06.680,active,15281,812,12442,16789,0,95,60.6,46.7,No,2400,2400,0,5299,125
14:12:07.676,active,15275,850,12578,16788,-4,95,59.0,47.2,No,2400,2400,0,5321,125
14:12:08.676,active,15281,840,12848,16788,-6,95,59.0,47.2,No,2400,2400,0,5315,125
14:12:09.676,active,15271,842,12906,16788,0,95,59.5,48.9,No,2400,2400,0,5302,125
14:12:10.676,active,15290,808,12384,16787,-3,95,59.5,47.6,No,2400,2400,0,5313,125
14:12:11.676,active,15307,600,9220,16788,-7,95,60.0,48.0,No,2400,2400,0,5321,125
14:12:12.676,active,15309,718,10744,16787,-8,95,60.0,46.7,No,2400,2400,0,5335,125
14:12:13.676,active,15279,526,8044,16788,-4,95,60.0,48.2,No,2400,2400,0,5336,125
14:12:14.676,active,15307,786,12038,16788,-5,95,59.0,48.3,No,2400,2400,0,5338,125
14:12:15.676,active,15283,564,8642,16788,-4,95,58.4,47.6,No,2400,2400,0,5357,125
14:12:16.676,active,15290,826,12636,16788,0,95,59.0,48.8,No,2400,2400,0,5360,125
14:12:17.676,active,15264,778,13542,16789,-6,95,59.5,48.9,No,2400,2400,0,5364,125
14:12:18.676,active,15277,864,13214,16790,-3,95,59.5,48.7,No,2400,2400,0,5385,125
14:12:19.676,active,15238,748,13734,16789,-4,95,59.5,48.2,No,2400,2400,0,5398,125
14:12:20.676,active,15318,540,8294,16788,0,95,60.0,48.0,No,2400,2400,0,5388,125
14:12:21.676,active,15286,496,7638,16787,0,95,59.5,48.9,No,2400,2400,0,5403,125
14:12:22.676,active,15322,514,8276,16786,-5,95,58.4,48.1,No,2400,2400,0,5395,125
14:12:23.676,active,15339,480,7368,16788,0,95,59.5,50.9,No,2400,2400,0,5398,125
14:12:24.676,active,15316,524,7870,16789,-3,95,60.0,46.1,No,2400,2400,0,5414,125
14:12:25.676,active,15318,576,8834,16788,-4,95,61.1,47.6,No,2400,2400,0,5426,125
14:12:26.683,active,15314,482,7156,16788,-5,95,60.0,45.8,No,2400,2400,0,5424,125
14:12:27.681,active,15311,456,6982,16787,-7,95,60.0,47.7,No,2400,2400,0,5419,125
14:12:28.676,active,15322,544,8352,16787,-7,95,60.0,47.0,No,2400,2400,0,5436,125
14:12:29.676,active,15279,694,11998,16788,-6,95,59.5,48.0,No,2400,2400,0,5419,125
14:12:30.676,active,15290,804,12326,16788,-4,95,59.5,48.7,No,2400,2400,0,5424,125
14:12:31.676,active,15290,842,10572,16788,-4,95,61.1,51.8,No,2400,2400,0,5438,125
14:12:32.677,active,15279,836,12828,16787,-6,95,60.0,50.5,No,2400,2400,0,5453,125
14:12:33.676,active,15288,702,10764,16787,-5,95,60.6,48.1,No,2400,2400,0,5451,125
14:12:34.681,active,15286,796,12192,16787,-5,95,60.6,51.3,No,2400,2400,0,5457,125
14:12:35.676,active,15283,650,9992,16789,-6,95,59.5,51.8,No,2400,2400,0,5451,125
14:12:36.676,active,15359,480,6848,16789,-6,95,60.0,51.6,No,2400,2400,0,5440,125
14:12:37.676,active,15290,522,8064,16787,-8,95,60.6,52.0,No,2400,2400,0,5431,125
14:12:38.676,active,15305,790,12096,16787,-7,95,61.1,51.3,No,2400,2400,0,5440,125
14:12:39.676,active,15260,576,8816,16787,-7,95,61.1,48.5,No,2400,2400,0,5448,125
14:12:40.676,active,15290,716,10956,16787,-4,95,60.6,46.7,No,2400,2400,0,5461,125
14:12:41.676,active,15251,770,11768,16787,-5,95,61.1,46.2,No,2400,2400,0,5478,125
14:12:42.680,active,15256,628,9626,16787,-7,95,60.0,48.1,No,2400,2400,0,5452,125
14:12:43.676,active,15264,702,10764,16788,-7,95,60.0,47.9,No,2400,2400,0,5472,125
14:12:44.676,active,15260,772,11844,16788,0,95,59.5,49.5,No,2400,2400,0,5469,125
14:12:45.676,active,15296,626,12808,16788,-3,95,60.6,48.7,No,2400,2400,0,5458,125
14:12:46.676,sleep,15296,554,8488,16787,0,95,56.8,29.3,No,2400,2400,0,5480,125
14:12:47.676,sleep,15301,472,7252,16789,8,95,57.3,0.0,No,2400,2400,0,5510,125
14:12:48.676,sleep,15296,412,7408,16788,3,95,56.2,0.2,No,2400,2400,0,5508,125
14:12:49.676,sleep,15296,472,7234,16789,3,95,56.2,0.3,No,2400,2400,0,5514,125
14:12:50.676,sleep,15294,464,8584,16790,6,95,54.5,0.0,No,2400,2400,0,5509,125
14:12:51.676,sleep,15299,542,8314,16789,7,95,54.0,-0.0,No,1500,2400,0,3813,75
14:12:52.676,sleep,15299,346,6212,16790,10,95,52.9,-0.0,No,1500,2400,0,3429,75
14:12:53.676,sleep,15292,310,4764,16790,8,95,52.9,0.0,No,1500,2400,0,3365,75
14:12:54.676,sleep,15301,648,9934,16790,10,95,52.9,0.0,No,1500,2400,0,3354,75
14:12:55.676,sleep,15301,496,7620,16790,7,95,52.4,-0.0,No,1500,2400,0,3340,75
14:12:56.676,sleep,15299,538,8236,16791,7,95,52.4,0.0,No,1500,2400,0,3325,75
14:12:57.676,sleep,15294,488,5748,16789,5,95,51.8,0.0,No,1500,2400,0,3321,75
14:12:58.676,sleep,15299,454,6964,16790,3,95,51.2,-0.0,No,1500,2400,0,3320,75
14:12:59.676,sleep,15299,532,7234,16790,7,95,50.7,0.5,No,1500,2400,0,3319,75
14:13:00.676,sleep,15296,398,6114,16790,10,95,52.4,0.0,No,1500,2400,0,3313,75
14:13:01.679,active,15316,504,7736,16789,3,95,54.0,27.2,No,2400,2400,0,3297,75
14:13:02.678,active,15314,692,10628,16788,-10,95,55.1,46.8,No,2400,2400,0,3266,75
14:13:03.676,active,15294,448,6906,16788,-9,95,55.6,46.4,No,2400,2400,0,3265,75
14:13:04.676,active,15331,460,7080,16788,-6,95,55.6,49.5,No,2400,2400,0,3258,75
14:13:05.676,active,15253,764,11690,16788,-6,95,56.8,49.5,No,2400,2400,0,3252,75
14:13:06.676,active,15258,640,8718,16786,-12,95,57.3,48.9,No,2400,2400,0,3232,75
14:13:07.677,active,15260,808,12366,16786,-9,95,57.3,47.5,No,2400,2400,0,3232,75
14:13:08.676,active,15249,774,11844,16787,-8,95,57.9,48.8,No,2400,2400,0,3226,75
14:13:09.679,active,15260,790,12076,16788,0,95,58.4,48.4,No,2400,2400,0,3218,75
14:13:10.676,active,15260,744,11382,16788,0,95,57.9,48.1,No,2400,2400,0,3222,75
14:13:11.676,active,15262,874,12848,16787,0,95,57.3,49.2,No,2400,2400,0,3211,75
14:13:12.676,active,15281,784,11980,16788,0,95,58.4,48.6,No,2400,2400,0,3208,75
14:13:13.676,active,15283,716,11014,16788,-4,95,59.0,48.5,No,2400,2400,0,3204,75
14:13:14.676,active,15303,422,6462,16787,-7,95,59.5,47.2,No,2400,2400,0,3188,75
14:13:15.681,active,15322,532,8178,16787,-6,95,58.4,47.9,No,2400,2400,0,3194,75
14:13:16.681,active,15309,520,7060,16786,-7,95,58.4,47.5,No,2400,2400,0,3856,125
14:13:17.676,active,15311,458,7040,16787,-9,95,58.4,47.4,No,2400,2400,0,5217,125
14:13:18.676,active,15309,516,7716,16786,-8,95,59.0,48.4,No,2400,2400,0,5316,125
14:13:19.676,active,15301,498,7658,16787,-9,95,58.4,48.1,No,2400,2400,0,5305,125
14:13:20.676,active,15301,604,9278,16789,-7,95,59.5,47.5,No,2400,2400,0,5303,125
14:13:21.676,active,15299,492,7562,16789,-6,95,59.0,46.9,No,2400,2400,0,5318,125
14:13:22.681,active,15305,622,9510,16788,-7,95,59.5,47.4,No,2400,2400,0,5325,125
14:13:23.677,active,15318,726,7272,16789,-3,95,58.4,47.6,No,2400,2400,0,5316,125
14:13:24.676,active,15357,504,7774,16788,-5,95,58.4,48.4,No,2400,2400,0,5326,125
14:13:25.676,active,15320,570,8758,16788,-6,95,58.4,48.8,No,2400,2400,0,5327,125
14:13:26.676,active,15344,520,7986,16788,0,95,59.0,48.9,No,2400,2400,0,5346,125
14:13:27.676,active,15320,504,7754,16787,0,95,60.0,48.7,No,2400,2400,0,5351,125
14:13:28.676,active,15339,462,7870,16788,-3,95,59.5,48.2,No,2400,2400,0,5360,125
14:13:29.676,active,15337,516,7908,16787,-4,95,59.5,47.7,No,2400,2400,0,5368,125
14:13:30.680,active,15326,536,8276,16786,-4,95,59.0,48.1,No,2400,2400,0,5378,125
14:13:31.676,active,15324,500,7678,16789,-4,95,59.0,48.0,No,2400,2400,0,5364,125
14:13:32.676,active,15260,812,12442,16788,-3,95,58.4,49.1,No,2400,2400,0,5373,125
14:13:33.676,active,15262,790,12694,16787,-6,95,58.4,50.9,No,2400,2400,0,5394,125
14:13:34.676,active,15273,866,13252,16785,-10,95,59.5,46.5,No,2400,2400,0,5390,125
14:13:35.676,active,15275,794,13040,16786,-8,95,59.5,47.4,No,2400,2400,0,5391,125
14:13:36.676,active,15279,856,13118,16788,-6,95,59.5,50.3,No,2400,2400,0,5411,125
14:13:37.676,active,15273,842,14004,16788,-5,95,59.0,48.9,No,2400,2400,0,5400,125
14:13:38.676,active,15279,882,13504,16787,-5,95,59.0,49.5,No,2400,2400,0,5396,125
14:13:39.676,active,15277,712,10898,16787,-5,95,59.5,50.1,No,2400,2400,0,5423,125
14:13:40.678,active,15296,724,11112,16787,-3,95,60.0,48.2,No,2400,2400,0,5405,125
14:13:41.676,active,15305,504,7716,16786,-7,95,60.6,49.9,No,2400,2400,0,5408,125
14:13:42.676,active,15305,318,6944,16788,-8,95,60.0,49.5,No,2400,2400,0,5413,125
14:13:43.680,active,15301,498,7638,16787,-10,95,59.5,52.1,No,2400,2400,0,5413,125
14:13:44.677,active,15322,644,9876,16786,-14,95,59.5,51.4,No,2400,2400,0,5427,125
14:13:45.676,active,15305,538,8236,16786,-12,95,59.0,52.3,No,2400,2400,0,5434,125
14:13:46.676,active,15352,722,11072,16786,-7,95,60.6,53.3,No,2400,2400,0,5437,125
14:13:47.676,active,15309,538,11632,16786,-8,95,60.0,52.6,No,2400,2400,0,5441,125
14:13:48.676,active,15309,700,10706,16788,-5,95,59.5,50.9,No,2400,2400,0,5440,125
14:13:49.676,active,15307,656,11998,16787,-10,95,59.5,53.4,No,2400,2400,0,5439,125
14:13:50.676,active,15337,520,7986,16788,-7,95,59.0,47.1,No,2400,2400,0,5440,125
14:13:51.676,active,15326,428,6596,16786,-5,95,59.5,47.7,No,2400,2400,0,5432,125
14:13:52.676,active,15307,636,7476,16786,-5,95,60.0,48.5,No,2400,2400,0,5442,125
14:13:53.676,active,15286,536,8256,16787,-5,95,60.0,48.5,No,2400,2400,0,5453,125
14:13:54.676,active,15337,540,8604,16787,-6,95,60.6,49.1,No,2400,2400,0,5453,125
14:13:55.676,active,15352,448,6886,16787,-6,95,60.6,48.0,No,2400,2400,0,5462,125
14:13:56.676,active,15363,492,7792,16787,-3,95,60.0,48.6,No,2400,2400,0,5454,125
14:13:57.676,active,15316,452,6964,16787,-6,95,59.0,49.1,No,2400,2400,0,5445,125
14:13:58.679,active,15348,592,9104,16786,-7,95,59.0,46.4,No,2400,2400,0,5440,125
14:13:59.676,active,15301,586,12096,16787,-8,95,60.0,49.0,No,2400,2400,0,5456,125
14:14:00.676,active,15277,754,11536,16788,0,95,59.5,48.6,No,2400,2400,0,5456,125
14:14:01.676,sleep,15296,458,6866,16788,-4,95,57.3,31.1,No,2400,2400,0,5462,125
14:14:02.676,sleep,15292,470,7214,16789,9,95,56.2,-0.0,No,2400,2400,0,5501,125
14:14:03.676,sleep,15294,728,7948,16789,5,95,55.6,-0.0,No,2400,2400,0,5489,125
14:14:04.676,sleep,15299,506,7774,16789,10,95,55.1,0.0,No,2400,2400,0,5492,125
14:14:05.676,sleep,15299,522,8006,16790,12,95,54.5,0.0,No,2400,2400,0,5475,125
14:14:06.676,sleep,15296,526,8064,16790,10,95,55.6,0.0,No,1500,2400,0,5322,75
14:14:07.676,sleep,15290,390,5980,16790,12,95,52.9,-0.0,No,1500,2400,0,3642,75
14:14:08.676,sleep,15299,474,4128,16790,12,95,52.4,0.3,No,1500,2400,0,3387,75
14:14:09.676,sleep,15303,376,5768,16790,12,95,52.4,0.0,No,1500,2400,0,3345,75
14:14:10.676,sleep,15294,510,7812,16791,13,95,51.8,0.0,No,1500,2400,0,3334,75
14:14:11.676,sleep,15301,572,8758,16791,13,95,51.8,-0.0,No,1500,2400,0,3333,75
14:14:12.676,sleep,15294,438,6732,16790,11,95,51.2,0.3,No,1500,2400,0,3326,75
14:14:13.676,sleep,15296,604,6974,16790,11,95,51.2,0.0,No,1500,2400,0,3332,75
14:14:14.676,sleep,15301,462,7080,16790,11,95,51.2,0.0,No,1500,2400,0,3328,75
14:14:15.676,sleep,15301,518,7870,16792,16,95,50.7,-0.0,No,1500,2400,0,3319,75
14:14:16.680,active,15264,654,10030,16793,15,95,52.9,26.3,No,2400,2400,0,3299,75
14:14:17.680,active,15307,386,5940,16789,-4,95,55.6,48.7,No,2400,2400,0,3254,75
14:14:18.680,active,15337,474,7310,16788,-3,95,55.1,46.6,No,2400,2400,0,3241,75
14:14:19.676,active,15357,520,7986,16788,-4,95,55.6,48.2,No,2400,2400,0,3239,75
14:14:20.676,active,15329,506,7792,16788,0,95,56.8,50.4,No,2400,2400,0,3237,75
14:14:21.676,active,15322,516,7908,16788,0,95,57.3,49.3,No,2400,2400,0,3236,75
14:14:22.677,active,15316,504,7754,16789,0,95,58.4,50.0,No,2400,2400,0,3237,75
14:14:23.680,active,15350,464,7118,16790,0,95,58.4,48.1,No,2400,2400,0,3213,75
14:14:24.676,active,15309,502,6866,16788,-3,95,57.3,46.3,No,2400,2400,0,3228,75
14:14:25.681,active,15311,566,8700,16786,-7,95,57.9,49.2,No,2400,2400,0,3221,75
14:14:26.676,active,15268,788,12096,16787,0,95,57.3,47.1,No,2400,2400,0,3225,75
14:14:27.676,active,15281,782,11960,16788,0,95,58.4,47.1,No,2400,2400,0,3218,75
14:14:28.676,active,15279,818,12538,16789,3,95,58.4,47.6,No,2400,2400,0,3204,75
14:14:29.676,active,15281,750,12500,16788,0,95,58.4,48.5,No,2400,2400,0,3193,75
14:14:30.676,active,15288,794,12172,16788,0,95,59.5,47.9,No,2400,2400,0,3169,75
14:14:31.676,active,15283,778,9318,16788,0,95,59.0,48.4,No,2400,2400,0,3162,75
14:14:32.681,active,15314,642,9858,16788,0,95,58.4,47.2,No,2400,2400,0,3173,75
14:14:33.676,active,15288,892,7580,16787,-4,95,58.4,47.8,No,2400,2400,0,3173,75
14:14:34.676,active,15333,540,8294,16788,-4,95,59.0,48.8,No,2400,2400,0,3178,75
14:14:35.676,active,15307,638,9800,16790,0,95,59.0,49.3,No,2400,2400,0,4322,125
14:14:36.676,active,15264,486,11902,16788,-6,95,59.5,48.7,No,2400,2400,0,5221,125
14:14:37.676,active,15256,832,12732,16787,-5,95,58.4,47.8,No,2400,2400,0,5287,125
14:14:38.676,active,15281,592,13388,16787,-4,95,59.0,48.1,No,2400,2400,0,5297,125
14:14:39.681,active,15241,876,13388,16786,-5,95,59.0,48.3,No,2400,2400,0,5296,125
14:14:40.676,active,15253,862,13194,16788,0,95,58.4,47.8,No,2400,2400,0,5303,125
14:14:41.676,active,15238,800,12210,16788,0,95,58.4,48.8,No,2400,2400,0,5306,125
14:14:42.676,active,15230,908,13890,16788,0,95,59.5,48.7,No,2400,2400,0,5305,125
14:14:43.676,active,15273,890,13638,16787,0,95,60.0,52.6,No,2400,2400,0,5313,125
14:14:44.676,active,15311,540,8294,16787,0,95,59.5,44.9,No,2400,2400,0,5312,125
14:14:45.677,active,15322,320,6848,16787,-4,95,59.5,45.8,No,2400,2400,0,5329,125
14:14:46.676,active,15311,486,7466,16788,-3,95,59.5,48.9,No,2400,2400,0,5331,125
14:14:47.676,active,15324,546,8392,16788,0,95,59.5,48.4,No,2400,2400,0,5343,125
14:14:48.676,active,15314,528,8120,16787,-4,95,60.0,48.2,No,2400,2400,0,5356,125
14:14:49.676,active,15314,524,8044,16787,0,95,59.0,48.9,No,2400,2400,0,5357,125
14:14:50.676,active,15350,540,6502,16787,0,95,60.0,50.1,No,2400,2400,0,5368,125
14:14:51.676,active,15309,508,7792,16787,0,95,60.0,50.6,No,2400,2400,0,5365,125
14:14:52.677,active,15307,516,9490,16788,-3,95,60.0,51.6,No,2400,2400,0,5390,125
14:14:53.676,active,15292,608,9318,16788,0,95,59.5,51.4,No,2400,2400,0,5384,125
14:14:54.676,active,15283,744,11400,16788,0,95,60.0,52.9,No,2400,2400,0,5384,125
14:14:55.676,active,15288,950,10962,16787,0,95,60.0,52.4,No,2400,2400,0,5379,125
14:14:56.676,active,15279,876,13426,16788,-3,95,60.0,53.2,No,2400,2400,0,5388,125
14:14:57.681,active,15301,742,14738,16788,0,95,61.1,53.9,No,2400,2400,0,5387,125
14:14:58.676,active,15316,572,8796,16788,-3,95,60.6,53.3,No,2400,2400,0,5383,125
14:14:59.676,active,15292,856,14584,16788,-3,95,59.0,49.3,No,2400,2400,0,5394,125
14:15:00.676,active,15316,720,11072,16787,0,95,60.0,46.4,No,2400,2400,0,5406,125
14:15:01.676,active,15318,770,7426,16787,0,95,60.0,48.5,No,2400,2400,0,5415,125
14:15:02.676,active,15256,784,11980,16787,0,95,60.0,48.7,No,2400,2400,0,5424,125
14:15:03.677,active,15294,708,10860,16788,-3,95,60.6,49.0,No,2400,2400,0,5421,125
14:15:04.676,active,15273,714,10918,16788,-4,95,60.6,48.2,No,2400,2400,0,5418,125
14:15:05.676,active,15281,698,10686,16787,-5,95,60.6,48.5,No,2400,2400,0,5435,125
14:15:06.676,active,15275,690,12056,16787,-4,95,61.1,48.7,No,2400,2400,0,5432,125
14:15:07.679,active,15271,594,9104,16788,0,95,59.5,49.0,No,2400,2400,0,5434,125
14:15:08.676,active,15271,846,13908,16788,0,95,59.5,48.5,No,2400,2400,0,5438,125
14:15:09.676,active,15286,808,12384,16788,0,95,60.0,48.6,No,2400,2400,0,5450,125
14:15:10.676,active,15277,534,12308,16788,0,95,60.6,47.7,No,2400,2400,0,5452,125
14:15:11.676,active,15326,574,8816,16788,0,95,60.6,46.6,No,2400,2400,0,5450,125
14:15:12.676,active,15346,530,8140,16787,0,95,60.6,45.1,No,2400,2400,0,5445,125
14:15:13.676,active,15316,546,8776,16787,0,95,60.0,46.5,No,2400,2400,0,5452,125
14:15:14.678,active,15326,464,7118,16788,0,95,60.6,46.7,No,2400,2400,0,5458,125
14:15:15.676,active,15322,488,7792,16789,0,95,60.6,47.4,No,2400,2400,0,5462,125
14:15:16.676,sleep,15299,536,8218,16789,5,95,58.4,33.8,No,2400,2400,0,5482,125
14:15:17.676,sleep,15303,530,8294,16791,14,95,57.3,0.0,No,2400,2400,0,5491,125
14:15:18.676,sleep,15299,558,8564,16790,13,95,56.2,-0.0,No,2400,2400,0,5489,125
14:15:19.676,sleep,15305,484,7928,16790,13,95,55.6,0.0,No,2400,2400,0,5497,125
14:15:20.676,sleep,15301,498,6634,16792,13,95,55.6,0.0,No,2400,2400,0,5510,125
14:15:21.676,sleep,15290,452,6944,16791,12,95,55.6,0.0,No,1500,2400,0,5509,125
14:15:22.676,sleep,15296,336,6694,16793,17,95,53.5,0.0,No,1500,2400,0,4669,75
